ProductionKey,Date,MachineKey,ShiftKey,Planned Minutes,Run Minutes,Ideal Minutes,Units Produced,Units Good
1,2025-01-01,1,1,480.0,419.5,376.4,1882,1869
2,2025-01-01,1,2,480.0,367.8,325.6,1628,1609
3,2025-01-01,1,3,480.0,331.5,281.8,1409,1392
4,2025-01-01,2,1,480.0,445.1,398.2,1991,1952
5,2025-01-01,2,2,480.0,471.9,414.2,2071,2044
6,2025-01-01,2,3,480.0,371.0,323.4,1617,1591
7,2025-01-01,3,1,480.0,414.2,350.6,1558,1526
8,2025-01-01,3,2,480.0,314.9,262.1,1165,1138
9,2025-01-01,3,3,458.2,442.7,354.4,1575,1544
10,2025-01-01,4,1,480.0,480.0,427.3,2699,2675
11,2025-01-01,4,2,480.0,317.5,280.2,1770,1760
12,2025-01-01,4,3,480.0,480.0,429.4,2712,2665
13,2025-01-01,5,1,480.0,361.5,305.2,872,859
14,2025-01-01,5,2,480.0,423.2,365.8,1045,1022
15,2025-01-01,5,3,480.0,360.9,307.3,878,857
16,2025-01-01,6,1,480.0,467.4,395.9,1131,1099
17,2025-01-01,6,2,480.0,430.5,373.1,1066,1050
18,2025-01-01,6,3,480.0,376.0,305.9,874,858
19,2025-01-01,7,1,480.0,396.9,317.2,793,772
20,2025-01-01,7,2,480.0,397.3,327.6,819,796
21,2025-01-01,7,3,480.0,366.7,293.2,733,716
22,2025-01-01,8,1,480.0,391.0,328.1,856,838
23,2025-01-01,8,2,480.0,357.0,305.1,796,783
24,2025-01-01,8,3,480.0,267.8,217.0,566,559
25,2025-01-01,9,1,355.4,352.3,329.6,1041,1024
26,2025-01-01,9,2,480.0,461.7,427.8,1351,1331
27,2025-01-01,9,3,480.0,316.3,268.5,848,836
28,2025-01-01,10,1,480.0,437.4,376.8,1507,1485
29,2025-01-01,10,2,480.0,451.7,401.2,1605,1590
30,2025-01-01,10,3,480.0,403.5,343.8,1375,1359
31,2025-01-01,11,1,480.0,436.9,378.3,1297,1263
32,2025-01-01,11,2,480.0,446.7,379.2,1300,1265
33,2025-01-01,11,3,480.0,265.6,221.4,759,740
34,2025-01-01,12,1,480.0,449.0,373.1,1399,1391
35,2025-01-01,12,2,480.0,441.8,396.3,1486,1470
36,2025-01-01,12,3,480.0,416.7,373.3,1400,1380
37,2025-01-02,1,1,480.0,435.8,383.4,1917,1897
38,2025-01-02,1,2,480.0,480.0,440.8,2204,2188
39,2025-01-02,1,3,480.0,435.0,388.0,1940,1921
40,2025-01-02,2,1,480.0,438.5,399.4,1997,1972
41,2025-01-02,2,2,480.0,402.9,351.0,1755,1738
42,2025-01-02,2,3,480.0,467.1,395.2,1976,1953
43,2025-01-02,3,1,480.0,440.9,371.9,1653,1614
44,2025-01-02,3,2,480.0,341.7,277.2,1232,1200
45,2025-01-02,3,3,480.0,368.6,293.4,1304,1283
46,2025-01-02,4,1,480.0,452.7,407.2,2572,2547
47,2025-01-02,4,2,480.0,475.9,425.1,2685,2660
48,2025-01-02,4,3,480.0,463.0,391.7,2474,2460
49,2025-01-02,5,1,480.0,419.1,374.5,1070,1057
50,2025-01-02,5,2,480.0,406.9,345.8,988,966
51,2025-01-02,5,3,480.0,443.0,376.2,1075,1055
52,2025-01-02,6,1,480.0,370.6,296.8,848,832
53,2025-01-02,6,2,480.0,446.7,383.6,1096,1066
54,2025-01-02,6,3,441.3,361.3,292.2,835,817
55,2025-01-02,7,1,480.0,427.9,358.8,897,876
56,2025-01-02,7,2,480.0,334.0,272.0,680,663
57,2025-01-02,7,3,480.0,435.2,343.2,858,834
58,2025-01-02,8,1,480.0,387.6,326.6,852,839
59,2025-01-02,8,2,480.0,428.4,359.6,938,913
60,2025-01-02,8,3,480.0,307.2,246.1,642,626
61,2025-01-02,9,1,480.0,458.2,402.5,1271,1258
62,2025-01-02,9,2,480.0,448.0,407.9,1288,1269
63,2025-01-02,9,3,480.0,473.2,417.7,1319,1300
64,2025-01-02,10,1,480.0,237.5,204.0,816,801
65,2025-01-02,10,2,480.0,450.8,405.2,1621,1599
66,2025-01-02,10,3,480.0,261.0,218.0,872,854
67,2025-01-02,11,1,480.0,450.5,392.6,1346,1322
68,2025-01-02,11,2,480.0,454.8,395.5,1356,1330
69,2025-01-02,11,3,480.0,418.4,349.1,1197,1174
70,2025-01-02,12,1,480.0,405.9,350.4,1314,1299
71,2025-01-02,12,2,480.0,463.4,412.0,1545,1520
72,2025-01-02,12,3,480.0,377.4,339.2,1272,1248
73,2025-01-03,1,1,480.0,480.0,433.0,2165,2135
74,2025-01-03,1,2,480.0,475.4,422.2,2111,2080
75,2025-01-03,1,3,480.0,393.5,335.6,1678,1658
76,2025-01-03,2,1,480.0,451.7,404.6,2023,2006
77,2025-01-03,2,2,480.0,456.6,401.0,2005,1978
78,2025-01-03,2,3,480.0,332.8,293.6,1468,1446
79,2025-01-03,3,1,480.0,441.2,362.9,1613,1577
80,2025-01-03,3,2,480.0,309.4,261.0,1160,1130
81,2025-01-03,3,3,480.0,368.9,290.5,1291,1266
82,2025-01-03,4,1,480.0,464.9,423.1,2672,2661
83,2025-01-03,4,2,480.0,480.0,444.4,2807,2768
84,2025-01-03,4,3,480.0,426.8,381.1,2407,2375
85,2025-01-03,5,1,480.0,352.5,311.1,889,870
86,2025-01-03,5,2,480.0,443.1,385.4,1101,1071
87,2025-01-03,5,3,480.0,395.2,326.6,933,914
88,2025-01-03,6,1,480.0,411.5,351.1,1003,982
89,2025-01-03,6,2,480.0,477.3,408.4,1167,1144
90,2025-01-03,6,3,480.0,319.0,266.4,761,745
91,2025-01-03,7,1,480.0,411.4,320.8,802,779
92,2025-01-03,7,2,480.0,370.7,299.2,748,723
93,2025-01-03,7,3,480.0,378.3,300.0,750,730
94,2025-01-03,8,1,480.0,410.4,353.4,922,904
95,2025-01-03,8,2,480.0,434.9,365.3,953,928
96,2025-01-03,8,3,480.0,330.0,262.6,685,671
97,2025-01-03,9,1,480.0,472.3,431.6,1363,1335
98,2025-01-03,9,2,480.0,400.4,366.7,1158,1136
99,2025-01-03,9,3,480.0,466.1,406.6,1284,1266
100,2025-01-03,10,1,480.0,435.2,376.5,1506,1475
101,2025-01-03,10,2,480.0,449.0,381.5,1526,1496
102,2025-01-03,10,3,480.0,465.5,392.0,1568,1538
103,2025-01-03,11,1,480.0,403.6,352.3,1208,1176
104,2025-01-03,11,2,480.0,416.1,357.0,1224,1198
105,2025-01-03,11,3,480.0,426.2,346.8,1189,1167
106,2025-01-03,12,1,480.0,352.7,310.9,1166,1161
107,2025-01-03,12,2,480.0,461.4,392.0,1470,1460
108,2025-01-03,12,3,447.8,391.7,330.9,1241,1235
109,2025-01-04,1,1,480.0,456.0,404.4,2022,1996
110,2025-01-04,1,2,480.0,480.0,433.8,2169,2138
111,2025-01-04,1,3,480.0,452.1,389.6,1948,1915
112,2025-01-04,2,1,480.0,408.9,356.8,1784,1771
113,2025-01-04,2,2,480.0,403.2,361.4,1807,1770
114,2025-01-04,2,3,480.0,444.2,379.2,1896,1864
115,2025-01-04,3,1,480.0,447.7,375.1,1667,1634
116,2025-01-04,3,2,480.0,382.6,307.8,1368,1339
117,2025-01-04,3,3,480.0,410.3,324.9,1444,1418
118,2025-01-04,4,1,480.0,462.3,406.8,2569,2544
119,2025-01-04,4,2,480.0,464.9,420.4,2655,2621
120,2025-01-04,4,3,480.0,461.7,405.5,2561,2529
121,2025-01-04,5,1,480.0,429.1,365.4,1044,1024
122,2025-01-04,5,2,480.0,397.1,349.3,998,983
123,2025-01-04,5,3,480.0,374.3,314.6,899,883
124,2025-01-04,6,1,480.0,425.1,365.1,1043,1022
125,2025-01-04,6,2,480.0,331.2,275.1,786,774
126,2025-01-04,6,3,480.0,424.9,344.8,985,967
127,2025-01-04,7,1,480.0,355.9,299.6,749,726
128,2025-01-04,7,2,480.0,451.7,367.6,919,898
129,2025-01-04,7,3,480.0,448.5,357.6,894,873
130,2025-01-04,8,1,480.0,456.5,398.7,1040,1013
131,2025-01-04,8,2,480.0,362.2,306.7,800,786
132,2025-01-04,8,3,480.0,411.1,340.0,887,864
133,2025-01-04,9,1,480.0,445.0,402.2,1270,1254
134,2025-01-04,9,2,480.0,417.2,388.9,1228,1215
135,2025-01-04,9,3,480.0,403.8,343.3,1084,1077
136,2025-01-04,10,1,480.0,406.1,362.5,1450,1423
137,2025-01-04,10,2,480.0,449.2,390.5,1562,1541
138,2025-01-04,10,3,480.0,469.2,393.2,1573,1552
139,2025-01-04,11,1,480.0,417.8,348.0,1193,1166
140,2025-01-04,11,2,480.0,442.8,373.9,1282,1247
141,2025-01-04,11,3,480.0,330.4,260.5,893,867
142,2025-01-04,12,1,480.0,389.7,360.0,1350,1334
143,2025-01-04,12,2,480.0,466.6,395.2,1482,1463
144,2025-01-04,12,3,480.0,419.9,356.5,1337,1315
145,2025-01-05,1,1,480.0,361.0,327.2,1636,1629
146,2025-01-05,1,2,480.0,452.0,403.6,2018,1988
147,2025-01-05,1,3,480.0,418.4,371.4,1857,1842
148,2025-01-05,2,1,480.0,467.0,408.8,2044,2015
149,2025-01-05,2,2,480.0,436.5,388.6,1943,1920
150,2025-01-05,2,3,480.0,410.2,346.4,1732,1705
151,2025-01-05,3,1,480.0,391.5,328.1,1458,1427
152,2025-01-05,3,2,480.0,397.2,328.5,1460,1426
153,2025-01-05,3,3,480.0,363.3,298.4,1326,1294
154,2025-01-05,4,1,480.0,480.0,424.5,2681,2648
155,2025-01-05,4,2,480.0,377.9,341.7,2158,2127
156,2025-01-05,4,3,480.0,469.5,405.8,2563,2533
157,2025-01-05,5,1,480.0,430.7,374.1,1069,1047
158,2025-01-05,5,2,480.0,444.2,380.4,1087,1065
159,2025-01-05,5,3,480.0,421.2,343.4,981,963
160,2025-01-05,6,1,480.0,327.4,271.9,777,763
161,2025-01-05,6,2,480.0,363.3,303.1,866,858
162,2025-01-05,6,3,480.0,339.4,287.4,821,804
163,2025-01-05,7,1,480.0,322.7,264.4,661,641
164,2025-01-05,7,2,480.0,393.9,328.0,820,793
165,2025-01-05,7,3,480.0,367.1,294.4,736,719
166,2025-01-05,8,1,480.0,453.2,392.1,1023,1000
167,2025-01-05,8,2,480.0,383.4,333.1,869,852
168,2025-01-05,8,3,480.0,434.4,356.1,929,909
169,2025-01-05,9,1,480.0,425.1,388.6,1227,1207
170,2025-01-05,9,2,480.0,480.0,428.4,1353,1337
171,2025-01-05,9,3,480.0,403.3,349.6,1104,1094
172,2025-01-05,10,1,480.0,401.0,351.5,1406,1384
173,2025-01-05,10,2,480.0,468.6,403.2,1613,1587
174,2025-01-05,10,3,480.0,400.5,340.2,1361,1337
175,2025-01-05,11,1,480.0,272.2,231.3,793,775
176,2025-01-05,11,2,480.0,448.7,384.1,1317,1292
177,2025-01-05,11,3,434.6,259.8,214.1,734,714
178,2025-01-05,12,1,480.0,406.1,349.3,1310,1304
179,2025-01-05,12,2,480.0,428.8,374.4,1404,1385
180,2025-01-05,12,3,480.0,417.0,366.1,1373,1349
181,2025-01-06,1,1,480.0,469.3,424.4,2122,2102
182,2025-01-06,1,2,480.0,465.2,428.0,2140,2132
183,2025-01-06,1,3,480.0,451.6,399.8,1999,1974
184,2025-01-06,2,1,480.0,480.0,418.2,2091,2043
185,2025-01-06,2,2,480.0,434.8,381.2,1906,1885
186,2025-01-06,2,3,480.0,448.2,370.8,1854,1832
187,2025-01-06,3,1,480.0,447.6,386.1,1716,1685
188,2025-01-06,3,2,480.0,352.3,286.2,1272,1248
189,2025-01-06,3,3,480.0,341.5,272.0,1209,1192
190,2025-01-06,4,1,480.0,381.3,338.8,2140,2112
191,2025-01-06,4,2,480.0,445.2,399.2,2521,2513
192,2025-01-06,4,3,480.0,470.8,405.5,2561,2533
193,2025-01-06,5,1,480.0,352.3,311.1,889,871
194,2025-01-06,5,2,480.0,383.4,327.2,935,916
195,2025-01-06,5,3,480.0,324.3,274.8,785,769
196,2025-01-06,6,1,480.0,416.7,351.1,1003,982
197,2025-01-06,6,2,480.0,398.5,339.5,970,945
198,2025-01-06,6,3,480.0,463.3,377.3,1078,1057
199,2025-01-06,7,1,480.0,368.5,293.6,734,712
200,2025-01-06,7,2,480.0,425.0,350.0,875,852
201,2025-01-06,7,3,480.0,416.9,321.6,804,791
202,2025-01-06,8,1,480.0,450.5,387.6,1011,990
203,2025-01-06,8,2,480.0,407.1,343.9,897,879
204,2025-01-06,8,3,480.0,360.7,294.8,769,755
205,2025-01-06,9,1,480.0,405.2,360.7,1139,1126
206,2025-01-06,9,2,480.0,479.3,438.9,1386,1367
207,2025-01-06,9,3,480.0,454.8,400.6,1265,1251
208,2025-01-06,10,1,480.0,350.3,314.5,1258,1239
209,2025-01-06,10,2,480.0,455.5,393.8,1575,1554
210,2025-01-06,10,3,480.0,362.8,295.8,1183,1162
211,2025-01-06,11,1,480.0,419.7,353.5,1212,1187
212,2025-01-06,11,2,480.0,381.1,334.8,1148,1120
213,2025-01-06,11,3,480.0,409.1,337.2,1156,1134
214,2025-01-06,12,1,480.0,446.7,402.7,1510,1486
215,2025-01-06,12,2,480.0,379.9,341.3,1280,1268
216,2025-01-06,12,3,480.0,480.0,414.4,1554,1543
217,2025-01-07,1,1,480.0,409.1,357.0,1785,1777
218,2025-01-07,1,2,480.0,399.9,361.8,1809,1789
219,2025-01-07,1,3,480.0,456.5,390.0,1950,1923
220,2025-01-07,2,1,480.0,449.7,398.2,1991,1969
221,2025-01-07,2,2,480.0,480.0,416.0,2080,2054
222,2025-01-07,2,3,480.0,480.0,408.2,2041,2016
223,2025-01-07,3,1,480.0,260.5,218.9,973,950
224,2025-01-07,3,2,480.0,265.1,228.8,1017,993
225,2025-01-07,3,3,480.0,391.8,308.7,1372,1346
226,2025-01-07,4,1,480.0,329.0,297.8,1881,1859
227,2025-01-07,4,2,480.0,453.8,409.6,2587,2570
228,2025-01-07,4,3,480.0,445.3,386.0,2438,2407
229,2025-01-07,5,1,480.0,401.2,347.2,992,974
230,2025-01-07,5,2,480.0,467.9,399.0,1140,1125
231,2025-01-07,5,3,480.0,412.4,345.4,987,966
232,2025-01-07,6,1,480.0,387.8,327.6,936,916
233,2025-01-07,6,2,480.0,406.6,351.1,1003,984
234,2025-01-07,6,3,480.0,353.5,292.2,835,822
235,2025-01-07,7,1,480.0,320.2,259.6,649,638
236,2025-01-07,7,2,480.0,370.1,303.2,758,740
237,2025-01-07,7,3,480.0,333.3,268.4,671,657
238,2025-01-07,8,1,480.0,363.1,306.7,800,787
239,2025-01-07,8,2,480.0,456.3,386.8,1009,994
240,2025-01-07,8,3,480.0,419.0,337.7,881,874
241,2025-01-07,9,1,480.0,459.9,418.9,1323,1312
242,2025-01-07,9,2,480.0,472.1,422.1,1333,1319
243,2025-01-07,9,3,480.0,437.3,378.4,1195,1178
244,2025-01-07,10,1,480.0,410.4,354.5,1418,1404
245,2025-01-07,10,2,480.0,295.8,268.5,1074,1060
246,2025-01-07,10,3,480.0,392.3,332.0,1328,1299
247,2025-01-07,11,1,480.0,329.3,296.9,1018,996
248,2025-01-07,11,2,480.0,381.6,321.7,1103,1074
249,2025-01-07,11,3,439.8,125.1,103.2,354,345
250,2025-01-07,12,1,480.0,480.0,446.9,1676,1647
251,2025-01-07,12,2,480.0,403.8,353.1,1324,1310
252,2025-01-07,12,3,480.0,480.0,393.1,1474,1457
253,2025-01-08,1,1,480.0,391.6,351.2,1756,1747
254,2025-01-08,1,2,480.0,451.7,398.0,1990,1966
255,2025-01-08,1,3,480.0,445.8,383.4,1917,1896
256,2025-01-08,2,1,480.0,420.0,362.0,1810,1786
257,2025-01-08,2,2,480.0,422.6,362.2,1811,1791
258,2025-01-08,2,3,480.0,449.8,380.2,1901,1885
259,2025-01-08,3,1,480.0,313.1,266.4,1184,1165
260,2025-01-08,3,2,480.0,423.2,343.8,1528,1496
261,2025-01-08,3,3,480.0,405.6,322.9,1435,1412
262,2025-01-08,4,1,480.0,469.2,415.6,2625,2601
263,2025-01-08,4,2,480.0,459.9,416.3,2629,2599
264,2025-01-08,4,3,480.0,415.3,365.4,2308,2285
265,2025-01-08,5,1,480.0,480.0,406.4,1161,1145
266,2025-01-08,5,2,480.0,455.9,392.4,1121,1099
267,2025-01-08,5,3,480.0,384.5,313.6,896,880
268,2025-01-08,6,1,480.0,412.1,352.4,1007,987
269,2025-01-08,6,2,480.0,463.1,397.2,1135,1108
270,2025-01-08,6,3,480.0,431.3,364.7,1042,1018
271,2025-01-08,7,1,480.0,352.8,288.8,722,708
272,2025-01-08,7,2,480.0,321.1,265.6,664,647
273,2025-01-08,7,3,480.0,249.1,199.6,499,486
274,2025-01-08,8,1,480.0,365.3,311.3,812,794
275,2025-01-08,8,2,480.0,364.3,321.2,838,821
276,2025-01-08,8,3,480.0,440.1,366.5,956,935
277,2025-01-08,9,1,480.0,442.4,396.1,1251,1239
278,2025-01-08,9,2,480.0,400.5,357.8,1130,1119
279,2025-01-08,9,3,480.0,479.2,419.6,1325,1303
280,2025-01-08,10,1,480.0,480.0,429.2,1717,1687
281,2025-01-08,10,2,480.0,420.2,363.5,1454,1440
282,2025-01-08,10,3,480.0,415.3,345.2,1381,1354
283,2025-01-08,11,1,480.0,419.4,353.8,1213,1185
284,2025-01-08,11,2,480.0,393.1,338.6,1161,1140
285,2025-01-08,11,3,480.0,323.2,270.1,926,907
286,2025-01-08,12,1,480.0,404.2,349.6,1311,1297
287,2025-01-08,12,2,480.0,474.1,421.9,1582,1555
288,2025-01-08,12,3,480.0,365.1,301.9,1132,1124
289,2025-01-09,1,1,480.0,473.3,418.2,2091,2066
290,2025-01-09,1,2,480.0,442.2,396.4,1982,1964
291,2025-01-09,1,3,480.0,480.0,416.2,2081,2054
292,2025-01-09,2,1,480.0,399.7,345.8,1729,1697
293,2025-01-09,2,2,480.0,450.4,391.0,1955,1924
294,2025-01-09,2,3,480.0,430.0,375.4,1877,1855
295,2025-01-09,3,1,480.0,416.7,350.3,1557,1524
296,2025-01-09,3,2,480.0,347.2,285.3,1268,1243
297,2025-01-09,3,3,480.0,396.5,321.1,1427,1399
298,2025-01-09,4,1,480.0,462.7,427.0,2697,2694
299,2025-01-09,4,2,480.0,470.4,425.0,2684,2658
300,2025-01-09,4,3,452.8,357.2,310.2,1959,1945
301,2025-01-09,5,1,480.0,419.5,365.8,1045,1030
302,2025-01-09,5,2,480.0,480.0,404.9,1157,1143
303,2025-01-09,5,3,480.0,440.7,375.2,1072,1052
304,2025-01-09,6,1,480.0,382.2,327.9,937,914
305,2025-01-09,6,2,480.0,388.3,316.4,904,888
306,2025-01-09,6,3,480.0,433.7,364.4,1041,1025
307,2025-01-09,7,1,480.0,404.6,333.2,833,817
308,2025-01-09,7,2,480.0,368.3,303.6,759,742
309,2025-01-09,7,3,480.0,346.0,284.4,711,693
310,2025-01-09,8,1,480.0,371.8,322.8,842,826
311,2025-01-09,8,2,480.0,433.9,374.1,976,953
312,2025-01-09,8,3,480.0,347.6,286.0,746,733
313,2025-01-09,9,1,480.0,458.1,406.0,1282,1267
314,2025-01-09,9,2,480.0,405.6,359.1,1134,1121
315,2025-01-09,9,3,454.5,454.5,400.3,1264,1250
316,2025-01-09,10,1,480.0,380.6,335.2,1341,1315
317,2025-01-09,10,2,480.0,464.0,416.2,1665,1640
318,2025-01-09,10,3,480.0,456.2,386.0,1544,1531
319,2025-01-09,11,1,480.0,379.2,331.0,1135,1110
320,2025-01-09,11,2,480.0,450.0,390.2,1338,1305
321,2025-01-09,11,3,480.0,250.0,205.3,704,691
322,2025-01-09,12,1,480.0,437.9,383.5,1438,1420
323,2025-01-09,12,2,480.0,455.6,397.1,1489,1462
324,2025-01-09,12,3,480.0,474.7,397.9,1492,1478
325,2025-01-10,1,1,272.8,180.8,162.4,812,801
326,2025-01-10,1,2,480.0,408.3,345.2,1726,1702
327,2025-01-10,1,3,480.0,347.4,305.6,1528,1508
328,2025-01-10,2,1,480.0,463.5,402.8,2014,1973
329,2025-01-10,2,2,480.0,373.6,326.8,1634,1600
330,2025-01-10,2,3,480.0,453.1,387.0,1935,1911
331,2025-01-10,3,1,480.0,452.9,381.6,1696,1668
332,2025-01-10,3,2,480.0,398.5,339.8,1510,1475
333,2025-01-10,3,3,480.0,378.8,313.4,1393,1363
334,2025-01-10,4,1,480.0,480.0,427.0,2697,2649
335,2025-01-10,4,2,480.0,444.9,406.3,2566,2547
336,2025-01-10,4,3,480.0,465.1,405.0,2558,2512
337,2025-01-10,5,1,480.0,470.6,392.0,1120,1093
338,2025-01-10,5,2,480.0,443.4,378.7,1082,1063
339,2025-01-10,5,3,444.8,363.8,310.4,887,872
340,2025-01-10,6,1,480.0,460.1,384.6,1099,1078
341,2025-01-10,6,2,480.0,280.5,240.4,687,670
342,2025-01-10,6,3,480.0,361.6,303.8,868,846
343,2025-01-10,7,1,480.0,440.5,354.0,885,858
344,2025-01-10,7,2,480.0,441.7,366.8,917,886
345,2025-01-10,7,3,480.0,351.9,280.0,700,680
346,2025-01-10,8,1,480.0,399.1,346.9,905,883
347,2025-01-10,8,2,480.0,385.8,329.3,859,838
348,2025-01-10,8,3,480.0,394.5,334.3,872,844
349,2025-01-10,9,1,480.0,398.9,363.2,1147,1129
350,2025-01-10,9,2,480.0,465.9,437.0,1380,1367
351,2025-01-10,9,3,480.0,480.0,393.3,1242,1225
352,2025-01-10,10,1,480.0,465.7,399.8,1599,1587
353,2025-01-10,10,2,480.0,470.6,398.2,1593,1560
354,2025-01-10,10,3,480.0,373.8,319.0,1276,1259
355,2025-01-10,11,1,480.0,417.9,355.5,1219,1184
356,2025-01-10,11,2,480.0,439.6,373.0,1279,1251
357,2025-01-10,11,3,480.0,392.6,336.9,1155,1133
358,2025-01-10,12,1,480.0,468.5,405.1,1519,1499
359,2025-01-10,12,2,480.0,480.0,419.7,1574,1556
360,2025-01-10,12,3,480.0,412.6,354.9,1331,1313
361,2025-01-11,1,1,480.0,462.7,421.8,2109,2091
362,2025-01-11,1,2,480.0,380.8,344.8,1724,1706
363,2025-01-11,1,3,480.0,414.0,360.4,1802,1792
364,2025-01-11,2,1,480.0,430.7,372.4,1862,1845
365,2025-01-11,2,2,480.0,236.5,208.2,1041,1029
366,2025-01-11,2,3,480.0,454.0,377.6,1888,1852
367,2025-01-11,3,1,480.0,457.0,372.4,1655,1620
368,2025-01-11,3,2,480.0,416.1,343.8,1528,1492
369,2025-01-11,3,3,480.0,383.9,298.8,1328,1298
370,2025-01-11,4,1,480.0,480.0,432.7,2733,2688
371,2025-01-11,4,2,480.0,462.9,424.8,2683,2658
372,2025-01-11,4,3,480.0,367.1,324.9,2052,2032
373,2025-01-11,5,1,480.0,370.7,323.1,923,903
374,2025-01-11,5,2,480.0,333.3,297.1,849,829
375,2025-01-11,5,3,480.0,413.1,345.4,987,974
376,2025-01-11,6,1,480.0,445.0,371.7,1062,1037
377,2025-01-11,6,2,480.0,428.4,378.4,1081,1065
378,2025-01-11,6,3,480.0,292.5,238.7,682,662
379,2025-01-11,7,1,480.0,385.4,316.0,790,769
380,2025-01-11,7,2,480.0,421.5,347.2,868,839
381,2025-01-11,7,3,480.0,278.3,224.0,560,545
382,2025-01-11,8,1,480.0,399.9,345.0,900,879
383,2025-01-11,8,2,480.0,410.4,354.2,924,902
384,2025-01-11,8,3,480.0,397.4,327.0,853,837
385,2025-01-11,9,1,480.0,450.3,403.4,1274,1263
386,2025-01-11,9,2,480.0,441.3,390.4,1233,1208
387,2025-01-11,9,3,480.0,459.5,402.8,1272,1254
388,2025-01-11,10,1,480.0,335.9,307.0,1228,1215
389,2025-01-11,10,2,480.0,444.1,387.8,1551,1524
390,2025-01-11,10,3,480.0,372.0,308.2,1233,1215
391,2025-01-11,11,1,480.0,435.1,365.5,1253,1222
392,2025-01-11,11,2,480.0,453.9,382.4,1311,1278
393,2025-01-11,11,3,480.0,421.2,346.5,1188,1165
394,2025-01-11,12,1,480.0,444.8,391.7,1469,1441
395,2025-01-11,12,2,480.0,467.1,420.3,1576,1556
396,2025-01-11,12,3,480.0,447.8,377.9,1417,1404
397,2025-01-12,1,1,480.0,456.1,406.8,2034,2022
398,2025-01-12,1,2,480.0,349.7,306.4,1532,1518
399,2025-01-12,1,3,480.0,415.9,362.0,1810,1786
400,2025-01-12,2,1,480.0,431.9,373.6,1868,1832
401,2025-01-12,2,2,480.0,395.8,335.8,1679,1648
402,2025-01-12,2,3,480.0,375.3,319.8,1599,1589
403,2025-01-12,3,1,480.0,347.3,294.8,1310,1287
404,2025-01-12,3,2,480.0,422.4,352.1,1565,1531
405,2025-01-12,3,3,480.0,309.7,246.4,1095,1067
406,2025-01-12,4,1,480.0,421.3,370.0,2337,2303
407,2025-01-12,4,2,480.0,452.7,406.8,2569,2531
408,2025-01-12,4,3,480.0,376.2,329.8,2083,2059
409,2025-01-12,5,1,480.0,415.0,353.9,1011,989
410,2025-01-12,5,2,480.0,473.2,418.6,1196,1172
411,2025-01-12,5,3,480.0,439.1,366.1,1046,1026
412,2025-01-12,6,1,480.0,451.1,398.3,1138,1115
413,2025-01-12,6,2,480.0,419.1,363.3,1038,1024
414,2025-01-12,6,3,480.0,460.6,380.4,1087,1063
415,2025-01-12,7,1,480.0,323.8,266.8,667,651
416,2025-01-12,7,2,480.0,394.4,328.8,822,802
417,2025-01-12,7,3,480.0,278.5,214.4,536,522
418,2025-01-12,8,1,480.0,410.4,344.2,898,884
419,2025-01-12,8,2,480.0,368.4,310.9,811,798
420,2025-01-12,8,3,480.0,420.1,337.7,881,866
421,2025-01-12,9,1,480.0,474.3,425.9,1345,1330
422,2025-01-12,9,2,480.0,449.3,392.7,1240,1216
423,2025-01-12,9,3,480.0,366.7,307.2,970,960
424,2025-01-12,10,1,480.0,437.2,379.0,1516,1474
425,2025-01-12,10,2,480.0,414.3,351.5,1406,1375
426,2025-01-12,10,3,480.0,235.1,194.5,778,765
427,2025-01-12,11,1,480.0,386.8,334.5,1147,1127
428,2025-01-12,11,2,480.0,431.4,371.0,1272,1244
429,2025-01-12,11,3,446.9,160.4,131.0,449,437
430,2025-01-12,12,1,480.0,388.4,344.3,1291,1276
431,2025-01-12,12,2,480.0,450.5,398.9,1496,1463
432,2025-01-12,12,3,480.0,365.0,318.4,1194,1172
433,2025-01-13,1,1,480.0,427.3,369.6,1848,1828
434,2025-01-13,1,2,480.0,368.9,324.0,1620,1589
435,2025-01-13,1,3,480.0,392.7,338.0,1690,1680
436,2025-01-13,2,1,480.0,372.3,333.0,1665,1637
437,2025-01-13,2,2,480.0,382.3,324.4,1622,1598
438,2025-01-13,2,3,480.0,435.3,365.0,1825,1808
439,2025-01-13,3,1,480.0,345.7,285.5,1269,1235
440,2025-01-13,3,2,480.0,381.7,315.7,1403,1374
441,2025-01-13,3,3,457.1,288.7,230.2,1023,1002
442,2025-01-13,4,1,480.0,480.0,444.0,2804,2788
443,2025-01-13,4,2,480.0,382.6,361.6,2284,2261
444,2025-01-13,4,3,480.0,383.8,336.8,2127,2112
445,2025-01-13,5,1,480.0,455.4,400.4,1144,1122
446,2025-01-13,5,2,480.0,480.0,412.3,1178,1155
447,2025-01-13,5,3,480.0,432.1,361.6,1033,1014
448,2025-01-13,6,1,480.0,453.9,381.9,1091,1069
449,2025-01-13,6,2,480.0,415.5,339.9,971,950
450,2025-01-13,6,3,480.0,436.8,364.7,1042,1020
451,2025-01-13,7,1,480.0,347.7,280.0,700,681
452,2025-01-13,7,2,480.0,456.3,378.8,947,920
453,2025-01-13,7,3,480.0,367.6,291.2,728,716
454,2025-01-13,8,1,480.0,480.0,404.4,1055,1036
455,2025-01-13,8,2,480.0,389.2,328.5,857,839
456,2025-01-13,8,3,480.0,413.2,338.9,884,872
457,2025-01-13,9,1,480.0,422.4,374.9,1184,1166
458,2025-01-13,9,2,480.0,428.3,382.2,1207,1190
459,2025-01-13,9,3,480.0,446.0,387.6,1224,1211
460,2025-01-13,10,1,480.0,423.1,364.8,1459,1438
461,2025-01-13,10,2,480.0,451.8,388.5,1554,1524
462,2025-01-13,10,3,480.0,465.6,393.0,1572,1528
463,2025-01-13,11,1,480.0,407.6,335.4,1150,1119
464,2025-01-13,11,2,480.0,440.0,374.2,1283,1253
465,2025-01-13,11,3,480.0,336.8,280.6,962,937
466,2025-01-13,12,1,480.0,456.4,401.9,1507,1486
467,2025-01-13,12,2,480.0,467.2,415.2,1557,1544
468,2025-01-13,12,3,480.0,418.0,357.1,1339,1313
469,2025-01-14,1,1,480.0,424.3,385.2,1926,1902
470,2025-01-14,1,2,480.0,470.6,425.0,2125,2095
471,2025-01-14,1,3,480.0,406.1,357.0,1785,1777
472,2025-01-14,2,1,480.0,410.3,354.4,1772,1755
473,2025-01-14,2,2,480.0,337.9,296.6,1483,1464
474,2025-01-14,2,3,438.9,358.3,312.0,1560,1533
475,2025-01-14,3,1,480.0,366.0,298.6,1327,1309
476,2025-01-14,3,2,480.0,393.9,331.4,1473,1445
477,2025-01-14,3,3,480.0,283.0,228.2,1014,991
478,2025-01-14,4,1,480.0,480.0,439.4,2775,2742
479,2025-01-14,4,2,480.0,430.6,391.1,2470,2447
480,2025-01-14,4,3,480.0,395.4,344.1,2173,2159
481,2025-01-14,5,1,480.0,423.0,368.9,1054,1036
482,2025-01-14,5,2,480.0,367.1,310.1,886,871
483,2025-01-14,5,3,480.0,324.6,264.9,757,742
484,2025-01-14,6,1,480.0,436.6,377.6,1079,1062
485,2025-01-14,6,2,480.0,355.0,294.0,840,824
486,2025-01-14,6,3,480.0,457.7,381.5,1090,1071
487,2025-01-14,7,1,480.0,424.9,354.4,886,861
488,2025-01-14,7,2,480.0,314.2,257.2,643,626
489,2025-01-14,7,3,480.0,403.1,321.6,804,780
490,2025-01-14,8,1,480.0,391.1,330.8,863,844
491,2025-01-14,8,2,480.0,437.0,367.6,959,935
492,2025-01-14,8,3,480.0,389.3,315.1,822,806
493,2025-01-14,9,1,480.0,419.7,373.0,1178,1156
494,2025-01-14,9,2,480.0,480.0,425.0,1342,1321
495,2025-01-14,9,3,480.0,422.4,358.5,1132,1115
496,2025-01-14,10,1,480.0,453.6,395.2,1581,1541
497,2025-01-14,10,2,480.0,415.2,363.0,1452,1430
498,2025-01-14,10,3,480.0,452.9,384.5,1538,1509
499,2025-01-14,11,1,480.0,469.3,401.3,1376,1345
500,2025-01-14,11,2,480.0,375.0,323.2,1108,1088
501,2025-01-14,11,3,480.0,400.9,338.0,1159,1134
502,2025-01-14,12,1,480.0,417.6,372.0,1395,1366
503,2025-01-14,12,2,480.0,405.2,354.1,1328,1315
504,2025-01-14,12,3,480.0,451.6,389.9,1462,1435
505,2025-01-15,1,1,480.0,452.4,391.2,1956,1909
506,2025-01-15,1,2,480.0,480.0,417.0,2085,2059
507,2025-01-15,1,3,456.3,405.1,350.2,1751,1721
508,2025-01-15,2,1,480.0,449.8,408.2,2041,2001
509,2025-01-15,2,2,480.0,480.0,423.4,2117,2103
510,2025-01-15,2,3,480.0,463.7,385.0,1925,1891
511,2025-01-15,3,1,480.0,405.9,328.9,1462,1434
512,2025-01-15,3,2,480.0,429.4,362.2,1610,1580
513,2025-01-15,3,3,480.0,284.1,233.3,1037,1017
514,2025-01-15,4,1,480.0,452.5,407.9,2576,2553
515,2025-01-15,4,2,480.0,475.0,439.9,2778,2760
516,2025-01-15,4,3,480.0,459.6,406.0,2564,2538
517,2025-01-15,5,1,480.0,361.1,313.6,896,883
518,2025-01-15,5,2,480.0,360.7,309.8,885,873
519,2025-01-15,5,3,480.0,399.3,332.1,949,928
520,2025-01-15,6,1,480.0,431.4,374.9,1071,1051
521,2025-01-15,6,2,480.0,382.1,322.0,920,900
522,2025-01-15,6,3,480.0,324.0,270.6,773,759
523,2025-01-15,7,1,480.0,409.4,328.4,821,804
524,2025-01-15,7,2,480.0,463.5,377.2,943,916
525,2025-01-15,7,3,480.0,352.8,278.4,696,677
526,2025-01-15,8,1,333.5,270.0,229.6,599,590
527,2025-01-15,8,2,480.0,429.8,357.3,932,917
528,2025-01-15,8,3,480.0,338.0,286.0,746,728
529,2025-01-15,9,1,480.0,427.8,393.6,1243,1224
530,2025-01-15,9,2,480.0,469.9,418.0,1320,1307
531,2025-01-15,9,3,480.0,349.3,305.3,964,954
532,2025-01-15,10,1,480.0,475.5,417.5,1670,1638
533,2025-01-15,10,2,480.0,471.9,411.8,1647,1611
534,2025-01-15,10,3,480.0,384.2,336.0,1344,1323
535,2025-01-15,11,1,480.0,365.4,301.3,1033,1012
536,2025-01-15,11,2,480.0,473.8,413.0,1416,1375
537,2025-01-15,11,3,480.0,225.4,187.0,641,628
538,2025-01-15,12,1,480.0,410.4,354.4,1329,1306
539,2025-01-15,12,2,480.0,345.5,308.3,1156,1141
540,2025-01-15,12,3,443.9,429.3,362.7,1360,1340
541,2025-01-16,1,1,480.0,455.9,405.0,2025,2002
542,2025-01-16,1,2,480.0,468.3,416.6,2083,2061
543,2025-01-16,1,3,480.0,457.5,382.6,1913,1885
544,2025-01-16,2,1,480.0,466.6,427.0,2135,2110
545,2025-01-16,2,2,480.0,440.6,392.2,1961,1935
546,2025-01-16,2,3,480.0,438.8,371.2,1856,1820
547,2025-01-16,3,1,480.0,349.9,290.7,1292,1265
548,2025-01-16,3,2,480.0,451.8,376.9,1675,1633
549,2025-01-16,3,3,480.0,322.4,259.4,1153,1122
550,2025-01-16,4,1,480.0,446.0,398.5,2517,2480
551,2025-01-16,4,2,480.0,442.3,410.6,2593,2563
552,2025-01-16,4,3,480.0,433.4,390.6,2467,2456
553,2025-01-16,5,1,480.0,420.8,367.9,1051,1030
554,2025-01-16,5,2,480.0,354.5,316.1,903,890
555,2025-01-16,5,3,447.4,408.1,335.3,958,944
556,2025-01-16,6,1,480.0,315.6,265.3,758,740
557,2025-01-16,6,2,480.0,393.0,333.2,952,932
558,2025-01-16,6,3,436.3,385.2,322.4,921,910
559,2025-01-16,7,1,480.0,442.1,362.4,906,883
560,2025-01-16,7,2,480.0,295.5,228.4,571,554
561,2025-01-16,7,3,480.0,350.7,278.8,697,677
562,2025-01-16,8,1,480.0,405.7,336.6,878,856
563,2025-01-16,8,2,480.0,438.6,382.6,998,981
564,2025-01-16,8,3,480.0,406.7,322.0,840,824
565,2025-01-16,9,1,480.0,473.0,432.6,1366,1344
566,2025-01-16,9,2,480.0,480.0,434.5,1372,1350
567,2025-01-16,9,3,480.0,439.2,380.3,1201,1187
568,2025-01-16,10,1,480.0,442.7,392.8,1571,1548
569,2025-01-16,10,2,480.0,452.4,398.8,1595,1576
570,2025-01-16,10,3,480.0,341.4,295.8,1183,1160
571,2025-01-16,11,1,480.0,385.7,326.1,1118,1090
572,2025-01-16,11,2,480.0,461.4,388.8,1333,1302
573,2025-01-16,11,3,480.0,459.7,378.6,1298,1270
574,2025-01-16,12,1,480.0,458.5,394.1,1478,1461
575,2025-01-16,12,2,480.0,450.1,408.0,1530,1517
576,2025-01-16,12,3,480.0,442.4,377.9,1417,1394
577,2025-01-17,1,1,480.0,304.3,274.6,1373,1362
578,2025-01-17,1,2,480.0,429.3,385.6,1928,1904
579,2025-01-17,1,3,480.0,425.3,368.2,1841,1828
580,2025-01-17,2,1,480.0,454.0,385.6,1928,1899
581,2025-01-17,2,2,480.0,404.9,350.2,1751,1720
582,2025-01-17,2,3,480.0,394.6,332.4,1662,1640
583,2025-01-17,3,1,480.0,437.2,371.9,1653,1621
584,2025-01-17,3,2,480.0,267.6,220.1,978,955
585,2025-01-17,3,3,480.0,410.7,324.4,1442,1410
586,2025-01-17,4,1,480.0,444.0,406.0,2564,2540
587,2025-01-17,4,2,480.0,477.0,434.1,2742,2720
588,2025-01-17,4,3,480.0,423.2,383.6,2423,2386
589,2025-01-17,5,1,480.0,467.2,406.4,1161,1146
590,2025-01-17,5,2,480.0,470.5,401.1,1146,1129
591,2025-01-17,5,3,480.0,385.4,323.1,923,908
592,2025-01-17,6,1,480.0,418.3,359.4,1027,1005
593,2025-01-17,6,2,480.0,474.7,409.5,1170,1145
594,2025-01-17,6,3,480.0,404.3,337.4,964,951
595,2025-01-17,7,1,480.0,412.2,333.2,833,811
596,2025-01-17,7,2,480.0,410.6,334.0,835,816
597,2025-01-17,7,3,480.0,364.0,292.8,732,711
598,2025-01-17,8,1,480.0,309.5,254.9,665,653
599,2025-01-17,8,2,480.0,469.1,396.0,1033,1017
600,2025-01-17,8,3,480.0,279.2,233.4,609,597
601,2025-01-17,9,1,480.0,455.0,411.4,1299,1277
602,2025-01-17,9,2,480.0,465.8,403.4,1274,1255
603,2025-01-17,9,3,480.0,415.8,369.2,1166,1143
604,2025-01-17,10,1,480.0,407.7,346.8,1387,1360
605,2025-01-17,10,2,480.0,384.6,335.0,1340,1313
606,2025-01-17,10,3,480.0,414.7,350.5,1402,1377
607,2025-01-17,11,1,480.0,350.7,302.5,1037,1014
608,2025-01-17,11,2,480.0,401.6,329.9,1131,1110
609,2025-01-17,11,3,480.0,363.0,295.5,1013,985
610,2025-01-17,12,1,480.0,379.9,325.6,1221,1204
611,2025-01-17,12,2,480.0,459.0,402.7,1510,1483
612,2025-01-17,12,3,480.0,434.7,368.0,1380,1354
613,2025-01-18,1,1,480.0,466.7,428.2,2141,2123
614,2025-01-18,1,2,480.0,480.0,426.0,2130,2103
615,2025-01-18,1,3,480.0,444.8,387.6,1938,1908
616,2025-01-18,2,1,480.0,461.7,399.0,1995,1963
617,2025-01-18,2,2,480.0,375.9,333.2,1666,1644
618,2025-01-18,2,3,480.0,407.9,356.2,1781,1752
619,2025-01-18,3,1,480.0,403.9,347.6,1545,1501
620,2025-01-18,3,2,480.0,322.2,261.4,1162,1131
621,2025-01-18,3,3,480.0,313.3,253.8,1128,1105
622,2025-01-18,4,1,480.0,416.2,382.2,2414,2386
623,2025-01-18,4,2,480.0,469.0,433.2,2736,2690
624,2025-01-18,4,3,480.0,456.5,412.9,2608,2584
625,2025-01-18,5,1,480.0,403.7,362.6,1036,1015
626,2025-01-18,5,2,480.0,470.8,412.3,1178,1154
627,2025-01-18,5,3,480.0,263.6,221.2,632,620
628,2025-01-18,6,1,480.0,312.1,267.1,763,747
629,2025-01-18,6,2,480.0,480.0,402.5,1150,1130
630,2025-01-18,6,3,480.0,395.5,326.9,934,913
631,2025-01-18,7,1,480.0,405.3,337.6,844,823
632,2025-01-18,7,2,480.0,344.8,281.6,704,684
633,2025-01-18,7,3,480.0,405.3,328.0,820,798
634,2025-01-18,8,1,480.0,469.4,392.9,1025,1002
635,2025-01-18,8,2,480.0,432.2,370.7,967,942
636,2025-01-18,8,3,480.0,421.0,343.1,895,876
637,2025-01-18,9,1,480.0,345.6,300.8,950,929
638,2025-01-18,9,2,480.0,477.1,435.1,1374,1355
639,2025-01-18,9,3,480.0,328.8,287.9,909,901
640,2025-01-18,10,1,480.0,462.0,397.5,1590,1562
641,2025-01-18,10,2,480.0,471.2,413.5,1654,1629
642,2025-01-18,10,3,480.0,452.8,375.8,1503,1471
643,2025-01-18,11,1,480.0,376.3,317.9,1090,1066
644,2025-01-18,11,2,480.0,363.7,314.7,1079,1055
645,2025-01-18,11,3,480.0,416.1,332.5,1140,1119
646,2025-01-18,12,1,480.0,473.7,405.9,1522,1508
647,2025-01-18,12,2,480.0,436.6,378.7,1420,1399
648,2025-01-18,12,3,480.0,365.0,308.3,1156,1142
649,2025-01-19,1,1,480.0,480.0,432.0,2160,2136
650,2025-01-19,1,2,480.0,426.7,385.8,1929,1900
651,2025-01-19,1,3,480.0,480.0,398.4,1992,1968
652,2025-01-19,2,1,480.0,480.0,429.0,2145,2105
653,2025-01-19,2,2,480.0,414.5,372.0,1860,1836
654,2025-01-19,2,3,480.0,451.3,388.2,1941,1912
655,2025-01-19,3,1,480.0,448.4,361.6,1607,1572
656,2025-01-19,3,2,480.0,436.3,359.8,1599,1558
657,2025-01-19,3,3,480.0,413.2,335.0,1489,1462
658,2025-01-19,4,1,480.0,480.0,444.4,2807,2791
659,2025-01-19,4,2,480.0,424.5,374.3,2364,2334
660,2025-01-19,4,3,480.0,468.7,415.1,2622,2583
661,2025-01-19,5,1,480.0,468.4,408.1,1166,1138
662,2025-01-19,5,2,480.0,324.0,283.5,810,796
663,2025-01-19,5,3,480.0,408.7,333.9,954,940
664,2025-01-19,6,1,480.0,337.6,290.1,829,811
665,2025-01-19,6,2,480.0,321.8,278.6,796,782
666,2025-01-19,6,3,480.0,328.5,277.9,794,781
667,2025-01-19,7,1,480.0,275.2,228.4,571,557
668,2025-01-19,7,2,480.0,451.2,367.6,919,890
669,2025-01-19,7,3,480.0,229.1,180.0,450,439
670,2025-01-19,8,1,480.0,327.8,282.1,736,723
671,2025-01-19,8,2,480.0,379.9,315.5,823,807
672,2025-01-19,8,3,480.0,356.1,294.4,768,755
673,2025-01-19,9,1,480.0,427.3,386.6,1221,1200
674,2025-01-19,9,2,480.0,442.3,399.6,1262,1246
675,2025-01-19,9,3,452.1,315.1,283.1,894,884
676,2025-01-19,10,1,480.0,434.6,373.0,1492,1467
677,2025-01-19,10,2,480.0,458.2,388.0,1552,1541
678,2025-01-19,10,3,441.5,330.1,283.8,1135,1117
679,2025-01-19,11,1,480.0,429.7,360.5,1236,1205
680,2025-01-19,11,2,480.0,448.8,398.1,1365,1329
681,2025-01-19,11,3,480.0,384.7,323.8,1110,1080
682,2025-01-19,12,1,480.0,399.0,345.1,1294,1275
683,2025-01-19,12,2,480.0,417.1,357.9,1342,1333
684,2025-01-19,12,3,480.0,371.0,313.9,1177,1162
685,2025-01-20,1,1,480.0,447.0,387.8,1939,1915
686,2025-01-20,1,2,480.0,480.0,423.0,2115,2086
687,2025-01-20,1,3,480.0,388.5,343.0,1715,1691
688,2025-01-20,2,1,480.0,457.6,404.2,2021,1992
689,2025-01-20,2,2,480.0,446.9,392.0,1960,1932
690,2025-01-20,2,3,480.0,455.9,382.2,1911,1880
691,2025-01-20,3,1,480.0,371.0,303.3,1348,1321
692,2025-01-20,3,2,480.0,313.8,262.4,1166,1144
693,2025-01-20,3,3,480.0,174.7,140.4,624,612
694,2025-01-20,4,1,480.0,420.0,386.5,2441,2421
695,2025-01-20,4,2,480.0,480.0,433.0,2735,2722
696,2025-01-20,4,3,480.0,347.7,314.4,1986,1962
697,2025-01-20,5,1,480.0,391.1,336.0,960,945
698,2025-01-20,5,2,480.0,480.0,408.8,1168,1146
699,2025-01-20,5,3,480.0,459.2,381.9,1091,1070
700,2025-01-20,6,1,480.0,421.3,364.4,1041,1016
701,2025-01-20,6,2,480.0,461.6,397.2,1135,1114
702,2025-01-20,6,3,480.0,357.7,298.9,854,840
703,2025-01-20,7,1,480.0,426.7,347.2,868,840
704,2025-01-20,7,2,480.0,362.8,297.2,743,722
705,2025-01-20,7,3,480.0,383.0,300.4,751,731
706,2025-01-20,8,1,480.0,298.3,263.7,688,676
707,2025-01-20,8,2,480.0,404.9,347.3,906,890
708,2025-01-20,8,3,480.0,334.8,287.5,750,733
709,2025-01-20,9,1,480.0,460.5,416.4,1315,1293
710,2025-01-20,9,2,480.0,338.8,310.6,981,966
711,2025-01-20,9,3,480.0,329.1,287.9,909,896
712,2025-01-20,10,1,480.0,425.9,373.5,1494,1483
713,2025-01-20,10,2,480.0,431.5,384.2,1537,1503
714,2025-01-20,10,3,480.0,380.8,314.0,1256,1233
715,2025-01-20,11,1,480.0,468.8,395.5,1356,1328
716,2025-01-20,11,2,480.0,306.4,266.6,914,889
717,2025-01-20,11,3,480.0,197.7,167.1,573,561
718,2025-01-20,12,1,480.0,480.0,428.3,1606,1579
719,2025-01-20,12,2,480.0,322.8,279.2,1047,1036
720,2025-01-20,12,3,480.0,319.1,269.1,1009,996
721,2025-01-21,1,1,480.0,341.2,306.2,1531,1502
722,2025-01-21,1,2,480.0,480.0,424.0,2120,2093
723,2025-01-21,1,3,480.0,422.7,365.2,1826,1792
724,2025-01-21,2,1,480.0,405.0,347.2,1736,1716
725,2025-01-21,2,2,480.0,451.6,389.2,1946,1919
726,2025-01-21,2,3,480.0,371.7,316.2,1581,1558
727,2025-01-21,3,1,255.9,149.6,123.5,549,535
728,2025-01-21,3,2,480.0,387.7,322.4,1433,1407
729,2025-01-21,3,3,480.0,308.4,250.2,1112,1088
730,2025-01-21,4,1,480.0,480.0,440.0,2779,2762
731,2025-01-21,4,2,480.0,435.7,402.8,2544,2516
732,2025-01-21,4,3,480.0,475.8,411.2,2597,2581
733,2025-01-21,5,1,480.0,386.8,329.0,940,925
734,2025-01-21,5,2,480.0,358.2,311.5,890,879
735,2025-01-21,5,3,480.0,412.0,343.0,980,956
736,2025-01-21,6,1,480.0,397.7,340.6,973,953
737,2025-01-21,6,2,480.0,400.7,324.4,927,910
738,2025-01-21,6,3,480.0,429.0,331.4,947,927
739,2025-01-21,7,1,480.0,327.8,262.4,656,645
740,2025-01-21,7,2,480.0,437.0,362.8,907,890
741,2025-01-21,7,3,480.0,268.4,216.0,540,527
742,2025-01-21,8,1,480.0,399.6,335.4,875,853
743,2025-01-21,8,2,480.0,374.1,315.9,824,804
744,2025-01-21,8,3,480.0,324.2,259.9,678,664
745,2025-01-21,9,1,480.0,470.0,413.6,1306,1286
746,2025-01-21,9,2,480.0,472.6,435.7,1376,1366
747,2025-01-21,9,3,480.0,444.3,394.6,1246,1227
748,2025-01-21,10,1,310.8,310.8,269.5,1078,1062
749,2025-01-21,10,2,480.0,463.3,399.0,1596,1556
750,2025-01-21,10,3,480.0,413.7,362.0,1448,1418
751,2025-01-21,11,1,257.1,100.7,85.2,292,286
752,2025-01-21,11,2,480.0,387.6,332.2,1139,1107
753,2025-01-21,11,3,480.0,428.2,350.6,1202,1175
754,2025-01-21,12,1,480.0,458.2,406.9,1526,1505
755,2025-01-21,12,2,480.0,445.2,397.3,1490,1459
756,2025-01-21,12,3,480.0,419.7,359.2,1347,1331
757,2025-01-22,1,1,480.0,425.7,375.8,1879,1860
758,2025-01-22,1,2,480.0,466.0,419.6,2098,2074
759,2025-01-22,1,3,480.0,464.4,390.8,1954,1922
760,2025-01-22,2,1,480.0,441.6,400.4,2002,1973
761,2025-01-22,2,2,480.0,468.3,418.4,2092,2064
762,2025-01-22,2,3,480.0,364.3,309.4,1547,1524
763,2025-01-22,3,1,480.0,441.9,388.1,1725,1699
764,2025-01-22,3,2,480.0,458.6,396.4,1762,1722
765,2025-01-22,3,3,480.0,347.0,283.9,1262,1228
766,2025-01-22,4,1,480.0,480.0,432.2,2730,2703
767,2025-01-22,4,2,480.0,445.5,402.6,2543,2497
768,2025-01-22,4,3,480.0,445.4,390.6,2467,2435
769,2025-01-22,5,1,480.0,440.4,377.6,1079,1052
770,2025-01-22,5,2,480.0,424.3,365.8,1045,1027
771,2025-01-22,5,3,480.0,378.4,315.0,900,886
772,2025-01-22,6,1,480.0,406.3,343.4,981,957
773,2025-01-22,6,2,480.0,399.4,357.7,1022,996
774,2025-01-22,6,3,480.0,315.3,262.9,751,738
775,2025-01-22,7,1,480.0,451.8,371.6,929,910
776,2025-01-22,7,2,480.0,279.6,236.0,590,571
777,2025-01-22,7,3,480.0,393.0,316.8,792,767
778,2025-01-22,8,1,480.0,406.5,349.6,912,898
779,2025-01-22,8,2,480.0,275.8,230.4,601,587
780,2025-01-22,8,3,480.0,282.5,230.0,600,588
781,2025-01-22,9,1,480.0,475.1,430.4,1359,1338
782,2025-01-22,9,2,480.0,428.4,391.7,1237,1216
783,2025-01-22,9,3,480.0,395.3,355.3,1122,1106
784,2025-01-22,10,1,480.0,469.3,412.5,1650,1625
785,2025-01-22,10,2,480.0,457.7,401.8,1607,1579
786,2025-01-22,10,3,480.0,420.4,349.2,1397,1376
787,2025-01-22,11,1,480.0,384.1,311.5,1068,1049
788,2025-01-22,11,2,480.0,459.8,395.2,1355,1317
789,2025-01-22,11,3,480.0,367.7,294.6,1010,984
790,2025-01-22,12,1,480.0,397.0,353.3,1325,1311
791,2025-01-22,12,2,480.0,346.7,301.9,1132,1115
792,2025-01-22,12,3,480.0,394.7,352.0,1320,1312
793,2025-01-23,1,1,480.0,396.8,350.2,1751,1722
794,2025-01-23,1,2,480.0,341.7,299.6,1498,1477
795,2025-01-23,1,3,480.0,426.9,364.0,1820,1783
796,2025-01-23,2,1,480.0,442.7,394.8,1974,1936
797,2025-01-23,2,2,480.0,480.0,423.0,2115,2091
798,2025-01-23,2,3,480.0,366.4,316.8,1584,1567
799,2025-01-23,3,1,480.0,413.2,331.0,1471,1431
800,2025-01-23,3,2,480.0,379.7,308.2,1370,1333
801,2025-01-23,3,3,480.0,293.2,231.5,1029,1005
802,2025-01-23,4,1,480.0,396.8,355.6,2246,2215
803,2025-01-23,4,2,480.0,480.0,422.1,2666,2639
804,2025-01-23,4,3,480.0,455.7,402.3,2541,2516
805,2025-01-23,5,1,480.0,430.7,371.0,1060,1044
806,2025-01-23,5,2,480.0,480.0,405.3,1158,1143
807,2025-01-23,5,3,480.0,346.0,292.2,835,821
808,2025-01-23,6,1,480.0,431.6,363.6,1039,1022
809,2025-01-23,6,2,480.0,422.1,361.6,1033,1012
810,2025-01-23,6,3,480.0,350.1,290.5,830,812
811,2025-01-23,7,1,480.0,403.7,328.0,820,800
812,2025-01-23,7,2,480.0,357.7,296.4,741,728
813,2025-01-23,7,3,480.0,455.4,364.8,912,888
814,2025-01-23,8,1,480.0,451.4,378.0,986,967
815,2025-01-23,8,2,480.0,445.5,378.4,987,968
816,2025-01-23,8,3,480.0,296.9,250.7,654,641
817,2025-01-23,9,1,480.0,405.6,367.0,1159,1145
818,2025-01-23,9,2,480.0,433.2,387.6,1224,1212
819,2025-01-23,9,3,480.0,363.0,306.5,968,951
820,2025-01-23,10,1,480.0,401.1,349.5,1398,1377
821,2025-01-23,10,2,480.0,409.7,363.8,1455,1439
822,2025-01-23,10,3,480.0,265.1,227.8,911,899
823,2025-01-23,11,1,480.0,275.6,229.8,788,770
824,2025-01-23,11,2,480.0,355.1,298.4,1023,996
825,2025-01-23,11,3,480.0,424.8,355.2,1218,1193
826,2025-01-23,12,1,480.0,480.0,412.0,1545,1528
827,2025-01-23,12,2,480.0,399.9,354.4,1329,1319
828,2025-01-23,12,3,480.0,385.0,331.5,1243,1228
829,2025-01-24,1,1,480.0,440.5,402.4,2012,1986
830,2025-01-24,1,2,480.0,416.0,375.4,1877,1857
831,2025-01-24,1,3,480.0,453.0,379.4,1897,1879
832,2025-01-24,2,1,480.0,454.9,400.2,2001,1976
833,2025-01-24,2,2,480.0,459.9,411.2,2056,2024
834,2025-01-24,2,3,480.0,455.1,370.8,1854,1835
835,2025-01-24,3,1,480.0,440.3,361.6,1607,1577
836,2025-01-24,3,2,480.0,389.5,316.6,1407,1388
837,2025-01-24,3,3,480.0,400.0,324.0,1440,1411
838,2025-01-24,4,1,480.0,466.7,434.8,2746,2706
839,2025-01-24,4,2,480.0,382.5,347.1,2192,2160
840,2025-01-24,4,3,437.7,368.3,326.5,2062,2034
841,2025-01-24,5,1,480.0,430.3,367.5,1050,1028
842,2025-01-24,5,2,480.0,458.0,384.3,1098,1080
843,2025-01-24,5,3,480.0,474.8,411.2,1175,1149
844,2025-01-24,6,1,480.0,376.4,317.8,908,889
845,2025-01-24,6,2,480.0,424.9,374.9,1071,1043
846,2025-01-24,6,3,480.0,372.6,302.4,864,844
847,2025-01-24,7,1,480.0,370.5,306.8,767,744
848,2025-01-24,7,2,480.0,379.1,301.6,754,738
849,2025-01-24,7,3,480.0,444.3,347.2,868,844
850,2025-01-24,8,1,480.0,400.1,343.9,897,879
851,2025-01-24,8,2,480.0,355.3,304.8,795,775
852,2025-01-24,8,3,480.0,305.1,252.2,658,645
853,2025-01-24,9,1,480.0,461.1,406.6,1284,1268
854,2025-01-24,9,2,480.0,468.9,420.2,1327,1300
855,2025-01-24,9,3,480.0,378.0,325.2,1027,1009
856,2025-01-24,10,1,480.0,381.3,329.8,1319,1303
857,2025-01-24,10,2,480.0,467.4,407.0,1628,1608
858,2025-01-24,10,3,480.0,462.2,376.2,1505,1477
859,2025-01-24,11,1,480.0,403.0,339.8,1165,1132
860,2025-01-24,11,2,480.0,425.8,363.7,1247,1221
861,2025-01-24,11,3,480.0,352.9,286.1,981,957
862,2025-01-24,12,1,480.0,405.2,364.0,1365,1352
863,2025-01-24,12,2,480.0,453.1,403.5,1513,1483
864,2025-01-24,12,3,480.0,429.9,359.5,1348,1324
865,2025-01-25,1,1,480.0,427.9,381.6,1908,1891
866,2025-01-25,1,2,480.0,458.2,415.4,2077,2063
867,2025-01-25,1,3,480.0,467.3,403.0,2015,1992
868,2025-01-25,2,1,480.0,354.1,314.6,1573,1554
869,2025-01-25,2,2,480.0,443.8,383.2,1916,1887
870,2025-01-25,2,3,480.0,293.9,249.8,1249,1227
871,2025-01-25,3,1,480.0,397.8,336.4,1495,1465
872,2025-01-25,3,2,480.0,325.6,271.6,1207,1173
873,2025-01-25,3,3,480.0,452.4,367.9,1635,1591
874,2025-01-25,4,1,480.0,465.7,421.5,2662,2637
875,2025-01-25,4,2,480.0,385.9,349.3,2206,2192
876,2025-01-25,4,3,449.8,424.3,376.7,2379,2344
877,2025-01-25,5,1,480.0,373.5,308.4,881,862
878,2025-01-25,5,2,480.0,456.9,401.1,1146,1128
879,2025-01-25,5,3,432.0,364.5,301.7,862,848
880,2025-01-25,6,1,480.0,473.3,394.1,1126,1114
881,2025-01-25,6,2,480.0,352.0,297.1,849,831
882,2025-01-25,6,3,480.0,456.7,369.6,1056,1036
883,2025-01-25,7,1,307.0,243.8,202.0,505,495
884,2025-01-25,7,2,480.0,415.1,340.4,851,835
885,2025-01-25,7,3,480.0,427.2,336.0,840,817
886,2025-01-25,8,1,480.0,288.1,241.1,629,616
887,2025-01-25,8,2,480.0,412.3,348.8,910,893
888,2025-01-25,8,3,480.0,333.3,275.6,719,703
889,2025-01-25,9,1,480.0,443.8,391.4,1236,1216
890,2025-01-25,9,2,480.0,462.3,418.9,1323,1314
891,2025-01-25,9,3,480.0,467.1,394.9,1247,1221
892,2025-01-25,10,1,480.0,480.0,424.8,1699,1665
893,2025-01-25,10,2,480.0,462.8,403.5,1614,1588
894,2025-01-25,10,3,480.0,301.0,254.8,1019,999
895,2025-01-25,11,1,480.0,376.3,328.1,1125,1102
896,2025-01-25,11,2,480.0,375.3,314.1,1077,1046
897,2025-01-25,11,3,480.0,269.8,221.4,759,740
898,2025-01-25,12,1,310.0,221.7,190.7,715,704
899,2025-01-25,12,2,480.0,425.0,369.9,1387,1367
900,2025-01-25,12,3,480.0,471.4,404.0,1515,1494
901,2025-01-26,1,1,480.0,471.4,418.0,2090,2069
902,2025-01-26,1,2,480.0,456.1,408.4,2042,2023
903,2025-01-26,1,3,480.0,396.3,345.0,1725,1707
904,2025-01-26,2,1,480.0,398.1,358.2,1791,1772
905,2025-01-26,2,2,480.0,407.6,360.0,1800,1787
906,2025-01-26,2,3,441.9,424.9,375.8,1879,1853
907,2025-01-26,3,1,480.0,407.4,343.4,1526,1492
908,2025-01-26,3,2,480.0,271.6,226.6,1007,985
909,2025-01-26,3,3,480.0,442.0,366.1,1627,1598
910,2025-01-26,4,1,480.0,480.0,425.9,2690,2658
911,2025-01-26,4,2,480.0,476.8,434.9,2747,2711
912,2025-01-26,4,3,480.0,471.3,418.0,2640,2625
913,2025-01-26,5,1,480.0,356.5,313.6,896,880
914,2025-01-26,5,2,480.0,473.2,399.4,1141,1118
915,2025-01-26,5,3,480.0,415.9,354.9,1014,998
916,2025-01-26,6,1,480.0,471.8,417.9,1194,1175
917,2025-01-26,6,2,480.0,454.2,402.1,1149,1127
918,2025-01-26,6,3,480.0,448.0,359.8,1028,1009
919,2025-01-26,7,1,480.0,307.3,252.0,630,616
920,2025-01-26,7,2,480.0,395.0,318.0,795,776
921,2025-01-26,7,3,480.0,391.8,312.0,780,754
922,2025-01-26,8,1,480.0,420.8,359.6,938,927
923,2025-01-26,8,2,480.0,396.9,344.6,899,882
924,2025-01-26,8,3,480.0,284.6,233.4,609,595
925,2025-01-26,9,1,480.0,468.3,431.0,1361,1341
926,2025-01-26,9,2,480.0,447.0,404.7,1278,1267
927,2025-01-26,9,3,480.0,453.7,412.0,1301,1277
928,2025-01-26,10,1,480.0,420.1,366.0,1464,1442
929,2025-01-26,10,2,480.0,392.4,341.0,1364,1355
930,2025-01-26,10,3,480.0,440.0,362.2,1449,1419
931,2025-01-26,11,1,480.0,381.8,323.5,1109,1084
932,2025-01-26,11,2,480.0,399.2,344.8,1182,1155
933,2025-01-26,11,3,480.0,230.3,184.6,633,616
934,2025-01-26,12,1,480.0,470.3,414.4,1554,1533
935,2025-01-26,12,2,480.0,430.2,369.6,1386,1374
936,2025-01-26,12,3,480.0,355.4,312.5,1172,1153
937,2025-01-27,1,1,480.0,440.1,406.6,2033,2006
938,2025-01-27,1,2,480.0,387.3,328.4,1642,1627
939,2025-01-27,1,3,480.0,438.5,383.8,1919,1894
940,2025-01-27,2,1,480.0,346.9,317.6,1588,1575
941,2025-01-27,2,2,480.0,358.0,304.2,1521,1516
942,2025-01-27,2,3,480.0,453.1,372.4,1862,1836
943,2025-01-27,3,1,480.0,420.3,344.2,1530,1498
944,2025-01-27,3,2,480.0,447.3,374.9,1666,1628
945,2025-01-27,3,3,480.0,348.7,274.3,1219,1192
946,2025-01-27,4,1,480.0,471.0,431.0,2722,2694
947,2025-01-27,4,2,480.0,436.4,403.1,2546,2537
948,2025-01-27,4,3,444.5,430.7,394.1,2489,2468
949,2025-01-27,5,1,480.0,457.5,397.9,1137,1119
950,2025-01-27,5,2,480.0,410.3,362.9,1037,1016
951,2025-01-27,5,3,480.0,431.9,373.8,1068,1053
952,2025-01-27,6,1,480.0,473.2,399.0,1140,1112
953,2025-01-27,6,2,480.0,424.2,355.9,1017,1006
954,2025-01-27,6,3,480.0,444.3,372.1,1063,1037
955,2025-01-27,7,1,480.0,309.7,256.0,640,621
956,2025-01-27,7,2,480.0,418.1,336.8,842,821
957,2025-01-27,7,3,480.0,363.7,286.0,715,698
958,2025-01-27,8,1,480.0,440.2,361.1,942,924
959,2025-01-27,8,2,480.0,459.2,390.6,1019,996
960,2025-01-27,8,3,480.0,425.2,364.6,951,924
961,2025-01-27,9,1,480.0,480.0,446.2,1409,1393
962,2025-01-27,9,2,480.0,395.2,350.2,1106,1087
963,2025-01-27,9,3,480.0,428.9,364.8,1152,1139
964,2025-01-27,10,1,480.0,386.8,339.5,1358,1343
965,2025-01-27,10,2,480.0,426.8,375.8,1503,1485
966,2025-01-27,10,3,480.0,347.7,286.2,1145,1127
967,2025-01-27,11,1,480.0,398.1,330.5,1133,1107
968,2025-01-27,11,2,480.0,462.9,404.2,1386,1358
969,2025-01-27,11,3,480.0,187.0,155.5,533,520
970,2025-01-27,12,1,480.0,429.3,363.7,1364,1344
971,2025-01-27,12,2,480.0,468.8,413.3,1550,1539
972,2025-01-27,12,3,480.0,373.5,319.7,1199,1189
973,2025-01-28,1,1,480.0,443.0,387.2,1936,1913
974,2025-01-28,1,2,480.0,391.6,346.6,1733,1708
975,2025-01-28,1,3,480.0,377.0,338.4,1692,1663
976,2025-01-28,2,1,480.0,391.8,353.6,1768,1744
977,2025-01-28,2,2,480.0,480.0,418.0,2090,2064
978,2025-01-28,2,3,480.0,403.7,342.8,1714,1692
979,2025-01-28,3,1,480.0,455.5,381.1,1694,1653
980,2025-01-28,3,2,480.0,442.9,380.7,1692,1656
981,2025-01-28,3,3,480.0,341.1,278.1,1236,1204
982,2025-01-28,4,1,480.0,480.0,447.8,2828,2784
983,2025-01-28,4,2,480.0,396.1,351.7,2221,2191
984,2025-01-28,4,3,437.7,411.1,372.2,2351,2314
985,2025-01-28,5,1,480.0,463.4,396.9,1134,1111
986,2025-01-28,5,2,480.0,453.4,397.6,1136,1115
987,2025-01-28,5,3,480.0,409.1,343.4,981,956
988,2025-01-28,6,1,480.0,358.6,300.3,858,841
989,2025-01-28,6,2,480.0,443.0,372.1,1063,1045
990,2025-01-28,6,3,480.0,282.9,241.8,691,674
991,2025-01-28,7,1,480.0,425.2,347.2,868,850
992,2025-01-28,7,2,480.0,382.3,318.8,797,777
993,2025-01-28,7,3,480.0,355.5,292.4,731,710
994,2025-01-28,8,1,480.0,465.9,391.4,1021,1002
995,2025-01-28,8,2,480.0,459.1,392.1,1023,1002
996,2025-01-28,8,3,480.0,365.7,298.6,779,763
997,2025-01-28,9,1,480.0,430.0,394.2,1245,1219
998,2025-01-28,9,2,480.0,480.0,431.0,1361,1338
999,2025-01-28,9,3,480.0,407.6,361.0,1140,1123
1000,2025-01-28,10,1,480.0,417.4,374.5,1498,1469
1001,2025-01-28,10,2,480.0,399.2,347.8,1391,1365
1002,2025-01-28,10,3,480.0,467.8,372.5,1490,1471
1003,2025-01-28,11,1,480.0,261.0,224.6,770,756
1004,2025-01-28,11,2,480.0,428.3,374.5,1284,1249
1005,2025-01-28,11,3,480.0,368.8,296.3,1016,988
1006,2025-01-28,12,1,480.0,461.8,422.1,1583,1565
1007,2025-01-28,12,2,480.0,455.6,404.5,1517,1499
1008,2025-01-28,12,3,480.0,415.3,366.7,1375,1365
1009,2025-01-29,1,1,480.0,411.2,375.8,1879,1858
1010,2025-01-29,1,2,480.0,431.5,388.8,1944,1921
1011,2025-01-29,1,3,480.0,459.0,397.2,1986,1964
1012,2025-01-29,2,1,480.0,444.7,388.4,1942,1924
1013,2025-01-29,2,2,480.0,406.9,350.2,1751,1712
1014,2025-01-29,2,3,480.0,404.0,348.6,1743,1710
1015,2025-01-29,3,1,480.0,379.1,322.6,1434,1397
1016,2025-01-29,3,2,480.0,342.9,283.5,1260,1238
1017,2025-01-29,3,3,480.0,438.5,347.2,1543,1510
1018,2025-01-29,4,1,480.0,447.9,409.3,2585,2561
1019,2025-01-29,4,2,480.0,465.0,422.4,2668,2646
1020,2025-01-29,4,3,480.0,467.9,395.7,2499,2467
1021,2025-01-29,5,1,480.0,418.2,352.8,1008,993
1022,2025-01-29,5,2,480.0,406.5,349.6,999,982
1023,2025-01-29,5,3,480.0,400.3,329.0,940,922
1024,2025-01-29,6,1,480.0,471.9,410.6,1173,1150
1025,2025-01-29,6,2,480.0,297.9,253.1,723,707
1026,2025-01-29,6,3,480.0,424.9,356.6,1019,1001
1027,2025-01-29,7,1,480.0,385.9,310.8,777,753
1028,2025-01-29,7,2,480.0,348.5,284.4,711,693
1029,2025-01-29,7,3,480.0,408.4,330.0,825,806
1030,2025-01-29,8,1,480.0,392.2,334.6,873,858
1031,2025-01-29,8,2,480.0,453.7,369.5,964,941
1032,2025-01-29,8,3,480.0,264.4,211.6,552,540
1033,2025-01-29,9,1,480.0,477.7,423.7,1338,1327
1034,2025-01-29,9,2,480.0,450.8,396.1,1251,1242
1035,2025-01-29,9,3,480.0,436.8,390.8,1234,1223
1036,2025-01-29,10,1,480.0,405.4,355.0,1420,1405
1037,2025-01-29,10,2,480.0,443.8,386.5,1546,1518
1038,2025-01-29,10,3,480.0,348.2,282.2,1129,1110
1039,2025-01-29,11,1,480.0,422.7,350.6,1202,1168
1040,2025-01-29,11,2,480.0,350.4,296.0,1015,993
1041,2025-01-29,11,3,480.0,313.6,262.8,901,882
1042,2025-01-29,12,1,480.0,444.1,392.8,1473,1453
1043,2025-01-29,12,2,480.0,464.5,412.3,1546,1518
1044,2025-01-29,12,3,480.0,460.8,384.0,1440,1426
1045,2025-01-30,1,1,480.0,421.6,384.2,1921,1903
1046,2025-01-30,1,2,480.0,455.0,416.2,2081,2040
1047,2025-01-30,1,3,480.0,465.6,402.6,2013,1985
1048,2025-01-30,2,1,480.0,396.4,356.6,1783,1757
1049,2025-01-30,2,2,480.0,460.7,407.4,2037,2007
1050,2025-01-30,2,3,480.0,369.4,307.8,1539,1507
1051,2025-01-30,3,1,480.0,390.0,324.0,1440,1404
1052,2025-01-30,3,2,480.0,455.2,365.4,1624,1585
1053,2025-01-30,3,3,480.0,374.8,317.7,1412,1377
1054,2025-01-30,4,1,480.0,447.3,410.2,2591,2554
1055,2025-01-30,4,2,480.0,473.5,434.1,2742,2721
1056,2025-01-30,4,3,480.0,463.1,410.1,2590,2560
1057,2025-01-30,5,1,480.0,320.9,271.6,776,762
1058,2025-01-30,5,2,480.0,434.6,368.6,1053,1033
1059,2025-01-30,5,3,480.0,361.9,299.9,857,840
1060,2025-01-30,6,1,480.0,405.4,349.6,999,976
1061,2025-01-30,6,2,480.0,428.1,367.1,1049,1017
1062,2025-01-30,6,3,480.0,461.6,389.2,1112,1083
1063,2025-01-30,7,1,480.0,431.6,358.4,896,873
1064,2025-01-30,7,2,480.0,375.0,314.8,787,766
1065,2025-01-30,7,3,480.0,363.1,279.2,698,680
1066,2025-01-30,8,1,480.0,382.9,322.0,840,822
1067,2025-01-30,8,2,480.0,441.0,372.6,972,947
1068,2025-01-30,8,3,480.0,357.3,288.6,753,737
1069,2025-01-30,9,1,480.0,450.0,402.8,1272,1262
1070,2025-01-30,9,2,480.0,388.9,356.6,1126,1108
1071,2025-01-30,9,3,480.0,469.1,402.8,1272,1257
1072,2025-01-30,10,1,480.0,437.5,368.2,1473,1440
1073,2025-01-30,10,2,480.0,252.8,208.5,834,831
1074,2025-01-30,10,3,480.0,381.0,322.2,1289,1267
1075,2025-01-30,11,1,480.0,422.0,357.0,1224,1201
1076,2025-01-30,11,2,480.0,392.2,333.7,1144,1112
1077,2025-01-30,11,3,480.0,293.3,241.8,829,813
1078,2025-01-30,12,1,480.0,428.4,370.7,1390,1369
1079,2025-01-30,12,2,480.0,461.0,406.7,1525,1512
1080,2025-01-30,12,3,480.0,468.1,389.3,1460,1444
1081,2025-01-31,1,1,480.0,460.0,391.4,1957,1940
1082,2025-01-31,1,2,480.0,459.7,406.2,2031,2015
1083,2025-01-31,1,3,438.5,374.0,315.4,1577,1563
1084,2025-01-31,2,1,480.0,453.6,407.6,2038,1999
1085,2025-01-31,2,2,480.0,444.0,395.8,1979,1953
1086,2025-01-31,2,3,480.0,380.6,325.2,1626,1613
1087,2025-01-31,3,1,480.0,397.9,339.5,1509,1474
1088,2025-01-31,3,2,480.0,221.1,191.2,850,820
1089,2025-01-31,3,3,480.0,406.7,335.0,1489,1461
1090,2025-01-31,4,1,480.0,439.2,416.7,2632,2609
1091,2025-01-31,4,2,480.0,463.6,423.7,2676,2638
1092,2025-01-31,4,3,480.0,433.0,384.0,2425,2390
1093,2025-01-31,5,1,480.0,412.1,356.6,1019,998
1094,2025-01-31,5,2,480.0,432.2,369.2,1055,1035
1095,2025-01-31,5,3,443.3,423.1,357.0,1020,1000
1096,2025-01-31,6,1,480.0,335.2,281.4,804,790
1097,2025-01-31,6,2,480.0,424.5,350.4,1001,985
1098,2025-01-31,6,3,480.0,330.8,275.1,786,777
1099,2025-01-31,7,1,480.0,299.7,240.8,602,588
1100,2025-01-31,7,2,480.0,387.8,328.4,821,795
1101,2025-01-31,7,3,480.0,319.1,254.8,637,625
1102,2025-01-31,8,1,480.0,443.1,379.1,989,970
1103,2025-01-31,8,2,480.0,468.6,401.4,1047,1022
1104,2025-01-31,8,3,480.0,244.5,211.2,551,545
1105,2025-01-31,9,1,480.0,448.4,402.2,1270,1249
1106,2025-01-31,9,2,480.0,452.3,418.6,1322,1310
1107,2025-01-31,9,3,480.0,374.2,332.5,1050,1039
1108,2025-01-31,10,1,480.0,423.1,365.0,1460,1438
1109,2025-01-31,10,2,480.0,415.0,355.2,1421,1414
1110,2025-01-31,10,3,480.0,443.6,370.2,1481,1463
1111,2025-01-31,11,1,480.0,390.7,332.5,1140,1117
1112,2025-01-31,11,2,480.0,435.3,369.0,1265,1236
1113,2025-01-31,11,3,480.0,285.2,228.4,783,763
1114,2025-01-31,12,1,480.0,462.4,392.3,1471,1448
1115,2025-01-31,12,2,480.0,435.4,384.8,1443,1421
1116,2025-01-31,12,3,480.0,400.3,342.9,1286,1275
1117,2025-02-01,1,1,480.0,380.4,325.8,1629,1601
1118,2025-02-01,1,2,480.0,376.3,328.8,1644,1627
1119,2025-02-01,1,3,480.0,459.1,402.6,2013,1993
1120,2025-02-01,2,1,318.5,245.8,217.4,1087,1070
1121,2025-02-01,2,2,480.0,437.9,375.6,1878,1847
1122,2025-02-01,2,3,480.0,399.5,342.4,1712,1688
1123,2025-02-01,3,1,480.0,361.8,295.4,1313,1282
1124,2025-02-01,3,2,480.0,389.0,323.3,1437,1403
1125,2025-02-01,3,3,480.0,344.1,267.5,1189,1160
1126,2025-02-01,4,1,480.0,454.7,411.0,2596,2564
1127,2025-02-01,4,2,480.0,430.6,386.0,2438,2421
1128,2025-02-01,4,3,480.0,477.2,422.8,2670,2637
1129,2025-02-01,5,1,480.0,474.6,403.2,1152,1126
1130,2025-02-01,5,2,480.0,428.1,366.4,1047,1034
1131,2025-02-01,5,3,480.0,444.0,358.1,1023,1001
1132,2025-02-01,6,1,480.0,411.2,356.3,1018,1000
1133,2025-02-01,6,2,480.0,419.8,351.1,1003,985
1134,2025-02-01,6,3,480.0,334.4,268.8,768,752
1135,2025-02-01,7,1,480.0,351.9,282.8,707,689
1136,2025-02-01,7,2,480.0,382.6,304.0,760,740
1137,2025-02-01,7,3,480.0,474.2,380.4,951,933
1138,2025-02-01,8,1,480.0,414.4,359.9,939,916
1139,2025-02-01,8,2,480.0,321.1,271.0,707,691
1140,2025-02-01,8,3,480.0,451.8,388.7,1014,992
1141,2025-02-01,9,1,480.0,422.3,379.1,1197,1183
1142,2025-02-01,9,2,480.0,383.7,343.9,1086,1073
1143,2025-02-01,9,3,480.0,475.4,425.3,1343,1323
1144,2025-02-01,10,1,480.0,403.3,348.5,1394,1368
1145,2025-02-01,10,2,480.0,467.2,406.8,1627,1605
1146,2025-02-01,10,3,480.0,464.7,376.0,1504,1488
1147,2025-02-01,11,1,480.0,447.7,373.3,1280,1257
1148,2025-02-01,11,2,480.0,463.1,374.5,1284,1255
1149,2025-02-01,11,3,480.0,309.1,255.8,877,857
1150,2025-02-01,12,1,480.0,438.6,377.6,1416,1395
1151,2025-02-01,12,2,480.0,444.6,401.9,1507,1481
1152,2025-02-01,12,3,480.0,400.9,347.2,1302,1284
1153,2025-02-02,1,1,480.0,476.0,436.0,2180,2154
1154,2025-02-02,1,2,480.0,464.8,414.6,2073,2066
1155,2025-02-02,1,3,480.0,323.0,277.0,1385,1359
1156,2025-02-02,2,1,480.0,409.9,368.6,1843,1825
1157,2025-02-02,2,2,480.0,471.4,419.4,2097,2068
1158,2025-02-02,2,3,452.2,281.9,236.4,1182,1169
1159,2025-02-02,3,1,480.0,418.3,335.7,1492,1454
1160,2025-02-02,3,2,480.0,377.8,318.8,1417,1373
1161,2025-02-02,3,3,480.0,386.1,318.6,1416,1380
1162,2025-02-02,4,1,480.0,462.9,417.7,2638,2596
1163,2025-02-02,4,2,480.0,465.3,433.5,2738,2701
1164,2025-02-02,4,3,480.0,459.1,407.6,2574,2556
1165,2025-02-02,5,1,480.0,416.2,342.3,978,962
1166,2025-02-02,5,2,480.0,422.2,355.9,1017,991
1167,2025-02-02,5,3,480.0,465.5,392.4,1121,1098
1168,2025-02-02,6,1,480.0,473.6,406.0,1160,1140
1169,2025-02-02,6,2,480.0,404.4,345.4,987,966
1170,2025-02-02,6,3,480.0,370.5,304.5,870,842
1171,2025-02-02,7,1,480.0,389.5,323.2,808,786
1172,2025-02-02,7,2,480.0,323.9,270.4,676,658
1173,2025-02-02,7,3,480.0,405.1,327.2,818,791
1174,2025-02-02,8,1,480.0,368.8,312.0,814,796
1175,2025-02-02,8,2,480.0,431.8,365.7,954,939
1176,2025-02-02,8,3,480.0,396.1,329.3,859,842
1177,2025-02-02,9,1,480.0,351.5,313.8,991,982
1178,2025-02-02,9,2,480.0,459.9,397.4,1255,1242
1179,2025-02-02,9,3,480.0,409.5,348.0,1099,1076
1180,2025-02-02,10,1,480.0,397.4,344.0,1376,1353
1181,2025-02-02,10,2,480.0,439.2,384.2,1537,1514
1182,2025-02-02,10,3,480.0,433.0,364.0,1456,1419
1183,2025-02-02,11,1,480.0,313.7,271.8,932,909
1184,2025-02-02,11,2,480.0,365.2,302.8,1038,1016
1185,2025-02-02,11,3,480.0,453.3,383.8,1316,1299
1186,2025-02-02,12,1,480.0,449.0,390.9,1466,1451
1187,2025-02-02,12,2,480.0,447.3,402.4,1509,1489
1188,2025-02-02,12,3,480.0,287.2,242.1,908,888
1189,2025-02-03,1,1,480.0,423.2,360.2,1801,1778
1190,2025-02-03,1,2,480.0,459.6,410.0,2050,2038
1191,2025-02-03,1,3,480.0,425.1,374.2,1871,1852
1192,2025-02-03,2,1,480.0,480.0,427.2,2136,2104
1193,2025-02-03,2,2,480.0,407.0,359.4,1797,1786
1194,2025-02-03,2,3,480.0,403.8,353.2,1766,1743
1195,2025-02-03,3,1,480.0,343.1,287.6,1278,1252
1196,2025-02-03,3,2,480.0,230.7,196.7,874,856
1197,2025-02-03,3,3,480.0,391.6,315.0,1400,1382
1198,2025-02-03,4,1,320.5,225.2,204.1,1289,1269
1199,2025-02-03,4,2,480.0,464.9,425.6,2688,2679
1200,2025-02-03,4,3,480.0,425.2,389.0,2457,2439
1201,2025-02-03,5,1,480.0,427.8,375.2,1072,1051
1202,2025-02-03,5,2,480.0,436.8,389.2,1112,1096
1203,2025-02-03,5,3,480.0,427.9,354.9,1014,992
1204,2025-02-03,6,1,327.1,231.7,196.7,562,554
1205,2025-02-03,6,2,480.0,457.0,380.4,1087,1059
1206,2025-02-03,6,3,480.0,457.6,363.6,1039,1019
1207,2025-02-03,7,1,480.0,380.9,319.2,798,778
1208,2025-02-03,7,2,480.0,421.2,354.0,885,867
1209,2025-02-03,7,3,439.3,339.3,268.0,670,649
1210,2025-02-03,8,1,480.0,399.6,341.9,892,874
1211,2025-02-03,8,2,480.0,439.4,368.8,962,944
1212,2025-02-03,8,3,480.0,327.6,268.3,700,689
1213,2025-02-03,9,1,480.0,469.4,420.5,1328,1304
1214,2025-02-03,9,2,480.0,381.0,342.6,1082,1064
1215,2025-02-03,9,3,480.0,443.9,387.9,1225,1207
1216,2025-02-03,10,1,480.0,264.7,228.5,914,900
1217,2025-02-03,10,2,480.0,393.9,328.0,1312,1283
1218,2025-02-03,10,3,480.0,441.4,367.5,1470,1446
1219,2025-02-03,11,1,480.0,448.5,391.1,1341,1303
1220,2025-02-03,11,2,480.0,473.6,385.9,1323,1286
1221,2025-02-03,11,3,480.0,275.4,229.5,787,769
1222,2025-02-03,12,1,480.0,451.1,392.8,1473,1453
1223,2025-02-03,12,2,480.0,480.0,412.8,1548,1528
1224,2025-02-03,12,3,480.0,480.0,404.3,1516,1496
1225,2025-02-04,1,1,480.0,456.6,408.4,2042,2003
1226,2025-02-04,1,2,480.0,444.0,412.4,2062,2027
1227,2025-02-04,1,3,480.0,430.9,370.6,1853,1818
1228,2025-02-04,2,1,480.0,436.7,379.6,1898,1866
1229,2025-02-04,2,2,480.0,464.6,402.4,2012,1989
1230,2025-02-04,2,3,480.0,480.0,408.6,2043,2030
1231,2025-02-04,3,1,480.0,411.4,342.0,1520,1491
1232,2025-02-04,3,2,480.0,470.7,409.3,1819,1782
1233,2025-02-04,3,3,480.0,317.7,261.7,1163,1136
1234,2025-02-04,4,1,480.0,467.3,415.5,2624,2604
1235,2025-02-04,4,2,480.0,428.6,399.5,2523,2503
1236,2025-02-04,4,3,434.7,390.0,351.5,2220,2190
1237,2025-02-04,5,1,480.0,421.0,363.6,1039,1017
1238,2025-02-04,5,2,480.0,396.7,342.6,979,967
1239,2025-02-04,5,3,480.0,390.0,326.6,933,921
1240,2025-02-04,6,1,480.0,452.9,379.4,1084,1055
1241,2025-02-04,6,2,480.0,423.6,357.7,1022,1006
1242,2025-02-04,6,3,480.0,471.2,389.9,1114,1091
1243,2025-02-04,7,1,480.0,305.4,245.2,613,597
1244,2025-02-04,7,2,480.0,462.1,372.8,932,908
1245,2025-02-04,7,3,480.0,290.3,231.6,579,564
1246,2025-02-04,8,1,480.0,407.0,340.4,888,870
1247,2025-02-04,8,2,480.0,425.7,359.6,938,916
1248,2025-02-04,8,3,480.0,464.8,389.9,1017,1000
1249,2025-02-04,9,1,480.0,419.5,385.4,1217,1199
1250,2025-02-04,9,2,480.0,421.5,377.8,1193,1175
1251,2025-02-04,9,3,480.0,466.6,398.1,1257,1242
1252,2025-02-04,10,1,480.0,460.8,398.0,1592,1570
1253,2025-02-04,10,2,480.0,451.2,396.5,1586,1552
1254,2025-02-04,10,3,480.0,430.2,356.5,1426,1404
1255,2025-02-04,11,1,480.0,434.8,371.9,1275,1245
1256,2025-02-04,11,2,480.0,429.6,359.9,1234,1214
1257,2025-02-04,11,3,480.0,430.0,356.7,1223,1196
1258,2025-02-04,12,1,480.0,404.9,346.1,1298,1275
1259,2025-02-04,12,2,480.0,441.8,400.8,1503,1483
1260,2025-02-04,12,3,480.0,308.2,264.5,992,980
1261,2025-02-05,1,1,480.0,427.7,395.6,1978,1947
1262,2025-02-05,1,2,480.0,457.9,409.8,2049,2020
1263,2025-02-05,1,3,480.0,437.3,382.2,1911,1908
1264,2025-02-05,2,1,480.0,468.3,412.0,2060,2047
1265,2025-02-05,2,2,480.0,455.5,395.4,1977,1952
1266,2025-02-05,2,3,480.0,369.5,318.4,1592,1567
1267,2025-02-05,3,1,480.0,444.9,376.6,1674,1647
1268,2025-02-05,3,2,480.0,413.1,330.1,1467,1441
1269,2025-02-05,3,3,480.0,443.1,358.2,1592,1566
1270,2025-02-05,4,1,480.0,442.9,395.8,2500,2465
1271,2025-02-05,4,2,480.0,480.0,425.6,2688,2654
1272,2025-02-05,4,3,480.0,469.3,415.0,2621,2604
1273,2025-02-05,5,1,480.0,431.7,360.5,1030,1009
1274,2025-02-05,5,2,480.0,450.3,384.6,1099,1086
1275,2025-02-05,5,3,480.0,468.4,396.2,1132,1110
1276,2025-02-05,6,1,480.0,439.8,380.1,1086,1068
1277,2025-02-05,6,2,480.0,421.3,363.3,1038,1014
1278,2025-02-05,6,3,451.3,283.0,233.1,666,653
1279,2025-02-05,7,1,480.0,448.1,378.4,946,922
1280,2025-02-05,7,2,480.0,456.5,395.2,988,962
1281,2025-02-05,7,3,480.0,418.7,334.0,835,815
1282,2025-02-05,8,1,480.0,433.5,371.1,968,937
1283,2025-02-05,8,2,480.0,348.8,287.9,751,734
1284,2025-02-05,8,3,480.0,398.4,339.2,885,867
1285,2025-02-05,9,1,480.0,452.8,394.2,1245,1234
1286,2025-02-05,9,2,480.0,461.5,419.9,1326,1304
1287,2025-02-05,9,3,480.0,440.4,395.8,1250,1229
1288,2025-02-05,10,1,480.0,476.0,405.2,1621,1590
1289,2025-02-05,10,2,480.0,426.1,368.2,1473,1445
1290,2025-02-05,10,3,480.0,308.0,258.5,1034,1019
1291,2025-02-05,11,1,480.0,406.9,359.0,1231,1203
1292,2025-02-05,11,2,480.0,300.1,254.0,871,857
1293,2025-02-05,11,3,480.0,392.8,331.3,1136,1114
1294,2025-02-05,12,1,480.0,462.8,410.4,1539,1518
1295,2025-02-05,12,2,480.0,451.5,382.7,1435,1419
1296,2025-02-05,12,3,480.0,410.1,370.9,1391,1380
1297,2025-02-06,1,1,480.0,460.3,394.8,1974,1951
1298,2025-02-06,1,2,480.0,416.5,378.2,1891,1872
1299,2025-02-06,1,3,480.0,457.3,391.2,1956,1937
1300,2025-02-06,2,1,480.0,480.0,405.2,2026,2000
1301,2025-02-06,2,2,480.0,456.1,400.4,2002,1983
1302,2025-02-06,2,3,480.0,442.8,377.0,1885,1857
1303,2025-02-06,3,1,480.0,277.2,235.8,1048,1035
1304,2025-02-06,3,2,480.0,324.4,266.4,1184,1158
1305,2025-02-06,3,3,480.0,402.6,325.1,1445,1413
1306,2025-02-06,4,1,480.0,450.2,399.6,2524,2514
1307,2025-02-06,4,2,480.0,440.3,407.4,2573,2540
1308,2025-02-06,4,3,480.0,454.8,397.9,2513,2484
1309,2025-02-06,5,1,480.0,234.0,204.4,584,573
1310,2025-02-06,5,2,480.0,377.9,324.8,928,914
1311,2025-02-06,5,3,480.0,433.4,368.6,1053,1030
1312,2025-02-06,6,1,480.0,314.1,265.6,759,737
1313,2025-02-06,6,2,480.0,324.1,285.6,816,801
1314,2025-02-06,6,3,480.0,390.9,323.8,925,905
1315,2025-02-06,7,1,480.0,377.4,301.2,753,733
1316,2025-02-06,7,2,480.0,381.0,307.6,769,748
1317,2025-02-06,7,3,480.0,400.4,328.4,821,803
1318,2025-02-06,8,1,480.0,371.8,304.8,795,782
1319,2025-02-06,8,2,480.0,398.6,346.1,903,891
1320,2025-02-06,8,3,480.0,304.3,255.7,667,653
1321,2025-02-06,9,1,480.0,442.6,400.9,1266,1249
1322,2025-02-06,9,2,480.0,397.4,364.5,1151,1146
1323,2025-02-06,9,3,480.0,442.3,386.0,1219,1207
1324,2025-02-06,10,1,480.0,434.0,381.5,1526,1502
1325,2025-02-06,10,2,480.0,469.5,421.5,1686,1669
1326,2025-02-06,10,3,480.0,437.9,364.8,1459,1425
1327,2025-02-06,11,1,480.0,380.1,313.0,1073,1049
1328,2025-02-06,11,2,480.0,422.5,365.8,1254,1217
1329,2025-02-06,11,3,480.0,227.8,184.6,633,618
1330,2025-02-06,12,1,480.0,365.5,315.5,1183,1163
1331,2025-02-06,12,2,480.0,477.3,415.7,1559,1539
1332,2025-02-06,12,3,480.0,480.0,416.5,1562,1550
1333,2025-02-07,1,1,480.0,470.2,428.4,2142,2133
1334,2025-02-07,1,2,480.0,431.1,379.6,1898,1871
1335,2025-02-07,1,3,480.0,326.1,285.0,1425,1410
1336,2025-02-07,2,1,480.0,435.6,384.6,1923,1901
1337,2025-02-07,2,2,480.0,457.6,405.0,2025,1987
1338,2025-02-07,2,3,480.0,459.3,388.2,1941,1921
1339,2025-02-07,3,1,480.0,400.5,328.3,1459,1427
1340,2025-02-07,3,2,480.0,461.0,374.4,1664,1632
1341,2025-02-07,3,3,480.0,414.3,341.1,1516,1485
1342,2025-02-07,4,1,480.0,475.6,439.4,2775,2764
1343,2025-02-07,4,2,480.0,443.3,392.5,2479,2450
1344,2025-02-07,4,3,480.0,474.8,418.9,2646,2621
1345,2025-02-07,5,1,299.4,232.7,197.8,565,557
1346,2025-02-07,5,2,480.0,425.6,365.8,1045,1025
1347,2025-02-07,5,3,480.0,462.6,390.9,1117,1094
1348,2025-02-07,6,1,480.0,389.9,318.1,909,891
1349,2025-02-07,6,2,480.0,345.7,292.6,836,818
1350,2025-02-07,6,3,480.0,341.2,273.7,782,771
1351,2025-02-07,7,1,480.0,388.8,325.6,814,791
1352,2025-02-07,7,2,480.0,279.7,224.8,562,549
1353,2025-02-07,7,3,480.0,316.3,246.0,615,597
1354,2025-02-07,8,1,480.0,299.5,259.1,676,660
1355,2025-02-07,8,2,480.0,226.4,190.9,498,484
1356,2025-02-07,8,3,480.0,455.6,378.0,986,970
1357,2025-02-07,9,1,480.0,441.5,392.4,1239,1228
1358,2025-02-07,9,2,480.0,455.9,413.2,1305,1292
1359,2025-02-07,9,3,480.0,405.6,353.7,1117,1101
1360,2025-02-07,10,1,480.0,381.2,337.8,1351,1338
1361,2025-02-07,10,2,480.0,355.4,313.5,1254,1224
1362,2025-02-07,10,3,480.0,297.3,242.0,968,948
1363,2025-02-07,11,1,480.0,396.8,343.9,1179,1159
1364,2025-02-07,11,2,480.0,465.9,393.8,1350,1324
1365,2025-02-07,11,3,480.0,295.6,242.4,831,811
1366,2025-02-07,12,1,480.0,471.9,418.4,1569,1544
1367,2025-02-07,12,2,480.0,445.8,384.3,1441,1425
1368,2025-02-07,12,3,480.0,441.0,368.8,1383,1352
1369,2025-02-08,1,1,480.0,282.1,248.6,1243,1228
1370,2025-02-08,1,2,480.0,459.6,409.8,2049,2018
1371,2025-02-08,1,3,480.0,472.9,406.2,2031,2018
1372,2025-02-08,2,1,480.0,363.3,326.2,1631,1616
1373,2025-02-08,2,2,480.0,335.0,294.6,1473,1455
1374,2025-02-08,2,3,480.0,465.9,401.8,2009,1963
1375,2025-02-08,3,1,480.0,468.3,377.6,1678,1645
1376,2025-02-08,3,2,480.0,437.3,376.4,1673,1636
1377,2025-02-08,3,3,480.0,353.2,282.1,1254,1222
1378,2025-02-08,4,1,480.0,379.3,354.7,2240,2219
1379,2025-02-08,4,2,480.0,438.6,394.7,2493,2454
1380,2025-02-08,4,3,480.0,429.9,390.9,2469,2448
1381,2025-02-08,5,1,480.0,333.4,298.2,852,836
1382,2025-02-08,5,2,480.0,449.5,387.8,1108,1090
1383,2025-02-08,5,3,480.0,425.1,350.7,1002,983
1384,2025-02-08,6,1,480.0,446.5,379.8,1085,1060
1385,2025-02-08,6,2,480.0,421.6,356.6,1019,998
1386,2025-02-08,6,3,480.0,439.4,361.9,1034,1008
1387,2025-02-08,7,1,480.0,352.1,291.2,728,710
1388,2025-02-08,7,2,480.0,294.8,242.0,605,589
1389,2025-02-08,7,3,480.0,393.1,318.0,795,776
1390,2025-02-08,8,1,480.0,366.1,303.6,792,774
1391,2025-02-08,8,2,480.0,401.6,343.1,895,874
1392,2025-02-08,8,3,480.0,362.3,303.2,791,771
1393,2025-02-08,9,1,480.0,454.2,416.4,1315,1293
1394,2025-02-08,9,2,480.0,468.8,414.8,1310,1293
1395,2025-02-08,9,3,480.0,448.5,396.5,1252,1239
1396,2025-02-08,10,1,480.0,429.7,375.5,1502,1484
1397,2025-02-08,10,2,480.0,399.4,348.0,1392,1372
1398,2025-02-08,10,3,480.0,438.4,360.0,1440,1415
1399,2025-02-08,11,1,480.0,449.8,386.2,1324,1302
1400,2025-02-08,11,2,480.0,313.5,267.5,917,896
1401,2025-02-08,11,3,480.0,338.9,284.1,974,951
1402,2025-02-08,12,1,480.0,426.1,375.7,1409,1381
1403,2025-02-08,12,2,480.0,433.2,389.3,1460,1441
1404,2025-02-08,12,3,480.0,441.9,373.9,1402,1384
1405,2025-02-09,1,1,480.0,442.3,393.2,1966,1951
1406,2025-02-09,1,2,480.0,444.3,390.8,1954,1933
1407,2025-02-09,1,3,480.0,471.0,410.0,2050,2027
1408,2025-02-09,2,1,480.0,437.7,398.0,1990,1962
1409,2025-02-09,2,2,480.0,336.9,290.0,1450,1429
1410,2025-02-09,2,3,480.0,402.9,362.4,1812,1787
1411,2025-02-09,3,1,480.0,325.6,278.8,1239,1214
1412,2025-02-09,3,2,480.0,383.7,319.7,1421,1380
1413,2025-02-09,3,3,480.0,452.1,374.9,1666,1642
1414,2025-02-09,4,1,480.0,478.5,425.1,2685,2666
1415,2025-02-09,4,2,480.0,471.6,436.8,2759,2729
1416,2025-02-09,4,3,480.0,426.4,375.1,2369,2336
1417,2025-02-09,5,1,480.0,468.1,396.6,1133,1112
1418,2025-02-09,5,2,480.0,423.6,353.9,1011,989
1419,2025-02-09,5,3,443.5,354.5,301.0,860,842
1420,2025-02-09,6,1,480.0,384.7,326.2,932,917
1421,2025-02-09,6,2,480.0,418.3,352.4,1007,985
1422,2025-02-09,6,3,480.0,278.9,231.7,662,651
1423,2025-02-09,7,1,480.0,330.8,282.8,707,688
1424,2025-02-09,7,2,480.0,389.1,330.8,827,804
1425,2025-02-09,7,3,480.0,467.1,371.2,928,902
1426,2025-02-09,8,1,480.0,436.2,372.6,972,949
1427,2025-02-09,8,2,480.0,340.5,292.9,764,754
1428,2025-02-09,8,3,480.0,336.0,279.4,729,715
1429,2025-02-09,9,1,480.0,472.0,425.9,1345,1322
1430,2025-02-09,9,2,480.0,397.2,357.8,1130,1109
1431,2025-02-09,9,3,480.0,413.6,368.6,1164,1143
1432,2025-02-09,10,1,480.0,449.0,381.5,1526,1499
1433,2025-02-09,10,2,480.0,438.3,385.0,1540,1517
1434,2025-02-09,10,3,480.0,438.6,366.0,1464,1439
1435,2025-02-09,11,1,480.0,349.1,303.0,1039,1012
1436,2025-02-09,11,2,480.0,392.0,347.4,1191,1159
1437,2025-02-09,11,3,480.0,459.2,383.8,1316,1288
1438,2025-02-09,12,1,480.0,460.2,414.4,1554,1526
1439,2025-02-09,12,2,480.0,480.0,428.8,1608,1591
1440,2025-02-09,12,3,480.0,418.3,353.1,1324,1302
1441,2025-02-10,1,1,480.0,424.8,379.4,1897,1888
1442,2025-02-10,1,2,480.0,366.0,321.6,1608,1592
1443,2025-02-10,1,3,480.0,366.3,315.6,1578,1554
1444,2025-02-10,2,1,480.0,424.8,386.6,1933,1906
1445,2025-02-10,2,2,480.0,431.9,383.2,1916,1881
1446,2025-02-10,2,3,480.0,454.3,384.8,1924,1901
1447,2025-02-10,3,1,480.0,392.1,336.4,1495,1465
1448,2025-02-10,3,2,480.0,355.4,291.4,1295,1267
1449,2025-02-10,3,3,480.0,384.9,305.6,1358,1331
1450,2025-02-10,4,1,480.0,377.9,335.0,2116,2094
1451,2025-02-10,4,2,480.0,472.1,438.1,2767,2743
1452,2025-02-10,4,3,480.0,464.8,401.9,2538,2513
1453,2025-02-10,5,1,480.0,448.8,385.7,1102,1088
1454,2025-02-10,5,2,480.0,442.4,379.1,1083,1063
1455,2025-02-10,5,3,480.0,444.8,365.8,1045,1026
1456,2025-02-10,6,1,480.0,336.9,284.9,814,796
1457,2025-02-10,6,2,480.0,425.3,346.5,990,973
1458,2025-02-10,6,3,480.0,424.6,346.5,990,971
1459,2025-02-10,7,1,480.0,345.3,296.8,742,723
1460,2025-02-10,7,2,480.0,333.2,267.6,669,649
1461,2025-02-10,7,3,480.0,366.1,295.2,738,718
1462,2025-02-10,8,1,480.0,382.0,320.5,836,817
1463,2025-02-10,8,2,480.0,447.9,379.5,990,968
1464,2025-02-10,8,3,480.0,440.2,361.9,944,927
1465,2025-02-10,9,1,480.0,428.7,381.3,1204,1182
1466,2025-02-10,9,2,480.0,438.4,398.7,1259,1241
1467,2025-02-10,9,3,480.0,392.8,340.7,1076,1065
1468,2025-02-10,10,1,480.0,366.3,317.2,1269,1256
1469,2025-02-10,10,2,480.0,450.9,395.8,1583,1554
1470,2025-02-10,10,3,480.0,386.7,334.2,1337,1319
1471,2025-02-10,11,1,480.0,480.0,425.2,1458,1420
1472,2025-02-10,11,2,480.0,394.4,332.8,1141,1116
1473,2025-02-10,11,3,480.0,331.6,276.8,949,928
1474,2025-02-10,12,1,480.0,361.5,332.0,1245,1228
1475,2025-02-10,12,2,480.0,442.8,384.3,1441,1425
1476,2025-02-10,12,3,480.0,430.3,369.1,1384,1360
1477,2025-02-11,1,1,480.0,399.4,350.8,1754,1736
1478,2025-02-11,1,2,480.0,441.2,387.4,1937,1904
1479,2025-02-11,1,3,443.3,379.4,329.8,1649,1631
1480,2025-02-11,2,1,480.0,390.4,325.4,1627,1602
1481,2025-02-11,2,2,480.0,480.0,428.0,2140,2103
1482,2025-02-11,2,3,480.0,449.5,381.6,1908,1887
1483,2025-02-11,3,1,480.0,430.7,358.2,1592,1561
1484,2025-02-11,3,2,480.0,463.4,382.5,1700,1661
1485,2025-02-11,3,3,480.0,396.8,310.9,1382,1350
1486,2025-02-11,4,1,480.0,380.1,346.9,2191,2168
1487,2025-02-11,4,2,480.0,446.4,397.9,2513,2483
1488,2025-02-11,4,3,480.0,451.4,409.1,2584,2549
1489,2025-02-11,5,1,480.0,445.5,382.2,1092,1065
1490,2025-02-11,5,2,480.0,399.1,352.8,1008,989
1491,2025-02-11,5,3,480.0,402.5,315.7,902,889
1492,2025-02-11,6,1,480.0,332.4,281.4,804,787
1493,2025-02-11,6,2,480.0,339.7,283.1,809,790
1494,2025-02-11,6,3,480.0,440.4,359.1,1026,1007
1495,2025-02-11,7,1,480.0,394.6,318.8,797,775
1496,2025-02-11,7,2,480.0,303.4,244.4,611,596
1497,2025-02-11,7,3,480.0,390.9,306.8,767,749
1498,2025-02-11,8,1,480.0,458.6,403.6,1053,1036
1499,2025-02-11,8,2,480.0,436.1,377.6,985,971
1500,2025-02-11,8,3,480.0,460.3,390.6,1019,1001
1501,2025-02-11,9,1,480.0,466.8,409.8,1294,1275
1502,2025-02-11,9,2,480.0,371.8,328.4,1037,1025
1503,2025-02-11,9,3,480.0,480.0,409.1,1292,1281
1504,2025-02-11,10,1,480.0,449.3,375.5,1502,1479
1505,2025-02-11,10,2,480.0,348.3,300.8,1203,1183
1506,2025-02-11,10,3,454.0,434.9,360.5,1442,1418
1507,2025-02-11,11,1,480.0,455.1,378.9,1299,1266
1508,2025-02-11,11,2,480.0,466.3,401.3,1376,1337
1509,2025-02-11,11,3,480.0,354.8,303.6,1041,1015
1510,2025-02-11,12,1,480.0,427.8,381.1,1429,1410
1511,2025-02-11,12,2,480.0,467.3,412.5,1547,1534
1512,2025-02-11,12,3,457.1,366.3,313.3,1175,1158
1513,2025-02-12,1,1,480.0,475.9,435.6,2178,2164
1514,2025-02-12,1,2,480.0,402.6,375.4,1877,1852
1515,2025-02-12,1,3,480.0,480.0,405.8,2029,2007
1516,2025-02-12,2,1,480.0,428.1,379.0,1895,1867
1517,2025-02-12,2,2,480.0,395.0,353.2,1766,1729
1518,2025-02-12,2,3,480.0,445.6,382.2,1911,1881
1519,2025-02-12,3,1,480.0,392.9,322.0,1431,1389
1520,2025-02-12,3,2,480.0,371.6,300.6,1336,1318
1521,2025-02-12,3,3,480.0,338.5,271.1,1205,1178
1522,2025-02-12,4,1,480.0,448.4,422.8,2670,2636
1523,2025-02-12,4,2,480.0,474.6,424.5,2681,2658
1524,2025-02-12,4,3,480.0,435.4,395.0,2495,2471
1525,2025-02-12,5,1,480.0,425.0,354.6,1013,990
1526,2025-02-12,5,2,480.0,446.8,389.6,1113,1093
1527,2025-02-12,5,3,480.0,364.6,310.1,886,871
1528,2025-02-12,6,1,480.0,321.0,272.3,778,765
1529,2025-02-12,6,2,480.0,437.5,369.2,1055,1034
1530,2025-02-12,6,3,480.0,326.7,280.0,800,788
1531,2025-02-12,7,1,480.0,289.5,236.0,590,573
1532,2025-02-12,7,2,480.0,440.5,362.0,905,884
1533,2025-02-12,7,3,480.0,394.0,308.0,770,748
1534,2025-02-12,8,1,480.0,395.1,339.2,885,865
1535,2025-02-12,8,2,480.0,410.6,348.4,909,890
1536,2025-02-12,8,3,480.0,330.2,260.7,680,666
1537,2025-02-12,9,1,308.7,308.7,277.1,875,859
1538,2025-02-12,9,2,480.0,356.5,306.5,968,957
1539,2025-02-12,9,3,480.0,480.0,420.2,1327,1320
1540,2025-02-12,10,1,480.0,446.5,387.2,1549,1530
1541,2025-02-12,10,2,480.0,395.5,337.2,1349,1344
1542,2025-02-12,10,3,480.0,253.0,220.2,881,864
1543,2025-02-12,11,1,480.0,375.0,329.0,1128,1097
1544,2025-02-12,11,2,480.0,437.7,377.7,1295,1267
1545,2025-02-12,11,3,480.0,374.6,312.7,1072,1043
1546,2025-02-12,12,1,480.0,384.8,344.8,1293,1280
1547,2025-02-12,12,2,480.0,453.0,413.1,1549,1530
1548,2025-02-12,12,3,480.0,391.8,328.0,1230,1217
1549,2025-02-13,1,1,480.0,438.0,397.2,1986,1971
1550,2025-02-13,1,2,480.0,467.9,422.4,2112,2080
1551,2025-02-13,1,3,480.0,370.5,321.0,1605,1592
1552,2025-02-13,2,1,480.0,461.9,407.4,2037,2017
1553,2025-02-13,2,2,480.0,419.7,377.8,1889,1863
1554,2025-02-13,2,3,480.0,428.8,367.6,1838,1802
1555,2025-02-13,3,1,480.0,427.7,352.1,1565,1529
1556,2025-02-13,3,2,480.0,258.1,216.4,962,944
1557,2025-02-13,3,3,480.0,277.7,229.3,1019,996
1558,2025-02-13,4,1,480.0,451.9,401.9,2538,2520
1559,2025-02-13,4,2,480.0,447.9,401.4,2535,2500
1560,2025-02-13,4,3,480.0,468.9,413.1,2609,2573
1561,2025-02-13,5,1,480.0,338.8,289.4,827,814
1562,2025-02-13,5,2,480.0,457.0,394.1,1126,1102
1563,2025-02-13,5,3,480.0,421.9,342.3,978,956
1564,2025-02-13,6,1,480.0,397.8,336.4,961,942
1565,2025-02-13,6,2,480.0,338.7,294.7,842,824
1566,2025-02-13,6,3,480.0,426.6,332.5,950,934
1567,2025-02-13,7,1,480.0,452.9,371.2,928,901
1568,2025-02-13,7,2,480.0,388.7,312.0,780,758
1569,2025-02-13,7,3,480.0,340.8,265.6,664,652
1570,2025-02-13,8,1,480.0,347.6,294.4,768,749
1571,2025-02-13,8,2,480.0,422.5,345.8,902,882
1572,2025-02-13,8,3,480.0,480.0,404.0,1054,1029
1573,2025-02-13,9,1,480.0,465.4,424.6,1341,1327
1574,2025-02-13,9,2,480.0,480.0,431.3,1362,1346
1575,2025-02-13,9,3,480.0,404.2,341.4,1078,1062
1576,2025-02-13,10,1,480.0,459.6,402.5,1610,1601
1577,2025-02-13,10,2,480.0,405.3,356.8,1427,1404
1578,2025-02-13,10,3,480.0,447.3,377.2,1509,1486
1579,2025-02-13,11,1,480.0,424.0,350.9,1203,1175
1580,2025-02-13,11,2,480.0,320.3,272.1,933,911
1581,2025-02-13,11,3,480.0,189.4,155.8,534,526
1582,2025-02-13,12,1,480.0,447.2,388.0,1455,1433
1583,2025-02-13,12,2,480.0,442.5,381.1,1429,1406
1584,2025-02-13,12,3,480.0,424.1,354.7,1330,1318
1585,2025-02-14,1,1,480.0,437.8,388.0,1940,1919
1586,2025-02-14,1,2,480.0,342.4,313.0,1565,1545
1587,2025-02-14,1,3,480.0,382.2,324.2,1621,1600
1588,2025-02-14,2,1,480.0,459.1,399.6,1998,1985
1589,2025-02-14,2,2,480.0,444.4,389.6,1948,1922
1590,2025-02-14,2,3,480.0,453.3,388.0,1940,1899
1591,2025-02-14,3,1,480.0,359.8,308.2,1370,1345
1592,2025-02-14,3,2,480.0,388.8,324.4,1442,1399
1593,2025-02-14,3,3,480.0,311.1,251.3,1117,1095
1594,2025-02-14,4,1,480.0,438.0,391.9,2475,2461
1595,2025-02-14,4,2,480.0,476.6,440.2,2780,2744
1596,2025-02-14,4,3,446.7,384.6,346.1,2186,2160
1597,2025-02-14,5,1,480.0,436.4,392.7,1122,1110
1598,2025-02-14,5,2,480.0,394.3,346.1,989,972
1599,2025-02-14,5,3,480.0,332.4,274.1,783,764
1600,2025-02-14,6,1,480.0,406.9,347.6,993,971
1601,2025-02-14,6,2,480.0,359.5,302.1,863,852
1602,2025-02-14,6,3,480.0,331.8,274.4,784,765
1603,2025-02-14,7,1,480.0,439.3,353.2,883,864
1604,2025-02-14,7,2,480.0,320.9,255.6,639,620
1605,2025-02-14,7,3,480.0,435.7,341.2,853,826
1606,2025-02-14,8,1,480.0,360.2,302.4,789,771
1607,2025-02-14,8,2,480.0,439.1,378.4,987,963
1608,2025-02-14,8,3,480.0,402.5,337.7,881,858
1609,2025-02-14,9,1,480.0,429.3,391.4,1236,1216
1610,2025-02-14,9,2,480.0,421.4,373.7,1180,1161
1611,2025-02-14,9,3,480.0,376.6,323.9,1023,1007
1612,2025-02-14,10,1,480.0,369.1,331.5,1326,1299
1613,2025-02-14,10,2,480.0,379.2,321.0,1284,1265
1614,2025-02-14,10,3,480.0,192.8,160.2,641,631
1615,2025-02-14,11,1,480.0,407.2,348.2,1194,1163
1616,2025-02-14,11,2,480.0,313.1,258.7,887,863
1617,2025-02-14,11,3,480.0,318.9,264.8,908,887
1618,2025-02-14,12,1,480.0,386.7,337.3,1265,1247
1619,2025-02-14,12,2,480.0,473.8,413.9,1552,1529
1620,2025-02-14,12,3,480.0,469.5,401.9,1507,1499
1621,2025-02-15,1,1,480.0,395.0,356.0,1780,1759
1622,2025-02-15,1,2,480.0,347.6,298.6,1493,1466
1623,2025-02-15,1,3,480.0,444.3,378.6,1893,1860
1624,2025-02-15,2,1,480.0,422.6,363.2,1816,1795
1625,2025-02-15,2,2,480.0,426.5,393.6,1968,1920
1626,2025-02-15,2,3,480.0,322.6,260.6,1303,1278
1627,2025-02-15,3,1,480.0,347.6,294.3,1308,1271
1628,2025-02-15,3,2,480.0,308.0,248.6,1105,1082
1629,2025-02-15,3,3,480.0,411.1,322.9,1435,1407
1630,2025-02-15,4,1,480.0,474.6,429.1,2710,2676
1631,2025-02-15,4,2,480.0,444.7,410.7,2594,2557
1632,2025-02-15,4,3,480.0,480.0,430.5,2719,2697
1633,2025-02-15,5,1,480.0,423.0,377.3,1078,1071
1634,2025-02-15,5,2,480.0,448.0,387.4,1107,1089
1635,2025-02-15,5,3,480.0,440.9,375.9,1074,1054
1636,2025-02-15,6,1,480.0,435.8,369.9,1057,1037
1637,2025-02-15,6,2,480.0,376.1,318.9,911,888
1638,2025-02-15,6,3,480.0,433.7,346.5,990,974
1639,2025-02-15,7,1,480.0,437.6,362.0,905,887
1640,2025-02-15,7,2,480.0,426.9,345.6,864,842
1641,2025-02-15,7,3,480.0,296.6,230.8,577,560
1642,2025-02-15,8,1,480.0,428.8,366.9,957,935
1643,2025-02-15,8,2,480.0,480.0,410.2,1070,1049
1644,2025-02-15,8,3,480.0,410.5,315.5,823,804
1645,2025-02-15,9,1,480.0,463.6,421.5,1331,1305
1646,2025-02-15,9,2,480.0,428.3,387.9,1225,1210
1647,2025-02-15,9,3,480.0,434.9,374.0,1181,1169
1648,2025-02-15,10,1,480.0,435.9,380.0,1520,1494
1649,2025-02-15,10,2,480.0,412.8,356.5,1426,1417
1650,2025-02-15,10,3,443.7,407.5,345.0,1380,1365
1651,2025-02-15,11,1,480.0,397.7,346.5,1188,1159
1652,2025-02-15,11,2,480.0,436.0,374.5,1284,1252
1653,2025-02-15,11,3,480.0,427.0,352.3,1208,1179
1654,2025-02-15,12,1,480.0,446.8,392.0,1470,1459
1655,2025-02-15,12,2,480.0,471.6,411.5,1543,1518
1656,2025-02-15,12,3,480.0,414.3,348.3,1306,1289
1657,2025-02-16,1,1,480.0,477.1,423.4,2117,2103
1658,2025-02-16,1,2,480.0,439.7,395.4,1977,1956
1659,2025-02-16,1,3,436.4,346.1,294.0,1470,1453
1660,2025-02-16,2,1,480.0,480.0,425.2,2126,2101
1661,2025-02-16,2,2,480.0,367.2,327.8,1639,1614
1662,2025-02-16,2,3,480.0,421.5,358.2,1791,1762
1663,2025-02-16,3,1,480.0,305.0,257.2,1143,1123
1664,2025-02-16,3,2,480.0,387.3,323.6,1438,1397
1665,2025-02-16,3,3,480.0,328.0,262.1,1165,1139
1666,2025-02-16,4,1,480.0,467.3,410.1,2590,2571
1667,2025-02-16,4,2,480.0,423.8,399.5,2523,2489
1668,2025-02-16,4,3,480.0,480.0,431.6,2726,2704
1669,2025-02-16,5,1,480.0,426.8,355.6,1016,992
1670,2025-02-16,5,2,480.0,381.1,329.7,942,923
1671,2025-02-16,5,3,447.9,398.4,329.0,940,919
1672,2025-02-16,6,1,480.0,416.2,355.2,1015,991
1673,2025-02-16,6,2,480.0,454.0,378.0,1080,1055
1674,2025-02-16,6,3,480.0,437.7,382.9,1094,1069
1675,2025-02-16,7,1,480.0,343.7,278.4,696,676
1676,2025-02-16,7,2,480.0,386.4,315.2,788,774
1677,2025-02-16,7,3,480.0,318.6,260.4,651,633
1678,2025-02-16,8,1,480.0,339.1,294.8,769,759
1679,2025-02-16,8,2,480.0,346.5,305.1,796,776
1680,2025-02-16,8,3,480.0,398.9,320.9,837,820
1681,2025-02-16,9,1,480.0,480.0,433.8,1370,1357
1682,2025-02-16,9,2,480.0,480.0,428.1,1352,1340
1683,2025-02-16,9,3,480.0,441.7,388.9,1228,1207
1684,2025-02-16,10,1,480.0,457.8,404.5,1618,1596
1685,2025-02-16,10,2,480.0,387.0,338.2,1353,1334
1686,2025-02-16,10,3,480.0,395.3,344.8,1379,1354
1687,2025-02-16,11,1,480.0,413.3,344.8,1182,1152
1688,2025-02-16,11,2,480.0,305.5,255.8,877,849
1689,2025-02-16,11,3,480.0,330.0,268.3,920,906
1690,2025-02-16,12,1,480.0,454.7,389.9,1462,1441
1691,2025-02-16,12,2,480.0,456.7,404.5,1517,1501
1692,2025-02-16,12,3,480.0,466.4,405.3,1520,1494
1693,2025-02-17,1,1,480.0,444.3,408.0,2040,2013
1694,2025-02-17,1,2,480.0,420.1,370.0,1850,1823
1695,2025-02-17,1,3,450.1,444.6,389.6,1948,1934
1696,2025-02-17,2,1,480.0,463.4,410.6,2053,2027
1697,2025-02-17,2,2,480.0,464.1,396.6,1983,1969
1698,2025-02-17,2,3,480.0,409.0,344.8,1724,1689
1699,2025-02-17,3,1,480.0,418.0,338.6,1505,1472
1700,2025-02-17,3,2,480.0,364.4,303.3,1348,1314
1701,2025-02-17,3,3,480.0,318.9,247.7,1101,1073
1702,2025-02-17,4,1,480.0,459.7,416.3,2629,2577
1703,2025-02-17,4,2,480.0,421.2,388.9,2456,2420
1704,2025-02-17,4,3,480.0,439.8,359.1,2268,2251
1705,2025-02-17,5,1,480.0,376.4,326.6,933,919
1706,2025-02-17,5,2,480.0,356.5,302.8,865,849
1707,2025-02-17,5,3,480.0,383.9,319.2,912,892
1708,2025-02-17,6,1,480.0,462.5,402.5,1150,1124
1709,2025-02-17,6,2,480.0,330.6,282.4,807,796
1710,2025-02-17,6,3,480.0,367.0,297.9,851,829
1711,2025-02-17,7,1,480.0,421.4,337.6,844,826
1712,2025-02-17,7,2,480.0,448.3,364.0,910,887
1713,2025-02-17,7,3,480.0,314.5,253.2,633,618
1714,2025-02-17,8,1,480.0,399.6,328.9,858,834
1715,2025-02-17,8,2,480.0,480.0,410.2,1070,1049
1716,2025-02-17,8,3,480.0,390.9,317.4,828,811
1717,2025-02-17,9,1,480.0,456.0,416.4,1315,1309
1718,2025-02-17,9,2,480.0,423.4,372.1,1175,1166
1719,2025-02-17,9,3,451.5,421.5,357.2,1128,1109
1720,2025-02-17,10,1,480.0,473.0,431.8,1727,1689
1721,2025-02-17,10,2,480.0,423.3,372.2,1489,1463
1722,2025-02-17,10,3,480.0,426.1,360.2,1441,1412
1723,2025-02-17,11,1,480.0,371.5,309.8,1062,1041
1724,2025-02-17,11,2,480.0,409.5,361.7,1240,1217
1725,2025-02-17,11,3,480.0,454.7,372.8,1278,1249
1726,2025-02-17,12,1,480.0,450.8,399.7,1499,1478
1727,2025-02-17,12,2,480.0,480.0,431.2,1617,1592
1728,2025-02-17,12,3,480.0,456.0,402.4,1509,1483
1729,2025-02-18,1,1,480.0,437.1,394.4,1972,1944
1730,2025-02-18,1,2,480.0,410.4,357.2,1786,1756
1731,2025-02-18,1,3,480.0,387.5,333.4,1667,1641
1732,2025-02-18,2,1,480.0,428.5,379.4,1897,1880
1733,2025-02-18,2,2,480.0,464.0,401.6,2008,1977
1734,2025-02-18,2,3,480.0,431.4,365.8,1829,1807
1735,2025-02-18,3,1,480.0,371.1,309.1,1374,1352
1736,2025-02-18,3,2,480.0,327.9,266.6,1185,1163
1737,2025-02-18,3,3,480.0,413.1,331.4,1473,1437
1738,2025-02-18,4,1,480.0,407.3,365.4,2308,2300
1739,2025-02-18,4,2,480.0,413.5,372.9,2355,2335
1740,2025-02-18,4,3,480.0,393.8,340.3,2149,2124
1741,2025-02-18,5,1,480.0,400.0,339.5,970,953
1742,2025-02-18,5,2,480.0,471.5,396.6,1133,1111
1743,2025-02-18,5,3,480.0,393.0,336.4,961,940
1744,2025-02-18,6,1,480.0,463.2,392.4,1121,1103
1745,2025-02-18,6,2,480.0,427.7,373.1,1066,1045
1746,2025-02-18,6,3,480.0,426.5,352.8,1008,992
1747,2025-02-18,7,1,480.0,401.6,332.8,832,807
1748,2025-02-18,7,2,480.0,360.7,290.8,727,708
1749,2025-02-18,7,3,480.0,388.5,304.4,761,734
1750,2025-02-18,8,1,480.0,394.0,341.9,892,872
1751,2025-02-18,8,2,480.0,344.9,287.1,749,734
1752,2025-02-18,8,3,480.0,420.8,350.8,915,896
1753,2025-02-18,9,1,480.0,364.0,327.8,1035,1011
1754,2025-02-18,9,2,480.0,434.3,387.6,1224,1213
1755,2025-02-18,9,3,480.0,433.5,375.6,1186,1173
1756,2025-02-18,10,1,480.0,389.0,340.8,1363,1340
1757,2025-02-18,10,2,480.0,478.9,417.8,1671,1643
1758,2025-02-18,10,3,480.0,449.0,376.2,1505,1478
1759,2025-02-18,11,1,480.0,300.3,257.0,881,865
1760,2025-02-18,11,2,480.0,398.7,346.5,1188,1159
1761,2025-02-18,11,3,480.0,319.0,254.0,871,850
1762,2025-02-18,12,1,480.0,463.8,419.5,1573,1554
1763,2025-02-18,12,2,480.0,415.0,365.6,1371,1352
1764,2025-02-18,12,3,480.0,426.9,358.1,1343,1332
1765,2025-02-19,1,1,480.0,347.2,309.6,1548,1545
1766,2025-02-19,1,2,480.0,472.4,428.6,2143,2099
1767,2025-02-19,1,3,480.0,445.9,385.0,1925,1899
1768,2025-02-19,2,1,480.0,424.8,382.0,1910,1873
1769,2025-02-19,2,2,480.0,471.0,408.2,2041,2013
1770,2025-02-19,2,3,480.0,346.7,294.0,1470,1449
1771,2025-02-19,3,1,480.0,470.6,388.6,1727,1697
1772,2025-02-19,3,2,480.0,338.1,281.7,1252,1219
1773,2025-02-19,3,3,480.0,382.9,304.0,1351,1319
1774,2025-02-19,4,1,480.0,417.8,373.5,2359,2311
1775,2025-02-19,4,2,480.0,459.6,427.0,2697,2661
1776,2025-02-19,4,3,480.0,471.7,415.1,2622,2604
1777,2025-02-19,5,1,480.0,389.8,335.6,959,939
1778,2025-02-19,5,2,480.0,388.1,329.7,942,925
1779,2025-02-19,5,3,442.6,414.1,348.6,996,979
1780,2025-02-19,6,1,480.0,449.9,376.6,1076,1053
1781,2025-02-19,6,2,480.0,388.8,343.7,982,966
1782,2025-02-19,6,3,480.0,344.1,297.5,850,828
1783,2025-02-19,7,1,480.0,431.8,360.4,901,879
1784,2025-02-19,7,2,480.0,335.7,284.0,710,685
1785,2025-02-19,7,3,480.0,401.5,335.2,838,822
1786,2025-02-19,8,1,480.0,443.0,386.0,1007,983
1787,2025-02-19,8,2,480.0,452.7,388.3,1013,1001
1788,2025-02-19,8,3,480.0,331.3,267.6,698,682
1789,2025-02-19,9,1,480.0,480.0,437.9,1383,1373
1790,2025-02-19,9,2,480.0,438.0,390.4,1233,1211
1791,2025-02-19,9,3,480.0,415.1,362.3,1144,1135
1792,2025-02-19,10,1,480.0,435.1,376.2,1505,1481
1793,2025-02-19,10,2,480.0,442.1,397.0,1588,1566
1794,2025-02-19,10,3,480.0,416.6,354.5,1418,1395
1795,2025-02-19,11,1,480.0,350.6,292.0,1001,972
1796,2025-02-19,11,2,480.0,404.9,351.2,1204,1181
1797,2025-02-19,11,3,480.0,467.8,386.8,1326,1297
1798,2025-02-19,12,1,480.0,467.8,414.1,1553,1539
1799,2025-02-19,12,2,480.0,452.8,402.4,1509,1487
1800,2025-02-19,12,3,480.0,401.9,354.4,1329,1312
1801,2025-02-20,1,1,480.0,443.0,393.6,1968,1935
1802,2025-02-20,1,2,480.0,372.3,324.8,1624,1607
1803,2025-02-20,1,3,480.0,398.0,340.2,1701,1673
1804,2025-02-20,2,1,480.0,454.4,398.2,1991,1952
1805,2025-02-20,2,2,480.0,444.3,395.4,1977,1949
1806,2025-02-20,2,3,480.0,427.0,349.0,1745,1716
1807,2025-02-20,3,1,480.0,409.9,335.7,1492,1453
1808,2025-02-20,3,2,480.0,257.9,214.0,951,934
1809,2025-02-20,3,3,480.0,412.4,345.8,1537,1499
1810,2025-02-20,4,1,480.0,439.0,396.1,2502,2481
1811,2025-02-20,4,2,480.0,461.3,427.0,2697,2663
1812,2025-02-20,4,3,480.0,465.8,394.6,2492,2462
1813,2025-02-20,5,1,480.0,351.3,306.2,875,857
1814,2025-02-20,5,2,480.0,392.6,333.2,952,936
1815,2025-02-20,5,3,480.0,425.6,356.6,1019,999
1816,2025-02-20,6,1,480.0,452.4,367.1,1049,1021
1817,2025-02-20,6,2,480.0,384.6,338.8,968,951
1818,2025-02-20,6,3,480.0,465.3,372.4,1064,1052
1819,2025-02-20,7,1,480.0,428.6,349.2,873,849
1820,2025-02-20,7,2,480.0,381.8,311.6,779,754
1821,2025-02-20,7,3,480.0,378.3,302.8,757,743
1822,2025-02-20,8,1,480.0,373.2,306.3,799,790
1823,2025-02-20,8,2,480.0,319.1,274.5,716,701
1824,2025-02-20,8,3,480.0,443.0,358.4,935,911
1825,2025-02-20,9,1,480.0,354.5,318.9,1007,1000
1826,2025-02-20,9,2,480.0,480.0,430.0,1358,1346
1827,2025-02-20,9,3,480.0,465.3,406.3,1283,1268
1828,2025-02-20,10,1,480.0,441.2,384.0,1536,1523
1829,2025-02-20,10,2,480.0,427.7,370.5,1482,1459
1830,2025-02-20,10,3,480.0,262.8,221.0,884,862
1831,2025-02-20,11,1,480.0,406.4,339.5,1164,1137
1832,2025-02-20,11,2,480.0,433.8,368.1,1262,1232
1833,2025-02-20,11,3,480.0,462.1,375.7,1288,1254
1834,2025-02-20,12,1,480.0,449.2,396.3,1486,1471
1835,2025-02-20,12,2,480.0,344.1,308.0,1155,1138
1836,2025-02-20,12,3,480.0,445.0,398.1,1493,1465
1837,2025-02-21,1,1,290.9,245.6,217.4,1087,1074
1838,2025-02-21,1,2,480.0,463.6,417.8,2089,2081
1839,2025-02-21,1,3,480.0,435.3,378.0,1890,1873
1840,2025-02-21,2,1,480.0,466.0,411.8,2059,2018
1841,2025-02-21,2,2,480.0,480.0,418.4,2092,2062
1842,2025-02-21,2,3,452.6,426.7,362.4,1812,1790
1843,2025-02-21,3,1,480.0,332.0,269.3,1197,1170
1844,2025-02-21,3,2,480.0,223.9,186.8,830,815
1845,2025-02-21,3,3,480.0,332.3,263.2,1170,1149
1846,2025-02-21,4,1,480.0,480.0,434.3,2743,2698
1847,2025-02-21,4,2,480.0,480.0,440.2,2780,2763
1848,2025-02-21,4,3,480.0,411.7,368.3,2326,2303
1849,2025-02-21,5,1,480.0,310.5,261.4,747,733
1850,2025-02-21,5,2,480.0,333.7,290.1,829,817
1851,2025-02-21,5,3,480.0,391.3,337.4,964,943
1852,2025-02-21,6,1,480.0,395.2,335.3,958,948
1853,2025-02-21,6,2,480.0,455.4,390.9,1117,1098
1854,2025-02-21,6,3,480.0,388.6,318.9,911,894
1855,2025-02-21,7,1,480.0,356.5,300.8,752,736
1856,2025-02-21,7,2,480.0,409.6,332.8,832,819
1857,2025-02-21,7,3,480.0,223.6,170.8,427,415
1858,2025-02-21,8,1,480.0,347.7,300.5,784,764
1859,2025-02-21,8,2,480.0,433.3,358.4,935,923
1860,2025-02-21,8,3,480.0,424.4,358.0,934,917
1861,2025-02-21,9,1,480.0,480.0,429.4,1356,1340
1862,2025-02-21,9,2,480.0,480.0,438.3,1384,1361
1863,2025-02-21,9,3,480.0,407.9,355.3,1122,1112
1864,2025-02-21,10,1,480.0,444.3,388.8,1555,1515
1865,2025-02-21,10,2,480.0,480.0,421.0,1684,1659
1866,2025-02-21,10,3,480.0,335.6,280.2,1121,1104
1867,2025-02-21,11,1,480.0,455.5,383.5,1315,1281
1868,2025-02-21,11,2,480.0,435.5,371.3,1273,1241
1869,2025-02-21,11,3,480.0,459.8,375.4,1287,1259
1870,2025-02-21,12,1,480.0,428.7,387.7,1454,1439
1871,2025-02-21,12,2,480.0,480.0,419.5,1573,1558
1872,2025-02-21,12,3,480.0,395.7,340.0,1275,1255
1873,2025-02-22,1,1,480.0,424.4,391.4,1957,1928
1874,2025-02-22,1,2,480.0,407.2,364.4,1822,1803
1875,2025-02-22,1,3,444.2,412.5,353.2,1766,1745
1876,2025-02-22,2,1,480.0,421.7,371.8,1859,1817
1877,2025-02-22,2,2,480.0,462.2,403.4,2017,1997
1878,2025-02-22,2,3,480.0,480.0,424.2,2121,2086
1879,2025-02-22,3,1,480.0,423.9,361.1,1605,1578
1880,2025-02-22,3,2,480.0,390.7,324.4,1442,1408
1881,2025-02-22,3,3,480.0,431.4,345.8,1537,1508
1882,2025-02-22,4,1,480.0,480.0,430.7,2720,2685
1883,2025-02-22,4,2,480.0,461.8,421.8,2664,2658
1884,2025-02-22,4,3,480.0,450.9,397.4,2510,2496
1885,2025-02-22,5,1,480.0,416.7,362.6,1036,1015
1886,2025-02-22,5,2,480.0,334.8,284.6,813,799
1887,2025-02-22,5,3,480.0,428.5,363.6,1039,1022
1888,2025-02-22,6,1,480.0,444.4,385.7,1102,1084
1889,2025-02-22,6,2,480.0,424.5,360.1,1029,1008
1890,2025-02-22,6,3,480.0,414.0,349.6,999,974
1891,2025-02-22,7,1,480.0,410.9,337.2,843,827
1892,2025-02-22,7,2,480.0,373.7,313.6,784,761
1893,2025-02-22,7,3,480.0,247.8,196.8,492,481
1894,2025-02-22,8,1,480.0,324.0,276.4,721,702
1895,2025-02-22,8,2,480.0,442.4,365.3,953,930
1896,2025-02-22,8,3,480.0,334.6,276.4,721,705
1897,2025-02-22,9,1,480.0,413.9,379.4,1198,1180
1898,2025-02-22,9,2,480.0,474.7,432.2,1365,1347
1899,2025-02-22,9,3,480.0,404.3,359.4,1135,1121
1900,2025-02-22,10,1,480.0,405.9,355.2,1421,1403
1901,2025-02-22,10,2,480.0,480.0,418.0,1672,1646
1902,2025-02-22,10,3,440.9,389.3,319.5,1278,1259
1903,2025-02-22,11,1,480.0,291.9,241.2,827,810
1904,2025-02-22,11,2,480.0,399.0,348.5,1195,1169
1905,2025-02-22,11,3,480.0,438.1,365.5,1253,1223
1906,2025-02-22,12,1,480.0,449.0,400.3,1501,1482
1907,2025-02-22,12,2,480.0,440.2,392.8,1473,1447
1908,2025-02-22,12,3,480.0,379.6,316.5,1187,1169
1909,2025-02-23,1,1,480.0,452.7,412.4,2062,2044
1910,2025-02-23,1,2,480.0,431.2,388.8,1944,1915
1911,2025-02-23,1,3,480.0,453.3,388.4,1942,1911
1912,2025-02-23,2,1,480.0,457.9,398.8,1994,1966
1913,2025-02-23,2,2,480.0,408.2,362.4,1812,1779
1914,2025-02-23,2,3,480.0,431.6,380.0,1900,1867
1915,2025-02-23,3,1,480.0,279.4,226.6,1007,982
1916,2025-02-23,3,2,480.0,441.1,354.6,1576,1536
1917,2025-02-23,3,3,446.2,378.2,307.4,1366,1335
1918,2025-02-23,4,1,480.0,461.0,401.5,2536,2516
1919,2025-02-23,4,2,480.0,434.5,391.7,2474,2428
1920,2025-02-23,4,3,452.7,430.2,385.9,2437,2410
1921,2025-02-23,5,1,480.0,480.0,419.3,1198,1174
1922,2025-02-23,5,2,480.0,427.5,367.9,1051,1035
1923,2025-02-23,5,3,480.0,475.0,407.1,1163,1133
1924,2025-02-23,6,1,480.0,420.1,357.0,1020,999
1925,2025-02-23,6,2,480.0,359.6,309.4,884,866
1926,2025-02-23,6,3,480.0,464.6,399.7,1142,1118
1927,2025-02-23,7,1,480.0,284.2,235.2,588,568
1928,2025-02-23,7,2,480.0,444.0,362.0,905,881
1929,2025-02-23,7,3,480.0,320.7,259.2,648,630
1930,2025-02-23,8,1,480.0,379.3,311.6,813,798
1931,2025-02-23,8,2,480.0,393.0,326.2,851,831
1932,2025-02-23,8,3,480.0,448.9,364.2,950,927
1933,2025-02-23,9,1,480.0,442.5,402.5,1271,1249
1934,2025-02-23,9,2,480.0,456.2,407.6,1287,1272
1935,2025-02-23,9,3,480.0,436.8,379.4,1198,1183
1936,2025-02-23,10,1,480.0,440.7,379.0,1516,1493
1937,2025-02-23,10,2,480.0,421.8,377.8,1511,1482
1938,2025-02-23,10,3,480.0,264.9,218.8,875,865
1939,2025-02-23,11,1,480.0,473.3,389.4,1335,1300
1940,2025-02-23,11,2,480.0,360.5,300.1,1029,1009
1941,2025-02-23,11,3,480.0,465.5,376.2,1290,1258
1942,2025-02-23,12,1,480.0,480.0,433.9,1627,1604
1943,2025-02-23,12,2,480.0,470.6,409.6,1536,1516
1944,2025-02-23,12,3,480.0,286.9,239.2,897,883
1945,2025-02-24,1,1,480.0,383.7,344.0,1720,1694
1946,2025-02-24,1,2,480.0,435.6,380.0,1900,1875
1947,2025-02-24,1,3,480.0,449.7,379.0,1895,1863
1948,2025-02-24,2,1,480.0,456.1,396.6,1983,1966
1949,2025-02-24,2,2,480.0,480.0,436.0,2180,2142
1950,2025-02-24,2,3,480.0,394.9,342.2,1711,1686
1951,2025-02-24,3,1,480.0,364.8,293.6,1305,1280
1952,2025-02-24,3,2,480.0,433.2,361.6,1607,1571
1953,2025-02-24,3,3,480.0,402.8,325.4,1446,1411
1954,2025-02-24,4,1,480.0,443.8,385.4,2434,2412
1955,2025-02-24,4,2,480.0,439.8,401.2,2534,2524
1956,2025-02-24,4,3,480.0,357.0,319.7,2019,1985
1957,2025-02-24,5,1,480.0,366.7,313.6,896,880
1958,2025-02-24,5,2,480.0,272.7,231.3,661,651
1959,2025-02-24,5,3,480.0,136.7,114.1,326,321
1960,2025-02-24,6,1,480.0,427.3,364.4,1041,1026
1961,2025-02-24,6,2,480.0,429.7,368.2,1052,1031
1962,2025-02-24,6,3,480.0,350.3,293.3,838,818
1963,2025-02-24,7,1,480.0,382.5,312.4,781,764
1964,2025-02-24,7,2,480.0,421.2,343.2,858,837
1965,2025-02-24,7,3,480.0,423.7,333.6,834,811
1966,2025-02-24,8,1,480.0,301.5,260.7,680,664
1967,2025-02-24,8,2,480.0,415.1,355.7,928,901
1968,2025-02-24,8,3,480.0,400.7,340.4,888,872
1969,2025-02-24,9,1,480.0,402.6,365.8,1155,1137
1970,2025-02-24,9,2,480.0,471.3,431.6,1363,1342
1971,2025-02-24,9,3,480.0,425.7,379.7,1199,1175
1972,2025-02-24,10,1,480.0,394.8,342.5,1370,1346
1973,2025-02-24,10,2,480.0,365.4,327.2,1309,1290
1974,2025-02-24,10,3,434.8,398.4,334.5,1338,1313
1975,2025-02-24,11,1,480.0,477.0,385.9,1323,1288
1976,2025-02-24,11,2,480.0,427.4,365.8,1254,1235
1977,2025-02-24,11,3,443.6,202.7,164.5,564,547
1978,2025-02-24,12,1,480.0,465.8,409.1,1534,1507
1979,2025-02-24,12,2,480.0,480.0,417.1,1564,1547
1980,2025-02-24,12,3,480.0,443.2,382.9,1436,1414
1981,2025-02-25,1,1,480.0,460.4,416.4,2082,2058
1982,2025-02-25,1,2,480.0,477.4,409.4,2047,2016
1983,2025-02-25,1,3,480.0,404.4,344.4,1722,1700
1984,2025-02-25,2,1,480.0,444.9,393.2,1966,1935
1985,2025-02-25,2,2,480.0,370.7,328.4,1642,1612
1986,2025-02-25,2,3,480.0,448.0,379.8,1899,1870
1987,2025-02-25,3,1,480.0,383.1,303.8,1350,1316
1988,2025-02-25,3,2,480.0,417.3,345.8,1537,1507
1989,2025-02-25,3,3,480.0,433.4,346.1,1538,1503
1990,2025-02-25,4,1,480.0,378.7,347.9,2197,2182
1991,2025-02-25,4,2,480.0,454.6,415.5,2624,2609
1992,2025-02-25,4,3,480.0,368.2,329.0,2078,2058
1993,2025-02-25,5,1,480.0,470.8,411.9,1177,1156
1994,2025-02-25,5,2,480.0,460.1,394.8,1128,1102
1995,2025-02-25,5,3,480.0,410.4,344.1,983,965
1996,2025-02-25,6,1,480.0,456.8,401.8,1148,1128
1997,2025-02-25,6,2,480.0,465.2,397.2,1135,1114
1998,2025-02-25,6,3,480.0,476.3,373.1,1066,1036
1999,2025-02-25,7,1,480.0,331.0,263.2,658,644
2000,2025-02-25,7,2,480.0,334.7,273.6,684,662
2001,2025-02-25,7,3,480.0,346.2,281.2,703,691
2002,2025-02-25,8,1,480.0,359.9,300.9,785,772
2003,2025-02-25,8,2,480.0,425.8,361.9,944,923
2004,2025-02-25,8,3,480.0,382.5,302.8,790,772
2005,2025-02-25,9,1,480.0,426.6,371.4,1173,1155
2006,2025-02-25,9,2,480.0,421.9,401.5,1268,1250
2007,2025-02-25,9,3,480.0,397.7,340.1,1074,1060
2008,2025-02-25,10,1,480.0,438.5,380.8,1523,1509
2009,2025-02-25,10,2,480.0,398.2,351.5,1406,1398
2010,2025-02-25,10,3,480.0,214.4,182.5,730,718
2011,2025-02-25,11,1,480.0,316.0,268.9,922,904
2012,2025-02-25,11,2,480.0,454.1,387.9,1330,1296
2013,2025-02-25,11,3,480.0,378.6,320.2,1098,1076
2014,2025-02-25,12,1,480.0,410.9,369.9,1387,1360
2015,2025-02-25,12,2,480.0,443.0,395.7,1484,1466
2016,2025-02-25,12,3,480.0,480.0,404.3,1516,1498
2017,2025-02-26,1,1,480.0,442.9,395.2,1976,1961
2018,2025-02-26,1,2,480.0,422.9,382.6,1913,1892
2019,2025-02-26,1,3,480.0,381.4,330.2,1651,1635
2020,2025-02-26,2,1,480.0,390.8,344.2,1721,1698
2021,2025-02-26,2,2,480.0,397.8,355.4,1777,1753
2022,2025-02-26,2,3,480.0,450.9,380.8,1904,1877
2023,2025-02-26,3,1,480.0,416.8,346.1,1538,1493
2024,2025-02-26,3,2,480.0,344.5,289.8,1288,1260
2025,2025-02-26,3,3,480.0,303.1,234.0,1040,1018
2026,2025-02-26,4,1,480.0,444.1,393.3,2484,2475
2027,2025-02-26,4,2,480.0,471.1,428.4,2706,2664
2028,2025-02-26,4,3,441.0,426.1,380.6,2404,2369
2029,2025-02-26,5,1,480.0,402.1,345.4,987,970
2030,2025-02-26,5,2,480.0,473.1,396.9,1134,1118
2031,2025-02-26,5,3,480.0,391.1,317.1,906,896
2032,2025-02-26,6,1,480.0,371.3,313.2,895,872
2033,2025-02-26,6,2,480.0,425.3,354.6,1013,989
2034,2025-02-26,6,3,480.0,385.8,324.1,926,904
2035,2025-02-26,7,1,480.0,417.5,350.0,875,854
2036,2025-02-26,7,2,480.0,368.7,299.2,748,729
2037,2025-02-26,7,3,480.0,376.1,304.4,761,741
2038,2025-02-26,8,1,331.6,127.7,106.2,277,269
2039,2025-02-26,8,2,480.0,446.0,386.4,1008,984
2040,2025-02-26,8,3,480.0,429.7,362.2,945,928
2041,2025-02-26,9,1,480.0,420.7,363.9,1149,1139
2042,2025-02-26,9,2,480.0,465.4,420.2,1327,1314
2043,2025-02-26,9,3,480.0,412.8,358.5,1132,1118
2044,2025-02-26,10,1,480.0,409.4,359.0,1436,1414
2045,2025-02-26,10,2,480.0,419.1,351.0,1404,1391
2046,2025-02-26,10,3,480.0,436.3,372.0,1488,1459
2047,2025-02-26,11,1,480.0,445.2,390.5,1339,1310
2048,2025-02-26,11,2,480.0,366.7,313.0,1073,1053
2049,2025-02-26,11,3,480.0,382.7,310.6,1065,1034
2050,2025-02-26,12,1,480.0,480.0,410.9,1541,1514
2051,2025-02-26,12,2,480.0,429.2,381.1,1429,1403
2052,2025-02-26,12,3,480.0,424.5,358.4,1344,1315
2053,2025-02-27,1,1,480.0,414.9,380.6,1903,1876
2054,2025-02-27,1,2,480.0,460.0,417.4,2087,2078
2055,2025-02-27,1,3,480.0,453.8,397.0,1985,1958
2056,2025-02-27,2,1,480.0,466.7,414.2,2071,2048
2057,2025-02-27,2,2,480.0,379.7,329.0,1645,1635
2058,2025-02-27,2,3,480.0,403.0,354.0,1770,1744
2059,2025-02-27,3,1,480.0,430.5,360.9,1604,1554
2060,2025-02-27,3,2,480.0,366.9,305.1,1356,1314
2061,2025-02-27,3,3,480.0,391.7,301.9,1342,1315
2062,2025-02-27,4,1,480.0,480.0,430.7,2720,2693
2063,2025-02-27,4,2,480.0,440.8,401.9,2538,2509
2064,2025-02-27,4,3,480.0,375.3,333.6,2107,2073
2065,2025-02-27,5,1,480.0,460.7,384.6,1099,1085
2066,2025-02-27,5,2,480.0,456.0,385.0,1100,1074
2067,2025-02-27,5,3,480.0,432.7,370.6,1059,1046
2068,2025-02-27,6,1,480.0,331.7,289.4,827,811
2069,2025-02-27,6,2,480.0,409.2,338.4,967,947
2070,2025-02-27,6,3,480.0,416.0,329.4,941,914
2071,2025-02-27,7,1,480.0,387.5,310.8,777,757
2072,2025-02-27,7,2,480.0,442.8,361.6,904,877
2073,2025-02-27,7,3,480.0,424.8,337.2,843,825
2074,2025-02-27,8,1,480.0,384.2,330.8,863,845
2075,2025-02-27,8,2,480.0,411.2,345.4,901,883
2076,2025-02-27,8,3,480.0,420.0,340.4,888,873
2077,2025-02-27,9,1,480.0,413.6,381.6,1205,1198
2078,2025-02-27,9,2,480.0,381.5,344.2,1087,1072
2079,2025-02-27,9,3,480.0,323.2,288.2,910,901
2080,2025-02-27,10,1,480.0,412.0,349.2,1397,1372
2081,2025-02-27,10,2,480.0,416.4,361.0,1444,1413
2082,2025-02-27,10,3,480.0,379.2,309.0,1236,1211
2083,2025-02-27,11,1,480.0,424.9,374.5,1284,1244
2084,2025-02-27,11,2,480.0,412.6,345.3,1184,1168
2085,2025-02-27,11,3,480.0,412.5,335.4,1150,1120
2086,2025-02-27,12,1,480.0,429.7,381.9,1432,1406
2087,2025-02-27,12,2,480.0,474.2,415.2,1557,1533
2088,2025-02-27,12,3,480.0,445.7,371.7,1394,1368
2089,2025-02-28,1,1,480.0,436.9,384.4,1922,1916
2090,2025-02-28,1,2,480.0,454.6,418.0,2090,2058
2091,2025-02-28,1,3,480.0,467.0,408.4,2042,2029
2092,2025-02-28,2,1,480.0,480.0,415.0,2075,2051
2093,2025-02-28,2,2,480.0,426.4,388.2,1941,1926
2094,2025-02-28,2,3,480.0,330.9,293.0,1465,1446
2095,2025-02-28,3,1,480.0,441.0,364.3,1619,1590
2096,2025-02-28,3,2,480.0,443.8,364.1,1618,1576
2097,2025-02-28,3,3,480.0,419.8,330.5,1469,1442
2098,2025-02-28,4,1,480.0,468.0,443.6,2802,2775
2099,2025-02-28,4,2,480.0,320.7,288.3,1821,1797
2100,2025-02-28,4,3,480.0,476.9,440.5,2782,2738
2101,2025-02-28,5,1,480.0,398.1,353.5,1010,996
2102,2025-02-28,5,2,480.0,477.4,402.1,1149,1128
2103,2025-02-28,5,3,480.0,472.5,397.2,1135,1115
2104,2025-02-28,6,1,480.0,327.2,273.4,781,764
2105,2025-02-28,6,2,480.0,365.3,303.8,868,850
2106,2025-02-28,6,3,480.0,386.1,329.7,942,916
2107,2025-02-28,7,1,480.0,365.1,303.6,759,739
2108,2025-02-28,7,2,480.0,413.5,341.2,853,830
2109,2025-02-28,7,3,480.0,375.6,299.6,749,733
2110,2025-02-28,8,1,480.0,396.1,337.7,881,864
2111,2025-02-28,8,2,480.0,421.3,353.1,921,902
2112,2025-02-28,8,3,480.0,460.7,378.0,986,964
2113,2025-02-28,9,1,480.0,410.7,373.0,1178,1158
2114,2025-02-28,9,2,480.0,467.8,423.7,1338,1320
2115,2025-02-28,9,3,480.0,480.0,409.1,1292,1276
2116,2025-02-28,10,1,480.0,469.7,407.2,1629,1601
2117,2025-02-28,10,2,480.0,471.5,405.8,1623,1600
2118,2025-02-28,10,3,480.0,428.1,368.0,1472,1447
2119,2025-02-28,11,1,480.0,369.5,307.4,1054,1035
2120,2025-02-28,11,2,480.0,418.9,345.9,1186,1167
2121,2025-02-28,11,3,480.0,256.0,222.5,763,747
2122,2025-02-28,12,1,480.0,480.0,420.8,1578,1551
2123,2025-02-28,12,2,480.0,470.6,403.5,1513,1501
2124,2025-02-28,12,3,480.0,283.9,243.2,912,904
2125,2025-03-01,1,1,480.0,450.0,391.6,1958,1914
2126,2025-03-01,1,2,480.0,445.8,396.4,1982,1966
2127,2025-03-01,1,3,480.0,415.8,362.0,1810,1797
2128,2025-03-01,2,1,480.0,458.3,402.8,2014,1985
2129,2025-03-01,2,2,480.0,343.0,306.8,1534,1504
2130,2025-03-01,2,3,480.0,290.4,244.2,1221,1198
2131,2025-03-01,3,1,480.0,416.7,345.6,1536,1510
2132,2025-03-01,3,2,480.0,186.5,155.7,692,673
2133,2025-03-01,3,3,480.0,341.2,286.6,1274,1246
2134,2025-03-01,4,1,480.0,436.0,400.7,2531,2499
2135,2025-03-01,4,2,480.0,461.5,414.2,2616,2605
2136,2025-03-01,4,3,480.0,424.5,380.0,2400,2360
2137,2025-03-01,5,1,480.0,335.3,287.7,822,806
2138,2025-03-01,5,2,480.0,476.5,404.2,1155,1138
2139,2025-03-01,5,3,480.0,194.0,158.6,453,445
2140,2025-03-01,6,1,480.0,413.3,357.7,1022,999
2141,2025-03-01,6,2,480.0,451.0,387.1,1106,1083
2142,2025-03-01,6,3,480.0,420.1,348.6,996,978
2143,2025-03-01,7,1,480.0,417.4,339.2,848,823
2144,2025-03-01,7,2,480.0,456.9,374.8,937,918
2145,2025-03-01,7,3,480.0,362.3,287.2,718,698
2146,2025-03-01,8,1,480.0,394.1,344.2,898,878
2147,2025-03-01,8,2,480.0,369.2,318.6,831,816
2148,2025-03-01,8,3,480.0,406.3,342.3,893,869
2149,2025-03-01,9,1,480.0,480.0,449.4,1419,1395
2150,2025-03-01,9,2,480.0,460.3,425.0,1342,1324
2151,2025-03-01,9,3,480.0,424.4,375.6,1186,1171
2152,2025-03-01,10,1,480.0,471.7,389.0,1556,1540
2153,2025-03-01,10,2,480.0,434.1,379.8,1519,1496
2154,2025-03-01,10,3,454.3,334.4,287.8,1151,1129
2155,2025-03-01,11,1,480.0,453.0,372.8,1278,1253
2156,2025-03-01,11,2,480.0,312.8,266.3,913,897
2157,2025-03-01,11,3,449.0,218.6,186.7,640,624
2158,2025-03-01,12,1,480.0,435.5,386.4,1449,1427
2159,2025-03-01,12,2,480.0,449.9,402.4,1509,1483
2160,2025-03-01,12,3,480.0,374.1,315.7,1184,1168
2161,2025-03-02,1,1,480.0,448.9,404.6,2023,2019
2162,2025-03-02,1,2,480.0,474.0,432.6,2163,2135
2163,2025-03-02,1,3,480.0,418.4,353.4,1767,1754
2164,2025-03-02,2,1,480.0,462.4,427.4,2137,2079
2165,2025-03-02,2,2,480.0,480.0,412.6,2063,2030
2166,2025-03-02,2,3,480.0,452.2,391.2,1956,1926
2167,2025-03-02,3,1,480.0,373.6,313.2,1392,1358
2168,2025-03-02,3,2,480.0,427.5,352.4,1566,1527
2169,2025-03-02,3,3,480.0,393.3,315.0,1400,1374
2170,2025-03-02,4,1,480.0,439.9,377.0,2381,2373
2171,2025-03-02,4,2,480.0,470.3,435.1,2748,2726
2172,2025-03-02,4,3,480.0,364.3,316.2,1997,1965
2173,2025-03-02,5,1,480.0,442.7,387.1,1106,1082
2174,2025-03-02,5,2,480.0,438.1,370.3,1058,1042
2175,2025-03-02,5,3,480.0,412.8,351.4,1004,987
2176,2025-03-02,6,1,480.0,474.1,396.2,1132,1102
2177,2025-03-02,6,2,480.0,435.7,386.1,1103,1081
2178,2025-03-02,6,3,480.0,382.0,314.3,898,875
2179,2025-03-02,7,1,480.0,343.7,274.8,687,665
2180,2025-03-02,7,2,480.0,420.2,344.4,861,839
2181,2025-03-02,7,3,480.0,355.0,284.4,711,689
2182,2025-03-02,8,1,480.0,363.2,306.3,799,785
2183,2025-03-02,8,2,480.0,344.8,296.3,773,759
2184,2025-03-02,8,3,480.0,443.4,352.3,919,901
2185,2025-03-02,9,1,480.0,471.0,423.4,1337,1313
2186,2025-03-02,9,2,480.0,439.6,397.7,1256,1243
2187,2025-03-02,9,3,480.0,438.2,374.3,1182,1165
2188,2025-03-02,10,1,480.0,406.6,362.8,1451,1420
2189,2025-03-02,10,2,480.0,416.1,356.8,1427,1399
2190,2025-03-02,10,3,480.0,351.5,294.5,1178,1151
2191,2025-03-02,11,1,480.0,330.5,285.2,978,950
2192,2025-03-02,11,2,480.0,395.1,338.9,1162,1133
2193,2025-03-02,11,3,480.0,397.1,322.9,1107,1081
2194,2025-03-02,12,1,480.0,478.3,427.5,1603,1576
2195,2025-03-02,12,2,480.0,429.3,376.0,1410,1386
2196,2025-03-02,12,3,480.0,429.2,358.1,1343,1322
2197,2025-03-03,1,1,480.0,423.1,371.0,1855,1844
2198,2025-03-03,1,2,480.0,471.9,416.8,2084,2061
2199,2025-03-03,1,3,480.0,459.2,404.0,2020,2002
2200,2025-03-03,2,1,480.0,424.0,358.4,1792,1774
2201,2025-03-03,2,2,480.0,379.1,343.2,1716,1689
2202,2025-03-03,2,3,480.0,452.0,373.2,1866,1841
2203,2025-03-03,3,1,480.0,397.9,335.5,1491,1453
2204,2025-03-03,3,2,480.0,397.1,330.3,1468,1440
2205,2025-03-03,3,3,480.0,417.8,336.1,1494,1459
2206,2025-03-03,4,1,480.0,432.4,397.6,2511,2490
2207,2025-03-03,4,2,480.0,449.6,406.8,2569,2545
2208,2025-03-03,4,3,480.0,457.4,401.7,2537,2520
2209,2025-03-03,5,1,480.0,430.6,370.6,1059,1040
2210,2025-03-03,5,2,480.0,444.4,376.9,1077,1066
2211,2025-03-03,5,3,480.0,428.5,356.6,1019,1001
2212,2025-03-03,6,1,480.0,389.8,333.6,953,936
2213,2025-03-03,6,2,480.0,429.6,360.5,1030,1011
2214,2025-03-03,6,3,480.0,425.6,354.9,1014,995
2215,2025-03-03,7,1,480.0,254.2,210.4,526,513
2216,2025-03-03,7,2,480.0,357.7,298.8,747,725
2217,2025-03-03,7,3,480.0,385.3,310.4,776,754
2218,2025-03-03,8,1,480.0,357.5,310.5,810,795
2219,2025-03-03,8,2,480.0,363.6,315.9,824,812
2220,2025-03-03,8,3,480.0,414.3,344.2,898,879
2221,2025-03-03,9,1,480.0,454.2,418.0,1320,1303
2222,2025-03-03,9,2,480.0,434.7,389.5,1230,1217
2223,2025-03-03,9,3,480.0,450.4,382.5,1208,1189
2224,2025-03-03,10,1,480.0,398.7,350.8,1403,1385
2225,2025-03-03,10,2,480.0,460.9,408.2,1633,1600
2226,2025-03-03,10,3,480.0,317.4,267.2,1069,1049
2227,2025-03-03,11,1,480.0,406.7,338.6,1161,1137
2228,2025-03-03,11,2,480.0,394.0,335.7,1151,1121
2229,2025-03-03,11,3,431.4,256.9,204.5,701,683
2230,2025-03-03,12,1,480.0,459.3,407.7,1529,1503
2231,2025-03-03,12,2,480.0,475.1,418.7,1570,1547
2232,2025-03-03,12,3,480.0,410.5,358.9,1346,1332
2233,2025-03-04,1,1,480.0,451.7,404.6,2023,2003
2234,2025-03-04,1,2,480.0,416.3,371.6,1858,1833
2235,2025-03-04,1,3,480.0,480.0,413.0,2065,2036
2236,2025-03-04,2,1,480.0,402.6,355.6,1778,1757
2237,2025-03-04,2,2,480.0,443.2,401.6,2008,1978
2238,2025-03-04,2,3,480.0,195.0,164.0,820,806
2239,2025-03-04,3,1,323.2,214.5,174.6,776,761
2240,2025-03-04,3,2,480.0,327.3,268.4,1193,1170
2241,2025-03-04,3,3,480.0,337.2,276.3,1228,1203
2242,2025-03-04,4,1,480.0,457.4,419.4,2649,2632
2243,2025-03-04,4,2,480.0,449.1,387.1,2445,2409
2244,2025-03-04,4,3,480.0,469.2,413.6,2612,2588
2245,2025-03-04,5,1,480.0,383.1,325.5,930,911
2246,2025-03-04,5,2,480.0,373.2,330.1,943,929
2247,2025-03-04,5,3,480.0,443.8,366.4,1047,1030
2248,2025-03-04,6,1,480.0,352.4,294.7,842,828
2249,2025-03-04,6,2,480.0,415.7,350.4,1001,986
2250,2025-03-04,6,3,480.0,428.8,362.6,1036,1012
2251,2025-03-04,7,1,480.0,427.8,356.4,891,871
2252,2025-03-04,7,2,480.0,389.8,326.0,815,795
2253,2025-03-04,7,3,480.0,338.4,260.4,651,634
2254,2025-03-04,8,1,480.0,419.4,349.2,911,892
2255,2025-03-04,8,2,480.0,428.6,370.3,966,944
2256,2025-03-04,8,3,480.0,430.2,366.9,957,932
2257,2025-03-04,9,1,480.0,469.7,417.1,1317,1292
2258,2025-03-04,9,2,480.0,443.5,397.4,1255,1241
2259,2025-03-04,9,3,445.6,380.7,336.0,1061,1058
2260,2025-03-04,10,1,318.7,291.3,247.0,988,973
2261,2025-03-04,10,2,480.0,448.9,401.2,1605,1585
2262,2025-03-04,10,3,444.9,355.1,295.5,1182,1163
2263,2025-03-04,11,1,281.4,185.8,163.0,559,545
2264,2025-03-04,11,2,480.0,362.6,306.2,1050,1022
2265,2025-03-04,11,3,480.0,256.4,209.1,717,698
2266,2025-03-04,12,1,480.0,368.8,324.3,1216,1209
2267,2025-03-04,12,2,480.0,446.0,390.4,1464,1446
2268,2025-03-04,12,3,480.0,412.2,344.3,1291,1281
2269,2025-03-05,1,1,480.0,423.5,387.8,1939,1916
2270,2025-03-05,1,2,480.0,466.9,417.4,2087,2061
2271,2025-03-05,1,3,480.0,447.4,399.0,1995,1977
2272,2025-03-05,2,1,480.0,454.1,400.8,2004,1973
2273,2025-03-05,2,2,480.0,430.9,368.4,1842,1820
2274,2025-03-05,2,3,480.0,374.9,319.4,1597,1567
2275,2025-03-05,3,1,480.0,410.8,333.7,1483,1449
2276,2025-03-05,3,2,480.0,465.6,387.4,1722,1685
2277,2025-03-05,3,3,480.0,355.8,281.5,1251,1231
2278,2025-03-05,4,1,480.0,480.0,429.1,2710,2698
2279,2025-03-05,4,2,480.0,480.0,442.9,2797,2761
2280,2025-03-05,4,3,480.0,445.6,379.5,2397,2374
2281,2025-03-05,5,1,480.0,460.0,393.4,1124,1104
2282,2025-03-05,5,2,480.0,435.5,374.1,1069,1055
2283,2025-03-05,5,3,480.0,426.9,363.3,1038,1025
2284,2025-03-05,6,1,480.0,334.0,278.9,797,782
2285,2025-03-05,6,2,480.0,323.6,286.6,819,802
2286,2025-03-05,6,3,480.0,438.4,353.9,1011,993
2287,2025-03-05,7,1,480.0,388.9,322.8,807,782
2288,2025-03-05,7,2,480.0,399.2,328.8,822,799
2289,2025-03-05,7,3,480.0,369.1,286.8,717,701
2290,2025-03-05,8,1,480.0,455.6,382.9,999,981
2291,2025-03-05,8,2,480.0,473.8,404.8,1056,1044
2292,2025-03-05,8,3,480.0,327.4,266.8,696,682
2293,2025-03-05,9,1,480.0,404.9,373.4,1179,1169
2294,2025-03-05,9,2,480.0,425.3,388.2,1226,1215
2295,2025-03-05,9,3,480.0,446.5,396.1,1251,1234
2296,2025-03-05,10,1,480.0,157.9,139.0,556,545
2297,2025-03-05,10,2,480.0,432.7,370.0,1480,1449
2298,2025-03-05,10,3,480.0,382.0,327.8,1311,1299
2299,2025-03-05,11,1,480.0,380.2,327.8,1124,1099
2300,2025-03-05,11,2,480.0,387.8,326.7,1120,1093
2301,2025-03-05,11,3,480.0,424.8,343.9,1179,1140
2302,2025-03-05,12,1,480.0,478.8,420.0,1575,1566
2303,2025-03-05,12,2,480.0,467.0,404.0,1515,1492
2304,2025-03-05,12,3,480.0,465.8,395.5,1483,1461
2305,2025-03-06,1,1,480.0,463.9,395.6,1978,1967
2306,2025-03-06,1,2,480.0,420.8,375.2,1876,1854
2307,2025-03-06,1,3,480.0,361.4,322.6,1613,1591
2308,2025-03-06,2,1,480.0,240.2,211.4,1057,1039
2309,2025-03-06,2,2,480.0,433.4,386.6,1933,1898
2310,2025-03-06,2,3,480.0,348.0,308.2,1541,1527
2311,2025-03-06,3,1,480.0,370.7,300.8,1337,1295
2312,2025-03-06,3,2,480.0,417.1,351.9,1564,1543
2313,2025-03-06,3,3,480.0,415.5,331.9,1475,1447
2314,2025-03-06,4,1,480.0,432.1,387.6,2448,2411
2315,2025-03-06,4,2,480.0,405.3,375.7,2373,2351
2316,2025-03-06,4,3,480.0,455.0,390.9,2469,2438
2317,2025-03-06,5,1,480.0,460.5,402.9,1151,1123
2318,2025-03-06,5,2,480.0,425.7,373.8,1068,1048
2319,2025-03-06,5,3,480.0,431.1,377.3,1078,1059
2320,2025-03-06,6,1,480.0,390.1,329.7,942,922
2321,2025-03-06,6,2,480.0,421.0,359.8,1028,1011
2322,2025-03-06,6,3,480.0,446.1,361.2,1032,1010
2323,2025-03-06,7,1,480.0,444.0,374.0,935,908
2324,2025-03-06,7,2,480.0,442.8,373.2,933,914
2325,2025-03-06,7,3,480.0,330.7,268.0,670,654
2326,2025-03-06,8,1,480.0,438.0,362.2,945,919
2327,2025-03-06,8,2,480.0,392.9,333.1,869,854
2328,2025-03-06,8,3,480.0,301.2,237.3,619,605
2329,2025-03-06,9,1,480.0,377.1,329.3,1040,1027
2330,2025-03-06,9,2,480.0,376.6,339.5,1072,1056
2331,2025-03-06,9,3,480.0,259.3,234.0,739,730
2332,2025-03-06,10,1,480.0,426.7,358.8,1435,1417
2333,2025-03-06,10,2,480.0,353.6,309.8,1239,1220
2334,2025-03-06,10,3,480.0,336.9,290.8,1163,1145
2335,2025-03-06,11,1,480.0,449.6,373.0,1279,1255
2336,2025-03-06,11,2,480.0,347.0,292.5,1003,969
2337,2025-03-06,11,3,480.0,348.0,283.5,972,951
2338,2025-03-06,12,1,480.0,419.3,357.6,1341,1326
2339,2025-03-06,12,2,480.0,474.4,426.7,1600,1579
2340,2025-03-06,12,3,480.0,439.4,375.5,1408,1390
2341,2025-03-07,1,1,480.0,444.7,396.8,1984,1959
2342,2025-03-07,1,2,480.0,426.4,374.8,1874,1851
2343,2025-03-07,1,3,480.0,467.4,399.0,1995,1975
2344,2025-03-07,2,1,480.0,471.3,408.8,2044,2017
2345,2025-03-07,2,2,480.0,480.0,427.0,2135,2098
2346,2025-03-07,2,3,438.6,372.3,308.8,1544,1513
2347,2025-03-07,3,1,480.0,438.1,358.0,1591,1578
2348,2025-03-07,3,2,480.0,396.6,318.1,1414,1381
2349,2025-03-07,3,3,480.0,411.6,340.0,1511,1475
2350,2025-03-07,4,1,480.0,418.9,397.9,2513,2474
2351,2025-03-07,4,2,480.0,450.7,410.6,2593,2557
2352,2025-03-07,4,3,480.0,391.0,344.4,2175,2153
2353,2025-03-07,5,1,480.0,458.4,394.4,1127,1102
2354,2025-03-07,5,2,480.0,369.9,327.6,936,915
2355,2025-03-07,5,3,480.0,452.5,369.9,1057,1038
2356,2025-03-07,6,1,480.0,371.9,310.8,888,875
2357,2025-03-07,6,2,480.0,399.9,341.9,977,953
2358,2025-03-07,6,3,480.0,441.5,359.8,1028,1010
2359,2025-03-07,7,1,480.0,429.1,353.6,884,860
2360,2025-03-07,7,2,480.0,424.4,344.0,860,837
2361,2025-03-07,7,3,438.6,330.8,262.0,655,635
2362,2025-03-07,8,1,480.0,359.8,310.9,811,792
2363,2025-03-07,8,2,480.0,397.6,334.6,873,854
2364,2025-03-07,8,3,480.0,465.2,391.8,1022,1005
2365,2025-03-07,9,1,480.0,411.9,388.9,1228,1216
2366,2025-03-07,9,2,480.0,480.0,414.2,1308,1290
2367,2025-03-07,9,3,480.0,406.7,356.6,1126,1115
2368,2025-03-07,10,1,480.0,404.4,355.0,1420,1392
2369,2025-03-07,10,2,480.0,386.7,335.8,1343,1325
2370,2025-03-07,10,3,480.0,434.7,357.5,1430,1408
2371,2025-03-07,11,1,480.0,373.7,320.0,1097,1072
2372,2025-03-07,11,2,480.0,394.1,328.4,1126,1100
2373,2025-03-07,11,3,480.0,392.4,336.6,1154,1122
2374,2025-03-07,12,1,480.0,454.6,410.1,1538,1518
2375,2025-03-07,12,2,480.0,398.0,356.0,1335,1318
2376,2025-03-07,12,3,480.0,412.5,359.5,1348,1333
2377,2025-03-08,1,1,480.0,449.9,400.2,2001,1974
2378,2025-03-08,1,2,480.0,471.1,425.0,2125,2092
2379,2025-03-08,1,3,480.0,480.0,414.6,2073,2051
2380,2025-03-08,2,1,480.0,352.3,310.4,1552,1528
2381,2025-03-08,2,2,480.0,480.0,419.2,2096,2070
2382,2025-03-08,2,3,480.0,295.3,250.2,1251,1229
2383,2025-03-08,3,1,480.0,286.8,236.0,1049,1022
2384,2025-03-08,3,2,480.0,358.2,289.1,1285,1244
2385,2025-03-08,3,3,480.0,435.3,352.4,1566,1529
2386,2025-03-08,4,1,480.0,480.0,441.3,2787,2755
2387,2025-03-08,4,2,480.0,446.8,411.2,2597,2573
2388,2025-03-08,4,3,480.0,480.0,414.7,2619,2578
2389,2025-03-08,5,1,480.0,405.2,356.3,1018,996
2390,2025-03-08,5,2,480.0,406.0,350.4,1001,983
2391,2025-03-08,5,3,480.0,328.9,278.2,795,782
2392,2025-03-08,6,1,480.0,375.0,317.1,906,886
2393,2025-03-08,6,2,480.0,464.6,396.6,1133,1113
2394,2025-03-08,6,3,480.0,384.4,319.6,913,893
2395,2025-03-08,7,1,305.5,274.8,226.0,565,547
2396,2025-03-08,7,2,480.0,414.7,342.4,856,832
2397,2025-03-08,7,3,480.0,338.4,269.2,673,657
2398,2025-03-08,8,1,480.0,255.7,214.3,559,546
2399,2025-03-08,8,2,480.0,400.8,343.5,896,878
2400,2025-03-08,8,3,480.0,380.5,311.6,813,793
2401,2025-03-08,9,1,480.0,431.3,393.3,1242,1229
2402,2025-03-08,9,2,480.0,445.3,405.0,1279,1257
2403,2025-03-08,9,3,480.0,476.2,407.2,1286,1269
2404,2025-03-08,10,1,480.0,337.2,292.5,1170,1155
2405,2025-03-08,10,2,480.0,405.3,352.5,1410,1388
2406,2025-03-08,10,3,480.0,416.9,351.0,1404,1380
2407,2025-03-08,11,1,480.0,408.0,338.6,1161,1138
2408,2025-03-08,11,2,480.0,418.4,365.5,1253,1231
2409,2025-03-08,11,3,480.0,277.7,225.2,772,757
2410,2025-03-08,12,1,306.4,229.7,204.3,766,753
2411,2025-03-08,12,2,480.0,441.0,380.5,1427,1407
2412,2025-03-08,12,3,480.0,431.1,365.9,1372,1358
2413,2025-03-09,1,1,480.0,418.9,368.8,1844,1821
2414,2025-03-09,1,2,480.0,400.6,364.8,1824,1811
2415,2025-03-09,1,3,480.0,452.2,390.2,1951,1933
2416,2025-03-09,2,1,480.0,427.8,374.6,1873,1833
2417,2025-03-09,2,2,480.0,403.6,354.4,1772,1739
2418,2025-03-09,2,3,480.0,473.2,408.0,2040,2008
2419,2025-03-09,3,1,480.0,345.0,291.6,1296,1270
2420,2025-03-09,3,2,480.0,454.4,370.6,1647,1611
2421,2025-03-09,3,3,480.0,354.4,279.2,1241,1213
2422,2025-03-09,4,1,480.0,461.4,419.7,2651,2622
2423,2025-03-09,4,2,480.0,464.3,428.6,2707,2675
2424,2025-03-09,4,3,480.0,464.9,414.2,2616,2592
2425,2025-03-09,5,1,480.0,327.1,273.7,782,766
2426,2025-03-09,5,2,480.0,466.0,396.9,1134,1113
2427,2025-03-09,5,3,480.0,376.6,325.5,930,916
2428,2025-03-09,6,1,480.0,480.0,416.9,1191,1168
2429,2025-03-09,6,2,480.0,322.2,276.5,790,769
2430,2025-03-09,6,3,480.0,419.6,347.2,992,971
2431,2025-03-09,7,1,480.0,319.9,264.4,661,641
2432,2025-03-09,7,2,480.0,422.8,328.4,821,803
2433,2025-03-09,7,3,480.0,391.7,306.8,767,748
2434,2025-03-09,8,1,480.0,390.0,322.8,842,830
2435,2025-03-09,8,2,480.0,381.9,318.6,831,814
2436,2025-03-09,8,3,480.0,340.5,281.4,734,724
2437,2025-03-09,9,1,480.0,431.0,384.4,1214,1201
2438,2025-03-09,9,2,480.0,428.6,373.7,1180,1161
2439,2025-03-09,9,3,480.0,427.4,360.7,1139,1126
2440,2025-03-09,10,1,480.0,433.7,383.8,1535,1495
2441,2025-03-09,10,2,480.0,464.9,417.0,1668,1635
2442,2025-03-09,10,3,480.0,397.6,328.2,1313,1291
2443,2025-03-09,11,1,480.0,372.1,309.5,1061,1032
2444,2025-03-09,11,2,480.0,458.1,387.9,1330,1301
2445,2025-03-09,11,3,480.0,339.2,268.9,922,901
2446,2025-03-09,12,1,480.0,475.6,406.9,1526,1511
2447,2025-03-09,12,2,480.0,475.6,412.0,1545,1524
2448,2025-03-09,12,3,480.0,470.7,399.2,1497,1482
2449,2025-03-10,1,1,480.0,457.4,392.4,1962,1932
2450,2025-03-10,1,2,480.0,455.9,400.4,2002,1988
2451,2025-03-10,1,3,480.0,393.4,347.6,1738,1722
2452,2025-03-10,2,1,480.0,445.9,387.8,1939,1908
2453,2025-03-10,2,2,480.0,449.2,380.6,1903,1875
2454,2025-03-10,2,3,480.0,457.8,397.8,1989,1951
2455,2025-03-10,3,1,480.0,165.8,136.1,605,592
2456,2025-03-10,3,2,480.0,409.4,339.8,1510,1475
2457,2025-03-10,3,3,480.0,430.2,337.7,1501,1457
2458,2025-03-10,4,1,480.0,404.4,390.4,2466,2426
2459,2025-03-10,4,2,480.0,438.1,406.4,2567,2538
2460,2025-03-10,4,3,434.4,394.7,357.2,2256,2241
2461,2025-03-10,5,1,480.0,419.8,359.1,1026,1004
2462,2025-03-10,5,2,480.0,463.7,395.5,1130,1106
2463,2025-03-10,5,3,480.0,356.9,301.7,862,850
2464,2025-03-10,6,1,480.0,345.2,292.9,837,820
2465,2025-03-10,6,2,480.0,439.0,375.2,1072,1054
2466,2025-03-10,6,3,480.0,428.0,352.8,1008,990
2467,2025-03-10,7,1,480.0,313.3,248.8,622,602
2468,2025-03-10,7,2,480.0,428.7,364.0,910,887
2469,2025-03-10,7,3,480.0,244.6,196.8,492,480
2470,2025-03-10,8,1,480.0,418.3,351.1,916,892
2471,2025-03-10,8,2,480.0,422.6,346.9,905,888
2472,2025-03-10,8,3,480.0,409.8,327.0,853,836
2473,2025-03-10,9,1,480.0,440.5,377.8,1193,1186
2474,2025-03-10,9,2,480.0,451.0,393.6,1243,1227
2475,2025-03-10,9,3,480.0,450.9,393.6,1243,1229
2476,2025-03-10,10,1,480.0,459.5,394.2,1577,1550
2477,2025-03-10,10,2,480.0,441.4,391.0,1564,1531
2478,2025-03-10,10,3,480.0,404.0,335.5,1342,1316
2479,2025-03-10,11,1,480.0,299.7,252.9,867,847
2480,2025-03-10,11,2,480.0,340.1,293.7,1007,982
2481,2025-03-10,11,3,480.0,334.3,269.8,925,906
2482,2025-03-10,12,1,480.0,462.9,406.1,1523,1502
2483,2025-03-10,12,2,480.0,471.0,413.1,1549,1529
2484,2025-03-10,12,3,480.0,451.7,384.8,1443,1420
2485,2025-03-11,1,1,480.0,388.5,348.0,1740,1712
2486,2025-03-11,1,2,480.0,458.2,401.0,2005,1979
2487,2025-03-11,1,3,480.0,454.9,405.4,2027,2006
2488,2025-03-11,2,1,480.0,469.5,427.4,2137,2109
2489,2025-03-11,2,2,480.0,440.4,391.0,1955,1917
2490,2025-03-11,2,3,480.0,361.6,308.4,1542,1511
2491,2025-03-11,3,1,480.0,388.9,314.3,1397,1376
2492,2025-03-11,3,2,480.0,389.2,330.1,1467,1431
2493,2025-03-11,3,3,480.0,254.3,198.4,882,861
2494,2025-03-11,4,1,480.0,439.2,403.6,2549,2536
2495,2025-03-11,4,2,480.0,440.2,396.3,2503,2500
2496,2025-03-11,4,3,480.0,413.6,369.6,2334,2318
2497,2025-03-11,5,1,480.0,419.9,351.4,1004,991
2498,2025-03-11,5,2,480.0,472.7,410.2,1172,1145
2499,2025-03-11,5,3,480.0,430.4,354.6,1013,992
2500,2025-03-11,6,1,480.0,388.4,332.1,949,922
2501,2025-03-11,6,2,480.0,476.9,414.4,1184,1151
2502,2025-03-11,6,3,480.0,444.8,372.1,1063,1046
2503,2025-03-11,7,1,480.0,338.4,278.4,696,677
2504,2025-03-11,7,2,480.0,376.2,310.8,777,760
2505,2025-03-11,7,3,480.0,353.2,280.8,702,683
2506,2025-03-11,8,1,480.0,471.6,414.0,1080,1064
2507,2025-03-11,8,2,480.0,396.6,344.6,899,875
2508,2025-03-11,8,3,480.0,438.5,357.3,932,910
2509,2025-03-11,9,1,480.0,473.0,431.0,1361,1342
2510,2025-03-11,9,2,480.0,470.7,412.6,1303,1290
2511,2025-03-11,9,3,480.0,443.7,376.2,1188,1167
2512,2025-03-11,10,1,480.0,342.1,300.8,1203,1186
2513,2025-03-11,10,2,480.0,480.0,413.0,1652,1620
2514,2025-03-11,10,3,480.0,447.2,376.0,1504,1486
2515,2025-03-11,11,1,480.0,382.4,334.0,1145,1119
2516,2025-03-11,11,2,480.0,377.1,312.4,1071,1048
2517,2025-03-11,11,3,480.0,339.3,277.7,952,927
2518,2025-03-11,12,1,480.0,474.7,407.5,1528,1506
2519,2025-03-11,12,2,480.0,449.2,381.9,1432,1411
2520,2025-03-11,12,3,480.0,453.6,383.2,1437,1409
2521,2025-03-12,1,1,480.0,464.2,418.2,2091,2073
2522,2025-03-12,1,2,480.0,413.9,379.8,1899,1877
2523,2025-03-12,1,3,480.0,405.3,344.0,1720,1715
2524,2025-03-12,2,1,480.0,480.0,404.2,2021,1988
2525,2025-03-12,2,2,480.0,305.0,269.6,1348,1340
2526,2025-03-12,2,3,480.0,321.5,275.0,1375,1353
2527,2025-03-12,3,1,480.0,312.8,264.6,1176,1144
2528,2025-03-12,3,2,480.0,457.5,371.0,1649,1614
2529,2025-03-12,3,3,480.0,321.9,261.4,1162,1136
2530,2025-03-12,4,1,480.0,394.9,357.8,2260,2243
2531,2025-03-12,4,2,480.0,408.1,370.5,2340,2320
2532,2025-03-12,4,3,480.0,397.6,360.7,2278,2235
2533,2025-03-12,5,1,480.0,384.6,321.3,918,899
2534,2025-03-12,5,2,480.0,323.1,273.4,781,765
2535,2025-03-12,5,3,480.0,451.6,382.6,1093,1067
2536,2025-03-12,6,1,480.0,443.3,369.6,1056,1038
2537,2025-03-12,6,2,480.0,384.4,331.4,947,932
2538,2025-03-12,6,3,480.0,408.2,335.6,959,936
2539,2025-03-12,7,1,480.0,409.3,333.6,834,813
2540,2025-03-12,7,2,480.0,315.0,259.6,649,636
2541,2025-03-12,7,3,480.0,359.1,278.4,696,679
2542,2025-03-12,8,1,480.0,447.6,378.7,988,965
2543,2025-03-12,8,2,480.0,325.3,275.6,719,704
2544,2025-03-12,8,3,480.0,404.7,340.0,887,873
2545,2025-03-12,9,1,480.0,458.5,408.8,1291,1278
2546,2025-03-12,9,2,480.0,468.8,411.7,1300,1288
2547,2025-03-12,9,3,480.0,404.1,356.6,1126,1109
2548,2025-03-12,10,1,480.0,216.8,191.0,764,751
2549,2025-03-12,10,2,480.0,348.0,300.5,1202,1184
2550,2025-03-12,10,3,480.0,384.0,318.0,1272,1256
2551,2025-03-12,11,1,480.0,457.4,385.6,1322,1283
2552,2025-03-12,11,2,480.0,387.6,326.4,1119,1099
2553,2025-03-12,11,3,480.0,300.4,240.0,823,806
2554,2025-03-12,12,1,480.0,454.7,401.3,1505,1481
2555,2025-03-12,12,2,480.0,476.7,424.8,1593,1565
2556,2025-03-12,12,3,480.0,355.9,302.4,1134,1120
2557,2025-03-13,1,1,480.0,460.7,429.6,2148,2121
2558,2025-03-13,1,2,480.0,480.0,424.0,2120,2106
2559,2025-03-13,1,3,480.0,410.9,362.6,1813,1800
2560,2025-03-13,2,1,480.0,320.3,279.8,1399,1376
2561,2025-03-13,2,2,480.0,415.2,368.2,1841,1806
2562,2025-03-13,2,3,440.3,344.1,299.2,1496,1481
2563,2025-03-13,3,1,480.0,448.0,363.4,1615,1573
2564,2025-03-13,3,2,480.0,370.3,309.4,1375,1349
2565,2025-03-13,3,3,480.0,400.7,325.1,1445,1408
2566,2025-03-13,4,1,480.0,480.0,433.8,2740,2704
2567,2025-03-13,4,2,480.0,472.6,424.0,2678,2643
2568,2025-03-13,4,3,446.0,417.5,372.9,2355,2324
2569,2025-03-13,5,1,480.0,357.8,301.0,860,849
2570,2025-03-13,5,2,480.0,419.6,348.2,995,981
2571,2025-03-13,5,3,480.0,382.7,317.8,908,894
2572,2025-03-13,6,1,480.0,369.1,310.4,887,872
2573,2025-03-13,6,2,480.0,462.2,382.6,1093,1077
2574,2025-03-13,6,3,480.0,358.5,287.4,821,801
2575,2025-03-13,7,1,480.0,435.0,356.0,890,860
2576,2025-03-13,7,2,480.0,379.4,315.6,789,768
2577,2025-03-13,7,3,480.0,354.9,275.2,688,667
2578,2025-03-13,8,1,480.0,430.8,362.6,946,936
2579,2025-03-13,8,2,480.0,433.5,357.6,933,914
2580,2025-03-13,8,3,480.0,377.4,302.1,788,770
2581,2025-03-13,9,1,480.0,439.1,387.6,1224,1203
2582,2025-03-13,9,2,480.0,436.1,389.8,1231,1214
2583,2025-03-13,9,3,480.0,336.0,289.1,913,904
2584,2025-03-13,10,1,480.0,448.1,401.5,1606,1586
2585,2025-03-13,10,2,480.0,467.9,410.5,1642,1612
2586,2025-03-13,10,3,438.9,422.1,359.8,1439,1411
2587,2025-03-13,11,1,480.0,355.3,301.9,1035,1007
2588,2025-03-13,11,2,480.0,443.7,366.9,1258,1227
2589,2025-03-13,11,3,480.0,450.9,376.2,1290,1268
2590,2025-03-13,12,1,480.0,416.7,364.3,1366,1347
2591,2025-03-13,12,2,480.0,370.2,324.0,1215,1196
2592,2025-03-13,12,3,480.0,382.9,336.0,1260,1243
2593,2025-03-14,1,1,480.0,408.4,355.2,1776,1761
2594,2025-03-14,1,2,480.0,480.0,427.6,2138,2116
2595,2025-03-14,1,3,480.0,365.6,312.6,1563,1554
2596,2025-03-14,2,1,480.0,434.0,379.4,1897,1876
2597,2025-03-14,2,2,480.0,427.7,362.2,1811,1786
2598,2025-03-14,2,3,438.5,404.3,345.4,1727,1697
2599,2025-03-14,3,1,480.0,393.4,314.1,1396,1366
2600,2025-03-14,3,2,480.0,366.8,306.4,1362,1329
2601,2025-03-14,3,3,480.0,376.5,306.0,1360,1339
2602,2025-03-14,4,1,480.0,450.1,421.2,2660,2632
2603,2025-03-14,4,2,480.0,465.2,418.8,2645,2620
2604,2025-03-14,4,3,480.0,480.0,428.4,2706,2702
2605,2025-03-14,5,1,480.0,470.6,403.6,1153,1140
2606,2025-03-14,5,2,480.0,450.1,376.2,1075,1059
2607,2025-03-14,5,3,480.0,411.5,341.2,975,954
2608,2025-03-14,6,1,480.0,436.3,372.4,1064,1037
2609,2025-03-14,6,2,480.0,413.8,359.4,1027,1006
2610,2025-03-14,6,3,480.0,435.2,368.2,1052,1032
2611,2025-03-14,7,1,480.0,355.0,291.2,728,709
2612,2025-03-14,7,2,480.0,398.3,323.2,808,785
2613,2025-03-14,7,3,480.0,431.7,348.0,870,852
2614,2025-03-14,8,1,480.0,304.9,264.5,690,673
2615,2025-03-14,8,2,480.0,470.2,401.4,1047,1027
2616,2025-03-14,8,3,480.0,330.6,271.0,707,693
2617,2025-03-14,9,1,480.0,427.5,384.8,1215,1202
2618,2025-03-14,9,2,480.0,466.7,419.9,1326,1306
2619,2025-03-14,9,3,480.0,441.9,374.6,1183,1169
2620,2025-03-14,10,1,480.0,427.2,386.2,1545,1532
2621,2025-03-14,10,2,480.0,357.8,310.0,1240,1226
2622,2025-03-14,10,3,480.0,437.9,377.0,1508,1484
2623,2025-03-14,11,1,480.0,474.8,399.0,1368,1344
2624,2025-03-14,11,2,480.0,403.0,333.4,1143,1117
2625,2025-03-14,11,3,480.0,337.2,270.4,927,907
2626,2025-03-14,12,1,480.0,480.0,433.9,1627,1609
2627,2025-03-14,12,2,480.0,412.1,368.0,1380,1371
2628,2025-03-14,12,3,480.0,427.5,359.7,1349,1324
2629,2025-03-15,1,1,480.0,416.9,376.6,1883,1877
2630,2025-03-15,1,2,480.0,436.1,379.4,1897,1877
2631,2025-03-15,1,3,480.0,419.9,357.2,1786,1770
2632,2025-03-15,2,1,308.1,168.7,147.6,738,729
2633,2025-03-15,2,2,480.0,458.1,418.8,2094,2067
2634,2025-03-15,2,3,480.0,480.0,412.8,2064,2035
2635,2025-03-15,3,1,480.0,418.0,344.5,1531,1498
2636,2025-03-15,3,2,480.0,309.9,261.0,1160,1132
2637,2025-03-15,3,3,480.0,441.2,363.6,1616,1581
2638,2025-03-15,4,1,480.0,480.0,441.8,2790,2766
2639,2025-03-15,4,2,480.0,386.3,348.5,2201,2181
2640,2025-03-15,4,3,480.0,394.8,353.1,2230,2215
2641,2025-03-15,5,1,480.0,416.1,355.2,1015,991
2642,2025-03-15,5,2,480.0,414.3,347.2,992,976
2643,2025-03-15,5,3,480.0,229.2,190.4,544,536
2644,2025-03-15,6,1,480.0,376.0,317.1,906,892
2645,2025-03-15,6,2,480.0,351.5,294.0,840,820
2646,2025-03-15,6,3,480.0,254.7,211.8,605,590
2647,2025-03-15,7,1,480.0,274.0,225.2,563,547
2648,2025-03-15,7,2,480.0,342.4,283.2,708,684
2649,2025-03-15,7,3,457.2,326.5,257.6,644,630
2650,2025-03-15,8,1,480.0,391.5,324.3,846,831
2651,2025-03-15,8,2,480.0,441.7,369.5,964,942
2652,2025-03-15,8,3,480.0,377.2,309.0,806,783
2653,2025-03-15,9,1,480.0,401.3,373.4,1179,1157
2654,2025-03-15,9,2,480.0,480.0,434.5,1372,1351
2655,2025-03-15,9,3,480.0,302.4,260.3,822,818
2656,2025-03-15,10,1,480.0,439.6,382.8,1531,1509
2657,2025-03-15,10,2,480.0,362.5,309.5,1238,1217
2658,2025-03-15,10,3,480.0,351.9,287.8,1151,1129
2659,2025-03-15,11,1,480.0,349.9,288.8,990,970
2660,2025-03-15,11,2,480.0,434.4,369.2,1266,1236
2661,2025-03-15,11,3,480.0,446.5,366.3,1256,1230
2662,2025-03-15,12,1,480.0,377.6,335.7,1259,1251
2663,2025-03-15,12,2,480.0,437.5,363.2,1362,1345
2664,2025-03-15,12,3,480.0,451.8,383.2,1437,1418
2665,2025-03-16,1,1,480.0,480.0,428.4,2142,2123
2666,2025-03-16,1,2,480.0,356.8,320.8,1604,1585
2667,2025-03-16,1,3,480.0,401.7,345.8,1729,1704
2668,2025-03-16,2,1,480.0,474.4,423.6,2118,2080
2669,2025-03-16,2,2,480.0,463.2,398.8,1994,1964
2670,2025-03-16,2,3,480.0,407.2,342.6,1713,1690
2671,2025-03-16,3,1,480.0,182.1,148.7,661,641
2672,2025-03-16,3,2,480.0,334.2,271.4,1206,1180
2673,2025-03-16,3,3,480.0,376.8,289.4,1286,1259
2674,2025-03-16,4,1,480.0,468.7,433.0,2735,2702
2675,2025-03-16,4,2,480.0,352.8,321.1,2028,2005
2676,2025-03-16,4,3,480.0,458.9,411.8,2601,2573
2677,2025-03-16,5,1,480.0,463.5,412.6,1179,1157
2678,2025-03-16,5,2,480.0,429.2,369.6,1056,1030
2679,2025-03-16,5,3,480.0,398.2,332.9,951,928
2680,2025-03-16,6,1,480.0,443.7,378.0,1080,1070
2681,2025-03-16,6,2,480.0,451.1,380.4,1087,1064
2682,2025-03-16,6,3,446.0,366.4,302.4,864,852
2683,2025-03-16,7,1,480.0,250.8,207.6,519,505
2684,2025-03-16,7,2,480.0,205.3,171.6,429,418
2685,2025-03-16,7,3,480.0,369.9,284.8,712,691
2686,2025-03-16,8,1,480.0,422.3,373.4,974,950
2687,2025-03-16,8,2,480.0,315.1,264.1,689,670
2688,2025-03-16,8,3,480.0,444.6,371.1,968,950
2689,2025-03-16,9,1,480.0,450.3,415.8,1313,1299
2690,2025-03-16,9,2,480.0,467.1,433.2,1368,1350
2691,2025-03-16,9,3,480.0,435.5,380.3,1201,1186
2692,2025-03-16,10,1,480.0,308.5,267.2,1069,1050
2693,2025-03-16,10,2,480.0,356.7,309.5,1238,1228
2694,2025-03-16,10,3,480.0,461.0,379.0,1516,1491
2695,2025-03-16,11,1,480.0,369.2,314.7,1079,1048
2696,2025-03-16,11,2,480.0,428.7,371.0,1272,1242
2697,2025-03-16,11,3,480.0,327.4,263.1,902,884
2698,2025-03-16,12,1,480.0,405.5,353.3,1325,1306
2699,2025-03-16,12,2,480.0,469.2,416.8,1563,1543
2700,2025-03-16,12,3,480.0,347.2,303.7,1139,1128
2701,2025-03-17,1,1,480.0,427.1,374.8,1874,1845
2702,2025-03-17,1,2,480.0,434.4,383.6,1918,1901
2703,2025-03-17,1,3,448.9,316.3,283.6,1418,1397
2704,2025-03-17,2,1,480.0,409.6,369.0,1845,1815
2705,2025-03-17,2,2,480.0,402.5,353.6,1768,1738
2706,2025-03-17,2,3,480.0,470.5,402.8,2014,1983
2707,2025-03-17,3,1,480.0,355.9,292.1,1298,1279
2708,2025-03-17,3,2,480.0,290.4,247.5,1100,1080
2709,2025-03-17,3,3,480.0,377.7,297.7,1323,1288
2710,2025-03-17,4,1,335.8,310.2,281.5,1778,1750
2711,2025-03-17,4,2,480.0,452.3,402.6,2543,2522
2712,2025-03-17,4,3,480.0,420.6,373.8,2361,2341
2713,2025-03-17,5,1,480.0,389.6,336.0,960,945
2714,2025-03-17,5,2,480.0,443.7,393.1,1123,1109
2715,2025-03-17,5,3,480.0,432.5,364.7,1042,1019
2716,2025-03-17,6,1,300.3,264.8,223.3,638,625
2717,2025-03-17,6,2,480.0,465.4,396.6,1133,1110
2718,2025-03-17,6,3,480.0,433.7,355.2,1015,992
2719,2025-03-17,7,1,480.0,314.4,259.2,648,636
2720,2025-03-17,7,2,480.0,440.9,365.2,913,890
2721,2025-03-17,7,3,480.0,291.2,238.4,596,579
2722,2025-03-17,8,1,480.0,417.2,350.8,915,897
2723,2025-03-17,8,2,480.0,462.6,398.3,1039,1018
2724,2025-03-17,8,3,480.0,472.9,384.5,1003,983
2725,2025-03-17,9,1,480.0,417.7,368.0,1162,1147
2726,2025-03-17,9,2,480.0,480.0,437.3,1381,1353
2727,2025-03-17,9,3,480.0,387.6,334.1,1055,1042
2728,2025-03-17,10,1,480.0,432.1,378.5,1514,1491
2729,2025-03-17,10,2,480.0,311.5,270.0,1080,1065
2730,2025-03-17,10,3,480.0,357.4,304.2,1217,1197
2731,2025-03-17,11,1,480.0,315.6,265.7,911,888
2732,2025-03-17,11,2,480.0,436.5,366.3,1256,1233
2733,2025-03-17,11,3,480.0,290.1,233.3,800,781
2734,2025-03-17,12,1,480.0,478.2,441.3,1655,1637
2735,2025-03-17,12,2,480.0,375.2,323.2,1212,1192
2736,2025-03-17,12,3,480.0,449.8,380.5,1427,1404
2737,2025-03-18,1,1,480.0,458.5,413.0,2065,2039
2738,2025-03-18,1,2,480.0,442.0,385.8,1929,1897
2739,2025-03-18,1,3,480.0,418.5,356.0,1780,1754
2740,2025-03-18,2,1,480.0,456.4,405.4,2027,2005
2741,2025-03-18,2,2,480.0,468.3,432.4,2162,2133
2742,2025-03-18,2,3,480.0,412.9,356.4,1782,1759
2743,2025-03-18,3,1,480.0,339.8,279.2,1241,1207
2744,2025-03-18,3,2,480.0,348.8,290.5,1291,1265
2745,2025-03-18,3,3,480.0,471.4,379.8,1688,1657
2746,2025-03-18,4,1,480.0,472.3,432.4,2731,2684
2747,2025-03-18,4,2,480.0,442.1,421.2,2660,2631
2748,2025-03-18,4,3,480.0,480.0,428.0,2703,2681
2749,2025-03-18,5,1,480.0,415.0,360.5,1030,1011
2750,2025-03-18,5,2,480.0,425.0,364.4,1041,1022
2751,2025-03-18,5,3,480.0,397.6,326.2,932,915
2752,2025-03-18,6,1,480.0,302.7,261.4,747,734
2753,2025-03-18,6,2,480.0,480.0,402.5,1150,1125
2754,2025-03-18,6,3,480.0,417.1,346.5,990,972
2755,2025-03-18,7,1,480.0,421.5,350.0,875,853
2756,2025-03-18,7,2,480.0,394.6,330.0,825,806
2757,2025-03-18,7,3,480.0,347.3,273.6,684,669
2758,2025-03-18,8,1,480.0,430.1,368.8,962,945
2759,2025-03-18,8,2,480.0,480.0,412.9,1077,1050
2760,2025-03-18,8,3,480.0,453.9,364.6,951,927
2761,2025-03-18,9,1,480.0,322.8,286.3,904,895
2762,2025-03-18,9,2,480.0,471.2,419.9,1326,1302
2763,2025-03-18,9,3,480.0,416.1,353.4,1116,1101
2764,2025-03-18,10,1,480.0,418.8,373.0,1492,1476
2765,2025-03-18,10,2,480.0,373.0,325.2,1301,1284
2766,2025-03-18,10,3,480.0,446.0,378.5,1514,1487
2767,2025-03-18,11,1,480.0,326.7,282.3,968,947
2768,2025-03-18,11,2,480.0,443.4,375.1,1286,1259
2769,2025-03-18,11,3,480.0,104.7,84.0,288,281
2770,2025-03-18,12,1,480.0,415.7,359.7,1349,1336
2771,2025-03-18,12,2,480.0,447.3,389.6,1461,1432
2772,2025-03-18,12,3,480.0,434.8,381.1,1429,1406
2773,2025-03-19,1,1,480.0,413.9,371.2,1856,1836
2774,2025-03-19,1,2,480.0,430.9,377.0,1885,1870
2775,2025-03-19,1,3,480.0,321.9,280.2,1401,1380
2776,2025-03-19,2,1,480.0,466.0,415.4,2077,2061
2777,2025-03-19,2,2,480.0,460.2,394.6,1973,1946
2778,2025-03-19,2,3,480.0,450.0,393.0,1965,1937
2779,2025-03-19,3,1,480.0,420.1,336.6,1496,1458
2780,2025-03-19,3,2,480.0,428.2,348.8,1550,1524
2781,2025-03-19,3,3,480.0,330.2,266.2,1183,1159
2782,2025-03-19,4,1,480.0,455.2,404.1,2552,2519
2783,2025-03-19,4,2,480.0,405.4,373.5,2359,2354
2784,2025-03-19,4,3,480.0,446.8,390.4,2466,2443
2785,2025-03-19,5,1,480.0,422.2,354.2,1012,987
2786,2025-03-19,5,2,480.0,320.4,279.6,799,781
2787,2025-03-19,5,3,480.0,399.4,328.6,939,927
2788,2025-03-19,6,1,480.0,448.3,378.4,1081,1057
2789,2025-03-19,6,2,480.0,440.2,371.4,1061,1038
2790,2025-03-19,6,3,480.0,407.1,337.4,964,951
2791,2025-03-19,7,1,480.0,254.0,213.2,533,516
2792,2025-03-19,7,2,480.0,347.2,290.0,725,709
2793,2025-03-19,7,3,480.0,371.9,299.6,749,729
2794,2025-03-19,8,1,480.0,429.4,362.6,946,932
2795,2025-03-19,8,2,480.0,444.3,379.9,991,975
2796,2025-03-19,8,3,480.0,451.9,383.3,1000,978
2797,2025-03-19,9,1,480.0,404.2,366.7,1158,1134
2798,2025-03-19,9,2,480.0,410.6,373.4,1179,1160
2799,2025-03-19,9,3,480.0,455.0,386.6,1221,1205
2800,2025-03-19,10,1,480.0,395.1,349.8,1399,1382
2801,2025-03-19,10,2,480.0,423.9,356.0,1424,1405
2802,2025-03-19,10,3,480.0,402.5,349.2,1397,1386
2803,2025-03-19,11,1,480.0,430.6,363.1,1245,1206
2804,2025-03-19,11,2,480.0,312.5,260.8,894,872
2805,2025-03-19,11,3,480.0,297.9,250.2,858,836
2806,2025-03-19,12,1,480.0,405.8,346.9,1301,1288
2807,2025-03-19,12,2,480.0,417.0,357.3,1340,1323
2808,2025-03-19,12,3,480.0,424.2,369.1,1384,1363
2809,2025-03-20,1,1,480.0,427.6,378.2,1891,1873
2810,2025-03-20,1,2,480.0,404.0,368.0,1840,1826
2811,2025-03-20,1,3,480.0,462.9,383.8,1919,1895
2812,2025-03-20,2,1,480.0,435.8,380.4,1902,1878
2813,2025-03-20,2,2,480.0,399.4,363.8,1819,1795
2814,2025-03-20,2,3,480.0,441.9,372.2,1861,1831
2815,2025-03-20,3,1,480.0,343.8,282.1,1254,1233
2816,2025-03-20,3,2,480.0,355.9,301.1,1338,1318
2817,2025-03-20,3,3,480.0,380.2,304.6,1354,1327
2818,2025-03-20,4,1,480.0,424.4,386.5,2441,2411
2819,2025-03-20,4,2,480.0,468.0,432.4,2731,2693
2820,2025-03-20,4,3,444.8,402.6,370.7,2341,2323
2821,2025-03-20,5,1,480.0,390.9,336.4,961,945
2822,2025-03-20,5,2,480.0,377.2,325.9,931,911
2823,2025-03-20,5,3,480.0,423.1,354.2,1012,994
2824,2025-03-20,6,1,480.0,440.3,372.1,1063,1047
2825,2025-03-20,6,2,480.0,401.5,331.1,946,929
2826,2025-03-20,6,3,480.0,416.6,335.3,958,940
2827,2025-03-20,7,1,480.0,468.2,366.8,917,897
2828,2025-03-20,7,2,480.0,332.9,277.2,693,673
2829,2025-03-20,7,3,480.0,428.0,334.0,835,819
2830,2025-03-20,8,1,480.0,399.6,334.3,872,856
2831,2025-03-20,8,2,480.0,276.1,231.5,604,590
2832,2025-03-20,8,3,434.5,306.8,247.6,646,633
2833,2025-03-20,9,1,480.0,432.2,386.3,1220,1196
2834,2025-03-20,9,2,480.0,475.3,433.8,1370,1355
2835,2025-03-20,9,3,480.0,458.3,403.4,1274,1257
2836,2025-03-20,10,1,480.0,435.4,379.2,1517,1489
2837,2025-03-20,10,2,480.0,452.7,405.0,1620,1596
2838,2025-03-20,10,3,480.0,384.3,325.5,1302,1280
2839,2025-03-20,11,1,480.0,437.4,355.8,1220,1191
2840,2025-03-20,11,2,480.0,435.4,368.7,1264,1237
2841,2025-03-20,11,3,480.0,379.4,313.0,1073,1049
2842,2025-03-20,12,1,480.0,389.7,349.3,1310,1295
2843,2025-03-20,12,2,480.0,480.0,428.0,1605,1587
2844,2025-03-20,12,3,480.0,340.9,296.5,1112,1104
2845,2025-03-21,1,1,480.0,410.0,361.2,1806,1789
2846,2025-03-21,1,2,480.0,378.2,338.0,1690,1670
2847,2025-03-21,1,3,431.9,406.3,358.8,1794,1769
2848,2025-03-21,2,1,480.0,419.2,371.4,1857,1829
2849,2025-03-21,2,2,480.0,404.9,354.0,1770,1748
2850,2025-03-21,2,3,480.0,413.0,348.4,1742,1719
2851,2025-03-21,3,1,480.0,425.0,346.3,1539,1517
2852,2025-03-21,3,2,480.0,406.2,321.5,1429,1402
2853,2025-03-21,3,3,480.0,465.8,371.9,1653,1610
2854,2025-03-21,4,1,480.0,462.7,417.2,2635,2620
2855,2025-03-21,4,2,480.0,460.6,434.9,2747,2725
2856,2025-03-21,4,3,426.0,360.2,315.4,1992,1964
2857,2025-03-21,5,1,322.3,264.5,232.1,663,647
2858,2025-03-21,5,2,480.0,457.3,398.6,1139,1109
2859,2025-03-21,5,3,480.0,460.9,386.8,1105,1087
2860,2025-03-21,6,1,480.0,385.8,318.1,909,896
2861,2025-03-21,6,2,480.0,407.3,354.6,1013,996
2862,2025-03-21,6,3,480.0,473.3,405.3,1158,1131
2863,2025-03-21,7,1,480.0,349.7,292.8,732,712
2864,2025-03-21,7,2,480.0,362.2,296.8,742,723
2865,2025-03-21,7,3,480.0,462.2,363.6,909,888
2866,2025-03-21,8,1,480.0,466.1,392.5,1024,1004
2867,2025-03-21,8,2,480.0,425.1,345.8,902,879
2868,2025-03-21,8,3,480.0,376.2,307.8,803,785
2869,2025-03-21,9,1,480.0,451.2,402.8,1272,1253
2870,2025-03-21,9,2,480.0,461.4,426.2,1346,1325
2871,2025-03-21,9,3,480.0,444.1,395.2,1248,1226
2872,2025-03-21,10,1,480.0,463.1,402.0,1608,1589
2873,2025-03-21,10,2,480.0,382.3,337.8,1351,1325
2874,2025-03-21,10,3,480.0,478.7,401.5,1606,1575
2875,2025-03-21,11,1,480.0,404.5,333.4,1143,1119
2876,2025-03-21,11,2,480.0,436.8,370.7,1271,1240
2877,2025-03-21,11,3,442.0,417.1,350.9,1203,1177
2878,2025-03-21,12,1,480.0,459.0,399.7,1499,1482
2879,2025-03-21,12,2,480.0,480.0,421.9,1582,1563
2880,2025-03-21,12,3,480.0,404.9,339.2,1272,1248
2881,2025-03-22,1,1,480.0,480.0,416.8,2084,2058
2882,2025-03-22,1,2,480.0,474.5,423.8,2119,2096
2883,2025-03-22,1,3,480.0,414.9,358.0,1790,1774
2884,2025-03-22,2,1,480.0,411.8,360.4,1802,1783
2885,2025-03-22,2,2,480.0,422.0,369.2,1846,1824
2886,2025-03-22,2,3,480.0,419.6,348.8,1744,1720
2887,2025-03-22,3,1,480.0,449.0,370.4,1646,1613
2888,2025-03-22,3,2,480.0,391.7,330.5,1469,1441
2889,2025-03-22,3,3,480.0,432.2,344.2,1530,1501
2890,2025-03-22,4,1,480.0,480.0,432.7,2733,2691
2891,2025-03-22,4,2,480.0,458.6,432.7,2733,2712
2892,2025-03-22,4,3,480.0,480.0,415.9,2627,2595
2893,2025-03-22,5,1,480.0,444.1,389.2,1112,1088
2894,2025-03-22,5,2,480.0,405.1,338.4,967,947
2895,2025-03-22,5,3,428.6,301.4,250.2,715,702
2896,2025-03-22,6,1,480.0,328.0,280.0,800,782
2897,2025-03-22,6,2,480.0,450.2,383.6,1096,1068
2898,2025-03-22,6,3,480.0,472.2,373.8,1068,1052
2899,2025-03-22,7,1,480.0,438.2,354.8,887,863
2900,2025-03-22,7,2,480.0,408.8,328.0,820,800
2901,2025-03-22,7,3,480.0,375.5,315.2,788,764
2902,2025-03-22,8,1,480.0,456.6,382.9,999,982
2903,2025-03-22,8,2,480.0,368.7,310.9,811,796
2904,2025-03-22,8,3,480.0,398.6,332.0,866,844
2905,2025-03-22,9,1,480.0,399.7,352.1,1112,1100
2906,2025-03-22,9,2,480.0,471.7,419.6,1325,1311
2907,2025-03-22,9,3,480.0,419.8,360.1,1137,1119
2908,2025-03-22,10,1,480.0,408.7,370.5,1482,1460
2909,2025-03-22,10,2,480.0,402.6,351.5,1406,1389
2910,2025-03-22,10,3,480.0,430.5,369.2,1477,1455
2911,2025-03-22,11,1,480.0,462.6,394.0,1351,1328
2912,2025-03-22,11,2,480.0,417.5,367.5,1260,1234
2913,2025-03-22,11,3,480.0,409.9,337.2,1156,1131
2914,2025-03-22,12,1,480.0,428.8,366.9,1376,1350
2915,2025-03-22,12,2,480.0,445.6,390.4,1464,1448
2916,2025-03-22,12,3,480.0,466.4,409.3,1535,1505
2917,2025-03-23,1,1,480.0,434.6,393.8,1969,1944
2918,2025-03-23,1,2,480.0,402.1,361.2,1806,1786
2919,2025-03-23,1,3,480.0,452.1,393.2,1966,1937
2920,2025-03-23,2,1,480.0,455.8,390.8,1954,1933
2921,2025-03-23,2,2,480.0,474.6,422.2,2111,2073
2922,2025-03-23,2,3,480.0,455.8,381.0,1905,1872
2923,2025-03-23,3,1,480.0,443.4,372.1,1654,1620
2924,2025-03-23,3,2,480.0,451.0,370.4,1646,1600
2925,2025-03-23,3,3,480.0,380.8,309.6,1376,1344
2926,2025-03-23,4,1,480.0,480.0,435.9,2753,2738
2927,2025-03-23,4,2,480.0,449.9,412.6,2606,2566
2928,2025-03-23,4,3,480.0,420.9,380.9,2406,2384
2929,2025-03-23,5,1,480.0,414.3,346.9,991,977
2930,2025-03-23,5,2,480.0,269.3,236.2,675,668
2931,2025-03-23,5,3,480.0,367.2,299.9,857,841
2932,2025-03-23,6,1,480.0,355.4,305.9,874,855
2933,2025-03-23,6,2,480.0,444.2,375.9,1074,1056
2934,2025-03-23,6,3,437.2,390.6,323.1,923,906
2935,2025-03-23,7,1,480.0,408.3,332.4,831,807
2936,2025-03-23,7,2,480.0,429.2,341.2,853,829
2937,2025-03-23,7,3,480.0,404.2,325.2,813,791
2938,2025-03-23,8,1,480.0,432.5,375.7,980,958
2939,2025-03-23,8,2,480.0,428.1,355.4,927,911
2940,2025-03-23,8,3,480.0,221.3,178.6,466,453
2941,2025-03-23,9,1,480.0,430.5,393.9,1244,1236
2942,2025-03-23,9,2,480.0,448.6,404.1,1276,1261
2943,2025-03-23,9,3,480.0,453.7,392.0,1238,1222
2944,2025-03-23,10,1,480.0,394.2,329.0,1316,1293
2945,2025-03-23,10,2,480.0,398.3,342.8,1371,1347
2946,2025-03-23,10,3,480.0,355.3,298.5,1194,1176
2947,2025-03-23,11,1,480.0,346.2,298.1,1022,999
2948,2025-03-23,11,2,480.0,411.7,363.7,1247,1214
2949,2025-03-23,11,3,480.0,403.6,319.4,1095,1073
2950,2025-03-23,12,1,480.0,426.3,366.7,1375,1357
2951,2025-03-23,12,2,480.0,411.0,352.5,1322,1302
2952,2025-03-23,12,3,440.0,314.3,268.3,1006,993
2953,2025-03-24,1,1,480.0,458.6,406.2,2031,2008
2954,2025-03-24,1,2,480.0,455.1,401.6,2008,1981
2955,2025-03-24,1,3,480.0,410.9,363.2,1816,1790
2956,2025-03-24,2,1,480.0,452.1,386.6,1933,1900
2957,2025-03-24,2,2,480.0,468.5,411.6,2058,2030
2958,2025-03-24,2,3,480.0,390.2,338.0,1690,1678
2959,2025-03-24,3,1,480.0,365.7,295.6,1314,1282
2960,2025-03-24,3,2,480.0,414.7,339.5,1509,1471
2961,2025-03-24,3,3,445.0,218.2,171.0,760,743
2962,2025-03-24,4,1,480.0,359.6,319.4,2017,2002
2963,2025-03-24,4,2,480.0,480.0,426.6,2694,2666
2964,2025-03-24,4,3,480.0,398.3,358.0,2261,2235
2965,2025-03-24,5,1,480.0,398.3,339.5,970,954
2966,2025-03-24,5,2,480.0,251.2,223.7,639,628
2967,2025-03-24,5,3,480.0,383.5,319.9,914,901
2968,2025-03-24,6,1,480.0,325.2,272.6,779,758
2969,2025-03-24,6,2,480.0,403.8,340.9,974,951
2970,2025-03-24,6,3,444.2,362.2,290.9,831,811
2971,2025-03-24,7,1,480.0,311.1,260.0,650,634
2972,2025-03-24,7,2,480.0,390.1,318.8,797,775
2973,2025-03-24,7,3,480.0,287.1,237.2,593,577
2974,2025-03-24,8,1,480.0,365.8,315.1,822,803
2975,2025-03-24,8,2,480.0,371.3,320.5,836,820
2976,2025-03-24,8,3,480.0,373.5,318.9,832,818
2977,2025-03-24,9,1,480.0,446.8,405.3,1280,1256
2978,2025-03-24,9,2,480.0,426.8,392.4,1239,1217
2979,2025-03-24,9,3,480.0,429.5,380.0,1200,1186
2980,2025-03-24,10,1,480.0,445.9,386.0,1544,1521
2981,2025-03-24,10,2,480.0,444.8,393.2,1573,1557
2982,2025-03-24,10,3,480.0,382.2,321.8,1287,1268
2983,2025-03-24,11,1,480.0,368.1,304.8,1045,1018
2984,2025-03-24,11,2,480.0,480.0,413.3,1417,1383
2985,2025-03-24,11,3,480.0,388.4,327.0,1121,1098
2986,2025-03-24,12,1,480.0,403.1,363.5,1363,1342
2987,2025-03-24,12,2,480.0,471.7,416.8,1563,1532
2988,2025-03-24,12,3,438.8,117.8,100.5,377,373
2989,2025-03-25,1,1,480.0,474.9,424.4,2122,2095
2990,2025-03-25,1,2,480.0,411.7,362.4,1812,1793
2991,2025-03-25,1,3,480.0,450.2,381.6,1908,1885
2992,2025-03-25,2,1,480.0,392.3,342.0,1710,1681
2993,2025-03-25,2,2,480.0,480.0,425.8,2129,2097
2994,2025-03-25,2,3,480.0,419.3,352.6,1763,1754
2995,2025-03-25,3,1,480.0,455.9,379.1,1685,1646
2996,2025-03-25,3,2,480.0,418.6,354.1,1574,1539
2997,2025-03-25,3,3,480.0,444.8,359.1,1596,1558
2998,2025-03-25,4,1,480.0,452.7,425.1,2685,2649
2999,2025-03-25,4,2,480.0,451.7,412.0,2602,2579
3000,2025-03-25,4,3,480.0,404.1,352.1,2224,2199
3001,2025-03-25,5,1,480.0,435.7,368.2,1052,1023
3002,2025-03-25,5,2,480.0,371.4,324.1,926,905
3003,2025-03-25,5,3,480.0,421.9,348.9,997,982
3004,2025-03-25,6,1,480.0,403.6,338.8,968,948
3005,2025-03-25,6,2,480.0,373.5,319.2,912,896
3006,2025-03-25,6,3,480.0,391.4,324.4,927,912
3007,2025-03-25,7,1,480.0,377.0,309.6,774,755
3008,2025-03-25,7,2,480.0,379.7,304.0,760,738
3009,2025-03-25,7,3,480.0,375.5,292.4,731,715
3010,2025-03-25,8,1,480.0,369.7,321.2,838,822
3011,2025-03-25,8,2,480.0,395.6,340.0,887,868
3012,2025-03-25,8,3,480.0,421.7,335.4,875,853
3013,2025-03-25,9,1,480.0,437.1,399.3,1261,1241
3014,2025-03-25,9,2,480.0,414.8,375.2,1185,1167
3015,2025-03-25,9,3,480.0,397.7,351.2,1109,1095
3016,2025-03-25,10,1,480.0,444.7,382.8,1531,1501
3017,2025-03-25,10,2,480.0,410.9,361.5,1446,1418
3018,2025-03-25,10,3,480.0,276.2,232.8,931,918
3019,2025-03-25,11,1,480.0,427.1,360.8,1237,1199
3020,2025-03-25,11,2,480.0,429.1,367.2,1259,1232
3021,2025-03-25,11,3,480.0,375.1,301.6,1034,1013
3022,2025-03-25,12,1,480.0,455.5,380.5,1427,1406
3023,2025-03-25,12,2,480.0,402.8,355.5,1333,1314
3024,2025-03-25,12,3,480.0,237.4,205.1,769,756
3025,2025-03-26,1,1,480.0,457.7,395.2,1976,1950
3026,2025-03-26,1,2,480.0,436.7,385.6,1928,1904
3027,2025-03-26,1,3,480.0,388.4,341.2,1706,1684
3028,2025-03-26,2,1,480.0,413.7,376.8,1884,1862
3029,2025-03-26,2,2,480.0,373.9,335.6,1678,1660
3030,2025-03-26,2,3,480.0,292.2,257.0,1285,1253
3031,2025-03-26,3,1,480.0,418.9,347.4,1544,1505
3032,2025-03-26,3,2,480.0,379.5,316.1,1405,1381
3033,2025-03-26,3,3,480.0,417.4,341.8,1519,1486
3034,2025-03-26,4,1,480.0,425.1,386.8,2443,2422
3035,2025-03-26,4,2,480.0,420.8,383.3,2421,2380
3036,2025-03-26,4,3,480.0,414.0,355.9,2248,2214
3037,2025-03-26,5,1,480.0,422.4,355.6,1016,1001
3038,2025-03-26,5,2,480.0,446.9,391.3,1118,1100
3039,2025-03-26,5,3,480.0,394.3,322.7,922,907
3040,2025-03-26,6,1,480.0,435.1,351.4,1004,987
3041,2025-03-26,6,2,480.0,425.5,357.7,1022,1004
3042,2025-03-26,6,3,480.0,354.3,289.1,826,810
3043,2025-03-26,7,1,480.0,350.6,280.0,700,679
3044,2025-03-26,7,2,480.0,262.4,219.2,548,532
3045,2025-03-26,7,3,480.0,461.4,370.4,926,903
3046,2025-03-26,8,1,480.0,389.5,330.1,861,847
3047,2025-03-26,8,2,480.0,273.8,234.6,612,601
3048,2025-03-26,8,3,480.0,422.5,354.2,924,913
3049,2025-03-26,9,1,312.0,224.3,203.6,643,636
3050,2025-03-26,9,2,480.0,467.4,416.1,1314,1290
3051,2025-03-26,9,3,480.0,429.7,375.6,1186,1171
3052,2025-03-26,10,1,480.0,428.7,368.5,1474,1450
3053,2025-03-26,10,2,480.0,423.4,361.2,1445,1418
3054,2025-03-26,10,3,480.0,377.8,315.5,1262,1239
3055,2025-03-26,11,1,480.0,366.0,316.5,1085,1064
3056,2025-03-26,11,2,480.0,419.1,363.1,1245,1212
3057,2025-03-26,11,3,480.0,422.5,340.4,1167,1155
3058,2025-03-26,12,1,480.0,440.7,392.8,1473,1443
3059,2025-03-26,12,2,480.0,430.2,367.2,1377,1368
3060,2025-03-26,12,3,480.0,423.7,360.0,1350,1319
3061,2025-03-27,1,1,480.0,419.5,371.8,1859,1842
3062,2025-03-27,1,2,480.0,437.5,385.2,1926,1911
3063,2025-03-27,1,3,480.0,387.8,342.8,1714,1695
3064,2025-03-27,2,1,480.0,362.4,322.8,1614,1600
3065,2025-03-27,2,2,480.0,447.3,404.8,2024,1994
3066,2025-03-27,2,3,480.0,480.0,407.6,2038,2010
3067,2025-03-27,3,1,480.0,315.8,255.6,1136,1115
3068,2025-03-27,3,2,480.0,363.9,299.5,1331,1306
3069,2025-03-27,3,3,480.0,424.2,342.2,1521,1486
3070,2025-03-27,4,1,480.0,480.0,447.0,2823,2789
3071,2025-03-27,4,2,480.0,419.8,375.1,2369,2325
3072,2025-03-27,4,3,480.0,461.1,401.2,2534,2492
3073,2025-03-27,5,1,480.0,317.7,272.3,778,765
3074,2025-03-27,5,2,480.0,388.9,335.6,959,940
3075,2025-03-27,5,3,480.0,407.6,345.1,986,973
3076,2025-03-27,6,1,480.0,442.1,387.8,1108,1082
3077,2025-03-27,6,2,480.0,396.7,333.9,954,937
3078,2025-03-27,6,3,480.0,367.1,302.4,864,845
3079,2025-03-27,7,1,480.0,337.8,272.4,681,662
3080,2025-03-27,7,2,480.0,388.5,325.6,814,794
3081,2025-03-27,7,3,480.0,399.4,325.6,814,793
3082,2025-03-27,8,1,480.0,480.0,404.8,1056,1032
3083,2025-03-27,8,2,480.0,331.9,283.3,739,726
3084,2025-03-27,8,3,480.0,331.2,278.3,726,710
3085,2025-03-27,9,1,480.0,466.0,421.8,1332,1323
3086,2025-03-27,9,2,480.0,468.5,433.5,1369,1352
3087,2025-03-27,9,3,480.0,437.4,371.8,1174,1156
3088,2025-03-27,10,1,480.0,476.1,417.8,1671,1650
3089,2025-03-27,10,2,480.0,454.5,396.2,1585,1567
3090,2025-03-27,10,3,435.8,254.4,211.5,846,831
3091,2025-03-27,11,1,480.0,412.4,339.5,1164,1142
3092,2025-03-27,11,2,480.0,423.5,349.7,1199,1182
3093,2025-03-27,11,3,480.0,313.5,257.2,882,859
3094,2025-03-27,12,1,480.0,427.4,368.8,1383,1363
3095,2025-03-27,12,2,480.0,410.5,368.3,1381,1372
3096,2025-03-27,12,3,480.0,354.8,304.8,1143,1125
3097,2025-03-28,1,1,480.0,419.7,369.2,1846,1824
3098,2025-03-28,1,2,480.0,441.0,398.6,1993,1971
3099,2025-03-28,1,3,480.0,435.9,377.8,1889,1872
3100,2025-03-28,2,1,480.0,376.9,326.4,1632,1609
3101,2025-03-28,2,2,480.0,451.4,385.8,1929,1905
3102,2025-03-28,2,3,480.0,370.9,315.4,1577,1555
3103,2025-03-28,3,1,480.0,419.7,353.0,1569,1553
3104,2025-03-28,3,2,480.0,384.3,318.4,1415,1386
3105,2025-03-28,3,3,480.0,473.9,384.8,1710,1664
3106,2025-03-28,4,1,480.0,439.8,407.6,2574,2550
3107,2025-03-28,4,2,480.0,464.9,420.2,2654,2606
3108,2025-03-28,4,3,480.0,464.3,399.5,2523,2514
3109,2025-03-28,5,1,480.0,398.6,354.9,1014,996
3110,2025-03-28,5,2,480.0,297.2,255.5,730,713
3111,2025-03-28,5,3,480.0,441.0,362.2,1035,1012
3112,2025-03-28,6,1,480.0,443.7,385.7,1102,1088
3113,2025-03-28,6,2,480.0,467.9,397.9,1137,1116
3114,2025-03-28,6,3,440.1,295.3,250.2,715,698
3115,2025-03-28,7,1,480.0,384.4,308.4,771,752
3116,2025-03-28,7,2,480.0,278.2,232.0,580,564
3117,2025-03-28,7,3,480.0,408.1,322.4,806,786
3118,2025-03-28,8,1,480.0,455.1,389.9,1017,1001
3119,2025-03-28,8,2,480.0,355.3,304.8,795,778
3120,2025-03-28,8,3,480.0,378.1,318.9,832,813
3121,2025-03-28,9,1,480.0,446.5,394.9,1247,1233
3122,2025-03-28,9,2,480.0,480.0,423.7,1338,1334
3123,2025-03-28,9,3,480.0,374.9,329.3,1040,1025
3124,2025-03-28,10,1,480.0,445.3,379.2,1517,1492
3125,2025-03-28,10,2,480.0,384.5,320.8,1283,1269
3126,2025-03-28,10,3,442.8,382.4,325.2,1301,1276
3127,2025-03-28,11,1,480.0,416.4,351.8,1206,1180
3128,2025-03-28,11,2,480.0,389.8,325.5,1116,1093
3129,2025-03-28,11,3,480.0,468.5,399.9,1371,1341
3130,2025-03-28,12,1,480.0,480.0,441.6,1656,1629
3131,2025-03-28,12,2,480.0,386.0,336.8,1263,1241
3132,2025-03-28,12,3,480.0,397.5,339.2,1272,1243
3133,2025-03-29,1,1,480.0,480.0,423.6,2118,2083
3134,2025-03-29,1,2,480.0,423.3,392.2,1961,1946
3135,2025-03-29,1,3,480.0,445.6,375.2,1876,1849
3136,2025-03-29,2,1,480.0,407.4,356.6,1783,1753
3137,2025-03-29,2,2,480.0,448.5,377.2,1886,1867
3138,2025-03-29,2,3,480.0,461.3,388.6,1943,1917
3139,2025-03-29,3,1,480.0,446.4,366.5,1629,1599
3140,2025-03-29,3,2,480.0,381.9,317.2,1410,1386
3141,2025-03-29,3,3,441.6,348.1,281.9,1253,1227
3142,2025-03-29,4,1,480.0,470.6,426.7,2695,2670
3143,2025-03-29,4,2,480.0,382.7,344.4,2175,2148
3144,2025-03-29,4,3,480.0,402.5,352.0,2223,2200
3145,2025-03-29,5,1,480.0,412.0,364.0,1040,1023
3146,2025-03-29,5,2,480.0,441.8,367.9,1051,1035
3147,2025-03-29,5,3,480.0,404.5,345.4,987,973
3148,2025-03-29,6,1,480.0,434.3,362.6,1036,1012
3149,2025-03-29,6,2,480.0,408.5,338.1,966,945
3150,2025-03-29,6,3,480.0,390.5,321.3,918,903
3151,2025-03-29,7,1,480.0,431.4,363.2,908,882
3152,2025-03-29,7,2,480.0,424.1,345.6,864,836
3153,2025-03-29,7,3,480.0,322.8,253.6,634,618
3154,2025-03-29,8,1,480.0,406.1,341.2,890,873
3155,2025-03-29,8,2,480.0,387.6,329.7,860,837
3156,2025-03-29,8,3,480.0,382.0,317.4,828,812
3157,2025-03-29,9,1,480.0,400.4,349.6,1104,1090
3158,2025-03-29,9,2,480.0,385.2,350.2,1106,1090
3159,2025-03-29,9,3,480.0,454.0,383.8,1212,1188
3160,2025-03-29,10,1,480.0,460.6,408.2,1633,1604
3161,2025-03-29,10,2,480.0,449.4,396.0,1584,1562
3162,2025-03-29,10,3,443.3,430.7,365.8,1463,1442
3163,2025-03-29,11,1,480.0,413.2,348.8,1196,1173
3164,2025-03-29,11,2,480.0,369.7,310.3,1064,1037
3165,2025-03-29,11,3,480.0,449.3,372.2,1276,1242
3166,2025-03-29,12,1,480.0,436.8,385.1,1444,1413
3167,2025-03-29,12,2,480.0,414.8,361.3,1355,1336
3168,2025-03-29,12,3,480.0,344.3,295.7,1109,1096
3169,2025-03-30,1,1,480.0,446.8,401.2,2006,1993
3170,2025-03-30,1,2,480.0,354.7,319.4,1597,1584
3171,2025-03-30,1,3,480.0,459.5,374.0,1870,1859
3172,2025-03-30,2,1,480.0,448.1,388.2,1941,1909
3173,2025-03-30,2,2,480.0,410.9,356.6,1783,1752
3174,2025-03-30,2,3,480.0,416.1,368.8,1844,1815
3175,2025-03-30,3,1,480.0,356.6,298.1,1325,1298
3176,2025-03-30,3,2,480.0,453.7,370.4,1646,1611
3177,2025-03-30,3,3,480.0,393.5,313.0,1391,1364
3178,2025-03-30,4,1,480.0,420.1,379.7,2398,2396
3179,2025-03-30,4,2,480.0,454.8,413.7,2613,2599
3180,2025-03-30,4,3,480.0,442.8,394.7,2493,2460
3181,2025-03-30,5,1,480.0,325.7,288.8,825,807
3182,2025-03-30,5,2,480.0,309.4,268.8,768,757
3183,2025-03-30,5,3,480.0,355.5,301.7,862,846
3184,2025-03-30,6,1,480.0,426.1,360.5,1030,1008
3185,2025-03-30,6,2,480.0,398.1,340.9,974,955
3186,2025-03-30,6,3,480.0,397.0,330.8,945,923
3187,2025-03-30,7,1,480.0,361.5,297.6,744,723
3188,2025-03-30,7,2,480.0,434.2,354.0,885,864
3189,2025-03-30,7,3,480.0,337.2,258.4,646,631
3190,2025-03-30,8,1,480.0,422.2,358.8,936,909
3191,2025-03-30,8,2,480.0,461.1,402.1,1049,1031
3192,2025-03-30,8,3,480.0,407.2,342.7,894,876
3193,2025-03-30,9,1,480.0,472.7,416.1,1314,1296
3194,2025-03-30,9,2,480.0,400.3,364.8,1152,1126
3195,2025-03-30,9,3,480.0,388.4,343.3,1084,1064
3196,2025-03-30,10,1,480.0,402.6,353.8,1415,1381
3197,2025-03-30,10,2,480.0,439.5,376.8,1507,1481
3198,2025-03-30,10,3,480.0,480.0,401.8,1607,1587
3199,2025-03-30,11,1,480.0,381.3,326.4,1119,1100
3200,2025-03-30,11,2,480.0,476.1,412.4,1414,1385
3201,2025-03-30,11,3,453.5,255.2,212.0,727,707
3202,2025-03-30,12,1,480.0,459.9,401.6,1506,1485
3203,2025-03-30,12,2,480.0,466.0,412.8,1548,1523
3204,2025-03-30,12,3,480.0,453.4,390.7,1465,1452
3205,2025-03-31,1,1,480.0,445.5,395.4,1977,1965
3206,2025-03-31,1,2,480.0,440.4,374.2,1871,1856
3207,2025-03-31,1,3,480.0,409.1,371.4,1857,1837
3208,2025-03-31,2,1,480.0,465.7,400.0,2000,1981
3209,2025-03-31,2,2,480.0,426.2,362.2,1811,1798
3210,2025-03-31,2,3,480.0,441.7,387.4,1937,1912
3211,2025-03-31,3,1,480.0,411.8,344.2,1530,1494
3212,2025-03-31,3,2,480.0,405.7,336.1,1494,1445
3213,2025-03-31,3,3,480.0,415.3,323.1,1436,1405
3214,2025-03-31,4,1,480.0,443.7,397.7,2512,2475
3215,2025-03-31,4,2,480.0,420.8,390.4,2466,2437
3216,2025-03-31,4,3,436.3,391.9,351.0,2217,2206
3217,2025-03-31,5,1,480.0,383.3,321.6,919,905
3218,2025-03-31,5,2,480.0,404.1,355.9,1017,1003
3219,2025-03-31,5,3,480.0,459.2,378.7,1082,1061
3220,2025-03-31,6,1,480.0,407.4,354.6,1013,990
3221,2025-03-31,6,2,480.0,447.9,393.1,1123,1100
3222,2025-03-31,6,3,480.0,360.7,308.4,881,864
3223,2025-03-31,7,1,480.0,382.4,312.8,782,761
3224,2025-03-31,7,2,480.0,436.5,351.2,878,854
3225,2025-03-31,7,3,480.0,433.0,348.4,871,848
3226,2025-03-31,8,1,480.0,421.3,369.1,963,947
3227,2025-03-31,8,2,480.0,359.8,301.7,787,768
3228,2025-03-31,8,3,480.0,406.1,335.8,876,860
3229,2025-03-31,9,1,480.0,469.3,432.9,1367,1346
3230,2025-03-31,9,2,480.0,437.9,394.2,1245,1232
3231,2025-03-31,9,3,480.0,417.5,355.0,1121,1102
3232,2025-03-31,10,1,480.0,395.5,345.8,1383,1355
3233,2025-03-31,10,2,480.0,336.1,284.2,1137,1123
3234,2025-03-31,10,3,480.0,354.6,302.0,1208,1195
3235,2025-03-31,11,1,480.0,457.9,390.2,1338,1302
3236,2025-03-31,11,2,480.0,397.4,338.9,1162,1141
3237,2025-03-31,11,3,480.0,323.8,268.6,921,902
3238,2025-03-31,12,1,480.0,389.6,343.2,1287,1268
3239,2025-03-31,12,2,480.0,384.9,339.7,1274,1259
3240,2025-03-31,12,3,480.0,344.0,296.3,1111,1100
3241,2025-04-01,1,1,480.0,460.0,405.6,2028,2005
3242,2025-04-01,1,2,480.0,465.0,420.0,2100,2081
3243,2025-04-01,1,3,480.0,360.6,316.0,1580,1564
3244,2025-04-01,2,1,480.0,415.3,378.0,1890,1871
3245,2025-04-01,2,2,480.0,472.5,422.6,2113,2079
3246,2025-04-01,2,3,480.0,462.0,387.8,1939,1911
3247,2025-04-01,3,1,480.0,464.0,382.5,1700,1653
3248,2025-04-01,3,2,480.0,370.8,310.7,1381,1357
3249,2025-04-01,3,3,480.0,244.6,197.3,877,858
3250,2025-04-01,4,1,480.0,456.5,409.0,2583,2552
3251,2025-04-01,4,2,480.0,459.1,408.5,2580,2556
3252,2025-04-01,4,3,480.0,437.1,376.7,2379,2357
3253,2025-04-01,5,1,480.0,307.4,269.9,771,759
3254,2025-04-01,5,2,480.0,395.0,353.5,1010,996
3255,2025-04-01,5,3,480.0,364.5,302.8,865,852
3256,2025-04-01,6,1,480.0,369.3,309.1,883,867
3257,2025-04-01,6,2,480.0,442.2,373.1,1066,1047
3258,2025-04-01,6,3,480.0,349.4,288.1,823,806
3259,2025-04-01,7,1,480.0,340.2,276.8,692,675
3260,2025-04-01,7,2,480.0,367.7,307.2,768,748
3261,2025-04-01,7,3,480.0,399.6,318.0,795,775
3262,2025-04-01,8,1,480.0,449.2,374.9,978,956
3263,2025-04-01,8,2,480.0,377.6,320.1,835,817
3264,2025-04-01,8,3,480.0,364.4,299.0,780,764
3265,2025-04-01,9,1,480.0,413.4,372.1,1175,1154
3266,2025-04-01,9,2,480.0,378.1,334.7,1057,1046
3267,2025-04-01,9,3,480.0,425.8,370.5,1170,1157
3268,2025-04-01,10,1,480.0,422.5,368.8,1475,1449
3269,2025-04-01,10,2,480.0,442.4,381.2,1525,1496
3270,2025-04-01,10,3,480.0,372.5,313.5,1254,1236
3271,2025-04-01,11,1,480.0,392.8,340.1,1166,1132
3272,2025-04-01,11,2,480.0,398.5,340.4,1167,1146
3273,2025-04-01,11,3,480.0,367.9,299.2,1026,1003
3274,2025-04-01,12,1,480.0,403.9,356.0,1335,1323
3275,2025-04-01,12,2,480.0,404.1,358.7,1345,1332
3276,2025-04-01,12,3,480.0,465.3,401.3,1505,1486
3277,2025-04-02,1,1,480.0,456.3,381.2,1906,1884
3278,2025-04-02,1,2,480.0,374.7,329.8,1649,1639
3279,2025-04-02,1,3,480.0,472.4,401.6,2008,1986
3280,2025-04-02,2,1,480.0,426.3,373.8,1869,1837
3281,2025-04-02,2,2,480.0,466.5,408.6,2043,2022
3282,2025-04-02,2,3,449.7,391.6,338.6,1693,1665
3283,2025-04-02,3,1,480.0,429.4,344.0,1529,1500
3284,2025-04-02,3,2,480.0,252.3,217.8,968,945
3285,2025-04-02,3,3,480.0,427.4,335.7,1492,1460
3286,2025-04-02,4,1,480.0,480.0,433.8,2740,2702
3287,2025-04-02,4,2,480.0,395.7,365.1,2306,2290
3288,2025-04-02,4,3,480.0,360.2,318.1,2009,1991
3289,2025-04-02,5,1,480.0,309.2,263.6,753,738
3290,2025-04-02,5,2,480.0,428.9,375.6,1073,1055
3291,2025-04-02,5,3,480.0,345.5,286.6,819,804
3292,2025-04-02,6,1,480.0,417.1,357.4,1021,1005
3293,2025-04-02,6,2,480.0,439.5,361.6,1033,1015
3294,2025-04-02,6,3,480.0,340.5,283.1,809,787
3295,2025-04-02,7,1,480.0,416.0,339.6,849,826
3296,2025-04-02,7,2,480.0,344.6,280.4,701,682
3297,2025-04-02,7,3,480.0,376.1,290.8,727,709
3298,2025-04-02,8,1,480.0,411.6,350.4,914,897
3299,2025-04-02,8,2,480.0,335.0,292.9,764,751
3300,2025-04-02,8,3,480.0,350.4,282.9,738,720
3301,2025-04-02,9,1,480.0,357.0,310.3,980,964
3302,2025-04-02,9,2,480.0,418.6,375.6,1186,1170
3303,2025-04-02,9,3,480.0,435.3,376.2,1188,1172
3304,2025-04-02,10,1,480.0,419.3,364.5,1458,1447
3305,2025-04-02,10,2,480.0,362.9,304.8,1219,1206
3306,2025-04-02,10,3,480.0,125.9,105.8,423,417
3307,2025-04-02,11,1,480.0,387.3,334.2,1146,1123
3308,2025-04-02,11,2,480.0,425.9,356.4,1222,1192
3309,2025-04-02,11,3,480.0,401.5,329.0,1128,1096
3310,2025-04-02,12,1,480.0,412.7,365.9,1372,1353
3311,2025-04-02,12,2,480.0,464.8,404.8,1518,1501
3312,2025-04-02,12,3,480.0,480.0,409.1,1534,1519
3313,2025-04-03,1,1,480.0,462.7,419.2,2096,2067
3314,2025-04-03,1,2,480.0,450.8,392.2,1961,1944
3315,2025-04-03,1,3,480.0,430.7,376.0,1880,1876
3316,2025-04-03,2,1,480.0,480.0,412.8,2064,2044
3317,2025-04-03,2,2,480.0,366.7,317.8,1589,1568
3318,2025-04-03,2,3,480.0,434.7,379.8,1899,1875
3319,2025-04-03,3,1,480.0,417.5,357.3,1588,1551
3320,2025-04-03,3,2,480.0,359.9,298.4,1326,1288
3321,2025-04-03,3,3,480.0,403.9,331.2,1472,1447
3322,2025-04-03,4,1,480.0,399.3,354.4,2238,2208
3323,2025-04-03,4,2,480.0,455.2,396.6,2505,2477
3324,2025-04-03,4,3,480.0,469.1,412.5,2605,2573
3325,2025-04-03,5,1,480.0,384.1,336.0,960,942
3326,2025-04-03,5,2,480.0,416.9,366.1,1046,1031
3327,2025-04-03,5,3,480.0,352.5,288.8,825,808
3328,2025-04-03,6,1,480.0,415.7,352.1,1006,983
3329,2025-04-03,6,2,480.0,362.1,309.1,883,864
3330,2025-04-03,6,3,480.0,304.8,250.6,716,703
3331,2025-04-03,7,1,480.0,405.2,332.8,832,806
3332,2025-04-03,7,2,480.0,199.4,163.6,409,400
3333,2025-04-03,7,3,480.0,339.0,268.8,672,658
3334,2025-04-03,8,1,480.0,425.8,359.2,937,919
3335,2025-04-03,8,2,480.0,273.0,233.4,609,594
3336,2025-04-03,8,3,480.0,396.8,317.8,829,809
3337,2025-04-03,9,1,480.0,396.0,348.6,1101,1086
3338,2025-04-03,9,2,480.0,468.8,425.0,1342,1327
3339,2025-04-03,9,3,480.0,447.6,400.3,1264,1249
3340,2025-04-03,10,1,480.0,436.0,376.5,1506,1478
3341,2025-04-03,10,2,480.0,449.1,393.0,1572,1553
3342,2025-04-03,10,3,480.0,442.3,380.8,1523,1501
3343,2025-04-03,11,1,480.0,452.5,386.5,1325,1289
3344,2025-04-03,11,2,480.0,396.3,344.5,1181,1154
3345,2025-04-03,11,3,480.0,335.4,278.2,954,931
3346,2025-04-03,12,1,480.0,445.9,388.8,1458,1438
3347,2025-04-03,12,2,480.0,397.7,340.0,1275,1260
3348,2025-04-03,12,3,480.0,480.0,414.4,1554,1547
3349,2025-04-04,1,1,278.4,232.1,204.8,1024,1017
3350,2025-04-04,1,2,480.0,385.3,347.6,1738,1716
3351,2025-04-04,1,3,480.0,408.1,358.6,1793,1768
3352,2025-04-04,2,1,480.0,447.1,396.8,1984,1961
3353,2025-04-04,2,2,480.0,406.4,358.6,1793,1776
3354,2025-04-04,2,3,480.0,465.9,399.4,1997,1973
3355,2025-04-04,3,1,480.0,436.3,364.1,1618,1586
3356,2025-04-04,3,2,480.0,431.1,358.2,1592,1565
3357,2025-04-04,3,3,429.8,415.2,336.1,1494,1457
3358,2025-04-04,4,1,480.0,480.0,447.8,2828,2819
3359,2025-04-04,4,2,480.0,480.0,428.8,2708,2685
3360,2025-04-04,4,3,480.0,404.2,349.8,2209,2176
3361,2025-04-04,5,1,480.0,395.7,345.8,988,965
3362,2025-04-04,5,2,480.0,339.8,299.2,855,841
3363,2025-04-04,5,3,480.0,422.2,348.2,995,974
3364,2025-04-04,6,1,480.0,433.2,375.9,1074,1047
3365,2025-04-04,6,2,480.0,381.9,319.2,912,893
3366,2025-04-04,6,3,480.0,371.6,306.6,876,858
3367,2025-04-04,7,1,480.0,410.5,344.0,860,834
3368,2025-04-04,7,2,480.0,387.2,320.0,800,778
3369,2025-04-04,7,3,480.0,355.5,284.4,711,683
3370,2025-04-04,8,1,480.0,374.3,326.2,851,835
3371,2025-04-04,8,2,480.0,364.9,312.4,815,794
3372,2025-04-04,8,3,453.8,389.2,327.4,854,836
3373,2025-04-04,9,1,480.0,464.2,412.3,1302,1290
3374,2025-04-04,9,2,480.0,459.1,434.8,1373,1351
3375,2025-04-04,9,3,480.0,446.0,399.0,1260,1241
3376,2025-04-04,10,1,480.0,426.8,375.2,1501,1481
3377,2025-04-04,10,2,480.0,386.7,342.5,1370,1353
3378,2025-04-04,10,3,480.0,417.1,344.2,1377,1358
3379,2025-04-04,11,1,480.0,474.3,411.0,1409,1380
3380,2025-04-04,11,2,480.0,417.4,356.4,1222,1193
3381,2025-04-04,11,3,480.0,385.5,314.7,1079,1051
3382,2025-04-04,12,1,480.0,413.3,363.7,1364,1339
3383,2025-04-04,12,2,480.0,405.9,361.9,1357,1343
3384,2025-04-04,12,3,480.0,458.9,384.0,1440,1418
3385,2025-04-05,1,1,480.0,434.2,385.2,1926,1917
3386,2025-04-05,1,2,480.0,437.7,382.4,1912,1878
3387,2025-04-05,1,3,480.0,414.9,344.0,1720,1705
3388,2025-04-05,2,1,480.0,447.0,401.6,2008,1983
3389,2025-04-05,2,2,480.0,425.8,365.0,1825,1793
3390,2025-04-05,2,3,480.0,392.7,341.6,1708,1696
3391,2025-04-05,3,1,480.0,324.4,270.0,1200,1175
3392,2025-04-05,3,2,480.0,421.1,352.8,1568,1523
3393,2025-04-05,3,3,461.8,410.5,324.4,1442,1408
3394,2025-04-05,4,1,480.0,450.2,407.4,2573,2557
3395,2025-04-05,4,2,480.0,480.0,430.8,2721,2687
3396,2025-04-05,4,3,480.0,421.1,372.2,2351,2327
3397,2025-04-05,5,1,480.0,459.9,398.3,1138,1117
3398,2025-04-05,5,2,480.0,358.7,307.3,878,857
3399,2025-04-05,5,3,480.0,455.3,362.9,1037,1014
3400,2025-04-05,6,1,480.0,348.9,294.4,841,821
3401,2025-04-05,6,2,480.0,413.0,342.3,978,960
3402,2025-04-05,6,3,480.0,399.5,324.8,928,905
3403,2025-04-05,7,1,480.0,389.9,324.4,811,791
3404,2025-04-05,7,2,480.0,437.0,368.0,920,898
3405,2025-04-05,7,3,480.0,314.4,252.4,631,614
3406,2025-04-05,8,1,480.0,426.7,373.8,975,956
3407,2025-04-05,8,2,480.0,318.5,272.9,712,697
3408,2025-04-05,8,3,480.0,339.5,279.4,729,707
3409,2025-04-05,9,1,480.0,472.3,425.9,1345,1332
3410,2025-04-05,9,2,480.0,419.6,387.6,1224,1209
3411,2025-04-05,9,3,446.7,401.6,332.5,1050,1044
3412,2025-04-05,10,1,480.0,445.3,377.5,1510,1490
3413,2025-04-05,10,2,480.0,377.0,334.2,1337,1310
3414,2025-04-05,10,3,480.0,448.2,388.8,1555,1538
3415,2025-04-05,11,1,480.0,284.3,251.7,863,840
3416,2025-04-05,11,2,480.0,421.4,361.4,1239,1210
3417,2025-04-05,11,3,480.0,365.5,306.5,1051,1026
3418,2025-04-05,12,1,480.0,427.0,368.0,1380,1357
3419,2025-04-05,12,2,480.0,362.8,318.7,1195,1178
3420,2025-04-05,12,3,480.0,434.9,376.3,1411,1403
3421,2025-04-06,1,1,480.0,472.8,427.8,2139,2131
3422,2025-04-06,1,2,480.0,473.7,415.6,2078,2051
3423,2025-04-06,1,3,480.0,461.6,395.6,1978,1952
3424,2025-04-06,2,1,480.0,436.8,382.2,1911,1883
3425,2025-04-06,2,2,480.0,447.1,388.0,1940,1906
3426,2025-04-06,2,3,480.0,435.6,364.2,1821,1799
3427,2025-04-06,3,1,480.0,446.0,367.6,1634,1598
3428,2025-04-06,3,2,480.0,357.3,293.2,1303,1271
3429,2025-04-06,3,3,480.0,372.9,302.6,1345,1314
3430,2025-04-06,4,1,480.0,446.4,404.2,2553,2531
3431,2025-04-06,4,2,480.0,474.1,421.5,2662,2628
3432,2025-04-06,4,3,480.0,374.0,332.3,2099,2076
3433,2025-04-06,5,1,480.0,397.5,338.4,967,953
3434,2025-04-06,5,2,480.0,437.3,382.6,1093,1067
3435,2025-04-06,5,3,480.0,472.7,393.8,1125,1112
3436,2025-04-06,6,1,480.0,441.3,366.8,1048,1026
3437,2025-04-06,6,2,480.0,454.9,370.6,1059,1041
3438,2025-04-06,6,3,480.0,350.8,291.9,834,818
3439,2025-04-06,7,1,480.0,353.7,294.8,737,718
3440,2025-04-06,7,2,480.0,361.2,287.2,718,701
3441,2025-04-06,7,3,480.0,321.1,256.4,641,623
3442,2025-04-06,8,1,480.0,351.1,305.5,797,777
3443,2025-04-06,8,2,480.0,415.5,366.9,957,944
3444,2025-04-06,8,3,480.0,402.8,343.5,896,870
3445,2025-04-06,9,1,480.0,430.1,382.2,1207,1186
3446,2025-04-06,9,2,480.0,475.2,436.7,1379,1358
3447,2025-04-06,9,3,480.0,405.5,357.5,1129,1120
3448,2025-04-06,10,1,480.0,457.8,391.5,1566,1533
3449,2025-04-06,10,2,480.0,456.2,407.8,1631,1604
3450,2025-04-06,10,3,480.0,438.9,363.5,1454,1431
3451,2025-04-06,11,1,480.0,359.9,306.5,1051,1030
3452,2025-04-06,11,2,480.0,463.7,387.3,1328,1298
3453,2025-04-06,11,3,480.0,337.2,279.4,958,938
3454,2025-04-06,12,1,480.0,451.9,406.7,1525,1498
3455,2025-04-06,12,2,480.0,427.6,368.3,1381,1351
3456,2025-04-06,12,3,480.0,454.0,384.3,1441,1420
3457,2025-04-07,1,1,480.0,480.0,423.2,2116,2089
3458,2025-04-07,1,2,480.0,348.4,300.6,1503,1485
3459,2025-04-07,1,3,480.0,404.4,351.6,1758,1741
3460,2025-04-07,2,1,480.0,448.0,387.8,1939,1916
3461,2025-04-07,2,2,480.0,405.3,351.8,1759,1739
3462,2025-04-07,2,3,480.0,430.6,361.8,1809,1782
3463,2025-04-07,3,1,480.0,372.9,299.7,1332,1294
3464,2025-04-07,3,2,480.0,432.9,368.6,1638,1602
3465,2025-04-07,3,3,427.2,345.6,271.6,1207,1185
3466,2025-04-07,4,1,480.0,436.5,388.9,2456,2429
3467,2025-04-07,4,2,480.0,438.8,415.1,2622,2582
3468,2025-04-07,4,3,480.0,443.7,390.8,2468,2435
3469,2025-04-07,5,1,480.0,350.4,303.1,866,844
3470,2025-04-07,5,2,480.0,471.2,404.6,1156,1130
3471,2025-04-07,5,3,480.0,326.8,271.9,777,765
3472,2025-04-07,6,1,480.0,464.9,404.9,1157,1141
3473,2025-04-07,6,2,480.0,443.5,375.2,1072,1049
3474,2025-04-07,6,3,480.0,476.7,390.2,1115,1097
3475,2025-04-07,7,1,480.0,439.4,357.2,893,871
3476,2025-04-07,7,2,480.0,358.3,303.6,759,737
3477,2025-04-07,7,3,480.0,226.0,179.6,449,437
3478,2025-04-07,8,1,480.0,373.0,311.6,813,802
3479,2025-04-07,8,2,480.0,393.0,335.4,875,853
3480,2025-04-07,8,3,480.0,409.9,338.9,884,862
3481,2025-04-07,9,1,480.0,475.7,426.9,1348,1331
3482,2025-04-07,9,2,480.0,453.5,398.4,1258,1230
3483,2025-04-07,9,3,480.0,422.2,360.7,1139,1120
3484,2025-04-07,10,1,480.0,468.0,387.5,1550,1531
3485,2025-04-07,10,2,480.0,444.2,383.8,1535,1515
3486,2025-04-07,10,3,480.0,411.7,344.2,1377,1352
3487,2025-04-07,11,1,480.0,348.9,293.7,1007,988
3488,2025-04-07,11,2,480.0,385.2,315.9,1083,1057
3489,2025-04-07,11,3,480.0,246.5,205.3,704,692
3490,2025-04-07,12,1,480.0,472.8,406.1,1523,1494
3491,2025-04-07,12,2,480.0,437.1,387.7,1454,1438
3492,2025-04-07,12,3,480.0,464.9,399.5,1498,1474
3493,2025-04-08,1,1,480.0,427.1,376.6,1883,1869
3494,2025-04-08,1,2,480.0,449.4,408.6,2043,2017
3495,2025-04-08,1,3,480.0,433.7,368.2,1841,1808
3496,2025-04-08,2,1,480.0,438.1,381.0,1905,1890
3497,2025-04-08,2,2,480.0,399.2,356.4,1782,1767
3498,2025-04-08,2,3,480.0,467.2,412.6,2063,2033
3499,2025-04-08,3,1,480.0,266.4,218.2,970,946
3500,2025-04-08,3,2,480.0,411.3,349.6,1554,1517
3501,2025-04-08,3,3,480.0,382.8,315.2,1401,1370
3502,2025-04-08,4,1,480.0,458.2,418.0,2640,2613
3503,2025-04-08,4,2,480.0,398.1,360.5,2277,2246
3504,2025-04-08,4,3,480.0,461.4,406.9,2570,2521
3505,2025-04-08,5,1,480.0,426.9,367.1,1049,1036
3506,2025-04-08,5,2,480.0,450.5,365.8,1045,1024
3507,2025-04-08,5,3,480.0,466.2,392.0,1120,1103
3508,2025-04-08,6,1,480.0,371.3,308.7,882,864
3509,2025-04-08,6,2,480.0,469.1,392.4,1121,1091
3510,2025-04-08,6,3,480.0,306.7,258.3,738,718
3511,2025-04-08,7,1,480.0,382.6,304.0,760,739
3512,2025-04-08,7,2,480.0,399.0,330.8,827,800
3513,2025-04-08,7,3,480.0,354.8,274.8,687,666
3514,2025-04-08,8,1,480.0,415.8,353.1,921,903
3515,2025-04-08,8,2,480.0,480.0,397.1,1036,1017
3516,2025-04-08,8,3,480.0,463.0,382.6,998,977
3517,2025-04-08,9,1,480.0,463.2,415.5,1312,1294
3518,2025-04-08,9,2,480.0,453.8,403.1,1273,1265
3519,2025-04-08,9,3,480.0,437.6,373.0,1178,1156
3520,2025-04-08,10,1,480.0,373.6,319.8,1279,1257
3521,2025-04-08,10,2,480.0,387.2,342.2,1369,1349
3522,2025-04-08,10,3,451.0,404.9,344.2,1377,1349
3523,2025-04-08,11,1,480.0,390.3,337.5,1157,1126
3524,2025-04-08,11,2,480.0,384.4,328.4,1126,1102
3525,2025-04-08,11,3,480.0,332.3,275.3,944,930
3526,2025-04-08,12,1,480.0,441.5,385.9,1447,1415
3527,2025-04-08,12,2,480.0,445.7,391.7,1469,1452
3528,2025-04-08,12,3,480.0,362.5,311.7,1169,1150
3529,2025-04-09,1,1,480.0,429.2,381.8,1909,1880
3530,2025-04-09,1,2,480.0,425.0,390.4,1952,1937
3531,2025-04-09,1,3,480.0,407.1,348.2,1741,1731
3532,2025-04-09,2,1,480.0,473.1,427.4,2137,2110
3533,2025-04-09,2,2,480.0,394.6,346.2,1731,1714
3534,2025-04-09,2,3,480.0,409.2,349.6,1748,1712
3535,2025-04-09,3,1,480.0,343.5,274.3,1219,1184
3536,2025-04-09,3,2,480.0,335.0,279.2,1241,1217
3537,2025-04-09,3,3,480.0,345.4,284.2,1263,1233
3538,2025-04-09,4,1,480.0,470.3,424.2,2679,2652
3539,2025-04-09,4,2,480.0,444.2,402.0,2539,2513
3540,2025-04-09,4,3,480.0,455.6,404.4,2554,2543
3541,2025-04-09,5,1,480.0,453.8,396.9,1134,1107
3542,2025-04-09,5,2,480.0,435.6,379.8,1085,1065
3543,2025-04-09,5,3,480.0,388.7,324.8,928,910
3544,2025-04-09,6,1,480.0,445.8,376.2,1075,1051
3545,2025-04-09,6,2,480.0,384.6,330.8,945,922
3546,2025-04-09,6,3,480.0,338.6,277.2,792,773
3547,2025-04-09,7,1,480.0,440.5,359.2,898,875
3548,2025-04-09,7,2,480.0,452.5,367.6,919,897
3549,2025-04-09,7,3,480.0,396.2,317.6,794,776
3550,2025-04-09,8,1,279.4,164.0,144.5,377,366
3551,2025-04-09,8,2,480.0,369.4,310.1,809,791
3552,2025-04-09,8,3,480.0,399.1,330.4,862,843
3553,2025-04-09,9,1,480.0,419.9,379.1,1197,1173
3554,2025-04-09,9,2,480.0,426.2,383.8,1212,1202
3555,2025-04-09,9,3,480.0,295.8,264.1,834,824
3556,2025-04-09,10,1,480.0,365.1,327.8,1311,1296
3557,2025-04-09,10,2,480.0,373.1,323.0,1292,1278
3558,2025-04-09,10,3,480.0,156.3,136.0,544,537
3559,2025-04-09,11,1,480.0,390.5,327.8,1124,1098
3560,2025-04-09,11,2,480.0,422.5,361.1,1238,1213
3561,2025-04-09,11,3,440.4,126.9,104.1,357,346
3562,2025-04-09,12,1,480.0,409.0,369.1,1384,1365
3563,2025-04-09,12,2,480.0,419.8,373.1,1399,1383
3564,2025-04-09,12,3,480.0,470.0,392.5,1472,1448
3565,2025-04-10,1,1,480.0,408.0,366.8,1834,1819
3566,2025-04-10,1,2,480.0,469.2,411.4,2057,2043
3567,2025-04-10,1,3,480.0,321.4,280.2,1401,1381
3568,2025-04-10,2,1,480.0,445.5,388.2,1941,1904
3569,2025-04-10,2,2,480.0,435.9,373.2,1866,1838
3570,2025-04-10,2,3,480.0,441.7,387.8,1939,1906
3571,2025-04-10,3,1,480.0,403.6,331.6,1474,1443
3572,2025-04-10,3,2,480.0,480.0,410.6,1825,1777
3573,2025-04-10,3,3,480.0,353.2,279.7,1243,1212
3574,2025-04-10,4,1,480.0,422.8,396.3,2503,2490
3575,2025-04-10,4,2,480.0,468.6,434.1,2742,2728
3576,2025-04-10,4,3,480.0,456.5,409.9,2589,2565
3577,2025-04-10,5,1,480.0,416.6,373.8,1068,1056
3578,2025-04-10,5,2,480.0,349.1,294.7,842,825
3579,2025-04-10,5,3,480.0,433.3,352.4,1007,986
3580,2025-04-10,6,1,480.0,418.8,351.4,1004,991
3581,2025-04-10,6,2,480.0,465.5,402.9,1151,1131
3582,2025-04-10,6,3,480.0,369.9,298.2,852,835
3583,2025-04-10,7,1,480.0,355.4,296.8,742,726
3584,2025-04-10,7,2,480.0,215.2,170.8,427,416
3585,2025-04-10,7,3,480.0,399.0,313.2,783,762
3586,2025-04-10,8,1,480.0,436.3,376.1,981,960
3587,2025-04-10,8,2,480.0,341.6,293.6,766,754
3588,2025-04-10,8,3,480.0,452.7,373.8,975,962
3589,2025-04-10,9,1,480.0,311.4,283.4,895,887
3590,2025-04-10,9,2,480.0,444.8,410.4,1296,1276
3591,2025-04-10,9,3,480.0,467.7,414.2,1308,1295
3592,2025-04-10,10,1,480.0,436.3,378.2,1513,1484
3593,2025-04-10,10,2,480.0,446.7,395.8,1583,1565
3594,2025-04-10,10,3,480.0,369.4,315.5,1262,1238
3595,2025-04-10,11,1,480.0,413.6,345.3,1184,1154
3596,2025-04-10,11,2,480.0,409.6,342.1,1173,1140
3597,2025-04-10,11,3,480.0,409.9,334.8,1148,1131
3598,2025-04-10,12,1,480.0,478.2,417.3,1565,1540
3599,2025-04-10,12,2,480.0,439.2,385.6,1446,1422
3600,2025-04-10,12,3,480.0,465.2,396.5,1487,1471
3601,2025-04-11,1,1,480.0,450.6,408.2,2041,2020
3602,2025-04-11,1,2,480.0,428.6,382.8,1914,1890
3603,2025-04-11,1,3,480.0,303.6,265.4,1327,1311
3604,2025-04-11,2,1,480.0,480.0,413.2,2066,2041
3605,2025-04-11,2,2,480.0,379.3,339.2,1696,1680
3606,2025-04-11,2,3,480.0,451.4,384.4,1922,1888
3607,2025-04-11,3,1,480.0,237.9,200.0,889,875
3608,2025-04-11,3,2,480.0,387.0,326.9,1453,1413
3609,2025-04-11,3,3,436.6,221.7,177.3,788,778
3610,2025-04-11,4,1,480.0,395.8,364.6,2303,2299
3611,2025-04-11,4,2,480.0,448.6,406.3,2566,2546
3612,2025-04-11,4,3,480.0,480.0,408.7,2581,2561
3613,2025-04-11,5,1,480.0,331.3,286.6,819,801
3614,2025-04-11,5,2,480.0,252.9,211.8,605,590
3615,2025-04-11,5,3,480.0,383.4,319.6,913,899
3616,2025-04-11,6,1,480.0,400.3,331.4,947,934
3617,2025-04-11,6,2,480.0,381.8,325.1,929,915
3618,2025-04-11,6,3,480.0,376.7,306.2,875,861
3619,2025-04-11,7,1,480.0,403.7,328.4,821,799
3620,2025-04-11,7,2,480.0,434.9,370.0,925,905
3621,2025-04-11,7,3,480.0,264.3,209.2,523,509
3622,2025-04-11,8,1,480.0,406.2,348.1,908,891
3623,2025-04-11,8,2,480.0,411.9,341.9,892,869
3624,2025-04-11,8,3,480.0,458.2,372.6,972,952
3625,2025-04-11,9,1,480.0,446.5,396.5,1252,1236
3626,2025-04-11,9,2,480.0,469.9,431.3,1362,1344
3627,2025-04-11,9,3,450.7,407.3,351.8,1111,1102
3628,2025-04-11,10,1,480.0,443.7,393.0,1572,1545
3629,2025-04-11,10,2,480.0,452.3,400.2,1601,1567
3630,2025-04-11,10,3,480.0,480.0,387.5,1550,1521
3631,2025-04-11,11,1,480.0,401.9,336.6,1154,1125
3632,2025-04-11,11,2,480.0,434.7,368.4,1263,1225
3633,2025-04-11,11,3,480.0,384.6,317.3,1088,1068
3634,2025-04-11,12,1,480.0,444.0,385.3,1445,1421
3635,2025-04-11,12,2,480.0,452.5,389.1,1459,1443
3636,2025-04-11,12,3,480.0,480.0,427.7,1604,1576
3637,2025-04-12,1,1,480.0,480.0,441.4,2207,2175
3638,2025-04-12,1,2,480.0,460.1,401.8,2009,1986
3639,2025-04-12,1,3,480.0,438.2,378.2,1891,1876
3640,2025-04-12,2,1,480.0,453.3,403.0,2015,1980
3641,2025-04-12,2,2,480.0,399.5,348.8,1744,1733
3642,2025-04-12,2,3,480.0,395.7,340.6,1703,1680
3643,2025-04-12,3,1,480.0,469.8,402.1,1787,1749
3644,2025-04-12,3,2,480.0,464.3,370.6,1647,1613
3645,2025-04-12,3,3,480.0,425.9,341.1,1516,1478
3646,2025-04-12,4,1,480.0,457.7,425.3,2686,2673
3647,2025-04-12,4,2,480.0,395.9,359.6,2271,2249
3648,2025-04-12,4,3,480.0,434.6,384.9,2431,2405
3649,2025-04-12,5,1,480.0,408.1,353.5,1010,992
3650,2025-04-12,5,2,480.0,316.6,275.4,787,767
3651,2025-04-12,5,3,480.0,417.1,341.6,976,959
3652,2025-04-12,6,1,480.0,331.5,285.2,815,799
3653,2025-04-12,6,2,480.0,414.2,360.1,1029,1011
3654,2025-04-12,6,3,480.0,428.5,356.3,1018,999
3655,2025-04-12,7,1,480.0,383.9,315.2,788,770
3656,2025-04-12,7,2,480.0,436.2,355.2,888,860
3657,2025-04-12,7,3,480.0,402.9,314.4,786,768
3658,2025-04-12,8,1,480.0,369.9,318.2,830,814
3659,2025-04-12,8,2,480.0,378.5,318.2,830,818
3660,2025-04-12,8,3,480.0,465.0,357.6,933,906
3661,2025-04-12,9,1,480.0,475.6,424.3,1340,1322
3662,2025-04-12,9,2,480.0,437.9,396.5,1252,1232
3663,2025-04-12,9,3,480.0,445.4,386.0,1219,1207
3664,2025-04-12,10,1,480.0,439.0,383.0,1532,1506
3665,2025-04-12,10,2,480.0,443.8,371.8,1487,1468
3666,2025-04-12,10,3,480.0,387.0,324.8,1299,1284
3667,2025-04-12,11,1,480.0,329.0,280.6,962,945
3668,2025-04-12,11,2,480.0,431.4,370.1,1269,1245
3669,2025-04-12,11,3,480.0,307.1,247.0,847,828
3670,2025-04-12,12,1,480.0,437.2,381.3,1430,1397
3671,2025-04-12,12,2,480.0,450.7,393.6,1476,1439
3672,2025-04-12,12,3,441.0,431.0,375.2,1407,1387
3673,2025-04-13,1,1,480.0,394.6,353.0,1765,1759
3674,2025-04-13,1,2,480.0,364.1,325.8,1629,1611
3675,2025-04-13,1,3,480.0,384.7,339.0,1695,1674
3676,2025-04-13,2,1,480.0,446.2,392.8,1964,1953
3677,2025-04-13,2,2,480.0,365.4,310.0,1550,1517
3678,2025-04-13,2,3,480.0,396.7,327.4,1637,1612
3679,2025-04-13,3,1,480.0,371.6,309.1,1374,1344
3680,2025-04-13,3,2,480.0,335.2,287.1,1276,1239
3681,2025-04-13,3,3,480.0,371.7,297.9,1324,1294
3682,2025-04-13,4,1,480.0,439.1,406.4,2567,2538
3683,2025-04-13,4,2,480.0,422.5,398.4,2516,2490
3684,2025-04-13,4,3,480.0,449.9,384.9,2431,2414
3685,2025-04-13,5,1,480.0,444.7,396.2,1132,1107
3686,2025-04-13,5,2,480.0,441.4,368.2,1052,1034
3687,2025-04-13,5,3,480.0,376.2,312.2,892,876
3688,2025-04-13,6,1,480.0,278.9,244.7,699,685
3689,2025-04-13,6,2,480.0,480.0,395.9,1131,1110
3690,2025-04-13,6,3,480.0,439.0,364.7,1042,1024
3691,2025-04-13,7,1,480.0,379.4,313.2,783,767
3692,2025-04-13,7,2,480.0,472.7,381.6,954,930
3693,2025-04-13,7,3,480.0,307.7,239.6,599,584
3694,2025-04-13,8,1,480.0,277.0,244.2,637,623
3695,2025-04-13,8,2,480.0,413.9,345.8,902,884
3696,2025-04-13,8,3,480.0,427.8,348.4,909,884
3697,2025-04-13,9,1,480.0,456.6,399.9,1263,1244
3698,2025-04-13,9,2,480.0,453.6,421.5,1331,1311
3699,2025-04-13,9,3,480.0,475.4,399.0,1260,1239
3700,2025-04-13,10,1,480.0,430.2,374.5,1498,1478
3701,2025-04-13,10,2,480.0,338.4,283.0,1132,1112
3702,2025-04-13,10,3,480.0,423.9,365.8,1463,1442
3703,2025-04-13,11,1,480.0,466.1,392.9,1347,1315
3704,2025-04-13,11,2,480.0,366.4,300.7,1031,1008
3705,2025-04-13,11,3,480.0,449.6,385.6,1322,1298
3706,2025-04-13,12,1,480.0,475.2,419.7,1574,1554
3707,2025-04-13,12,2,480.0,437.1,384.8,1443,1422
3708,2025-04-13,12,3,480.0,442.1,381.1,1429,1409
3709,2025-04-14,1,1,480.0,407.7,362.6,1813,1797
3710,2025-04-14,1,2,480.0,405.1,358.2,1791,1757
3711,2025-04-14,1,3,459.8,406.1,358.0,1790,1769
3712,2025-04-14,2,1,480.0,468.4,409.8,2049,2014
3713,2025-04-14,2,2,480.0,435.0,387.0,1935,1901
3714,2025-04-14,2,3,480.0,430.9,369.6,1848,1819
3715,2025-04-14,3,1,480.0,345.8,293.2,1303,1274
3716,2025-04-14,3,2,480.0,331.3,279.9,1244,1215
3717,2025-04-14,3,3,480.0,386.1,306.2,1361,1331
3718,2025-04-14,4,1,480.0,469.8,419.4,2649,2622
3719,2025-04-14,4,2,480.0,459.2,420.2,2654,2639
3720,2025-04-14,4,3,480.0,478.5,434.1,2742,2712
3721,2025-04-14,5,1,480.0,429.5,365.1,1043,1025
3722,2025-04-14,5,2,480.0,431.0,360.1,1029,1016
3723,2025-04-14,5,3,480.0,408.9,340.6,973,954
3724,2025-04-14,6,1,480.0,364.3,302.4,864,844
3725,2025-04-14,6,2,480.0,418.7,351.4,1004,983
3726,2025-04-14,6,3,480.0,302.2,245.3,701,686
3727,2025-04-14,7,1,480.0,427.2,357.6,894,879
3728,2025-04-14,7,2,480.0,337.6,273.2,683,670
3729,2025-04-14,7,3,480.0,194.6,156.8,392,379
3730,2025-04-14,8,1,480.0,414.2,348.1,908,888
3731,2025-04-14,8,2,480.0,220.0,185.5,484,472
3732,2025-04-14,8,3,480.0,377.2,313.2,817,802
3733,2025-04-14,9,1,480.0,445.9,404.4,1277,1268
3734,2025-04-14,9,2,480.0,459.4,409.8,1294,1281
3735,2025-04-14,9,3,480.0,452.5,405.0,1279,1263
3736,2025-04-14,10,1,480.0,452.6,390.0,1560,1540
3737,2025-04-14,10,2,480.0,431.4,382.8,1531,1506
3738,2025-04-14,10,3,480.0,332.0,279.2,1117,1104
3739,2025-04-14,11,1,480.0,393.5,334.0,1145,1115
3740,2025-04-14,11,2,480.0,256.3,211.2,724,709
3741,2025-04-14,11,3,480.0,411.6,339.8,1165,1137
3742,2025-04-14,12,1,480.0,455.9,419.2,1572,1551
3743,2025-04-14,12,2,480.0,356.8,310.1,1163,1153
3744,2025-04-14,12,3,480.0,474.6,408.3,1531,1509
3745,2025-04-15,1,1,480.0,416.7,366.2,1831,1799
3746,2025-04-15,1,2,480.0,384.7,346.0,1730,1714
3747,2025-04-15,1,3,480.0,456.3,393.4,1967,1951
3748,2025-04-15,2,1,480.0,449.1,394.8,1974,1948
3749,2025-04-15,2,2,480.0,404.9,355.6,1778,1753
3750,2025-04-15,2,3,480.0,450.0,372.6,1863,1845
3751,2025-04-15,3,1,282.9,173.6,147.6,656,641
3752,2025-04-15,3,2,480.0,384.2,319.9,1422,1398
3753,2025-04-15,3,3,480.0,289.6,227.5,1011,984
3754,2025-04-15,4,1,480.0,418.3,380.3,2402,2380
3755,2025-04-15,4,2,480.0,462.3,431.0,2722,2706
3756,2025-04-15,4,3,480.0,432.6,385.1,2432,2413
3757,2025-04-15,5,1,480.0,459.5,398.6,1139,1117
3758,2025-04-15,5,2,480.0,417.2,355.6,1016,998
3759,2025-04-15,5,3,480.0,361.6,308.7,882,865
3760,2025-04-15,6,1,480.0,441.5,375.6,1073,1056
3761,2025-04-15,6,2,480.0,350.1,297.9,851,835
3762,2025-04-15,6,3,480.0,415.7,345.8,988,971
3763,2025-04-15,7,1,480.0,395.8,326.0,815,795
3764,2025-04-15,7,2,480.0,358.3,282.4,706,689
3765,2025-04-15,7,3,480.0,339.1,272.4,681,662
3766,2025-04-15,8,1,480.0,477.9,407.5,1063,1036
3767,2025-04-15,8,2,480.0,397.1,347.7,907,899
3768,2025-04-15,8,3,480.0,396.5,330.8,863,845
3769,2025-04-15,9,1,480.0,431.1,384.4,1214,1196
3770,2025-04-15,9,2,480.0,451.1,396.5,1252,1235
3771,2025-04-15,9,3,480.0,454.0,401.5,1268,1257
3772,2025-04-15,10,1,295.7,288.2,247.5,990,976
3773,2025-04-15,10,2,480.0,415.0,362.5,1450,1427
3774,2025-04-15,10,3,480.0,394.7,322.8,1291,1270
3775,2025-04-15,11,1,359.0,347.5,300.7,1031,1005
3776,2025-04-15,11,2,480.0,435.6,365.8,1254,1228
3777,2025-04-15,11,3,480.0,356.6,294.6,1010,987
3778,2025-04-15,12,1,480.0,478.6,438.1,1643,1617
3779,2025-04-15,12,2,480.0,433.9,374.7,1405,1385
3780,2025-04-15,12,3,480.0,444.9,381.1,1429,1408
3781,2025-04-16,1,1,480.0,403.2,361.4,1807,1783
3782,2025-04-16,1,2,480.0,457.4,413.8,2069,2052
3783,2025-04-16,1,3,480.0,397.2,345.4,1727,1691
3784,2025-04-16,2,1,480.0,426.9,377.2,1886,1860
3785,2025-04-16,2,2,480.0,456.4,391.2,1956,1921
3786,2025-04-16,2,3,480.0,349.8,301.2,1506,1489
3787,2025-04-16,3,1,480.0,296.4,238.1,1058,1037
3788,2025-04-16,3,2,480.0,386.0,319.3,1419,1400
3789,2025-04-16,3,3,441.3,300.0,244.1,1085,1064
3790,2025-04-16,4,1,480.0,480.0,439.1,2773,2760
3791,2025-04-16,4,2,480.0,480.0,442.2,2793,2761
3792,2025-04-16,4,3,480.0,460.6,399.0,2520,2497
3793,2025-04-16,5,1,480.0,453.1,390.6,1116,1094
3794,2025-04-16,5,2,480.0,403.1,351.8,1005,988
3795,2025-04-16,5,3,480.0,467.1,385.4,1101,1085
3796,2025-04-16,6,1,480.0,471.4,405.3,1158,1142
3797,2025-04-16,6,2,480.0,422.0,357.4,1021,990
3798,2025-04-16,6,3,480.0,365.5,298.6,853,828
3799,2025-04-16,7,1,480.0,313.6,250.4,626,610
3800,2025-04-16,7,2,480.0,463.0,370.0,925,896
3801,2025-04-16,7,3,430.2,203.9,167.2,418,409
3802,2025-04-16,8,1,480.0,382.9,330.1,861,844
3803,2025-04-16,8,2,480.0,425.7,360.7,941,925
3804,2025-04-16,8,3,480.0,395.3,323.1,843,827
3805,2025-04-16,9,1,480.0,428.1,377.1,1191,1164
3806,2025-04-16,9,2,480.0,394.9,349.6,1104,1091
3807,2025-04-16,9,3,480.0,447.0,391.4,1236,1211
3808,2025-04-16,10,1,480.0,313.1,277.0,1108,1097
3809,2025-04-16,10,2,480.0,349.7,310.2,1241,1217
3810,2025-04-16,10,3,480.0,304.0,259.0,1036,1022
3811,2025-04-16,11,1,480.0,440.5,368.7,1264,1228
3812,2025-04-16,11,2,480.0,470.1,392.9,1347,1312
3813,2025-04-16,11,3,480.0,395.2,338.0,1159,1141
3814,2025-04-16,12,1,480.0,402.2,355.2,1332,1311
3815,2025-04-16,12,2,480.0,421.6,362.1,1358,1334
3816,2025-04-16,12,3,480.0,281.5,232.5,872,858
3817,2025-04-17,1,1,480.0,433.1,369.2,1846,1828
3818,2025-04-17,1,2,480.0,457.8,415.4,2077,2056
3819,2025-04-17,1,3,480.0,453.1,394.4,1972,1956
3820,2025-04-17,2,1,480.0,443.8,395.6,1978,1961
3821,2025-04-17,2,2,480.0,380.6,336.2,1681,1651
3822,2025-04-17,2,3,480.0,445.2,378.2,1891,1865
3823,2025-04-17,3,1,480.0,356.2,294.8,1310,1281
3824,2025-04-17,3,2,480.0,461.5,383.2,1703,1671
3825,2025-04-17,3,3,480.0,390.5,311.9,1386,1349
3826,2025-04-17,4,1,480.0,480.0,428.8,2708,2687
3827,2025-04-17,4,2,480.0,396.5,367.8,2323,2287
3828,2025-04-17,4,3,480.0,480.0,438.6,2770,2764
3829,2025-04-17,5,1,480.0,472.7,399.7,1142,1123
3830,2025-04-17,5,2,480.0,456.0,394.1,1126,1102
3831,2025-04-17,5,3,480.0,389.0,329.0,940,924
3832,2025-04-17,6,1,480.0,475.1,404.2,1155,1132
3833,2025-04-17,6,2,480.0,428.8,362.2,1035,1015
3834,2025-04-17,6,3,480.0,435.4,352.4,1007,993
3835,2025-04-17,7,1,480.0,437.1,346.8,867,840
3836,2025-04-17,7,2,480.0,388.8,311.2,778,755
3837,2025-04-17,7,3,480.0,226.8,181.2,453,440
3838,2025-04-17,8,1,480.0,338.5,292.1,762,743
3839,2025-04-17,8,2,480.0,337.9,287.9,751,737
3840,2025-04-17,8,3,480.0,470.4,376.8,983,959
3841,2025-04-17,9,1,480.0,413.5,379.7,1199,1190
3842,2025-04-17,9,2,480.0,463.5,422.1,1333,1322
3843,2025-04-17,9,3,480.0,313.2,275.5,870,856
3844,2025-04-17,10,1,480.0,411.8,357.0,1428,1402
3845,2025-04-17,10,2,480.0,456.5,394.5,1578,1559
3846,2025-04-17,10,3,480.0,403.6,325.5,1302,1280
3847,2025-04-17,11,1,480.0,323.5,276.8,949,927
3848,2025-04-17,11,2,480.0,377.6,325.8,1117,1094
3849,2025-04-17,11,3,480.0,391.8,316.2,1084,1059
3850,2025-04-17,12,1,480.0,380.3,349.9,1312,1295
3851,2025-04-17,12,2,480.0,460.9,416.3,1561,1531
3852,2025-04-17,12,3,480.0,345.4,297.3,1115,1098
3853,2025-04-18,1,1,480.0,395.1,350.4,1752,1733
3854,2025-04-18,1,2,480.0,471.3,426.4,2132,2094
3855,2025-04-18,1,3,480.0,460.9,391.8,1959,1933
3856,2025-04-18,2,1,480.0,426.5,375.2,1876,1842
3857,2025-04-18,2,2,480.0,425.5,363.8,1819,1802
3858,2025-04-18,2,3,480.0,447.6,374.2,1871,1839
3859,2025-04-18,3,1,480.0,426.8,353.9,1573,1548
3860,2025-04-18,3,2,480.0,470.6,377.6,1678,1624
3861,2025-04-18,3,3,480.0,446.8,360.0,1600,1556
3862,2025-04-18,4,1,480.0,443.8,394.7,2493,2484
3863,2025-04-18,4,2,480.0,480.0,420.7,2657,2621
3864,2025-04-18,4,3,480.0,440.3,393.0,2482,2453
3865,2025-04-18,5,1,480.0,446.3,388.5,1110,1085
3866,2025-04-18,5,2,480.0,459.6,402.9,1151,1131
3867,2025-04-18,5,3,480.0,358.4,302.1,863,847
3868,2025-04-18,6,1,480.0,480.0,393.1,1123,1100
3869,2025-04-18,6,2,480.0,459.0,390.2,1115,1087
3870,2025-04-18,6,3,480.0,417.9,346.9,991,966
3871,2025-04-18,7,1,480.0,439.6,371.6,929,901
3872,2025-04-18,7,2,480.0,392.7,322.8,807,782
3873,2025-04-18,7,3,480.0,453.2,366.8,917,895
3874,2025-04-18,8,1,480.0,455.6,408.6,1066,1041
3875,2025-04-18,8,2,480.0,407.9,344.6,899,881
3876,2025-04-18,8,3,480.0,377.7,306.7,800,780
3877,2025-04-18,9,1,480.0,472.9,423.1,1336,1321
3878,2025-04-18,9,2,480.0,448.3,404.1,1276,1265
3879,2025-04-18,9,3,480.0,352.0,304.0,960,945
3880,2025-04-18,10,1,480.0,450.5,398.0,1592,1565
3881,2025-04-18,10,2,480.0,443.8,368.8,1475,1454
3882,2025-04-18,10,3,480.0,293.0,243.8,975,958
3883,2025-04-18,11,1,480.0,375.1,320.0,1097,1070
3884,2025-04-18,11,2,480.0,400.8,340.4,1167,1138
3885,2025-04-18,11,3,480.0,361.4,298.1,1022,996
3886,2025-04-18,12,1,480.0,472.6,424.8,1593,1561
3887,2025-04-18,12,2,480.0,341.8,309.6,1161,1135
3888,2025-04-18,12,3,480.0,432.2,369.6,1386,1357
3889,2025-04-19,1,1,480.0,464.0,405.0,2025,2003
3890,2025-04-19,1,2,480.0,453.7,384.4,1922,1895
3891,2025-04-19,1,3,480.0,428.9,359.2,1796,1761
3892,2025-04-19,2,1,480.0,450.2,396.2,1981,1954
3893,2025-04-19,2,2,480.0,428.6,377.0,1885,1844
3894,2025-04-19,2,3,480.0,421.6,352.0,1760,1747
3895,2025-04-19,3,1,480.0,336.5,271.8,1208,1182
3896,2025-04-19,3,2,480.0,341.5,284.9,1266,1241
3897,2025-04-19,3,3,480.0,392.7,312.1,1387,1363
3898,2025-04-19,4,1,480.0,369.6,342.3,2162,2138
3899,2025-04-19,4,2,480.0,475.4,451.6,2852,2808
3900,2025-04-19,4,3,480.0,471.3,415.0,2621,2594
3901,2025-04-19,5,1,480.0,326.6,277.6,793,781
3902,2025-04-19,5,2,480.0,322.9,279.6,799,786
3903,2025-04-19,5,3,480.0,358.6,294.4,841,826
3904,2025-04-19,6,1,480.0,423.0,358.8,1025,1003
3905,2025-04-19,6,2,480.0,382.9,326.9,934,913
3906,2025-04-19,6,3,480.0,327.8,275.1,786,768
3907,2025-04-19,7,1,322.0,225.5,186.4,466,458
3908,2025-04-19,7,2,480.0,329.0,280.0,700,679
3909,2025-04-19,7,3,480.0,424.4,340.0,850,830
3910,2025-04-19,8,1,480.0,429.6,358.8,936,917
3911,2025-04-19,8,2,480.0,464.9,404.4,1055,1037
3912,2025-04-19,8,3,480.0,418.8,350.0,913,893
3913,2025-04-19,9,1,480.0,304.7,274.6,867,851
3914,2025-04-19,9,2,480.0,480.0,437.9,1383,1372
3915,2025-04-19,9,3,480.0,462.2,398.7,1259,1240
3916,2025-04-19,10,1,480.0,463.8,404.5,1618,1593
3917,2025-04-19,10,2,480.0,401.8,357.0,1428,1407
3918,2025-04-19,10,3,480.0,456.3,388.2,1553,1532
3919,2025-04-19,11,1,480.0,348.6,297.2,1019,996
3920,2025-04-19,11,2,480.0,416.4,356.1,1221,1198
3921,2025-04-19,11,3,480.0,327.1,277.1,950,925
3922,2025-04-19,12,1,277.5,216.4,192.0,720,711
3923,2025-04-19,12,2,480.0,448.7,401.1,1504,1494
3924,2025-04-19,12,3,443.8,437.5,389.1,1459,1434
3925,2025-04-20,1,1,480.0,480.0,445.2,2226,2191
3926,2025-04-20,1,2,480.0,430.9,378.8,1894,1878
3927,2025-04-20,1,3,480.0,269.4,228.2,1141,1136
3928,2025-04-20,2,1,480.0,450.6,400.2,2001,1975
3929,2025-04-20,2,2,480.0,342.5,298.2,1491,1470
3930,2025-04-20,2,3,480.0,371.0,314.4,1572,1548
3931,2025-04-20,3,1,480.0,457.2,380.9,1693,1656
3932,2025-04-20,3,2,480.0,393.0,318.1,1414,1379
3933,2025-04-20,3,3,480.0,325.5,267.1,1187,1157
3934,2025-04-20,4,1,480.0,429.3,388.7,2455,2418
3935,2025-04-20,4,2,480.0,455.5,416.9,2633,2597
3936,2025-04-20,4,3,480.0,426.3,364.8,2304,2302
3937,2025-04-20,5,1,480.0,457.1,397.9,1137,1121
3938,2025-04-20,5,2,480.0,364.5,310.1,886,867
3939,2025-04-20,5,3,480.0,353.6,299.2,855,837
3940,2025-04-20,6,1,480.0,363.5,308.0,880,862
3941,2025-04-20,6,2,480.0,456.9,379.1,1083,1056
3942,2025-04-20,6,3,480.0,435.4,361.9,1034,1007
3943,2025-04-20,7,1,480.0,323.4,255.6,639,625
3944,2025-04-20,7,2,480.0,365.7,306.0,765,751
3945,2025-04-20,7,3,480.0,400.0,324.0,810,788
3946,2025-04-20,8,1,480.0,362.6,307.8,803,786
3947,2025-04-20,8,2,480.0,414.1,350.0,913,898
3948,2025-04-20,8,3,480.0,374.1,306.3,799,781
3949,2025-04-20,9,1,480.0,430.4,382.5,1208,1200
3950,2025-04-20,9,2,480.0,413.1,359.1,1134,1116
3951,2025-04-20,9,3,480.0,459.6,395.5,1249,1233
3952,2025-04-20,10,1,480.0,425.3,371.5,1486,1466
3953,2025-04-20,10,2,480.0,396.3,342.5,1370,1349
3954,2025-04-20,10,3,480.0,410.8,344.5,1378,1359
3955,2025-04-20,11,1,480.0,443.8,381.5,1308,1277
3956,2025-04-20,11,2,480.0,372.3,315.0,1080,1053
3957,2025-04-20,11,3,480.0,115.1,96.0,329,321
3958,2025-04-20,12,1,480.0,447.9,404.8,1518,1495
3959,2025-04-20,12,2,480.0,468.1,408.8,1533,1512
3960,2025-04-20,12,3,480.0,436.9,362.4,1359,1342
3961,2025-04-21,1,1,480.0,462.5,407.6,2038,2019
3962,2025-04-21,1,2,480.0,420.9,371.2,1856,1851
3963,2025-04-21,1,3,480.0,409.4,347.0,1735,1714
3964,2025-04-21,2,1,480.0,385.1,346.2,1731,1696
3965,2025-04-21,2,2,480.0,452.4,413.0,2065,2049
3966,2025-04-21,2,3,480.0,236.8,207.0,1035,1018
3967,2025-04-21,3,1,480.0,442.8,362.9,1613,1578
3968,2025-04-21,3,2,480.0,402.9,335.0,1489,1457
3969,2025-04-21,3,3,480.0,308.2,249.5,1109,1087
3970,2025-04-21,4,1,480.0,464.0,421.0,2659,2639
3971,2025-04-21,4,2,480.0,422.2,398.1,2514,2487
3972,2025-04-21,4,3,480.0,453.7,420.9,2658,2629
3973,2025-04-21,5,1,480.0,480.0,421.4,1204,1183
3974,2025-04-21,5,2,480.0,448.8,394.8,1128,1105
3975,2025-04-21,5,3,480.0,395.8,326.9,934,917
3976,2025-04-21,6,1,480.0,329.2,273.4,781,761
3977,2025-04-21,6,2,480.0,347.3,291.9,834,821
3978,2025-04-21,6,3,480.0,383.3,311.1,889,869
3979,2025-04-21,7,1,480.0,350.0,288.0,720,702
3980,2025-04-21,7,2,480.0,433.3,364.8,912,894
3981,2025-04-21,7,3,480.0,466.6,372.8,932,902
3982,2025-04-21,8,1,480.0,271.5,222.7,581,570
3983,2025-04-21,8,2,480.0,353.8,306.7,800,782
3984,2025-04-21,8,3,480.0,369.3,315.9,824,806
3985,2025-04-21,9,1,480.0,456.8,411.4,1299,1280
3986,2025-04-21,9,2,480.0,438.1,382.9,1209,1198
3987,2025-04-21,9,3,480.0,385.7,340.7,1076,1061
3988,2025-04-21,10,1,480.0,395.0,338.8,1355,1327
3989,2025-04-21,10,2,480.0,480.0,406.8,1627,1602
3990,2025-04-21,10,3,480.0,314.1,272.2,1089,1067
3991,2025-04-21,11,1,480.0,419.4,364.0,1248,1220
3992,2025-04-21,11,2,480.0,335.0,287.3,985,961
3993,2025-04-21,11,3,480.0,207.2,169.8,582,570
3994,2025-04-21,12,1,480.0,474.2,405.3,1520,1500
3995,2025-04-21,12,2,480.0,452.8,392.8,1473,1461
3996,2025-04-21,12,3,480.0,361.1,301.1,1129,1109
3997,2025-04-22,1,1,480.0,444.4,394.6,1973,1925
3998,2025-04-22,1,2,480.0,426.0,383.4,1917,1894
3999,2025-04-22,1,3,480.0,444.4,387.6,1938,1916
4000,2025-04-22,2,1,480.0,401.5,357.4,1787,1756
4001,2025-04-22,2,2,480.0,418.9,364.0,1820,1784
4002,2025-04-22,2,3,480.0,456.2,386.4,1932,1900
4003,2025-04-22,3,1,480.0,470.4,396.0,1760,1724
4004,2025-04-22,3,2,480.0,390.9,333.9,1484,1448
4005,2025-04-22,3,3,480.0,463.5,380.2,1690,1653
4006,2025-04-22,4,1,480.0,454.9,401.1,2533,2492
4007,2025-04-22,4,2,480.0,434.8,391.2,2471,2446
4008,2025-04-22,4,3,480.0,373.5,325.9,2058,2046
4009,2025-04-22,5,1,480.0,447.5,390.9,1117,1099
4010,2025-04-22,5,2,480.0,459.4,390.9,1117,1102
4011,2025-04-22,5,3,480.0,418.9,350.4,1001,981
4012,2025-04-22,6,1,480.0,414.2,357.7,1022,1007
4013,2025-04-22,6,2,480.0,413.0,347.9,994,976
4014,2025-04-22,6,3,480.0,439.5,371.0,1060,1039
4015,2025-04-22,7,1,480.0,403.8,336.8,842,825
4016,2025-04-22,7,2,480.0,412.5,341.2,853,837
4017,2025-04-22,7,3,480.0,324.8,261.2,653,632
4018,2025-04-22,8,1,480.0,381.8,327.4,854,838
4019,2025-04-22,8,2,480.0,299.8,255.3,666,650
4020,2025-04-22,8,3,480.0,404.8,336.6,878,858
4021,2025-04-22,9,1,480.0,433.5,387.9,1225,1208
4022,2025-04-22,9,2,480.0,480.0,435.4,1375,1359
4023,2025-04-22,9,3,480.0,442.8,375.6,1186,1177
4024,2025-04-22,10,1,480.0,480.0,421.8,1687,1662
4025,2025-04-22,10,2,480.0,443.9,389.0,1556,1531
4026,2025-04-22,10,3,480.0,450.2,375.2,1501,1469
4027,2025-04-22,11,1,480.0,432.6,370.4,1270,1228
4028,2025-04-22,11,2,480.0,328.0,275.9,946,923
4029,2025-04-22,11,3,480.0,163.8,137.7,472,462
4030,2025-04-22,12,1,480.0,463.6,408.3,1531,1505
4031,2025-04-22,12,2,480.0,477.2,409.6,1536,1513
4032,2025-04-22,12,3,432.5,406.9,353.3,1325,1308
4033,2025-04-23,1,1,480.0,463.9,401.8,2009,1989
4034,2025-04-23,1,2,480.0,469.8,403.6,2018,1983
4035,2025-04-23,1,3,480.0,392.1,346.0,1730,1709
4036,2025-04-23,2,1,480.0,457.8,398.0,1990,1956
4037,2025-04-23,2,2,480.0,365.1,320.8,1604,1589
4038,2025-04-23,2,3,480.0,409.7,344.6,1723,1694
4039,2025-04-23,3,1,480.0,383.1,324.0,1440,1403
4040,2025-04-23,3,2,480.0,422.9,347.6,1545,1502
4041,2025-04-23,3,3,480.0,334.3,273.6,1216,1188
4042,2025-04-23,4,1,480.0,455.4,411.7,2600,2555
4043,2025-04-23,4,2,480.0,454.8,410.2,2591,2562
4044,2025-04-23,4,3,480.0,449.9,387.6,2448,2434
4045,2025-04-23,5,1,480.0,351.1,301.4,861,841
4046,2025-04-23,5,2,480.0,370.7,324.1,926,902
4047,2025-04-23,5,3,480.0,377.5,309.4,884,860
4048,2025-04-23,6,1,480.0,430.0,366.4,1047,1027
4049,2025-04-23,6,2,480.0,461.6,394.8,1128,1104
4050,2025-04-23,6,3,445.7,388.8,321.3,918,890
4051,2025-04-23,7,1,480.0,443.0,364.8,912,890
4052,2025-04-23,7,2,480.0,464.6,372.4,931,907
4053,2025-04-23,7,3,480.0,360.0,290.0,725,705
4054,2025-04-23,8,1,480.0,374.0,320.9,837,815
4055,2025-04-23,8,2,480.0,469.5,398.3,1039,1019
4056,2025-04-23,8,3,480.0,278.2,230.0,600,588
4057,2025-04-23,9,1,480.0,431.0,377.1,1191,1176
4058,2025-04-23,9,2,480.0,462.3,412.0,1301,1286
4059,2025-04-23,9,3,480.0,416.4,378.4,1195,1181
4060,2025-04-23,10,1,480.0,456.5,401.2,1605,1580
4061,2025-04-23,10,2,480.0,463.2,412.8,1651,1628
4062,2025-04-23,10,3,480.0,462.8,398.5,1594,1558
4063,2025-04-23,11,1,480.0,410.6,335.1,1149,1131
4064,2025-04-23,11,2,480.0,347.2,299.5,1027,997
4065,2025-04-23,11,3,480.0,376.3,308.9,1059,1032
4066,2025-04-23,12,1,480.0,455.3,379.7,1424,1399
4067,2025-04-23,12,2,480.0,423.7,382.1,1433,1410
4068,2025-04-23,12,3,480.0,452.6,394.1,1478,1456
4069,2025-04-24,1,1,480.0,469.4,434.4,2172,2154
4070,2025-04-24,1,2,480.0,461.7,415.8,2079,2046
4071,2025-04-24,1,3,480.0,456.6,394.2,1971,1938
4072,2025-04-24,2,1,480.0,276.6,243.2,1216,1193
4073,2025-04-24,2,2,480.0,445.1,399.0,1995,1983
4074,2025-04-24,2,3,480.0,437.2,387.8,1939,1915
4075,2025-04-24,3,1,480.0,424.1,360.2,1601,1567
4076,2025-04-24,3,2,480.0,336.6,281.7,1252,1221
4077,2025-04-24,3,3,480.0,304.0,249.5,1109,1085
4078,2025-04-24,4,1,480.0,480.0,443.3,2800,2773
4079,2025-04-24,4,2,480.0,454.4,408.0,2577,2544
4080,2025-04-24,4,3,480.0,455.5,404.9,2557,2529
4081,2025-04-24,5,1,480.0,454.6,387.4,1107,1092
4082,2025-04-24,5,2,480.0,367.4,325.9,931,909
4083,2025-04-24,5,3,480.0,382.9,316.8,905,894
4084,2025-04-24,6,1,480.0,421.4,358.8,1025,995
4085,2025-04-24,6,2,480.0,436.3,381.5,1090,1074
4086,2025-04-24,6,3,480.0,381.1,311.1,889,873
4087,2025-04-24,7,1,480.0,314.2,253.6,634,618
4088,2025-04-24,7,2,480.0,424.7,348.0,870,846
4089,2025-04-24,7,3,480.0,297.4,232.0,580,568
4090,2025-04-24,8,1,480.0,467.0,405.9,1059,1039
4091,2025-04-24,8,2,480.0,409.9,341.2,890,872
4092,2025-04-24,8,3,480.0,398.6,327.0,853,835
4093,2025-04-24,9,1,480.0,470.6,435.4,1375,1350
4094,2025-04-24,9,2,480.0,456.7,411.0,1298,1284
4095,2025-04-24,9,3,480.0,330.0,287.5,908,896
4096,2025-04-24,10,1,480.0,467.6,401.2,1605,1584
4097,2025-04-24,10,2,480.0,425.2,360.2,1441,1424
4098,2025-04-24,10,3,480.0,379.3,327.2,1309,1277
4099,2025-04-24,11,1,480.0,445.8,376.8,1292,1254
4100,2025-04-24,11,2,480.0,446.7,382.4,1311,1277
4101,2025-04-24,11,3,480.0,296.7,246.2,844,828
4102,2025-04-24,12,1,480.0,447.5,390.1,1463,1442
4103,2025-04-24,12,2,480.0,423.6,370.7,1390,1373
4104,2025-04-24,12,3,480.0,410.6,341.1,1279,1251
4105,2025-04-25,1,1,480.0,480.0,417.2,2086,2054
4106,2025-04-25,1,2,480.0,463.6,401.6,2008,1993
4107,2025-04-25,1,3,480.0,468.7,416.6,2083,2054
4108,2025-04-25,2,1,480.0,422.8,383.2,1916,1884
4109,2025-04-25,2,2,480.0,407.1,364.2,1821,1801
4110,2025-04-25,2,3,480.0,449.7,366.6,1833,1820
4111,2025-04-25,3,1,480.0,437.9,373.5,1660,1630
4112,2025-04-25,3,2,480.0,443.3,374.6,1665,1629
4113,2025-04-25,3,3,480.0,429.6,351.4,1562,1513
4114,2025-04-25,4,1,480.0,480.0,442.2,2793,2753
4115,2025-04-25,4,2,480.0,480.0,439.7,2777,2740
4116,2025-04-25,4,3,480.0,379.1,344.7,2177,2158
4117,2025-04-25,5,1,480.0,418.1,359.4,1027,1007
4118,2025-04-25,5,2,480.0,399.5,346.5,990,971
4119,2025-04-25,5,3,480.0,395.6,331.1,946,931
4120,2025-04-25,6,1,480.0,368.0,315.4,901,882
4121,2025-04-25,6,2,480.0,393.4,333.2,952,943
4122,2025-04-25,6,3,480.0,377.4,309.8,885,861
4123,2025-04-25,7,1,480.0,386.5,324.0,810,789
4124,2025-04-25,7,2,480.0,383.3,313.2,783,759
4125,2025-04-25,7,3,480.0,311.7,246.0,615,595
4126,2025-04-25,8,1,480.0,410.8,337.7,881,862
4127,2025-04-25,8,2,480.0,381.3,329.7,860,842
4128,2025-04-25,8,3,480.0,443.2,353.8,923,901
4129,2025-04-25,9,1,480.0,369.5,342.6,1082,1065
4130,2025-04-25,9,2,480.0,426.5,397.7,1256,1242
4131,2025-04-25,9,3,480.0,340.2,306.9,969,951
4132,2025-04-25,10,1,480.0,468.5,417.2,1669,1637
4133,2025-04-25,10,2,480.0,463.4,416.2,1665,1639
4134,2025-04-25,10,3,480.0,438.5,365.0,1460,1432
4135,2025-04-25,11,1,480.0,413.1,350.3,1201,1173
4136,2025-04-25,11,2,480.0,397.8,340.4,1167,1143
4137,2025-04-25,11,3,480.0,348.6,294.6,1010,987
4138,2025-04-25,12,1,480.0,438.5,389.3,1460,1441
4139,2025-04-25,12,2,480.0,441.0,392.5,1472,1455
4140,2025-04-25,12,3,480.0,468.9,400.8,1503,1474
4141,2025-04-26,1,1,480.0,354.6,317.2,1586,1572
4142,2025-04-26,1,2,480.0,436.2,393.8,1969,1941
4143,2025-04-26,1,3,480.0,422.3,369.0,1845,1831
4144,2025-04-26,2,1,315.2,249.0,223.0,1115,1103
4145,2025-04-26,2,2,480.0,480.0,426.2,2131,2093
4146,2025-04-26,2,3,480.0,469.5,385.6,1928,1900
4147,2025-04-26,3,1,480.0,435.3,367.0,1631,1594
4148,2025-04-26,3,2,480.0,371.2,301.5,1340,1309
4149,2025-04-26,3,3,480.0,283.0,230.6,1025,1000
4150,2025-04-26,4,1,480.0,414.5,378.1,2388,2372
4151,2025-04-26,4,2,480.0,387.6,342.2,2161,2133
4152,2025-04-26,4,3,480.0,480.0,414.2,2616,2583
4153,2025-04-26,5,1,480.0,480.0,404.9,1157,1143
4154,2025-04-26,5,2,480.0,350.3,303.1,866,845
4155,2025-04-26,5,3,480.0,417.6,343.7,982,970
4156,2025-04-26,6,1,480.0,458.0,394.1,1126,1103
4157,2025-04-26,6,2,480.0,476.9,387.1,1106,1072
4158,2025-04-26,6,3,480.0,454.6,368.9,1054,1043
4159,2025-04-26,7,1,480.0,439.7,357.2,893,866
4160,2025-04-26,7,2,480.0,389.9,326.0,815,786
4161,2025-04-26,7,3,462.2,338.2,271.2,678,662
4162,2025-04-26,8,1,480.0,416.8,339.6,886,868
4163,2025-04-26,8,2,480.0,300.3,252.6,659,651
4164,2025-04-26,8,3,480.0,399.7,326.2,851,835
4165,2025-04-26,9,1,480.0,459.3,408.5,1290,1278
4166,2025-04-26,9,2,480.0,473.1,425.3,1343,1324
4167,2025-04-26,9,3,480.0,480.0,423.1,1336,1322
4168,2025-04-26,10,1,480.0,469.5,398.2,1593,1573
4169,2025-04-26,10,2,480.0,474.3,421.8,1687,1656
4170,2025-04-26,10,3,480.0,453.6,377.8,1511,1475
4171,2025-04-26,11,1,480.0,435.5,378.6,1298,1279
4172,2025-04-26,11,2,480.0,480.0,390.5,1339,1304
4173,2025-04-26,11,3,480.0,352.2,299.8,1028,1001
4174,2025-04-26,12,1,480.0,468.7,412.3,1546,1524
4175,2025-04-26,12,2,480.0,444.6,378.9,1421,1410
4176,2025-04-26,12,3,480.0,447.3,367.5,1378,1351
4177,2025-04-27,1,1,480.0,472.9,406.0,2030,2006
4178,2025-04-27,1,2,480.0,464.4,405.6,2028,1999
4179,2025-04-27,1,3,480.0,448.3,380.2,1901,1883
4180,2025-04-27,2,1,480.0,451.0,409.6,2048,2023
4181,2025-04-27,2,2,480.0,424.1,370.8,1854,1823
4182,2025-04-27,2,3,480.0,396.3,338.2,1691,1652
4183,2025-04-27,3,1,480.0,432.7,366.1,1627,1596
4184,2025-04-27,3,2,480.0,244.6,196.2,872,848
4185,2025-04-27,3,3,480.0,426.9,341.6,1518,1486
4186,2025-04-27,4,1,480.0,465.0,425.9,2690,2659
4187,2025-04-27,4,2,480.0,417.9,366.9,2317,2299
4188,2025-04-27,4,3,480.0,412.1,371.9,2349,2328
4189,2025-04-27,5,1,480.0,407.2,346.9,991,978
4190,2025-04-27,5,2,480.0,412.1,356.3,1018,1000
4191,2025-04-27,5,3,480.0,456.0,367.1,1049,1032
4192,2025-04-27,6,1,480.0,330.8,272.6,779,763
4193,2025-04-27,6,2,480.0,428.3,362.6,1036,1022
4194,2025-04-27,6,3,480.0,365.3,290.5,830,810
4195,2025-04-27,7,1,480.0,334.4,273.6,684,666
4196,2025-04-27,7,2,480.0,407.8,325.2,813,791
4197,2025-04-27,7,3,480.0,309.0,247.6,619,598
4198,2025-04-27,8,1,480.0,436.8,366.1,955,935
4199,2025-04-27,8,2,480.0,376.6,324.7,847,823
4200,2025-04-27,8,3,480.0,379.2,305.1,796,780
4201,2025-04-27,9,1,480.0,479.0,436.1,1377,1358
4202,2025-04-27,9,2,480.0,443.9,405.0,1279,1262
4203,2025-04-27,9,3,480.0,426.2,379.1,1197,1189
4204,2025-04-27,10,1,480.0,368.0,322.0,1288,1268
4205,2025-04-27,10,2,480.0,457.2,405.8,1623,1596
4206,2025-04-27,10,3,480.0,303.2,254.0,1016,1004
4207,2025-04-27,11,1,480.0,399.9,345.3,1184,1155
4208,2025-04-27,11,2,480.0,411.2,342.7,1175,1144
4209,2025-04-27,11,3,480.0,346.0,282.6,969,947
4210,2025-04-27,12,1,480.0,388.9,338.7,1270,1253
4211,2025-04-27,12,2,480.0,475.3,428.8,1608,1578
4212,2025-04-27,12,3,480.0,415.4,366.9,1376,1363
4213,2025-04-28,1,1,480.0,318.7,286.2,1431,1419
4214,2025-04-28,1,2,480.0,432.3,389.2,1946,1933
4215,2025-04-28,1,3,480.0,470.1,406.4,2032,2015
4216,2025-04-28,2,1,480.0,431.7,376.2,1881,1857
4217,2025-04-28,2,2,480.0,410.3,361.0,1805,1774
4218,2025-04-28,2,3,480.0,421.5,353.8,1769,1728
4219,2025-04-28,3,1,480.0,425.1,347.9,1546,1512
4220,2025-04-28,3,2,480.0,379.0,316.4,1406,1382
4221,2025-04-28,3,3,480.0,442.0,356.6,1585,1551
4222,2025-04-28,4,1,256.7,213.2,194.8,1230,1229
4223,2025-04-28,4,2,480.0,452.4,412.6,2606,2585
4224,2025-04-28,4,3,480.0,437.7,386.0,2438,2407
4225,2025-04-28,5,1,480.0,419.1,357.0,1020,1002
4226,2025-04-28,5,2,480.0,444.5,393.8,1125,1108
4227,2025-04-28,5,3,480.0,381.1,313.6,896,880
4228,2025-04-28,6,1,262.9,198.7,168.0,480,468
4229,2025-04-28,6,2,480.0,420.2,357.0,1020,1001
4230,2025-04-28,6,3,480.0,434.8,359.8,1028,1005
4231,2025-04-28,7,1,480.0,405.6,344.8,862,840
4232,2025-04-28,7,2,480.0,346.3,274.4,686,666
4233,2025-04-28,7,3,480.0,396.7,334.4,836,815
4234,2025-04-28,8,1,480.0,404.0,353.1,921,907
4235,2025-04-28,8,2,480.0,358.1,305.1,796,785
4236,2025-04-28,8,3,480.0,415.5,343.9,897,872
4237,2025-04-28,9,1,480.0,313.1,280.9,887,879
4238,2025-04-28,9,2,480.0,430.2,380.6,1202,1185
4239,2025-04-28,9,3,480.0,424.4,360.1,1137,1123
4240,2025-04-28,10,1,480.0,357.4,310.0,1240,1217
4241,2025-04-28,10,2,480.0,437.6,363.5,1454,1425
4242,2025-04-28,10,3,480.0,278.6,229.5,918,900
4243,2025-04-28,11,1,480.0,428.6,366.3,1256,1235
4244,2025-04-28,11,2,480.0,386.6,333.1,1142,1115
4245,2025-04-28,11,3,480.0,423.5,348.8,1196,1164
4246,2025-04-28,12,1,480.0,436.8,379.7,1424,1391
4247,2025-04-28,12,2,480.0,480.0,426.7,1600,1583
4248,2025-04-28,12,3,480.0,404.9,352.0,1320,1303
4249,2025-04-29,1,1,480.0,420.8,383.4,1917,1885
4250,2025-04-29,1,2,480.0,480.0,439.2,2196,2174
4251,2025-04-29,1,3,480.0,421.2,356.4,1782,1763
4252,2025-04-29,2,1,480.0,434.9,390.8,1954,1916
4253,2025-04-29,2,2,480.0,424.2,380.4,1902,1878
4254,2025-04-29,2,3,480.0,480.0,414.8,2074,2037
4255,2025-04-29,3,1,480.0,417.9,356.6,1585,1541
4256,2025-04-29,3,2,480.0,394.5,316.4,1406,1381
4257,2025-04-29,3,3,480.0,266.6,219.8,977,961
4258,2025-04-29,4,1,480.0,329.3,295.6,1867,1848
4259,2025-04-29,4,2,480.0,475.0,444.1,2805,2778
4260,2025-04-29,4,3,480.0,471.1,408.8,2582,2561
4261,2025-04-29,5,1,480.0,423.1,363.6,1039,1023
4262,2025-04-29,5,2,480.0,437.5,376.6,1076,1053
4263,2025-04-29,5,3,480.0,399.2,327.2,935,915
4264,2025-04-29,6,1,480.0,452.3,388.9,1111,1088
4265,2025-04-29,6,2,480.0,390.5,331.8,948,932
4266,2025-04-29,6,3,480.0,414.4,341.2,975,959
4267,2025-04-29,7,1,480.0,435.3,354.0,885,862
4268,2025-04-29,7,2,480.0,445.3,357.2,893,870
4269,2025-04-29,7,3,480.0,278.6,229.2,573,559
4270,2025-04-29,8,1,480.0,361.7,309.7,808,789
4271,2025-04-29,8,2,480.0,260.9,221.2,577,564
4272,2025-04-29,8,3,480.0,388.1,312.4,815,795
4273,2025-04-29,9,1,480.0,372.6,340.1,1074,1055
4274,2025-04-29,9,2,480.0,411.7,368.9,1165,1152
4275,2025-04-29,9,3,480.0,468.1,420.9,1329,1312
4276,2025-04-29,10,1,480.0,424.3,372.8,1491,1474
4277,2025-04-29,10,2,480.0,448.3,388.5,1554,1523
4278,2025-04-29,10,3,480.0,390.1,332.5,1330,1309
4279,2025-04-29,11,1,480.0,440.5,369.2,1266,1240
4280,2025-04-29,11,2,480.0,430.1,362.5,1243,1211
4281,2025-04-29,11,3,480.0,402.5,330.5,1133,1107
4282,2025-04-29,12,1,480.0,476.9,429.1,1609,1586
4283,2025-04-29,12,2,480.0,426.7,373.9,1402,1386
4284,2025-04-29,12,3,480.0,363.6,310.7,1165,1156
4285,2025-04-30,1,1,480.0,294.5,258.4,1292,1278
4286,2025-04-30,1,2,480.0,437.6,403.6,2018,1987
4287,2025-04-30,1,3,480.0,463.8,399.8,1999,1978
4288,2025-04-30,2,1,480.0,410.5,367.0,1835,1820
4289,2025-04-30,2,2,480.0,434.1,376.0,1880,1845
4290,2025-04-30,2,3,480.0,300.0,252.2,1261,1241
4291,2025-04-30,3,1,480.0,401.5,341.6,1518,1488
4292,2025-04-30,3,2,480.0,368.9,308.9,1373,1348
4293,2025-04-30,3,3,480.0,402.0,325.1,1445,1411
4294,2025-04-30,4,1,480.0,465.5,422.0,2665,2635
4295,2025-04-30,4,2,480.0,430.6,395.5,2498,2475
4296,2025-04-30,4,3,480.0,434.6,381.1,2407,2372
4297,2025-04-30,5,1,480.0,380.1,326.6,933,911
4298,2025-04-30,5,2,480.0,412.5,350.0,1000,983
4299,2025-04-30,5,3,480.0,387.5,319.9,914,898
4300,2025-04-30,6,1,480.0,422.3,354.2,1012,995
4301,2025-04-30,6,2,480.0,178.5,150.5,430,420
4302,2025-04-30,6,3,480.0,410.4,344.1,983,957
4303,2025-04-30,7,1,480.0,348.4,286.0,715,703
4304,2025-04-30,7,2,480.0,436.2,342.0,855,834
4305,2025-04-30,7,3,480.0,307.6,245.6,614,600
4306,2025-04-30,8,1,480.0,425.3,363.4,948,932
4307,2025-04-30,8,2,480.0,472.7,413.6,1079,1059
4308,2025-04-30,8,3,480.0,370.4,301.7,787,768
4309,2025-04-30,9,1,480.0,441.8,391.7,1237,1220
4310,2025-04-30,9,2,480.0,431.7,388.2,1226,1214
4311,2025-04-30,9,3,480.0,444.7,393.0,1241,1220
4312,2025-04-30,10,1,480.0,375.1,327.5,1310,1290
4313,2025-04-30,10,2,480.0,266.7,237.0,948,935
4314,2025-04-30,10,3,480.0,463.7,384.2,1537,1521
4315,2025-04-30,11,1,480.0,424.4,354.4,1215,1186
4316,2025-04-30,11,2,480.0,215.9,179.7,616,604
4317,2025-04-30,11,3,480.0,402.1,333.7,1144,1118
4318,2025-04-30,12,1,480.0,440.8,376.8,1413,1392
4319,2025-04-30,12,2,480.0,443.1,401.9,1507,1494
4320,2025-04-30,12,3,480.0,431.3,365.3,1370,1351
4321,2025-05-01,1,1,480.0,480.0,418.6,2093,2073
4322,2025-05-01,1,2,480.0,438.4,390.4,1952,1930
4323,2025-05-01,1,3,480.0,443.1,391.4,1957,1933
4324,2025-05-01,2,1,480.0,455.1,406.8,2034,2001
4325,2025-05-01,2,2,480.0,424.7,371.8,1859,1832
4326,2025-05-01,2,3,480.0,407.0,347.8,1739,1710
4327,2025-05-01,3,1,480.0,377.5,315.9,1404,1373
4328,2025-05-01,3,2,480.0,480.0,404.1,1796,1753
4329,2025-05-01,3,3,443.5,394.4,329.6,1465,1444
4330,2025-05-01,4,1,480.0,480.0,444.1,2805,2769
4331,2025-05-01,4,2,480.0,445.8,397.4,2510,2481
4332,2025-05-01,4,3,480.0,480.0,427.0,2697,2668
4333,2025-05-01,5,1,480.0,454.7,400.4,1144,1127
4334,2025-05-01,5,2,480.0,461.5,402.5,1150,1126
4335,2025-05-01,5,3,480.0,435.0,365.8,1045,1030
4336,2025-05-01,6,1,480.0,261.9,224.3,641,627
4337,2025-05-01,6,2,480.0,395.7,342.3,978,955
4338,2025-05-01,6,3,480.0,475.2,397.2,1135,1113
4339,2025-05-01,7,1,480.0,363.3,298.4,746,725
4340,2025-05-01,7,2,480.0,331.6,274.4,686,670
4341,2025-05-01,7,3,480.0,385.2,312.8,782,760
4342,2025-05-01,8,1,480.0,299.9,254.5,664,648
4343,2025-05-01,8,2,480.0,450.8,384.5,1003,986
4344,2025-05-01,8,3,480.0,301.0,249.2,650,638
4345,2025-05-01,9,1,480.0,346.7,311.0,982,966
4346,2025-05-01,9,2,480.0,472.1,420.5,1328,1316
4347,2025-05-01,9,3,480.0,469.6,433.5,1369,1353
4348,2025-05-01,10,1,480.0,428.3,390.0,1560,1530
4349,2025-05-01,10,2,480.0,431.6,377.5,1510,1491
4350,2025-05-01,10,3,480.0,420.3,361.8,1447,1433
4351,2025-05-01,11,1,480.0,458.9,387.9,1330,1295
4352,2025-05-01,11,2,480.0,456.9,388.5,1332,1296
4353,2025-05-01,11,3,480.0,460.7,392.9,1347,1319
4354,2025-05-01,12,1,480.0,399.0,355.5,1333,1322
4355,2025-05-01,12,2,480.0,423.4,370.4,1389,1372
4356,2025-05-01,12,3,480.0,252.0,217.6,816,806
4357,2025-05-02,1,1,480.0,441.7,385.0,1925,1898
4358,2025-05-02,1,2,480.0,395.8,348.0,1740,1730
4359,2025-05-02,1,3,452.5,352.8,301.2,1506,1489
4360,2025-05-02,2,1,480.0,297.1,254.8,1274,1261
4361,2025-05-02,2,2,480.0,476.7,434.4,2172,2144
4362,2025-05-02,2,3,480.0,427.2,383.0,1915,1876
4363,2025-05-02,3,1,480.0,434.5,362.7,1612,1581
4364,2025-05-02,3,2,480.0,323.0,277.6,1234,1211
4365,2025-05-02,3,3,480.0,357.1,300.1,1334,1303
4366,2025-05-02,4,1,480.0,469.3,414.8,2620,2603
4367,2025-05-02,4,2,480.0,467.3,424.8,2683,2653
4368,2025-05-02,4,3,480.0,357.7,306.5,1936,1923
4369,2025-05-02,5,1,340.8,336.3,292.6,836,821
4370,2025-05-02,5,2,480.0,429.1,379.1,1083,1064
4371,2025-05-02,5,3,480.0,329.6,275.8,788,776
4372,2025-05-02,6,1,480.0,435.1,368.2,1052,1023
4373,2025-05-02,6,2,480.0,445.5,392.0,1120,1102
4374,2025-05-02,6,3,480.0,480.0,385.4,1101,1079
4375,2025-05-02,7,1,480.0,432.6,356.0,890,861
4376,2025-05-02,7,2,480.0,423.1,352.4,881,856
4377,2025-05-02,7,3,480.0,314.7,238.0,595,578
4378,2025-05-02,8,1,480.0,369.1,324.7,847,832
4379,2025-05-02,8,2,480.0,370.6,314.7,821,805
4380,2025-05-02,8,3,480.0,454.6,378.4,987,968
4381,2025-05-02,9,1,480.0,371.5,336.9,1064,1046
4382,2025-05-02,9,2,480.0,480.0,422.1,1333,1316
4383,2025-05-02,9,3,480.0,467.9,406.6,1284,1266
4384,2025-05-02,10,1,480.0,430.1,373.8,1495,1468
4385,2025-05-02,10,2,480.0,381.5,327.0,1308,1287
4386,2025-05-02,10,3,480.0,333.0,284.2,1137,1119
4387,2025-05-02,11,1,480.0,399.3,350.3,1201,1175
4388,2025-05-02,11,2,480.0,289.1,240.3,824,802
4389,2025-05-02,11,3,480.0,314.2,270.1,926,904
4390,2025-05-02,12,1,480.0,443.6,383.7,1439,1424
4391,2025-05-02,12,2,480.0,480.0,418.1,1568,1539
4392,2025-05-02,12,3,480.0,472.4,398.1,1493,1477
4393,2025-05-03,1,1,480.0,476.8,426.2,2131,2106
4394,2025-05-03,1,2,480.0,474.5,431.8,2159,2133
4395,2025-05-03,1,3,480.0,475.7,423.0,2115,2092
4396,2025-05-03,2,1,480.0,453.7,407.2,2036,2003
4397,2025-05-03,2,2,480.0,370.6,318.0,1590,1571
4398,2025-05-03,2,3,480.0,430.1,359.8,1799,1776
4399,2025-05-03,3,1,480.0,309.7,249.8,1110,1085
4400,2025-05-03,3,2,480.0,350.3,292.1,1298,1273
4401,2025-05-03,3,3,480.0,259.6,205.9,915,896
4402,2025-05-03,4,1,480.0,456.9,410.6,2593,2553
4403,2025-05-03,4,2,480.0,435.2,395.4,2497,2468
4404,2025-05-03,4,3,480.0,441.9,388.2,2452,2415
4405,2025-05-03,5,1,480.0,435.3,383.2,1095,1083
4406,2025-05-03,5,2,480.0,386.8,324.8,928,916
4407,2025-05-03,5,3,480.0,408.9,337.8,965,948
4408,2025-05-03,6,1,480.0,451.7,387.8,1108,1082
4409,2025-05-03,6,2,480.0,372.4,315.7,902,880
4410,2025-05-03,6,3,480.0,456.3,379.4,1084,1056
4411,2025-05-03,7,1,480.0,458.6,371.6,929,912
4412,2025-05-03,7,2,480.0,366.3,289.2,723,701
4413,2025-05-03,7,3,480.0,395.1,322.8,807,781
4414,2025-05-03,8,1,480.0,471.4,406.3,1060,1038
4415,2025-05-03,8,2,480.0,374.0,309.0,806,787
4416,2025-05-03,8,3,480.0,420.9,356.1,929,908
4417,2025-05-03,9,1,480.0,424.2,370.2,1169,1151
4418,2025-05-03,9,2,480.0,461.5,405.6,1281,1268
4419,2025-05-03,9,3,480.0,450.5,395.8,1250,1230
4420,2025-05-03,10,1,480.0,378.5,330.2,1321,1301
4421,2025-05-03,10,2,480.0,444.8,382.8,1531,1505
4422,2025-05-03,10,3,444.9,409.8,341.0,1364,1335
4423,2025-05-03,11,1,480.0,420.0,363.4,1246,1219
4424,2025-05-03,11,2,480.0,358.5,306.2,1050,1020
4425,2025-05-03,11,3,480.0,360.8,299.5,1027,1000
4426,2025-05-03,12,1,480.0,459.3,405.1,1519,1499
4427,2025-05-03,12,2,480.0,451.3,407.5,1528,1516
4428,2025-05-03,12,3,480.0,456.6,397.1,1489,1467
4429,2025-05-04,1,1,480.0,383.3,349.2,1746,1728
4430,2025-05-04,1,2,480.0,451.4,394.6,1973,1955
4431,2025-05-04,1,3,445.0,407.5,362.0,1810,1785
4432,2025-05-04,2,1,480.0,430.8,364.8,1824,1798
4433,2025-05-04,2,2,480.0,480.0,432.2,2161,2119
4434,2025-05-04,2,3,480.0,414.4,349.4,1747,1716
4435,2025-05-04,3,1,480.0,420.5,340.4,1513,1487
4436,2025-05-04,3,2,480.0,469.3,393.3,1748,1718
4437,2025-05-04,3,3,480.0,302.0,240.5,1069,1040
4438,2025-05-04,4,1,480.0,480.0,441.8,2790,2770
4439,2025-05-04,4,2,480.0,470.4,426.4,2693,2665
4440,2025-05-04,4,3,480.0,407.5,372.7,2354,2319
4441,2025-05-04,5,1,480.0,447.2,383.6,1096,1075
4442,2025-05-04,5,2,480.0,427.7,373.4,1067,1046
4443,2025-05-04,5,3,480.0,432.7,362.9,1037,1022
4444,2025-05-04,6,1,480.0,353.5,300.6,859,837
4445,2025-05-04,6,2,480.0,456.4,392.4,1121,1106
4446,2025-05-04,6,3,480.0,434.3,363.6,1039,1022
4447,2025-05-04,7,1,480.0,362.2,300.4,751,727
4448,2025-05-04,7,2,480.0,480.0,374.8,937,908
4449,2025-05-04,7,3,480.0,339.5,277.6,694,674
4450,2025-05-04,8,1,480.0,442.2,382.2,997,976
4451,2025-05-04,8,2,480.0,437.9,384.1,1002,988
4452,2025-05-04,8,3,480.0,427.4,359.6,938,914
4453,2025-05-04,9,1,480.0,445.5,389.8,1231,1215
4454,2025-05-04,9,2,480.0,472.0,431.0,1361,1345
4455,2025-05-04,9,3,480.0,419.2,373.0,1178,1169
4456,2025-05-04,10,1,480.0,421.6,371.2,1485,1477
4457,2025-05-04,10,2,480.0,391.0,344.2,1377,1351
4458,2025-05-04,10,3,480.0,307.6,252.5,1010,995
4459,2025-05-04,11,1,480.0,286.1,251.1,861,837
4460,2025-05-04,11,2,480.0,340.9,292.8,1004,980
4461,2025-05-04,11,3,480.0,339.3,271.0,929,907
4462,2025-05-04,12,1,480.0,414.3,374.4,1404,1391
4463,2025-05-04,12,2,480.0,427.7,364.0,1365,1353
4464,2025-05-04,12,3,480.0,202.7,178.4,669,658
4465,2025-05-05,1,1,480.0,446.3,401.4,2007,1987
4466,2025-05-05,1,2,480.0,472.9,426.4,2132,2101
4467,2025-05-05,1,3,480.0,472.1,413.6,2068,2038
4468,2025-05-05,2,1,480.0,454.2,383.4,1917,1881
4469,2025-05-05,2,2,480.0,341.0,304.6,1523,1496
4470,2025-05-05,2,3,480.0,325.1,278.0,1390,1378
4471,2025-05-05,3,1,480.0,455.8,381.6,1696,1648
4472,2025-05-05,3,2,480.0,456.4,378.2,1681,1660
4473,2025-05-05,3,3,480.0,397.4,309.1,1374,1350
4474,2025-05-05,4,1,480.0,321.4,293.1,1851,1839
4475,2025-05-05,4,2,480.0,411.9,374.0,2362,2335
4476,2025-05-05,4,3,480.0,480.0,430.8,2721,2718
4477,2025-05-05,5,1,480.0,376.8,321.6,919,899
4478,2025-05-05,5,2,480.0,439.8,376.6,1076,1063
4479,2025-05-05,5,3,480.0,428.6,350.7,1002,984
4480,2025-05-05,6,1,480.0,480.0,402.1,1149,1127
4481,2025-05-05,6,2,480.0,449.4,394.1,1126,1104
4482,2025-05-05,6,3,451.2,372.6,304.5,870,846
4483,2025-05-05,7,1,480.0,219.5,181.2,453,439
4484,2025-05-05,7,2,480.0,264.8,212.8,532,515
4485,2025-05-05,7,3,480.0,395.3,305.2,763,742
4486,2025-05-05,8,1,480.0,436.7,375.3,979,959
4487,2025-05-05,8,2,480.0,403.0,334.3,872,853
4488,2025-05-05,8,3,480.0,375.4,304.4,794,780
4489,2025-05-05,9,1,480.0,455.8,419.3,1324,1313
4490,2025-05-05,9,2,480.0,408.1,369.9,1168,1152
4491,2025-05-05,9,3,480.0,480.0,430.0,1358,1332
4492,2025-05-05,10,1,480.0,456.6,403.0,1612,1578
4493,2025-05-05,10,2,480.0,387.8,345.5,1382,1357
4494,2025-05-05,10,3,469.3,376.1,324.8,1299,1277
4495,2025-05-05,11,1,480.0,473.5,408.9,1402,1373
4496,2025-05-05,11,2,480.0,466.7,399.6,1370,1336
4497,2025-05-05,11,3,440.7,214.2,175.0,600,590
4498,2025-05-05,12,1,480.0,423.1,377.1,1414,1394
4499,2025-05-05,12,2,480.0,478.1,427.2,1602,1576
4500,2025-05-05,12,3,480.0,469.1,399.2,1497,1468
4501,2025-05-06,1,1,480.0,378.1,336.6,1683,1657
4502,2025-05-06,1,2,480.0,432.5,377.4,1887,1866
4503,2025-05-06,1,3,480.0,448.8,395.0,1975,1949
4504,2025-05-06,2,1,480.0,430.2,378.4,1892,1866
4505,2025-05-06,2,2,480.0,476.5,416.2,2081,2052
4506,2025-05-06,2,3,480.0,462.9,375.2,1876,1851
4507,2025-05-06,3,1,480.0,441.7,364.9,1622,1586
4508,2025-05-06,3,2,480.0,438.9,366.5,1629,1580
4509,2025-05-06,3,3,480.0,410.7,330.3,1468,1432
4510,2025-05-06,4,1,480.0,457.1,411.2,2597,2576
4511,2025-05-06,4,2,480.0,394.6,368.8,2329,2297
4512,2025-05-06,4,3,480.0,469.4,426.7,2695,2657
4513,2025-05-06,5,1,480.0,384.8,338.1,966,947
4514,2025-05-06,5,2,480.0,472.8,401.8,1148,1121
4515,2025-05-06,5,3,480.0,394.0,326.2,932,916
4516,2025-05-06,6,1,480.0,325.0,285.6,816,798
4517,2025-05-06,6,2,480.0,480.0,416.1,1189,1159
4518,2025-05-06,6,3,480.0,357.2,298.2,852,834
4519,2025-05-06,7,1,480.0,439.4,368.0,920,901
4520,2025-05-06,7,2,480.0,464.5,384.0,960,932
4521,2025-05-06,7,3,425.3,194.0,152.8,382,371
4522,2025-05-06,8,1,480.0,469.4,396.4,1034,1010
4523,2025-05-06,8,2,480.0,376.9,313.2,817,801
4524,2025-05-06,8,3,480.0,433.7,363.4,948,926
4525,2025-05-06,9,1,480.0,480.0,432.2,1365,1350
4526,2025-05-06,9,2,480.0,480.0,419.6,1325,1311
4527,2025-05-06,9,3,480.0,446.3,386.3,1220,1204
4528,2025-05-06,10,1,480.0,473.0,409.8,1639,1615
4529,2025-05-06,10,2,480.0,435.9,384.0,1536,1521
4530,2025-05-06,10,3,480.0,430.6,369.0,1476,1458
4531,2025-05-06,11,1,480.0,385.6,312.7,1072,1042
4532,2025-05-06,11,2,480.0,398.9,343.6,1178,1146
4533,2025-05-06,11,3,480.0,421.2,350.6,1202,1172
4534,2025-05-06,12,1,480.0,396.3,345.6,1296,1280
4535,2025-05-06,12,2,480.0,463.6,423.2,1587,1572
4536,2025-05-06,12,3,480.0,418.7,355.7,1334,1308
4537,2025-05-07,1,1,480.0,442.0,385.8,1929,1892
4538,2025-05-07,1,2,480.0,413.1,364.8,1824,1793
4539,2025-05-07,1,3,480.0,436.3,382.6,1913,1900
4540,2025-05-07,2,1,480.0,478.2,430.6,2153,2126
4541,2025-05-07,2,2,480.0,451.5,413.4,2067,2034
4542,2025-05-07,2,3,480.0,369.0,310.6,1553,1524
4543,2025-05-07,3,1,480.0,435.2,364.3,1619,1587
4544,2025-05-07,3,2,480.0,377.6,306.2,1361,1331
4545,2025-05-07,3,3,480.0,313.0,257.9,1146,1118
4546,2025-05-07,4,1,480.0,473.7,427.0,2697,2678
4547,2025-05-07,4,2,480.0,413.0,371.6,2347,2322
4548,2025-05-07,4,3,480.0,456.7,388.4,2453,2431
4549,2025-05-07,5,1,480.0,474.5,407.1,1163,1135
4550,2025-05-07,5,2,480.0,450.6,384.3,1098,1087
4551,2025-05-07,5,3,480.0,439.6,366.8,1048,1030
4552,2025-05-07,6,1,480.0,425.4,359.8,1028,999
4553,2025-05-07,6,2,480.0,323.6,280.0,800,785
4554,2025-05-07,6,3,480.0,420.4,346.9,991,977
4555,2025-05-07,7,1,480.0,415.9,347.2,868,848
4556,2025-05-07,7,2,480.0,480.0,412.4,1031,1006
4557,2025-05-07,7,3,480.0,205.8,164.8,412,401
4558,2025-05-07,8,1,480.0,421.6,357.3,932,918
4559,2025-05-07,8,2,480.0,359.2,295.2,770,755
4560,2025-05-07,8,3,480.0,432.3,363.0,947,931
4561,2025-05-07,9,1,317.8,313.9,278.0,878,867
4562,2025-05-07,9,2,480.0,443.1,391.7,1237,1228
4563,2025-05-07,9,3,480.0,375.2,324.9,1026,1023
4564,2025-05-07,10,1,480.0,385.3,334.5,1338,1312
4565,2025-05-07,10,2,480.0,420.5,378.5,1514,1488
4566,2025-05-07,10,3,446.4,409.6,347.5,1390,1376
4567,2025-05-07,11,1,480.0,450.1,369.0,1265,1242
4568,2025-05-07,11,2,480.0,435.3,367.5,1260,1238
4569,2025-05-07,11,3,480.0,394.0,332.2,1139,1114
4570,2025-05-07,12,1,480.0,439.3,389.3,1460,1436
4571,2025-05-07,12,2,480.0,378.3,332.0,1245,1226
4572,2025-05-07,12,3,480.0,400.0,341.1,1279,1257
4573,2025-05-08,1,1,480.0,333.6,298.2,1491,1472
4574,2025-05-08,1,2,480.0,399.4,337.0,1685,1673
4575,2025-05-08,1,3,480.0,459.1,407.4,2037,2007
4576,2025-05-08,2,1,480.0,260.0,223.8,1119,1099
4577,2025-05-08,2,2,480.0,247.9,215.0,1075,1066
4578,2025-05-08,2,3,480.0,461.9,400.6,2003,1962
4579,2025-05-08,3,1,480.0,424.8,340.0,1511,1476
4580,2025-05-08,3,2,480.0,472.9,389.5,1731,1697
4581,2025-05-08,3,3,480.0,463.6,379.1,1685,1649
4582,2025-05-08,4,1,480.0,463.7,436.5,2757,2725
4583,2025-05-08,4,2,480.0,412.0,366.5,2315,2292
4584,2025-05-08,4,3,480.0,407.9,355.0,2242,2225
4585,2025-05-08,5,1,480.0,471.9,402.5,1150,1125
4586,2025-05-08,5,2,480.0,446.8,385.7,1102,1077
4587,2025-05-08,5,3,480.0,266.0,224.0,640,631
4588,2025-05-08,6,1,480.0,451.7,389.2,1112,1086
4589,2025-05-08,6,2,480.0,405.3,334.6,956,943
4590,2025-05-08,6,3,480.0,472.5,387.8,1108,1081
4591,2025-05-08,7,1,480.0,292.1,244.4,611,599
4592,2025-05-08,7,2,480.0,401.8,328.4,821,802
4593,2025-05-08,7,3,436.1,330.7,268.8,672,655
4594,2025-05-08,8,1,480.0,435.4,374.9,978,962
4595,2025-05-08,8,2,480.0,259.4,216.2,564,550
4596,2025-05-08,8,3,480.0,442.9,375.7,980,964
4597,2025-05-08,9,1,480.0,464.6,429.1,1355,1337
4598,2025-05-08,9,2,480.0,430.8,399.6,1262,1242
4599,2025-05-08,9,3,480.0,358.2,315.1,995,990
4600,2025-05-08,10,1,480.0,453.4,400.5,1602,1567
4601,2025-05-08,10,2,480.0,453.6,393.2,1573,1550
4602,2025-05-08,10,3,480.0,435.5,357.0,1428,1410
4603,2025-05-08,11,1,480.0,383.5,310.3,1064,1037
4604,2025-05-08,11,2,480.0,446.1,395.8,1357,1324
4605,2025-05-08,11,3,480.0,425.8,351.2,1204,1180
4606,2025-05-08,12,1,480.0,412.9,368.0,1380,1365
4607,2025-05-08,12,2,480.0,398.0,350.9,1316,1293
4608,2025-05-08,12,3,464.2,416.2,357.1,1339,1325
4609,2025-05-09,1,1,480.0,406.6,367.0,1835,1812
4610,2025-05-09,1,2,480.0,402.5,354.8,1774,1751
4611,2025-05-09,1,3,480.0,480.0,434.0,2170,2145
4612,2025-05-09,2,1,480.0,480.0,431.4,2157,2127
4613,2025-05-09,2,2,480.0,469.2,430.0,2150,2130
4614,2025-05-09,2,3,480.0,480.0,414.4,2072,2046
4615,2025-05-09,3,1,480.0,429.1,366.3,1628,1594
4616,2025-05-09,3,2,480.0,329.3,275.4,1224,1192
4617,2025-05-09,3,3,480.0,388.1,317.0,1409,1374
4618,2025-05-09,4,1,480.0,465.8,423.7,2676,2652
4619,2025-05-09,4,2,480.0,469.3,437.6,2764,2745
4620,2025-05-09,4,3,480.0,480.0,413.7,2613,2603
4621,2025-05-09,5,1,480.0,449.6,389.6,1113,1093
4622,2025-05-09,5,2,480.0,436.0,367.1,1049,1035
4623,2025-05-09,5,3,480.0,304.0,250.6,716,701
4624,2025-05-09,6,1,480.0,341.0,285.6,816,794
4625,2025-05-09,6,2,480.0,426.6,362.9,1037,1019
4626,2025-05-09,6,3,480.0,423.0,331.1,946,925
4627,2025-05-09,7,1,480.0,276.0,230.0,575,564
4628,2025-05-09,7,2,480.0,415.2,340.8,852,833
4629,2025-05-09,7,3,480.0,317.3,249.6,624,607
4630,2025-05-09,8,1,480.0,415.4,350.4,914,896
4631,2025-05-09,8,2,480.0,424.3,357.6,933,916
4632,2025-05-09,8,3,480.0,447.5,383.3,1000,979
4633,2025-05-09,9,1,480.0,425.6,371.4,1173,1161
4634,2025-05-09,9,2,480.0,473.6,429.4,1356,1345
4635,2025-05-09,9,3,480.0,432.0,390.8,1234,1226
4636,2025-05-09,10,1,480.0,412.4,339.2,1357,1336
4637,2025-05-09,10,2,480.0,387.6,354.8,1419,1399
4638,2025-05-09,10,3,480.0,427.0,356.5,1426,1408
4639,2025-05-09,11,1,480.0,469.7,392.6,1346,1325
4640,2025-05-09,11,2,480.0,423.6,348.8,1196,1169
4641,2025-05-09,11,3,480.0,323.0,264.8,908,887
4642,2025-05-09,12,1,480.0,451.1,396.5,1487,1468
4643,2025-05-09,12,2,480.0,480.0,423.5,1588,1583
4644,2025-05-09,12,3,480.0,441.5,381.3,1430,1404
4645,2025-05-10,1,1,480.0,441.0,369.0,1845,1827
4646,2025-05-10,1,2,480.0,480.0,441.8,2209,2190
4647,2025-05-10,1,3,480.0,446.8,378.4,1892,1873
4648,2025-05-10,2,1,480.0,446.2,395.2,1976,1956
4649,2025-05-10,2,2,480.0,448.4,393.6,1968,1943
4650,2025-05-10,2,3,480.0,456.4,391.6,1958,1922
4651,2025-05-10,3,1,480.0,330.8,274.1,1218,1190
4652,2025-05-10,3,2,480.0,368.4,307.6,1367,1341
4653,2025-05-10,3,3,480.0,362.1,293.4,1304,1271
4654,2025-05-10,4,1,480.0,268.5,248.7,1571,1559
4655,2025-05-10,4,2,480.0,429.0,388.6,2454,2435
4656,2025-05-10,4,3,480.0,416.2,389.0,2457,2413
4657,2025-05-10,5,1,480.0,402.6,347.9,994,973
4658,2025-05-10,5,2,480.0,443.8,383.2,1095,1075
4659,2025-05-10,5,3,480.0,451.1,380.8,1088,1073
4660,2025-05-10,6,1,480.0,459.3,387.8,1108,1084
4661,2025-05-10,6,2,480.0,392.8,325.5,930,914
4662,2025-05-10,6,3,480.0,362.9,298.6,853,836
4663,2025-05-10,7,1,480.0,350.1,289.2,723,709
4664,2025-05-10,7,2,480.0,416.5,342.0,855,836
4665,2025-05-10,7,3,480.0,331.0,255.2,638,618
4666,2025-05-10,8,1,480.0,329.1,272.9,712,691
4667,2025-05-10,8,2,480.0,401.2,343.1,895,877
4668,2025-05-10,8,3,480.0,310.0,264.1,689,672
4669,2025-05-10,9,1,480.0,469.6,412.3,1302,1287
4670,2025-05-10,9,2,480.0,456.2,420.2,1327,1313
4671,2025-05-10,9,3,480.0,470.7,407.9,1288,1275
4672,2025-05-10,10,1,480.0,427.3,372.8,1491,1474
4673,2025-05-10,10,2,480.0,460.4,395.8,1583,1562
4674,2025-05-10,10,3,480.0,424.3,350.5,1402,1381
4675,2025-05-10,11,1,480.0,417.6,363.4,1246,1219
4676,2025-05-10,11,2,480.0,414.5,363.1,1245,1219
4677,2025-05-10,11,3,480.0,331.2,271.5,931,908
4678,2025-05-10,12,1,480.0,415.3,367.5,1378,1357
4679,2025-05-10,12,2,480.0,414.2,361.9,1357,1342
4680,2025-05-10,12,3,480.0,449.4,392.5,1472,1449
4681,2025-05-11,1,1,480.0,343.5,312.8,1564,1538
4682,2025-05-11,1,2,480.0,432.3,381.6,1908,1898
4683,2025-05-11,1,3,480.0,416.5,358.2,1791,1786
4684,2025-05-11,2,1,480.0,419.5,388.6,1943,1919
4685,2025-05-11,2,2,480.0,480.0,426.2,2131,2119
4686,2025-05-11,2,3,480.0,411.8,354.4,1772,1758
4687,2025-05-11,3,1,480.0,473.9,381.8,1697,1648
4688,2025-05-11,3,2,480.0,421.2,360.9,1604,1563
4689,2025-05-11,3,3,480.0,324.3,259.6,1154,1138
4690,2025-05-11,4,1,480.0,471.2,434.8,2746,2711
4691,2025-05-11,4,2,480.0,477.9,427.5,2700,2665
4692,2025-05-11,4,3,480.0,457.6,406.0,2564,2552
4693,2025-05-11,5,1,480.0,429.7,350.7,1002,986
4694,2025-05-11,5,2,480.0,363.6,320.6,916,898
4695,2025-05-11,5,3,480.0,445.9,369.9,1057,1040
4696,2025-05-11,6,1,480.0,438.2,372.4,1064,1041
4697,2025-05-11,6,2,480.0,473.6,390.9,1117,1091
4698,2025-05-11,6,3,480.0,371.5,302.4,864,843
4699,2025-05-11,7,1,480.0,322.9,258.8,647,630
4700,2025-05-11,7,2,480.0,362.4,296.4,741,722
4701,2025-05-11,7,3,480.0,412.9,337.2,843,825
4702,2025-05-11,8,1,480.0,390.1,330.1,861,841
4703,2025-05-11,8,2,480.0,434.0,362.2,945,931
4704,2025-05-11,8,3,439.9,214.9,183.6,479,467
4705,2025-05-11,9,1,480.0,448.6,390.4,1233,1230
4706,2025-05-11,9,2,480.0,460.3,417.7,1319,1307
4707,2025-05-11,9,3,480.0,433.9,375.9,1187,1169
4708,2025-05-11,10,1,480.0,466.5,402.8,1611,1590
4709,2025-05-11,10,2,480.0,359.0,312.8,1251,1222
4710,2025-05-11,10,3,480.0,451.0,379.0,1516,1487
4711,2025-05-11,11,1,480.0,389.4,336.6,1154,1127
4712,2025-05-11,11,2,480.0,447.4,378.9,1299,1272
4713,2025-05-11,11,3,480.0,269.7,225.8,774,755
4714,2025-05-11,12,1,480.0,480.0,428.8,1608,1573
4715,2025-05-11,12,2,480.0,440.7,397.9,1492,1480
4716,2025-05-11,12,3,480.0,411.9,356.5,1337,1314
4717,2025-05-12,1,1,480.0,440.7,396.6,1983,1965
4718,2025-05-12,1,2,480.0,340.7,298.0,1490,1478
4719,2025-05-12,1,3,480.0,394.2,341.4,1707,1692
4720,2025-05-12,2,1,480.0,472.4,404.8,2024,1999
4721,2025-05-12,2,2,480.0,378.6,328.2,1641,1616
4722,2025-05-12,2,3,480.0,334.3,281.4,1407,1381
4723,2025-05-12,3,1,480.0,299.9,250.7,1114,1093
4724,2025-05-12,3,2,480.0,367.7,295.9,1315,1283
4725,2025-05-12,3,3,480.0,295.7,237.2,1054,1028
4726,2025-05-12,4,1,480.0,451.4,403.3,2547,2539
4727,2025-05-12,4,2,480.0,444.9,385.5,2435,2423
4728,2025-05-12,4,3,480.0,450.2,396.9,2507,2496
4729,2025-05-12,5,1,480.0,434.8,359.1,1026,1001
4730,2025-05-12,5,2,480.0,407.6,350.0,1000,979
4731,2025-05-12,5,3,480.0,402.3,337.1,963,940
4732,2025-05-12,6,1,480.0,458.0,377.3,1078,1056
4733,2025-05-12,6,2,480.0,419.9,357.0,1020,1005
4734,2025-05-12,6,3,480.0,346.7,285.2,815,798
4735,2025-05-12,7,1,480.0,374.5,315.6,789,771
4736,2025-05-12,7,2,480.0,386.0,312.4,781,759
4737,2025-05-12,7,3,480.0,397.7,305.6,764,741
4738,2025-05-12,8,1,480.0,343.4,298.6,779,766
4739,2025-05-12,8,2,480.0,440.5,377.2,984,963
4740,2025-05-12,8,3,480.0,436.6,366.9,957,936
4741,2025-05-12,9,1,480.0,477.5,434.5,1372,1348
4742,2025-05-12,9,2,480.0,434.9,401.2,1267,1257
4743,2025-05-12,9,3,480.0,469.2,393.6,1243,1226
4744,2025-05-12,10,1,480.0,439.9,383.5,1534,1499
4745,2025-05-12,10,2,480.0,440.3,367.0,1468,1432
4746,2025-05-12,10,3,439.3,395.5,335.5,1342,1329
4747,2025-05-12,11,1,480.0,402.7,338.3,1160,1131
4748,2025-05-12,11,2,480.0,439.6,378.3,1297,1260
4749,2025-05-12,11,3,480.0,334.5,271.0,929,907
4750,2025-05-12,12,1,480.0,447.6,406.1,1523,1503
4751,2025-05-12,12,2,480.0,439.3,395.2,1482,1464
4752,2025-05-12,12,3,480.0,277.1,235.5,883,870
4753,2025-05-13,1,1,480.0,452.1,403.4,2017,1990
4754,2025-05-13,1,2,480.0,325.0,284.6,1423,1411
4755,2025-05-13,1,3,480.0,446.4,384.6,1923,1888
4756,2025-05-13,2,1,480.0,433.4,365.4,1827,1809
4757,2025-05-13,2,2,480.0,354.3,308.8,1544,1527
4758,2025-05-13,2,3,446.9,295.1,250.0,1250,1233
4759,2025-05-13,3,1,480.0,445.5,385.2,1712,1668
4760,2025-05-13,3,2,480.0,299.0,245.5,1091,1066
4761,2025-05-13,3,3,480.0,438.0,349.0,1551,1516
4762,2025-05-13,4,1,480.0,478.5,444.9,2810,2790
4763,2025-05-13,4,2,480.0,404.2,369.4,2333,2323
4764,2025-05-13,4,3,480.0,448.4,405.6,2562,2536
4765,2025-05-13,5,1,480.0,425.6,373.8,1068,1052
4766,2025-05-13,5,2,480.0,462.1,417.2,1192,1172
4767,2025-05-13,5,3,480.0,400.9,324.8,928,912
4768,2025-05-13,6,1,480.0,449.1,387.8,1108,1089
4769,2025-05-13,6,2,480.0,459.2,394.8,1128,1109
4770,2025-05-13,6,3,455.2,354.4,290.9,831,816
4771,2025-05-13,7,1,480.0,196.1,157.2,393,381
4772,2025-05-13,7,2,480.0,383.9,323.6,809,791
4773,2025-05-13,7,3,480.0,411.1,309.2,773,756
4774,2025-05-13,8,1,480.0,409.2,346.9,905,886
4775,2025-05-13,8,2,480.0,326.4,281.4,734,722
4776,2025-05-13,8,3,480.0,328.1,274.9,717,703
4777,2025-05-13,9,1,480.0,387.3,345.8,1092,1081
4778,2025-05-13,9,2,480.0,377.4,341.1,1077,1071
4779,2025-05-13,9,3,449.8,416.3,353.4,1116,1108
4780,2025-05-13,10,1,480.0,472.8,410.8,1643,1621
4781,2025-05-13,10,2,480.0,429.9,371.8,1487,1464
4782,2025-05-13,10,3,480.0,475.3,403.5,1614,1573
4783,2025-05-13,11,1,480.0,319.7,263.1,902,877
4784,2025-05-13,11,2,480.0,379.9,326.4,1119,1094
4785,2025-05-13,11,3,480.0,436.0,353.5,1212,1173
4786,2025-05-13,12,1,480.0,434.9,376.3,1411,1389
4787,2025-05-13,12,2,480.0,436.0,376.8,1413,1392
4788,2025-05-13,12,3,480.0,356.1,309.3,1160,1142
4789,2025-05-14,1,1,480.0,444.3,397.0,1985,1973
4790,2025-05-14,1,2,480.0,357.0,317.8,1589,1564
4791,2025-05-14,1,3,438.8,417.6,360.2,1801,1771
4792,2025-05-14,2,1,480.0,449.3,393.6,1968,1933
4793,2025-05-14,2,2,480.0,418.1,367.0,1835,1811
4794,2025-05-14,2,3,480.0,457.6,389.4,1947,1927
4795,2025-05-14,3,1,480.0,374.2,317.7,1412,1372
4796,2025-05-14,3,2,480.0,352.6,291.6,1296,1258
4797,2025-05-14,3,3,443.0,402.1,335.7,1492,1463
4798,2025-05-14,4,1,480.0,424.0,362.9,2292,2270
4799,2025-05-14,4,2,480.0,360.8,331.6,2094,2078
4800,2025-05-14,4,3,480.0,385.8,347.2,2193,2174
4801,2025-05-14,5,1,480.0,471.6,398.3,1138,1110
4802,2025-05-14,5,2,480.0,392.1,333.6,953,937
4803,2025-05-14,5,3,480.0,322.6,280.4,801,785
4804,2025-05-14,6,1,480.0,411.0,347.6,993,968
4805,2025-05-14,6,2,480.0,480.0,417.2,1192,1161
4806,2025-05-14,6,3,480.0,468.8,385.4,1101,1083
4807,2025-05-14,7,1,480.0,367.0,312.0,780,762
4808,2025-05-14,7,2,480.0,319.1,275.2,688,672
4809,2025-05-14,7,3,480.0,331.9,263.6,659,638
4810,2025-05-14,8,1,480.0,426.4,359.6,938,917
4811,2025-05-14,8,2,480.0,300.4,264.9,691,675
4812,2025-05-14,8,3,480.0,198.0,163.3,426,417
4813,2025-05-14,9,1,480.0,379.4,354.4,1119,1107
4814,2025-05-14,9,2,480.0,394.6,342.6,1082,1072
4815,2025-05-14,9,3,480.0,480.0,418.0,1320,1298
4816,2025-05-14,10,1,480.0,437.0,381.8,1527,1501
4817,2025-05-14,10,2,480.0,477.5,413.0,1652,1642
4818,2025-05-14,10,3,480.0,444.3,373.0,1492,1459
4819,2025-05-14,11,1,480.0,430.7,351.8,1206,1177
4820,2025-05-14,11,2,480.0,388.6,322.0,1104,1077
4821,2025-05-14,11,3,480.0,383.2,311.8,1069,1050
4822,2025-05-14,12,1,480.0,480.0,413.6,1551,1534
4823,2025-05-14,12,2,480.0,429.5,367.2,1377,1359
4824,2025-05-14,12,3,446.2,314.7,274.4,1029,1012
4825,2025-05-15,1,1,480.0,451.7,420.0,2100,2095
4826,2025-05-15,1,2,480.0,443.2,400.6,2003,1980
4827,2025-05-15,1,3,480.0,403.9,352.6,1763,1741
4828,2025-05-15,2,1,480.0,462.8,421.0,2105,2060
4829,2025-05-15,2,2,480.0,397.1,352.2,1761,1738
4830,2025-05-15,2,3,480.0,394.3,340.4,1702,1664
4831,2025-05-15,3,1,480.0,377.4,313.2,1392,1368
4832,2025-05-15,3,2,480.0,443.7,370.4,1646,1622
4833,2025-05-15,3,3,480.0,402.2,323.8,1439,1411
4834,2025-05-15,4,1,480.0,429.3,385.9,2437,2415
4835,2025-05-15,4,2,480.0,426.4,390.4,2466,2431
4836,2025-05-15,4,3,480.0,408.4,351.5,2220,2196
4837,2025-05-15,5,1,480.0,417.2,354.2,1012,986
4838,2025-05-15,5,2,480.0,464.7,406.7,1162,1143
4839,2025-05-15,5,3,480.0,470.9,396.6,1133,1116
4840,2025-05-15,6,1,480.0,355.6,306.9,877,859
4841,2025-05-15,6,2,480.0,409.3,344.1,983,960
4842,2025-05-15,6,3,480.0,345.4,274.4,784,768
4843,2025-05-15,7,1,480.0,370.3,308.0,770,751
4844,2025-05-15,7,2,480.0,396.4,320.0,800,777
4845,2025-05-15,7,3,480.0,289.4,228.4,571,556
4846,2025-05-15,8,1,480.0,331.2,282.1,736,717
4847,2025-05-15,8,2,480.0,463.9,394.1,1028,1004
4848,2025-05-15,8,3,480.0,385.0,305.1,796,779
4849,2025-05-15,9,1,480.0,422.6,377.1,1191,1171
4850,2025-05-15,9,2,480.0,472.8,422.4,1334,1309
4851,2025-05-15,9,3,480.0,419.7,356.9,1127,1114
4852,2025-05-15,10,1,480.0,454.3,391.2,1565,1531
4853,2025-05-15,10,2,480.0,453.5,406.5,1626,1597
4854,2025-05-15,10,3,480.0,426.7,363.5,1454,1439
4855,2025-05-15,11,1,480.0,423.7,369.0,1265,1242
4856,2025-05-15,11,2,480.0,348.3,289.0,991,970
4857,2025-05-15,11,3,480.0,417.6,338.6,1161,1144
4858,2025-05-15,12,1,480.0,478.2,400.0,1500,1485
4859,2025-05-15,12,2,480.0,427.9,372.0,1395,1375
4860,2025-05-15,12,3,480.0,451.5,362.4,1359,1340
4861,2025-05-16,1,1,343.8,311.5,275.2,1376,1369
4862,2025-05-16,1,2,480.0,329.4,305.8,1529,1519
4863,2025-05-16,1,3,480.0,474.1,402.0,2010,2000
4864,2025-05-16,2,1,480.0,408.0,366.0,1830,1808
4865,2025-05-16,2,2,480.0,461.5,410.6,2053,2031
4866,2025-05-16,2,3,480.0,446.3,366.8,1834,1820
4867,2025-05-16,3,1,480.0,378.2,308.2,1370,1337
4868,2025-05-16,3,2,480.0,347.8,291.1,1294,1267
4869,2025-05-16,3,3,480.0,364.1,295.2,1312,1283
4870,2025-05-16,4,1,480.0,335.0,318.2,2010,1993
4871,2025-05-16,4,2,480.0,442.8,396.8,2506,2476
4872,2025-05-16,4,3,435.9,425.1,375.7,2373,2350
4873,2025-05-16,5,1,480.0,449.7,394.4,1127,1103
4874,2025-05-16,5,2,480.0,403.8,344.1,983,962
4875,2025-05-16,5,3,480.0,426.7,346.5,990,966
4876,2025-05-16,6,1,480.0,371.8,318.9,911,901
4877,2025-05-16,6,2,480.0,341.9,292.9,837,820
4878,2025-05-16,6,3,447.6,359.2,294.0,840,817
4879,2025-05-16,7,1,480.0,301.0,250.8,627,611
4880,2025-05-16,7,2,480.0,358.0,295.6,739,721
4881,2025-05-16,7,3,480.0,358.3,285.6,714,693
4882,2025-05-16,8,1,480.0,480.0,419.4,1094,1057
4883,2025-05-16,8,2,480.0,394.0,329.7,860,842
4884,2025-05-16,8,3,480.0,399.8,338.5,883,860
4885,2025-05-16,9,1,480.0,480.0,429.1,1355,1331
4886,2025-05-16,9,2,480.0,461.7,423.7,1338,1324
4887,2025-05-16,9,3,480.0,480.0,426.9,1348,1326
4888,2025-05-16,10,1,480.0,472.7,422.0,1688,1671
4889,2025-05-16,10,2,480.0,438.7,380.2,1521,1506
4890,2025-05-16,10,3,480.0,348.5,296.0,1184,1168
4891,2025-05-16,11,1,480.0,381.7,316.2,1084,1055
4892,2025-05-16,11,2,480.0,452.6,374.2,1283,1260
4893,2025-05-16,11,3,480.0,432.5,359.3,1232,1205
4894,2025-05-16,12,1,480.0,480.0,416.8,1563,1543
4895,2025-05-16,12,2,480.0,416.6,355.5,1333,1313
4896,2025-05-16,12,3,480.0,456.8,397.6,1491,1458
4897,2025-05-17,1,1,480.0,475.8,417.6,2088,2071
4898,2025-05-17,1,2,480.0,455.9,399.4,1997,1968
4899,2025-05-17,1,3,480.0,446.2,373.0,1865,1842
4900,2025-05-17,2,1,480.0,407.2,357.4,1787,1745
4901,2025-05-17,2,2,480.0,293.3,263.0,1315,1305
4902,2025-05-17,2,3,480.0,298.7,259.0,1295,1284
4903,2025-05-17,3,1,480.0,407.7,339.5,1509,1477
4904,2025-05-17,3,2,480.0,409.2,355.7,1581,1556
4905,2025-05-17,3,3,434.0,422.2,333.9,1484,1455
4906,2025-05-17,4,1,480.0,480.0,441.1,2786,2760
4907,2025-05-17,4,2,480.0,438.2,400.7,2531,2493
4908,2025-05-17,4,3,480.0,402.6,355.5,2245,2220
4909,2025-05-17,5,1,480.0,426.8,368.2,1052,1025
4910,2025-05-17,5,2,480.0,432.4,374.1,1069,1042
4911,2025-05-17,5,3,453.8,397.8,334.6,956,941
4912,2025-05-17,6,1,480.0,346.9,290.9,831,809
4913,2025-05-17,6,2,480.0,430.8,375.6,1073,1050
4914,2025-05-17,6,3,480.0,429.0,337.4,964,951
4915,2025-05-17,7,1,480.0,410.5,346.8,867,850
4916,2025-05-17,7,2,480.0,332.6,275.2,688,670
4917,2025-05-17,7,3,480.0,332.2,256.4,641,619
4918,2025-05-17,8,1,480.0,398.5,343.5,896,877
4919,2025-05-17,8,2,480.0,441.4,373.8,975,953
4920,2025-05-17,8,3,480.0,432.6,375.3,979,959
4921,2025-05-17,9,1,480.0,450.0,399.0,1260,1244
4922,2025-05-17,9,2,480.0,425.4,381.3,1204,1190
4923,2025-05-17,9,3,438.1,417.0,354.0,1118,1105
4924,2025-05-17,10,1,480.0,417.2,365.8,1463,1432
4925,2025-05-17,10,2,480.0,423.3,361.0,1444,1419
4926,2025-05-17,10,3,480.0,414.3,363.5,1454,1433
4927,2025-05-17,11,1,480.0,385.8,332.2,1139,1108
4928,2025-05-17,11,2,480.0,417.6,350.0,1200,1169
4929,2025-05-17,11,3,480.0,412.5,346.5,1188,1158
4930,2025-05-17,12,1,480.0,431.5,370.4,1389,1381
4931,2025-05-17,12,2,480.0,403.5,349.1,1309,1289
4932,2025-05-17,12,3,480.0,480.0,420.3,1576,1551
4933,2025-05-18,1,1,480.0,461.4,390.8,1954,1927
4934,2025-05-18,1,2,480.0,465.3,409.8,2049,2022
4935,2025-05-18,1,3,480.0,449.0,376.8,1884,1856
4936,2025-05-18,2,1,480.0,434.7,374.4,1872,1844
4937,2025-05-18,2,2,480.0,393.9,333.8,1669,1648
4938,2025-05-18,2,3,480.0,405.2,345.8,1729,1710
4939,2025-05-18,3,1,480.0,429.6,357.8,1590,1553
4940,2025-05-18,3,2,480.0,348.9,292.3,1299,1266
4941,2025-05-18,3,3,480.0,442.4,374.6,1665,1619
4942,2025-05-18,4,1,480.0,463.5,406.8,2569,2526
4943,2025-05-18,4,2,480.0,427.2,382.7,2417,2395
4944,2025-05-18,4,3,480.0,430.9,378.3,2389,2370
4945,2025-05-18,5,1,480.0,377.2,306.6,876,862
4946,2025-05-18,5,2,480.0,433.6,369.9,1057,1036
4947,2025-05-18,5,3,480.0,355.1,303.1,866,855
4948,2025-05-18,6,1,480.0,416.3,351.1,1003,983
4949,2025-05-18,6,2,480.0,413.6,350.4,1001,984
4950,2025-05-18,6,3,480.0,368.3,301.7,862,844
4951,2025-05-18,7,1,480.0,288.7,232.0,580,567
4952,2025-05-18,7,2,480.0,445.6,355.6,889,867
4953,2025-05-18,7,3,480.0,381.8,283.6,709,691
4954,2025-05-18,8,1,480.0,417.8,360.7,941,916
4955,2025-05-18,8,2,480.0,394.9,338.9,884,868
4956,2025-05-18,8,3,480.0,427.7,351.9,918,902
4957,2025-05-18,9,1,480.0,449.1,407.9,1288,1272
4958,2025-05-18,9,2,480.0,329.3,289.4,914,904
4959,2025-05-18,9,3,480.0,432.4,385.7,1218,1203
4960,2025-05-18,10,1,480.0,404.8,362.8,1451,1438
4961,2025-05-18,10,2,480.0,465.6,392.0,1568,1537
4962,2025-05-18,10,3,480.0,384.6,325.2,1301,1287
4963,2025-05-18,11,1,480.0,293.3,250.2,858,841
4964,2025-05-18,11,2,480.0,414.5,358.8,1230,1203
4965,2025-05-18,11,3,440.3,351.8,292.8,1004,982
4966,2025-05-18,12,1,480.0,410.4,367.5,1378,1362
4967,2025-05-18,12,2,480.0,450.1,395.5,1483,1454
4968,2025-05-18,12,3,480.0,386.7,328.8,1233,1220
4969,2025-05-19,1,1,480.0,408.1,368.8,1844,1830
4970,2025-05-19,1,2,480.0,417.8,369.2,1846,1816
4971,2025-05-19,1,3,480.0,421.2,352.4,1762,1744
4972,2025-05-19,2,1,480.0,450.5,397.0,1985,1950
4973,2025-05-19,2,2,480.0,445.5,398.2,1991,1958
4974,2025-05-19,2,3,480.0,376.6,325.4,1627,1599
4975,2025-05-19,3,1,480.0,416.4,344.0,1529,1502
4976,2025-05-19,3,2,480.0,421.9,338.4,1504,1463
4977,2025-05-19,3,3,480.0,279.9,233.8,1039,1015
4978,2025-05-19,4,1,480.0,480.0,431.8,2727,2716
4979,2025-05-19,4,2,480.0,467.6,435.1,2748,2718
4980,2025-05-19,4,3,480.0,435.6,380.5,2403,2379
4981,2025-05-19,5,1,480.0,449.1,389.2,1112,1090
4982,2025-05-19,5,2,480.0,379.6,317.4,907,889
4983,2025-05-19,5,3,480.0,438.3,358.8,1025,1002
4984,2025-05-19,6,1,480.0,421.6,356.3,1018,992
4985,2025-05-19,6,2,480.0,435.3,355.6,1016,997
4986,2025-05-19,6,3,480.0,432.4,362.9,1037,1021
4987,2025-05-19,7,1,480.0,369.2,299.6,749,732
4988,2025-05-19,7,2,480.0,454.8,379.2,948,925
4989,2025-05-19,7,3,480.0,375.8,294.4,736,714
4990,2025-05-19,8,1,480.0,396.8,340.4,888,865
4991,2025-05-19,8,2,480.0,327.8,278.3,726,705
4992,2025-05-19,8,3,480.0,330.7,280.6,732,721
4993,2025-05-19,9,1,480.0,430.5,398.4,1258,1234
4994,2025-05-19,9,2,480.0,414.6,386.3,1220,1206
4995,2025-05-19,9,3,480.0,442.7,399.6,1262,1249
4996,2025-05-19,10,1,480.0,432.4,377.2,1509,1485
4997,2025-05-19,10,2,480.0,455.8,399.0,1596,1571
4998,2025-05-19,10,3,480.0,345.7,293.8,1175,1153
4999,2025-05-19,11,1,480.0,433.1,366.6,1257,1238
5000,2025-05-19,11,2,480.0,404.7,347.7,1192,1170
5001,2025-05-19,11,3,480.0,355.4,294.0,1008,986
5002,2025-05-19,12,1,480.0,389.6,346.9,1301,1287
5003,2025-05-19,12,2,480.0,372.6,338.1,1268,1247
5004,2025-05-19,12,3,480.0,290.1,242.7,910,899
5005,2025-05-20,1,1,480.0,407.1,359.0,1795,1762
5006,2025-05-20,1,2,480.0,401.9,356.6,1783,1771
5007,2025-05-20,1,3,480.0,432.3,378.6,1893,1860
5008,2025-05-20,2,1,480.0,438.8,390.4,1952,1929
5009,2025-05-20,2,2,480.0,408.3,356.4,1782,1743
5010,2025-05-20,2,3,480.0,426.3,357.8,1789,1766
5011,2025-05-20,3,1,480.0,338.9,279.2,1241,1218
5012,2025-05-20,3,2,480.0,334.0,275.6,1225,1194
5013,2025-05-20,3,3,480.0,315.2,262.1,1165,1135
5014,2025-05-20,4,1,480.0,354.1,324.1,2047,2023
5015,2025-05-20,4,2,480.0,474.2,435.1,2748,2722
5016,2025-05-20,4,3,480.0,451.5,396.3,2503,2474
5017,2025-05-20,5,1,480.0,417.7,370.3,1058,1029
5018,2025-05-20,5,2,480.0,438.2,376.6,1076,1061
5019,2025-05-20,5,3,480.0,380.9,310.4,887,873
5020,2025-05-20,6,1,480.0,462.2,384.3,1098,1077
5021,2025-05-20,6,2,480.0,370.7,326.2,932,917
5022,2025-05-20,6,3,480.0,372.6,306.6,876,854
5023,2025-05-20,7,1,480.0,245.5,198.8,497,484
5024,2025-05-20,7,2,480.0,434.9,360.0,900,883
5025,2025-05-20,7,3,480.0,368.2,292.0,730,707
5026,2025-05-20,8,1,480.0,414.3,352.7,920,897
5027,2025-05-20,8,2,480.0,423.3,356.1,929,909
5028,2025-05-20,8,3,480.0,355.3,305.9,798,783
5029,2025-05-20,9,1,480.0,373.1,336.9,1064,1049
5030,2025-05-20,9,2,480.0,474.1,415.8,1313,1301
5031,2025-05-20,9,3,480.0,480.0,417.1,1317,1285
5032,2025-05-20,10,1,480.0,421.6,361.8,1447,1419
5033,2025-05-20,10,2,480.0,449.1,393.5,1574,1554
5034,2025-05-20,10,3,438.3,414.9,342.8,1371,1344
5035,2025-05-20,11,1,480.0,453.9,377.1,1293,1263
5036,2025-05-20,11,2,480.0,434.9,379.5,1301,1264
5037,2025-05-20,11,3,480.0,411.6,329.6,1130,1110
5038,2025-05-20,12,1,480.0,457.5,396.5,1487,1466
5039,2025-05-20,12,2,480.0,470.9,411.2,1542,1513
5040,2025-05-20,12,3,480.0,395.0,337.6,1266,1251
5041,2025-05-21,1,1,480.0,392.6,344.0,1720,1701
5042,2025-05-21,1,2,480.0,423.8,376.8,1884,1851
5043,2025-05-21,1,3,480.0,457.8,388.8,1944,1916
5044,2025-05-21,2,1,480.0,432.9,379.4,1897,1886
5045,2025-05-21,2,2,480.0,293.8,245.6,1228,1216
5046,2025-05-21,2,3,480.0,432.1,373.0,1865,1825
5047,2025-05-21,3,1,480.0,456.7,382.3,1699,1665
5048,2025-05-21,3,2,480.0,473.9,387.2,1721,1684
5049,2025-05-21,3,3,480.0,350.7,280.8,1248,1227
5050,2025-05-21,4,1,480.0,480.0,437.2,2761,2723
5051,2025-05-21,4,2,480.0,402.4,360.1,2274,2243
5052,2025-05-21,4,3,480.0,444.4,379.8,2399,2384
5053,2025-05-21,5,1,480.0,346.3,303.1,866,846
5054,2025-05-21,5,2,480.0,451.9,394.8,1128,1109
5055,2025-05-21,5,3,480.0,376.8,322.4,921,910
5056,2025-05-21,6,1,480.0,458.7,388.1,1109,1085
5057,2025-05-21,6,2,480.0,417.4,348.6,996,968
5058,2025-05-21,6,3,480.0,463.7,379.8,1085,1066
5059,2025-05-21,7,1,480.0,444.6,365.6,914,881
5060,2025-05-21,7,2,480.0,404.0,333.2,833,816
5061,2025-05-21,7,3,480.0,375.0,286.4,716,698
5062,2025-05-21,8,1,278.5,163.1,141.4,369,362
5063,2025-05-21,8,2,480.0,401.1,336.2,877,858
5064,2025-05-21,8,3,480.0,412.6,338.9,884,864
5065,2025-05-21,9,1,480.0,480.0,436.1,1377,1362
5066,2025-05-21,9,2,480.0,471.1,414.2,1308,1281
5067,2025-05-21,9,3,480.0,434.3,375.9,1187,1169
5068,2025-05-21,10,1,480.0,300.1,265.8,1063,1040
5069,2025-05-21,10,2,480.0,416.9,349.2,1397,1365
5070,2025-05-21,10,3,480.0,356.1,300.8,1203,1187
5071,2025-05-21,11,1,480.0,356.0,293.1,1005,987
5072,2025-05-21,11,2,480.0,388.9,330.8,1134,1106
5073,2025-05-21,11,3,480.0,404.9,336.6,1154,1116
5074,2025-05-21,12,1,480.0,417.8,363.5,1363,1351
5075,2025-05-21,12,2,480.0,354.0,323.2,1212,1185
5076,2025-05-21,12,3,480.0,416.2,358.1,1343,1326
5077,2025-05-22,1,1,480.0,356.2,319.6,1598,1583
5078,2025-05-22,1,2,480.0,470.3,416.2,2081,2052
5079,2025-05-22,1,3,480.0,345.9,302.2,1511,1487
5080,2025-05-22,2,1,480.0,410.0,363.8,1819,1804
5081,2025-05-22,2,2,480.0,469.7,412.0,2060,2042
5082,2025-05-22,2,3,480.0,406.7,357.0,1785,1771
5083,2025-05-22,3,1,480.0,349.1,300.8,1337,1311
5084,2025-05-22,3,2,480.0,390.2,325.8,1448,1422
5085,2025-05-22,3,3,480.0,278.7,220.1,978,957
5086,2025-05-22,4,1,480.0,476.1,442.2,2793,2782
5087,2025-05-22,4,2,480.0,456.4,420.4,2655,2626
5088,2025-05-22,4,3,480.0,480.0,416.7,2632,2590
5089,2025-05-22,5,1,480.0,396.1,343.0,980,961
5090,2025-05-22,5,2,480.0,387.8,327.9,937,927
5091,2025-05-22,5,3,480.0,327.7,273.7,782,767
5092,2025-05-22,6,1,480.0,379.7,327.9,937,912
5093,2025-05-22,6,2,480.0,345.1,284.6,813,800
5094,2025-05-22,6,3,480.0,453.9,368.9,1054,1036
5095,2025-05-22,7,1,480.0,414.7,337.2,843,819
5096,2025-05-22,7,2,480.0,377.0,317.2,793,773
5097,2025-05-22,7,3,480.0,446.1,353.2,883,858
5098,2025-05-22,8,1,480.0,134.8,115.0,300,295
5099,2025-05-22,8,2,480.0,455.2,388.3,1013,994
5100,2025-05-22,8,3,480.0,315.2,266.0,694,682
5101,2025-05-22,9,1,480.0,436.3,396.5,1252,1242
5102,2025-05-22,9,2,480.0,458.8,412.3,1302,1286
5103,2025-05-22,9,3,480.0,430.4,378.1,1194,1185
5104,2025-05-22,10,1,480.0,473.3,422.8,1691,1678
5105,2025-05-22,10,2,480.0,391.0,348.0,1392,1371
5106,2025-05-22,10,3,480.0,336.2,277.5,1110,1095
5107,2025-05-22,11,1,480.0,363.9,312.7,1072,1045
5108,2025-05-22,11,2,480.0,454.7,394.9,1354,1324
5109,2025-05-22,11,3,480.0,283.5,229.0,785,766
5110,2025-05-22,12,1,480.0,430.5,374.4,1404,1382
5111,2025-05-22,12,2,480.0,480.0,417.1,1564,1539
5112,2025-05-22,12,3,480.0,406.7,354.9,1331,1305
5113,2025-05-23,1,1,480.0,480.0,422.2,2111,2090
5114,2025-05-23,1,2,480.0,409.6,370.4,1852,1831
5115,2025-05-23,1,3,480.0,398.8,361.0,1805,1781
5116,2025-05-23,2,1,480.0,424.4,374.0,1870,1848
5117,2025-05-23,2,2,480.0,457.9,402.6,2013,1978
5118,2025-05-23,2,3,480.0,419.2,356.8,1784,1759
5119,2025-05-23,3,1,480.0,387.6,315.4,1402,1362
5120,2025-05-23,3,2,480.0,459.7,380.5,1691,1655
5121,2025-05-23,3,3,480.0,332.9,269.1,1196,1173
5122,2025-05-23,4,1,480.0,469.3,420.4,2655,2626
5123,2025-05-23,4,2,480.0,470.1,426.7,2695,2673
5124,2025-05-23,4,3,480.0,480.0,416.3,2629,2600
5125,2025-05-23,5,1,480.0,453.8,405.6,1159,1140
5126,2025-05-23,5,2,480.0,446.8,371.4,1061,1034
5127,2025-05-23,5,3,480.0,371.3,317.4,907,889
5128,2025-05-23,6,1,480.0,320.3,267.1,763,745
5129,2025-05-23,6,2,480.0,394.1,339.9,971,950
5130,2025-05-23,6,3,480.0,427.5,358.1,1023,1001
5131,2025-05-23,7,1,480.0,239.0,196.8,492,479
5132,2025-05-23,7,2,480.0,375.0,306.0,765,741
5133,2025-05-23,7,3,480.0,378.9,299.2,748,732
5134,2025-05-23,8,1,480.0,456.0,385.6,1006,987
5135,2025-05-23,8,2,480.0,430.5,361.1,942,916
5136,2025-05-23,8,3,480.0,394.3,322.8,842,827
5137,2025-05-23,9,1,480.0,326.1,291.6,921,915
5138,2025-05-23,9,2,480.0,406.3,379.7,1199,1183
5139,2025-05-23,9,3,480.0,451.5,387.3,1223,1205
5140,2025-05-23,10,1,480.0,471.5,407.5,1630,1604
5141,2025-05-23,10,2,480.0,459.7,388.0,1552,1536
5142,2025-05-23,10,3,480.0,450.9,383.8,1535,1506
5143,2025-05-23,11,1,480.0,457.8,384.7,1319,1281
5144,2025-05-23,11,2,480.0,390.6,336.3,1153,1122
5145,2025-05-23,11,3,480.0,399.2,333.1,1142,1114
5146,2025-05-23,12,1,480.0,448.1,393.9,1477,1456
5147,2025-05-23,12,2,480.0,461.2,407.5,1528,1504
5148,2025-05-23,12,3,480.0,270.6,233.3,875,861
5149,2025-05-24,1,1,480.0,452.4,413.8,2069,2046
5150,2025-05-24,1,2,480.0,480.0,436.2,2181,2164
5151,2025-05-24,1,3,480.0,398.4,345.4,1727,1702
5152,2025-05-24,2,1,480.0,440.5,370.6,1853,1831
5153,2025-05-24,2,2,480.0,461.0,392.8,1964,1949
5154,2025-05-24,2,3,451.1,358.1,306.2,1531,1509
5155,2025-05-24,3,1,480.0,416.6,351.0,1560,1529
5156,2025-05-24,3,2,480.0,287.4,240.8,1070,1043
5157,2025-05-24,3,3,480.0,421.9,342.9,1524,1490
5158,2025-05-24,4,1,480.0,470.1,426.2,2692,2681
5159,2025-05-24,4,2,480.0,457.6,419.7,2651,2637
5160,2025-05-24,4,3,480.0,459.7,411.4,2598,2572
5161,2025-05-24,5,1,480.0,411.0,358.1,1023,1007
5162,2025-05-24,5,2,480.0,390.0,328.6,939,923
5163,2025-05-24,5,3,480.0,351.4,285.6,816,803
5164,2025-05-24,6,1,480.0,409.0,358.1,1023,996
5165,2025-05-24,6,2,480.0,311.3,261.4,747,733
5166,2025-05-24,6,3,480.0,437.0,366.4,1047,1028
5167,2025-05-24,7,1,480.0,424.3,334.8,837,815
5168,2025-05-24,7,2,480.0,367.7,288.8,722,700
5169,2025-05-24,7,3,480.0,344.2,260.8,652,632
5170,2025-05-24,8,1,480.0,430.9,356.1,929,906
5171,2025-05-24,8,2,480.0,335.9,293.6,766,753
5172,2025-05-24,8,3,480.0,377.5,313.6,818,801
5173,2025-05-24,9,1,480.0,428.1,376.2,1188,1168
5174,2025-05-24,9,2,480.0,467.0,439.5,1388,1374
5175,2025-05-24,9,3,480.0,306.8,268.2,847,830
5176,2025-05-24,10,1,480.0,438.6,387.5,1550,1521
5177,2025-05-24,10,2,480.0,401.6,339.8,1359,1338
5178,2025-05-24,10,3,480.0,317.8,265.5,1062,1053
5179,2025-05-24,11,1,480.0,399.4,334.2,1146,1126
5180,2025-05-24,11,2,480.0,415.4,349.1,1197,1170
5181,2025-05-24,11,3,480.0,209.8,178.2,611,598
5182,2025-05-24,12,1,480.0,473.4,419.7,1574,1550
5183,2025-05-24,12,2,480.0,421.5,374.7,1405,1396
5184,2025-05-24,12,3,480.0,480.0,417.9,1567,1539
5185,2025-05-25,1,1,480.0,413.0,371.6,1858,1833
5186,2025-05-25,1,2,480.0,427.0,380.2,1901,1877
5187,2025-05-25,1,3,480.0,407.1,349.2,1746,1725
5188,2025-05-25,2,1,480.0,468.5,409.8,2049,2013
5189,2025-05-25,2,2,480.0,427.6,371.6,1858,1816
5190,2025-05-25,2,3,480.0,450.5,389.0,1945,1898
5191,2025-05-25,3,1,480.0,354.6,283.3,1259,1230
5192,2025-05-25,3,2,480.0,359.5,297.9,1324,1302
5193,2025-05-25,3,3,480.0,309.9,249.5,1109,1076
5194,2025-05-25,4,1,480.0,461.2,416.9,2633,2600
5195,2025-05-25,4,2,480.0,480.0,442.4,2794,2770
5196,2025-05-25,4,3,480.0,463.6,407.1,2571,2536
5197,2025-05-25,5,1,480.0,392.5,335.6,959,940
5198,2025-05-25,5,2,480.0,451.7,387.1,1106,1079
5199,2025-05-25,5,3,480.0,360.1,307.3,878,867
5200,2025-05-25,6,1,480.0,470.8,393.1,1123,1099
5201,2025-05-25,6,2,480.0,437.1,363.6,1039,1021
5202,2025-05-25,6,3,480.0,397.2,321.6,919,904
5203,2025-05-25,7,1,480.0,395.5,340.0,850,829
5204,2025-05-25,7,2,480.0,206.9,167.2,418,408
5205,2025-05-25,7,3,480.0,354.5,277.2,693,678
5206,2025-05-25,8,1,480.0,468.4,407.9,1064,1040
5207,2025-05-25,8,2,480.0,390.5,332.0,866,849
5208,2025-05-25,8,3,480.0,408.6,325.1,848,829
5209,2025-05-25,9,1,480.0,399.7,372.4,1176,1165
5210,2025-05-25,9,2,480.0,462.0,434.5,1372,1351
5211,2025-05-25,9,3,480.0,480.0,412.9,1304,1288
5212,2025-05-25,10,1,480.0,439.1,396.8,1587,1565
5213,2025-05-25,10,2,480.0,384.1,338.8,1355,1324
5214,2025-05-25,10,3,480.0,411.6,339.8,1359,1337
5215,2025-05-25,11,1,480.0,360.5,307.1,1053,1021
5216,2025-05-25,11,2,480.0,389.1,333.4,1143,1121
5217,2025-05-25,11,3,446.4,405.1,330.5,1133,1106
5218,2025-05-25,12,1,480.0,443.6,392.3,1471,1452
5219,2025-05-25,12,2,480.0,444.6,383.2,1437,1409
5220,2025-05-25,12,3,480.0,433.9,383.2,1437,1418
5221,2025-05-26,1,1,480.0,460.0,412.0,2060,2034
5222,2025-05-26,1,2,480.0,422.9,365.2,1826,1809
5223,2025-05-26,1,3,480.0,374.0,334.6,1673,1659
5224,2025-05-26,2,1,480.0,451.4,394.4,1972,1935
5225,2025-05-26,2,2,480.0,447.7,394.2,1971,1953
5226,2025-05-26,2,3,480.0,424.1,359.8,1799,1780
5227,2025-05-26,3,1,480.0,350.0,292.1,1298,1276
5228,2025-05-26,3,2,480.0,388.1,310.9,1382,1349
5229,2025-05-26,3,3,480.0,388.8,313.0,1391,1360
5230,2025-05-26,4,1,480.0,445.0,419.4,2649,2632
5231,2025-05-26,4,2,480.0,458.1,412.1,2603,2577
5232,2025-05-26,4,3,480.0,413.5,368.6,2328,2325
5233,2025-05-26,5,1,480.0,437.4,372.8,1065,1045
5234,2025-05-26,5,2,480.0,394.1,336.7,962,946
5235,2025-05-26,5,3,444.8,327.9,273.4,781,770
5236,2025-05-26,6,1,480.0,423.3,369.2,1055,1032
5237,2025-05-26,6,2,480.0,435.1,366.1,1046,1022
5238,2025-05-26,6,3,480.0,480.0,401.8,1148,1121
5239,2025-05-26,7,1,480.0,340.7,286.4,716,696
5240,2025-05-26,7,2,480.0,438.5,366.8,917,891
5241,2025-05-26,7,3,480.0,342.8,272.4,681,666
5242,2025-05-26,8,1,480.0,284.1,241.9,631,622
5243,2025-05-26,8,2,480.0,475.4,409.0,1067,1037
5244,2025-05-26,8,3,480.0,292.3,241.5,630,619
5245,2025-05-26,9,1,480.0,431.1,375.6,1186,1177
5246,2025-05-26,9,2,480.0,427.9,386.0,1219,1202
5247,2025-05-26,9,3,480.0,437.4,383.5,1211,1191
5248,2025-05-26,10,1,480.0,372.1,314.2,1257,1245
5249,2025-05-26,10,2,480.0,475.9,407.5,1630,1602
5250,2025-05-26,10,3,480.0,348.5,296.5,1186,1177
5251,2025-05-26,11,1,480.0,412.4,345.6,1185,1158
5252,2025-05-26,11,2,480.0,237.4,205.6,705,687
5253,2025-05-26,11,3,480.0,385.5,327.5,1123,1098
5254,2025-05-26,12,1,480.0,406.8,363.5,1363,1342
5255,2025-05-26,12,2,480.0,417.6,369.1,1384,1357
5256,2025-05-26,12,3,480.0,444.1,382.1,1433,1403
5257,2025-05-27,1,1,480.0,426.9,372.8,1864,1836
5258,2025-05-27,1,2,480.0,444.1,388.6,1943,1931
5259,2025-05-27,1,3,480.0,438.4,378.0,1890,1870
5260,2025-05-27,2,1,480.0,449.2,398.8,1994,1959
5261,2025-05-27,2,2,480.0,438.1,381.8,1909,1880
5262,2025-05-27,2,3,480.0,459.5,385.8,1929,1898
5263,2025-05-27,3,1,266.8,37.5,31.7,141,137
5264,2025-05-27,3,2,480.0,223.5,185.4,824,809
5265,2025-05-27,3,3,480.0,348.8,281.2,1250,1225
5266,2025-05-27,4,1,480.0,480.0,430.5,2719,2676
5267,2025-05-27,4,2,480.0,476.7,409.1,2584,2578
5268,2025-05-27,4,3,480.0,449.7,395.8,2500,2481
5269,2025-05-27,5,1,480.0,460.4,391.3,1118,1096
5270,2025-05-27,5,2,480.0,418.0,348.2,995,979
5271,2025-05-27,5,3,480.0,306.7,249.2,712,699
5272,2025-05-27,6,1,480.0,394.2,332.1,949,929
5273,2025-05-27,6,2,480.0,431.6,369.2,1055,1027
5274,2025-05-27,6,3,480.0,364.4,302.4,864,844
5275,2025-05-27,7,1,480.0,375.0,293.6,734,713
5276,2025-05-27,7,2,480.0,416.4,333.6,834,815
5277,2025-05-27,7,3,480.0,422.4,326.8,817,797
5278,2025-05-27,8,1,480.0,452.4,379.1,989,967
5279,2025-05-27,8,2,480.0,284.8,244.2,637,618
5280,2025-05-27,8,3,480.0,366.1,299.0,780,764
5281,2025-05-27,9,1,480.0,480.0,434.5,1372,1354
5282,2025-05-27,9,2,480.0,436.1,397.7,1256,1238
5283,2025-05-27,9,3,442.5,400.3,345.2,1090,1074
5284,2025-05-27,10,1,305.8,255.2,222.2,889,873
5285,2025-05-27,10,2,480.0,421.7,373.5,1494,1462
5286,2025-05-27,10,3,480.0,377.4,323.0,1292,1269
5287,2025-05-27,11,1,348.0,181.0,155.5,533,522
5288,2025-05-27,11,2,480.0,444.1,384.7,1319,1283
5289,2025-05-27,11,3,480.0,433.6,349.7,1199,1172
5290,2025-05-27,12,1,480.0,421.9,351.7,1319,1295
5291,2025-05-27,12,2,480.0,470.4,419.2,1572,1548
5292,2025-05-27,12,3,480.0,333.1,287.7,1079,1064
5293,2025-05-28,1,1,480.0,380.9,336.2,1681,1667
5294,2025-05-28,1,2,480.0,381.5,336.8,1684,1671
5295,2025-05-28,1,3,480.0,480.0,404.8,2024,2007
5296,2025-05-28,2,1,480.0,411.2,358.8,1794,1759
5297,2025-05-28,2,2,480.0,381.1,328.4,1642,1612
5298,2025-05-28,2,3,439.1,370.4,315.8,1579,1556
5299,2025-05-28,3,1,480.0,428.9,363.8,1617,1589
5300,2025-05-28,3,2,480.0,372.5,305.3,1357,1329
5301,2025-05-28,3,3,446.2,378.7,301.5,1340,1315
5302,2025-05-28,4,1,480.0,439.3,397.3,2509,2494
5303,2025-05-28,4,2,480.0,467.8,426.7,2695,2664
5304,2025-05-28,4,3,480.0,462.1,410.6,2593,2552
5305,2025-05-28,5,1,480.0,470.2,409.1,1169,1153
5306,2025-05-28,5,2,480.0,173.0,153.3,438,433
5307,2025-05-28,5,3,480.0,429.2,354.2,1012,993
5308,2025-05-28,6,1,480.0,389.5,340.6,973,950
5309,2025-05-28,6,2,480.0,332.5,288.4,824,804
5310,2025-05-28,6,3,480.0,378.4,315.0,900,883
5311,2025-05-28,7,1,480.0,318.4,248.8,622,605
5312,2025-05-28,7,2,480.0,392.9,320.4,801,787
5313,2025-05-28,7,3,480.0,419.8,322.4,806,784
5314,2025-05-28,8,1,480.0,393.1,338.1,882,867
5315,2025-05-28,8,2,480.0,349.3,303.2,791,772
5316,2025-05-28,8,3,480.0,382.7,313.6,818,802
5317,2025-05-28,9,1,480.0,429.4,388.6,1227,1213
5318,2025-05-28,9,2,480.0,459.3,395.2,1248,1228
5319,2025-05-28,9,3,480.0,399.6,361.6,1142,1128
5320,2025-05-28,10,1,480.0,455.6,393.8,1575,1545
5321,2025-05-28,10,2,480.0,384.1,336.0,1344,1325
5322,2025-05-28,10,3,480.0,341.4,284.5,1138,1122
5323,2025-05-28,11,1,480.0,417.3,361.4,1239,1214
5324,2025-05-28,11,2,480.0,429.3,371.3,1273,1243
5325,2025-05-28,11,3,480.0,269.7,229.5,787,767
5326,2025-05-28,12,1,480.0,473.6,417.3,1565,1538
5327,2025-05-28,12,2,480.0,459.0,398.4,1494,1476
5328,2025-05-28,12,3,480.0,427.1,364.3,1366,1348
5329,2025-05-29,1,1,480.0,409.4,364.0,1820,1795
5330,2025-05-29,1,2,480.0,443.6,406.2,2031,2005
5331,2025-05-29,1,3,480.0,421.0,355.2,1776,1747
5332,2025-05-29,2,1,480.0,474.4,448.6,2243,2198
5333,2025-05-29,2,2,480.0,421.9,380.0,1900,1862
5334,2025-05-29,2,3,480.0,432.1,375.8,1879,1854
5335,2025-05-29,3,1,480.0,397.5,330.8,1470,1439
5336,2025-05-29,3,2,480.0,429.3,363.4,1615,1582
5337,2025-05-29,3,3,451.2,302.2,241.4,1073,1055
5338,2025-05-29,4,1,480.0,430.4,387.1,2445,2427
5339,2025-05-29,4,2,480.0,470.7,425.1,2685,2673
5340,2025-05-29,4,3,480.0,460.9,408.8,2582,2562
5341,2025-05-29,5,1,480.0,264.7,232.4,664,653
5342,2025-05-29,5,2,480.0,368.1,305.9,874,861
5343,2025-05-29,5,3,480.0,411.6,345.4,987,974
5344,2025-05-29,6,1,480.0,447.1,374.1,1069,1049
5345,2025-05-29,6,2,480.0,372.0,315.7,902,888
5346,2025-05-29,6,3,480.0,376.6,318.5,910,898
5347,2025-05-29,7,1,480.0,308.6,248.8,622,605
5348,2025-05-29,7,2,480.0,337.5,282.4,706,685
5349,2025-05-29,7,3,457.3,406.8,317.2,793,771
5350,2025-05-29,8,1,480.0,396.9,335.8,876,855
5351,2025-05-29,8,2,480.0,406.9,346.9,905,884
5352,2025-05-29,8,3,480.0,176.8,148.0,386,378
5353,2025-05-29,9,1,480.0,398.5,367.0,1159,1147
5354,2025-05-29,9,2,480.0,386.6,355.6,1123,1110
5355,2025-05-29,9,3,480.0,453.2,391.1,1235,1215
5356,2025-05-29,10,1,480.0,420.1,372.2,1489,1468
5357,2025-05-29,10,2,480.0,437.6,384.0,1536,1501
5358,2025-05-29,10,3,480.0,393.5,316.5,1266,1250
5359,2025-05-29,11,1,480.0,340.8,299.8,1028,1008
5360,2025-05-29,11,2,480.0,475.2,410.4,1407,1384
5361,2025-05-29,11,3,480.0,380.5,307.1,1053,1021
5362,2025-05-29,12,1,480.0,455.8,397.6,1491,1473
5363,2025-05-29,12,2,480.0,333.6,294.1,1103,1090
5364,2025-05-29,12,3,480.0,480.0,417.1,1564,1535
5365,2025-05-30,1,1,480.0,469.9,419.6,2098,2074
5366,2025-05-30,1,2,480.0,480.0,417.2,2086,2060
5367,2025-05-30,1,3,445.2,393.2,350.8,1754,1726
5368,2025-05-30,2,1,480.0,472.7,416.6,2083,2035
5369,2025-05-30,2,2,480.0,409.5,369.6,1848,1811
5370,2025-05-30,2,3,480.0,376.9,330.4,1652,1633
5371,2025-05-30,3,1,480.0,429.8,358.2,1592,1552
5372,2025-05-30,3,2,480.0,291.0,239.2,1063,1034
5373,2025-05-30,3,3,480.0,359.2,286.4,1273,1248
5374,2025-05-30,4,1,480.0,462.8,421.0,2659,2647
5375,2025-05-30,4,2,480.0,419.4,383.0,2419,2393
5376,2025-05-30,4,3,480.0,467.8,398.5,2517,2493
5377,2025-05-30,5,1,480.0,420.3,353.9,1011,993
5378,2025-05-30,5,2,480.0,436.1,373.8,1068,1048
5379,2025-05-30,5,3,480.0,363.3,301.4,861,846
5380,2025-05-30,6,1,480.0,394.0,338.8,968,943
5381,2025-05-30,6,2,480.0,382.1,325.5,930,917
5382,2025-05-30,6,3,480.0,381.6,311.9,891,879
5383,2025-05-30,7,1,480.0,345.9,273.2,683,666
5384,2025-05-30,7,2,480.0,400.8,344.8,862,837
5385,2025-05-30,7,3,480.0,413.2,326.0,815,792
5386,2025-05-30,8,1,480.0,429.2,362.2,945,925
5387,2025-05-30,8,2,480.0,258.3,221.6,578,570
5388,2025-05-30,8,3,480.0,412.9,341.6,891,874
5389,2025-05-30,9,1,480.0,441.6,406.3,1283,1267
5390,2025-05-30,9,2,480.0,426.4,387.0,1222,1201
5391,2025-05-30,9,3,480.0,394.5,344.9,1089,1080
5392,2025-05-30,10,1,480.0,456.4,402.2,1609,1586
5393,2025-05-30,10,2,480.0,473.3,415.8,1663,1637
5394,2025-05-30,10,3,480.0,340.1,293.5,1174,1158
5395,2025-05-30,11,1,480.0,403.5,342.1,1173,1148
5396,2025-05-30,11,2,480.0,294.8,247.0,847,829
5397,2025-05-30,11,3,480.0,361.9,297.8,1021,997
5398,2025-05-30,12,1,480.0,416.9,366.1,1373,1356
5399,2025-05-30,12,2,480.0,400.7,345.1,1294,1273
5400,2025-05-30,12,3,480.0,375.0,323.5,1213,1204
5401,2025-05-31,1,1,480.0,466.2,418.2,2091,2072
5402,2025-05-31,1,2,480.0,390.6,332.0,1660,1631
5403,2025-05-31,1,3,480.0,465.0,399.2,1996,1977
5404,2025-05-31,2,1,480.0,437.9,395.2,1976,1961
5405,2025-05-31,2,2,480.0,374.3,324.0,1620,1611
5406,2025-05-31,2,3,480.0,480.0,413.4,2067,2037
5407,2025-05-31,3,1,480.0,469.8,392.4,1744,1708
5408,2025-05-31,3,2,480.0,273.7,226.1,1005,992
5409,2025-05-31,3,3,480.0,385.8,306.9,1364,1320
5410,2025-05-31,4,1,480.0,478.2,442.7,2796,2753
5411,2025-05-31,4,2,480.0,420.0,380.0,2400,2373
5412,2025-05-31,4,3,480.0,410.9,357.5,2258,2238
5413,2025-05-31,5,1,480.0,473.4,396.9,1134,1114
5414,2025-05-31,5,2,480.0,365.4,308.4,881,864
5415,2025-05-31,5,3,480.0,384.3,321.6,919,903
5416,2025-05-31,6,1,480.0,345.9,296.1,846,831
5417,2025-05-31,6,2,480.0,369.9,316.4,904,881
5418,2025-05-31,6,3,480.0,401.8,343.4,981,964
5419,2025-05-31,7,1,299.0,93.2,72.8,182,176
5420,2025-05-31,7,2,480.0,438.9,345.6,864,841
5421,2025-05-31,7,3,480.0,440.4,356.0,890,868
5422,2025-05-31,8,1,480.0,477.2,399.1,1041,1021
5423,2025-05-31,8,2,480.0,439.4,378.0,986,967
5424,2025-05-31,8,3,480.0,423.5,343.9,897,876
5425,2025-05-31,9,1,480.0,418.6,368.0,1162,1144
5426,2025-05-31,9,2,480.0,395.7,348.3,1100,1084
5427,2025-05-31,9,3,480.0,432.9,385.7,1218,1195
5428,2025-05-31,10,1,480.0,469.3,417.0,1668,1646
5429,2025-05-31,10,2,480.0,395.5,344.0,1376,1357
5430,2025-05-31,10,3,480.0,426.8,361.8,1447,1429
5431,2025-05-31,11,1,480.0,350.7,289.0,991,971
5432,2025-05-31,11,2,480.0,346.8,303.6,1041,1016
5433,2025-05-31,11,3,480.0,219.3,185.5,636,623
5434,2025-05-31,12,1,305.6,236.5,203.7,764,751
5435,2025-05-31,12,2,480.0,465.4,410.4,1539,1510
5436,2025-05-31,12,3,480.0,350.4,297.3,1115,1098
5437,2025-06-01,1,1,480.0,405.5,353.0,1765,1747
5438,2025-06-01,1,2,480.0,450.4,401.2,2006,1963
5439,2025-06-01,1,3,480.0,429.8,376.0,1880,1852
5440,2025-06-01,2,1,480.0,419.9,368.8,1844,1826
5441,2025-06-01,2,2,480.0,410.5,356.4,1782,1755
5442,2025-06-01,2,3,480.0,313.7,271.6,1358,1334
5443,2025-06-01,3,1,480.0,387.6,321.3,1428,1400
5444,2025-06-01,3,2,480.0,372.1,307.1,1365,1333
5445,2025-06-01,3,3,480.0,335.1,279.9,1244,1219
5446,2025-06-01,4,1,480.0,435.8,403.0,2545,2509
5447,2025-06-01,4,2,480.0,469.3,448.1,2830,2799
5448,2025-06-01,4,3,480.0,387.2,334.4,2112,2089
5449,2025-06-01,5,1,480.0,347.4,297.5,850,834
5450,2025-06-01,5,2,480.0,448.3,390.6,1116,1093
5451,2025-06-01,5,3,480.0,388.4,316.4,904,887
5452,2025-06-01,6,1,480.0,463.0,398.3,1138,1118
5453,2025-06-01,6,2,480.0,387.1,322.0,920,895
5454,2025-06-01,6,3,480.0,256.6,208.9,597,585
5455,2025-06-01,7,1,480.0,460.7,373.2,933,905
5456,2025-06-01,7,2,480.0,356.7,289.2,723,701
5457,2025-06-01,7,3,480.0,343.2,280.0,700,685
5458,2025-06-01,8,1,480.0,429.5,378.7,988,961
5459,2025-06-01,8,2,480.0,365.8,299.0,780,766
5460,2025-06-01,8,3,480.0,310.6,253.0,660,649
5461,2025-06-01,9,1,480.0,452.5,418.0,1320,1307
5462,2025-06-01,9,2,480.0,390.3,355.0,1121,1107
5463,2025-06-01,9,3,480.0,470.8,430.4,1359,1347
5464,2025-06-01,10,1,480.0,480.0,417.5,1670,1642
5465,2025-06-01,10,2,480.0,353.9,303.5,1214,1192
5466,2025-06-01,10,3,480.0,433.1,359.5,1438,1412
5467,2025-06-01,11,1,480.0,468.7,398.7,1367,1340
5468,2025-06-01,11,2,480.0,404.5,333.7,1144,1116
5469,2025-06-01,11,3,480.0,383.8,314.7,1079,1046
5470,2025-06-01,12,1,480.0,278.4,248.8,933,925
5471,2025-06-01,12,2,480.0,448.3,413.1,1549,1533
5472,2025-06-01,12,3,444.9,300.5,251.2,942,927
5473,2025-06-02,1,1,480.0,480.0,420.8,2104,2082
5474,2025-06-02,1,2,480.0,364.4,336.4,1682,1661
5475,2025-06-02,1,3,454.5,444.2,380.4,1902,1879
5476,2025-06-02,2,1,480.0,436.2,371.4,1857,1827
5477,2025-06-02,2,2,480.0,420.3,369.2,1846,1815
5478,2025-06-02,2,3,480.0,480.0,409.0,2045,2017
5479,2025-06-02,3,1,480.0,409.4,343.4,1526,1488
5480,2025-06-02,3,2,480.0,359.9,296.6,1318,1295
5481,2025-06-02,3,3,450.4,374.5,290.2,1290,1265
5482,2025-06-02,4,1,480.0,465.9,426.4,2693,2673
5483,2025-06-02,4,2,480.0,470.9,434.6,2745,2718
5484,2025-06-02,4,3,480.0,471.6,410.2,2591,2554
5485,2025-06-02,5,1,480.0,477.8,411.6,1176,1155
5486,2025-06-02,5,2,480.0,368.9,326.2,932,918
5487,2025-06-02,5,3,480.0,472.6,392.0,1120,1094
5488,2025-06-02,6,1,480.0,330.7,283.5,810,792
5489,2025-06-02,6,2,480.0,376.9,323.8,925,903
5490,2025-06-02,6,3,480.0,459.9,380.4,1087,1063
5491,2025-06-02,7,1,480.0,251.1,207.6,519,505
5492,2025-06-02,7,2,480.0,289.2,232.8,582,569
5493,2025-06-02,7,3,480.0,396.8,315.6,789,771
5494,2025-06-02,8,1,480.0,419.3,364.2,950,926
5495,2025-06-02,8,2,480.0,335.7,282.5,737,720
5496,2025-06-02,8,3,480.0,346.2,273.3,713,702
5497,2025-06-02,9,1,480.0,433.5,397.1,1254,1232
5498,2025-06-02,9,2,480.0,452.5,405.0,1279,1266
5499,2025-06-02,9,3,480.0,418.2,356.9,1127,1111
5500,2025-06-02,10,1,480.0,399.0,350.8,1403,1383
5501,2025-06-02,10,2,480.0,480.0,424.2,1697,1675
5502,2025-06-02,10,3,480.0,445.4,383.2,1533,1510
5503,2025-06-02,11,1,480.0,461.6,395.2,1355,1317
5504,2025-06-02,11,2,480.0,412.5,344.5,1181,1162
5505,2025-06-02,11,3,480.0,409.5,336.6,1154,1125
5506,2025-06-02,12,1,480.0,392.7,345.3,1295,1273
5507,2025-06-02,12,2,480.0,426.9,380.5,1427,1405
5508,2025-06-02,12,3,480.0,396.6,338.9,1271,1244
5509,2025-06-03,1,1,480.0,446.6,383.8,1919,1890
5510,2025-06-03,1,2,480.0,456.5,406.2,2031,2006
5511,2025-06-03,1,3,458.9,214.0,191.0,955,951
5512,2025-06-03,2,1,480.0,465.7,416.4,2082,2054
5513,2025-06-03,2,2,480.0,472.9,427.4,2137,2113
5514,2025-06-03,2,3,480.0,441.9,381.0,1905,1883
5515,2025-06-03,3,1,480.0,321.0,264.1,1174,1147
5516,2025-06-03,3,2,480.0,331.5,273.1,1214,1199
5517,2025-06-03,3,3,480.0,397.5,313.4,1393,1360
5518,2025-06-03,4,1,480.0,480.0,438.9,2772,2748
5519,2025-06-03,4,2,480.0,423.6,388.1,2451,2421
5520,2025-06-03,4,3,480.0,360.6,311.9,1970,1950
5521,2025-06-03,5,1,480.0,383.6,322.4,921,906
5522,2025-06-03,5,2,480.0,385.1,344.4,984,969
5523,2025-06-03,5,3,480.0,447.2,381.1,1089,1070
5524,2025-06-03,6,1,480.0,392.5,318.9,911,897
5525,2025-06-03,6,2,480.0,480.0,419.6,1199,1175
5526,2025-06-03,6,3,480.0,427.1,359.8,1028,1007
5527,2025-06-03,7,1,480.0,376.1,298.4,746,729
5528,2025-06-03,7,2,480.0,352.3,284.0,710,692
5529,2025-06-03,7,3,480.0,382.0,292.8,732,715
5530,2025-06-03,8,1,480.0,383.3,332.4,867,852
5531,2025-06-03,8,2,480.0,358.3,317.0,827,812
5532,2025-06-03,8,3,480.0,403.0,330.1,861,848
5533,2025-06-03,9,1,480.0,475.8,415.8,1313,1292
5534,2025-06-03,9,2,480.0,480.0,431.6,1363,1345
5535,2025-06-03,9,3,480.0,447.5,402.8,1272,1255
5536,2025-06-03,10,1,480.0,333.2,293.2,1173,1148
5537,2025-06-03,10,2,480.0,432.9,363.2,1453,1440
5538,2025-06-03,10,3,480.0,427.9,351.8,1407,1378
5539,2025-06-03,11,1,480.0,454.0,388.5,1332,1299
5540,2025-06-03,11,2,480.0,455.3,372.2,1276,1240
5541,2025-06-03,11,3,480.0,324.3,269.8,925,901
5542,2025-06-03,12,1,480.0,472.0,412.8,1548,1527
5543,2025-06-03,12,2,480.0,422.8,392.0,1470,1445
5544,2025-06-03,12,3,480.0,472.5,402.1,1508,1481
5545,2025-06-04,1,1,480.0,436.4,372.0,1860,1835
5546,2025-06-04,1,2,480.0,459.2,411.0,2055,2022
5547,2025-06-04,1,3,480.0,404.2,346.2,1731,1701
5548,2025-06-04,2,1,480.0,463.0,404.6,2023,2011
5549,2025-06-04,2,2,480.0,367.5,322.4,1612,1584
5550,2025-06-04,2,3,480.0,474.0,411.6,2058,2033
5551,2025-06-04,3,1,480.0,362.8,294.5,1309,1273
5552,2025-06-04,3,2,480.0,402.1,336.4,1495,1464
5553,2025-06-04,3,3,480.0,406.9,330.1,1467,1433
5554,2025-06-04,4,1,480.0,480.0,437.3,2762,2747
5555,2025-06-04,4,2,480.0,476.5,438.7,2771,2736
5556,2025-06-04,4,3,480.0,434.2,387.9,2450,2437
5557,2025-06-04,5,1,480.0,420.0,355.9,1017,996
5558,2025-06-04,5,2,480.0,384.5,334.6,956,937
5559,2025-06-04,5,3,480.0,384.1,310.8,888,872
5560,2025-06-04,6,1,480.0,455.1,380.1,1086,1063
5561,2025-06-04,6,2,480.0,431.0,378.4,1081,1061
5562,2025-06-04,6,3,480.0,429.0,355.6,1016,994
5563,2025-06-04,7,1,480.0,405.0,323.2,808,789
5564,2025-06-04,7,2,480.0,377.7,310.8,777,749
5565,2025-06-04,7,3,480.0,324.4,255.6,639,621
5566,2025-06-04,8,1,480.0,377.6,333.9,871,854
5567,2025-06-04,8,2,480.0,313.1,266.4,695,680
5568,2025-06-04,8,3,480.0,341.3,271.0,707,694
5569,2025-06-04,9,1,480.0,334.8,311.9,985,972
5570,2025-06-04,9,2,480.0,406.2,355.3,1122,1105
5571,2025-06-04,9,3,480.0,423.7,374.0,1181,1166
5572,2025-06-04,10,1,480.0,439.2,375.8,1503,1486
5573,2025-06-04,10,2,480.0,294.3,270.0,1080,1063
5574,2025-06-04,10,3,447.2,416.9,356.2,1425,1398
5575,2025-06-04,11,1,480.0,407.6,349.7,1199,1167
5576,2025-06-04,11,2,480.0,432.6,358.8,1230,1207
5577,2025-06-04,11,3,480.0,338.5,280.6,962,939
5578,2025-06-04,12,1,480.0,442.2,389.3,1460,1450
5579,2025-06-04,12,2,480.0,437.3,392.0,1470,1448
5580,2025-06-04,12,3,480.0,267.1,226.7,850,838
5581,2025-06-05,1,1,480.0,429.1,382.6,1913,1882
5582,2025-06-05,1,2,480.0,426.2,372.2,1861,1840
5583,2025-06-05,1,3,480.0,426.1,350.0,1750,1731
5584,2025-06-05,2,1,480.0,401.5,372.0,1860,1841
5585,2025-06-05,2,2,480.0,370.5,336.2,1681,1667
5586,2025-06-05,2,3,480.0,474.7,393.2,1966,1932
5587,2025-06-05,3,1,480.0,374.6,300.4,1335,1302
5588,2025-06-05,3,2,480.0,480.0,396.0,1760,1726
5589,2025-06-05,3,3,480.0,407.9,322.2,1432,1394
5590,2025-06-05,4,1,480.0,433.9,384.8,2430,2405
5591,2025-06-05,4,2,480.0,480.0,427.5,2700,2682
5592,2025-06-05,4,3,480.0,454.6,406.8,2569,2548
5593,2025-06-05,5,1,480.0,458.1,389.2,1112,1088
5594,2025-06-05,5,2,480.0,392.5,353.5,1010,994
5595,2025-06-05,5,3,480.0,413.4,350.4,1001,982
5596,2025-06-05,6,1,480.0,322.5,275.8,788,766
5597,2025-06-05,6,2,480.0,304.6,262.9,751,735
5598,2025-06-05,6,3,480.0,435.2,357.0,1020,996
5599,2025-06-05,7,1,480.0,376.2,309.6,774,754
5600,2025-06-05,7,2,480.0,405.9,327.2,818,796
5601,2025-06-05,7,3,480.0,345.2,262.8,657,642
5602,2025-06-05,8,1,480.0,311.4,268.7,701,686
5603,2025-06-05,8,2,480.0,415.5,350.4,914,893
5604,2025-06-05,8,3,480.0,426.1,355.4,927,912
5605,2025-06-05,9,1,480.0,390.6,357.2,1128,1110
5606,2025-06-05,9,2,480.0,418.4,372.1,1175,1156
5607,2025-06-05,9,3,480.0,385.4,339.1,1071,1056
5608,2025-06-05,10,1,480.0,445.2,396.8,1587,1562
5609,2025-06-05,10,2,480.0,419.9,370.5,1482,1447
5610,2025-06-05,10,3,480.0,374.1,308.5,1234,1218
5611,2025-06-05,11,1,480.0,471.8,385.3,1321,1281
5612,2025-06-05,11,2,480.0,446.9,391.1,1341,1307
5613,2025-06-05,11,3,480.0,413.2,331.0,1135,1114
5614,2025-06-05,12,1,480.0,460.2,404.5,1517,1499
5615,2025-06-05,12,2,480.0,448.5,390.9,1466,1444
5616,2025-06-05,12,3,480.0,467.0,388.0,1455,1427
5617,2025-06-06,1,1,480.0,421.3,383.0,1915,1887
5618,2025-06-06,1,2,480.0,461.3,409.0,2045,2022
5619,2025-06-06,1,3,480.0,400.1,345.2,1726,1710
5620,2025-06-06,2,1,480.0,458.2,409.2,2046,2025
5621,2025-06-06,2,2,480.0,438.1,389.8,1949,1924
5622,2025-06-06,2,3,480.0,456.7,392.8,1964,1936
5623,2025-06-06,3,1,480.0,451.6,380.7,1692,1651
5624,2025-06-06,3,2,480.0,462.2,379.4,1686,1651
5625,2025-06-06,3,3,480.0,366.7,300.6,1336,1305
5626,2025-06-06,4,1,480.0,422.1,370.5,2340,2306
5627,2025-06-06,4,2,480.0,469.3,417.8,2639,2626
5628,2025-06-06,4,3,480.0,480.0,438.1,2767,2749
5629,2025-06-06,5,1,480.0,385.2,328.6,939,926
5630,2025-06-06,5,2,480.0,459.9,392.7,1122,1103
5631,2025-06-06,5,3,480.0,436.7,370.6,1059,1047
5632,2025-06-06,6,1,480.0,368.8,323.4,924,901
5633,2025-06-06,6,2,480.0,480.0,416.9,1191,1162
5634,2025-06-06,6,3,480.0,343.7,280.7,802,789
5635,2025-06-06,7,1,480.0,402.2,330.8,827,801
5636,2025-06-06,7,2,480.0,359.9,298.0,745,730
5637,2025-06-06,7,3,480.0,298.9,237.6,594,580
5638,2025-06-06,8,1,480.0,463.8,392.1,1023,998
5639,2025-06-06,8,2,480.0,287.2,242.3,632,620
5640,2025-06-06,8,3,480.0,389.6,327.8,855,844
5641,2025-06-06,9,1,480.0,434.9,390.4,1233,1223
5642,2025-06-06,9,2,480.0,401.1,376.5,1189,1168
5643,2025-06-06,9,3,480.0,464.9,409.8,1294,1288
5644,2025-06-06,10,1,480.0,480.0,415.0,1660,1636
5645,2025-06-06,10,2,480.0,318.8,280.2,1121,1106
5646,2025-06-06,10,3,480.0,435.7,356.8,1427,1400
5647,2025-06-06,11,1,480.0,355.4,298.1,1022,1004
5648,2025-06-06,11,2,480.0,376.4,320.2,1098,1076
5649,2025-06-06,11,3,480.0,388.0,303.3,1040,1016
5650,2025-06-06,12,1,480.0,389.6,343.7,1289,1272
5651,2025-06-06,12,2,480.0,475.9,420.8,1578,1563
5652,2025-06-06,12,3,480.0,270.3,233.3,875,858
5653,2025-06-07,1,1,480.0,415.6,379.8,1899,1867
5654,2025-06-07,1,2,480.0,409.7,367.2,1836,1823
5655,2025-06-07,1,3,480.0,334.5,285.6,1428,1415
5656,2025-06-07,2,1,316.3,236.5,212.8,1064,1042
5657,2025-06-07,2,2,480.0,386.4,344.0,1720,1687
5658,2025-06-07,2,3,480.0,456.9,401.0,2005,1984
5659,2025-06-07,3,1,480.0,274.9,221.4,984,958
5660,2025-06-07,3,2,480.0,344.9,284.2,1263,1233
5661,2025-06-07,3,3,480.0,339.3,269.1,1196,1173
5662,2025-06-07,4,1,480.0,451.4,398.2,2515,2490
5663,2025-06-07,4,2,480.0,448.2,407.9,2576,2549
5664,2025-06-07,4,3,480.0,457.8,399.2,2521,2497
5665,2025-06-07,5,1,480.0,435.0,370.6,1059,1039
5666,2025-06-07,5,2,480.0,413.0,357.4,1021,1000
5667,2025-06-07,5,3,480.0,385.1,326.9,934,914
5668,2025-06-07,6,1,480.0,374.9,319.2,912,898
5669,2025-06-07,6,2,480.0,278.9,238.0,680,668
5670,2025-06-07,6,3,480.0,480.0,411.6,1176,1152
5671,2025-06-07,7,1,480.0,329.0,261.2,653,636
5672,2025-06-07,7,2,480.0,352.2,278.8,697,682
5673,2025-06-07,7,3,480.0,319.4,247.6,619,605
5674,2025-06-07,8,1,480.0,371.2,310.1,809,792
5675,2025-06-07,8,2,480.0,443.7,380.6,993,977
5676,2025-06-07,8,3,449.0,305.8,257.6,672,657
5677,2025-06-07,9,1,480.0,397.6,363.2,1147,1131
5678,2025-06-07,9,2,480.0,308.6,266.3,841,830
5679,2025-06-07,9,3,480.0,457.5,397.1,1254,1233
5680,2025-06-07,10,1,480.0,456.4,389.8,1559,1534
5681,2025-06-07,10,2,480.0,372.2,309.8,1239,1218
5682,2025-06-07,10,3,480.0,430.4,365.8,1463,1432
5683,2025-06-07,11,1,480.0,397.5,339.5,1164,1135
5684,2025-06-07,11,2,480.0,395.6,323.8,1110,1089
5685,2025-06-07,11,3,480.0,364.2,296.0,1015,993
5686,2025-06-07,12,1,480.0,462.5,400.0,1500,1479
5687,2025-06-07,12,2,480.0,440.2,373.6,1401,1386
5688,2025-06-07,12,3,480.0,417.4,373.3,1400,1379
5689,2025-06-08,1,1,480.0,470.1,417.4,2087,2046
5690,2025-06-08,1,2,480.0,401.2,368.6,1843,1821
5691,2025-06-08,1,3,480.0,470.3,405.0,2025,1999
5692,2025-06-08,2,1,480.0,443.9,401.4,2007,1983
5693,2025-06-08,2,2,480.0,365.6,333.6,1668,1642
5694,2025-06-08,2,3,480.0,438.2,356.8,1784,1766
5695,2025-06-08,3,1,480.0,332.8,280.6,1247,1230
5696,2025-06-08,3,2,480.0,399.0,319.7,1421,1385
5697,2025-06-08,3,3,443.2,284.3,234.0,1040,1017
5698,2025-06-08,4,1,480.0,429.4,400.7,2531,2500
5699,2025-06-08,4,2,480.0,409.4,367.6,2322,2284
5700,2025-06-08,4,3,480.0,414.7,364.3,2301,2283
5701,2025-06-08,5,1,480.0,463.7,396.9,1134,1121
5702,2025-06-08,5,2,480.0,362.2,315.4,901,886
5703,2025-06-08,5,3,480.0,429.9,366.8,1048,1030
5704,2025-06-08,6,1,480.0,432.9,378.7,1082,1061
5705,2025-06-08,6,2,480.0,395.7,321.3,918,894
5706,2025-06-08,6,3,480.0,418.9,349.3,998,978
5707,2025-06-08,7,1,480.0,393.0,320.4,801,783
5708,2025-06-08,7,2,480.0,409.4,318.4,796,779
5709,2025-06-08,7,3,480.0,343.1,273.2,683,660
5710,2025-06-08,8,1,480.0,406.5,355.7,928,911
5711,2025-06-08,8,2,480.0,448.5,397.1,1036,1015
5712,2025-06-08,8,3,480.0,429.0,348.8,910,894
5713,2025-06-08,9,1,480.0,474.6,428.4,1353,1336
5714,2025-06-08,9,2,480.0,459.1,401.9,1269,1245
5715,2025-06-08,9,3,480.0,435.3,398.1,1257,1242
5716,2025-06-08,10,1,480.0,440.6,386.0,1544,1509
5717,2025-06-08,10,2,480.0,446.7,391.0,1564,1528
5718,2025-06-08,10,3,480.0,343.7,282.5,1130,1115
5719,2025-06-08,11,1,480.0,365.7,315.9,1083,1061
5720,2025-06-08,11,2,480.0,433.4,366.3,1256,1230
5721,2025-06-08,11,3,480.0,363.5,292.0,1001,978
5722,2025-06-08,12,1,480.0,450.6,397.1,1489,1468
5723,2025-06-08,12,2,480.0,470.9,423.2,1587,1553
5724,2025-06-08,12,3,480.0,449.5,381.6,1431,1413
5725,2025-06-09,1,1,480.0,443.7,403.6,2018,1985
5726,2025-06-09,1,2,480.0,472.4,424.6,2123,2094
5727,2025-06-09,1,3,480.0,400.0,336.4,1682,1650
5728,2025-06-09,2,1,480.0,392.3,344.2,1721,1691
5729,2025-06-09,2,2,480.0,440.3,379.0,1895,1874
5730,2025-06-09,2,3,480.0,413.1,352.2,1761,1741
5731,2025-06-09,3,1,480.0,401.5,335.7,1492,1458
5732,2025-06-09,3,2,480.0,320.4,261.0,1160,1135
5733,2025-06-09,3,3,480.0,353.3,280.1,1245,1215
5734,2025-06-09,4,1,279.5,263.7,247.9,1566,1555
5735,2025-06-09,4,2,480.0,449.3,391.7,2474,2459
5736,2025-06-09,4,3,480.0,433.9,393.0,2482,2459
5737,2025-06-09,5,1,480.0,432.2,366.8,1048,1031
5738,2025-06-09,5,2,480.0,480.0,398.6,1139,1123
5739,2025-06-09,5,3,480.0,342.1,290.9,831,819
5740,2025-06-09,6,1,309.3,207.1,176.4,504,493
5741,2025-06-09,6,2,480.0,438.7,363.3,1038,1016
5742,2025-06-09,6,3,480.0,446.7,367.1,1049,1022
5743,2025-06-09,7,1,480.0,330.1,264.0,660,648
5744,2025-06-09,7,2,480.0,377.9,294.8,737,720
5745,2025-06-09,7,3,480.0,345.6,275.6,689,672
5746,2025-06-09,8,1,480.0,416.0,345.8,902,883
5747,2025-06-09,8,2,480.0,461.1,374.1,976,953
5748,2025-06-09,8,3,480.0,373.5,305.9,798,777
5749,2025-06-09,9,1,480.0,463.9,423.7,1338,1318
5750,2025-06-09,9,2,480.0,452.6,406.0,1282,1274
5751,2025-06-09,9,3,480.0,400.7,354.7,1120,1109
5752,2025-06-09,10,1,480.0,417.1,362.0,1448,1431
5753,2025-06-09,10,2,480.0,462.2,409.5,1638,1608
5754,2025-06-09,10,3,448.8,389.3,325.0,1300,1275
5755,2025-06-09,11,1,480.0,475.8,411.5,1411,1369
5756,2025-06-09,11,2,480.0,464.5,403.1,1382,1344
5757,2025-06-09,11,3,480.0,460.2,376.0,1289,1252
5758,2025-06-09,12,1,480.0,431.6,371.2,1392,1367
5759,2025-06-09,12,2,480.0,376.5,318.9,1196,1184
5760,2025-06-09,12,3,480.0,445.4,375.7,1409,1386
5761,2025-06-10,1,1,480.0,433.0,363.0,1815,1795
5762,2025-06-10,1,2,480.0,438.8,395.0,1975,1963
5763,2025-06-10,1,3,480.0,456.8,381.2,1906,1893
5764,2025-06-10,2,1,480.0,450.5,397.6,1988,1953
5765,2025-06-10,2,2,480.0,434.7,382.0,1910,1891
5766,2025-06-10,2,3,480.0,447.1,369.8,1849,1818
5767,2025-06-10,3,1,480.0,441.1,366.5,1629,1586
5768,2025-06-10,3,2,480.0,436.8,356.2,1583,1546
5769,2025-06-10,3,3,480.0,415.2,335.9,1493,1466
5770,2025-06-10,4,1,480.0,436.6,402.3,2541,2511
5771,2025-06-10,4,2,480.0,465.5,435.7,2752,2692
5772,2025-06-10,4,3,480.0,446.4,387.6,2448,2437
5773,2025-06-10,5,1,480.0,430.4,358.8,1025,1011
5774,2025-06-10,5,2,480.0,450.4,387.1,1106,1089
5775,2025-06-10,5,3,480.0,462.3,395.1,1129,1112
5776,2025-06-10,6,1,480.0,429.9,388.1,1109,1093
5777,2025-06-10,6,2,480.0,436.8,355.9,1017,998
5778,2025-06-10,6,3,480.0,411.6,347.9,994,969
5779,2025-06-10,7,1,480.0,369.3,292.0,730,714
5780,2025-06-10,7,2,480.0,347.7,286.0,715,697
5781,2025-06-10,7,3,480.0,394.5,305.6,764,746
5782,2025-06-10,8,1,480.0,379.8,338.9,884,867
5783,2025-06-10,8,2,480.0,364.5,313.9,819,805
5784,2025-06-10,8,3,480.0,303.2,247.6,646,631
5785,2025-06-10,9,1,480.0,480.0,429.7,1357,1340
5786,2025-06-10,9,2,480.0,475.4,431.6,1363,1340
5787,2025-06-10,9,3,480.0,467.1,419.9,1326,1296
5788,2025-06-10,10,1,480.0,447.3,382.5,1530,1493
5789,2025-06-10,10,2,480.0,476.7,414.5,1658,1638
5790,2025-06-10,10,3,480.0,377.7,322.5,1290,1277
5791,2025-06-10,11,1,480.0,422.7,367.5,1260,1236
5792,2025-06-10,11,2,480.0,378.2,318.8,1093,1068
5793,2025-06-10,11,3,480.0,160.0,130.7,448,439
5794,2025-06-10,12,1,480.0,413.1,362.1,1358,1349
5795,2025-06-10,12,2,480.0,438.7,385.3,1445,1421
5796,2025-06-10,12,3,480.0,358.2,314.4,1179,1167
5797,2025-06-11,1,1,480.0,425.1,379.8,1899,1874
5798,2025-06-11,1,2,480.0,444.4,388.4,1942,1918
5799,2025-06-11,1,3,480.0,448.0,403.4,2017,1991
5800,2025-06-11,2,1,480.0,402.7,348.6,1743,1727
5801,2025-06-11,2,2,480.0,376.3,331.8,1659,1633
5802,2025-06-11,2,3,480.0,399.8,332.6,1663,1648
5803,2025-06-11,3,1,480.0,402.3,331.0,1471,1445
5804,2025-06-11,3,2,480.0,326.8,269.1,1196,1170
5805,2025-06-11,3,3,480.0,315.9,248.8,1106,1073
5806,2025-06-11,4,1,480.0,464.2,418.0,2640,2603
5807,2025-06-11,4,2,480.0,423.4,391.1,2470,2447
5808,2025-06-11,4,3,480.0,478.7,431.9,2728,2696
5809,2025-06-11,5,1,480.0,376.5,320.6,916,899
5810,2025-06-11,5,2,480.0,428.7,374.5,1070,1046
5811,2025-06-11,5,3,480.0,405.0,336.7,962,952
5812,2025-06-11,6,1,480.0,425.3,361.9,1034,1015
5813,2025-06-11,6,2,480.0,464.1,392.7,1122,1102
5814,2025-06-11,6,3,480.0,310.8,255.5,730,714
5815,2025-06-11,7,1,480.0,290.3,226.0,565,549
5816,2025-06-11,7,2,480.0,321.2,260.8,652,634
5817,2025-06-11,7,3,480.0,389.2,306.0,765,746
5818,2025-06-11,8,1,480.0,414.5,345.4,901,881
5819,2025-06-11,8,2,480.0,301.4,247.6,646,631
5820,2025-06-11,8,3,480.0,455.1,381.8,996,972
5821,2025-06-11,9,1,480.0,407.9,364.5,1151,1133
5822,2025-06-11,9,2,480.0,438.0,400.9,1266,1258
5823,2025-06-11,9,3,480.0,391.7,335.0,1058,1042
5824,2025-06-11,10,1,480.0,340.0,307.2,1229,1209
5825,2025-06-11,10,2,480.0,469.8,421.0,1684,1668
5826,2025-06-11,10,3,480.0,472.8,408.0,1632,1602
5827,2025-06-11,11,1,480.0,412.9,357.6,1226,1192
5828,2025-06-11,11,2,480.0,480.0,405.7,1391,1363
5829,2025-06-11,11,3,480.0,288.7,231.0,792,771
5830,2025-06-11,12,1,480.0,384.0,333.6,1251,1230
5831,2025-06-11,12,2,480.0,432.5,374.4,1404,1375
5832,2025-06-11,12,3,480.0,391.7,332.8,1248,1225
5833,2025-06-12,1,1,480.0,443.3,394.0,1970,1960
5834,2025-06-12,1,2,480.0,480.0,429.4,2147,2106
5835,2025-06-12,1,3,480.0,328.9,295.4,1477,1461
5836,2025-06-12,2,1,480.0,436.5,383.4,1917,1885
5837,2025-06-12,2,2,480.0,398.6,345.2,1726,1707
5838,2025-06-12,2,3,437.8,366.6,312.8,1564,1554
5839,2025-06-12,3,1,480.0,442.4,364.3,1619,1591
5840,2025-06-12,3,2,480.0,344.1,288.4,1282,1246
5841,2025-06-12,3,3,480.0,398.0,316.4,1406,1368
5842,2025-06-12,4,1,480.0,456.7,424.8,2683,2661
5843,2025-06-12,4,2,480.0,384.2,352.6,2227,2189
5844,2025-06-12,4,3,480.0,478.8,430.4,2718,2682
5845,2025-06-12,5,1,480.0,402.1,340.2,972,955
5846,2025-06-12,5,2,480.0,459.5,402.5,1150,1125
5847,2025-06-12,5,3,480.0,430.8,343.4,981,961
5848,2025-06-12,6,1,480.0,396.7,332.5,950,936
5849,2025-06-12,6,2,480.0,425.6,366.4,1047,1025
5850,2025-06-12,6,3,480.0,336.8,265.6,759,740
5851,2025-06-12,7,1,480.0,438.5,351.6,879,856
5852,2025-06-12,7,2,480.0,330.9,272.0,680,664
5853,2025-06-12,7,3,437.9,252.0,188.8,472,460
5854,2025-06-12,8,1,480.0,310.5,266.0,694,681
5855,2025-06-12,8,2,480.0,432.7,360.7,941,927
5856,2025-06-12,8,3,480.0,415.3,343.9,897,882
5857,2025-06-12,9,1,480.0,474.0,433.2,1368,1353
5858,2025-06-12,9,2,480.0,463.9,416.7,1316,1298
5859,2025-06-12,9,3,480.0,398.8,337.2,1065,1050
5860,2025-06-12,10,1,480.0,464.1,397.8,1591,1558
5861,2025-06-12,10,2,480.0,384.7,346.8,1387,1358
5862,2025-06-12,10,3,480.0,357.5,295.5,1182,1157
5863,2025-06-12,11,1,480.0,424.8,357.3,1225,1199
5864,2025-06-12,11,2,480.0,242.1,207.4,711,699
5865,2025-06-12,11,3,480.0,227.5,189.9,651,632
5866,2025-06-12,12,1,480.0,412.4,368.8,1383,1353
5867,2025-06-12,12,2,480.0,429.2,379.2,1422,1421
5868,2025-06-12,12,3,480.0,480.0,416.0,1560,1533
5869,2025-06-13,1,1,480.0,434.9,385.6,1928,1910
5870,2025-06-13,1,2,480.0,452.0,391.8,1959,1948
5871,2025-06-13,1,3,480.0,386.4,326.8,1634,1612
5872,2025-06-13,2,1,480.0,333.8,296.6,1483,1459
5873,2025-06-13,2,2,480.0,435.2,377.6,1888,1870
5874,2025-06-13,2,3,480.0,427.0,351.0,1755,1733
5875,2025-06-13,3,1,480.0,359.0,281.2,1250,1222
5876,2025-06-13,3,2,480.0,356.5,299.2,1330,1294
5877,2025-06-13,3,3,480.0,370.9,299.2,1330,1293
5878,2025-06-13,4,1,480.0,440.7,396.5,2504,2491
5879,2025-06-13,4,2,480.0,441.5,409.3,2585,2581
5880,2025-06-13,4,3,480.0,460.6,405.2,2559,2530
5881,2025-06-13,5,1,337.9,158.1,137.6,393,385
5882,2025-06-13,5,2,480.0,331.8,283.9,811,795
5883,2025-06-13,5,3,480.0,441.1,350.7,1002,983
5884,2025-06-13,6,1,480.0,348.6,290.5,830,809
5885,2025-06-13,6,2,480.0,440.2,377.3,1078,1053
5886,2025-06-13,6,3,480.0,373.9,308.0,880,860
5887,2025-06-13,7,1,480.0,405.7,327.2,818,802
5888,2025-06-13,7,2,480.0,415.1,341.2,853,831
5889,2025-06-13,7,3,480.0,363.3,295.2,738,721
5890,2025-06-13,8,1,480.0,360.0,313.2,817,800
5891,2025-06-13,8,2,480.0,370.1,305.5,797,782
5892,2025-06-13,8,3,480.0,331.0,272.9,712,702
5893,2025-06-13,9,1,480.0,444.3,397.4,1255,1246
5894,2025-06-13,9,2,480.0,467.0,435.7,1376,1352
5895,2025-06-13,9,3,480.0,480.0,424.3,1340,1328
5896,2025-06-13,10,1,480.0,371.2,329.2,1317,1301
5897,2025-06-13,10,2,480.0,380.3,329.2,1317,1293
5898,2025-06-13,10,3,480.0,431.9,355.5,1422,1390
5899,2025-06-13,11,1,480.0,373.8,314.4,1078,1058
5900,2025-06-13,11,2,480.0,343.6,292.5,1003,980
5901,2025-06-13,11,3,480.0,324.0,269.5,924,902
5902,2025-06-13,12,1,480.0,472.6,417.3,1565,1540
5903,2025-06-13,12,2,480.0,457.0,400.0,1500,1480
5904,2025-06-13,12,3,480.0,339.4,293.3,1100,1083
5905,2025-06-14,1,1,480.0,405.0,361.2,1806,1804
5906,2025-06-14,1,2,480.0,420.5,363.2,1816,1790
5907,2025-06-14,1,3,447.0,398.3,351.2,1756,1737
5908,2025-06-14,2,1,480.0,392.6,348.6,1743,1730
5909,2025-06-14,2,2,480.0,268.0,239.8,1199,1178
5910,2025-06-14,2,3,443.2,347.4,294.8,1474,1457
5911,2025-06-14,3,1,480.0,470.7,402.8,1790,1744
5912,2025-06-14,3,2,480.0,282.7,235.8,1048,1028
5913,2025-06-14,3,3,480.0,322.5,257.9,1146,1127
5914,2025-06-14,4,1,480.0,415.3,366.2,2313,2302
5915,2025-06-14,4,2,480.0,467.1,432.7,2733,2727
5916,2025-06-14,4,3,480.0,475.6,425.9,2690,2679
5917,2025-06-14,5,1,480.0,478.5,411.6,1176,1155
5918,2025-06-14,5,2,480.0,399.4,354.6,1013,995
5919,2025-06-14,5,3,480.0,438.2,367.5,1050,1039
5920,2025-06-14,6,1,480.0,413.7,345.8,988,977
5921,2025-06-14,6,2,480.0,393.7,340.6,973,950
5922,2025-06-14,6,3,480.0,421.2,354.6,1013,988
5923,2025-06-14,7,1,480.0,288.8,236.0,590,572
5924,2025-06-14,7,2,480.0,297.2,238.8,597,580
5925,2025-06-14,7,3,480.0,440.4,345.2,863,841
5926,2025-06-14,8,1,480.0,413.7,349.2,911,892
5927,2025-06-14,8,2,480.0,382.5,332.4,867,847
5928,2025-06-14,8,3,448.7,315.4,253.0,660,646
5929,2025-06-14,9,1,480.0,384.8,342.9,1083,1074
5930,2025-06-14,9,2,480.0,269.2,238.8,754,746
5931,2025-06-14,9,3,480.0,351.9,302.1,954,946
5932,2025-06-14,10,1,480.0,430.8,383.2,1533,1508
5933,2025-06-14,10,2,480.0,396.3,345.2,1381,1352
5934,2025-06-14,10,3,480.0,474.2,410.0,1640,1619
5935,2025-06-14,11,1,480.0,423.9,364.9,1251,1221
5936,2025-06-14,11,2,480.0,248.2,206.2,707,690
5937,2025-06-14,11,3,480.0,220.2,183.8,630,618
5938,2025-06-14,12,1,480.0,472.1,407.5,1528,1509
5939,2025-06-14,12,2,480.0,437.0,376.5,1412,1386
5940,2025-06-14,12,3,480.0,457.9,378.7,1420,1387
5941,2025-06-15,1,1,480.0,405.9,350.8,1754,1735
5942,2025-06-15,1,2,480.0,414.8,355.8,1779,1758
5943,2025-06-15,1,3,438.5,414.3,357.6,1788,1764
5944,2025-06-15,2,1,480.0,452.3,406.4,2032,2012
5945,2025-06-15,2,2,480.0,412.4,360.2,1801,1768
5946,2025-06-15,2,3,480.0,397.9,347.6,1738,1709
5947,2025-06-15,3,1,480.0,212.0,172.6,767,753
5948,2025-06-15,3,2,480.0,442.8,376.6,1674,1633
5949,2025-06-15,3,3,480.0,463.5,379.4,1686,1644
5950,2025-06-15,4,1,480.0,474.0,427.2,2698,2690
5951,2025-06-15,4,2,480.0,474.3,445.2,2812,2767
5952,2025-06-15,4,3,480.0,452.5,406.3,2566,2549
5953,2025-06-15,5,1,480.0,437.8,377.6,1079,1055
5954,2025-06-15,5,2,480.0,388.3,320.9,917,898
5955,2025-06-15,5,3,480.0,480.0,400.1,1143,1122
5956,2025-06-15,6,1,480.0,302.8,255.2,729,719
5957,2025-06-15,6,2,480.0,432.2,383.2,1095,1079
5958,2025-06-15,6,3,480.0,325.6,262.5,750,733
5959,2025-06-15,7,1,480.0,416.4,332.4,831,808
5960,2025-06-15,7,2,480.0,350.8,288.4,721,702
5961,2025-06-15,7,3,480.0,366.5,286.0,715,696
5962,2025-06-15,8,1,480.0,420.7,345.4,901,883
5963,2025-06-15,8,2,480.0,418.0,352.3,919,895
5964,2025-06-15,8,3,480.0,383.1,313.6,818,797
5965,2025-06-15,9,1,480.0,444.7,387.0,1222,1203
5966,2025-06-15,9,2,480.0,480.0,416.4,1315,1285
5967,2025-06-15,9,3,438.2,325.6,286.9,906,894
5968,2025-06-15,10,1,480.0,372.7,323.0,1292,1270
5969,2025-06-15,10,2,480.0,423.3,375.5,1502,1471
5970,2025-06-15,10,3,480.0,368.6,318.8,1275,1252
5971,2025-06-15,11,1,480.0,416.0,365.5,1253,1220
5972,2025-06-15,11,2,480.0,467.0,397.8,1364,1326
5973,2025-06-15,11,3,480.0,299.1,251.1,861,842
5974,2025-06-15,12,1,480.0,435.1,370.4,1389,1371
5975,2025-06-15,12,2,480.0,443.2,390.7,1465,1444
5976,2025-06-15,12,3,480.0,415.2,363.2,1362,1341
5977,2025-06-16,1,1,480.0,448.7,401.6,2008,1983
5978,2025-06-16,1,2,480.0,447.4,400.6,2003,1984
5979,2025-06-16,1,3,480.0,414.5,372.4,1862,1843
5980,2025-06-16,2,1,480.0,383.7,321.6,1608,1585
5981,2025-06-16,2,2,480.0,459.8,404.2,2021,2003
5982,2025-06-16,2,3,480.0,442.8,382.4,1912,1889
5983,2025-06-16,3,1,480.0,384.0,320.6,1425,1388
5984,2025-06-16,3,2,480.0,402.5,335.0,1489,1456
5985,2025-06-16,3,3,480.0,418.7,338.4,1504,1481
5986,2025-06-16,4,1,480.0,372.1,339.1,2142,2117
5987,2025-06-16,4,2,480.0,447.7,413.9,2614,2584
5988,2025-06-16,4,3,480.0,454.2,396.6,2505,2485
5989,2025-06-16,5,1,480.0,386.3,336.7,962,941
5990,2025-06-16,5,2,480.0,454.1,399.0,1140,1116
5991,2025-06-16,5,3,480.0,421.7,359.4,1027,1007
5992,2025-06-16,6,1,480.0,411.1,353.9,1011,987
5993,2025-06-16,6,2,480.0,391.9,343.4,981,956
5994,2025-06-16,6,3,480.0,389.4,325.9,931,914
5995,2025-06-16,7,1,480.0,374.8,305.2,763,741
5996,2025-06-16,7,2,480.0,371.2,300.8,752,734
5997,2025-06-16,7,3,480.0,381.2,298.0,745,724
5998,2025-06-16,8,1,480.0,258.2,225.0,587,574
5999,2025-06-16,8,2,480.0,405.9,346.5,904,881
6000,2025-06-16,8,3,480.0,391.9,328.1,856,837
6001,2025-06-16,9,1,480.0,466.3,419.6,1325,1308
6002,2025-06-16,9,2,480.0,442.3,395.8,1250,1242
6003,2025-06-16,9,3,446.3,437.8,375.9,1187,1168
6004,2025-06-16,10,1,480.0,413.3,348.8,1395,1369
6005,2025-06-16,10,2,480.0,366.4,318.5,1274,1255
6006,2025-06-16,10,3,480.0,399.8,338.8,1355,1341
6007,2025-06-16,11,1,480.0,327.5,287.9,987,964
6008,2025-06-16,11,2,480.0,423.9,356.1,1221,1195
6009,2025-06-16,11,3,480.0,315.5,253.5,869,855
6010,2025-06-16,12,1,480.0,467.7,413.1,1549,1524
6011,2025-06-16,12,2,480.0,449.2,400.5,1502,1488
6012,2025-06-16,12,3,480.0,416.8,353.1,1324,1301
6013,2025-06-17,1,1,480.0,372.8,337.6,1688,1677
6014,2025-06-17,1,2,480.0,465.4,432.4,2162,2145
6015,2025-06-17,1,3,480.0,467.0,405.8,2029,2005
6016,2025-06-17,2,1,480.0,480.0,438.4,2192,2164
6017,2025-06-17,2,2,480.0,480.0,423.0,2115,2080
6018,2025-06-17,2,3,480.0,434.2,361.6,1808,1779
6019,2025-06-17,3,1,480.0,467.0,394.9,1755,1712
6020,2025-06-17,3,2,480.0,381.9,319.5,1420,1380
6021,2025-06-17,3,3,480.0,429.2,346.9,1542,1506
6022,2025-06-17,4,1,480.0,372.3,335.8,2121,2094
6023,2025-06-17,4,2,480.0,455.1,420.1,2653,2637
6024,2025-06-17,4,3,480.0,429.1,385.2,2433,2409
6025,2025-06-17,5,1,480.0,400.4,336.4,961,940
6026,2025-06-17,5,2,480.0,445.4,385.0,1100,1085
6027,2025-06-17,5,3,480.0,441.0,373.4,1067,1055
6028,2025-06-17,6,1,480.0,442.5,376.9,1077,1056
6029,2025-06-17,6,2,480.0,454.1,382.9,1094,1067
6030,2025-06-17,6,3,480.0,304.3,250.2,715,706
6031,2025-06-17,7,1,480.0,453.1,363.2,908,882
6032,2025-06-17,7,2,480.0,398.2,335.2,838,811
6033,2025-06-17,7,3,480.0,393.9,322.0,805,784
6034,2025-06-17,8,1,480.0,376.2,320.5,836,819
6035,2025-06-17,8,2,480.0,338.5,282.9,738,725
6036,2025-06-17,8,3,480.0,285.1,243.0,634,622
6037,2025-06-17,9,1,480.0,464.1,412.9,1304,1281
6038,2025-06-17,9,2,480.0,444.1,401.5,1268,1246
6039,2025-06-17,9,3,480.0,453.1,408.8,1291,1274
6040,2025-06-17,10,1,480.0,331.2,287.5,1150,1124
6041,2025-06-17,10,2,480.0,431.0,371.0,1484,1453
6042,2025-06-17,10,3,480.0,378.6,321.5,1286,1271
6043,2025-06-17,11,1,480.0,443.6,357.0,1224,1204
6044,2025-06-17,11,2,480.0,322.6,268.3,920,898
6045,2025-06-17,11,3,480.0,348.4,291.1,998,975
6046,2025-06-17,12,1,480.0,468.0,418.4,1569,1544
6047,2025-06-17,12,2,480.0,465.5,397.1,1489,1474
6048,2025-06-17,12,3,480.0,463.5,404.3,1516,1486
6049,2025-06-18,1,1,480.0,480.0,412.2,2061,2040
6050,2025-06-18,1,2,480.0,470.7,413.6,2068,2041
6051,2025-06-18,1,3,480.0,414.7,358.6,1793,1773
6052,2025-06-18,2,1,480.0,473.7,420.6,2103,2069
6053,2025-06-18,2,2,480.0,414.8,368.8,1844,1811
6054,2025-06-18,2,3,480.0,403.7,334.8,1674,1660
6055,2025-06-18,3,1,480.0,399.6,327.4,1455,1421
6056,2025-06-18,3,2,480.0,264.4,221.2,983,967
6057,2025-06-18,3,3,480.0,381.6,318.4,1415,1389
6058,2025-06-18,4,1,480.0,480.0,442.2,2793,2761
6059,2025-06-18,4,2,480.0,479.3,437.2,2761,2732
6060,2025-06-18,4,3,480.0,480.0,439.2,2774,2737
6061,2025-06-18,5,1,480.0,450.6,382.9,1094,1079
6062,2025-06-18,5,2,480.0,429.1,371.7,1062,1040
6063,2025-06-18,5,3,480.0,439.6,365.8,1045,1027
6064,2025-06-18,6,1,480.0,389.8,341.2,975,954
6065,2025-06-18,6,2,480.0,324.7,271.2,775,760
6066,2025-06-18,6,3,480.0,455.9,384.3,1098,1078
6067,2025-06-18,7,1,480.0,383.7,319.2,798,781
6068,2025-06-18,7,2,480.0,425.6,350.4,876,848
6069,2025-06-18,7,3,480.0,405.3,318.0,795,773
6070,2025-06-18,8,1,480.0,391.2,336.6,878,857
6071,2025-06-18,8,2,480.0,357.8,302.8,790,775
6072,2025-06-18,8,3,480.0,406.4,335.8,876,858
6073,2025-06-18,9,1,305.2,217.0,196.0,619,610
6074,2025-06-18,9,2,480.0,400.9,372.4,1176,1166
6075,2025-06-18,9,3,480.0,461.3,393.3,1242,1229
6076,2025-06-18,10,1,480.0,389.5,331.8,1327,1305
6077,2025-06-18,10,2,480.0,454.7,398.5,1594,1582
6078,2025-06-18,10,3,480.0,441.8,372.0,1488,1455
6079,2025-06-18,11,1,480.0,381.0,309.8,1062,1041
6080,2025-06-18,11,2,480.0,469.2,402.2,1379,1347
6081,2025-06-18,11,3,440.2,133.6,110.2,378,369
6082,2025-06-18,12,1,480.0,437.5,392.3,1471,1453
6083,2025-06-18,12,2,480.0,452.4,378.9,1421,1403
6084,2025-06-18,12,3,480.0,430.8,370.7,1390,1370
6085,2025-06-19,1,1,480.0,454.8,407.6,2038,2002
6086,2025-06-19,1,2,480.0,461.3,393.0,1965,1930
6087,2025-06-19,1,3,480.0,475.0,421.0,2105,2075
6088,2025-06-19,2,1,480.0,463.0,412.8,2064,2032
6089,2025-06-19,2,2,480.0,442.9,400.2,2001,1982
6090,2025-06-19,2,3,480.0,452.3,386.6,1933,1911
6091,2025-06-19,3,1,480.0,202.6,168.1,747,732
6092,2025-06-19,3,2,480.0,381.5,318.1,1414,1385
6093,2025-06-19,3,3,480.0,374.2,302.2,1343,1317
6094,2025-06-19,4,1,480.0,465.5,432.4,2731,2708
6095,2025-06-19,4,2,480.0,454.2,412.5,2605,2579
6096,2025-06-19,4,3,480.0,419.9,363.9,2298,2280
6097,2025-06-19,5,1,480.0,421.9,370.3,1058,1038
6098,2025-06-19,5,2,480.0,461.4,387.8,1108,1077
6099,2025-06-19,5,3,480.0,311.2,263.6,753,735
6100,2025-06-19,6,1,480.0,370.0,312.9,894,878
6101,2025-06-19,6,2,480.0,457.6,388.5,1110,1082
6102,2025-06-19,6,3,480.0,393.2,327.9,937,911
6103,2025-06-19,7,1,480.0,267.7,213.6,534,519
6104,2025-06-19,7,2,480.0,352.5,290.0,725,705
6105,2025-06-19,7,3,480.0,268.0,214.8,537,522
6106,2025-06-19,8,1,480.0,432.2,348.4,909,884
6107,2025-06-19,8,2,480.0,421.2,356.9,931,916
6108,2025-06-19,8,3,480.0,353.0,289.0,754,740
6109,2025-06-19,9,1,480.0,470.7,440.5,1391,1378
6110,2025-06-19,9,2,480.0,378.7,340.1,1074,1066
6111,2025-06-19,9,3,480.0,463.4,406.0,1282,1259
6112,2025-06-19,10,1,480.0,419.6,358.0,1432,1418
6113,2025-06-19,10,2,480.0,405.5,360.2,1441,1417
6114,2025-06-19,10,3,480.0,386.4,324.2,1297,1273
6115,2025-06-19,11,1,480.0,402.7,345.3,1184,1160
6116,2025-06-19,11,2,480.0,477.3,394.9,1354,1324
6117,2025-06-19,11,3,480.0,334.5,278.8,956,937
6118,2025-06-19,12,1,480.0,385.9,338.7,1270,1250
6119,2025-06-19,12,2,480.0,413.0,374.1,1403,1379
6120,2025-06-19,12,3,480.0,416.6,371.5,1393,1374
6121,2025-06-20,1,1,480.0,480.0,414.8,2074,2053
6122,2025-06-20,1,2,480.0,465.0,416.6,2083,2052
6123,2025-06-20,1,3,480.0,358.5,307.6,1538,1523
6124,2025-06-20,2,1,480.0,437.4,389.2,1946,1909
6125,2025-06-20,2,2,480.0,402.8,357.4,1787,1764
6126,2025-06-20,2,3,480.0,437.5,370.6,1853,1833
6127,2025-06-20,3,1,480.0,226.7,186.1,827,808
6128,2025-06-20,3,2,480.0,388.6,325.4,1446,1415
6129,2025-06-20,3,3,480.0,351.2,275.2,1223,1195
6130,2025-06-20,4,1,480.0,469.9,430.2,2717,2676
6131,2025-06-20,4,2,480.0,428.0,384.6,2429,2414
6132,2025-06-20,4,3,480.0,448.9,387.8,2449,2431
6133,2025-06-20,5,1,480.0,418.5,347.2,992,978
6134,2025-06-20,5,2,480.0,337.5,294.0,840,825
6135,2025-06-20,5,3,480.0,422.4,350.7,1002,982
6136,2025-06-20,6,1,480.0,400.5,339.5,970,959
6137,2025-06-20,6,2,480.0,435.5,354.6,1013,1003
6138,2025-06-20,6,3,480.0,437.5,354.2,1012,990
6139,2025-06-20,7,1,480.0,415.5,340.8,852,829
6140,2025-06-20,7,2,480.0,385.1,314.0,785,765
6141,2025-06-20,7,3,480.0,371.7,295.2,738,720
6142,2025-06-20,8,1,480.0,288.0,240.0,626,617
6143,2025-06-20,8,2,480.0,439.3,371.4,969,948
6144,2025-06-20,8,3,480.0,391.5,315.5,823,799
6145,2025-06-20,9,1,480.0,449.5,394.6,1246,1228
6146,2025-06-20,9,2,480.0,396.5,352.4,1113,1098
6147,2025-06-20,9,3,480.0,203.8,174.2,550,543
6148,2025-06-20,10,1,480.0,435.0,389.8,1559,1539
6149,2025-06-20,10,2,480.0,480.0,412.0,1648,1616
6150,2025-06-20,10,3,480.0,477.1,398.8,1595,1562
6151,2025-06-20,11,1,480.0,454.0,390.2,1338,1312
6152,2025-06-20,11,2,480.0,478.9,418.5,1435,1390
6153,2025-06-20,11,3,480.0,250.7,210.0,720,703
6154,2025-06-20,12,1,480.0,323.5,286.7,1075,1056
6155,2025-06-20,12,2,480.0,480.0,438.4,1644,1625
6156,2025-06-20,12,3,480.0,462.8,397.1,1489,1475
6157,2025-06-21,1,1,480.0,368.2,321.4,1607,1576
6158,2025-06-21,1,2,480.0,397.5,352.6,1763,1733
6159,2025-06-21,1,3,480.0,365.6,315.6,1578,1560
6160,2025-06-21,2,1,480.0,436.2,367.2,1836,1811
6161,2025-06-21,2,2,480.0,461.6,409.2,2046,2003
6162,2025-06-21,2,3,480.0,472.0,400.2,2001,1971
6163,2025-06-21,3,1,480.0,351.3,299.9,1333,1303
6164,2025-06-21,3,2,480.0,391.7,329.6,1465,1430
6165,2025-06-21,3,3,480.0,430.1,339.3,1508,1481
6166,2025-06-21,4,1,480.0,405.3,367.8,2323,2294
6167,2025-06-21,4,2,480.0,480.0,449.8,2841,2821
6168,2025-06-21,4,3,480.0,445.1,406.6,2568,2533
6169,2025-06-21,5,1,480.0,385.8,323.4,924,907
6170,2025-06-21,5,2,480.0,457.5,399.0,1140,1111
6171,2025-06-21,5,3,447.3,420.5,343.0,980,965
6172,2025-06-21,6,1,480.0,420.5,354.9,1014,987
6173,2025-06-21,6,2,480.0,431.7,367.9,1051,1032
6174,2025-06-21,6,3,480.0,359.2,298.9,854,833
6175,2025-06-21,7,1,480.0,334.9,268.8,672,658
6176,2025-06-21,7,2,480.0,413.2,344.0,860,836
6177,2025-06-21,7,3,480.0,380.4,296.4,741,724
6178,2025-06-21,8,1,480.0,457.7,389.9,1017,999
6179,2025-06-21,8,2,480.0,448.7,367.2,958,940
6180,2025-06-21,8,3,480.0,361.4,297.1,775,762
6181,2025-06-21,9,1,480.0,431.8,392.7,1240,1222
6182,2025-06-21,9,2,480.0,462.0,422.1,1333,1309
6183,2025-06-21,9,3,480.0,456.7,408.5,1290,1276
6184,2025-06-21,10,1,480.0,480.0,409.8,1639,1607
6185,2025-06-21,10,2,480.0,469.8,399.8,1599,1571
6186,2025-06-21,10,3,480.0,402.7,331.2,1325,1307
6187,2025-06-21,11,1,480.0,381.7,317.0,1087,1060
6188,2025-06-21,11,2,480.0,392.6,337.8,1158,1128
6189,2025-06-21,11,3,480.0,395.9,330.8,1134,1112
6190,2025-06-21,12,1,480.0,441.9,385.1,1444,1417
6191,2025-06-21,12,2,480.0,430.6,388.5,1457,1436
6192,2025-06-21,12,3,480.0,382.3,321.6,1206,1189
6193,2025-06-22,1,1,480.0,401.2,363.8,1819,1797
6194,2025-06-22,1,2,480.0,480.0,423.0,2115,2102
6195,2025-06-22,1,3,480.0,435.7,378.6,1893,1859
6196,2025-06-22,2,1,480.0,424.4,379.2,1896,1881
6197,2025-06-22,2,2,480.0,436.8,392.0,1960,1930
6198,2025-06-22,2,3,480.0,453.2,390.8,1954,1939
6199,2025-06-22,3,1,480.0,341.0,279.2,1241,1219
6200,2025-06-22,3,2,480.0,398.4,325.4,1446,1424
6201,2025-06-22,3,3,480.0,319.3,257.6,1145,1117
6202,2025-06-22,4,1,480.0,480.0,438.1,2767,2719
6203,2025-06-22,4,2,480.0,474.3,437.2,2761,2721
6204,2025-06-22,4,3,480.0,381.4,335.7,2120,2097
6205,2025-06-22,5,1,480.0,456.0,393.8,1125,1112
6206,2025-06-22,5,2,480.0,430.3,373.4,1067,1050
6207,2025-06-22,5,3,480.0,426.1,362.9,1037,1020
6208,2025-06-22,6,1,480.0,475.5,387.4,1107,1086
6209,2025-06-22,6,2,480.0,466.8,393.1,1123,1094
6210,2025-06-22,6,3,480.0,345.4,281.8,805,786
6211,2025-06-22,7,1,480.0,321.7,258.4,646,629
6212,2025-06-22,7,2,480.0,292.5,243.2,608,591
6213,2025-06-22,7,3,480.0,377.6,307.2,768,745
6214,2025-06-22,8,1,480.0,411.9,345.0,900,878
6215,2025-06-22,8,2,480.0,295.0,251.8,657,640
6216,2025-06-22,8,3,480.0,428.9,351.5,917,894
6217,2025-06-22,9,1,480.0,444.3,389.5,1230,1209
6218,2025-06-22,9,2,480.0,480.0,437.9,1383,1363
6219,2025-06-22,9,3,451.2,420.5,369.2,1166,1162
6220,2025-06-22,10,1,480.0,396.5,341.2,1365,1344
6221,2025-06-22,10,2,480.0,414.3,359.5,1438,1404
6222,2025-06-22,10,3,480.0,438.9,368.0,1472,1451
6223,2025-06-22,11,1,480.0,461.0,399.6,1370,1340
6224,2025-06-22,11,2,480.0,347.0,287.0,984,961
6225,2025-06-22,11,3,480.0,341.3,271.5,931,909
6226,2025-06-22,12,1,480.0,399.7,357.1,1339,1319
6227,2025-06-22,12,2,480.0,429.3,371.7,1394,1388
6228,2025-06-22,12,3,480.0,438.2,360.8,1353,1333
6229,2025-06-23,1,1,480.0,418.6,382.0,1910,1887
6230,2025-06-23,1,2,480.0,448.9,385.2,1926,1907
6231,2025-06-23,1,3,480.0,353.5,305.0,1525,1498
6232,2025-06-23,2,1,480.0,389.3,357.4,1787,1763
6233,2025-06-23,2,2,480.0,424.8,371.4,1857,1834
6234,2025-06-23,2,3,450.9,450.9,387.8,1939,1909
6235,2025-06-23,3,1,480.0,331.7,272.9,1213,1188
6236,2025-06-23,3,2,480.0,300.8,254.5,1131,1110
6237,2025-06-23,3,3,480.0,399.9,310.3,1379,1355
6238,2025-06-23,4,1,480.0,480.0,434.8,2746,2743
6239,2025-06-23,4,2,480.0,462.7,417.1,2634,2613
6240,2025-06-23,4,3,480.0,480.0,424.2,2679,2674
6241,2025-06-23,5,1,480.0,480.0,403.2,1152,1128
6242,2025-06-23,5,2,480.0,406.5,355.6,1016,1001
6243,2025-06-23,5,3,480.0,424.6,348.6,996,983
6244,2025-06-23,6,1,480.0,410.2,353.1,1009,993
6245,2025-06-23,6,2,480.0,380.0,328.6,939,920
6246,2025-06-23,6,3,480.0,439.3,365.1,1043,1018
6247,2025-06-23,7,1,480.0,418.0,340.0,850,823
6248,2025-06-23,7,2,480.0,437.0,359.2,898,876
6249,2025-06-23,7,3,480.0,396.0,314.4,786,767
6250,2025-06-23,8,1,480.0,279.7,239.2,624,615
6251,2025-06-23,8,2,480.0,407.1,341.6,891,873
6252,2025-06-23,8,3,444.2,388.4,313.6,818,801
6253,2025-06-23,9,1,480.0,480.0,434.8,1373,1357
6254,2025-06-23,9,2,480.0,467.1,412.6,1303,1274
6255,2025-06-23,9,3,480.0,361.9,308.1,973,963
6256,2025-06-23,10,1,480.0,454.7,402.5,1610,1584
6257,2025-06-23,10,2,480.0,432.9,372.5,1490,1467
6258,2025-06-23,10,3,480.0,478.2,402.0,1608,1588
6259,2025-06-23,11,1,480.0,428.0,365.5,1253,1224
6260,2025-06-23,11,2,480.0,264.3,224.9,771,761
6261,2025-06-23,11,3,480.0,404.8,325.2,1115,1091
6262,2025-06-23,12,1,480.0,456.9,416.0,1560,1545
6263,2025-06-23,12,2,480.0,451.1,409.9,1537,1521
6264,2025-06-23,12,3,480.0,407.1,345.9,1297,1274
6265,2025-06-24,1,1,480.0,388.2,352.0,1760,1746
6266,2025-06-24,1,2,480.0,462.5,419.4,2097,2058
6267,2025-06-24,1,3,446.6,436.4,376.4,1882,1859
6268,2025-06-24,2,1,480.0,462.8,415.8,2079,2057
6269,2025-06-24,2,2,480.0,371.2,323.8,1619,1594
6270,2025-06-24,2,3,480.0,413.2,360.0,1800,1774
6271,2025-06-24,3,1,480.0,439.2,354.1,1574,1535
6272,2025-06-24,3,2,480.0,456.9,379.1,1685,1646
6273,2025-06-24,3,3,480.0,393.8,317.7,1412,1386
6274,2025-06-24,4,1,480.0,417.6,387.3,2446,2409
6275,2025-06-24,4,2,480.0,480.0,442.5,2795,2770
6276,2025-06-24,4,3,480.0,480.0,428.6,2707,2660
6277,2025-06-24,5,1,480.0,461.9,405.6,1159,1136
6278,2025-06-24,5,2,480.0,392.4,348.6,996,980
6279,2025-06-24,5,3,480.0,424.7,360.5,1030,1013
6280,2025-06-24,6,1,480.0,420.4,343.0,980,965
6281,2025-06-24,6,2,480.0,480.0,417.6,1193,1172
6282,2025-06-24,6,3,480.0,355.3,292.9,837,815
6283,2025-06-24,7,1,480.0,374.3,301.6,754,737
6284,2025-06-24,7,2,480.0,271.6,216.8,542,528
6285,2025-06-24,7,3,480.0,418.8,332.4,831,806
6286,2025-06-24,8,1,480.0,399.2,326.2,851,835
6287,2025-06-24,8,2,480.0,436.8,373.4,974,948
6288,2025-06-24,8,3,480.0,387.6,318.9,832,814
6289,2025-06-24,9,1,480.0,480.0,430.0,1358,1346
6290,2025-06-24,9,2,480.0,399.3,362.6,1145,1132
6291,2025-06-24,9,3,480.0,442.7,392.4,1239,1216
6292,2025-06-24,10,1,480.0,454.1,404.5,1618,1594
6293,2025-06-24,10,2,480.0,394.9,340.5,1362,1334
6294,2025-06-24,10,3,480.0,370.3,307.0,1228,1208
6295,2025-06-24,11,1,480.0,394.6,338.0,1159,1133
6296,2025-06-24,11,2,480.0,429.6,364.6,1250,1216
6297,2025-06-24,11,3,480.0,399.9,325.5,1116,1093
6298,2025-06-24,12,1,480.0,459.3,404.5,1517,1486
6299,2025-06-24,12,2,480.0,379.0,323.2,1212,1188
6300,2025-06-24,12,3,480.0,424.0,361.6,1356,1336
6301,2025-06-25,1,1,480.0,328.9,298.0,1490,1488
6302,2025-06-25,1,2,480.0,478.6,439.0,2195,2173
6303,2025-06-25,1,3,480.0,467.4,405.0,2025,2007
6304,2025-06-25,2,1,480.0,386.2,344.0,1720,1693
6305,2025-06-25,2,2,480.0,360.7,322.2,1611,1574
6306,2025-06-25,2,3,480.0,333.6,289.6,1448,1434
6307,2025-06-25,3,1,480.0,368.4,303.5,1349,1326
6308,2025-06-25,3,2,480.0,401.2,339.3,1508,1479
6309,2025-06-25,3,3,480.0,289.0,242.8,1079,1057
6310,2025-06-25,4,1,480.0,450.4,404.4,2554,2509
6311,2025-06-25,4,2,480.0,432.3,389.2,2458,2432
6312,2025-06-25,4,3,480.0,450.6,395.0,2495,2467
6313,2025-06-25,5,1,480.0,450.9,388.5,1110,1091
6314,2025-06-25,5,2,480.0,372.0,316.4,904,882
6315,2025-06-25,5,3,480.0,261.2,224.0,640,627
6316,2025-06-25,6,1,480.0,434.2,381.1,1089,1064
6317,2025-06-25,6,2,480.0,454.6,405.3,1158,1129
6318,2025-06-25,6,3,480.0,395.4,329.0,940,918
6319,2025-06-25,7,1,480.0,349.4,290.8,727,709
6320,2025-06-25,7,2,480.0,299.5,242.4,606,591
6321,2025-06-25,7,3,480.0,286.9,223.2,558,544
6322,2025-06-25,8,1,480.0,356.8,297.9,777,766
6323,2025-06-25,8,2,480.0,377.7,319.3,833,821
6324,2025-06-25,8,3,480.0,346.2,291.3,760,744
6325,2025-06-25,9,1,480.0,462.3,399.6,1262,1249
6326,2025-06-25,9,2,480.0,384.6,344.9,1089,1075
6327,2025-06-25,9,3,480.0,480.0,419.9,1326,1299
6328,2025-06-25,10,1,480.0,436.6,383.0,1532,1508
6329,2025-06-25,10,2,480.0,412.9,361.5,1446,1428
6330,2025-06-25,10,3,480.0,354.2,304.5,1218,1194
6331,2025-06-25,11,1,480.0,442.3,380.9,1306,1282
6332,2025-06-25,11,2,480.0,404.2,358.8,1230,1193
6333,2025-06-25,11,3,480.0,362.7,301.6,1034,1009
6334,2025-06-25,12,1,480.0,236.4,205.3,770,760
6335,2025-06-25,12,2,480.0,462.5,406.1,1523,1498
6336,2025-06-25,12,3,442.4,340.4,294.7,1105,1095
6337,2025-06-26,1,1,480.0,464.1,414.2,2071,2040
6338,2025-06-26,1,2,480.0,408.5,366.6,1833,1813
6339,2025-06-26,1,3,480.0,477.1,414.6,2073,2044
6340,2025-06-26,2,1,480.0,407.6,348.0,1740,1719
6341,2025-06-26,2,2,480.0,466.0,400.2,2001,1981
6342,2025-06-26,2,3,480.0,316.9,274.6,1373,1344
6343,2025-06-26,3,1,480.0,409.3,342.7,1523,1496
6344,2025-06-26,3,2,480.0,412.6,353.5,1571,1544
6345,2025-06-26,3,3,480.0,331.7,259.4,1153,1129
6346,2025-06-26,4,1,480.0,480.0,427.2,2698,2695
6347,2025-06-26,4,2,480.0,395.8,371.0,2343,2315
6348,2025-06-26,4,3,480.0,384.5,334.9,2115,2095
6349,2025-06-26,5,1,480.0,398.4,339.5,970,947
6350,2025-06-26,5,2,480.0,465.1,400.8,1145,1126
6351,2025-06-26,5,3,480.0,348.9,285.9,817,798
6352,2025-06-26,6,1,480.0,281.3,234.8,671,655
6353,2025-06-26,6,2,480.0,471.9,409.1,1169,1142
6354,2025-06-26,6,3,480.0,417.9,342.6,979,958
6355,2025-06-26,7,1,480.0,435.8,343.2,858,834
6356,2025-06-26,7,2,480.0,330.8,269.6,674,654
6357,2025-06-26,7,3,480.0,313.7,243.6,609,596
6358,2025-06-26,8,1,480.0,325.0,276.0,720,705
6359,2025-06-26,8,2,480.0,394.9,327.4,854,840
6360,2025-06-26,8,3,480.0,248.5,198.2,517,505
6361,2025-06-26,9,1,480.0,426.2,392.0,1238,1214
6362,2025-06-26,9,2,480.0,447.4,403.1,1273,1261
6363,2025-06-26,9,3,480.0,422.4,355.6,1123,1114
6364,2025-06-26,10,1,480.0,422.2,369.8,1479,1455
6365,2025-06-26,10,2,480.0,386.5,321.2,1285,1266
6366,2025-06-26,10,3,480.0,441.5,358.0,1432,1413
6367,2025-06-26,11,1,480.0,363.0,294.6,1010,980
6368,2025-06-26,11,2,480.0,294.2,246.2,844,824
6369,2025-06-26,11,3,480.0,424.5,350.0,1200,1169
6370,2025-06-26,12,1,480.0,336.6,293.3,1100,1078
6371,2025-06-26,12,2,480.0,469.6,405.9,1522,1501
6372,2025-06-26,12,3,480.0,433.0,375.2,1407,1383
6373,2025-06-27,1,1,335.6,294.2,267.2,1336,1328
6374,2025-06-27,1,2,480.0,414.2,366.6,1833,1806
6375,2025-06-27,1,3,480.0,469.6,408.6,2043,2023
6376,2025-06-27,2,1,480.0,432.4,382.6,1913,1882
6377,2025-06-27,2,2,480.0,346.9,311.4,1557,1532
6378,2025-06-27,2,3,480.0,437.5,375.0,1875,1851
6379,2025-06-27,3,1,480.0,471.5,404.3,1797,1770
6380,2025-06-27,3,2,480.0,411.5,339.8,1510,1471
6381,2025-06-27,3,3,480.0,367.6,296.6,1318,1297
6382,2025-06-27,4,1,480.0,480.0,435.9,2753,2718
6383,2025-06-27,4,2,480.0,451.7,413.2,2610,2571
6384,2025-06-27,4,3,480.0,480.0,432.1,2729,2685
6385,2025-06-27,5,1,480.0,406.6,352.1,1006,991
6386,2025-06-27,5,2,480.0,464.7,401.4,1147,1125
6387,2025-06-27,5,3,480.0,444.1,366.8,1048,1026
6388,2025-06-27,6,1,480.0,383.2,318.5,910,897
6389,2025-06-27,6,2,480.0,366.7,319.6,913,891
6390,2025-06-27,6,3,440.7,365.5,301.7,862,842
6391,2025-06-27,7,1,480.0,245.4,206.4,516,504
6392,2025-06-27,7,2,480.0,309.2,252.4,631,614
6393,2025-06-27,7,3,480.0,298.4,229.6,574,563
6394,2025-06-27,8,1,480.0,400.0,344.6,899,879
6395,2025-06-27,8,2,480.0,392.6,346.5,904,883
6396,2025-06-27,8,3,480.0,418.3,345.4,901,882
6397,2025-06-27,9,1,480.0,419.3,374.6,1183,1169
6398,2025-06-27,9,2,480.0,378.4,347.1,1096,1070
6399,2025-06-27,9,3,480.0,480.0,417.1,1317,1301
6400,2025-06-27,10,1,480.0,401.6,354.0,1416,1402
6401,2025-06-27,10,2,480.0,460.0,410.5,1642,1618
6402,2025-06-27,10,3,480.0,290.0,240.2,961,946
6403,2025-06-27,11,1,480.0,440.8,378.9,1299,1276
6404,2025-06-27,11,2,480.0,418.2,369.0,1265,1234
6405,2025-06-27,11,3,480.0,355.9,295.2,1012,989
6406,2025-06-27,12,1,480.0,386.2,344.8,1293,1279
6407,2025-06-27,12,2,480.0,430.3,389.9,1462,1443
6408,2025-06-27,12,3,480.0,480.0,401.3,1505,1482
6409,2025-06-28,1,1,480.0,422.5,368.0,1840,1821
6410,2025-06-28,1,2,480.0,332.0,301.0,1505,1487
6411,2025-06-28,1,3,480.0,433.4,368.4,1842,1823
6412,2025-06-28,2,1,480.0,336.6,295.2,1476,1465
6413,2025-06-28,2,2,480.0,412.6,364.4,1822,1787
6414,2025-06-28,2,3,480.0,434.5,359.6,1798,1779
6415,2025-06-28,3,1,480.0,264.3,228.6,1016,999
6416,2025-06-28,3,2,480.0,433.5,367.0,1631,1586
6417,2025-06-28,3,3,442.2,368.3,304.4,1353,1327
6418,2025-06-28,4,1,480.0,443.2,388.4,2453,2422
6419,2025-06-28,4,2,480.0,473.8,431.6,2726,2711
6420,2025-06-28,4,3,480.0,446.3,399.2,2521,2506
6421,2025-06-28,5,1,480.0,366.3,320.2,915,898
6422,2025-06-28,5,2,480.0,461.7,398.6,1139,1125
6423,2025-06-28,5,3,480.0,242.6,203.3,581,572
6424,2025-06-28,6,1,480.0,464.8,399.0,1140,1114
6425,2025-06-28,6,2,480.0,480.0,416.5,1190,1171
6426,2025-06-28,6,3,480.0,376.8,305.6,873,859
6427,2025-06-28,7,1,480.0,392.9,314.8,787,764
6428,2025-06-28,7,2,480.0,418.0,334.4,836,816
6429,2025-06-28,7,3,480.0,316.1,238.8,597,581
6430,2025-06-28,8,1,480.0,418.9,368.8,962,942
6431,2025-06-28,8,2,480.0,268.8,239.6,625,605
6432,2025-06-28,8,3,480.0,436.1,358.8,936,919
6433,2025-06-28,9,1,480.0,370.3,344.2,1087,1073
6434,2025-06-28,9,2,480.0,458.8,414.8,1310,1289
6435,2025-06-28,9,3,480.0,416.4,353.7,1117,1102
6436,2025-06-28,10,1,480.0,343.6,296.5,1186,1168
6437,2025-06-28,10,2,480.0,384.2,336.8,1347,1329
6438,2025-06-28,10,3,480.0,444.0,370.0,1480,1455
6439,2025-06-28,11,1,480.0,353.5,291.1,998,975
6440,2025-06-28,11,2,480.0,402.5,352.3,1208,1178
6441,2025-06-28,11,3,480.0,477.2,383.0,1313,1282
6442,2025-06-28,12,1,480.0,461.2,405.9,1522,1488
6443,2025-06-28,12,2,480.0,453.0,411.2,1542,1510
6444,2025-06-28,12,3,480.0,480.0,419.2,1572,1554
6445,2025-06-29,1,1,480.0,417.8,382.2,1911,1884
6446,2025-06-29,1,2,480.0,466.6,415.2,2076,2063
6447,2025-06-29,1,3,480.0,416.9,366.0,1830,1803
6448,2025-06-29,2,1,480.0,453.6,395.8,1979,1940
6449,2025-06-29,2,2,480.0,412.3,366.2,1831,1801
6450,2025-06-29,2,3,480.0,466.1,403.2,2016,1986
6451,2025-06-29,3,1,480.0,305.4,251.6,1118,1097
6452,2025-06-29,3,2,480.0,420.8,358.6,1594,1562
6453,2025-06-29,3,3,437.8,377.2,305.8,1359,1323
6454,2025-06-29,4,1,480.0,456.5,418.5,2643,2610
6455,2025-06-29,4,2,480.0,407.0,376.8,2380,2362
6456,2025-06-29,4,3,480.0,425.9,385.9,2437,2388
6457,2025-06-29,5,1,480.0,460.9,408.4,1167,1145
6458,2025-06-29,5,2,480.0,407.9,368.6,1053,1031
6459,2025-06-29,5,3,480.0,339.9,289.4,827,809
6460,2025-06-29,6,1,480.0,354.5,295.4,844,829
6461,2025-06-29,6,2,480.0,370.5,317.1,906,884
6462,2025-06-29,6,3,480.0,395.7,317.8,908,890
6463,2025-06-29,7,1,480.0,298.2,244.0,610,598
6464,2025-06-29,7,2,480.0,285.1,227.6,569,552
6465,2025-06-29,7,3,480.0,413.3,323.6,809,788
6466,2025-06-29,8,1,480.0,335.5,283.7,740,723
6467,2025-06-29,8,2,480.0,315.6,273.7,714,701
6468,2025-06-29,8,3,480.0,394.6,325.1,848,830
6469,2025-06-29,9,1,480.0,480.0,426.9,1348,1337
6470,2025-06-29,9,2,480.0,408.1,370.5,1170,1160
6471,2025-06-29,9,3,480.0,424.8,365.1,1153,1139
6472,2025-06-29,10,1,480.0,353.9,305.2,1221,1203
6473,2025-06-29,10,2,480.0,309.1,272.2,1089,1069
6474,2025-06-29,10,3,480.0,417.2,338.8,1355,1330
6475,2025-06-29,11,1,480.0,402.4,353.5,1212,1190
6476,2025-06-29,11,2,480.0,324.6,266.9,915,894
6477,2025-06-29,11,3,452.6,424.9,336.9,1155,1129
6478,2025-06-29,12,1,480.0,442.3,374.7,1405,1375
6479,2025-06-29,12,2,480.0,425.0,377.6,1416,1385
6480,2025-06-29,12,3,480.0,443.5,380.3,1426,1402
6481,2025-06-30,1,1,480.0,460.7,410.0,2050,2012
6482,2025-06-30,1,2,480.0,448.5,410.4,2052,2034
6483,2025-06-30,1,3,480.0,372.7,321.4,1607,1592
6484,2025-06-30,2,1,480.0,365.7,333.0,1665,1636
6485,2025-06-30,2,2,480.0,459.3,415.6,2078,2043
6486,2025-06-30,2,3,480.0,402.7,345.8,1729,1709
6487,2025-06-30,3,1,480.0,450.6,388.8,1728,1693
6488,2025-06-30,3,2,480.0,419.7,360.4,1602,1578
6489,2025-06-30,3,3,480.0,346.5,286.9,1275,1248
6490,2025-06-30,4,1,480.0,447.4,405.2,2559,2533
6491,2025-06-30,4,2,480.0,480.0,443.8,2803,2800
6492,2025-06-30,4,3,480.0,480.0,419.6,2650,2627
6493,2025-06-30,5,1,480.0,445.7,378.4,1081,1059
6494,2025-06-30,5,2,480.0,472.8,407.8,1165,1138
6495,2025-06-30,5,3,480.0,386.1,317.1,906,891
6496,2025-06-30,6,1,480.0,480.0,396.9,1134,1106
6497,2025-06-30,6,2,480.0,372.9,320.9,917,895
6498,2025-06-30,6,3,480.0,428.9,355.6,1016,992
6499,2025-06-30,7,1,480.0,343.3,281.6,704,690
6500,2025-06-30,7,2,480.0,192.7,152.0,380,372
6501,2025-06-30,7,3,480.0,353.3,278.0,695,677
6502,2025-06-30,8,1,480.0,429.7,356.1,929,910
6503,2025-06-30,8,2,480.0,387.8,330.4,862,843
6504,2025-06-30,8,3,480.0,434.5,366.9,957,937
6505,2025-06-30,9,1,480.0,370.6,340.7,1076,1063
6506,2025-06-30,9,2,480.0,470.9,422.8,1335,1315
6507,2025-06-30,9,3,480.0,413.4,354.0,1118,1105
6508,2025-06-30,10,1,480.0,309.2,268.5,1074,1052
6509,2025-06-30,10,2,480.0,388.7,332.5,1330,1297
6510,2025-06-30,10,3,480.0,148.9,126.8,507,500
6511,2025-06-30,11,1,480.0,432.6,363.7,1247,1218
6512,2025-06-30,11,2,480.0,437.7,376.0,1289,1258
6513,2025-06-30,11,3,480.0,433.2,342.7,1175,1150
6514,2025-06-30,12,1,480.0,364.0,329.6,1236,1218
6515,2025-06-30,12,2,480.0,448.4,405.6,1521,1507
6516,2025-06-30,12,3,480.0,465.6,396.0,1485,1462
6517,2025-07-01,1,1,480.0,469.4,422.6,2113,2081
6518,2025-07-01,1,2,480.0,471.2,407.8,2039,2020
6519,2025-07-01,1,3,480.0,412.1,350.0,1750,1725
6520,2025-07-01,2,1,480.0,355.1,309.8,1549,1529
6521,2025-07-01,2,2,480.0,458.8,393.2,1966,1952
6522,2025-07-01,2,3,480.0,460.2,383.6,1918,1884
6523,2025-07-01,3,1,480.0,298.5,248.8,1106,1080
6524,2025-07-01,3,2,480.0,414.0,340.9,1515,1476
6525,2025-07-01,3,3,480.0,383.5,307.1,1365,1340
6526,2025-07-01,4,1,480.0,451.1,395.4,2497,2470
6527,2025-07-01,4,2,480.0,463.0,429.7,2714,2674
6528,2025-07-01,4,3,480.0,480.0,426.6,2694,2681
6529,2025-07-01,5,1,480.0,396.3,340.2,972,954
6530,2025-07-01,5,2,480.0,354.7,308.4,881,865
6531,2025-07-01,5,3,480.0,408.4,344.8,985,960
6532,2025-07-01,6,1,480.0,342.3,295.4,844,824
6533,2025-07-01,6,2,480.0,412.9,343.0,980,957
6534,2025-07-01,6,3,441.2,322.4,275.1,786,778
6535,2025-07-01,7,1,480.0,354.2,286.8,717,700
6536,2025-07-01,7,2,480.0,216.3,176.0,440,426
6537,2025-07-01,7,3,480.0,375.4,292.4,731,708
6538,2025-07-01,8,1,480.0,377.1,318.2,830,814
6539,2025-07-01,8,2,480.0,449.1,382.2,997,974
6540,2025-07-01,8,3,480.0,270.8,228.8,597,583
6541,2025-07-01,9,1,480.0,414.8,386.6,1221,1204
6542,2025-07-01,9,2,480.0,480.0,444.9,1405,1378
6543,2025-07-01,9,3,480.0,347.8,299.9,947,935
6544,2025-07-01,10,1,480.0,332.0,284.8,1139,1121
6545,2025-07-01,10,2,480.0,433.2,373.0,1492,1462
6546,2025-07-01,10,3,480.0,457.3,388.2,1553,1542
6547,2025-07-01,11,1,480.0,408.3,347.4,1191,1161
6548,2025-07-01,11,2,480.0,383.8,321.4,1102,1078
6549,2025-07-01,11,3,480.0,415.4,341.2,1170,1149
6550,2025-07-01,12,1,480.0,476.0,421.1,1579,1553
6551,2025-07-01,12,2,480.0,465.6,426.7,1600,1579
6552,2025-07-01,12,3,480.0,411.1,351.7,1319,1306
6553,2025-07-02,1,1,480.0,399.7,347.4,1737,1717
6554,2025-07-02,1,2,480.0,441.4,385.8,1929,1910
6555,2025-07-02,1,3,480.0,480.0,410.6,2053,2034
6556,2025-07-02,2,1,480.0,480.0,416.2,2081,2056
6557,2025-07-02,2,2,480.0,442.7,396.0,1980,1944
6558,2025-07-02,2,3,480.0,376.9,327.8,1639,1616
6559,2025-07-02,3,1,480.0,441.5,372.1,1654,1617
6560,2025-07-02,3,2,480.0,386.6,322.2,1432,1393
6561,2025-07-02,3,3,480.0,429.1,339.8,1510,1474
6562,2025-07-02,4,1,480.0,397.3,355.8,2247,2222
6563,2025-07-02,4,2,480.0,448.2,397.3,2509,2488
6564,2025-07-02,4,3,480.0,430.9,388.1,2451,2427
6565,2025-07-02,5,1,480.0,367.7,314.6,899,884
6566,2025-07-02,5,2,480.0,455.3,391.3,1118,1108
6567,2025-07-02,5,3,452.3,414.0,351.4,1004,982
6568,2025-07-02,6,1,480.0,445.1,387.8,1108,1086
6569,2025-07-02,6,2,480.0,464.5,404.6,1156,1134
6570,2025-07-02,6,3,480.0,326.8,273.4,781,766
6571,2025-07-02,7,1,480.0,340.2,280.4,701,684
6572,2025-07-02,7,2,480.0,437.4,360.8,902,879
6573,2025-07-02,7,3,480.0,351.6,270.0,675,656
6574,2025-07-02,8,1,280.3,175.1,150.3,392,385
6575,2025-07-02,8,2,480.0,404.3,346.9,905,889
6576,2025-07-02,8,3,480.0,330.9,275.6,719,705
6577,2025-07-02,9,1,480.0,471.6,451.9,1427,1409
6578,2025-07-02,9,2,480.0,471.1,431.3,1362,1353
6579,2025-07-02,9,3,480.0,397.2,336.9,1064,1056
6580,2025-07-02,10,1,480.0,448.5,398.0,1592,1564
6581,2025-07-02,10,2,480.0,366.4,324.5,1298,1287
6582,2025-07-02,10,3,480.0,322.8,264.5,1058,1042
6583,2025-07-02,11,1,480.0,395.1,329.6,1130,1099
6584,2025-07-02,11,2,480.0,380.0,314.4,1078,1052
6585,2025-07-02,11,3,480.0,296.3,242.7,832,816
6586,2025-07-02,12,1,480.0,480.0,443.5,1663,1636
6587,2025-07-02,12,2,480.0,456.7,389.9,1462,1448
6588,2025-07-02,12,3,480.0,371.6,315.5,1183,1167
6589,2025-07-03,1,1,480.0,403.8,346.2,1731,1710
6590,2025-07-03,1,2,480.0,389.6,353.0,1765,1763
6591,2025-07-03,1,3,480.0,380.3,328.4,1642,1624
6592,2025-07-03,2,1,480.0,480.0,435.6,2178,2160
6593,2025-07-03,2,2,480.0,471.9,421.4,2107,2085
6594,2025-07-03,2,3,480.0,437.5,372.0,1860,1831
6595,2025-07-03,3,1,480.0,433.1,363.1,1614,1587
6596,2025-07-03,3,2,480.0,400.7,327.8,1457,1432
6597,2025-07-03,3,3,480.0,299.5,249.8,1110,1095
6598,2025-07-03,4,1,480.0,472.0,436.1,2754,2722
6599,2025-07-03,4,2,480.0,459.9,413.2,2610,2607
6600,2025-07-03,4,3,480.0,425.0,374.3,2364,2344
6601,2025-07-03,5,1,480.0,468.6,408.1,1166,1140
6602,2025-07-03,5,2,480.0,409.8,354.2,1012,997
6603,2025-07-03,5,3,480.0,461.3,386.8,1105,1086
6604,2025-07-03,6,1,480.0,340.0,288.1,823,810
6605,2025-07-03,6,2,480.0,399.9,339.1,969,941
6606,2025-07-03,6,3,480.0,315.9,250.6,716,697
6607,2025-07-03,7,1,480.0,396.5,316.0,790,769
6608,2025-07-03,7,2,480.0,359.3,283.2,708,694
6609,2025-07-03,7,3,480.0,338.2,269.6,674,660
6610,2025-07-03,8,1,480.0,408.7,341.6,891,878
6611,2025-07-03,8,2,480.0,378.6,316.2,825,806
6612,2025-07-03,8,3,480.0,401.5,337.3,880,866
6613,2025-07-03,9,1,480.0,449.2,403.4,1274,1259
6614,2025-07-03,9,2,480.0,398.3,364.2,1150,1139
6615,2025-07-03,9,3,480.0,391.2,340.7,1076,1056
6616,2025-07-03,10,1,480.0,413.3,354.8,1419,1395
6617,2025-07-03,10,2,480.0,396.9,349.2,1397,1375
6618,2025-07-03,10,3,480.0,403.9,343.8,1375,1357
6619,2025-07-03,11,1,480.0,250.0,222.0,761,746
6620,2025-07-03,11,2,480.0,343.8,284.4,975,955
6621,2025-07-03,11,3,480.0,460.5,381.5,1308,1274
6622,2025-07-03,12,1,480.0,411.4,365.9,1372,1348
6623,2025-07-03,12,2,480.0,416.6,369.9,1387,1366
6624,2025-07-03,12,3,480.0,436.9,366.4,1374,1352
6625,2025-07-04,1,1,480.0,480.0,424.0,2120,2097
6626,2025-07-04,1,2,480.0,431.0,389.4,1947,1917
6627,2025-07-04,1,3,480.0,478.9,413.0,2065,2038
6628,2025-07-04,2,1,480.0,429.2,390.0,1950,1935
6629,2025-07-04,2,2,480.0,464.0,398.0,1990,1970
6630,2025-07-04,2,3,480.0,350.6,304.2,1521,1506
6631,2025-07-04,3,1,480.0,440.5,362.7,1612,1583
6632,2025-07-04,3,2,480.0,432.7,364.3,1619,1587
6633,2025-07-04,3,3,480.0,405.8,325.4,1446,1411
6634,2025-07-04,4,1,480.0,443.0,394.2,2490,2472
6635,2025-07-04,4,2,480.0,457.7,420.4,2655,2628
6636,2025-07-04,4,3,480.0,354.0,312.7,1975,1959
6637,2025-07-04,5,1,480.0,466.3,395.1,1129,1106
6638,2025-07-04,5,2,480.0,404.2,345.4,987,965
6639,2025-07-04,5,3,480.0,403.1,333.9,954,942
6640,2025-07-04,6,1,480.0,452.9,381.5,1090,1067
6641,2025-07-04,6,2,480.0,413.6,343.0,980,956
6642,2025-07-04,6,3,480.0,383.1,322.4,921,899
6643,2025-07-04,7,1,480.0,456.9,350.0,875,853
6644,2025-07-04,7,2,480.0,399.7,319.6,799,780
6645,2025-07-04,7,3,480.0,371.6,284.8,712,695
6646,2025-07-04,8,1,480.0,432.1,369.9,965,943
6647,2025-07-04,8,2,480.0,405.9,350.8,915,890
6648,2025-07-04,8,3,480.0,383.9,322.4,841,821
6649,2025-07-04,9,1,480.0,386.7,336.0,1061,1049
6650,2025-07-04,9,2,480.0,417.8,386.6,1221,1199
6651,2025-07-04,9,3,480.0,480.0,429.1,1355,1336
6652,2025-07-04,10,1,480.0,453.9,392.5,1570,1543
6653,2025-07-04,10,2,480.0,451.0,400.8,1603,1566
6654,2025-07-04,10,3,480.0,347.3,296.0,1184,1160
6655,2025-07-04,11,1,480.0,420.5,355.0,1217,1190
6656,2025-07-04,11,2,480.0,387.7,324.9,1114,1089
6657,2025-07-04,11,3,480.0,424.2,356.7,1223,1199
6658,2025-07-04,12,1,480.0,419.8,377.6,1416,1386
6659,2025-07-04,12,2,480.0,449.3,391.7,1469,1447
6660,2025-07-04,12,3,480.0,440.6,380.0,1425,1413
6661,2025-07-05,1,1,480.0,447.1,414.6,2073,2058
6662,2025-07-05,1,2,480.0,439.1,395.2,1976,1961
6663,2025-07-05,1,3,480.0,392.4,326.6,1633,1607
6664,2025-07-05,2,1,480.0,450.6,408.4,2042,2007
6665,2025-07-05,2,2,480.0,480.0,395.2,1976,1934
6666,2025-07-05,2,3,480.0,463.1,392.8,1964,1916
6667,2025-07-05,3,1,480.0,426.8,348.8,1550,1509
6668,2025-07-05,3,2,480.0,384.8,327.4,1455,1423
6669,2025-07-05,3,3,480.0,426.4,342.0,1520,1485
6670,2025-07-05,4,1,480.0,480.0,432.2,2730,2678
6671,2025-07-05,4,2,480.0,480.0,427.3,2699,2638
6672,2025-07-05,4,3,480.0,429.7,385.2,2433,2411
6673,2025-07-05,5,1,480.0,395.6,354.6,1013,998
6674,2025-07-05,5,2,480.0,428.0,365.8,1045,1020
6675,2025-07-05,5,3,480.0,417.6,343.7,982,962
6676,2025-07-05,6,1,480.0,446.6,382.9,1094,1075
6677,2025-07-05,6,2,480.0,468.9,399.4,1141,1125
6678,2025-07-05,6,3,480.0,424.4,347.6,993,974
6679,2025-07-05,7,1,480.0,437.3,359.6,899,871
6680,2025-07-05,7,2,480.0,400.4,321.6,804,784
6681,2025-07-05,7,3,480.0,245.4,196.4,491,479
6682,2025-07-05,8,1,480.0,393.6,343.5,896,875
6683,2025-07-05,8,2,480.0,419.4,351.5,917,895
6684,2025-07-05,8,3,440.0,330.7,273.7,714,698
6685,2025-07-05,9,1,480.0,368.6,334.7,1057,1042
6686,2025-07-05,9,2,480.0,454.8,413.2,1305,1284
6687,2025-07-05,9,3,480.0,445.0,374.9,1184,1164
6688,2025-07-05,10,1,480.0,448.9,402.8,1611,1587
6689,2025-07-05,10,2,480.0,480.0,409.5,1638,1618
6690,2025-07-05,10,3,480.0,324.5,270.0,1080,1061
6691,2025-07-05,11,1,480.0,448.2,374.5,1284,1257
6692,2025-07-05,11,2,480.0,391.0,329.0,1128,1098
6693,2025-07-05,11,3,480.0,400.6,336.6,1154,1127
6694,2025-07-05,12,1,480.0,396.6,344.8,1293,1269
6695,2025-07-05,12,2,480.0,480.0,422.4,1584,1554
6696,2025-07-05,12,3,480.0,469.9,400.0,1500,1477
6697,2025-07-06,1,1,480.0,471.2,429.6,2148,2134
6698,2025-07-06,1,2,480.0,460.6,409.4,2047,2023
6699,2025-07-06,1,3,480.0,303.9,259.6,1298,1291
6700,2025-07-06,2,1,480.0,332.4,283.4,1417,1391
6701,2025-07-06,2,2,480.0,463.5,405.2,2026,1998
6702,2025-07-06,2,3,480.0,477.1,403.4,2017,1989
6703,2025-07-06,3,1,480.0,345.0,290.0,1289,1263
6704,2025-07-06,3,2,480.0,384.6,314.8,1399,1365
6705,2025-07-06,3,3,480.0,376.5,306.9,1364,1335
6706,2025-07-06,4,1,480.0,424.7,390.0,2463,2424
6707,2025-07-06,4,2,480.0,458.8,412.6,2606,2589
6708,2025-07-06,4,3,480.0,456.7,404.4,2554,2526
6709,2025-07-06,5,1,480.0,426.8,375.2,1072,1046
6710,2025-07-06,5,2,480.0,375.7,315.7,902,888
6711,2025-07-06,5,3,480.0,437.9,374.5,1070,1062
6712,2025-07-06,6,1,480.0,376.2,317.8,908,885
6713,2025-07-06,6,2,480.0,425.3,340.6,973,968
6714,2025-07-06,6,3,445.7,395.9,334.9,957,939
6715,2025-07-06,7,1,480.0,305.3,242.0,605,591
6716,2025-07-06,7,2,480.0,455.6,376.4,941,919
6717,2025-07-06,7,3,480.0,348.9,275.2,688,668
6718,2025-07-06,8,1,480.0,412.7,345.8,902,886
6719,2025-07-06,8,2,480.0,425.3,361.1,942,922
6720,2025-07-06,8,3,480.0,323.3,264.5,690,679
6721,2025-07-06,9,1,480.0,405.5,368.0,1162,1155
6722,2025-07-06,9,2,480.0,398.2,356.9,1127,1111
6723,2025-07-06,9,3,480.0,439.7,391.7,1237,1218
6724,2025-07-06,10,1,480.0,462.3,403.8,1615,1605
6725,2025-07-06,10,2,480.0,427.2,369.8,1479,1453
6726,2025-07-06,10,3,480.0,426.6,368.5,1474,1438
6727,2025-07-06,11,1,480.0,292.4,238.6,818,804
6728,2025-07-06,11,2,480.0,312.5,265.1,909,885
6729,2025-07-06,11,3,480.0,172.7,145.0,497,487
6730,2025-07-06,12,1,480.0,473.6,417.3,1565,1545
6731,2025-07-06,12,2,480.0,441.0,386.1,1448,1414
6732,2025-07-06,12,3,444.2,423.7,362.9,1361,1338
6733,2025-07-21,1,1,480.0,416.5,375.2,1876,1850
6734,2025-07-21,1,2,480.0,432.2,392.0,1960,1945
6735,2025-07-21,1,3,480.0,435.8,372.8,1864,1857
6736,2025-07-21,2,1,480.0,463.4,406.0,2030,1992
6737,2025-07-21,2,2,480.0,460.2,392.6,1963,1926
6738,2025-07-21,2,3,480.0,398.2,347.8,1739,1721
6739,2025-07-21,3,1,480.0,366.6,314.1,1396,1361
6740,2025-07-21,3,2,480.0,448.9,370.4,1646,1606
6741,2025-07-21,3,3,480.0,363.9,295.9,1315,1281
6742,2025-07-21,4,1,250.4,233.5,212.8,1344,1333
6743,2025-07-21,4,2,480.0,428.0,407.7,2575,2545
6744,2025-07-21,4,3,480.0,439.4,397.9,2513,2470
6745,2025-07-21,5,1,480.0,451.7,385.0,1100,1082
6746,2025-07-21,5,2,480.0,233.6,200.9,574,561
6747,2025-07-21,5,3,480.0,457.0,375.2,1072,1047
6748,2025-07-21,6,1,335.7,260.3,219.8,628,613
6749,2025-07-21,6,2,480.0,450.2,393.4,1124,1101
6750,2025-07-21,6,3,480.0,439.5,360.1,1029,1005
6751,2025-07-21,7,1,480.0,274.2,215.2,538,523
6752,2025-07-21,7,2,480.0,279.5,222.4,556,543
6753,2025-07-21,7,3,480.0,318.9,239.2,598,579
6754,2025-07-21,8,1,480.0,480.0,405.2,1057,1043
6755,2025-07-21,8,2,480.0,427.1,366.9,957,934
6756,2025-07-21,8,3,480.0,459.6,390.6,1019,991
6757,2025-07-21,9,1,480.0,464.0,405.3,1280,1256
6758,2025-07-21,9,2,480.0,421.5,394.6,1246,1229
6759,2025-07-21,9,3,480.0,439.9,380.0,1200,1189
6760,2025-07-21,10,1,480.0,475.0,410.0,1640,1609
6761,2025-07-21,10,2,480.0,480.0,413.8,1655,1625
6762,2025-07-21,10,3,480.0,421.3,342.5,1370,1349
6763,2025-07-21,11,1,480.0,422.2,354.4,1215,1186
6764,2025-07-21,11,2,480.0,379.7,317.3,1088,1067
6765,2025-07-21,11,3,480.0,293.2,238.0,816,803
6766,2025-07-21,12,1,480.0,480.0,421.3,1580,1559
6767,2025-07-21,12,2,480.0,411.4,366.7,1375,1364
6768,2025-07-21,12,3,480.0,451.0,383.5,1438,1432
6769,2025-07-22,1,1,480.0,443.5,389.6,1948,1934
6770,2025-07-22,1,2,480.0,389.1,346.4,1732,1716
6771,2025-07-22,1,3,480.0,477.4,422.4,2112,2090
6772,2025-07-22,2,1,480.0,468.8,432.2,2161,2139
6773,2025-07-22,2,2,480.0,418.0,370.2,1851,1844
6774,2025-07-22,2,3,480.0,435.9,372.0,1860,1833
6775,2025-07-22,3,1,480.0,354.2,290.5,1291,1266
6776,2025-07-22,3,2,480.0,303.1,257.4,1144,1122
6777,2025-07-22,3,3,480.0,448.6,369.0,1640,1602
6778,2025-07-22,4,1,480.0,469.3,412.9,2608,2591
6779,2025-07-22,4,2,480.0,468.4,437.3,2762,2739
6780,2025-07-22,4,3,480.0,361.0,320.5,2024,2008
6781,2025-07-22,5,1,480.0,373.3,320.9,917,902
6782,2025-07-22,5,2,480.0,464.2,397.6,1136,1115
6783,2025-07-22,5,3,480.0,463.9,386.8,1105,1085
6784,2025-07-22,6,1,480.0,432.7,370.6,1059,1041
6785,2025-07-22,6,2,480.0,397.3,337.8,965,943
6786,2025-07-22,6,3,480.0,431.2,359.4,1027,1006
6787,2025-07-22,7,1,480.0,347.9,282.8,707,690
6788,2025-07-22,7,2,480.0,393.4,320.4,801,778
6789,2025-07-22,7,3,480.0,343.3,268.0,670,657
6790,2025-07-22,8,1,480.0,422.8,357.3,932,916
6791,2025-07-22,8,2,480.0,411.7,353.1,921,907
6792,2025-07-22,8,3,480.0,340.0,277.9,725,708
6793,2025-07-22,9,1,480.0,462.1,425.3,1343,1331
6794,2025-07-22,9,2,480.0,435.4,396.8,1253,1244
6795,2025-07-22,9,3,480.0,450.7,405.3,1280,1264
6796,2025-07-22,10,1,480.0,443.2,401.2,1605,1576
6797,2025-07-22,10,2,480.0,455.6,383.5,1534,1502
6798,2025-07-22,10,3,480.0,312.6,258.2,1033,1014
6799,2025-07-22,11,1,480.0,398.9,339.2,1163,1132
6800,2025-07-22,11,2,480.0,212.4,184.0,631,615
6801,2025-07-22,11,3,480.0,443.3,378.0,1296,1263
6802,2025-07-22,12,1,480.0,463.5,413.1,1549,1524
6803,2025-07-22,12,2,480.0,460.9,412.3,1546,1521
6804,2025-07-22,12,3,480.0,277.4,231.2,867,857
6805,2025-07-23,1,1,480.0,475.2,422.8,2114,2080
6806,2025-07-23,1,2,480.0,443.3,402.6,2013,1987
6807,2025-07-23,1,3,480.0,443.1,382.0,1910,1878
6808,2025-07-23,2,1,480.0,416.1,357.0,1785,1769
6809,2025-07-23,2,2,480.0,465.8,412.4,2062,2040
6810,2025-07-23,2,3,480.0,437.5,380.0,1900,1876
6811,2025-07-23,3,1,480.0,460.3,389.5,1731,1688
6812,2025-07-23,3,2,480.0,293.6,242.6,1078,1055
6813,2025-07-23,3,3,480.0,401.2,320.4,1424,1399
6814,2025-07-23,4,1,480.0,480.0,432.9,2734,2716
6815,2025-07-23,4,2,480.0,454.2,416.4,2630,2597
6816,2025-07-23,4,3,480.0,455.0,399.6,2524,2497
6817,2025-07-23,5,1,480.0,414.6,346.9,991,979
6818,2025-07-23,5,2,480.0,458.0,385.0,1100,1074
6819,2025-07-23,5,3,480.0,421.3,356.3,1018,1005
6820,2025-07-23,6,1,480.0,386.5,330.4,944,928
6821,2025-07-23,6,2,480.0,305.5,266.0,760,745
6822,2025-07-23,6,3,480.0,384.0,320.2,915,899
6823,2025-07-23,7,1,480.0,339.4,275.2,688,671
6824,2025-07-23,7,2,480.0,300.1,240.8,602,589
6825,2025-07-23,7,3,480.0,357.7,270.0,675,661
6826,2025-07-23,8,1,480.0,449.6,389.9,1017,995
6827,2025-07-23,8,2,480.0,414.0,345.8,902,887
6828,2025-07-23,8,3,480.0,412.0,335.0,874,850
6829,2025-07-23,9,1,480.0,387.3,354.4,1119,1101
6830,2025-07-23,9,2,480.0,333.1,290.1,916,902
6831,2025-07-23,9,3,480.0,363.1,315.7,997,982
6832,2025-07-23,10,1,480.0,452.8,387.8,1551,1534
6833,2025-07-23,10,2,480.0,397.8,343.2,1373,1350
6834,2025-07-23,10,3,480.0,439.3,375.0,1500,1476
6835,2025-07-23,11,1,480.0,358.4,304.8,1045,1026
6836,2025-07-23,11,2,480.0,340.9,283.8,973,956
6837,2025-07-23,11,3,480.0,378.8,318.2,1091,1069
6838,2025-07-23,12,1,480.0,480.0,427.5,1603,1577
6839,2025-07-23,12,2,480.0,450.5,405.1,1519,1491
6840,2025-07-23,12,3,480.0,335.1,274.4,1029,1009
6841,2025-07-24,1,1,480.0,354.6,308.8,1544,1527
6842,2025-07-24,1,2,480.0,449.7,395.4,1977,1962
6843,2025-07-24,1,3,480.0,371.2,316.2,1581,1558
6844,2025-07-24,2,1,480.0,430.2,368.2,1841,1816
6845,2025-07-24,2,2,480.0,423.1,366.6,1833,1810
6846,2025-07-24,2,3,480.0,426.1,364.0,1820,1796
6847,2025-07-24,3,1,480.0,407.4,338.9,1506,1467
6848,2025-07-24,3,2,480.0,383.1,311.2,1383,1346
6849,2025-07-24,3,3,480.0,431.8,346.1,1538,1505
6850,2025-07-24,4,1,480.0,448.7,406.1,2565,2537
6851,2025-07-24,4,2,480.0,443.7,401.7,2537,2498
6852,2025-07-24,4,3,480.0,443.1,391.4,2472,2446
6853,2025-07-24,5,1,480.0,458.4,394.4,1127,1103
6854,2025-07-24,5,2,480.0,410.3,369.2,1055,1033
6855,2025-07-24,5,3,480.0,472.0,399.4,1141,1130
6856,2025-07-24,6,1,480.0,393.1,328.6,939,919
6857,2025-07-24,6,2,480.0,370.2,319.2,912,895
6858,2025-07-24,6,3,480.0,383.0,323.4,924,903
6859,2025-07-24,7,1,480.0,379.0,310.8,777,760
6860,2025-07-24,7,2,480.0,377.8,309.6,774,757
6861,2025-07-24,7,3,480.0,189.6,148.8,372,363
6862,2025-07-24,8,1,480.0,423.8,360.3,940,925
6863,2025-07-24,8,2,480.0,424.2,358.8,936,926
6864,2025-07-24,8,3,480.0,409.2,337.7,881,865
6865,2025-07-24,9,1,480.0,463.3,430.0,1358,1342
6866,2025-07-24,9,2,480.0,462.4,421.5,1331,1314
6867,2025-07-24,9,3,480.0,427.3,373.0,1178,1160
6868,2025-07-24,10,1,480.0,205.9,180.2,721,711
6869,2025-07-24,10,2,480.0,353.7,307.2,1229,1213
6870,2025-07-24,10,3,441.6,373.3,303.5,1214,1196
6871,2025-07-24,11,1,480.0,458.1,387.0,1327,1299
6872,2025-07-24,11,2,480.0,418.0,349.1,1197,1174
6873,2025-07-24,11,3,480.0,383.9,317.3,1088,1059
6874,2025-07-24,12,1,480.0,418.6,378.4,1419,1403
6875,2025-07-24,12,2,480.0,362.1,314.7,1180,1157
6876,2025-07-24,12,3,480.0,157.6,136.8,513,505
6877,2025-07-25,1,1,480.0,460.3,420.4,2102,2072
6878,2025-07-25,1,2,480.0,405.6,347.6,1738,1718
6879,2025-07-25,1,3,480.0,429.3,367.0,1835,1804
6880,2025-07-25,2,1,480.0,455.3,400.6,2003,1974
6881,2025-07-25,2,2,480.0,433.9,397.8,1989,1955
6882,2025-07-25,2,3,480.0,417.4,355.8,1779,1741
6883,2025-07-25,3,1,480.0,376.3,310.7,1381,1349
6884,2025-07-25,3,2,480.0,374.0,322.6,1434,1406
6885,2025-07-25,3,3,443.9,369.9,306.7,1363,1336
6886,2025-07-25,4,1,480.0,444.8,393.5,2485,2468
6887,2025-07-25,4,2,480.0,453.9,417.8,2639,2605
6888,2025-07-25,4,3,480.0,475.8,425.4,2687,2658
6889,2025-07-25,5,1,287.6,218.5,190.4,544,535
6890,2025-07-25,5,2,480.0,370.1,319.2,912,896
6891,2025-07-25,5,3,480.0,456.2,380.8,1088,1061
6892,2025-07-25,6,1,480.0,381.5,325.5,930,912
6893,2025-07-25,6,2,480.0,468.0,401.8,1148,1126
6894,2025-07-25,6,3,480.0,434.1,359.8,1028,1012
6895,2025-07-25,7,1,480.0,377.4,303.2,758,738
6896,2025-07-25,7,2,480.0,361.2,281.2,703,687
6897,2025-07-25,7,3,422.2,252.1,196.0,490,476
6898,2025-07-25,8,1,480.0,397.2,339.2,885,868
6899,2025-07-25,8,2,480.0,280.1,241.1,629,615
6900,2025-07-25,8,3,480.0,443.9,371.4,969,946
6901,2025-07-25,9,1,480.0,413.1,384.4,1214,1195
6902,2025-07-25,9,2,480.0,410.3,361.3,1141,1123
6903,2025-07-25,9,3,480.0,439.6,393.3,1242,1222
6904,2025-07-25,10,1,480.0,422.7,370.2,1481,1456
6905,2025-07-25,10,2,480.0,446.1,388.8,1555,1522
6906,2025-07-25,10,3,480.0,438.5,364.8,1459,1430
6907,2025-07-25,11,1,480.0,370.9,319.4,1095,1072
6908,2025-07-25,11,2,480.0,394.6,326.4,1119,1097
6909,2025-07-25,11,3,480.0,449.0,362.5,1243,1210
6910,2025-07-25,12,1,480.0,477.8,445.3,1670,1644
6911,2025-07-25,12,2,480.0,447.2,408.0,1530,1503
6912,2025-07-25,12,3,480.0,457.5,392.0,1470,1443
6913,2025-07-26,1,1,480.0,376.7,332.8,1664,1658
6914,2025-07-26,1,2,480.0,404.6,364.8,1824,1806
6915,2025-07-26,1,3,480.0,417.9,355.0,1775,1760
6916,2025-07-26,2,1,480.0,346.6,294.2,1471,1467
6917,2025-07-26,2,2,480.0,430.5,381.0,1905,1884
6918,2025-07-26,2,3,480.0,252.1,210.0,1050,1034
6919,2025-07-26,3,1,480.0,384.9,306.2,1361,1333
6920,2025-07-26,3,2,480.0,317.9,260.3,1157,1129
6921,2025-07-26,3,3,480.0,414.0,336.1,1494,1473
6922,2025-07-26,4,1,480.0,467.4,426.1,2691,2669
6923,2025-07-26,4,2,480.0,462.1,430.5,2719,2666
6924,2025-07-26,4,3,480.0,446.8,379.7,2398,2366
6925,2025-07-26,5,1,480.0,361.7,312.6,893,872
6926,2025-07-26,5,2,480.0,480.0,413.4,1181,1163
6927,2025-07-26,5,3,480.0,461.7,368.6,1053,1034
6928,2025-07-26,6,1,480.0,383.3,327.2,935,916
6929,2025-07-26,6,2,480.0,389.4,334.6,956,939
6930,2025-07-26,6,3,480.0,444.2,362.9,1037,1015
6931,2025-07-26,7,1,480.0,310.4,251.6,629,613
6932,2025-07-26,7,2,480.0,340.7,276.0,690,676
6933,2025-07-26,7,3,480.0,290.2,223.2,558,544
6934,2025-07-26,8,1,480.0,438.6,380.6,993,967
6935,2025-07-26,8,2,480.0,411.1,343.1,895,880
6936,2025-07-26,8,3,480.0,296.3,242.7,633,622
6937,2025-07-26,9,1,480.0,475.6,439.9,1389,1379
6938,2025-07-26,9,2,480.0,381.3,343.9,1086,1064
6939,2025-07-26,9,3,480.0,441.6,380.9,1203,1198
6940,2025-07-26,10,1,480.0,393.5,351.0,1404,1383
6941,2025-07-26,10,2,480.0,431.7,365.2,1461,1439
6942,2025-07-26,10,3,480.0,441.8,373.8,1495,1479
6943,2025-07-26,11,1,480.0,308.4,265.1,909,889
6944,2025-07-26,11,2,480.0,441.0,381.5,1308,1282
6945,2025-07-26,11,3,480.0,375.2,308.3,1057,1036
6946,2025-07-26,12,1,480.0,413.3,358.7,1345,1328
6947,2025-07-26,12,2,480.0,466.1,411.2,1542,1525
6948,2025-07-26,12,3,480.0,474.1,397.6,1491,1471
6949,2025-07-27,1,1,480.0,393.6,347.0,1735,1693
6950,2025-07-27,1,2,480.0,434.4,382.2,1911,1899
6951,2025-07-27,1,3,480.0,480.0,412.8,2064,2054
6952,2025-07-27,2,1,480.0,455.3,397.8,1989,1971
6953,2025-07-27,2,2,480.0,463.9,400.4,2002,1978
6954,2025-07-27,2,3,480.0,443.0,370.6,1853,1830
6955,2025-07-27,3,1,480.0,397.4,337.5,1500,1466
6956,2025-07-27,3,2,480.0,285.5,235.3,1046,1020
6957,2025-07-27,3,3,480.0,311.1,248.4,1104,1083
6958,2025-07-27,4,1,480.0,424.4,378.4,2390,2381
6959,2025-07-27,4,2,480.0,372.0,346.1,2186,2164
6960,2025-07-27,4,3,480.0,418.2,376.0,2375,2351
6961,2025-07-27,5,1,480.0,271.5,236.6,676,662
6962,2025-07-27,5,2,480.0,416.9,358.4,1024,1000
6963,2025-07-27,5,3,480.0,336.8,275.8,788,777
6964,2025-07-27,6,1,480.0,445.1,376.6,1076,1060
6965,2025-07-27,6,2,480.0,370.7,311.1,889,879
6966,2025-07-27,6,3,480.0,439.6,367.1,1049,1029
6967,2025-07-27,7,1,480.0,222.1,179.6,449,436
6968,2025-07-27,7,2,480.0,329.0,256.4,641,623
6969,2025-07-27,7,3,480.0,235.5,179.6,449,437
6970,2025-07-27,8,1,480.0,457.8,379.1,989,963
6971,2025-07-27,8,2,480.0,364.5,303.6,792,775
6972,2025-07-27,8,3,480.0,346.9,287.9,751,734
6973,2025-07-27,9,1,480.0,357.1,316.0,998,983
6974,2025-07-27,9,2,480.0,412.4,368.3,1163,1148
6975,2025-07-27,9,3,480.0,383.3,317.3,1002,987
6976,2025-07-27,10,1,480.0,442.0,381.5,1526,1504
6977,2025-07-27,10,2,480.0,421.3,379.0,1516,1483
6978,2025-07-27,10,3,480.0,431.2,365.5,1462,1433
6979,2025-07-27,11,1,480.0,228.6,191.6,657,644
6980,2025-07-27,11,2,480.0,345.9,287.0,984,957
6981,2025-07-27,11,3,445.8,205.0,171.2,587,572
6982,2025-07-27,12,1,480.0,421.7,371.5,1393,1370
6983,2025-07-27,12,2,480.0,451.0,392.3,1471,1450
6984,2025-07-27,12,3,480.0,432.3,357.3,1340,1323
6985,2025-07-28,1,1,480.0,436.0,390.2,1951,1921
6986,2025-07-28,1,2,480.0,387.5,353.4,1767,1753
6987,2025-07-28,1,3,480.0,449.8,386.2,1931,1898
6988,2025-07-28,2,1,480.0,448.9,384.6,1923,1899
6989,2025-07-28,2,2,480.0,301.1,265.6,1328,1308
6990,2025-07-28,2,3,480.0,382.5,328.6,1643,1614
6991,2025-07-28,3,1,480.0,369.8,301.1,1338,1314
6992,2025-07-28,3,2,480.0,407.2,337.3,1499,1470
6993,2025-07-28,3,3,480.0,249.5,200.9,893,869
6994,2025-07-28,4,1,480.0,480.0,428.6,2707,2690
6995,2025-07-28,4,2,480.0,413.7,370.2,2338,2307
6996,2025-07-28,4,3,480.0,460.9,409.0,2583,2551
6997,2025-07-28,5,1,480.0,459.8,397.6,1136,1112
6998,2025-07-28,5,2,480.0,422.4,353.5,1010,988
6999,2025-07-28,5,3,480.0,480.0,402.5,1150,1131
7000,2025-07-28,6,1,480.0,449.5,380.8,1088,1068
7001,2025-07-28,6,2,480.0,437.8,367.9,1051,1033
7002,2025-07-28,6,3,480.0,338.5,281.8,805,790
7003,2025-07-28,7,1,480.0,371.6,305.2,763,740
7004,2025-07-28,7,2,480.0,418.6,337.6,844,821
7005,2025-07-28,7,3,480.0,347.0,265.6,664,646
7006,2025-07-28,8,1,480.0,392.3,331.6,865,847
7007,2025-07-28,8,2,480.0,365.3,319.7,834,818
7008,2025-07-28,8,3,480.0,400.4,332.7,868,849
7009,2025-07-28,9,1,480.0,476.5,436.1,1377,1359
7010,2025-07-28,9,2,480.0,316.6,282.8,893,879
7011,2025-07-28,9,3,480.0,480.0,427.5,1350,1340
7012,2025-07-28,10,1,480.0,359.1,311.5,1246,1225
7013,2025-07-28,10,2,480.0,434.1,374.5,1498,1473
7014,2025-07-28,10,3,438.4,359.9,313.0,1252,1237
7015,2025-07-28,11,1,480.0,420.4,357.0,1224,1202
7016,2025-07-28,11,2,480.0,371.1,313.2,1074,1052
7017,2025-07-28,11,3,480.0,379.4,312.7,1072,1043
7018,2025-07-28,12,1,480.0,476.6,415.5,1558,1539
7019,2025-07-28,12,2,480.0,417.1,359.5,1348,1324
7020,2025-07-28,12,3,480.0,381.5,330.7,1240,1214
7021,2025-07-29,1,1,480.0,457.2,398.6,1993,1957
7022,2025-07-29,1,2,480.0,477.2,430.0,2150,2133
7023,2025-07-29,1,3,480.0,474.6,399.2,1996,1978
7024,2025-07-29,2,1,480.0,323.6,284.6,1423,1413
7025,2025-07-29,2,2,480.0,470.8,416.6,2083,2044
7026,2025-07-29,2,3,480.0,404.7,350.6,1753,1724
7027,2025-07-29,3,1,480.0,338.8,278.3,1237,1212
7028,2025-07-29,3,2,480.0,341.5,295.9,1315,1298
7029,2025-07-29,3,3,440.8,407.6,331.9,1475,1442
7030,2025-07-29,4,1,480.0,468.6,434.5,2744,2719
7031,2025-07-29,4,2,480.0,468.4,433.7,2739,2701
7032,2025-07-29,4,3,480.0,473.7,414.7,2619,2594
7033,2025-07-29,5,1,480.0,383.0,338.4,967,955
7034,2025-07-29,5,2,480.0,449.7,388.5,1110,1088
7035,2025-07-29,5,3,480.0,394.8,344.8,985,966
7036,2025-07-29,6,1,480.0,381.0,316.1,903,888
7037,2025-07-29,6,2,480.0,395.0,332.9,951,929
7038,2025-07-29,6,3,480.0,375.4,314.6,899,883
7039,2025-07-29,7,1,480.0,375.3,307.2,768,748
7040,2025-07-29,7,2,480.0,401.0,332.4,831,815
7041,2025-07-29,7,3,480.0,280.0,216.0,540,525
7042,2025-07-29,8,1,480.0,448.9,375.3,979,964
7043,2025-07-29,8,2,480.0,352.0,304.4,794,783
7044,2025-07-29,8,3,480.0,320.6,259.9,678,662
7045,2025-07-29,9,1,480.0,436.6,409.4,1293,1274
7046,2025-07-29,9,2,480.0,464.3,419.3,1324,1297
7047,2025-07-29,9,3,480.0,307.6,263.8,833,819
7048,2025-07-29,10,1,480.0,463.3,401.0,1604,1579
7049,2025-07-29,10,2,480.0,480.0,403.2,1613,1584
7050,2025-07-29,10,3,480.0,347.4,297.8,1191,1164
7051,2025-07-29,11,1,480.0,379.6,322.0,1104,1078
7052,2025-07-29,11,2,480.0,449.7,386.5,1325,1295
7053,2025-07-29,11,3,480.0,171.7,147.3,505,497
7054,2025-07-29,12,1,480.0,473.5,393.9,1477,1445
7055,2025-07-29,12,2,480.0,418.0,364.5,1367,1333
7056,2025-07-29,12,3,480.0,432.8,378.4,1419,1408
7057,2025-07-30,1,1,480.0,447.1,399.6,1998,1973
7058,2025-07-30,1,2,480.0,458.2,414.4,2072,2047
7059,2025-07-30,1,3,480.0,451.5,399.2,1996,1977
7060,2025-07-30,2,1,480.0,352.0,302.2,1511,1492
7061,2025-07-30,2,2,480.0,434.9,372.4,1862,1828
7062,2025-07-30,2,3,480.0,441.3,375.8,1879,1860
7063,2025-07-30,3,1,480.0,319.9,272.9,1213,1177
7064,2025-07-30,3,2,480.0,290.6,245.9,1093,1071
7065,2025-07-30,3,3,480.0,374.2,304.0,1351,1322
7066,2025-07-30,4,1,480.0,344.2,309.4,1954,1937
7067,2025-07-30,4,2,480.0,444.8,401.9,2538,2512
7068,2025-07-30,4,3,480.0,472.3,405.3,2560,2526
7069,2025-07-30,5,1,480.0,444.9,386.1,1103,1085
7070,2025-07-30,5,2,480.0,452.7,384.3,1098,1074
7071,2025-07-30,5,3,480.0,401.6,319.9,914,900
7072,2025-07-30,6,1,480.0,375.7,320.2,915,893
7073,2025-07-30,6,2,480.0,412.7,351.8,1005,985
7074,2025-07-30,6,3,480.0,393.2,309.4,884,861
7075,2025-07-30,7,1,480.0,278.5,220.0,550,536
7076,2025-07-30,7,2,480.0,175.4,141.2,353,342
7077,2025-07-30,7,3,480.0,370.0,293.6,734,712
7078,2025-07-30,8,1,480.0,326.1,276.4,721,706
7079,2025-07-30,8,2,480.0,408.9,337.7,881,864
7080,2025-07-30,8,3,480.0,432.8,364.6,951,929
7081,2025-07-30,9,1,287.9,241.5,216.9,685,672
7082,2025-07-30,9,2,480.0,461.3,413.2,1305,1284
7083,2025-07-30,9,3,480.0,447.5,396.1,1251,1241
7084,2025-07-30,10,1,480.0,389.3,342.8,1371,1346
7085,2025-07-30,10,2,480.0,451.1,401.5,1606,1581
7086,2025-07-30,10,3,480.0,335.2,284.0,1136,1114
7087,2025-07-30,11,1,480.0,390.0,325.8,1117,1089
7088,2025-07-30,11,2,480.0,235.4,202.1,693,680
7089,2025-07-30,11,3,480.0,407.2,341.8,1172,1147
7090,2025-07-30,12,1,480.0,470.1,423.5,1588,1570
7091,2025-07-30,12,2,480.0,457.8,401.1,1504,1471
7092,2025-07-30,12,3,480.0,337.1,277.3,1040,1026
7093,2025-07-31,1,1,480.0,377.0,329.0,1645,1627
7094,2025-07-31,1,2,480.0,480.0,429.6,2148,2115
7095,2025-07-31,1,3,480.0,422.5,355.6,1778,1755
7096,2025-07-31,2,1,480.0,385.5,340.8,1704,1684
7097,2025-07-31,2,2,480.0,469.3,408.2,2041,2014
7098,2025-07-31,2,3,450.9,432.8,374.4,1872,1850
7099,2025-07-31,3,1,480.0,363.6,292.5,1300,1281
7100,2025-07-31,3,2,480.0,412.2,347.6,1545,1501
7101,2025-07-31,3,3,480.0,342.5,279.7,1243,1210
7102,2025-07-31,4,1,480.0,445.8,396.9,2507,2477
7103,2025-07-31,4,2,480.0,467.8,423.5,2675,2651
7104,2025-07-31,4,3,480.0,458.3,405.8,2563,2546
7105,2025-07-31,5,1,480.0,478.0,416.9,1191,1171
7106,2025-07-31,5,2,480.0,358.9,303.4,867,852
7107,2025-07-31,5,3,480.0,441.5,373.1,1066,1051
7108,2025-07-31,6,1,480.0,420.3,337.4,964,945
7109,2025-07-31,6,2,480.0,341.0,284.2,812,801
7110,2025-07-31,6,3,441.0,239.7,203.3,581,570
7111,2025-07-31,7,1,480.0,431.8,356.4,891,872
7112,2025-07-31,7,2,480.0,292.0,239.2,598,585
7113,2025-07-31,7,3,480.0,256.6,196.4,491,476
7114,2025-07-31,8,1,480.0,428.6,364.2,950,931
7115,2025-07-31,8,2,480.0,343.9,291.7,761,744
7116,2025-07-31,8,3,480.0,368.0,292.1,762,744
7117,2025-07-31,9,1,480.0,467.9,419.9,1326,1309
7118,2025-07-31,9,2,480.0,401.3,370.2,1169,1148
7119,2025-07-31,9,3,480.0,472.4,405.0,1279,1259
7120,2025-07-31,10,1,480.0,460.1,381.5,1526,1499
7121,2025-07-31,10,2,480.0,412.1,349.0,1396,1372
7122,2025-07-31,10,3,480.0,414.0,353.8,1415,1382
7123,2025-07-31,11,1,480.0,398.2,316.2,1084,1063
7124,2025-07-31,11,2,480.0,364.1,309.8,1062,1031
7125,2025-07-31,11,3,441.4,207.1,168.0,576,559
7126,2025-07-31,12,1,480.0,480.0,418.9,1571,1551
7127,2025-07-31,12,2,480.0,321.2,282.4,1059,1047
7128,2025-07-31,12,3,480.0,375.0,325.6,1221,1207
7129,2025-08-01,1,1,480.0,447.0,392.0,1960,1935
7130,2025-08-01,1,2,480.0,406.8,364.4,1822,1799
7131,2025-08-01,1,3,480.0,434.8,373.0,1865,1857
7132,2025-08-01,2,1,480.0,402.0,358.4,1792,1773
7133,2025-08-01,2,2,480.0,368.6,337.2,1686,1651
7134,2025-08-01,2,3,480.0,469.7,386.8,1934,1901
7135,2025-08-01,3,1,480.0,463.8,375.3,1668,1621
7136,2025-08-01,3,2,480.0,425.8,364.3,1619,1591
7137,2025-08-01,3,3,480.0,321.4,261.9,1164,1144
7138,2025-08-01,4,1,480.0,470.5,421.3,2661,2637
7139,2025-08-01,4,2,480.0,480.0,431.9,2728,2709
7140,2025-08-01,4,3,480.0,420.0,373.7,2360,2318
7141,2025-08-01,5,1,480.0,454.9,393.8,1125,1106
7142,2025-08-01,5,2,480.0,428.6,357.7,1022,996
7143,2025-08-01,5,3,438.1,435.4,366.1,1046,1027
7144,2025-08-01,6,1,480.0,411.8,362.9,1037,1015
7145,2025-08-01,6,2,480.0,324.6,272.6,779,763
7146,2025-08-01,6,3,480.0,315.9,252.7,722,708
7147,2025-08-01,7,1,480.0,262.5,211.6,529,513
7148,2025-08-01,7,2,480.0,184.7,148.8,372,361
7149,2025-08-01,7,3,480.0,363.7,277.6,694,675
7150,2025-08-01,8,1,480.0,222.0,189.4,494,485
7151,2025-08-01,8,2,480.0,360.4,310.9,811,792
7152,2025-08-01,8,3,480.0,401.3,318.9,832,815
7153,2025-08-01,9,1,480.0,459.5,419.6,1325,1313
7154,2025-08-01,9,2,480.0,391.4,334.1,1055,1044
7155,2025-08-01,9,3,444.8,354.3,313.2,989,974
7156,2025-08-01,10,1,480.0,433.2,376.2,1505,1476
7157,2025-08-01,10,2,480.0,459.7,406.5,1626,1599
7158,2025-08-01,10,3,480.0,388.3,319.8,1279,1253
7159,2025-08-01,11,1,480.0,294.2,245.9,843,825
7160,2025-08-01,11,2,480.0,326.8,274.8,942,915
7161,2025-08-01,11,3,480.0,356.4,297.5,1020,992
7162,2025-08-01,12,1,480.0,450.3,401.1,1504,1493
7163,2025-08-01,12,2,480.0,465.1,411.2,1542,1520
7164,2025-08-01,12,3,480.0,190.1,161.6,606,600
7165,2025-08-02,1,1,480.0,465.8,414.6,2073,2049
7166,2025-08-02,1,2,480.0,480.0,425.6,2128,2109
7167,2025-08-02,1,3,480.0,440.1,390.2,1951,1925
7168,2025-08-02,2,1,480.0,411.7,357.6,1788,1767
7169,2025-08-02,2,2,480.0,480.0,424.8,2124,2106
7170,2025-08-02,2,3,480.0,457.2,380.2,1901,1880
7171,2025-08-02,3,1,480.0,337.0,273.1,1214,1189
7172,2025-08-02,3,2,480.0,410.4,346.1,1538,1497
7173,2025-08-02,3,3,480.0,318.5,261.4,1162,1135
7174,2025-08-02,4,1,480.0,477.7,426.4,2693,2661
7175,2025-08-02,4,2,480.0,397.2,369.2,2332,2310
7176,2025-08-02,4,3,480.0,428.5,371.9,2349,2313
7177,2025-08-02,5,1,480.0,446.0,382.9,1094,1072
7178,2025-08-02,5,2,480.0,416.8,352.4,1007,982
7179,2025-08-02,5,3,480.0,418.2,355.2,1015,991
7180,2025-08-02,6,1,480.0,392.1,337.4,964,943
7181,2025-08-02,6,2,480.0,389.5,347.2,992,971
7182,2025-08-02,6,3,480.0,444.9,372.4,1064,1048
7183,2025-08-02,7,1,480.0,416.9,331.6,829,803
7184,2025-08-02,7,2,480.0,409.6,305.6,764,741
7185,2025-08-02,7,3,480.0,365.8,283.6,709,689
7186,2025-08-02,8,1,480.0,356.8,304.4,794,772
7187,2025-08-02,8,2,480.0,364.0,301.3,786,775
7188,2025-08-02,8,3,480.0,430.0,362.6,946,925
7189,2025-08-02,9,1,480.0,345.6,307.5,971,955
7190,2025-08-02,9,2,480.0,464.2,414.5,1309,1284
7191,2025-08-02,9,3,480.0,367.0,311.3,983,970
7192,2025-08-02,10,1,480.0,453.9,393.8,1575,1549
7193,2025-08-02,10,2,480.0,426.1,370.0,1480,1463
7194,2025-08-02,10,3,480.0,425.6,359.5,1438,1410
7195,2025-08-02,11,1,480.0,358.6,311.2,1067,1041
7196,2025-08-02,11,2,480.0,452.4,374.5,1284,1250
7197,2025-08-02,11,3,480.0,339.8,285.8,980,959
7198,2025-08-02,12,1,480.0,464.5,406.4,1524,1505
7199,2025-08-02,12,2,480.0,464.0,408.3,1531,1512
7200,2025-08-02,12,3,480.0,480.0,405.9,1522,1491
7201,2025-08-03,1,1,480.0,445.1,397.8,1989,1973
7202,2025-08-03,1,2,480.0,442.0,387.2,1936,1911
7203,2025-08-03,1,3,480.0,411.3,354.0,1770,1745
7204,2025-08-03,2,1,480.0,466.6,426.2,2131,2114
7205,2025-08-03,2,2,480.0,387.5,346.4,1732,1710
7206,2025-08-03,2,3,480.0,426.6,370.8,1854,1840
7207,2025-08-03,3,1,480.0,369.5,299.9,1333,1298
7208,2025-08-03,3,2,480.0,464.4,388.4,1726,1673
7209,2025-08-03,3,3,480.0,272.1,222.3,988,966
7210,2025-08-03,4,1,480.0,417.9,371.9,2349,2323
7211,2025-08-03,4,2,480.0,438.4,405.6,2562,2532
7212,2025-08-03,4,3,480.0,464.1,412.5,2605,2557
7213,2025-08-03,5,1,480.0,457.5,391.6,1119,1102
7214,2025-08-03,5,2,480.0,478.4,416.5,1190,1174
7215,2025-08-03,5,3,480.0,379.1,326.2,932,916
7216,2025-08-03,6,1,480.0,432.7,372.8,1065,1046
7217,2025-08-03,6,2,480.0,350.8,310.4,887,869
7218,2025-08-03,6,3,480.0,421.2,340.2,972,942
7219,2025-08-03,7,1,480.0,222.5,180.4,451,439
7220,2025-08-03,7,2,480.0,324.9,263.2,658,642
7221,2025-08-03,7,3,448.8,367.6,280.4,701,683
7222,2025-08-03,8,1,480.0,353.9,312.0,814,804
7223,2025-08-03,8,2,480.0,302.8,266.4,695,684
7224,2025-08-03,8,3,480.0,461.9,377.2,984,962
7225,2025-08-03,9,1,480.0,455.5,414.8,1310,1296
7226,2025-08-03,9,2,480.0,473.2,439.5,1388,1374
7227,2025-08-03,9,3,480.0,402.8,361.3,1141,1129
7228,2025-08-03,10,1,480.0,299.2,250.8,1003,986
7229,2025-08-03,10,2,480.0,383.5,332.8,1331,1300
7230,2025-08-03,10,3,480.0,319.6,277.8,1111,1090
7231,2025-08-03,11,1,480.0,456.1,385.3,1321,1290
7232,2025-08-03,11,2,480.0,407.1,339.8,1165,1141
7233,2025-08-03,11,3,480.0,358.9,288.8,990,959
7234,2025-08-03,12,1,480.0,446.0,389.1,1459,1446
7235,2025-08-03,12,2,480.0,403.8,353.3,1325,1308
7236,2025-08-03,12,3,480.0,424.4,363.5,1363,1349
7237,2025-08-04,1,1,480.0,432.3,378.4,1892,1879
7238,2025-08-04,1,2,480.0,451.8,406.8,2034,1997
7239,2025-08-04,1,3,480.0,437.7,386.0,1930,1915
7240,2025-08-04,2,1,480.0,206.8,181.2,906,894
7241,2025-08-04,2,2,480.0,408.5,362.2,1811,1790
7242,2025-08-04,2,3,480.0,436.7,370.6,1853,1826
7243,2025-08-04,3,1,480.0,399.3,330.8,1470,1444
7244,2025-08-04,3,2,480.0,425.1,347.4,1544,1516
7245,2025-08-04,3,3,480.0,332.9,264.4,1175,1155
7246,2025-08-04,4,1,480.0,458.1,413.6,2612,2591
7247,2025-08-04,4,2,480.0,460.8,412.9,2608,2573
7248,2025-08-04,4,3,480.0,430.4,385.9,2437,2399
7249,2025-08-04,5,1,480.0,475.2,407.1,1163,1136
7250,2025-08-04,5,2,480.0,438.5,380.1,1086,1062
7251,2025-08-04,5,3,480.0,328.2,269.9,771,750
7252,2025-08-04,6,1,480.0,428.0,373.8,1068,1051
7253,2025-08-04,6,2,480.0,336.1,287.7,822,802
7254,2025-08-04,6,3,480.0,389.0,316.4,904,885
7255,2025-08-04,7,1,480.0,329.0,269.2,673,655
7256,2025-08-04,7,2,480.0,277.9,220.8,552,536
7257,2025-08-04,7,3,480.0,231.3,174.8,437,421
7258,2025-08-04,8,1,480.0,447.0,381.0,994,976
7259,2025-08-04,8,2,480.0,452.9,382.9,999,976
7260,2025-08-04,8,3,480.0,367.7,306.7,800,783
7261,2025-08-04,9,1,480.0,480.0,440.2,1390,1368
7262,2025-08-04,9,2,480.0,463.6,416.1,1314,1290
7263,2025-08-04,9,3,480.0,452.3,401.2,1267,1252
7264,2025-08-04,10,1,480.0,439.0,385.2,1541,1503
7265,2025-08-04,10,2,480.0,339.9,299.5,1198,1183
7266,2025-08-04,10,3,480.0,448.8,376.0,1504,1484
7267,2025-08-04,11,1,480.0,428.7,358.2,1228,1203
7268,2025-08-04,11,2,480.0,472.8,413.6,1418,1391
7269,2025-08-04,11,3,480.0,462.2,381.2,1307,1282
7270,2025-08-04,12,1,480.0,469.9,421.6,1581,1551
7271,2025-08-04,12,2,480.0,423.7,383.7,1439,1424
7272,2025-08-04,12,3,480.0,386.0,327.5,1228,1217
7273,2025-08-05,1,1,480.0,437.7,386.0,1930,1905
7274,2025-08-05,1,2,480.0,355.6,308.0,1540,1524
7275,2025-08-05,1,3,480.0,410.1,360.4,1802,1782
7276,2025-08-05,2,1,480.0,383.4,327.0,1635,1617
7277,2025-08-05,2,2,480.0,394.7,338.0,1690,1664
7278,2025-08-05,2,3,480.0,390.4,328.6,1643,1615
7279,2025-08-05,3,1,480.0,443.4,364.7,1621,1590
7280,2025-08-05,3,2,480.0,443.9,380.0,1689,1644
7281,2025-08-05,3,3,480.0,365.3,290.5,1291,1260
7282,2025-08-05,4,1,480.0,480.0,441.8,2790,2757
7283,2025-08-05,4,2,480.0,472.9,440.8,2784,2781
7284,2025-08-05,4,3,480.0,480.0,420.9,2658,2642
7285,2025-08-05,5,1,480.0,454.9,400.4,1144,1113
7286,2025-08-05,5,2,480.0,401.4,353.1,1009,990
7287,2025-08-05,5,3,480.0,237.2,197.4,564,553
7288,2025-08-05,6,1,480.0,436.1,379.4,1084,1067
7289,2025-08-05,6,2,480.0,403.1,343.7,982,958
7290,2025-08-05,6,3,432.7,332.2,274.4,784,771
7291,2025-08-05,7,1,480.0,346.6,269.6,674,657
7292,2025-08-05,7,2,480.0,283.9,230.8,577,561
7293,2025-08-05,7,3,480.0,339.1,264.0,660,645
7294,2025-08-05,8,1,480.0,436.2,361.9,944,930
7295,2025-08-05,8,2,480.0,425.5,358.0,934,919
7296,2025-08-05,8,3,480.0,462.6,377.2,984,962
7297,2025-08-05,9,1,480.0,410.0,366.1,1156,1143
7298,2025-08-05,9,2,480.0,350.5,302.1,954,944
7299,2025-08-05,9,3,480.0,285.5,253.7,801,790
7300,2025-08-05,10,1,480.0,464.0,404.2,1617,1586
7301,2025-08-05,10,2,480.0,460.4,397.0,1588,1570
7302,2025-08-05,10,3,480.0,459.7,400.2,1601,1569
7303,2025-08-05,11,1,480.0,439.4,370.7,1271,1244
7304,2025-08-05,11,2,480.0,461.6,401.9,1378,1351
7305,2025-08-05,11,3,480.0,322.0,252.0,864,844
7306,2025-08-05,12,1,480.0,444.5,392.8,1473,1456
7307,2025-08-05,12,2,480.0,426.5,381.9,1432,1414
7308,2025-08-05,12,3,480.0,468.2,419.5,1573,1539
7309,2025-08-06,1,1,480.0,476.9,427.2,2136,2104
7310,2025-08-06,1,2,480.0,386.7,341.0,1705,1682
7311,2025-08-06,1,3,480.0,417.2,367.2,1836,1812
7312,2025-08-06,2,1,480.0,473.2,421.4,2107,2072
7313,2025-08-06,2,2,480.0,476.7,431.6,2158,2127
7314,2025-08-06,2,3,480.0,399.7,345.2,1726,1703
7315,2025-08-06,3,1,480.0,355.7,288.7,1283,1249
7316,2025-08-06,3,2,480.0,449.7,381.8,1697,1662
7317,2025-08-06,3,3,444.0,366.7,297.2,1321,1289
7318,2025-08-06,4,1,480.0,453.1,421.2,2660,2625
7319,2025-08-06,4,2,480.0,461.8,423.7,2676,2635
7320,2025-08-06,4,3,480.0,461.8,400.1,2527,2518
7321,2025-08-06,5,1,480.0,402.9,346.1,989,971
7322,2025-08-06,5,2,480.0,226.0,196.0,560,552
7323,2025-08-06,5,3,480.0,404.3,341.6,976,961
7324,2025-08-06,6,1,480.0,394.4,334.2,955,939
7325,2025-08-06,6,2,480.0,422.2,362.6,1036,1005
7326,2025-08-06,6,3,480.0,431.2,357.0,1020,1006
7327,2025-08-06,7,1,480.0,297.3,238.8,597,583
7328,2025-08-06,7,2,480.0,300.5,231.6,579,561
7329,2025-08-06,7,3,480.0,267.7,208.0,520,508
7330,2025-08-06,8,1,480.0,451.5,394.1,1028,1007
7331,2025-08-06,8,2,480.0,364.6,310.5,810,788
7332,2025-08-06,8,3,480.0,380.7,321.6,839,821
7333,2025-08-06,9,1,480.0,480.0,436.7,1379,1371
7334,2025-08-06,9,2,480.0,467.2,426.9,1348,1320
7335,2025-08-06,9,3,480.0,450.9,388.2,1226,1205
7336,2025-08-06,10,1,480.0,480.0,432.2,1729,1699
7337,2025-08-06,10,2,480.0,381.1,329.5,1318,1293
7338,2025-08-06,10,3,480.0,234.1,194.8,779,765
7339,2025-08-06,11,1,480.0,437.4,371.0,1272,1243
7340,2025-08-06,11,2,480.0,430.7,357.9,1227,1197
7341,2025-08-06,11,3,480.0,258.2,217.0,744,725
7342,2025-08-06,12,1,480.0,426.9,373.3,1400,1373
7343,2025-08-06,12,2,480.0,419.1,374.9,1406,1378
7344,2025-08-06,12,3,480.0,400.5,343.7,1289,1269
7345,2025-08-07,1,1,480.0,423.4,387.2,1936,1916
7346,2025-08-07,1,2,480.0,414.7,357.2,1786,1776
7347,2025-08-07,1,3,480.0,301.4,264.8,1324,1309
7348,2025-08-07,2,1,480.0,356.3,309.6,1548,1525
7349,2025-08-07,2,2,480.0,384.5,333.2,1666,1635
7350,2025-08-07,2,3,442.1,399.4,340.6,1703,1675
7351,2025-08-07,3,1,480.0,304.2,252.9,1124,1100
7352,2025-08-07,3,2,480.0,418.2,350.1,1556,1530
7353,2025-08-07,3,3,480.0,408.7,330.1,1467,1439
7354,2025-08-07,4,1,480.0,453.5,412.9,2608,2576
7355,2025-08-07,4,2,480.0,442.2,391.6,2473,2443
7356,2025-08-07,4,3,480.0,480.0,415.5,2624,2587
7357,2025-08-07,5,1,480.0,404.3,345.8,988,976
7358,2025-08-07,5,2,480.0,463.6,394.8,1128,1109
7359,2025-08-07,5,3,480.0,376.7,316.8,905,890
7360,2025-08-07,6,1,480.0,350.3,306.2,875,856
7361,2025-08-07,6,2,480.0,354.2,303.8,868,849
7362,2025-08-07,6,3,480.0,430.3,339.9,971,953
7363,2025-08-07,7,1,480.0,443.9,361.2,903,886
7364,2025-08-07,7,2,480.0,318.6,268.8,672,657
7365,2025-08-07,7,3,480.0,271.5,214.8,537,525
7366,2025-08-07,8,1,480.0,386.8,327.8,855,834
7367,2025-08-07,8,2,480.0,279.7,235.4,614,603
7368,2025-08-07,8,3,480.0,304.6,262.6,685,671
7369,2025-08-07,9,1,480.0,444.7,390.8,1234,1226
7370,2025-08-07,9,2,480.0,410.5,366.7,1158,1145
7371,2025-08-07,9,3,480.0,480.0,417.4,1318,1305
7372,2025-08-07,10,1,480.0,409.9,362.5,1450,1432
7373,2025-08-07,10,2,480.0,447.5,388.5,1554,1533
7374,2025-08-07,10,3,480.0,433.0,357.8,1431,1399
7375,2025-08-07,11,1,480.0,415.5,355.8,1220,1185
7376,2025-08-07,11,2,480.0,307.2,265.7,911,889
7377,2025-08-07,11,3,480.0,421.0,343.3,1177,1149
7378,2025-08-07,12,1,480.0,434.1,377.1,1414,1401
7379,2025-08-07,12,2,480.0,433.5,376.5,1412,1386
7380,2025-08-07,12,3,480.0,448.1,375.5,1408,1392
7381,2025-08-08,1,1,257.7,257.7,227.0,1135,1124
7382,2025-08-08,1,2,480.0,415.9,389.6,1948,1923
7383,2025-08-08,1,3,480.0,285.6,243.8,1219,1205
7384,2025-08-08,2,1,480.0,425.9,373.8,1869,1846
7385,2025-08-08,2,2,480.0,416.9,355.0,1775,1752
7386,2025-08-08,2,3,480.0,457.4,396.8,1984,1967
7387,2025-08-08,3,1,480.0,378.8,317.2,1410,1383
7388,2025-08-08,3,2,480.0,368.7,291.6,1296,1264
7389,2025-08-08,3,3,480.0,456.9,376.6,1674,1650
7390,2025-08-08,4,1,480.0,467.3,427.2,2698,2691
7391,2025-08-08,4,2,480.0,452.5,423.4,2674,2645
7392,2025-08-08,4,3,480.0,480.0,411.7,2600,2564
7393,2025-08-08,5,1,480.0,435.1,365.4,1044,1023
7394,2025-08-08,5,2,480.0,463.5,414.1,1183,1165
7395,2025-08-08,5,3,480.0,430.4,357.0,1020,1001
7396,2025-08-08,6,1,480.0,362.5,313.9,897,878
7397,2025-08-08,6,2,480.0,389.5,337.1,963,943
7398,2025-08-08,6,3,480.0,369.0,296.4,847,828
7399,2025-08-08,7,1,480.0,161.9,128.4,321,311
7400,2025-08-08,7,2,480.0,390.2,302.0,755,732
7401,2025-08-08,7,3,480.0,306.0,237.2,593,576
7402,2025-08-08,8,1,480.0,405.4,344.6,899,885
7403,2025-08-08,8,2,480.0,403.6,331.2,864,844
7404,2025-08-08,8,3,480.0,353.8,292.5,763,748
7405,2025-08-08,9,1,480.0,450.6,401.2,1267,1245
7406,2025-08-08,9,2,480.0,444.9,400.9,1266,1248
7407,2025-08-08,9,3,480.0,468.6,402.8,1272,1257
7408,2025-08-08,10,1,480.0,373.4,319.0,1276,1253
7409,2025-08-08,10,2,480.0,431.1,385.2,1541,1505
7410,2025-08-08,10,3,480.0,397.9,332.2,1329,1313
7411,2025-08-08,11,1,480.0,443.0,381.2,1307,1276
7412,2025-08-08,11,2,480.0,398.2,336.3,1153,1132
7413,2025-08-08,11,3,480.0,424.5,349.7,1199,1165
7414,2025-08-08,12,1,480.0,462.8,416.0,1560,1529
7415,2025-08-08,12,2,480.0,451.7,410.7,1540,1513
7416,2025-08-08,12,3,480.0,404.1,349.1,1309,1295
7417,2025-08-09,1,1,480.0,413.0,365.6,1828,1811
7418,2025-08-09,1,2,480.0,474.7,435.4,2177,2138
7419,2025-08-09,1,3,480.0,422.1,361.0,1805,1784
7420,2025-08-09,2,1,480.0,463.2,397.6,1988,1941
7421,2025-08-09,2,2,480.0,340.6,302.4,1512,1500
7422,2025-08-09,2,3,480.0,480.0,403.6,2018,1996
7423,2025-08-09,3,1,480.0,461.4,373.5,1660,1626
7424,2025-08-09,3,2,480.0,307.7,261.7,1163,1131
7425,2025-08-09,3,3,480.0,342.5,271.8,1208,1182
7426,2025-08-09,4,1,480.0,464.6,418.5,2643,2618
7427,2025-08-09,4,2,480.0,442.5,416.7,2632,2590
7428,2025-08-09,4,3,480.0,382.8,341.2,2155,2130
7429,2025-08-09,5,1,480.0,460.6,381.5,1090,1070
7430,2025-08-09,5,2,480.0,450.6,387.4,1107,1085
7431,2025-08-09,5,3,480.0,365.6,311.9,891,874
7432,2025-08-09,6,1,480.0,434.4,368.2,1052,1033
7433,2025-08-09,6,2,480.0,454.4,395.9,1131,1111
7434,2025-08-09,6,3,480.0,361.5,299.2,855,833
7435,2025-08-09,7,1,480.0,376.1,306.0,765,741
7436,2025-08-09,7,2,480.0,283.5,232.0,580,565
7437,2025-08-09,7,3,480.0,381.0,291.6,729,709
7438,2025-08-09,8,1,480.0,442.0,369.9,965,950
7439,2025-08-09,8,2,480.0,480.0,410.9,1072,1049
7440,2025-08-09,8,3,480.0,342.7,287.9,751,741
7441,2025-08-09,9,1,480.0,386.1,355.3,1122,1102
7442,2025-08-09,9,2,480.0,480.0,440.5,1391,1362
7443,2025-08-09,9,3,480.0,383.9,318.2,1005,994
7444,2025-08-09,10,1,480.0,426.9,364.0,1456,1428
7445,2025-08-09,10,2,480.0,447.4,399.2,1597,1579
7446,2025-08-09,10,3,480.0,330.3,284.2,1137,1117
7447,2025-08-09,11,1,480.0,429.8,369.8,1268,1233
7448,2025-08-09,11,2,480.0,375.9,325.5,1116,1092
7449,2025-08-09,11,3,480.0,392.5,330.5,1133,1107
7450,2025-08-09,12,1,480.0,480.0,425.6,1596,1567
7451,2025-08-09,12,2,480.0,441.8,376.5,1412,1396
7452,2025-08-09,12,3,480.0,448.9,397.1,1489,1463
7453,2025-08-10,1,1,480.0,416.2,355.8,1779,1761
7454,2025-08-10,1,2,480.0,468.5,413.8,2069,2040
7455,2025-08-10,1,3,480.0,461.5,394.8,1974,1957
7456,2025-08-10,2,1,480.0,426.9,378.6,1893,1862
7457,2025-08-10,2,2,480.0,443.9,398.8,1994,1977
7458,2025-08-10,2,3,480.0,420.7,355.0,1775,1759
7459,2025-08-10,3,1,480.0,348.6,288.0,1280,1250
7460,2025-08-10,3,2,480.0,273.6,228.2,1014,999
7461,2025-08-10,3,3,480.0,444.2,359.6,1598,1567
7462,2025-08-10,4,1,480.0,480.0,429.1,2710,2700
7463,2025-08-10,4,2,480.0,469.6,418.3,2642,2624
7464,2025-08-10,4,3,480.0,338.7,297.4,1878,1859
7465,2025-08-10,5,1,480.0,404.8,353.5,1010,993
7466,2025-08-10,5,2,480.0,395.5,347.9,994,978
7467,2025-08-10,5,3,480.0,385.4,317.4,907,885
7468,2025-08-10,6,1,480.0,435.6,379.8,1085,1061
7469,2025-08-10,6,2,480.0,393.4,334.9,957,935
7470,2025-08-10,6,3,480.0,407.3,342.6,979,962
7471,2025-08-10,7,1,480.0,336.6,269.2,673,655
7472,2025-08-10,7,2,480.0,366.5,296.4,741,722
7473,2025-08-10,7,3,480.0,325.8,249.6,624,604
7474,2025-08-10,8,1,480.0,422.7,356.5,930,910
7475,2025-08-10,8,2,480.0,414.8,341.6,891,873
7476,2025-08-10,8,3,480.0,300.3,254.9,665,653
7477,2025-08-10,9,1,480.0,472.0,429.4,1356,1333
7478,2025-08-10,9,2,480.0,436.5,393.3,1242,1222
7479,2025-08-10,9,3,480.0,468.4,415.1,1311,1306
7480,2025-08-10,10,1,480.0,475.1,408.8,1635,1603
7481,2025-08-10,10,2,480.0,379.2,327.8,1311,1291
7482,2025-08-10,10,3,442.4,378.2,317.0,1268,1242
7483,2025-08-10,11,1,480.0,336.4,291.7,1000,976
7484,2025-08-10,11,2,480.0,448.8,385.6,1322,1300
7485,2025-08-10,11,3,480.0,423.4,357.3,1225,1198
7486,2025-08-10,12,1,480.0,362.9,326.4,1224,1221
7487,2025-08-10,12,2,480.0,389.4,334.1,1253,1232
7488,2025-08-10,12,3,480.0,428.4,368.0,1380,1358
7489,2025-08-11,1,1,480.0,443.6,393.6,1968,1949
7490,2025-08-11,1,2,480.0,465.9,401.6,2008,1977
7491,2025-08-11,1,3,446.9,412.0,361.6,1808,1795
7492,2025-08-11,2,1,480.0,441.3,404.0,2020,1990
7493,2025-08-11,2,2,480.0,425.8,385.6,1928,1899
7494,2025-08-11,2,3,480.0,386.2,329.8,1649,1626
7495,2025-08-11,3,1,480.0,355.4,289.6,1287,1252
7496,2025-08-11,3,2,480.0,346.7,301.3,1339,1313
7497,2025-08-11,3,3,480.0,315.4,251.3,1117,1096
7498,2025-08-11,4,1,480.0,480.0,446.5,2820,2806
7499,2025-08-11,4,2,480.0,452.0,409.6,2587,2555
7500,2025-08-11,4,3,480.0,457.9,394.1,2489,2466
7501,2025-08-11,5,1,480.0,389.3,331.4,947,935
7502,2025-08-11,5,2,480.0,377.6,318.1,909,890
7503,2025-08-11,5,3,480.0,390.5,325.1,929,914
7504,2025-08-11,6,1,480.0,436.2,363.3,1038,1015
7505,2025-08-11,6,2,480.0,478.2,400.8,1145,1116
7506,2025-08-11,6,3,480.0,413.3,348.6,996,973
7507,2025-08-11,7,1,480.0,303.4,238.8,597,586
7508,2025-08-11,7,2,480.0,330.5,268.8,672,656
7509,2025-08-11,7,3,480.0,320.2,252.8,632,615
7510,2025-08-11,8,1,480.0,434.1,364.9,952,931
7511,2025-08-11,8,2,480.0,298.1,262.2,684,667
7512,2025-08-11,8,3,480.0,259.4,211.6,552,538
7513,2025-08-11,9,1,480.0,433.8,390.4,1233,1216
7514,2025-08-11,9,2,480.0,454.0,418.0,1320,1297
7515,2025-08-11,9,3,480.0,463.2,401.2,1267,1256
7516,2025-08-11,10,1,480.0,435.6,395.2,1581,1557
7517,2025-08-11,10,2,480.0,470.4,410.0,1640,1607
7518,2025-08-11,10,3,480.0,409.0,330.8,1323,1308
7519,2025-08-11,11,1,480.0,392.8,333.4,1143,1119
7520,2025-08-11,11,2,480.0,318.8,265.7,911,889
7521,2025-08-11,11,3,480.0,300.0,245.0,840,823
7522,2025-08-11,12,1,480.0,480.0,431.5,1618,1601
7523,2025-08-11,12,2,480.0,426.2,371.7,1394,1364
7524,2025-08-11,12,3,480.0,302.9,263.2,987,974
7525,2025-08-12,1,1,480.0,459.1,403.4,2017,1996
7526,2025-08-12,1,2,480.0,440.2,404.8,2024,1994
7527,2025-08-12,1,3,480.0,393.5,341.2,1706,1693
7528,2025-08-12,2,1,480.0,360.3,323.4,1617,1604
7529,2025-08-12,2,2,480.0,395.2,360.2,1801,1792
7530,2025-08-12,2,3,480.0,372.2,327.2,1636,1613
7531,2025-08-12,3,1,480.0,272.3,226.6,1007,984
7532,2025-08-12,3,2,480.0,412.0,346.5,1540,1501
7533,2025-08-12,3,3,480.0,382.5,303.1,1347,1322
7534,2025-08-12,4,1,480.0,465.7,418.2,2641,2623
7535,2025-08-12,4,2,480.0,475.9,428.8,2708,2680
7536,2025-08-12,4,3,480.0,442.2,375.7,2373,2352
7537,2025-08-12,5,1,480.0,413.3,366.4,1047,1033
7538,2025-08-12,5,2,480.0,257.9,218.8,625,612
7539,2025-08-12,5,3,452.2,429.4,362.9,1037,1020
7540,2025-08-12,6,1,480.0,459.6,385.4,1101,1069
7541,2025-08-12,6,2,480.0,415.6,344.4,984,966
7542,2025-08-12,6,3,480.0,338.7,282.4,807,786
7543,2025-08-12,7,1,480.0,323.4,252.8,632,612
7544,2025-08-12,7,2,480.0,239.6,188.0,470,455
7545,2025-08-12,7,3,480.0,435.0,324.8,812,794
7546,2025-08-12,8,1,480.0,368.8,317.4,828,810
7547,2025-08-12,8,2,480.0,403.9,344.6,899,874
7548,2025-08-12,8,3,480.0,361.1,294.4,768,759
7549,2025-08-12,9,1,480.0,476.0,410.7,1297,1280
7550,2025-08-12,9,2,480.0,436.1,384.8,1215,1197
7551,2025-08-12,9,3,480.0,467.9,410.4,1296,1279
7552,2025-08-12,10,1,480.0,466.6,411.8,1647,1622
7553,2025-08-12,10,2,480.0,455.8,404.8,1619,1596
7554,2025-08-12,10,3,480.0,468.5,392.5,1570,1529
7555,2025-08-12,11,1,480.0,384.1,330.2,1132,1103
7556,2025-08-12,11,2,480.0,348.2,299.2,1026,1002
7557,2025-08-12,11,3,431.3,251.1,205.3,704,688
7558,2025-08-12,12,1,480.0,431.1,383.5,1438,1421
7559,2025-08-12,12,2,480.0,449.8,402.4,1509,1483
7560,2025-08-12,12,3,480.0,279.5,228.3,856,844
7561,2025-08-13,1,1,480.0,480.0,415.0,2075,2056
7562,2025-08-13,1,2,480.0,450.6,390.4,1952,1931
7563,2025-08-13,1,3,447.6,311.2,273.4,1367,1355
7564,2025-08-13,2,1,480.0,465.1,426.8,2134,2092
7565,2025-08-13,2,2,480.0,412.4,367.4,1837,1821
7566,2025-08-13,2,3,480.0,464.0,400.6,2003,1968
7567,2025-08-13,3,1,480.0,289.7,241.0,1071,1048
7568,2025-08-13,3,2,480.0,345.2,292.1,1298,1265
7569,2025-08-13,3,3,480.0,346.4,273.8,1217,1185
7570,2025-08-13,4,1,480.0,436.2,404.1,2552,2530
7571,2025-08-13,4,2,480.0,394.9,341.8,2159,2131
7572,2025-08-13,4,3,480.0,383.3,327.4,2068,2055
7573,2025-08-13,5,1,480.0,426.5,371.4,1061,1033
7574,2025-08-13,5,2,480.0,480.0,421.4,1204,1196
7575,2025-08-13,5,3,480.0,367.2,302.1,863,847
7576,2025-08-13,6,1,480.0,262.7,222.2,635,622
7577,2025-08-13,6,2,480.0,377.1,325.9,931,905
7578,2025-08-13,6,3,480.0,316.3,266.0,760,742
7579,2025-08-13,7,1,480.0,364.8,295.6,739,717
7580,2025-08-13,7,2,480.0,325.3,254.8,637,617
7581,2025-08-13,7,3,480.0,355.3,270.4,676,657
7582,2025-08-13,8,1,300.9,269.5,241.9,631,618
7583,2025-08-13,8,2,480.0,457.1,384.1,1002,977
7584,2025-08-13,8,3,480.0,242.5,200.5,523,514
7585,2025-08-13,9,1,480.0,471.7,437.3,1381,1365
7586,2025-08-13,9,2,480.0,480.0,427.2,1349,1329
7587,2025-08-13,9,3,480.0,389.7,333.4,1053,1038
7588,2025-08-13,10,1,480.0,445.9,379.5,1518,1492
7589,2025-08-13,10,2,480.0,407.1,361.0,1444,1421
7590,2025-08-13,10,3,480.0,368.6,316.2,1265,1244
7591,2025-08-13,11,1,480.0,413.8,350.0,1200,1168
7592,2025-08-13,11,2,480.0,383.3,336.9,1155,1127
7593,2025-08-13,11,3,480.0,352.1,295.2,1012,993
7594,2025-08-13,12,1,480.0,384.8,336.3,1261,1243
7595,2025-08-13,12,2,480.0,444.4,402.4,1509,1494
7596,2025-08-13,12,3,480.0,424.1,362.9,1361,1349
7597,2025-08-14,1,1,480.0,438.5,394.2,1971,1947
7598,2025-08-14,1,2,480.0,378.1,334.6,1673,1650
7599,2025-08-14,1,3,480.0,441.0,370.0,1850,1827
7600,2025-08-14,2,1,480.0,416.2,377.0,1885,1852
7601,2025-08-14,2,2,480.0,438.7,379.0,1895,1857
7602,2025-08-14,2,3,480.0,403.2,347.6,1738,1722
7603,2025-08-14,3,1,480.0,260.4,223.7,994,974
7604,2025-08-14,3,2,480.0,455.7,377.1,1676,1648
7605,2025-08-14,3,3,480.0,421.6,337.7,1501,1479
7606,2025-08-14,4,1,480.0,467.5,436.1,2754,2728
7607,2025-08-14,4,2,480.0,398.2,359.9,2273,2249
7608,2025-08-14,4,3,480.0,442.4,389.5,2460,2425
7609,2025-08-14,5,1,480.0,396.4,336.7,962,948
7610,2025-08-14,5,2,480.0,459.3,394.8,1128,1104
7611,2025-08-14,5,3,480.0,316.8,264.9,757,743
7612,2025-08-14,6,1,480.0,438.2,361.2,1032,1015
7613,2025-08-14,6,2,480.0,391.7,334.6,956,937
7614,2025-08-14,6,3,480.0,402.3,335.3,958,939
7615,2025-08-14,7,1,480.0,346.8,280.0,700,685
7616,2025-08-14,7,2,480.0,331.5,263.6,659,638
7617,2025-08-14,7,3,480.0,280.6,221.6,554,534
7618,2025-08-14,8,1,480.0,389.9,331.6,865,843
7619,2025-08-14,8,2,480.0,386.4,327.0,853,835
7620,2025-08-14,8,3,480.0,362.8,299.8,782,767
7621,2025-08-14,9,1,480.0,455.6,418.3,1321,1301
7622,2025-08-14,9,2,480.0,480.0,420.9,1329,1315
7623,2025-08-14,9,3,438.9,277.2,240.7,760,748
7624,2025-08-14,10,1,480.0,474.0,422.8,1691,1664
7625,2025-08-14,10,2,480.0,474.9,400.5,1602,1573
7626,2025-08-14,10,3,480.0,451.5,381.0,1524,1507
7627,2025-08-14,11,1,480.0,397.3,345.9,1186,1153
7628,2025-08-14,11,2,480.0,401.0,348.0,1193,1164
7629,2025-08-14,11,3,480.0,213.5,178.8,613,604
7630,2025-08-14,12,1,480.0,461.8,414.9,1556,1532
7631,2025-08-14,12,2,480.0,467.2,414.4,1554,1528
7632,2025-08-14,12,3,480.0,407.6,343.7,1289,1270
7633,2025-08-15,1,1,480.0,455.7,405.8,2029,1998
7634,2025-08-15,1,2,480.0,459.1,416.0,2080,2039
7635,2025-08-15,1,3,480.0,443.9,376.0,1880,1858
7636,2025-08-15,2,1,480.0,480.0,419.2,2096,2062
7637,2025-08-15,2,2,480.0,454.5,383.8,1919,1899
7638,2025-08-15,2,3,480.0,453.0,374.8,1874,1843
7639,2025-08-15,3,1,480.0,374.2,315.2,1401,1387
7640,2025-08-15,3,2,480.0,348.5,292.5,1300,1266
7641,2025-08-15,3,3,480.0,231.4,189.2,841,820
7642,2025-08-15,4,1,480.0,464.5,422.8,2670,2634
7643,2025-08-15,4,2,480.0,480.0,448.6,2833,2815
7644,2025-08-15,4,3,480.0,467.6,419.4,2649,2611
7645,2025-08-15,5,1,480.0,353.3,291.6,833,821
7646,2025-08-15,5,2,480.0,402.1,351.4,1004,987
7647,2025-08-15,5,3,480.0,380.2,311.9,891,873
7648,2025-08-15,6,1,480.0,457.1,375.2,1072,1052
7649,2025-08-15,6,2,480.0,460.6,369.9,1057,1041
7650,2025-08-15,6,3,480.0,401.4,333.2,952,932
7651,2025-08-15,7,1,480.0,330.1,261.2,653,635
7652,2025-08-15,7,2,480.0,296.6,235.6,589,575
7653,2025-08-15,7,3,440.3,141.4,106.0,265,257
7654,2025-08-15,8,1,480.0,417.8,360.7,941,923
7655,2025-08-15,8,2,480.0,341.5,302.8,790,771
7656,2025-08-15,8,3,480.0,410.2,337.7,881,865
7657,2025-08-15,9,1,480.0,480.0,431.6,1363,1346
7658,2025-08-15,9,2,480.0,460.9,414.8,1310,1296
7659,2025-08-15,9,3,480.0,368.8,321.7,1016,1003
7660,2025-08-15,10,1,480.0,443.0,392.0,1568,1537
7661,2025-08-15,10,2,480.0,449.2,391.8,1567,1547
7662,2025-08-15,10,3,480.0,329.7,276.5,1106,1090
7663,2025-08-15,11,1,480.0,375.0,317.0,1087,1058
7664,2025-08-15,11,2,480.0,388.6,324.0,1111,1078
7665,2025-08-15,11,3,480.0,391.0,329.3,1129,1104
7666,2025-08-15,12,1,480.0,444.9,383.5,1438,1414
7667,2025-08-15,12,2,480.0,440.3,384.0,1440,1417
7668,2025-08-15,12,3,480.0,437.5,353.1,1324,1310
7669,2025-08-16,1,1,480.0,456.1,417.0,2085,2068
7670,2025-08-16,1,2,480.0,475.0,422.8,2114,2094
7671,2025-08-16,1,3,480.0,467.6,409.0,2045,2018
7672,2025-08-16,2,1,480.0,364.4,325.4,1627,1600
7673,2025-08-16,2,2,480.0,457.4,404.2,2021,2002
7674,2025-08-16,2,3,480.0,451.4,385.6,1928,1900
7675,2025-08-16,3,1,480.0,434.4,352.8,1568,1540
7676,2025-08-16,3,2,480.0,324.8,269.3,1197,1166
7677,2025-08-16,3,3,480.0,415.8,332.8,1479,1441
7678,2025-08-16,4,1,480.0,311.4,290.5,1835,1819
7679,2025-08-16,4,2,480.0,471.3,427.3,2699,2671
7680,2025-08-16,4,3,480.0,472.3,417.2,2635,2616
7681,2025-08-16,5,1,480.0,224.5,187.9,537,530
7682,2025-08-16,5,2,480.0,387.0,324.8,928,912
7683,2025-08-16,5,3,480.0,369.9,310.8,888,869
7684,2025-08-16,6,1,480.0,440.8,369.6,1056,1029
7685,2025-08-16,6,2,480.0,354.2,292.2,835,818
7686,2025-08-16,6,3,445.2,326.7,270.6,773,759
7687,2025-08-16,7,1,480.0,424.7,340.4,851,832
7688,2025-08-16,7,2,480.0,285.7,227.2,568,555
7689,2025-08-16,7,3,480.0,300.2,229.2,573,561
7690,2025-08-16,8,1,480.0,442.1,378.7,988,969
7691,2025-08-16,8,2,480.0,409.3,354.6,925,904
7692,2025-08-16,8,3,480.0,432.2,348.1,908,888
7693,2025-08-16,9,1,480.0,446.4,410.4,1296,1282
7694,2025-08-16,9,2,480.0,439.9,394.9,1247,1229
7695,2025-08-16,9,3,480.0,428.7,374.3,1182,1174
7696,2025-08-16,10,1,480.0,372.5,328.8,1315,1293
7697,2025-08-16,10,2,480.0,313.3,266.5,1066,1053
7698,2025-08-16,10,3,480.0,375.8,317.5,1270,1254
7699,2025-08-16,11,1,480.0,402.0,348.0,1193,1171
7700,2025-08-16,11,2,480.0,336.6,294.0,1008,983
7701,2025-08-16,11,3,480.0,401.0,328.1,1125,1094
7702,2025-08-16,12,1,480.0,376.3,333.9,1252,1236
7703,2025-08-16,12,2,480.0,418.2,365.1,1369,1342
7704,2025-08-16,12,3,480.0,401.6,335.2,1257,1238
7705,2025-08-17,1,1,480.0,427.9,367.6,1838,1816
7706,2025-08-17,1,2,480.0,446.7,405.2,2026,2001
7707,2025-08-17,1,3,455.2,379.6,337.0,1685,1670
7708,2025-08-17,2,1,480.0,400.9,343.0,1715,1693
7709,2025-08-17,2,2,480.0,465.9,413.6,2068,2033
7710,2025-08-17,2,3,443.6,322.0,279.8,1399,1380
7711,2025-08-17,3,1,480.0,357.5,310.7,1381,1354
7712,2025-08-17,3,2,480.0,442.6,365.9,1626,1598
7713,2025-08-17,3,3,480.0,380.1,306.4,1362,1335
7714,2025-08-17,4,1,480.0,442.5,398.5,2517,2485
7715,2025-08-17,4,2,480.0,466.8,418.6,2644,2623
7716,2025-08-17,4,3,480.0,453.2,384.6,2429,2394
7717,2025-08-17,5,1,480.0,453.1,377.6,1079,1060
7718,2025-08-17,5,2,480.0,330.9,293.3,838,819
7719,2025-08-17,5,3,480.0,430.2,353.9,1011,993
7720,2025-08-17,6,1,480.0,458.8,384.6,1099,1077
7721,2025-08-17,6,2,480.0,405.6,352.4,1007,985
7722,2025-08-17,6,3,480.0,449.8,369.2,1055,1034
7723,2025-08-17,7,1,480.0,349.9,287.6,719,702
7724,2025-08-17,7,2,480.0,275.7,219.6,549,535
7725,2025-08-17,7,3,480.0,319.4,250.0,625,610
7726,2025-08-17,8,1,480.0,365.5,308.6,805,788
7727,2025-08-17,8,2,480.0,402.8,338.5,883,860
7728,2025-08-17,8,3,480.0,384.7,325.4,849,830
7729,2025-08-17,9,1,480.0,407.5,367.0,1159,1149
7730,2025-08-17,9,2,480.0,471.7,428.4,1353,1344
7731,2025-08-17,9,3,480.0,456.3,409.8,1294,1280
7732,2025-08-17,10,1,480.0,475.7,412.2,1649,1621
7733,2025-08-17,10,2,480.0,421.0,373.8,1495,1471
7734,2025-08-17,10,3,480.0,366.5,309.2,1237,1215
7735,2025-08-17,11,1,480.0,388.4,326.4,1119,1089
7736,2025-08-17,11,2,480.0,387.9,333.7,1144,1115
7737,2025-08-17,11,3,480.0,263.0,220.2,755,737
7738,2025-08-17,12,1,480.0,466.0,411.5,1543,1518
7739,2025-08-17,12,2,480.0,461.9,399.5,1498,1466
7740,2025-08-17,12,3,480.0,374.4,317.3,1190,1171
7741,2025-08-18,1,1,480.0,410.3,370.2,1851,1824
7742,2025-08-18,1,2,480.0,345.7,296.6,1483,1463
7743,2025-08-18,1,3,480.0,448.6,379.4,1897,1873
7744,2025-08-18,2,1,480.0,480.0,423.8,2119,2108
7745,2025-08-18,2,2,480.0,480.0,426.0,2130,2099
7746,2025-08-18,2,3,480.0,469.7,402.0,2010,1993
7747,2025-08-18,3,1,480.0,410.3,341.1,1516,1484
7748,2025-08-18,3,2,480.0,412.1,351.4,1562,1528
7749,2025-08-18,3,3,454.4,325.6,261.7,1163,1138
7750,2025-08-18,4,1,480.0,413.7,357.5,2258,2246
7751,2025-08-18,4,2,480.0,480.0,423.7,2676,2649
7752,2025-08-18,4,3,480.0,460.7,408.0,2577,2551
7753,2025-08-18,5,1,480.0,458.7,389.9,1114,1093
7754,2025-08-18,5,2,480.0,420.4,363.6,1039,1019
7755,2025-08-18,5,3,480.0,386.0,330.1,943,927
7756,2025-08-18,6,1,480.0,427.3,358.8,1025,998
7757,2025-08-18,6,2,480.0,446.2,383.9,1097,1081
7758,2025-08-18,6,3,480.0,450.2,373.1,1066,1046
7759,2025-08-18,7,1,480.0,252.3,197.2,493,483
7760,2025-08-18,7,2,480.0,393.1,307.6,769,744
7761,2025-08-18,7,3,431.3,311.8,237.6,594,579
7762,2025-08-18,8,1,480.0,386.3,339.2,885,865
7763,2025-08-18,8,2,480.0,250.2,218.5,570,557
7764,2025-08-18,8,3,480.0,369.0,315.5,823,809
7765,2025-08-18,9,1,480.0,472.9,422.1,1333,1306
7766,2025-08-18,9,2,480.0,444.7,406.0,1282,1265
7767,2025-08-18,9,3,480.0,419.2,362.3,1144,1132
7768,2025-08-18,10,1,480.0,389.2,340.5,1362,1346
7769,2025-08-18,10,2,480.0,285.3,244.8,979,967
7770,2025-08-18,10,3,480.0,173.9,142.2,569,559
7771,2025-08-18,11,1,480.0,391.2,334.0,1145,1125
7772,2025-08-18,11,2,480.0,374.3,318.2,1091,1071
7773,2025-08-18,11,3,480.0,398.7,316.8,1086,1055
7774,2025-08-18,12,1,480.0,468.9,410.4,1539,1517
7775,2025-08-18,12,2,480.0,473.2,403.7,1514,1492
7776,2025-08-18,12,3,480.0,401.1,331.2,1242,1225
7777,2025-08-19,1,1,480.0,475.4,414.8,2074,2064
7778,2025-08-19,1,2,480.0,344.2,306.8,1534,1519
7779,2025-08-19,1,3,480.0,446.9,392.0,1960,1938
7780,2025-08-19,2,1,480.0,441.3,379.4,1897,1867
7781,2025-08-19,2,2,480.0,454.8,400.6,2003,1977
7782,2025-08-19,2,3,449.6,440.7,380.4,1902,1866
7783,2025-08-19,3,1,298.5,194.7,160.2,712,696
7784,2025-08-19,3,2,480.0,445.6,368.6,1638,1604
7785,2025-08-19,3,3,480.0,354.4,284.4,1264,1238
7786,2025-08-19,4,1,480.0,461.2,411.4,2598,2588
7787,2025-08-19,4,2,480.0,465.0,419.4,2649,2630
7788,2025-08-19,4,3,480.0,446.7,396.3,2503,2479
7789,2025-08-19,5,1,480.0,371.9,327.2,935,915
7790,2025-08-19,5,2,480.0,468.0,409.9,1171,1146
7791,2025-08-19,5,3,480.0,437.9,368.6,1053,1036
7792,2025-08-19,6,1,480.0,426.6,359.4,1027,1002
7793,2025-08-19,6,2,480.0,420.4,355.2,1015,992
7794,2025-08-19,6,3,480.0,449.9,378.0,1080,1058
7795,2025-08-19,7,1,480.0,255.0,202.8,507,492
7796,2025-08-19,7,2,480.0,310.1,245.6,614,600
7797,2025-08-19,7,3,480.0,297.4,223.6,559,547
7798,2025-08-19,8,1,480.0,431.2,373.4,974,957
7799,2025-08-19,8,2,480.0,397.8,346.5,904,889
7800,2025-08-19,8,3,480.0,371.2,310.5,810,791
7801,2025-08-19,9,1,480.0,437.7,394.9,1247,1227
7802,2025-08-19,9,2,480.0,480.0,444.6,1404,1381
7803,2025-08-19,9,3,480.0,450.5,392.4,1239,1229
7804,2025-08-19,10,1,315.7,279.2,244.0,976,959
7805,2025-08-19,10,2,480.0,404.9,351.5,1406,1383
7806,2025-08-19,10,3,480.0,357.0,301.8,1207,1187
7807,2025-08-19,11,1,305.8,251.2,207.7,712,695
7808,2025-08-19,11,2,480.0,415.3,351.2,1204,1177
7809,2025-08-19,11,3,480.0,392.1,327.2,1122,1099
7810,2025-08-19,12,1,480.0,289.9,255.2,957,939
7811,2025-08-19,12,2,480.0,405.5,357.6,1341,1313
7812,2025-08-19,12,3,480.0,469.5,401.1,1504,1480
7813,2025-08-20,1,1,480.0,399.2,340.2,1701,1686
7814,2025-08-20,1,2,480.0,421.7,384.8,1924,1894
7815,2025-08-20,1,3,480.0,473.3,424.6,2123,2090
7816,2025-08-20,2,1,480.0,393.9,351.2,1756,1741
7817,2025-08-20,2,2,480.0,458.3,410.6,2053,2017
7818,2025-08-20,2,3,480.0,394.1,349.0,1745,1732
7819,2025-08-20,3,1,480.0,480.0,393.8,1750,1716
7820,2025-08-20,3,2,480.0,401.7,333.0,1480,1449
7821,2025-08-20,3,3,480.0,390.0,331.2,1472,1427
7822,2025-08-20,4,1,480.0,394.4,359.7,2272,2244
7823,2025-08-20,4,2,480.0,480.0,445.9,2816,2787
7824,2025-08-20,4,3,480.0,353.8,317.5,2005,1996
7825,2025-08-20,5,1,480.0,410.0,345.4,987,973
7826,2025-08-20,5,2,480.0,258.7,227.5,650,634
7827,2025-08-20,5,3,480.0,457.1,382.2,1092,1071
7828,2025-08-20,6,1,480.0,386.2,327.9,937,923
7829,2025-08-20,6,2,480.0,384.4,323.4,924,901
7830,2025-08-20,6,3,480.0,412.7,330.8,945,932
7831,2025-08-20,7,1,480.0,352.5,273.2,683,661
7832,2025-08-20,7,2,480.0,166.4,133.2,333,325
7833,2025-08-20,7,3,480.0,364.5,281.2,703,686
7834,2025-08-20,8,1,480.0,387.5,331.2,864,845
7835,2025-08-20,8,2,480.0,437.1,371.8,970,951
7836,2025-08-20,8,3,443.5,319.8,258.4,674,655
7837,2025-08-20,9,1,480.0,409.3,362.6,1145,1123
7838,2025-08-20,9,2,480.0,444.9,393.6,1243,1229
7839,2025-08-20,9,3,480.0,453.4,396.1,1251,1245
7840,2025-08-20,10,1,480.0,480.0,412.8,1651,1630
7841,2025-08-20,10,2,480.0,462.9,405.2,1621,1595
7842,2025-08-20,10,3,480.0,331.3,278.0,1112,1104
7843,2025-08-20,11,1,480.0,367.7,311.8,1069,1046
7844,2025-08-20,11,2,480.0,427.4,360.8,1237,1202
7845,2025-08-20,11,3,480.0,283.0,223.4,766,747
7846,2025-08-20,12,1,480.0,439.1,390.9,1466,1433
7847,2025-08-20,12,2,480.0,397.4,346.7,1300,1283
7848,2025-08-20,12,3,480.0,480.0,408.3,1531,1524
7849,2025-08-21,1,1,480.0,345.5,299.8,1499,1489
7850,2025-08-21,1,2,480.0,418.6,371.8,1859,1840
7851,2025-08-21,1,3,480.0,450.0,377.2,1886,1867
7852,2025-08-21,2,1,480.0,369.3,328.8,1644,1613
7853,2025-08-21,2,2,480.0,457.0,395.2,1976,1944
7854,2025-08-21,2,3,480.0,388.3,328.2,1641,1610
7855,2025-08-21,3,1,480.0,396.1,334.1,1485,1440
7856,2025-08-21,3,2,480.0,411.9,342.9,1524,1499
7857,2025-08-21,3,3,480.0,362.1,290.2,1290,1260
7858,2025-08-21,4,1,480.0,428.6,396.3,2503,2472
7859,2025-08-21,4,2,480.0,458.5,425.4,2687,2673
7860,2025-08-21,4,3,480.0,451.9,398.5,2517,2488
7861,2025-08-21,5,1,480.0,331.7,268.8,768,755
7862,2025-08-21,5,2,480.0,318.8,276.1,789,772
7863,2025-08-21,5,3,480.0,455.5,383.2,1095,1076
7864,2025-08-21,6,1,480.0,433.5,361.6,1033,1011
7865,2025-08-21,6,2,480.0,404.4,350.4,1001,980
7866,2025-08-21,6,3,480.0,307.1,262.5,750,734
7867,2025-08-21,7,1,480.0,352.5,284.4,711,691
7868,2025-08-21,7,2,480.0,412.5,325.6,814,796
7869,2025-08-21,7,3,480.0,306.9,223.2,558,544
7870,2025-08-21,8,1,480.0,426.4,369.9,965,946
7871,2025-08-21,8,2,480.0,287.3,242.3,632,622
7872,2025-08-21,8,3,480.0,475.1,390.6,1019,998
7873,2025-08-21,9,1,480.0,376.9,332.5,1050,1040
7874,2025-08-21,9,2,480.0,453.8,401.5,1268,1248
7875,2025-08-21,9,3,480.0,472.9,414.8,1310,1286
7876,2025-08-21,10,1,480.0,347.5,307.2,1229,1207
7877,2025-08-21,10,2,480.0,417.0,361.2,1445,1419
7878,2025-08-21,10,3,480.0,469.7,390.0,1560,1545
7879,2025-08-21,11,1,480.0,381.8,326.7,1120,1092
7880,2025-08-21,11,2,480.0,391.8,341.5,1171,1142
7881,2025-08-21,11,3,480.0,421.2,355.0,1217,1190
7882,2025-08-21,12,1,480.0,467.1,419.7,1574,1557
7883,2025-08-21,12,2,480.0,439.4,376.3,1411,1391
7884,2025-08-21,12,3,480.0,449.2,393.6,1476,1463
7885,2025-08-22,1,1,480.0,472.0,420.4,2102,2066
7886,2025-08-22,1,2,480.0,480.0,426.6,2133,2107
7887,2025-08-22,1,3,480.0,456.4,386.0,1930,1910
7888,2025-08-22,2,1,480.0,462.6,417.6,2088,2029
7889,2025-08-22,2,2,480.0,437.9,380.2,1901,1883
7890,2025-08-22,2,3,480.0,416.9,347.6,1738,1708
7891,2025-08-22,3,1,480.0,371.7,308.5,1371,1343
7892,2025-08-22,3,2,480.0,447.4,367.9,1635,1599
7893,2025-08-22,3,3,480.0,422.3,339.8,1510,1472
7894,2025-08-22,4,1,480.0,439.7,393.0,2482,2453
7895,2025-08-22,4,2,480.0,433.1,387.4,2447,2419
7896,2025-08-22,4,3,480.0,402.8,360.7,2278,2251
7897,2025-08-22,5,1,480.0,422.4,365.8,1045,1019
7898,2025-08-22,5,2,480.0,473.6,411.2,1175,1156
7899,2025-08-22,5,3,480.0,412.6,341.9,977,953
7900,2025-08-22,6,1,480.0,461.1,394.1,1126,1106
7901,2025-08-22,6,2,480.0,440.9,377.3,1078,1057
7902,2025-08-22,6,3,480.0,304.8,249.2,712,698
7903,2025-08-22,7,1,480.0,247.5,194.0,485,473
7904,2025-08-22,7,2,480.0,395.5,312.8,782,757
7905,2025-08-22,7,3,480.0,288.4,228.8,572,559
7906,2025-08-22,8,1,480.0,319.4,275.6,719,709
7907,2025-08-22,8,2,480.0,427.1,365.3,953,929
7908,2025-08-22,8,3,480.0,296.1,238.8,623,607
7909,2025-08-22,9,1,480.0,447.5,388.6,1227,1212
7910,2025-08-22,9,2,480.0,468.9,427.2,1349,1324
7911,2025-08-22,9,3,480.0,462.5,390.8,1234,1225
7912,2025-08-22,10,1,480.0,451.8,392.5,1570,1548
7913,2025-08-22,10,2,480.0,409.5,349.5,1398,1372
7914,2025-08-22,10,3,480.0,480.0,408.8,1635,1611
7915,2025-08-22,11,1,480.0,384.8,334.5,1147,1115
7916,2025-08-22,11,2,480.0,358.3,306.8,1052,1034
7917,2025-08-22,11,3,480.0,331.5,265.1,909,889
7918,2025-08-22,12,1,480.0,453.5,391.5,1468,1456
7919,2025-08-22,12,2,480.0,456.5,407.7,1529,1500
7920,2025-08-22,12,3,480.0,470.3,399.2,1497,1473
7921,2025-08-23,1,1,480.0,444.8,393.8,1969,1945
7922,2025-08-23,1,2,480.0,419.8,374.8,1874,1845
7923,2025-08-23,1,3,480.0,417.4,361.8,1809,1801
7924,2025-08-23,2,1,480.0,475.4,413.0,2065,2047
7925,2025-08-23,2,2,480.0,440.1,383.4,1917,1895
7926,2025-08-23,2,3,480.0,435.6,385.8,1929,1899
7927,2025-08-23,3,1,480.0,427.4,348.5,1549,1500
7928,2025-08-23,3,2,480.0,477.5,381.8,1697,1671
7929,2025-08-23,3,3,480.0,227.4,185.8,826,811
7930,2025-08-23,4,1,480.0,456.1,409.4,2586,2569
7931,2025-08-23,4,2,480.0,333.9,293.7,1855,1841
7932,2025-08-23,4,3,480.0,411.7,370.3,2339,2312
7933,2025-08-23,5,1,480.0,447.4,372.8,1065,1043
7934,2025-08-23,5,2,480.0,339.3,288.8,825,810
7935,2025-08-23,5,3,480.0,420.6,360.9,1031,1008
7936,2025-08-23,6,1,480.0,406.4,353.9,1011,991
7937,2025-08-23,6,2,480.0,432.9,363.3,1038,1017
7938,2025-08-23,6,3,480.0,449.0,361.2,1032,1014
7939,2025-08-23,7,1,241.1,49.3,38.0,95,93
7940,2025-08-23,7,2,480.0,342.0,264.4,661,640
7941,2025-08-23,7,3,447.4,297.4,230.0,575,558
7942,2025-08-23,8,1,480.0,424.2,367.2,958,940
7943,2025-08-23,8,2,480.0,407.6,355.0,926,901
7944,2025-08-23,8,3,480.0,420.6,344.2,898,871
7945,2025-08-23,9,1,480.0,452.2,388.6,1227,1214
7946,2025-08-23,9,2,480.0,472.7,430.7,1360,1337
7947,2025-08-23,9,3,480.0,455.9,388.9,1228,1215
7948,2025-08-23,10,1,480.0,448.2,377.2,1509,1482
7949,2025-08-23,10,2,480.0,472.7,423.0,1692,1666
7950,2025-08-23,10,3,480.0,451.7,381.0,1524,1499
7951,2025-08-23,11,1,480.0,396.9,351.8,1206,1197
7952,2025-08-23,11,2,480.0,322.1,269.5,924,909
7953,2025-08-23,11,3,480.0,152.0,124.5,427,420
7954,2025-08-23,12,1,275.5,275.5,238.1,893,878
7955,2025-08-23,12,2,480.0,399.7,344.8,1293,1266
7956,2025-08-23,12,3,480.0,422.6,361.3,1355,1332
7957,2025-08-24,1,1,480.0,469.0,410.6,2053,2041
7958,2025-08-24,1,2,480.0,429.7,379.0,1895,1867
7959,2025-08-24,1,3,480.0,463.8,404.0,2020,2002
7960,2025-08-24,2,1,480.0,468.4,411.6,2058,2027
7961,2025-08-24,2,2,480.0,436.6,375.0,1875,1846
7962,2025-08-24,2,3,480.0,383.8,332.0,1660,1628
7963,2025-08-24,3,1,480.0,318.8,264.6,1176,1151
7964,2025-08-24,3,2,480.0,396.7,322.4,1433,1405
7965,2025-08-24,3,3,480.0,342.5,286.6,1274,1239
7966,2025-08-24,4,1,480.0,420.8,387.8,2449,2418
7967,2025-08-24,4,2,480.0,431.6,382.4,2415,2389
7968,2025-08-24,4,3,480.0,406.1,359.9,2273,2244
7969,2025-08-24,5,1,480.0,473.1,397.2,1135,1125
7970,2025-08-24,5,2,480.0,358.2,312.2,892,874
7971,2025-08-24,5,3,480.0,328.1,282.1,806,790
7972,2025-08-24,6,1,480.0,361.8,315.7,902,893
7973,2025-08-24,6,2,480.0,446.4,370.3,1058,1036
7974,2025-08-24,6,3,480.0,423.9,353.5,1010,994
7975,2025-08-24,7,1,480.0,329.5,264.0,660,638
7976,2025-08-24,7,2,480.0,316.2,248.8,622,608
7977,2025-08-24,7,3,480.0,406.4,312.4,781,762
7978,2025-08-24,8,1,480.0,396.2,335.4,875,858
7979,2025-08-24,8,2,480.0,364.8,309.7,808,791
7980,2025-08-24,8,3,480.0,394.8,322.0,840,821
7981,2025-08-24,9,1,480.0,477.2,435.4,1375,1360
7982,2025-08-24,9,2,480.0,473.7,424.6,1341,1329
7983,2025-08-24,9,3,480.0,460.3,394.6,1246,1229
7984,2025-08-24,10,1,480.0,392.3,346.5,1386,1365
7985,2025-08-24,10,2,480.0,472.0,405.0,1620,1594
7986,2025-08-24,10,3,480.0,425.1,344.0,1376,1354
7987,2025-08-24,11,1,480.0,467.2,403.7,1384,1348
7988,2025-08-24,11,2,480.0,421.7,352.0,1207,1190
7989,2025-08-24,11,3,480.0,351.0,290.8,997,973
7990,2025-08-24,12,1,480.0,449.4,390.1,1463,1442
7991,2025-08-24,12,2,480.0,417.7,358.4,1344,1336
7992,2025-08-24,12,3,480.0,256.8,214.4,804,800
7993,2025-08-25,1,1,480.0,460.7,426.8,2134,2102
7994,2025-08-25,1,2,480.0,402.2,361.6,1808,1785
7995,2025-08-25,1,3,480.0,461.0,405.6,2028,1995
7996,2025-08-25,2,1,480.0,472.3,411.6,2058,2043
7997,2025-08-25,2,2,480.0,470.0,410.8,2054,2022
7998,2025-08-25,2,3,480.0,224.0,192.4,962,944
7999,2025-08-25,3,1,480.0,428.2,356.4,1584,1555
8000,2025-08-25,3,2,480.0,306.0,248.8,1106,1080
8001,2025-08-25,3,3,480.0,433.9,349.0,1551,1524
8002,2025-08-25,4,1,480.0,431.1,392.2,2477,2455
8003,2025-08-25,4,2,480.0,459.1,423.2,2673,2646
8004,2025-08-25,4,3,480.0,366.9,326.3,2061,2037
8005,2025-08-25,5,1,480.0,457.2,381.5,1090,1073
8006,2025-08-25,5,2,480.0,417.6,355.2,1015,990
8007,2025-08-25,5,3,480.0,361.6,297.1,849,838
8008,2025-08-25,6,1,480.0,373.1,316.4,904,886
8009,2025-08-25,6,2,480.0,424.4,356.6,1019,1000
8010,2025-08-25,6,3,480.0,443.7,373.4,1067,1041
8011,2025-08-25,7,1,480.0,286.9,228.4,571,558
8012,2025-08-25,7,2,480.0,258.8,209.2,523,512
8013,2025-08-25,7,3,480.0,361.8,289.6,724,708
8014,2025-08-25,8,1,480.0,367.5,309.4,807,793
8015,2025-08-25,8,2,480.0,435.1,374.5,977,961
8016,2025-08-25,8,3,480.0,480.0,409.8,1069,1043
8017,2025-08-25,9,1,480.0,385.1,348.6,1101,1082
8018,2025-08-25,9,2,480.0,357.7,329.0,1039,1024
8019,2025-08-25,9,3,480.0,390.5,336.9,1064,1049
8020,2025-08-25,10,1,480.0,300.5,260.2,1041,1019
8021,2025-08-25,10,2,480.0,444.7,384.5,1538,1517
8022,2025-08-25,10,3,480.0,401.2,346.5,1386,1366
8023,2025-08-25,11,1,480.0,455.5,383.5,1315,1298
8024,2025-08-25,11,2,480.0,472.5,400.2,1372,1341
8025,2025-08-25,11,3,480.0,279.3,228.1,782,762
8026,2025-08-25,12,1,480.0,428.4,372.0,1395,1384
8027,2025-08-25,12,2,480.0,458.4,400.3,1501,1480
8028,2025-08-25,12,3,480.0,465.7,398.9,1496,1477
8029,2025-08-26,1,1,480.0,468.1,407.2,2036,2020
8030,2025-08-26,1,2,480.0,467.9,415.6,2078,2057
8031,2025-08-26,1,3,480.0,407.1,353.2,1766,1733
8032,2025-08-26,2,1,480.0,441.8,387.8,1939,1903
8033,2025-08-26,2,2,480.0,433.0,381.0,1905,1886
8034,2025-08-26,2,3,480.0,446.5,356.2,1781,1741
8035,2025-08-26,3,1,480.0,301.5,252.9,1124,1105
8036,2025-08-26,3,2,480.0,426.2,341.3,1517,1473
8037,2025-08-26,3,3,480.0,417.3,328.9,1462,1433
8038,2025-08-26,4,1,480.0,451.8,411.0,2596,2563
8039,2025-08-26,4,2,480.0,433.3,386.6,2442,2416
8040,2025-08-26,4,3,480.0,441.4,383.2,2420,2396
8041,2025-08-26,5,1,480.0,388.0,347.6,993,975
8042,2025-08-26,5,2,480.0,480.0,402.9,1151,1130
8043,2025-08-26,5,3,480.0,443.6,372.4,1064,1044
8044,2025-08-26,6,1,480.0,444.6,376.6,1076,1049
8045,2025-08-26,6,2,480.0,384.6,337.8,965,951
8046,2025-08-26,6,3,480.0,386.5,317.4,907,881
8047,2025-08-26,7,1,480.0,328.8,266.8,667,651
8048,2025-08-26,7,2,480.0,409.2,321.6,804,783
8049,2025-08-26,7,3,480.0,407.6,321.2,803,786
8050,2025-08-26,8,1,480.0,365.3,308.2,804,787
8051,2025-08-26,8,2,480.0,460.9,407.1,1062,1041
8052,2025-08-26,8,3,437.9,425.7,354.6,925,907
8053,2025-08-26,9,1,480.0,461.2,427.5,1350,1331
8054,2025-08-26,9,2,480.0,427.2,376.8,1190,1178
8055,2025-08-26,9,3,480.0,469.0,394.2,1245,1237
8056,2025-08-26,10,1,480.0,432.0,388.5,1554,1541
8057,2025-08-26,10,2,480.0,391.9,333.5,1334,1318
8058,2025-08-26,10,3,480.0,430.7,351.2,1405,1386
8059,2025-08-26,11,1,480.0,448.0,397.0,1361,1338
8060,2025-08-26,11,2,480.0,406.9,339.8,1165,1144
8061,2025-08-26,11,3,445.2,372.1,295.5,1013,988
8062,2025-08-26,12,1,480.0,447.1,384.5,1442,1419
8063,2025-08-26,12,2,480.0,446.6,375.2,1407,1395
8064,2025-08-26,12,3,480.0,454.6,392.8,1473,1438
8065,2025-08-27,1,1,480.0,459.5,411.2,2056,2030
8066,2025-08-27,1,2,480.0,386.2,346.4,1732,1724
8067,2025-08-27,1,3,480.0,410.2,345.2,1726,1706
8068,2025-08-27,2,1,480.0,461.2,393.0,1965,1938
8069,2025-08-27,2,2,480.0,475.3,427.4,2137,2098
8070,2025-08-27,2,3,480.0,303.5,254.2,1271,1258
8071,2025-08-27,3,1,480.0,328.8,274.7,1221,1191
8072,2025-08-27,3,2,480.0,421.8,343.1,1525,1492
8073,2025-08-27,3,3,480.0,379.7,305.6,1358,1326
8074,2025-08-27,4,1,480.0,461.6,415.8,2626,2592
8075,2025-08-27,4,2,480.0,457.8,417.4,2636,2617
8076,2025-08-27,4,3,480.0,424.4,384.0,2425,2407
8077,2025-08-27,5,1,480.0,424.4,374.1,1069,1050
8078,2025-08-27,5,2,480.0,441.6,373.1,1066,1051
8079,2025-08-27,5,3,480.0,375.1,303.8,868,856
8080,2025-08-27,6,1,480.0,480.0,411.6,1176,1157
8081,2025-08-27,6,2,480.0,401.0,344.8,985,966
8082,2025-08-27,6,3,480.0,440.0,356.6,1019,998
8083,2025-08-27,7,1,480.0,371.2,303.2,758,735
8084,2025-08-27,7,2,480.0,324.7,252.0,630,611
8085,2025-08-27,7,3,480.0,308.9,235.2,588,572
8086,2025-08-27,8,1,480.0,406.7,342.7,894,872
8087,2025-08-27,8,2,480.0,460.3,385.6,1006,986
8088,2025-08-27,8,3,480.0,401.9,324.3,846,830
8089,2025-08-27,9,1,480.0,455.8,400.9,1266,1257
8090,2025-08-27,9,2,480.0,480.0,433.2,1368,1351
8091,2025-08-27,9,3,480.0,453.6,389.8,1231,1213
8092,2025-08-27,10,1,480.0,436.2,374.8,1499,1482
8093,2025-08-27,10,2,480.0,452.3,389.0,1556,1532
8094,2025-08-27,10,3,480.0,319.8,266.5,1066,1057
8095,2025-08-27,11,1,480.0,409.0,349.4,1198,1169
8096,2025-08-27,11,2,480.0,378.7,322.6,1106,1079
8097,2025-08-27,11,3,480.0,366.9,309.2,1060,1038
8098,2025-08-27,12,1,480.0,419.4,367.5,1378,1364
8099,2025-08-27,12,2,480.0,448.8,400.3,1501,1479
8100,2025-08-27,12,3,480.0,269.0,234.7,880,868
8101,2025-08-28,1,1,480.0,462.6,400.0,2000,1969
8102,2025-08-28,1,2,480.0,334.5,304.2,1521,1504
8103,2025-08-28,1,3,480.0,415.6,348.4,1742,1712
8104,2025-08-28,2,1,480.0,345.3,302.2,1511,1483
8105,2025-08-28,2,2,480.0,480.0,430.6,2153,2124
8106,2025-08-28,2,3,480.0,364.7,304.6,1523,1500
8107,2025-08-28,3,1,480.0,433.1,373.5,1660,1622
8108,2025-08-28,3,2,480.0,480.0,404.8,1799,1771
8109,2025-08-28,3,3,480.0,371.0,302.9,1346,1314
8110,2025-08-28,4,1,480.0,480.0,434.1,2742,2712
8111,2025-08-28,4,2,480.0,480.0,437.2,2761,2732
8112,2025-08-28,4,3,480.0,437.8,383.6,2423,2396
8113,2025-08-28,5,1,480.0,459.7,396.9,1134,1111
8114,2025-08-28,5,2,480.0,412.3,351.8,1005,987
8115,2025-08-28,5,3,480.0,425.2,350.7,1002,977
8116,2025-08-28,6,1,480.0,365.1,316.8,905,894
8117,2025-08-28,6,2,480.0,467.3,393.1,1123,1095
8118,2025-08-28,6,3,480.0,452.0,382.9,1094,1078
8119,2025-08-28,7,1,480.0,392.8,312.8,782,765
8120,2025-08-28,7,2,480.0,393.3,317.6,794,771
8121,2025-08-28,7,3,480.0,341.6,258.8,647,630
8122,2025-08-28,8,1,480.0,450.9,389.1,1015,995
8123,2025-08-28,8,2,480.0,406.0,353.8,923,906
8124,2025-08-28,8,3,480.0,361.1,299.0,780,764
8125,2025-08-28,9,1,480.0,423.8,371.4,1173,1165
8126,2025-08-28,9,2,480.0,408.8,359.1,1134,1112
8127,2025-08-28,9,3,480.0,469.2,418.9,1323,1310
8128,2025-08-28,10,1,480.0,405.8,357.0,1428,1409
8129,2025-08-28,10,2,480.0,395.1,345.2,1381,1367
8130,2025-08-28,10,3,480.0,433.6,358.8,1435,1410
8131,2025-08-28,11,1,480.0,381.7,317.3,1088,1067
8132,2025-08-28,11,2,480.0,443.9,365.8,1254,1217
8133,2025-08-28,11,3,480.0,470.0,387.9,1330,1304
8134,2025-08-28,12,1,480.0,456.3,400.0,1500,1476
8135,2025-08-28,12,2,480.0,462.0,405.9,1522,1498
8136,2025-08-28,12,3,480.0,400.8,340.8,1278,1263
8137,2025-08-29,1,1,480.0,430.4,390.0,1950,1924
8138,2025-08-29,1,2,480.0,454.0,420.6,2103,2086
8139,2025-08-29,1,3,480.0,421.2,364.0,1820,1806
8140,2025-08-29,2,1,480.0,480.0,420.2,2101,2075
8141,2025-08-29,2,2,480.0,408.3,367.6,1838,1804
8142,2025-08-29,2,3,480.0,423.6,353.8,1769,1744
8143,2025-08-29,3,1,480.0,425.5,359.3,1597,1556
8144,2025-08-29,3,2,480.0,457.5,382.1,1698,1673
8145,2025-08-29,3,3,445.7,177.3,144.7,643,631
8146,2025-08-29,4,1,480.0,480.0,446.7,2821,2805
8147,2025-08-29,4,2,480.0,380.2,336.0,2122,2109
8148,2025-08-29,4,3,450.5,397.2,339.5,2144,2131
8149,2025-08-29,5,1,480.0,455.0,389.2,1112,1095
8150,2025-08-29,5,2,480.0,304.0,267.4,764,746
8151,2025-08-29,5,3,440.4,310.5,263.2,752,737
8152,2025-08-29,6,1,480.0,452.0,371.4,1061,1034
8153,2025-08-29,6,2,480.0,408.7,341.6,976,958
8154,2025-08-29,6,3,480.0,334.7,273.7,782,766
8155,2025-08-29,7,1,480.0,324.7,253.2,633,617
8156,2025-08-29,7,2,480.0,315.5,248.8,622,605
8157,2025-08-29,7,3,480.0,408.7,313.2,783,760
8158,2025-08-29,8,1,480.0,378.3,309.7,808,790
8159,2025-08-29,8,2,480.0,385.5,321.6,839,831
8160,2025-08-29,8,3,480.0,405.9,329.3,859,843
8161,2025-08-29,9,1,480.0,418.6,378.7,1196,1182
8162,2025-08-29,9,2,480.0,480.0,421.2,1330,1310
8163,2025-08-29,9,3,480.0,379.4,329.6,1041,1021
8164,2025-08-29,10,1,480.0,423.4,368.0,1472,1446
8165,2025-08-29,10,2,480.0,424.6,368.5,1474,1449
8166,2025-08-29,10,3,480.0,356.2,304.5,1218,1198
8167,2025-08-29,11,1,480.0,348.0,293.4,1006,988
8168,2025-08-29,11,2,480.0,427.8,357.6,1226,1206
8169,2025-08-29,11,3,480.0,457.5,376.0,1289,1263
8170,2025-08-29,12,1,480.0,459.9,400.5,1502,1476
8171,2025-08-29,12,2,480.0,425.0,376.0,1410,1384
8172,2025-08-29,12,3,480.0,401.7,353.6,1326,1310
8173,2025-08-30,1,1,480.0,474.2,417.8,2089,2060
8174,2025-08-30,1,2,480.0,454.2,415.2,2076,2048
8175,2025-08-30,1,3,480.0,399.0,345.0,1725,1689
8176,2025-08-30,2,1,256.9,158.3,142.2,711,704
8177,2025-08-30,2,2,480.0,473.2,411.6,2058,2026
8178,2025-08-30,2,3,480.0,451.1,391.4,1957,1931
8179,2025-08-30,3,1,480.0,316.9,268.2,1192,1163
8180,2025-08-30,3,2,480.0,325.6,265.7,1181,1155
8181,2025-08-30,3,3,480.0,193.7,151.4,673,654
8182,2025-08-30,4,1,480.0,471.9,438.4,2769,2744
8183,2025-08-30,4,2,480.0,480.0,425.6,2688,2644
8184,2025-08-30,4,3,480.0,457.3,400.3,2528,2502
8185,2025-08-30,5,1,480.0,446.6,380.1,1086,1064
8186,2025-08-30,5,2,480.0,452.7,403.9,1154,1132
8187,2025-08-30,5,3,480.0,370.3,305.9,874,859
8188,2025-08-30,6,1,480.0,356.7,306.2,875,862
8189,2025-08-30,6,2,480.0,435.0,361.9,1034,1015
8190,2025-08-30,6,3,480.0,378.3,326.9,934,912
8191,2025-08-30,7,1,480.0,309.0,241.2,603,589
8192,2025-08-30,7,2,480.0,319.7,252.4,631,620
8193,2025-08-30,7,3,480.0,264.4,202.4,506,492
8194,2025-08-30,8,1,480.0,397.1,333.1,869,847
8195,2025-08-30,8,2,480.0,414.8,357.6,933,912
8196,2025-08-30,8,3,480.0,368.0,304.4,794,777
8197,2025-08-30,9,1,480.0,441.7,393.3,1242,1230
8198,2025-08-30,9,2,480.0,410.7,375.6,1186,1162
8199,2025-08-30,9,3,480.0,357.3,318.6,1006,995
8200,2025-08-30,10,1,480.0,415.1,361.8,1447,1425
8201,2025-08-30,10,2,480.0,427.2,372.0,1488,1471
8202,2025-08-30,10,3,480.0,313.6,260.2,1041,1025
8203,2025-08-30,11,1,480.0,381.7,330.8,1134,1116
8204,2025-08-30,11,2,480.0,425.3,366.0,1255,1224
8205,2025-08-30,11,3,480.0,422.2,338.9,1162,1131
8206,2025-08-30,12,1,480.0,452.3,403.7,1514,1503
8207,2025-08-30,12,2,480.0,422.6,373.6,1401,1382
8208,2025-08-30,12,3,443.8,337.0,280.8,1053,1036
8209,2025-08-31,1,1,480.0,356.2,313.2,1566,1550
8210,2025-08-31,1,2,480.0,252.4,227.8,1139,1123
8211,2025-08-31,1,3,480.0,177.2,147.8,739,732
8212,2025-08-31,2,1,480.0,321.2,290.2,1451,1426
8213,2025-08-31,2,2,480.0,438.8,385.2,1926,1893
8214,2025-08-31,2,3,480.0,422.7,355.6,1778,1755
8215,2025-08-31,3,1,480.0,458.8,395.8,1759,1723
8216,2025-08-31,3,2,480.0,320.6,263.7,1172,1138
8217,2025-08-31,3,3,480.0,412.0,331.9,1475,1443
8218,2025-08-31,4,1,480.0,453.7,408.2,2578,2555
8219,2025-08-31,4,2,480.0,444.8,401.9,2538,2508
8220,2025-08-31,4,3,480.0,475.2,431.5,2725,2697
8221,2025-08-31,5,1,480.0,286.0,252.3,721,707
8222,2025-08-31,5,2,480.0,433.8,360.9,1031,1010
8223,2025-08-31,5,3,480.0,421.3,344.8,985,963
8224,2025-08-31,6,1,480.0,354.3,286.3,818,800
8225,2025-08-31,6,2,480.0,334.8,283.5,810,794
8226,2025-08-31,6,3,440.6,308.0,254.4,727,712
8227,2025-08-31,7,1,480.0,339.3,274.0,685,666
8228,2025-08-31,7,2,480.0,377.3,296.0,740,720
8229,2025-08-31,7,3,480.0,372.0,280.0,700,683
8230,2025-08-31,8,1,480.0,452.5,383.7,1001,980
8231,2025-08-31,8,2,480.0,342.8,290.2,757,743
8232,2025-08-31,8,3,480.0,458.9,376.4,982,964
8233,2025-08-31,9,1,480.0,464.4,425.3,1343,1325
8234,2025-08-31,9,2,480.0,430.3,390.4,1233,1215
8235,2025-08-31,9,3,480.0,471.1,399.3,1261,1248
8236,2025-08-31,10,1,480.0,413.3,353.5,1414,1387
8237,2025-08-31,10,2,480.0,315.9,278.5,1114,1095
8238,2025-08-31,10,3,480.0,306.2,257.8,1031,1013
8239,2025-08-31,11,1,480.0,377.1,322.0,1104,1080
8240,2025-08-31,11,2,480.0,381.5,335.4,1150,1113
8241,2025-08-31,11,3,480.0,413.6,356.1,1221,1182
8242,2025-08-31,12,1,480.0,429.7,388.5,1457,1438
8243,2025-08-31,12,2,480.0,425.5,372.8,1398,1383
8244,2025-08-31,12,3,480.0,462.0,392.3,1471,1448
8245,2025-09-01,1,1,480.0,426.8,392.6,1963,1948
8246,2025-09-01,1,2,480.0,447.8,394.6,1973,1961
8247,2025-09-01,1,3,480.0,409.9,344.4,1722,1707
8248,2025-09-01,2,1,480.0,432.3,393.6,1968,1934
8249,2025-09-01,2,2,480.0,381.9,345.6,1728,1699
8250,2025-09-01,2,3,480.0,401.3,337.8,1689,1666
8251,2025-09-01,3,1,480.0,427.3,358.9,1595,1561
8252,2025-09-01,3,2,480.0,426.7,363.1,1614,1580
8253,2025-09-01,3,3,480.0,438.8,351.7,1563,1537
8254,2025-09-01,4,1,296.5,296.5,272.0,1718,1692
8255,2025-09-01,4,2,480.0,451.1,397.3,2509,2489
8256,2025-09-01,4,3,480.0,439.1,373.0,2356,2325
8257,2025-09-01,5,1,480.0,353.0,304.9,871,855
8258,2025-09-01,5,2,480.0,474.8,400.1,1143,1117
8259,2025-09-01,5,3,480.0,257.7,219.1,626,615
8260,2025-09-01,6,1,275.1,145.9,121.1,346,341
8261,2025-09-01,6,2,480.0,460.5,387.1,1106,1083
8262,2025-09-01,6,3,480.0,458.0,380.1,1086,1061
8263,2025-09-01,7,1,480.0,388.1,302.0,755,728
8264,2025-09-01,7,2,480.0,386.4,300.8,752,734
8265,2025-09-01,7,3,480.0,386.7,299.2,748,730
8266,2025-09-01,8,1,480.0,454.1,391.8,1022,1001
8267,2025-09-01,8,2,480.0,381.3,322.4,841,821
8268,2025-09-01,8,3,480.0,292.4,241.5,630,616
8269,2025-09-01,9,1,480.0,425.4,377.5,1192,1173
8270,2025-09-01,9,2,480.0,405.7,367.6,1161,1143
8271,2025-09-01,9,3,480.0,480.0,408.5,1290,1272
8272,2025-09-01,10,1,480.0,357.2,319.0,1276,1255
8273,2025-09-01,10,2,480.0,384.5,346.2,1385,1363
8274,2025-09-01,10,3,480.0,399.7,343.5,1374,1357
8275,2025-09-01,11,1,480.0,367.7,311.5,1068,1039
8276,2025-09-01,11,2,480.0,439.9,377.1,1293,1267
8277,2025-09-01,11,3,480.0,414.4,346.2,1187,1156
8278,2025-09-01,12,1,480.0,468.1,424.0,1590,1557
8279,2025-09-01,12,2,480.0,394.6,356.3,1336,1315
8280,2025-09-01,12,3,480.0,418.8,348.0,1305,1290
8281,2025-09-02,1,1,480.0,470.5,416.0,2080,2061
8282,2025-09-02,1,2,480.0,384.2,322.8,1614,1589
8283,2025-09-02,1,3,480.0,386.1,339.4,1697,1675
8284,2025-09-02,2,1,480.0,340.7,292.6,1463,1439
8285,2025-09-02,2,2,480.0,410.6,349.4,1747,1727
8286,2025-09-02,2,3,480.0,385.6,324.0,1620,1591
8287,2025-09-02,3,1,480.0,399.1,323.8,1439,1406
8288,2025-09-02,3,2,480.0,289.2,246.2,1094,1066
8289,2025-09-02,3,3,480.0,269.5,212.2,943,928
8290,2025-09-02,4,1,480.0,471.8,435.1,2748,2715
8291,2025-09-02,4,2,480.0,423.9,394.6,2492,2447
8292,2025-09-02,4,3,480.0,366.3,323.5,2043,2019
8293,2025-09-02,5,1,480.0,470.4,408.8,1168,1148
8294,2025-09-02,5,2,480.0,432.9,369.6,1056,1035
8295,2025-09-02,5,3,480.0,467.9,387.4,1107,1088
8296,2025-09-02,6,1,480.0,454.4,381.5,1090,1057
8297,2025-09-02,6,2,480.0,475.3,404.2,1155,1125
8298,2025-09-02,6,3,480.0,457.3,373.1,1066,1034
8299,2025-09-02,7,1,480.0,298.1,238.8,597,584
8300,2025-09-02,7,2,480.0,345.1,269.2,673,658
8301,2025-09-02,7,3,480.0,168.2,131.6,329,323
8302,2025-09-02,8,1,480.0,353.4,303.6,792,771
8303,2025-09-02,8,2,480.0,345.1,289.4,755,737
8304,2025-09-02,8,3,447.1,330.3,271.0,707,689
8305,2025-09-02,9,1,480.0,386.1,354.0,1118,1111
8306,2025-09-02,9,2,480.0,458.8,413.2,1305,1278
8307,2025-09-02,9,3,480.0,467.9,407.9,1288,1273
8308,2025-09-02,10,1,480.0,432.6,372.5,1490,1458
8309,2025-09-02,10,2,480.0,455.6,395.0,1580,1556
8310,2025-09-02,10,3,480.0,341.0,282.8,1131,1109
8311,2025-09-02,11,1,480.0,345.5,286.7,983,956
8312,2025-09-02,11,2,480.0,468.5,393.8,1350,1322
8313,2025-09-02,11,3,480.0,460.6,382.4,1311,1284
8314,2025-09-02,12,1,480.0,467.6,413.1,1549,1528
8315,2025-09-02,12,2,480.0,423.9,376.5,1412,1386
8316,2025-09-02,12,3,480.0,478.9,414.7,1555,1536
8317,2025-09-03,1,1,480.0,480.0,420.8,2104,2089
8318,2025-09-03,1,2,480.0,429.6,378.6,1893,1868
8319,2025-09-03,1,3,480.0,435.9,363.6,1818,1795
8320,2025-09-03,2,1,480.0,444.8,410.2,2051,2017
8321,2025-09-03,2,2,480.0,439.1,407.4,2037,2011
8322,2025-09-03,2,3,480.0,411.8,359.4,1797,1777
8323,2025-09-03,3,1,480.0,381.4,318.8,1417,1387
8324,2025-09-03,3,2,480.0,267.4,222.1,987,967
8325,2025-09-03,3,3,480.0,460.4,368.3,1637,1595
8326,2025-09-03,4,1,480.0,471.9,435.4,2750,2731
8327,2025-09-03,4,2,480.0,453.0,401.7,2537,2524
8328,2025-09-03,4,3,452.1,452.1,384.4,2428,2405
8329,2025-09-03,5,1,480.0,383.1,328.3,938,923
8330,2025-09-03,5,2,480.0,472.8,408.4,1167,1140
8331,2025-09-03,5,3,480.0,474.0,414.8,1185,1164
8332,2025-09-03,6,1,480.0,460.1,399.4,1141,1118
8333,2025-09-03,6,2,480.0,405.4,351.4,1004,993
8334,2025-09-03,6,3,480.0,310.6,261.8,748,734
8335,2025-09-03,7,1,480.0,211.3,162.8,407,395
8336,2025-09-03,7,2,480.0,313.9,242.8,607,592
8337,2025-09-03,7,3,480.0,333.1,251.2,628,615
8338,2025-09-03,8,1,480.0,463.5,384.9,1004,984
8339,2025-09-03,8,2,480.0,378.3,320.9,837,817
8340,2025-09-03,8,3,480.0,381.7,317.4,828,808
8341,2025-09-03,9,1,480.0,425.5,394.2,1245,1237
8342,2025-09-03,9,2,480.0,446.7,400.3,1264,1251
8343,2025-09-03,9,3,480.0,464.2,412.9,1304,1289
8344,2025-09-03,10,1,480.0,472.0,411.8,1647,1614
8345,2025-09-03,10,2,480.0,311.3,270.2,1081,1054
8346,2025-09-03,10,3,480.0,435.8,365.2,1461,1449
8347,2025-09-03,11,1,480.0,353.2,312.7,1072,1049
8348,2025-09-03,11,2,480.0,469.6,409.5,1404,1373
8349,2025-09-03,11,3,480.0,377.3,308.3,1057,1031
8350,2025-09-03,12,1,480.0,409.8,353.9,1327,1312
8351,2025-09-03,12,2,480.0,442.8,398.9,1496,1477
8352,2025-09-03,12,3,480.0,436.0,376.3,1411,1396
8353,2025-09-04,1,1,480.0,376.0,339.8,1699,1673
8354,2025-09-04,1,2,480.0,357.5,321.0,1605,1583
8355,2025-09-04,1,3,480.0,473.6,405.6,2028,1995
8356,2025-09-04,2,1,480.0,418.2,365.2,1826,1776
8357,2025-09-04,2,2,480.0,480.0,426.4,2132,2103
8358,2025-09-04,2,3,480.0,450.3,379.0,1895,1878
8359,2025-09-04,3,1,480.0,356.2,300.8,1337,1315
8360,2025-09-04,3,2,480.0,340.7,280.4,1246,1224
8361,2025-09-04,3,3,480.0,451.5,364.3,1619,1580
8362,2025-09-04,4,1,480.0,471.4,433.7,2739,2706
8363,2025-09-04,4,2,480.0,417.1,386.3,2440,2408
8364,2025-09-04,4,3,480.0,435.9,374.0,2362,2352
8365,2025-09-04,5,1,480.0,418.9,358.1,1023,1006
8366,2025-09-04,5,2,480.0,412.1,363.3,1038,1023
8367,2025-09-04,5,3,480.0,308.4,250.6,716,703
8368,2025-09-04,6,1,480.0,349.7,306.6,876,855
8369,2025-09-04,6,2,480.0,446.5,382.9,1094,1073
8370,2025-09-04,6,3,480.0,416.2,329.0,940,923
8371,2025-09-04,7,1,480.0,399.4,318.8,797,782
8372,2025-09-04,7,2,480.0,180.8,145.2,363,352
8373,2025-09-04,7,3,480.0,383.6,298.8,747,728
8374,2025-09-04,8,1,480.0,428.7,372.6,972,953
8375,2025-09-04,8,2,480.0,424.0,363.8,949,930
8376,2025-09-04,8,3,480.0,404.7,334.3,872,849
8377,2025-09-04,9,1,480.0,400.1,368.9,1165,1150
8378,2025-09-04,9,2,480.0,415.7,383.5,1211,1187
8379,2025-09-04,9,3,480.0,435.1,378.1,1194,1179
8380,2025-09-04,10,1,480.0,294.5,260.5,1042,1021
8381,2025-09-04,10,2,480.0,426.7,376.8,1507,1493
8382,2025-09-04,10,3,480.0,416.6,348.2,1393,1374
8383,2025-09-04,11,1,480.0,378.8,324.9,1114,1092
8384,2025-09-04,11,2,480.0,401.7,346.8,1189,1163
8385,2025-09-04,11,3,480.0,341.2,287.9,987,962
8386,2025-09-04,12,1,480.0,431.9,376.0,1410,1387
8387,2025-09-04,12,2,480.0,435.4,393.9,1477,1460
8388,2025-09-04,12,3,480.0,321.3,274.7,1030,1019
8389,2025-09-05,1,1,480.0,443.6,388.2,1941,1926
8390,2025-09-05,1,2,480.0,456.1,406.2,2031,1994
8391,2025-09-05,1,3,480.0,432.8,363.4,1817,1789
8392,2025-09-05,2,1,480.0,427.2,381.4,1907,1874
8393,2025-09-05,2,2,480.0,467.8,409.6,2048,2026
8394,2025-09-05,2,3,460.2,331.0,286.2,1431,1420
8395,2025-09-05,3,1,480.0,318.1,260.1,1156,1129
8396,2025-09-05,3,2,480.0,403.4,336.1,1494,1460
8397,2025-09-05,3,3,480.0,395.9,310.9,1382,1350
8398,2025-09-05,4,1,480.0,448.7,421.0,2659,2632
8399,2025-09-05,4,2,480.0,480.0,439.5,2776,2741
8400,2025-09-05,4,3,480.0,471.4,407.2,2572,2567
8401,2025-09-05,5,1,341.9,317.0,269.5,770,760
8402,2025-09-05,5,2,480.0,465.7,401.1,1146,1123
8403,2025-09-05,5,3,480.0,429.9,357.0,1020,997
8404,2025-09-05,6,1,480.0,328.8,283.1,809,793
8405,2025-09-05,6,2,480.0,448.1,388.9,1111,1082
8406,2025-09-05,6,3,480.0,426.4,349.6,999,975
8407,2025-09-05,7,1,480.0,393.1,315.2,788,766
8408,2025-09-05,7,2,480.0,271.6,212.4,531,516
8409,2025-09-05,7,3,480.0,360.2,269.2,673,658
8410,2025-09-05,8,1,480.0,422.3,355.7,928,913
8411,2025-09-05,8,2,480.0,410.2,346.5,904,880
8412,2025-09-05,8,3,480.0,353.2,292.9,764,752
8413,2025-09-05,9,1,480.0,471.1,437.6,1382,1365
8414,2025-09-05,9,2,480.0,474.2,428.1,1352,1327
8415,2025-09-05,9,3,436.2,381.9,348.6,1101,1083
8416,2025-09-05,10,1,480.0,414.2,356.0,1424,1398
8417,2025-09-05,10,2,480.0,386.2,344.2,1377,1358
8418,2025-09-05,10,3,480.0,463.8,395.5,1582,1555
8419,2025-09-05,11,1,480.0,391.2,336.9,1155,1130
8420,2025-09-05,11,2,480.0,456.8,399.3,1369,1330
8421,2025-09-05,11,3,480.0,401.0,325.2,1115,1088
8422,2025-09-05,12,1,480.0,460.7,412.8,1548,1531
8423,2025-09-05,12,2,480.0,432.4,385.6,1446,1425
8424,2025-09-05,12,3,480.0,313.0,270.1,1013,1000
8425,2025-09-06,1,1,480.0,448.8,400.4,2002,1982
8426,2025-09-06,1,2,480.0,452.2,400.4,2002,1971
8427,2025-09-06,1,3,480.0,460.3,385.4,1927,1904
8428,2025-09-06,2,1,480.0,382.5,340.8,1704,1682
8429,2025-09-06,2,2,480.0,468.9,403.8,2019,1990
8430,2025-09-06,2,3,480.0,428.0,374.8,1874,1844
8431,2025-09-06,3,1,480.0,388.9,317.2,1410,1382
8432,2025-09-06,3,2,480.0,447.1,374.2,1663,1625
8433,2025-09-06,3,3,480.0,302.6,240.5,1069,1048
8434,2025-09-06,4,1,480.0,462.1,410.1,2590,2570
8435,2025-09-06,4,2,480.0,410.5,371.3,2345,2322
8436,2025-09-06,4,3,480.0,472.5,405.8,2563,2521
8437,2025-09-06,5,1,480.0,440.6,381.5,1090,1073
8438,2025-09-06,5,2,480.0,480.0,403.9,1154,1136
8439,2025-09-06,5,3,480.0,292.5,249.6,713,696
8440,2025-09-06,6,1,480.0,348.1,283.9,811,797
8441,2025-09-06,6,2,480.0,440.9,373.4,1067,1051
8442,2025-09-06,6,3,480.0,355.2,295.8,845,832
8443,2025-09-06,7,1,480.0,274.1,216.0,540,525
8444,2025-09-06,7,2,480.0,404.4,315.6,789,770
8445,2025-09-06,7,3,480.0,401.4,308.4,771,755
8446,2025-09-06,8,1,480.0,421.4,358.4,935,920
8447,2025-09-06,8,2,480.0,446.4,387.2,1010,988
8448,2025-09-06,8,3,454.3,408.9,328.5,857,838
8449,2025-09-06,9,1,480.0,480.0,422.8,1335,1315
8450,2025-09-06,9,2,480.0,422.7,364.8,1152,1133
8451,2025-09-06,9,3,480.0,391.1,345.8,1092,1079
8452,2025-09-06,10,1,480.0,434.8,382.8,1531,1493
8453,2025-09-06,10,2,480.0,388.0,333.0,1332,1318
8454,2025-09-06,10,3,480.0,256.4,217.0,868,855
8455,2025-09-06,11,1,480.0,370.8,325.5,1116,1092
8456,2025-09-06,11,2,480.0,421.8,346.2,1187,1161
8457,2025-09-06,11,3,480.0,202.1,166.2,570,558
8458,2025-09-06,12,1,480.0,472.0,419.5,1573,1554
8459,2025-09-06,12,2,480.0,480.0,429.6,1611,1602
8460,2025-09-06,12,3,480.0,479.3,413.6,1551,1540
8461,2025-09-07,1,1,480.0,439.4,399.0,1995,1976
8462,2025-09-07,1,2,480.0,420.5,387.4,1937,1918
8463,2025-09-07,1,3,480.0,429.2,373.6,1868,1850
8464,2025-09-07,2,1,480.0,338.6,290.4,1452,1433
8465,2025-09-07,2,2,480.0,480.0,424.8,2124,2088
8466,2025-09-07,2,3,480.0,421.7,361.2,1806,1787
8467,2025-09-07,3,1,480.0,399.4,313.6,1394,1362
8468,2025-09-07,3,2,480.0,462.3,380.7,1692,1654
8469,2025-09-07,3,3,480.0,421.1,336.8,1497,1475
8470,2025-09-07,4,1,480.0,366.0,335.0,2116,2098
8471,2025-09-07,4,2,480.0,461.3,408.5,2580,2546
8472,2025-09-07,4,3,480.0,464.9,411.4,2598,2565
8473,2025-09-07,5,1,480.0,462.7,390.9,1117,1086
8474,2025-09-07,5,2,480.0,472.4,393.1,1123,1097
8475,2025-09-07,5,3,480.0,343.8,274.4,784,771
8476,2025-09-07,6,1,480.0,413.1,341.6,976,956
8477,2025-09-07,6,2,480.0,387.4,334.6,956,934
8478,2025-09-07,6,3,480.0,360.1,301.7,862,850
8479,2025-09-07,7,1,480.0,411.0,332.0,830,806
8480,2025-09-07,7,2,480.0,289.2,226.8,567,551
8481,2025-09-07,7,3,480.0,293.6,225.2,563,548
8482,2025-09-07,8,1,480.0,412.5,353.1,921,900
8483,2025-09-07,8,2,480.0,358.7,302.1,788,771
8484,2025-09-07,8,3,480.0,392.9,327.4,854,836
8485,2025-09-07,9,1,480.0,421.6,378.1,1194,1185
8486,2025-09-07,9,2,480.0,364.5,311.0,982,970
8487,2025-09-07,9,3,480.0,480.0,423.4,1337,1312
8488,2025-09-07,10,1,480.0,391.5,334.5,1338,1311
8489,2025-09-07,10,2,480.0,390.7,329.2,1317,1298
8490,2025-09-07,10,3,480.0,430.5,367.0,1468,1447
8491,2025-09-07,11,1,480.0,454.5,382.4,1311,1283
8492,2025-09-07,11,2,480.0,423.0,362.8,1244,1223
8493,2025-09-07,11,3,480.0,334.4,273.0,936,914
8494,2025-09-07,12,1,480.0,472.2,413.3,1550,1532
8495,2025-09-07,12,2,480.0,431.1,374.9,1406,1390
8496,2025-09-07,12,3,480.0,470.5,399.5,1498,1482
8497,2025-09-08,1,1,480.0,466.6,419.6,2098,2067
8498,2025-09-08,1,2,480.0,426.5,379.0,1895,1866
8499,2025-09-08,1,3,480.0,404.9,347.0,1735,1716
8500,2025-09-08,2,1,480.0,400.9,345.0,1725,1709
8501,2025-09-08,2,2,480.0,364.1,320.8,1604,1577
8502,2025-09-08,2,3,480.0,392.4,330.8,1654,1627
8503,2025-09-08,3,1,480.0,446.0,381.6,1696,1655
8504,2025-09-08,3,2,480.0,363.8,297.7,1323,1292
8505,2025-09-08,3,3,480.0,334.9,274.1,1218,1190
8506,2025-09-08,4,1,480.0,427.6,388.6,2454,2432
8507,2025-09-08,4,2,480.0,422.3,394.6,2492,2474
8508,2025-09-08,4,3,480.0,342.6,316.0,1996,1962
8509,2025-09-08,5,1,480.0,376.4,327.9,937,919
8510,2025-09-08,5,2,480.0,275.7,241.5,690,677
8511,2025-09-08,5,3,480.0,366.6,309.4,884,865
8512,2025-09-08,6,1,480.0,409.4,347.6,993,973
8513,2025-09-08,6,2,480.0,437.8,381.5,1090,1068
8514,2025-09-08,6,3,480.0,449.0,372.1,1063,1041
8515,2025-09-08,7,1,480.0,348.7,285.2,713,694
8516,2025-09-08,7,2,480.0,339.4,271.6,679,664
8517,2025-09-08,7,3,480.0,277.2,207.6,519,507
8518,2025-09-08,8,1,480.0,431.1,366.9,957,945
8519,2025-09-08,8,2,480.0,383.0,326.2,851,832
8520,2025-09-08,8,3,447.6,413.8,347.7,907,888
8521,2025-09-08,9,1,480.0,432.2,394.9,1247,1241
8522,2025-09-08,9,2,480.0,466.5,407.9,1288,1267
8523,2025-09-08,9,3,480.0,480.0,406.3,1283,1269
8524,2025-09-08,10,1,480.0,474.5,413.0,1652,1622
8525,2025-09-08,10,2,480.0,399.5,348.2,1393,1371
8526,2025-09-08,10,3,480.0,397.7,323.5,1294,1267
8527,2025-09-08,11,1,480.0,377.2,315.0,1080,1060
8528,2025-09-08,11,2,480.0,439.2,372.2,1276,1244
8529,2025-09-08,11,3,480.0,332.5,262.8,901,877
8530,2025-09-08,12,1,480.0,413.3,354.4,1329,1315
8531,2025-09-08,12,2,480.0,446.3,387.5,1453,1421
8532,2025-09-08,12,3,457.0,441.9,383.2,1437,1415
8533,2025-09-09,1,1,480.0,450.7,403.0,2015,1989
8534,2025-09-09,1,2,480.0,434.5,379.0,1895,1875
8535,2025-09-09,1,3,480.0,374.7,332.2,1661,1641
8536,2025-09-09,2,1,480.0,426.3,380.6,1903,1883
8537,2025-09-09,2,2,480.0,381.7,328.2,1641,1604
8538,2025-09-09,2,3,480.0,445.8,382.2,1911,1905
8539,2025-09-09,3,1,480.0,310.6,259.6,1154,1132
8540,2025-09-09,3,2,480.0,415.5,339.3,1508,1475
8541,2025-09-09,3,3,480.0,466.8,373.5,1660,1612
8542,2025-09-09,4,1,480.0,397.4,366.7,2316,2301
8543,2025-09-09,4,2,480.0,414.5,377.8,2386,2362
8544,2025-09-09,4,3,480.0,455.7,414.2,2616,2592
8545,2025-09-09,5,1,480.0,382.1,324.1,926,911
8546,2025-09-09,5,2,480.0,441.5,388.9,1111,1087
8547,2025-09-09,5,3,480.0,325.5,271.6,776,764
8548,2025-09-09,6,1,480.0,399.2,332.5,950,929
8549,2025-09-09,6,2,480.0,319.1,272.3,778,762
8550,2025-09-09,6,3,480.0,457.6,380.8,1088,1064
8551,2025-09-09,7,1,480.0,300.4,232.4,581,566
8552,2025-09-09,7,2,480.0,299.5,239.2,598,578
8553,2025-09-09,7,3,480.0,325.9,245.2,613,600
8554,2025-09-09,8,1,480.0,433.1,361.5,943,922
8555,2025-09-09,8,2,480.0,373.8,320.5,836,818
8556,2025-09-09,8,3,480.0,396.0,328.5,857,831
8557,2025-09-09,9,1,480.0,378.0,354.7,1120,1115
8558,2025-09-09,9,2,480.0,423.1,384.8,1215,1204
8559,2025-09-09,9,3,458.3,357.8,307.8,972,956
8560,2025-09-09,10,1,480.0,412.2,361.8,1447,1421
8561,2025-09-09,10,2,480.0,459.2,403.8,1615,1576
8562,2025-09-09,10,3,480.0,268.0,229.8,919,903
8563,2025-09-09,11,1,480.0,396.8,339.5,1164,1129
8564,2025-09-09,11,2,480.0,463.1,405.4,1390,1356
8565,2025-09-09,11,3,480.0,362.2,302.8,1038,1017
8566,2025-09-09,12,1,480.0,465.6,406.9,1526,1507
8567,2025-09-09,12,2,480.0,392.0,362.1,1358,1339
8568,2025-09-09,12,3,480.0,480.0,398.4,1494,1471
8569,2025-09-10,1,1,480.0,441.0,389.6,1948,1928
8570,2025-09-10,1,2,480.0,389.7,338.6,1693,1669
8571,2025-09-10,1,3,480.0,450.7,393.6,1968,1933
8572,2025-09-10,2,1,480.0,468.3,394.4,1972,1947
8573,2025-09-10,2,2,480.0,448.3,414.4,2072,2051
8574,2025-09-10,2,3,480.0,409.0,361.6,1808,1782
8575,2025-09-10,3,1,480.0,365.4,294.1,1307,1275
8576,2025-09-10,3,2,480.0,240.9,202.3,899,878
8577,2025-09-10,3,3,480.0,437.0,364.7,1621,1585
8578,2025-09-10,4,1,480.0,398.8,355.3,2244,2213
8579,2025-09-10,4,2,480.0,438.4,396.3,2503,2480
8580,2025-09-10,4,3,480.0,477.5,414.4,2617,2599
8581,2025-09-10,5,1,480.0,403.6,349.6,999,984
8582,2025-09-10,5,2,480.0,395.5,339.9,971,951
8583,2025-09-10,5,3,480.0,440.0,370.3,1058,1037
8584,2025-09-10,6,1,480.0,395.6,328.6,939,921
8585,2025-09-10,6,2,480.0,469.1,404.2,1155,1124
8586,2025-09-10,6,3,480.0,326.6,270.6,773,756
8587,2025-09-10,7,1,480.0,379.1,297.2,743,722
8588,2025-09-10,7,2,480.0,410.3,333.6,834,815
8589,2025-09-10,7,3,480.0,412.8,325.2,813,794
8590,2025-09-10,8,1,480.0,318.3,267.2,697,681
8591,2025-09-10,8,2,480.0,396.6,343.1,895,874
8592,2025-09-10,8,3,480.0,436.6,361.9,944,926
8593,2025-09-10,9,1,253.6,253.6,222.6,703,693
8594,2025-09-10,9,2,480.0,419.7,379.7,1199,1191
8595,2025-09-10,9,3,480.0,410.6,359.7,1136,1128
8596,2025-09-10,10,1,480.0,372.5,322.5,1290,1268
8597,2025-09-10,10,2,480.0,422.6,373.0,1492,1475
8598,2025-09-10,10,3,480.0,271.1,226.5,906,888
8599,2025-09-10,11,1,480.0,389.6,334.5,1147,1125
8600,2025-09-10,11,2,480.0,346.8,288.8,990,970
8601,2025-09-10,11,3,480.0,269.3,217.9,747,732
8602,2025-09-10,12,1,480.0,329.6,296.3,1111,1096
8603,2025-09-10,12,2,480.0,458.2,411.5,1543,1520
8604,2025-09-10,12,3,480.0,362.0,321.3,1205,1187
8605,2025-09-11,1,1,480.0,443.8,387.8,1939,1907
8606,2025-09-11,1,2,480.0,453.3,393.0,1965,1953
8607,2025-09-11,1,3,480.0,460.9,390.4,1952,1922
8608,2025-09-11,2,1,480.0,449.0,411.6,2058,2046
8609,2025-09-11,2,2,480.0,378.4,329.2,1646,1624
8610,2025-09-11,2,3,480.0,425.4,370.6,1853,1826
8611,2025-09-11,3,1,480.0,375.1,304.6,1354,1320
8612,2025-09-11,3,2,480.0,388.5,316.8,1408,1384
8613,2025-09-11,3,3,437.2,416.4,332.8,1479,1447
8614,2025-09-11,4,1,480.0,460.0,419.7,2651,2628
8615,2025-09-11,4,2,480.0,480.0,442.7,2796,2761
8616,2025-09-11,4,3,480.0,389.3,336.1,2123,2121
8617,2025-09-11,5,1,480.0,402.8,345.1,986,970
8618,2025-09-11,5,2,480.0,480.0,416.5,1190,1165
8619,2025-09-11,5,3,480.0,380.4,313.6,896,882
8620,2025-09-11,6,1,480.0,473.6,404.2,1155,1118
8621,2025-09-11,6,2,480.0,408.4,350.7,1002,978
8622,2025-09-11,6,3,480.0,294.1,252.3,721,699
8623,2025-09-11,7,1,480.0,452.8,373.2,933,912
8624,2025-09-11,7,2,480.0,266.8,216.8,542,530
8625,2025-09-11,7,3,480.0,314.7,245.2,613,598
8626,2025-09-11,8,1,480.0,369.8,310.9,811,793
8627,2025-09-11,8,2,480.0,456.0,389.5,1016,989
8628,2025-09-11,8,3,480.0,420.0,343.5,896,873
8629,2025-09-11,9,1,480.0,465.9,419.9,1326,1310
8630,2025-09-11,9,2,480.0,416.3,365.1,1153,1136
8631,2025-09-11,9,3,480.0,304.7,269.2,850,843
8632,2025-09-11,10,1,480.0,410.0,353.0,1412,1391
8633,2025-09-11,10,2,480.0,450.5,391.8,1567,1541
8634,2025-09-11,10,3,480.0,433.6,366.2,1465,1438
8635,2025-09-11,11,1,480.0,453.5,390.2,1338,1301
8636,2025-09-11,11,2,480.0,436.5,368.7,1264,1235
8637,2025-09-11,11,3,480.0,253.1,212.9,730,714
8638,2025-09-11,12,1,480.0,367.5,316.3,1186,1175
8639,2025-09-11,12,2,480.0,424.9,375.2,1407,1389
8640,2025-09-11,12,3,480.0,463.9,382.4,1434,1416
8641,2025-09-12,1,1,480.0,467.3,416.4,2082,2044
8642,2025-09-12,1,2,480.0,457.8,398.8,1994,1956
8643,2025-09-12,1,3,432.4,377.9,334.4,1672,1653
8644,2025-09-12,2,1,480.0,395.3,368.8,1844,1811
8645,2025-09-12,2,2,480.0,403.9,348.2,1741,1723
8646,2025-09-12,2,3,480.0,415.2,341.4,1707,1686
8647,2025-09-12,3,1,480.0,416.3,354.8,1577,1545
8648,2025-09-12,3,2,480.0,450.5,372.4,1655,1613
8649,2025-09-12,3,3,480.0,310.4,238.9,1062,1036
8650,2025-09-12,4,1,480.0,467.7,415.0,2621,2597
8651,2025-09-12,4,2,480.0,448.4,405.2,2559,2528
8652,2025-09-12,4,3,480.0,416.9,365.9,2311,2287
8653,2025-09-12,5,1,480.0,408.2,348.2,995,975
8654,2025-09-12,5,2,480.0,446.1,372.4,1064,1044
8655,2025-09-12,5,3,480.0,442.4,363.6,1039,1019
8656,2025-09-12,6,1,480.0,398.7,344.8,985,961
8657,2025-09-12,6,2,480.0,403.3,339.5,970,950
8658,2025-09-12,6,3,480.0,461.7,375.6,1073,1051
8659,2025-09-12,7,1,480.0,315.6,255.6,639,627
8660,2025-09-12,7,2,480.0,335.2,268.8,672,656
8661,2025-09-12,7,3,480.0,315.4,236.8,592,574
8662,2025-09-12,8,1,480.0,411.2,341.9,892,874
8663,2025-09-12,8,2,480.0,380.7,320.9,837,817
8664,2025-09-12,8,3,480.0,459.5,384.9,1004,986
8665,2025-09-12,9,1,480.0,410.5,360.7,1139,1121
8666,2025-09-12,9,2,480.0,463.6,431.0,1361,1345
8667,2025-09-12,9,3,480.0,463.7,397.1,1254,1240
8668,2025-09-12,10,1,480.0,426.8,377.0,1508,1490
8669,2025-09-12,10,2,480.0,437.7,372.0,1488,1474
8670,2025-09-12,10,3,480.0,397.8,330.0,1320,1291
8671,2025-09-12,11,1,480.0,375.5,317.0,1087,1060
8672,2025-09-12,11,2,480.0,418.6,360.5,1236,1216
8673,2025-09-12,11,3,480.0,391.6,324.0,1111,1083
8674,2025-09-12,12,1,480.0,444.6,396.0,1485,1474
8675,2025-09-12,12,2,480.0,456.8,402.1,1508,1482
8676,2025-09-12,12,3,480.0,452.7,388.0,1455,1431
8677,2025-09-13,1,1,480.0,450.0,400.8,2004,1987
8678,2025-09-13,1,2,480.0,431.6,389.2,1946,1922
8679,2025-09-13,1,3,480.0,446.4,386.6,1933,1912
8680,2025-09-13,2,1,480.0,442.9,370.8,1854,1820
8681,2025-09-13,2,2,480.0,468.2,412.2,2061,2030
8682,2025-09-13,2,3,480.0,380.9,332.6,1663,1642
8683,2025-09-13,3,1,480.0,299.8,252.7,1123,1097
8684,2025-09-13,3,2,480.0,288.6,237.4,1055,1034
8685,2025-09-13,3,3,480.0,369.6,299.2,1330,1305
8686,2025-09-13,4,1,480.0,457.6,419.6,2650,2635
8687,2025-09-13,4,2,480.0,437.1,407.7,2575,2555
8688,2025-09-13,4,3,480.0,371.8,321.3,2029,2001
8689,2025-09-13,5,1,480.0,363.8,317.1,906,883
8690,2025-09-13,5,2,480.0,366.9,316.8,905,894
8691,2025-09-13,5,3,480.0,347.7,295.8,845,828
8692,2025-09-13,6,1,480.0,449.2,379.1,1083,1058
8693,2025-09-13,6,2,480.0,285.3,248.8,711,702
8694,2025-09-13,6,3,480.0,452.2,370.3,1058,1037
8695,2025-09-13,7,1,480.0,399.5,317.6,794,775
8696,2025-09-13,7,2,480.0,182.1,142.8,357,347
8697,2025-09-13,7,3,434.3,239.0,187.2,468,452
8698,2025-09-13,8,1,480.0,357.8,300.9,785,771
8699,2025-09-13,8,2,480.0,427.6,358.8,936,918
8700,2025-09-13,8,3,480.0,448.0,379.1,989,965
8701,2025-09-13,9,1,480.0,407.4,373.7,1180,1163
8702,2025-09-13,9,2,480.0,474.3,425.0,1342,1329
8703,2025-09-13,9,3,480.0,456.6,403.1,1273,1264
8704,2025-09-13,10,1,480.0,426.5,373.5,1494,1472
8705,2025-09-13,10,2,480.0,465.1,412.0,1648,1618
8706,2025-09-13,10,3,480.0,183.8,159.2,637,632
8707,2025-09-13,11,1,480.0,431.5,360.2,1235,1216
8708,2025-09-13,11,2,480.0,441.5,379.2,1300,1272
8709,2025-09-13,11,3,480.0,219.7,175.9,603,586
8710,2025-09-13,12,1,480.0,351.4,314.7,1180,1174
8711,2025-09-13,12,2,480.0,401.8,350.4,1314,1304
8712,2025-09-13,12,3,480.0,462.9,377.3,1415,1395
8713,2025-09-14,1,1,480.0,424.4,371.2,1856,1829
8714,2025-09-14,1,2,480.0,421.7,363.8,1819,1800
8715,2025-09-14,1,3,480.0,471.3,416.6,2083,2061
8716,2025-09-14,2,1,480.0,348.5,311.6,1558,1534
8717,2025-09-14,2,2,480.0,472.5,412.2,2061,2022
8718,2025-09-14,2,3,480.0,410.1,348.6,1743,1713
8719,2025-09-14,3,1,480.0,396.8,334.4,1486,1455
8720,2025-09-14,3,2,480.0,375.2,317.7,1412,1378
8721,2025-09-14,3,3,480.0,310.1,252.2,1121,1096
8722,2025-09-14,4,1,480.0,480.0,420.7,2657,2618
8723,2025-09-14,4,2,480.0,444.3,402.0,2539,2510
8724,2025-09-14,4,3,480.0,470.5,407.7,2575,2568
8725,2025-09-14,5,1,480.0,409.7,334.2,955,941
8726,2025-09-14,5,2,480.0,453.9,392.0,1120,1102
8727,2025-09-14,5,3,480.0,470.6,389.6,1113,1094
8728,2025-09-14,6,1,480.0,455.4,387.1,1106,1079
8729,2025-09-14,6,2,480.0,453.1,385.7,1102,1083
8730,2025-09-14,6,3,480.0,444.4,373.4,1067,1051
8731,2025-09-14,7,1,480.0,281.7,220.4,551,537
8732,2025-09-14,7,2,480.0,362.1,280.4,701,678
8733,2025-09-14,7,3,480.0,285.1,221.6,554,542
8734,2025-09-14,8,1,480.0,415.7,362.6,946,928
8735,2025-09-14,8,2,480.0,460.4,397.5,1037,1016
8736,2025-09-14,8,3,480.0,367.2,316.2,825,808
8737,2025-09-14,9,1,480.0,435.9,388.9,1228,1213
8738,2025-09-14,9,2,480.0,441.8,395.5,1249,1236
8739,2025-09-14,9,3,480.0,423.7,365.4,1154,1133
8740,2025-09-14,10,1,480.0,403.2,344.0,1376,1363
8741,2025-09-14,10,2,480.0,436.9,367.2,1469,1447
8742,2025-09-14,10,3,480.0,445.0,367.0,1468,1446
8743,2025-09-14,11,1,480.0,291.4,259.3,889,875
8744,2025-09-14,11,2,480.0,398.5,340.1,1166,1143
8745,2025-09-14,11,3,480.0,407.6,339.2,1163,1133
8746,2025-09-14,12,1,480.0,480.0,418.9,1571,1569
8747,2025-09-14,12,2,480.0,427.3,370.1,1388,1370
8748,2025-09-14,12,3,432.0,317.2,270.7,1015,1002
8749,2025-09-15,1,1,480.0,420.0,368.2,1841,1815
8750,2025-09-15,1,2,480.0,372.1,335.6,1678,1656
8751,2025-09-15,1,3,480.0,380.9,326.8,1634,1615
8752,2025-09-15,2,1,480.0,442.4,376.8,1884,1862
8753,2025-09-15,2,2,480.0,366.6,312.8,1564,1546
8754,2025-09-15,2,3,480.0,382.0,338.0,1690,1670
8755,2025-09-15,3,1,480.0,331.3,276.8,1230,1204
8756,2025-09-15,3,2,480.0,422.4,346.7,1541,1513
8757,2025-09-15,3,3,440.1,398.6,322.6,1434,1407
8758,2025-09-15,4,1,480.0,473.4,425.3,2686,2673
8759,2025-09-15,4,2,480.0,480.0,446.3,2819,2775
8760,2025-09-15,4,3,480.0,480.0,420.2,2654,2620
8761,2025-09-15,5,1,480.0,458.7,409.9,1171,1152
8762,2025-09-15,5,2,480.0,395.1,334.2,955,935
8763,2025-09-15,5,3,480.0,451.5,388.5,1110,1089
8764,2025-09-15,6,1,480.0,433.3,368.2,1052,1035
8765,2025-09-15,6,2,480.0,451.4,368.6,1053,1034
8766,2025-09-15,6,3,480.0,385.0,313.9,897,879
8767,2025-09-15,7,1,480.0,320.9,249.6,624,611
8768,2025-09-15,7,2,480.0,421.0,325.2,813,794
8769,2025-09-15,7,3,480.0,328.8,256.0,640,625
8770,2025-09-15,8,1,480.0,367.1,304.4,794,780
8771,2025-09-15,8,2,480.0,474.4,394.8,1030,1005
8772,2025-09-15,8,3,480.0,210.6,170.6,445,435
8773,2025-09-15,9,1,480.0,405.2,352.8,1114,1101
8774,2025-09-15,9,2,480.0,398.3,357.8,1130,1115
8775,2025-09-15,9,3,480.0,475.5,412.9,1304,1273
8776,2025-09-15,10,1,480.0,480.0,413.2,1653,1629
8777,2025-09-15,10,2,480.0,449.1,400.2,1601,1561
8778,2025-09-15,10,3,480.0,205.2,166.0,664,652
8779,2025-09-15,11,1,480.0,411.5,338.9,1162,1129
8780,2025-09-15,11,2,480.0,440.9,374.5,1284,1256
8781,2025-09-15,11,3,480.0,150.4,127.2,436,427
8782,2025-09-15,12,1,480.0,374.9,337.6,1266,1243
8783,2025-09-15,12,2,480.0,448.7,392.0,1470,1445
8784,2025-09-15,12,3,480.0,452.0,392.5,1472,1460
8785,2025-09-16,1,1,480.0,394.3,353.0,1765,1744
8786,2025-09-16,1,2,480.0,411.0,368.8,1844,1817
8787,2025-09-16,1,3,480.0,434.5,373.6,1868,1837
8788,2025-09-16,2,1,480.0,387.9,344.0,1720,1701
8789,2025-09-16,2,2,480.0,432.1,383.2,1916,1889
8790,2025-09-16,2,3,480.0,440.6,383.0,1915,1890
8791,2025-09-16,3,1,480.0,407.1,339.1,1507,1470
8792,2025-09-16,3,2,480.0,365.8,303.3,1348,1326
8793,2025-09-16,3,3,480.0,358.9,284.6,1265,1230
8794,2025-09-16,4,1,480.0,480.0,427.5,2700,2675
8795,2025-09-16,4,2,480.0,445.5,410.1,2590,2580
8796,2025-09-16,4,3,480.0,480.0,424.3,2680,2659
8797,2025-09-16,5,1,480.0,474.1,399.4,1141,1129
8798,2025-09-16,5,2,480.0,357.0,317.8,908,897
8799,2025-09-16,5,3,480.0,420.9,337.4,964,942
8800,2025-09-16,6,1,480.0,446.6,383.2,1095,1070
8801,2025-09-16,6,2,480.0,323.3,272.6,779,762
8802,2025-09-16,6,3,480.0,384.2,305.9,874,852
8803,2025-09-16,7,1,480.0,346.7,267.2,668,652
8804,2025-09-16,7,2,480.0,306.3,244.4,611,595
8805,2025-09-16,7,3,480.0,214.9,156.8,392,380
8806,2025-09-16,8,1,480.0,438.7,366.5,956,931
8807,2025-09-16,8,2,480.0,466.4,404.4,1055,1032
8808,2025-09-16,8,3,480.0,333.7,274.5,716,700
8809,2025-09-16,9,1,480.0,462.8,396.5,1252,1240
8810,2025-09-16,9,2,480.0,450.8,411.0,1298,1280
8811,2025-09-16,9,3,480.0,425.7,379.4,1198,1179
8812,2025-09-16,10,1,480.0,473.1,404.2,1617,1586
8813,2025-09-16,10,2,480.0,437.2,392.0,1568,1542
8814,2025-09-16,10,3,480.0,389.8,335.5,1342,1318
8815,2025-09-16,11,1,480.0,394.5,335.7,1151,1128
8816,2025-09-16,11,2,480.0,440.1,372.5,1277,1248
8817,2025-09-16,11,3,480.0,341.9,273.3,937,912
8818,2025-09-16,12,1,480.0,445.2,385.1,1444,1421
8819,2025-09-16,12,2,480.0,457.5,407.7,1529,1509
8820,2025-09-16,12,3,480.0,419.6,368.0,1380,1365
8821,2025-09-17,1,1,480.0,462.8,417.4,2087,2066
8822,2025-09-17,1,2,480.0,438.9,391.4,1957,1929
8823,2025-09-17,1,3,480.0,377.3,332.0,1660,1637
8824,2025-09-17,2,1,480.0,475.5,423.4,2117,2093
8825,2025-09-17,2,2,480.0,432.6,368.8,1844,1818
8826,2025-09-17,2,3,480.0,353.7,306.0,1530,1502
8827,2025-09-17,3,1,480.0,219.7,178.9,795,778
8828,2025-09-17,3,2,480.0,349.6,290.0,1289,1262
8829,2025-09-17,3,3,480.0,357.9,287.8,1279,1251
8830,2025-09-17,4,1,480.0,452.6,407.7,2575,2550
8831,2025-09-17,4,2,480.0,443.6,396.9,2507,2488
8832,2025-09-17,4,3,480.0,255.3,229.1,1447,1428
8833,2025-09-17,5,1,480.0,405.9,351.4,1004,987
8834,2025-09-17,5,2,480.0,465.8,393.4,1124,1102
8835,2025-09-17,5,3,480.0,195.2,162.8,465,457
8836,2025-09-17,6,1,480.0,372.8,316.8,905,880
8837,2025-09-17,6,2,480.0,382.8,320.6,916,900
8838,2025-09-17,6,3,444.6,288.4,233.4,667,647
8839,2025-09-17,7,1,480.0,380.0,297.6,744,725
8840,2025-09-17,7,2,480.0,293.2,227.2,568,555
8841,2025-09-17,7,3,441.9,295.9,221.2,553,537
8842,2025-09-17,8,1,480.0,431.5,359.9,939,919
8843,2025-09-17,8,2,480.0,446.2,379.1,989,972
8844,2025-09-17,8,3,480.0,284.1,230.4,601,587
8845,2025-09-17,9,1,480.0,431.0,405.3,1280,1270
8846,2025-09-17,9,2,480.0,383.5,345.2,1090,1074
8847,2025-09-17,9,3,480.0,473.6,425.0,1342,1322
8848,2025-09-17,10,1,480.0,480.0,403.0,1612,1594
8849,2025-09-17,10,2,480.0,416.5,362.0,1448,1421
8850,2025-09-17,10,3,480.0,396.8,327.0,1308,1281
8851,2025-09-17,11,1,480.0,426.9,361.4,1239,1205
8852,2025-09-17,11,2,480.0,467.9,388.2,1331,1302
8853,2025-09-17,11,3,480.0,372.8,309.2,1060,1038
8854,2025-09-17,12,1,480.0,474.6,406.7,1525,1509
8855,2025-09-17,12,2,480.0,435.0,374.1,1403,1385
8856,2025-09-17,12,3,480.0,389.5,336.0,1260,1245
8857,2025-09-18,1,1,480.0,438.6,391.8,1959,1927
8858,2025-09-18,1,2,480.0,305.4,269.0,1345,1324
8859,2025-09-18,1,3,480.0,398.5,341.6,1708,1678
8860,2025-09-18,2,1,480.0,404.7,358.0,1790,1768
8861,2025-09-18,2,2,480.0,366.2,323.4,1617,1596
8862,2025-09-18,2,3,480.0,308.6,273.8,1369,1351
8863,2025-09-18,3,1,480.0,438.7,366.1,1627,1592
8864,2025-09-18,3,2,480.0,449.3,376.0,1671,1640
8865,2025-09-18,3,3,480.0,404.8,330.1,1467,1429
8866,2025-09-18,4,1,480.0,451.9,414.0,2615,2569
8867,2025-09-18,4,2,480.0,480.0,451.4,2851,2837
8868,2025-09-18,4,3,480.0,472.2,425.0,2684,2655
8869,2025-09-18,5,1,480.0,377.4,316.4,904,884
8870,2025-09-18,5,2,480.0,389.4,339.5,970,950
8871,2025-09-18,5,3,480.0,443.6,367.5,1050,1029
8872,2025-09-18,6,1,480.0,455.7,396.9,1134,1113
8873,2025-09-18,6,2,480.0,480.0,420.0,1200,1171
8874,2025-09-18,6,3,480.0,327.8,264.2,755,741
8875,2025-09-18,7,1,480.0,309.8,240.4,601,589
8876,2025-09-18,7,2,480.0,238.5,186.4,466,458
8877,2025-09-18,7,3,480.0,277.6,211.2,528,519
8878,2025-09-18,8,1,480.0,336.7,278.7,727,712
8879,2025-09-18,8,2,480.0,307.3,275.6,719,702
8880,2025-09-18,8,3,480.0,362.3,293.2,765,751
8881,2025-09-18,9,1,480.0,462.4,408.8,1291,1277
8882,2025-09-18,9,2,480.0,443.5,403.4,1274,1259
8883,2025-09-18,9,3,480.0,416.2,357.2,1128,1114
8884,2025-09-18,10,1,480.0,478.0,413.0,1652,1609
8885,2025-09-18,10,2,480.0,413.3,363.2,1453,1420
8886,2025-09-18,10,3,480.0,366.6,322.5,1290,1266
8887,2025-09-18,11,1,480.0,449.8,383.5,1315,1282
8888,2025-09-18,11,2,480.0,333.4,287.0,984,965
8889,2025-09-18,11,3,455.2,396.1,304.8,1045,1017
8890,2025-09-18,12,1,480.0,416.6,369.3,1385,1381
8891,2025-09-18,12,2,480.0,362.3,320.3,1201,1187
8892,2025-09-18,12,3,480.0,401.2,342.1,1283,1268
8893,2025-09-19,1,1,308.3,253.0,224.8,1124,1112
8894,2025-09-19,1,2,480.0,432.9,377.2,1886,1854
8895,2025-09-19,1,3,480.0,353.1,303.6,1518,1506
8896,2025-09-19,2,1,480.0,422.8,372.8,1864,1832
8897,2025-09-19,2,2,480.0,199.6,170.8,854,849
8898,2025-09-19,2,3,480.0,480.0,410.6,2053,2017
8899,2025-09-19,3,1,480.0,286.4,236.0,1049,1029
8900,2025-09-19,3,2,480.0,454.2,370.1,1645,1608
8901,2025-09-19,3,3,480.0,381.0,300.6,1336,1311
8902,2025-09-19,4,1,480.0,480.0,430.2,2717,2707
8903,2025-09-19,4,2,480.0,465.1,420.2,2654,2620
8904,2025-09-19,4,3,480.0,468.0,400.4,2529,2519
8905,2025-09-19,5,1,480.0,410.1,354.6,1013,990
8906,2025-09-19,5,2,480.0,444.1,388.5,1110,1087
8907,2025-09-19,5,3,480.0,208.6,173.2,495,486
8908,2025-09-19,6,1,480.0,418.5,349.6,999,975
8909,2025-09-19,6,2,480.0,447.8,381.1,1089,1065
8910,2025-09-19,6,3,480.0,364.0,295.8,845,828
8911,2025-09-19,7,1,480.0,195.5,158.0,395,387
8912,2025-09-19,7,2,480.0,296.9,232.0,580,563
8913,2025-09-19,7,3,480.0,308.7,238.0,595,576
8914,2025-09-19,8,1,480.0,426.5,357.6,933,910
8915,2025-09-19,8,2,480.0,429.8,366.9,957,934
8916,2025-09-19,8,3,480.0,329.2,279.4,729,712
8917,2025-09-19,9,1,480.0,480.0,437.6,1382,1366
8918,2025-09-19,9,2,480.0,413.7,371.4,1173,1161
8919,2025-09-19,9,3,480.0,361.2,317.0,1001,982
8920,2025-09-19,10,1,480.0,389.2,340.8,1363,1344
8921,2025-09-19,10,2,480.0,370.4,335.2,1341,1316
8922,2025-09-19,10,3,480.0,347.3,291.8,1167,1147
8923,2025-09-19,11,1,480.0,374.4,321.1,1101,1067
8924,2025-09-19,11,2,480.0,405.1,345.0,1183,1158
8925,2025-09-19,11,3,480.0,249.3,211.5,725,708
8926,2025-09-19,12,1,480.0,456.5,379.2,1422,1410
8927,2025-09-19,12,2,480.0,465.3,417.3,1565,1544
8928,2025-09-19,12,3,480.0,286.0,243.5,913,902
8929,2025-09-20,1,1,480.0,435.5,389.8,1949,1910
8930,2025-09-20,1,2,480.0,413.3,371.4,1857,1828
8931,2025-09-20,1,3,480.0,364.0,315.0,1575,1555
8932,2025-09-20,2,1,480.0,423.6,381.8,1909,1896
8933,2025-09-20,2,2,480.0,455.1,393.0,1965,1928
8934,2025-09-20,2,3,480.0,390.9,339.0,1695,1674
8935,2025-09-20,3,1,480.0,401.0,319.5,1420,1394
8936,2025-09-20,3,2,480.0,417.6,339.1,1507,1482
8937,2025-09-20,3,3,480.0,327.0,259.9,1155,1135
8938,2025-09-20,4,1,480.0,454.1,408.8,2582,2554
8939,2025-09-20,4,2,480.0,480.0,436.8,2759,2716
8940,2025-09-20,4,3,480.0,318.0,285.0,1800,1791
8941,2025-09-20,5,1,480.0,405.0,360.5,1030,1010
8942,2025-09-20,5,2,480.0,367.0,309.4,884,866
8943,2025-09-20,5,3,480.0,423.5,350.7,1002,983
8944,2025-09-20,6,1,480.0,418.7,358.1,1023,998
8945,2025-09-20,6,2,480.0,451.5,374.1,1069,1058
8946,2025-09-20,6,3,461.1,147.9,120.8,345,338
8947,2025-09-20,7,1,480.0,347.0,275.6,689,668
8948,2025-09-20,7,2,480.0,156.8,126.4,316,308
8949,2025-09-20,7,3,480.0,225.2,174.4,436,423
8950,2025-09-20,8,1,480.0,425.3,373.4,974,955
8951,2025-09-20,8,2,480.0,369.6,307.1,801,784
8952,2025-09-20,8,3,480.0,340.0,289.8,756,748
8953,2025-09-20,9,1,480.0,376.7,337.6,1066,1057
8954,2025-09-20,9,2,480.0,363.7,328.4,1037,1022
8955,2025-09-20,9,3,480.0,456.1,386.6,1221,1206
8956,2025-09-20,10,1,480.0,445.8,380.8,1523,1499
8957,2025-09-20,10,2,480.0,335.9,295.5,1182,1154
8958,2025-09-20,10,3,480.0,344.9,290.5,1162,1148
8959,2025-09-20,11,1,480.0,399.3,339.5,1164,1138
8960,2025-09-20,11,2,480.0,375.6,315.9,1083,1056
8961,2025-09-20,11,3,480.0,389.0,320.5,1099,1073
8962,2025-09-20,12,1,480.0,452.0,388.0,1455,1428
8963,2025-09-20,12,2,480.0,439.2,389.6,1461,1441
8964,2025-09-20,12,3,480.0,277.8,234.9,881,867
8965,2025-09-21,1,1,480.0,420.9,383.2,1916,1888
8966,2025-09-21,1,2,480.0,473.4,436.0,2180,2157
8967,2025-09-21,1,3,480.0,443.0,384.4,1922,1908
8968,2025-09-21,2,1,480.0,450.3,388.2,1941,1915
8969,2025-09-21,2,2,480.0,365.4,316.0,1580,1562
8970,2025-09-21,2,3,480.0,409.5,349.4,1747,1724
8971,2025-09-21,3,1,480.0,375.6,302.2,1343,1316
8972,2025-09-21,3,2,480.0,366.2,299.2,1330,1304
8973,2025-09-21,3,3,480.0,441.4,349.0,1551,1514
8974,2025-09-21,4,1,480.0,457.0,416.4,2630,2606
8975,2025-09-21,4,2,480.0,461.1,423.4,2674,2642
8976,2025-09-21,4,3,480.0,426.3,376.5,2378,2355
8977,2025-09-21,5,1,480.0,461.1,392.0,1120,1095
8978,2025-09-21,5,2,480.0,451.8,395.5,1130,1108
8979,2025-09-21,5,3,480.0,355.7,295.8,845,826
8980,2025-09-21,6,1,480.0,451.1,379.1,1083,1055
8981,2025-09-21,6,2,480.0,365.7,326.9,934,912
8982,2025-09-21,6,3,480.0,422.0,348.2,995,974
8983,2025-09-21,7,1,480.0,339.8,271.6,679,661
8984,2025-09-21,7,2,480.0,384.0,297.2,743,729
8985,2025-09-21,7,3,480.0,304.6,230.8,577,561
8986,2025-09-21,8,1,480.0,442.6,379.5,990,965
8987,2025-09-21,8,2,480.0,342.7,283.3,739,723
8988,2025-09-21,8,3,458.4,398.2,319.3,833,811
8989,2025-09-21,9,1,480.0,421.1,379.7,1199,1185
8990,2025-09-21,9,2,480.0,442.1,408.2,1289,1272
8991,2025-09-21,9,3,480.0,438.9,382.9,1209,1195
8992,2025-09-21,10,1,480.0,474.1,402.0,1608,1582
8993,2025-09-21,10,2,480.0,456.3,398.8,1595,1564
8994,2025-09-21,10,3,480.0,303.0,264.5,1058,1039
8995,2025-09-21,11,1,480.0,436.9,373.9,1282,1253
8996,2025-09-21,11,2,480.0,413.9,358.8,1230,1205
8997,2025-09-21,11,3,480.0,385.5,324.6,1113,1088
8998,2025-09-21,12,1,480.0,441.2,388.3,1456,1437
8999,2025-09-21,12,2,480.0,440.5,393.9,1477,1448
9000,2025-09-21,12,3,480.0,404.8,350.1,1313,1301
9001,2025-09-22,1,1,480.0,470.1,397.4,1987,1950
9002,2025-09-22,1,2,480.0,440.4,390.6,1953,1940
9003,2025-09-22,1,3,480.0,458.2,390.4,1952,1938
9004,2025-09-22,2,1,480.0,433.1,371.2,1856,1828
9005,2025-09-22,2,2,480.0,441.4,370.0,1850,1824
9006,2025-09-22,2,3,480.0,414.6,353.4,1767,1746
9007,2025-09-22,3,1,480.0,456.9,383.9,1706,1673
9008,2025-09-22,3,2,480.0,387.0,327.1,1454,1414
9009,2025-09-22,3,3,480.0,401.4,319.5,1420,1390
9010,2025-09-22,4,1,480.0,480.0,437.8,2765,2720
9011,2025-09-22,4,2,480.0,466.9,423.2,2673,2662
9012,2025-09-22,4,3,480.0,464.3,418.3,2642,2633
9013,2025-09-22,5,1,480.0,465.0,406.0,1160,1143
9014,2025-09-22,5,2,480.0,389.0,346.1,989,969
9015,2025-09-22,5,3,480.0,316.1,270.9,774,768
9016,2025-09-22,6,1,480.0,419.5,363.6,1039,1015
9017,2025-09-22,6,2,480.0,388.6,327.6,936,914
9018,2025-09-22,6,3,480.0,445.6,364.7,1042,1022
9019,2025-09-22,7,1,480.0,300.4,242.4,606,592
9020,2025-09-22,7,2,480.0,384.3,300.0,750,731
9021,2025-09-22,7,3,480.0,326.3,244.8,612,593
9022,2025-09-22,8,1,480.0,420.6,363.0,947,928
9023,2025-09-22,8,2,480.0,447.3,379.1,989,969
9024,2025-09-22,8,3,480.0,469.0,381.4,995,976
9025,2025-09-22,9,1,480.0,406.6,362.9,1146,1132
9026,2025-09-22,9,2,480.0,445.4,406.0,1282,1262
9027,2025-09-22,9,3,480.0,480.0,420.5,1328,1305
9028,2025-09-22,10,1,480.0,373.3,320.2,1281,1272
9029,2025-09-22,10,2,480.0,475.5,432.0,1728,1706
9030,2025-09-22,10,3,436.8,293.6,253.2,1013,999
9031,2025-09-22,11,1,480.0,417.4,340.1,1166,1133
9032,2025-09-22,11,2,480.0,468.8,396.1,1358,1325
9033,2025-09-22,11,3,480.0,369.2,297.2,1019,995
9034,2025-09-22,12,1,480.0,385.0,332.5,1247,1228
9035,2025-09-22,12,2,480.0,465.8,412.5,1547,1528
9036,2025-09-22,12,3,480.0,408.1,335.5,1258,1241
9037,2025-09-23,1,1,480.0,454.3,410.6,2053,2026
9038,2025-09-23,1,2,480.0,456.7,399.8,1999,1967
9039,2025-09-23,1,3,444.4,393.1,337.6,1688,1662
9040,2025-09-23,2,1,480.0,430.4,371.6,1858,1823
9041,2025-09-23,2,2,480.0,462.8,402.8,2014,1985
9042,2025-09-23,2,3,480.0,461.5,383.0,1915,1880
9043,2025-09-23,3,1,480.0,394.2,326.2,1450,1430
9044,2025-09-23,3,2,480.0,400.9,344.9,1533,1491
9045,2025-09-23,3,3,480.0,428.4,343.8,1528,1502
9046,2025-09-23,4,1,480.0,462.0,424.6,2682,2652
9047,2025-09-23,4,2,480.0,421.3,380.6,2404,2363
9048,2025-09-23,4,3,480.0,393.7,336.3,2124,2103
9049,2025-09-23,5,1,480.0,395.0,345.8,988,969
9050,2025-09-23,5,2,480.0,343.3,288.8,825,806
9051,2025-09-23,5,3,480.0,272.5,224.0,640,629
9052,2025-09-23,6,1,480.0,408.2,356.6,1019,1000
9053,2025-09-23,6,2,480.0,373.7,323.1,923,907
9054,2025-09-23,6,3,480.0,353.2,294.0,840,827
9055,2025-09-23,7,1,480.0,332.1,252.8,632,615
9056,2025-09-23,7,2,480.0,405.7,309.6,774,757
9057,2025-09-23,7,3,480.0,383.4,294.0,735,714
9058,2025-09-23,8,1,480.0,471.9,401.0,1046,1026
9059,2025-09-23,8,2,480.0,229.6,196.7,513,501
9060,2025-09-23,8,3,480.0,416.4,348.8,910,892
9061,2025-09-23,9,1,480.0,469.3,416.4,1315,1294
9062,2025-09-23,9,2,480.0,436.1,394.6,1246,1238
9063,2025-09-23,9,3,480.0,451.7,391.7,1237,1219
9064,2025-09-23,10,1,480.0,465.0,416.8,1667,1634
9065,2025-09-23,10,2,480.0,418.5,363.5,1454,1423
9066,2025-09-23,10,3,480.0,340.3,285.0,1140,1122
9067,2025-09-23,11,1,480.0,408.2,337.8,1158,1127
9068,2025-09-23,11,2,480.0,361.6,299.0,1025,1000
9069,2025-09-23,11,3,480.0,423.5,355.8,1220,1192
9070,2025-09-23,12,1,480.0,446.2,398.9,1496,1471
9071,2025-09-23,12,2,480.0,431.7,384.0,1440,1413
9072,2025-09-23,12,3,480.0,447.7,374.9,1406,1391
9073,2025-09-24,1,1,480.0,446.6,398.0,1990,1967
9074,2025-09-24,1,2,480.0,407.3,360.2,1801,1781
9075,2025-09-24,1,3,434.9,392.4,328.2,1641,1623
9076,2025-09-24,2,1,480.0,376.4,326.2,1631,1618
9077,2025-09-24,2,2,480.0,382.3,335.4,1677,1663
9078,2025-09-24,2,3,480.0,450.4,387.4,1937,1909
9079,2025-09-24,3,1,480.0,396.1,326.7,1452,1423
9080,2025-09-24,3,2,480.0,288.8,242.1,1076,1056
9081,2025-09-24,3,3,480.0,412.9,331.2,1472,1440
9082,2025-09-24,4,1,480.0,475.1,439.4,2775,2749
9083,2025-09-24,4,2,480.0,436.8,407.9,2576,2540
9084,2025-09-24,4,3,442.8,416.5,362.1,2287,2257
9085,2025-09-24,5,1,480.0,474.3,410.6,1173,1157
9086,2025-09-24,5,2,480.0,447.4,380.8,1088,1074
9087,2025-09-24,5,3,480.0,400.4,331.1,946,925
9088,2025-09-24,6,1,480.0,372.9,319.9,914,898
9089,2025-09-24,6,2,480.0,432.1,380.1,1086,1058
9090,2025-09-24,6,3,480.0,440.5,365.1,1043,1017
9091,2025-09-24,7,1,480.0,384.0,315.2,788,768
9092,2025-09-24,7,2,480.0,381.6,300.8,752,733
9093,2025-09-24,7,3,480.0,322.6,242.0,605,587
9094,2025-09-24,8,1,305.4,251.6,212.0,553,541
9095,2025-09-24,8,2,480.0,341.9,288.3,752,735
9096,2025-09-24,8,3,480.0,336.6,267.2,697,684
9097,2025-09-24,9,1,480.0,377.0,330.9,1045,1032
9098,2025-09-24,9,2,480.0,444.9,400.9,1266,1251
9099,2025-09-24,9,3,480.0,425.8,374.0,1181,1160
9100,2025-09-24,10,1,480.0,458.8,396.2,1585,1557
9101,2025-09-24,10,2,480.0,285.0,251.8,1007,984
9102,2025-09-24,10,3,480.0,404.8,338.8,1355,1337
9103,2025-09-24,11,1,480.0,418.6,370.4,1270,1240
9104,2025-09-24,11,2,480.0,379.6,325.2,1115,1091
9105,2025-09-24,11,3,480.0,450.2,369.5,1267,1225
9106,2025-09-24,12,1,480.0,441.7,389.9,1462,1447
9107,2025-09-24,12,2,480.0,421.7,386.4,1449,1420
9108,2025-09-24,12,3,480.0,383.2,326.4,1224,1202
9109,2025-09-25,1,1,480.0,404.7,358.0,1790,1774
9110,2025-09-25,1,2,480.0,368.5,323.4,1617,1598
9111,2025-09-25,1,3,480.0,432.2,369.2,1846,1829
9112,2025-09-25,2,1,480.0,408.9,347.8,1739,1719
9113,2025-09-25,2,2,480.0,390.4,347.8,1739,1714
9114,2025-09-25,2,3,480.0,367.1,314.8,1574,1559
9115,2025-09-25,3,1,480.0,349.1,286.9,1275,1256
9116,2025-09-25,3,2,480.0,459.7,386.1,1716,1679
9117,2025-09-25,3,3,480.0,426.3,335.7,1492,1469
9118,2025-09-25,4,1,480.0,480.0,435.4,2750,2731
9119,2025-09-25,4,2,480.0,419.7,387.1,2445,2433
9120,2025-09-25,4,3,480.0,480.0,433.5,2738,2731
9121,2025-09-25,5,1,480.0,398.5,338.4,967,950
9122,2025-09-25,5,2,480.0,439.8,383.2,1095,1077
9123,2025-09-25,5,3,480.0,377.9,323.8,925,913
9124,2025-09-25,6,1,480.0,471.6,400.1,1143,1121
9125,2025-09-25,6,2,480.0,347.0,299.2,855,838
9126,2025-09-25,6,3,480.0,332.4,278.2,795,781
9127,2025-09-25,7,1,480.0,307.7,244.4,611,596
9128,2025-09-25,7,2,480.0,385.0,305.6,764,750
9129,2025-09-25,7,3,480.0,275.0,206.4,516,504
9130,2025-09-25,8,1,480.0,326.7,283.3,739,719
9131,2025-09-25,8,2,480.0,445.9,378.4,987,972
9132,2025-09-25,8,3,480.0,363.8,291.3,760,745
9133,2025-09-25,9,1,480.0,394.9,356.2,1125,1116
9134,2025-09-25,9,2,480.0,451.0,399.3,1261,1243
9135,2025-09-25,9,3,480.0,480.0,422.1,1333,1311
9136,2025-09-25,10,1,480.0,338.0,290.5,1162,1135
9137,2025-09-25,10,2,480.0,431.2,371.8,1487,1474
9138,2025-09-25,10,3,437.7,275.9,234.5,938,921
9139,2025-09-25,11,1,480.0,408.9,343.0,1176,1154
9140,2025-09-25,11,2,480.0,355.5,295.2,1012,996
9141,2025-09-25,11,3,480.0,231.9,198.3,680,667
9142,2025-09-25,12,1,480.0,400.7,362.9,1361,1337
9143,2025-09-25,12,2,480.0,373.5,330.7,1240,1222
9144,2025-09-25,12,3,480.0,472.6,399.5,1498,1474
9145,2025-09-26,1,1,480.0,449.6,401.6,2008,1984
9146,2025-09-26,1,2,480.0,426.4,386.2,1931,1917
9147,2025-09-26,1,3,480.0,380.6,325.2,1626,1607
9148,2025-09-26,2,1,480.0,444.5,411.4,2057,2028
9149,2025-09-26,2,2,480.0,442.2,395.2,1976,1947
9150,2025-09-26,2,3,480.0,366.4,312.6,1563,1548
9151,2025-09-26,3,1,480.0,268.2,228.2,1014,996
9152,2025-09-26,3,2,480.0,395.6,333.9,1484,1447
9153,2025-09-26,3,3,480.0,352.4,283.5,1260,1231
9154,2025-09-26,4,1,480.0,444.6,403.8,2550,2530
9155,2025-09-26,4,2,480.0,453.4,412.3,2604,2590
9156,2025-09-26,4,3,480.0,480.0,426.4,2693,2666
9157,2025-09-26,5,1,480.0,418.8,368.6,1053,1037
9158,2025-09-26,5,2,480.0,343.1,298.2,852,835
9159,2025-09-26,5,3,480.0,438.7,366.8,1048,1035
9160,2025-09-26,6,1,480.0,352.7,301.0,860,842
9161,2025-09-26,6,2,480.0,437.7,377.3,1078,1062
9162,2025-09-26,6,3,480.0,403.2,319.2,912,892
9163,2025-09-26,7,1,480.0,245.1,202.4,506,494
9164,2025-09-26,7,2,480.0,352.1,271.2,678,668
9165,2025-09-26,7,3,480.0,391.3,296.8,742,721
9166,2025-09-26,8,1,480.0,430.9,353.8,923,908
9167,2025-09-26,8,2,480.0,330.6,288.6,753,738
9168,2025-09-26,8,3,480.0,411.0,336.9,879,861
9169,2025-09-26,9,1,480.0,406.5,361.0,1140,1115
9170,2025-09-26,9,2,480.0,467.5,419.9,1326,1309
9171,2025-09-26,9,3,480.0,335.5,294.5,930,926
9172,2025-09-26,10,1,480.0,280.1,248.8,995,981
9173,2025-09-26,10,2,480.0,434.4,389.2,1557,1537
9174,2025-09-26,10,3,480.0,406.1,342.5,1370,1351
9175,2025-09-26,11,1,480.0,317.9,267.5,917,890
9176,2025-09-26,11,2,480.0,407.1,338.6,1161,1132
9177,2025-09-26,11,3,480.0,461.3,398.1,1365,1335
9178,2025-09-26,12,1,480.0,360.1,321.6,1206,1197
9179,2025-09-26,12,2,480.0,440.9,386.7,1450,1427
9180,2025-09-26,12,3,480.0,382.5,331.7,1244,1228
9181,2025-09-27,1,1,480.0,363.3,327.0,1635,1610
9182,2025-09-27,1,2,480.0,433.1,380.4,1902,1876
9183,2025-09-27,1,3,480.0,437.1,376.6,1883,1864
9184,2025-09-27,2,1,480.0,448.8,403.6,2018,1992
9185,2025-09-27,2,2,480.0,404.9,351.8,1759,1744
9186,2025-09-27,2,3,480.0,480.0,417.2,2086,2055
9187,2025-09-27,3,1,480.0,274.6,227.2,1010,983
9188,2025-09-27,3,2,480.0,480.0,390.8,1737,1706
9189,2025-09-27,3,3,480.0,345.4,278.1,1236,1222
9190,2025-09-27,4,1,480.0,479.1,417.1,2634,2614
9191,2025-09-27,4,2,480.0,470.4,412.5,2605,2563
9192,2025-09-27,4,3,480.0,420.0,365.1,2306,2295
9193,2025-09-27,5,1,480.0,399.7,343.7,982,964
9194,2025-09-27,5,2,480.0,426.9,369.2,1055,1043
9195,2025-09-27,5,3,480.0,433.9,361.6,1033,1017
9196,2025-09-27,6,1,480.0,402.6,339.9,971,952
9197,2025-09-27,6,2,480.0,432.0,368.9,1054,1032
9198,2025-09-27,6,3,480.0,446.1,359.4,1027,1008
9199,2025-09-27,7,1,480.0,321.2,250.8,627,610
9200,2025-09-27,7,2,480.0,348.0,272.0,680,661
9201,2025-09-27,7,3,480.0,319.6,247.2,618,601
9202,2025-09-27,8,1,480.0,279.6,239.2,624,612
9203,2025-09-27,8,2,480.0,430.0,366.1,955,931
9204,2025-09-27,8,3,480.0,455.0,366.1,955,935
9205,2025-09-27,9,1,480.0,451.3,402.8,1272,1260
9206,2025-09-27,9,2,480.0,464.6,420.2,1327,1316
9207,2025-09-27,9,3,480.0,447.0,394.2,1245,1226
9208,2025-09-27,10,1,480.0,435.2,379.8,1519,1492
9209,2025-09-27,10,2,480.0,424.3,389.0,1556,1536
9210,2025-09-27,10,3,480.0,197.6,167.0,668,660
9211,2025-09-27,11,1,480.0,464.1,391.4,1342,1310
9212,2025-09-27,11,2,480.0,439.7,373.3,1280,1244
9213,2025-09-27,11,3,480.0,457.6,358.2,1228,1203
9214,2025-09-27,12,1,480.0,453.1,396.0,1485,1455
9215,2025-09-27,12,2,480.0,404.9,363.7,1364,1350
9216,2025-09-27,12,3,480.0,361.2,313.6,1176,1149
9217,2025-09-28,1,1,480.0,476.7,397.4,1987,1956
9218,2025-09-28,1,2,480.0,411.8,368.4,1842,1816
9219,2025-09-28,1,3,480.0,435.6,369.4,1847,1819
9220,2025-09-28,2,1,480.0,448.1,401.0,2005,1986
9221,2025-09-28,2,2,480.0,463.7,395.2,1976,1935
9222,2025-09-28,2,3,480.0,370.9,315.8,1579,1560
9223,2025-09-28,3,1,480.0,418.1,341.6,1518,1480
9224,2025-09-28,3,2,480.0,316.2,263.5,1171,1150
9225,2025-09-28,3,3,447.3,310.5,241.0,1071,1048
9226,2025-09-28,4,1,480.0,480.0,431.5,2725,2685
9227,2025-09-28,4,2,480.0,427.3,394.2,2490,2465
9228,2025-09-28,4,3,480.0,409.5,362.7,2291,2248
9229,2025-09-28,5,1,480.0,427.0,372.4,1064,1040
9230,2025-09-28,5,2,480.0,444.2,375.6,1073,1051
9231,2025-09-28,5,3,480.0,446.1,375.9,1074,1051
9232,2025-09-28,6,1,480.0,420.4,355.6,1016,1003
9233,2025-09-28,6,2,480.0,370.8,319.6,913,891
9234,2025-09-28,6,3,480.0,377.9,309.1,883,862
9235,2025-09-28,7,1,480.0,350.9,279.2,698,683
9236,2025-09-28,7,2,480.0,303.9,247.6,619,601
9237,2025-09-28,7,3,480.0,212.3,157.2,393,384
9238,2025-09-28,8,1,480.0,480.0,404.8,1056,1037
9239,2025-09-28,8,2,480.0,368.0,315.9,824,810
9240,2025-09-28,8,3,480.0,344.0,295.9,772,753
9241,2025-09-28,9,1,480.0,403.6,376.5,1189,1178
9242,2025-09-28,9,2,480.0,476.4,419.6,1325,1317
9243,2025-09-28,9,3,454.2,261.4,230.8,729,721
9244,2025-09-28,10,1,480.0,411.0,351.2,1405,1380
9245,2025-09-28,10,2,480.0,428.9,374.5,1498,1483
9246,2025-09-28,10,3,480.0,349.7,295.8,1183,1163
9247,2025-09-28,11,1,480.0,343.2,287.0,984,959
9248,2025-09-28,11,2,480.0,413.0,351.5,1205,1183
9249,2025-09-28,11,3,480.0,334.5,270.1,926,907
9250,2025-09-28,12,1,480.0,471.9,413.1,1549,1520
9251,2025-09-28,12,2,480.0,467.9,418.7,1570,1542
9252,2025-09-28,12,3,480.0,329.9,282.9,1061,1042
9253,2025-09-29,1,1,480.0,417.6,362.4,1812,1787
9254,2025-09-29,1,2,480.0,470.6,418.8,2094,2052
9255,2025-09-29,1,3,480.0,468.0,402.8,2014,1981
9256,2025-09-29,2,1,480.0,444.1,396.2,1981,1962
9257,2025-09-29,2,2,480.0,449.1,399.6,1998,1967
9258,2025-09-29,2,3,480.0,413.1,350.4,1752,1722
9259,2025-09-29,3,1,480.0,395.7,330.5,1469,1435
9260,2025-09-29,3,2,480.0,361.6,306.4,1362,1326
9261,2025-09-29,3,3,480.0,419.9,340.2,1512,1481
9262,2025-09-29,4,1,480.0,454.3,399.3,2522,2488
9263,2025-09-29,4,2,480.0,480.0,442.7,2796,2768
9264,2025-09-29,4,3,480.0,428.6,385.5,2435,2406
9265,2025-09-29,5,1,480.0,480.0,412.3,1178,1155
9266,2025-09-29,5,2,480.0,284.5,244.3,698,686
9267,2025-09-29,5,3,480.0,370.4,311.9,891,871
9268,2025-09-29,6,1,480.0,441.2,373.1,1066,1037
9269,2025-09-29,6,2,480.0,458.4,399.7,1142,1120
9270,2025-09-29,6,3,480.0,400.9,320.2,915,896
9271,2025-09-29,7,1,480.0,336.6,275.6,689,671
9272,2025-09-29,7,2,480.0,309.4,238.0,595,577
9273,2025-09-29,7,3,480.0,245.4,182.0,455,441
9274,2025-09-29,8,1,480.0,432.6,364.2,950,933
9275,2025-09-29,8,2,480.0,453.6,392.9,1025,997
9276,2025-09-29,8,3,480.0,448.0,359.6,938,922
9277,2025-09-29,9,1,480.0,452.1,416.4,1315,1302
9278,2025-09-29,9,2,480.0,371.7,330.0,1042,1020
9279,2025-09-29,9,3,480.0,417.8,374.0,1181,1166
9280,2025-09-29,10,1,480.0,470.2,416.2,1665,1633
9281,2025-09-29,10,2,480.0,381.2,331.2,1325,1299
9282,2025-09-29,10,3,480.0,461.5,393.0,1572,1548
9283,2025-09-29,11,1,480.0,263.9,228.7,784,770
9284,2025-09-29,11,2,480.0,444.9,388.5,1332,1309
9285,2025-09-29,11,3,480.0,303.2,252.6,866,845
9286,2025-09-29,12,1,480.0,413.2,353.6,1326,1313
9287,2025-09-29,12,2,480.0,480.0,419.2,1572,1545
9288,2025-09-29,12,3,480.0,360.4,301.9,1132,1124
9289,2025-09-30,1,1,480.0,424.2,382.6,1913,1889
9290,2025-09-30,1,2,480.0,452.3,388.8,1944,1914
9291,2025-09-30,1,3,480.0,284.4,235.8,1179,1168
9292,2025-09-30,2,1,480.0,368.4,317.6,1588,1568
9293,2025-09-30,2,2,480.0,410.5,369.4,1847,1813
9294,2025-09-30,2,3,480.0,476.6,399.6,1998,1977
9295,2025-09-30,3,1,307.1,140.0,117.0,520,511
9296,2025-09-30,3,2,480.0,356.3,284.2,1263,1238
9297,2025-09-30,3,3,480.0,411.8,325.6,1447,1408
9298,2025-09-30,4,1,480.0,437.0,403.4,2548,2534
9299,2025-09-30,4,2,480.0,446.1,402.3,2541,2529
9300,2025-09-30,4,3,480.0,461.9,416.7,2632,2616
9301,2025-09-30,5,1,480.0,361.0,318.9,911,888
9302,2025-09-30,5,2,480.0,459.6,398.6,1139,1115
9303,2025-09-30,5,3,480.0,401.3,339.5,970,954
9304,2025-09-30,6,1,480.0,423.2,360.1,1029,1016
9305,2025-09-30,6,2,480.0,441.6,375.6,1073,1053
9306,2025-09-30,6,3,480.0,412.6,338.1,966,945
9307,2025-09-30,7,1,480.0,298.2,236.8,592,575
9308,2025-09-30,7,2,480.0,314.0,242.4,606,589
9309,2025-09-30,7,3,480.0,100.1,73.6,184,178
9310,2025-09-30,8,1,480.0,427.0,353.1,921,906
9311,2025-09-30,8,2,480.0,469.4,394.4,1029,1005
9312,2025-09-30,8,3,480.0,415.9,340.8,889,874
9313,2025-09-30,9,1,480.0,433.4,381.9,1206,1186
9314,2025-09-30,9,2,480.0,442.7,392.0,1238,1222
9315,2025-09-30,9,3,480.0,480.0,408.8,1291,1273
9316,2025-09-30,10,1,295.3,200.1,173.5,694,683
9317,2025-09-30,10,2,480.0,359.6,312.2,1249,1232
9318,2025-09-30,10,3,480.0,433.6,365.0,1460,1441
9319,2025-09-30,11,1,230.1,137.5,115.2,395,387
9320,2025-09-30,11,2,480.0,456.8,396.4,1359,1331
9321,2025-09-30,11,3,480.0,424.3,345.6,1185,1153
9322,2025-09-30,12,1,480.0,379.1,328.3,1231,1212
9323,2025-09-30,12,2,480.0,480.0,427.7,1604,1575
9324,2025-09-30,12,3,480.0,461.7,389.6,1461,1445
9325,2025-10-01,1,1,480.0,454.4,406.6,2033,2007
9326,2025-10-01,1,2,480.0,388.4,347.8,1739,1717
9327,2025-10-01,1,3,480.0,311.2,267.6,1338,1321
9328,2025-10-01,2,1,480.0,411.8,356.8,1784,1768
9329,2025-10-01,2,2,480.0,367.3,316.4,1582,1554
9330,2025-10-01,2,3,480.0,444.4,390.4,1952,1912
9331,2025-10-01,3,1,480.0,349.4,295.9,1315,1282
9332,2025-10-01,3,2,480.0,448.0,368.8,1639,1598
9333,2025-10-01,3,3,480.0,395.6,319.7,1421,1384
9334,2025-10-01,4,1,480.0,480.0,425.6,2688,2654
9335,2025-10-01,4,2,480.0,474.4,438.9,2772,2747
9336,2025-10-01,4,3,480.0,480.0,414.5,2618,2592
9337,2025-10-01,5,1,480.0,373.4,313.9,897,880
9338,2025-10-01,5,2,480.0,373.5,319.9,914,897
9339,2025-10-01,5,3,480.0,450.0,380.4,1087,1065
9340,2025-10-01,6,1,480.0,458.2,388.9,1111,1083
9341,2025-10-01,6,2,480.0,376.8,311.9,891,874
9342,2025-10-01,6,3,480.0,414.7,344.1,983,960
9343,2025-10-01,7,1,480.0,304.2,235.6,589,579
9344,2025-10-01,7,2,480.0,173.5,130.4,326,319
9345,2025-10-01,7,3,480.0,263.1,197.6,494,480
9346,2025-10-01,8,1,480.0,437.9,363.4,948,931
9347,2025-10-01,8,2,480.0,397.9,329.7,860,842
9348,2025-10-01,8,3,480.0,294.4,235.0,613,597
9349,2025-10-01,9,1,480.0,468.9,426.6,1347,1336
9350,2025-10-01,9,2,480.0,423.1,370.5,1170,1158
9351,2025-10-01,9,3,480.0,458.0,410.1,1295,1287
9352,2025-10-01,10,1,480.0,457.6,397.5,1590,1569
9353,2025-10-01,10,2,480.0,373.7,329.0,1316,1293
9354,2025-10-01,10,3,480.0,195.9,164.8,659,644
9355,2025-10-01,11,1,480.0,464.2,397.0,1361,1332
9356,2025-10-01,11,2,480.0,416.1,355.0,1217,1194
9357,2025-10-01,11,3,480.0,322.5,266.3,913,895
9358,2025-10-01,12,1,480.0,396.6,341.9,1282,1264
9359,2025-10-01,12,2,480.0,457.6,384.3,1441,1413
9360,2025-10-01,12,3,480.0,480.0,400.3,1501,1477
9361,2025-10-02,1,1,480.0,480.0,426.8,2134,2116
9362,2025-10-02,1,2,480.0,446.6,399.8,1999,1976
9363,2025-10-02,1,3,480.0,437.6,385.4,1927,1897
9364,2025-10-02,2,1,480.0,422.8,362.6,1813,1777
9365,2025-10-02,2,2,480.0,373.1,338.6,1693,1678
9366,2025-10-02,2,3,480.0,470.6,394.6,1973,1942
9367,2025-10-02,3,1,480.0,442.3,363.1,1614,1571
9368,2025-10-02,3,2,480.0,475.9,393.1,1747,1718
9369,2025-10-02,3,3,480.0,315.0,256.3,1139,1109
9370,2025-10-02,4,1,480.0,446.3,412.0,2602,2568
9371,2025-10-02,4,2,480.0,422.0,374.9,2368,2337
9372,2025-10-02,4,3,440.0,435.8,388.9,2456,2428
9373,2025-10-02,5,1,480.0,363.6,311.1,889,877
9374,2025-10-02,5,2,480.0,456.0,394.4,1127,1106
9375,2025-10-02,5,3,480.0,352.9,283.9,811,790
9376,2025-10-02,6,1,480.0,374.9,323.1,923,910
9377,2025-10-02,6,2,480.0,454.5,378.0,1080,1063
9378,2025-10-02,6,3,480.0,442.5,360.1,1029,1008
9379,2025-10-02,7,1,480.0,293.3,230.0,575,559
9380,2025-10-02,7,2,480.0,361.4,280.4,701,684
9381,2025-10-02,7,3,480.0,349.0,264.4,661,641
9382,2025-10-02,8,1,480.0,420.3,356.5,930,904
9383,2025-10-02,8,2,480.0,400.7,331.6,865,847
9384,2025-10-02,8,3,480.0,397.7,318.2,830,814
9385,2025-10-02,9,1,480.0,337.1,303.7,959,945
9386,2025-10-02,9,2,480.0,458.6,411.0,1298,1285
9387,2025-10-02,9,3,480.0,288.5,258.4,816,807
9388,2025-10-02,10,1,480.0,439.3,358.8,1435,1412
9389,2025-10-02,10,2,480.0,416.5,356.0,1424,1400
9390,2025-10-02,10,3,480.0,433.4,365.5,1462,1439
9391,2025-10-02,11,1,480.0,280.4,234.5,804,783
9392,2025-10-02,11,2,480.0,480.0,408.6,1401,1376
9393,2025-10-02,11,3,480.0,320.3,267.2,916,891
9394,2025-10-02,12,1,480.0,452.2,396.3,1486,1463
9395,2025-10-02,12,2,480.0,433.4,377.1,1414,1394
9396,2025-10-02,12,3,480.0,308.7,261.3,980,968
9397,2025-10-03,1,1,480.0,443.3,387.2,1936,1917
9398,2025-10-03,1,2,480.0,445.9,402.2,2011,1983
9399,2025-10-03,1,3,480.0,456.4,399.8,1999,1971
9400,2025-10-03,2,1,480.0,346.4,306.0,1530,1505
9401,2025-10-03,2,2,480.0,434.2,370.2,1851,1824
9402,2025-10-03,2,3,480.0,314.4,268.0,1340,1311
9403,2025-10-03,3,1,480.0,427.2,356.6,1585,1556
9404,2025-10-03,3,2,480.0,398.6,330.5,1469,1439
9405,2025-10-03,3,3,480.0,395.4,310.9,1382,1354
9406,2025-10-03,4,1,480.0,432.0,391.2,2471,2441
9407,2025-10-03,4,2,480.0,439.0,410.7,2594,2580
9408,2025-10-03,4,3,480.0,424.9,377.1,2382,2348
9409,2025-10-03,5,1,480.0,469.9,404.2,1155,1138
9410,2025-10-03,5,2,480.0,407.6,353.5,1010,988
9411,2025-10-03,5,3,480.0,335.9,283.9,811,798
9412,2025-10-03,6,1,480.0,409.3,348.2,995,979
9413,2025-10-03,6,2,480.0,441.1,365.4,1044,1017
9414,2025-10-03,6,3,480.0,433.8,355.2,1015,990
9415,2025-10-03,7,1,480.0,345.5,273.6,684,670
9416,2025-10-03,7,2,480.0,381.7,301.6,754,733
9417,2025-10-03,7,3,480.0,163.8,127.2,318,310
9418,2025-10-03,8,1,480.0,455.7,383.3,1000,978
9419,2025-10-03,8,2,480.0,378.5,321.2,838,821
9420,2025-10-03,8,3,480.0,422.9,343.9,897,875
9421,2025-10-03,9,1,480.0,413.0,376.8,1190,1168
9422,2025-10-03,9,2,480.0,442.9,413.9,1307,1287
9423,2025-10-03,9,3,480.0,480.0,422.4,1334,1322
9424,2025-10-03,10,1,480.0,389.1,352.0,1408,1388
9425,2025-10-03,10,2,480.0,455.2,387.8,1551,1531
9426,2025-10-03,10,3,480.0,397.2,335.8,1343,1320
9427,2025-10-03,11,1,480.0,422.9,357.3,1225,1188
9428,2025-10-03,11,2,480.0,365.9,305.7,1048,1020
9429,2025-10-03,11,3,480.0,469.9,383.0,1313,1280
9430,2025-10-03,12,1,480.0,480.0,428.5,1607,1581
9431,2025-10-03,12,2,480.0,413.5,365.6,1371,1345
9432,2025-10-03,12,3,480.0,474.3,402.1,1508,1485
9433,2025-10-04,1,1,480.0,404.3,363.4,1817,1786
9434,2025-10-04,1,2,480.0,464.4,411.4,2057,2035
9435,2025-10-04,1,3,480.0,438.2,369.2,1846,1833
9436,2025-10-04,2,1,480.0,378.1,340.0,1700,1687
9437,2025-10-04,2,2,480.0,411.3,354.2,1771,1752
9438,2025-10-04,2,3,480.0,393.1,340.0,1700,1664
9439,2025-10-04,3,1,480.0,417.4,339.8,1510,1481
9440,2025-10-04,3,2,480.0,374.7,315.4,1402,1376
9441,2025-10-04,3,3,480.0,404.5,321.5,1429,1401
9442,2025-10-04,4,1,480.0,441.2,400.7,2531,2505
9443,2025-10-04,4,2,480.0,477.2,443.2,2799,2792
9444,2025-10-04,4,3,480.0,436.8,371.8,2348,2323
9445,2025-10-04,5,1,480.0,449.9,376.6,1076,1052
9446,2025-10-04,5,2,480.0,385.6,343.7,982,961
9447,2025-10-04,5,3,480.0,472.7,408.1,1166,1142
9448,2025-10-04,6,1,480.0,399.3,336.0,960,933
9449,2025-10-04,6,2,480.0,397.7,351.1,1003,986
9450,2025-10-04,6,3,480.0,287.0,239.4,684,669
9451,2025-10-04,7,1,269.5,149.9,113.2,283,276
9452,2025-10-04,7,2,480.0,364.0,287.2,718,703
9453,2025-10-04,7,3,480.0,403.0,290.4,726,703
9454,2025-10-04,8,1,480.0,455.3,384.9,1004,985
9455,2025-10-04,8,2,480.0,328.4,277.9,725,711
9456,2025-10-04,8,3,480.0,356.3,294.4,768,750
9457,2025-10-04,9,1,480.0,450.6,408.2,1289,1270
9458,2025-10-04,9,2,480.0,452.0,410.4,1296,1281
9459,2025-10-04,9,3,480.0,475.5,411.7,1300,1289
9460,2025-10-04,10,1,480.0,417.0,358.8,1435,1413
9461,2025-10-04,10,2,480.0,420.1,373.0,1492,1481
9462,2025-10-04,10,3,480.0,444.9,379.2,1517,1492
9463,2025-10-04,11,1,480.0,367.5,320.0,1097,1074
9464,2025-10-04,11,2,480.0,462.9,388.2,1331,1308
9465,2025-10-04,11,3,480.0,345.1,294.9,1011,987
9466,2025-10-04,12,1,300.2,242.9,212.8,798,789
9467,2025-10-04,12,2,480.0,390.7,339.5,1273,1264
9468,2025-10-04,12,3,480.0,480.0,411.5,1543,1520
9469,2025-10-05,1,1,480.0,452.6,385.8,1929,1903
9470,2025-10-05,1,2,480.0,312.9,284.0,1420,1401
9471,2025-10-05,1,3,480.0,466.0,401.8,2009,1991
9472,2025-10-05,2,1,480.0,298.4,259.2,1296,1288
9473,2025-10-05,2,2,480.0,350.9,301.4,1507,1480
9474,2025-10-05,2,3,480.0,444.8,387.0,1935,1903
9475,2025-10-05,3,1,480.0,441.0,367.9,1635,1594
9476,2025-10-05,3,2,480.0,443.7,365.9,1626,1587
9477,2025-10-05,3,3,480.0,362.2,287.3,1277,1256
9478,2025-10-05,4,1,480.0,437.4,401.5,2536,2512
9479,2025-10-05,4,2,480.0,480.0,431.6,2726,2722
9480,2025-10-05,4,3,480.0,459.4,405.0,2558,2531
9481,2025-10-05,5,1,480.0,234.7,205.4,587,579
9482,2025-10-05,5,2,480.0,411.4,355.2,1015,999
9483,2025-10-05,5,3,480.0,378.1,324.1,926,906
9484,2025-10-05,6,1,480.0,414.7,351.8,1005,982
9485,2025-10-05,6,2,480.0,406.9,345.8,988,967
9486,2025-10-05,6,3,480.0,366.8,309.4,884,873
9487,2025-10-05,7,1,480.0,265.6,205.6,514,502
9488,2025-10-05,7,2,480.0,336.0,258.0,645,630
9489,2025-10-05,7,3,480.0,272.7,209.6,524,512
9490,2025-10-05,8,1,480.0,405.3,361.9,944,921
9491,2025-10-05,8,2,480.0,393.1,340.0,887,867
9492,2025-10-05,8,3,480.0,357.2,284.4,742,732
9493,2025-10-05,9,1,480.0,445.2,389.8,1231,1222
9494,2025-10-05,9,2,480.0,480.0,434.8,1373,1349
9495,2025-10-05,9,3,480.0,471.6,413.9,1307,1288
9496,2025-10-05,10,1,480.0,423.3,354.2,1417,1388
9497,2025-10-05,10,2,480.0,462.9,406.2,1625,1598
9498,2025-10-05,10,3,480.0,366.8,315.8,1263,1241
9499,2025-10-05,11,1,480.0,359.1,300.7,1031,1005
9500,2025-10-05,11,2,480.0,390.8,349.7,1199,1174
9501,2025-10-05,11,3,480.0,420.5,336.9,1155,1127
9502,2025-10-05,12,1,480.0,470.7,419.7,1574,1540
9503,2025-10-05,12,2,480.0,404.5,362.7,1360,1333
9504,2025-10-05,12,3,480.0,434.4,364.8,1368,1350
9505,2025-10-06,1,1,480.0,415.6,355.8,1779,1746
9506,2025-10-06,1,2,480.0,471.4,406.2,2031,2015
9507,2025-10-06,1,3,480.0,447.6,385.6,1928,1912
9508,2025-10-06,2,1,480.0,463.0,407.0,2035,2020
9509,2025-10-06,2,2,480.0,388.5,341.4,1707,1680
9510,2025-10-06,2,3,480.0,432.4,371.0,1855,1824
9511,2025-10-06,3,1,480.0,453.9,373.5,1660,1617
9512,2025-10-06,3,2,480.0,431.9,354.6,1576,1555
9513,2025-10-06,3,3,451.2,347.4,288.7,1283,1259
9514,2025-10-06,4,1,480.0,428.5,395.0,2495,2469
9515,2025-10-06,4,2,480.0,480.0,433.7,2739,2720
9516,2025-10-06,4,3,480.0,418.2,375.6,2372,2355
9517,2025-10-06,5,1,480.0,438.9,379.1,1083,1064
9518,2025-10-06,5,2,480.0,418.8,351.1,1003,985
9519,2025-10-06,5,3,480.0,461.1,392.7,1122,1099
9520,2025-10-06,6,1,480.0,409.3,359.1,1026,1006
9521,2025-10-06,6,2,480.0,350.0,301.7,862,840
9522,2025-10-06,6,3,480.0,440.3,368.2,1052,1032
9523,2025-10-06,7,1,480.0,270.7,210.8,527,514
9524,2025-10-06,7,2,480.0,385.8,305.6,764,741
9525,2025-10-06,7,3,480.0,334.8,253.2,633,617
9526,2025-10-06,8,1,480.0,319.4,267.6,698,678
9527,2025-10-06,8,2,480.0,416.5,352.7,920,901
9528,2025-10-06,8,3,480.0,354.2,292.9,764,750
9529,2025-10-06,9,1,480.0,450.0,391.4,1236,1221
9530,2025-10-06,9,2,480.0,455.2,419.9,1326,1310
9531,2025-10-06,9,3,480.0,452.1,382.5,1208,1193
9532,2025-10-06,10,1,480.0,402.4,359.0,1436,1407
9533,2025-10-06,10,2,480.0,473.1,412.8,1651,1625
9534,2025-10-06,10,3,453.0,325.6,281.0,1124,1109
9535,2025-10-06,11,1,480.0,433.2,361.4,1239,1203
9536,2025-10-06,11,2,480.0,346.5,295.5,1013,991
9537,2025-10-06,11,3,480.0,254.9,214.1,734,717
9538,2025-10-06,12,1,480.0,458.9,407.5,1528,1508
9539,2025-10-06,12,2,480.0,463.9,402.4,1509,1483
9540,2025-10-06,12,3,480.0,368.5,314.1,1178,1160
9541,2025-10-07,1,1,480.0,480.0,420.0,2100,2070
9542,2025-10-07,1,2,480.0,430.4,392.2,1961,1948
9543,2025-10-07,1,3,480.0,446.7,389.2,1946,1911
9544,2025-10-07,2,1,480.0,463.9,403.4,2017,1999
9545,2025-10-07,2,2,480.0,391.3,341.0,1705,1668
9546,2025-10-07,2,3,480.0,443.6,356.0,1780,1754
9547,2025-10-07,3,1,480.0,381.3,320.9,1426,1390
9548,2025-10-07,3,2,480.0,322.7,267.3,1188,1165
9549,2025-10-07,3,3,453.9,400.2,326.9,1453,1421
9550,2025-10-07,4,1,480.0,413.1,369.1,2331,2314
9551,2025-10-07,4,2,480.0,367.3,328.7,2076,2058
9552,2025-10-07,4,3,480.0,480.0,430.5,2719,2694
9553,2025-10-07,5,1,480.0,446.4,378.0,1080,1051
9554,2025-10-07,5,2,480.0,394.4,334.9,957,933
9555,2025-10-07,5,3,480.0,314.6,264.6,756,739
9556,2025-10-07,6,1,480.0,464.9,396.9,1134,1109
9557,2025-10-07,6,2,480.0,457.6,383.2,1095,1071
9558,2025-10-07,6,3,448.4,369.9,306.2,875,861
9559,2025-10-07,7,1,480.0,302.1,232.8,582,564
9560,2025-10-07,7,2,480.0,312.4,250.8,627,610
9561,2025-10-07,7,3,480.0,350.3,262.0,655,637
9562,2025-10-07,8,1,480.0,337.2,274.5,716,697
9563,2025-10-07,8,2,480.0,390.2,342.3,893,867
9564,2025-10-07,8,3,480.0,434.5,353.8,923,897
9565,2025-10-07,9,1,480.0,459.0,399.9,1263,1241
9566,2025-10-07,9,2,480.0,480.0,427.8,1351,1339
9567,2025-10-07,9,3,480.0,438.6,398.7,1259,1249
9568,2025-10-07,10,1,480.0,463.8,402.8,1611,1579
9569,2025-10-07,10,2,480.0,392.7,355.2,1421,1387
9570,2025-10-07,10,3,480.0,447.0,372.0,1488,1455
9571,2025-10-07,11,1,480.0,425.0,361.4,1239,1206
9572,2025-10-07,11,2,480.0,319.1,264.8,908,885
9573,2025-10-07,11,3,480.0,426.4,343.9,1179,1144
9574,2025-10-07,12,1,480.0,428.2,372.5,1397,1372
9575,2025-10-07,12,2,480.0,467.1,408.8,1533,1513
9576,2025-10-07,12,3,480.0,468.9,400.5,1502,1479
9577,2025-10-08,1,1,480.0,434.7,373.6,1868,1845
9578,2025-10-08,1,2,480.0,401.9,345.0,1725,1712
9579,2025-10-08,1,3,480.0,480.0,412.6,2063,2037
9580,2025-10-08,2,1,480.0,434.0,384.8,1924,1889
9581,2025-10-08,2,2,480.0,438.8,387.2,1936,1913
9582,2025-10-08,2,3,432.4,317.7,274.8,1374,1345
9583,2025-10-08,3,1,480.0,352.7,290.2,1290,1255
9584,2025-10-08,3,2,480.0,440.5,368.3,1637,1597
9585,2025-10-08,3,3,436.7,250.1,197.1,876,862
9586,2025-10-08,4,1,480.0,480.0,433.2,2736,2725
9587,2025-10-08,4,2,480.0,419.6,380.8,2405,2403
9588,2025-10-08,4,3,480.0,456.1,405.8,2563,2545
9589,2025-10-08,5,1,480.0,378.7,320.9,917,902
9590,2025-10-08,5,2,480.0,480.0,433.3,1238,1214
9591,2025-10-08,5,3,480.0,419.6,348.9,997,972
9592,2025-10-08,6,1,480.0,330.9,284.2,812,806
9593,2025-10-08,6,2,480.0,451.4,393.4,1124,1095
9594,2025-10-08,6,3,480.0,403.5,341.6,976,961
9595,2025-10-08,7,1,480.0,200.9,159.2,398,387
9596,2025-10-08,7,2,480.0,289.0,218.0,545,530
9597,2025-10-08,7,3,480.0,325.3,245.6,614,595
9598,2025-10-08,8,1,480.0,442.6,376.4,982,962
9599,2025-10-08,8,2,480.0,460.6,390.6,1019,999
9600,2025-10-08,8,3,480.0,401.1,341.2,890,869
9601,2025-10-08,9,1,480.0,480.0,410.7,1297,1282
9602,2025-10-08,9,2,480.0,366.3,333.4,1053,1041
9603,2025-10-08,9,3,480.0,398.1,351.8,1111,1096
9604,2025-10-08,10,1,480.0,472.8,399.5,1598,1571
9605,2025-10-08,10,2,480.0,427.5,358.2,1433,1420
9606,2025-10-08,10,3,480.0,364.8,310.2,1241,1218
9607,2025-10-08,11,1,480.0,429.9,358.2,1228,1197
9608,2025-10-08,11,2,480.0,413.4,341.5,1171,1150
9609,2025-10-08,11,3,480.0,264.6,216.4,742,725
9610,2025-10-08,12,1,480.0,443.9,390.9,1466,1441
9611,2025-10-08,12,2,480.0,342.8,302.7,1135,1119
9612,2025-10-08,12,3,480.0,419.9,352.3,1321,1306
9613,2025-10-09,1,1,480.0,379.2,336.6,1683,1678
9614,2025-10-09,1,2,480.0,387.2,342.0,1710,1689
9615,2025-10-09,1,3,480.0,451.8,392.6,1963,1942
9616,2025-10-09,2,1,480.0,385.7,344.4,1722,1673
9617,2025-10-09,2,2,480.0,358.2,320.4,1602,1585
9618,2025-10-09,2,3,480.0,444.9,379.0,1895,1872
9619,2025-10-09,3,1,480.0,341.1,282.1,1254,1223
9620,2025-10-09,3,2,480.0,333.4,273.8,1217,1187
9621,2025-10-09,3,3,480.0,376.1,304.9,1355,1319
9622,2025-10-09,4,1,480.0,480.0,449.0,2836,2811
9623,2025-10-09,4,2,480.0,436.2,406.0,2564,2522
9624,2025-10-09,4,3,480.0,469.3,410.7,2594,2555
9625,2025-10-09,5,1,480.0,392.1,335.6,959,939
9626,2025-10-09,5,2,480.0,351.9,304.5,870,847
9627,2025-10-09,5,3,480.0,419.4,330.1,943,926
9628,2025-10-09,6,1,480.0,457.2,396.2,1132,1108
9629,2025-10-09,6,2,480.0,430.2,366.1,1046,1032
9630,2025-10-09,6,3,480.0,390.9,316.1,903,888
9631,2025-10-09,7,1,480.0,309.5,247.6,619,602
9632,2025-10-09,7,2,480.0,275.2,212.0,530,516
9633,2025-10-09,7,3,480.0,133.3,98.0,245,239
9634,2025-10-09,8,1,480.0,459.2,384.9,1004,980
9635,2025-10-09,8,2,480.0,376.8,320.9,837,820
9636,2025-10-09,8,3,480.0,401.4,339.2,885,869
9637,2025-10-09,9,1,480.0,480.0,414.5,1309,1286
9638,2025-10-09,9,2,480.0,480.0,425.6,1344,1327
9639,2025-10-09,9,3,480.0,416.8,367.6,1161,1146
9640,2025-10-09,10,1,480.0,477.0,409.0,1636,1604
9641,2025-10-09,10,2,480.0,403.4,348.0,1392,1370
9642,2025-10-09,10,3,450.5,320.7,273.8,1095,1076
9643,2025-10-09,11,1,480.0,460.5,393.5,1349,1313
9644,2025-10-09,11,2,480.0,480.0,404.0,1385,1362
9645,2025-10-09,11,3,480.0,399.1,328.1,1125,1092
9646,2025-10-09,12,1,480.0,432.2,374.9,1406,1394
9647,2025-10-09,12,2,480.0,433.7,392.3,1471,1454
9648,2025-10-09,12,3,444.8,324.4,275.2,1032,1012
9649,2025-10-10,1,1,480.0,463.4,399.8,1999,1965
9650,2025-10-10,1,2,480.0,440.9,404.0,2020,1997
9651,2025-10-10,1,3,480.0,451.2,381.6,1908,1874
9652,2025-10-10,2,1,480.0,416.2,358.4,1792,1771
9653,2025-10-10,2,2,480.0,439.1,396.8,1984,1954
9654,2025-10-10,2,3,480.0,380.0,320.0,1600,1581
9655,2025-10-10,3,1,480.0,437.9,364.7,1621,1601
9656,2025-10-10,3,2,480.0,420.5,342.2,1521,1489
9657,2025-10-10,3,3,480.0,300.7,238.3,1059,1045
9658,2025-10-10,4,1,480.0,475.5,434.0,2741,2700
9659,2025-10-10,4,2,480.0,450.7,404.9,2557,2546
9660,2025-10-10,4,3,480.0,460.1,407.9,2576,2551
9661,2025-10-10,5,1,480.0,387.4,325.9,931,918
9662,2025-10-10,5,2,480.0,457.0,390.2,1115,1092
9663,2025-10-10,5,3,480.0,377.8,313.9,897,883
9664,2025-10-10,6,1,480.0,274.6,242.2,692,676
9665,2025-10-10,6,2,480.0,412.5,351.8,1005,982
9666,2025-10-10,6,3,480.0,395.2,320.2,915,893
9667,2025-10-10,7,1,480.0,414.5,331.6,829,804
9668,2025-10-10,7,2,480.0,281.8,221.2,553,539
9669,2025-10-10,7,3,480.0,290.0,219.2,548,534
9670,2025-10-10,8,1,480.0,336.3,287.1,749,732
9671,2025-10-10,8,2,480.0,378.6,334.6,873,858
9672,2025-10-10,8,3,480.0,397.2,331.6,865,849
9673,2025-10-10,9,1,480.0,428.6,399.9,1263,1235
9674,2025-10-10,9,2,480.0,480.0,427.5,1350,1337
9675,2025-10-10,9,3,480.0,422.6,376.8,1190,1177
9676,2025-10-10,10,1,480.0,450.0,382.8,1531,1510
9677,2025-10-10,10,2,480.0,465.6,393.5,1574,1544
9678,2025-10-10,10,3,480.0,428.0,355.8,1423,1399
9679,2025-10-10,11,1,480.0,382.6,320.0,1097,1072
9680,2025-10-10,11,2,480.0,308.7,260.8,894,868
9681,2025-10-10,11,3,480.0,395.0,326.1,1118,1094
9682,2025-10-10,12,1,480.0,417.9,377.1,1414,1391
9683,2025-10-10,12,2,480.0,457.5,407.2,1527,1510
9684,2025-10-10,12,3,480.0,412.1,358.4,1344,1322
9685,2025-10-11,1,1,480.0,373.4,329.2,1646,1631
9686,2025-10-11,1,2,480.0,432.4,393.4,1967,1956
9687,2025-10-11,1,3,480.0,445.1,383.6,1918,1901
9688,2025-10-11,2,1,318.4,243.0,213.4,1067,1054
9689,2025-10-11,2,2,480.0,435.2,387.2,1936,1920
9690,2025-10-11,2,3,480.0,406.8,332.8,1664,1653
9691,2025-10-11,3,1,480.0,363.4,298.6,1327,1296
9692,2025-10-11,3,2,480.0,414.3,350.3,1557,1524
9693,2025-10-11,3,3,480.0,377.0,306.0,1360,1328
9694,2025-10-11,4,1,480.0,480.0,431.9,2728,2684
9695,2025-10-11,4,2,480.0,382.3,346.9,2191,2164
9696,2025-10-11,4,3,480.0,469.8,407.7,2575,2547
9697,2025-10-11,5,1,480.0,446.0,388.1,1109,1090
9698,2025-10-11,5,2,480.0,425.2,375.2,1072,1049
9699,2025-10-11,5,3,480.0,364.1,302.1,863,846
9700,2025-10-11,6,1,480.0,465.1,408.4,1167,1150
9701,2025-10-11,6,2,480.0,399.4,346.5,990,971
9702,2025-10-11,6,3,480.0,425.8,341.6,976,954
9703,2025-10-11,7,1,480.0,335.3,259.6,649,629
9704,2025-10-11,7,2,480.0,271.2,215.6,539,525
9705,2025-10-11,7,3,480.0,325.8,237.2,593,576
9706,2025-10-11,8,1,480.0,454.5,378.7,988,969
9707,2025-10-11,8,2,480.0,445.6,376.8,983,970
9708,2025-10-11,8,3,480.0,426.0,347.3,906,885
9709,2025-10-11,9,1,480.0,453.5,403.8,1275,1265
9710,2025-10-11,9,2,480.0,434.6,389.2,1229,1207
9711,2025-10-11,9,3,480.0,457.0,390.1,1232,1218
9712,2025-10-11,10,1,480.0,405.6,355.8,1423,1401
9713,2025-10-11,10,2,480.0,471.6,422.2,1689,1659
9714,2025-10-11,10,3,480.0,466.7,381.2,1525,1503
9715,2025-10-11,11,1,480.0,400.6,340.4,1167,1137
9716,2025-10-11,11,2,480.0,317.1,272.4,934,913
9717,2025-10-11,11,3,480.0,342.4,279.7,959,944
9718,2025-10-11,12,1,480.0,451.6,402.7,1510,1494
9719,2025-10-11,12,2,480.0,412.3,359.5,1348,1340
9720,2025-10-11,12,3,480.0,273.4,232.5,872,865
9721,2025-10-12,1,1,480.0,465.8,399.6,1998,1970
9722,2025-10-12,1,2,480.0,474.3,414.0,2070,2053
9723,2025-10-12,1,3,480.0,362.1,311.6,1558,1545
9724,2025-10-12,2,1,480.0,456.4,408.2,2041,2016
9725,2025-10-12,2,2,480.0,470.3,426.6,2133,2098
9726,2025-10-12,2,3,480.0,392.9,326.0,1630,1598
9727,2025-10-12,3,1,480.0,418.2,344.5,1531,1507
9728,2025-10-12,3,2,480.0,439.5,380.7,1692,1654
9729,2025-10-12,3,3,480.0,386.6,300.1,1334,1299
9730,2025-10-12,4,1,480.0,480.0,442.7,2796,2764
9731,2025-10-12,4,2,480.0,438.4,401.4,2535,2515
9732,2025-10-12,4,3,480.0,427.1,367.5,2321,2287
9733,2025-10-12,5,1,480.0,336.7,274.4,784,768
9734,2025-10-12,5,2,480.0,327.3,284.2,812,795
9735,2025-10-12,5,3,480.0,235.0,191.4,547,537
9736,2025-10-12,6,1,480.0,476.3,408.8,1168,1144
9737,2025-10-12,6,2,480.0,321.8,271.9,777,762
9738,2025-10-12,6,3,480.0,421.1,355.9,1017,994
9739,2025-10-12,7,1,480.0,332.9,264.8,662,644
9740,2025-10-12,7,2,480.0,364.6,282.0,705,685
9741,2025-10-12,7,3,480.0,216.1,162.8,407,398
9742,2025-10-12,8,1,480.0,433.8,365.3,953,931
9743,2025-10-12,8,2,480.0,370.1,312.8,816,796
9744,2025-10-12,8,3,480.0,414.1,333.9,871,847
9745,2025-10-12,9,1,480.0,443.3,419.3,1324,1301
9746,2025-10-12,9,2,480.0,435.6,384.8,1215,1188
9747,2025-10-12,9,3,480.0,415.6,352.1,1112,1095
9748,2025-10-12,10,1,480.0,466.4,404.8,1619,1582
9749,2025-10-12,10,2,480.0,384.4,332.2,1329,1309
9750,2025-10-12,10,3,480.0,456.5,369.2,1477,1442
9751,2025-10-12,11,1,480.0,359.4,297.8,1021,1003
9752,2025-10-12,11,2,480.0,472.1,395.5,1356,1320
9753,2025-10-12,11,3,480.0,349.3,278.5,955,940
9754,2025-10-12,12,1,480.0,414.2,365.1,1369,1349
9755,2025-10-12,12,2,480.0,418.3,370.1,1388,1361
9756,2025-10-12,12,3,480.0,391.3,336.3,1261,1249
9757,2025-10-13,1,1,480.0,462.0,417.4,2087,2060
9758,2025-10-13,1,2,480.0,449.7,399.4,1997,1984
9759,2025-10-13,1,3,439.7,386.0,343.2,1716,1701
9760,2025-10-13,2,1,480.0,467.7,409.0,2045,2013
9761,2025-10-13,2,2,480.0,476.8,415.8,2079,2055
9762,2025-10-13,2,3,480.0,450.1,388.8,1944,1935
9763,2025-10-13,3,1,480.0,287.9,230.2,1023,1008
9764,2025-10-13,3,2,480.0,415.3,345.1,1534,1494
9765,2025-10-13,3,3,480.0,365.6,298.4,1326,1296
9766,2025-10-13,4,1,321.1,309.9,278.5,1759,1746
9767,2025-10-13,4,2,480.0,467.9,418.9,2646,2605
9768,2025-10-13,4,3,480.0,438.5,385.5,2435,2402
9769,2025-10-13,5,1,480.0,469.1,403.6,1153,1129
9770,2025-10-13,5,2,480.0,412.3,357.7,1022,1005
9771,2025-10-13,5,3,480.0,414.8,345.4,987,970
9772,2025-10-13,6,1,299.4,256.4,219.4,627,614
9773,2025-10-13,6,2,480.0,434.7,376.9,1077,1060
9774,2025-10-13,6,3,480.0,374.8,319.9,914,900
9775,2025-10-13,7,1,480.0,360.9,280.8,702,687
9776,2025-10-13,7,2,480.0,370.7,290.0,725,705
9777,2025-10-13,7,3,480.0,354.0,270.4,676,659
9778,2025-10-13,8,1,480.0,454.4,377.6,985,956
9779,2025-10-13,8,2,480.0,441.2,374.9,978,957
9780,2025-10-13,8,3,433.6,348.1,286.7,748,733
9781,2025-10-13,9,1,480.0,480.0,422.8,1335,1325
9782,2025-10-13,9,2,480.0,452.6,395.5,1249,1229
9783,2025-10-13,9,3,461.5,398.2,345.5,1091,1081
9784,2025-10-13,10,1,480.0,400.4,352.2,1409,1392
9785,2025-10-13,10,2,480.0,474.3,399.5,1598,1577
9786,2025-10-13,10,3,480.0,466.8,397.8,1591,1551
9787,2025-10-13,11,1,480.0,403.4,336.3,1153,1127
9788,2025-10-13,11,2,480.0,355.3,297.2,1019,994
9789,2025-10-13,11,3,480.0,334.3,265.4,910,893
9790,2025-10-13,12,1,480.0,451.8,399.2,1497,1479
9791,2025-10-13,12,2,480.0,375.2,326.4,1224,1203
9792,2025-10-13,12,3,480.0,447.9,392.8,1473,1458
9793,2025-10-14,1,1,480.0,469.0,419.6,2098,2079
9794,2025-10-14,1,2,480.0,454.4,391.0,1955,1937
9795,2025-10-14,1,3,480.0,365.8,307.2,1536,1513
9796,2025-10-14,2,1,480.0,429.5,370.0,1850,1814
9797,2025-10-14,2,2,480.0,414.2,369.6,1848,1822
9798,2025-10-14,2,3,480.0,357.9,304.6,1523,1509
9799,2025-10-14,3,1,480.0,438.6,373.3,1659,1621
9800,2025-10-14,3,2,480.0,392.4,319.7,1421,1394
9801,2025-10-14,3,3,480.0,367.2,296.1,1316,1291
9802,2025-10-14,4,1,480.0,417.2,387.3,2446,2431
9803,2025-10-14,4,2,480.0,355.3,323.0,2040,2028
9804,2025-10-14,4,3,480.0,480.0,422.1,2666,2659
9805,2025-10-14,5,1,480.0,343.4,295.1,843,827
9806,2025-10-14,5,2,480.0,473.1,408.8,1168,1146
9807,2025-10-14,5,3,480.0,439.6,359.1,1026,1008
9808,2025-10-14,6,1,480.0,412.8,337.4,964,946
9809,2025-10-14,6,2,480.0,451.5,380.8,1088,1068
9810,2025-10-14,6,3,480.0,236.0,202.3,578,566
9811,2025-10-14,7,1,480.0,344.8,260.8,652,632
9812,2025-10-14,7,2,480.0,371.6,303.6,759,735
9813,2025-10-14,7,3,480.0,288.3,224.4,561,547
9814,2025-10-14,8,1,480.0,480.0,403.3,1052,1036
9815,2025-10-14,8,2,480.0,387.4,325.1,848,829
9816,2025-10-14,8,3,480.0,341.3,275.2,718,701
9817,2025-10-14,9,1,480.0,447.7,408.8,1291,1277
9818,2025-10-14,9,2,480.0,440.0,396.1,1251,1228
9819,2025-10-14,9,3,480.0,409.2,365.8,1155,1139
9820,2025-10-14,10,1,480.0,392.6,342.8,1371,1352
9821,2025-10-14,10,2,480.0,398.7,339.8,1359,1340
9822,2025-10-14,10,3,480.0,368.2,320.2,1281,1263
9823,2025-10-14,11,1,480.0,426.2,350.0,1200,1168
9824,2025-10-14,11,2,480.0,384.6,330.5,1133,1107
9825,2025-10-14,11,3,480.0,453.9,376.8,1292,1258
9826,2025-10-14,12,1,480.0,440.5,397.6,1491,1463
9827,2025-10-14,12,2,480.0,418.8,365.1,1369,1346
9828,2025-10-14,12,3,447.9,388.2,342.7,1285,1269
9829,2025-10-15,1,1,480.0,411.3,368.8,1844,1826
9830,2025-10-15,1,2,480.0,379.1,340.6,1703,1683
9831,2025-10-15,1,3,480.0,480.0,417.0,2085,2044
9832,2025-10-15,2,1,480.0,422.0,383.8,1919,1901
9833,2025-10-15,2,2,480.0,459.4,403.0,2015,1973
9834,2025-10-15,2,3,480.0,379.6,306.2,1531,1504
9835,2025-10-15,3,1,480.0,258.0,209.7,932,912
9836,2025-10-15,3,2,480.0,391.0,324.9,1444,1407
9837,2025-10-15,3,3,480.0,230.5,180.0,800,780
9838,2025-10-15,4,1,480.0,435.6,390.1,2464,2442
9839,2025-10-15,4,2,480.0,464.7,408.2,2578,2564
9840,2025-10-15,4,3,463.1,393.1,346.1,2186,2170
9841,2025-10-15,5,1,480.0,338.5,299.9,857,841
9842,2025-10-15,5,2,480.0,337.4,297.9,851,834
9843,2025-10-15,5,3,480.0,472.0,376.2,1075,1055
9844,2025-10-15,6,1,480.0,456.1,397.9,1137,1112
9845,2025-10-15,6,2,480.0,448.1,372.1,1063,1041
9846,2025-10-15,6,3,480.0,435.0,370.6,1059,1045
9847,2025-10-15,7,1,480.0,380.8,297.2,743,726
9848,2025-10-15,7,2,480.0,425.7,338.8,847,821
9849,2025-10-15,7,3,480.0,357.0,270.8,677,662
9850,2025-10-15,8,1,480.0,330.4,287.1,749,733
9851,2025-10-15,8,2,480.0,411.1,345.8,902,881
9852,2025-10-15,8,3,442.7,405.5,337.3,880,860
9853,2025-10-15,9,1,480.0,468.7,427.2,1349,1335
9854,2025-10-15,9,2,480.0,463.2,417.7,1319,1298
9855,2025-10-15,9,3,480.0,434.4,387.0,1222,1210
9856,2025-10-15,10,1,480.0,477.8,413.5,1654,1629
9857,2025-10-15,10,2,480.0,410.5,378.5,1514,1484
9858,2025-10-15,10,3,438.9,314.4,263.8,1055,1039
9859,2025-10-15,11,1,480.0,382.4,331.6,1137,1114
9860,2025-10-15,11,2,480.0,444.4,376.8,1292,1257
9861,2025-10-15,11,3,480.0,317.0,259.0,888,865
9862,2025-10-15,12,1,480.0,429.9,374.9,1406,1390
9863,2025-10-15,12,2,480.0,436.9,368.8,1383,1353
9864,2025-10-15,12,3,480.0,403.9,355.2,1332,1308
9865,2025-10-16,1,1,480.0,454.6,420.0,2100,2082
9866,2025-10-16,1,2,480.0,455.9,402.8,2014,1978
9867,2025-10-16,1,3,480.0,423.3,375.8,1879,1848
9868,2025-10-16,2,1,480.0,432.3,387.0,1935,1908
9869,2025-10-16,2,2,480.0,292.2,255.2,1276,1251
9870,2025-10-16,2,3,480.0,392.0,344.8,1724,1704
9871,2025-10-16,3,1,480.0,360.3,296.1,1316,1284
9872,2025-10-16,3,2,480.0,377.3,316.8,1408,1383
9873,2025-10-16,3,3,480.0,341.7,273.8,1217,1188
9874,2025-10-16,4,1,480.0,388.9,351.2,2218,2193
9875,2025-10-16,4,2,480.0,442.5,420.1,2653,2625
9876,2025-10-16,4,3,480.0,480.0,426.6,2694,2658
9877,2025-10-16,5,1,480.0,439.2,369.2,1055,1031
9878,2025-10-16,5,2,480.0,436.0,369.2,1055,1041
9879,2025-10-16,5,3,480.0,422.6,350.0,1000,984
9880,2025-10-16,6,1,480.0,334.2,284.2,812,789
9881,2025-10-16,6,2,480.0,236.5,195.7,559,546
9882,2025-10-16,6,3,451.4,413.2,344.8,985,955
9883,2025-10-16,7,1,480.0,328.4,249.6,624,605
9884,2025-10-16,7,2,480.0,352.2,268.4,671,651
9885,2025-10-16,7,3,480.0,287.3,216.8,542,524
9886,2025-10-16,8,1,480.0,391.5,334.6,873,857
9887,2025-10-16,8,2,480.0,408.6,349.6,912,894
9888,2025-10-16,8,3,480.0,431.4,353.4,922,900
9889,2025-10-16,9,1,480.0,480.0,440.2,1390,1369
9890,2025-10-16,9,2,480.0,422.1,388.2,1226,1214
9891,2025-10-16,9,3,480.0,474.2,414.8,1310,1293
9892,2025-10-16,10,1,480.0,385.8,336.5,1346,1318
9893,2025-10-16,10,2,480.0,436.0,382.0,1528,1504
9894,2025-10-16,10,3,480.0,470.3,401.5,1606,1573
9895,2025-10-16,11,1,480.0,457.1,391.7,1343,1317
9896,2025-10-16,11,2,480.0,450.1,375.7,1288,1254
9897,2025-10-16,11,3,480.0,395.1,301.3,1033,1007
9898,2025-10-16,12,1,480.0,399.9,344.8,1293,1281
9899,2025-10-16,12,2,480.0,480.0,424.5,1592,1565
9900,2025-10-16,12,3,480.0,400.6,346.7,1300,1291
9901,2025-10-17,1,1,480.0,433.3,371.6,1858,1834
9902,2025-10-17,1,2,480.0,429.1,374.2,1871,1855
9903,2025-10-17,1,3,456.6,425.0,365.4,1827,1806
9904,2025-10-17,2,1,480.0,446.3,400.6,2003,1987
9905,2025-10-17,2,2,480.0,467.5,408.6,2043,2027
9906,2025-10-17,2,3,480.0,391.5,340.6,1703,1685
9907,2025-10-17,3,1,480.0,379.6,311.6,1385,1355
9908,2025-10-17,3,2,480.0,409.9,339.3,1508,1471
9909,2025-10-17,3,3,480.0,419.6,346.1,1538,1495
9910,2025-10-17,4,1,480.0,434.8,404.4,2554,2523
9911,2025-10-17,4,2,480.0,455.8,420.1,2653,2636
9912,2025-10-17,4,3,480.0,473.7,420.7,2657,2626
9913,2025-10-17,5,1,334.0,324.1,283.1,809,798
9914,2025-10-17,5,2,480.0,462.5,416.9,1191,1163
9915,2025-10-17,5,3,460.6,286.4,234.2,669,658
9916,2025-10-17,6,1,480.0,406.8,346.9,991,968
9917,2025-10-17,6,2,480.0,337.8,293.6,839,826
9918,2025-10-17,6,3,480.0,411.7,339.1,969,946
9919,2025-10-17,7,1,480.0,360.6,284.4,711,692
9920,2025-10-17,7,2,480.0,292.6,230.0,575,559
9921,2025-10-17,7,3,480.0,299.7,227.6,569,552
9922,2025-10-17,8,1,480.0,354.5,295.9,772,754
9923,2025-10-17,8,2,480.0,459.9,383.3,1000,972
9924,2025-10-17,8,3,480.0,446.3,377.6,985,960
9925,2025-10-17,9,1,480.0,364.3,328.1,1036,1022
9926,2025-10-17,9,2,480.0,454.8,413.9,1307,1293
9927,2025-10-17,9,3,480.0,307.5,268.9,849,835
9928,2025-10-17,10,1,480.0,372.1,321.0,1284,1260
9929,2025-10-17,10,2,480.0,328.8,284.8,1139,1116
9930,2025-10-17,10,3,480.0,403.4,353.2,1413,1392
9931,2025-10-17,11,1,480.0,459.2,397.0,1361,1324
9932,2025-10-17,11,2,480.0,437.7,366.6,1257,1227
9933,2025-10-17,11,3,480.0,395.7,323.5,1109,1081
9934,2025-10-17,12,1,480.0,423.0,372.0,1395,1377
9935,2025-10-17,12,2,480.0,448.6,402.1,1508,1489
9936,2025-10-17,12,3,480.0,322.6,269.3,1010,993
9937,2025-10-18,1,1,480.0,423.3,377.6,1888,1859
9938,2025-10-18,1,2,480.0,450.3,403.2,2016,2004
9939,2025-10-18,1,3,480.0,452.9,372.6,1863,1829
9940,2025-10-18,2,1,480.0,403.4,358.2,1791,1764
9941,2025-10-18,2,2,480.0,469.8,408.4,2042,2015
9942,2025-10-18,2,3,480.0,432.8,362.0,1810,1787
9943,2025-10-18,3,1,480.0,367.4,295.4,1313,1289
9944,2025-10-18,3,2,480.0,337.7,278.8,1239,1216
9945,2025-10-18,3,3,480.0,392.2,307.6,1367,1331
9946,2025-10-18,4,1,480.0,455.2,434.1,2742,2701
9947,2025-10-18,4,2,480.0,444.1,391.4,2472,2422
9948,2025-10-18,4,3,480.0,469.7,410.4,2592,2576
9949,2025-10-18,5,1,480.0,451.0,381.1,1089,1067
9950,2025-10-18,5,2,480.0,418.7,370.6,1059,1038
9951,2025-10-18,5,3,480.0,372.8,313.6,896,878
9952,2025-10-18,6,1,480.0,388.9,335.6,959,941
9953,2025-10-18,6,2,480.0,480.0,422.8,1208,1183
9954,2025-10-18,6,3,480.0,443.3,357.4,1021,1002
9955,2025-10-18,7,1,480.0,236.7,184.0,460,447
9956,2025-10-18,7,2,480.0,205.9,157.6,394,384
9957,2025-10-18,7,3,480.0,350.7,267.6,669,653
9958,2025-10-18,8,1,480.0,445.9,386.8,1009,992
9959,2025-10-18,8,2,480.0,363.2,303.6,792,777
9960,2025-10-18,8,3,480.0,319.8,253.0,660,645
9961,2025-10-18,9,1,480.0,408.9,364.2,1150,1138
9962,2025-10-18,9,2,480.0,456.4,412.9,1304,1282
9963,2025-10-18,9,3,480.0,455.1,407.2,1286,1270
9964,2025-10-18,10,1,480.0,452.8,402.0,1608,1586
9965,2025-10-18,10,2,480.0,306.7,266.5,1066,1044
9966,2025-10-18,10,3,480.0,420.9,343.5,1374,1349
9967,2025-10-18,11,1,480.0,316.8,273.0,936,913
9968,2025-10-18,11,2,480.0,398.4,337.5,1157,1132
9969,2025-10-18,11,3,444.6,363.1,310.0,1063,1043
9970,2025-10-18,12,1,480.0,381.1,328.8,1233,1210
9971,2025-10-18,12,2,480.0,441.8,395.7,1484,1461
9972,2025-10-18,12,3,480.0,415.5,358.9,1346,1317
9973,2025-10-19,1,1,480.0,425.5,372.6,1863,1844
9974,2025-10-19,1,2,480.0,382.1,341.4,1707,1695
9975,2025-10-19,1,3,480.0,397.3,343.4,1717,1692
9976,2025-10-19,2,1,480.0,438.4,393.6,1968,1939
9977,2025-10-19,2,2,480.0,477.1,419.2,2096,2064
9978,2025-10-19,2,3,480.0,437.4,365.8,1829,1810
9979,2025-10-19,3,1,480.0,394.0,339.5,1509,1475
9980,2025-10-19,3,2,480.0,414.0,348.8,1550,1525
9981,2025-10-19,3,3,480.0,389.6,316.4,1406,1370
9982,2025-10-19,4,1,480.0,377.3,354.5,2239,2213
9983,2025-10-19,4,2,480.0,377.3,338.8,2140,2116
9984,2025-10-19,4,3,480.0,338.2,292.9,1850,1829
9985,2025-10-19,5,1,480.0,471.8,396.6,1133,1109
9986,2025-10-19,5,2,480.0,410.2,354.2,1012,999
9987,2025-10-19,5,3,480.0,347.3,282.8,808,800
9988,2025-10-19,6,1,480.0,436.9,367.1,1049,1037
9989,2025-10-19,6,2,480.0,458.6,392.7,1122,1097
9990,2025-10-19,6,3,480.0,396.0,315.7,902,887
9991,2025-10-19,7,1,480.0,382.4,289.6,724,708
9992,2025-10-19,7,2,480.0,402.2,310.0,775,759
9993,2025-10-19,7,3,480.0,373.9,279.2,698,681
9994,2025-10-19,8,1,480.0,421.7,351.5,917,893
9995,2025-10-19,8,2,480.0,426.9,372.6,972,953
9996,2025-10-19,8,3,480.0,337.1,272.6,711,694
9997,2025-10-19,9,1,480.0,412.3,370.2,1169,1149
9998,2025-10-19,9,2,480.0,444.6,400.9,1266,1250
9999,2025-10-19,9,3,480.0,449.5,391.4,1236,1227
10000,2025-10-19,10,1,480.0,445.0,379.5,1518,1496
10001,2025-10-19,10,2,480.0,464.3,409.5,1638,1601
10002,2025-10-19,10,3,480.0,329.2,274.0,1096,1083
10003,2025-10-19,11,1,480.0,181.4,150.8,517,506
10004,2025-10-19,11,2,480.0,404.5,352.0,1207,1179
10005,2025-10-19,11,3,480.0,450.6,380.6,1305,1279
10006,2025-10-19,12,1,480.0,470.2,413.9,1552,1535
10007,2025-10-19,12,2,480.0,428.2,380.8,1428,1406
10008,2025-10-19,12,3,480.0,450.0,386.7,1450,1431
10009,2025-10-20,1,1,480.0,393.7,357.2,1786,1767
10010,2025-10-20,1,2,480.0,356.8,315.6,1578,1553
10011,2025-10-20,1,3,480.0,480.0,405.4,2027,1978
10012,2025-10-20,2,1,480.0,454.6,406.4,2032,2002
10013,2025-10-20,2,2,480.0,480.0,409.0,2045,2007
10014,2025-10-20,2,3,480.0,419.8,352.4,1762,1745
10015,2025-10-20,3,1,480.0,441.1,368.8,1639,1607
10016,2025-10-20,3,2,480.0,388.6,314.1,1396,1364
10017,2025-10-20,3,3,480.0,428.2,337.3,1499,1476
10018,2025-10-20,4,1,480.0,453.7,415.3,2623,2601
10019,2025-10-20,4,2,480.0,436.4,388.2,2452,2424
10020,2025-10-20,4,3,480.0,416.8,376.2,2376,2366
10021,2025-10-20,5,1,480.0,390.3,332.9,951,936
10022,2025-10-20,5,2,480.0,397.6,347.6,993,974
10023,2025-10-20,5,3,480.0,303.6,260.8,745,733
10024,2025-10-20,6,1,480.0,383.9,324.4,927,906
10025,2025-10-20,6,2,480.0,400.9,338.8,968,950
10026,2025-10-20,6,3,480.0,441.4,359.4,1027,1000
10027,2025-10-20,7,1,480.0,317.2,258.8,647,627
10028,2025-10-20,7,2,480.0,373.3,281.6,704,685
10029,2025-10-20,7,3,480.0,360.2,270.8,677,653
10030,2025-10-20,8,1,480.0,391.9,333.9,871,856
10031,2025-10-20,8,2,480.0,473.0,392.5,1024,999
10032,2025-10-20,8,3,480.0,422.4,344.6,899,878
10033,2025-10-20,9,1,480.0,420.2,378.1,1194,1182
10034,2025-10-20,9,2,480.0,329.9,296.7,937,923
10035,2025-10-20,9,3,480.0,352.9,301.5,952,944
10036,2025-10-20,10,1,480.0,469.4,418.0,1672,1647
10037,2025-10-20,10,2,480.0,460.7,405.2,1621,1595
10038,2025-10-20,10,3,446.2,300.9,254.5,1018,1004
10039,2025-10-20,11,1,480.0,454.6,389.4,1335,1297
10040,2025-10-20,11,2,480.0,411.8,354.7,1216,1183
10041,2025-10-20,11,3,480.0,290.1,232.5,797,777
10042,2025-10-20,12,1,480.0,393.8,334.4,1254,1240
10043,2025-10-20,12,2,480.0,411.3,356.3,1336,1314
10044,2025-10-20,12,3,480.0,442.2,382.7,1435,1405
10045,2025-10-21,1,1,480.0,462.9,424.2,2121,2095
10046,2025-10-21,1,2,480.0,460.0,401.6,2008,1972
10047,2025-10-21,1,3,480.0,424.9,373.4,1867,1862
10048,2025-10-21,2,1,480.0,474.6,415.2,2076,2046
10049,2025-10-21,2,2,480.0,431.7,390.6,1953,1922
10050,2025-10-21,2,3,459.5,389.4,324.6,1623,1597
10051,2025-10-21,3,1,480.0,461.8,383.9,1706,1667
10052,2025-10-21,3,2,480.0,400.0,329.9,1466,1439
10053,2025-10-21,3,3,480.0,349.3,286.9,1275,1253
10054,2025-10-21,4,1,480.0,466.7,422.1,2666,2647
10055,2025-10-21,4,2,480.0,459.0,410.4,2592,2560
10056,2025-10-21,4,3,480.0,441.6,393.6,2486,2468
10057,2025-10-21,5,1,480.0,463.6,404.6,1156,1139
10058,2025-10-21,5,2,480.0,401.2,335.3,958,950
10059,2025-10-21,5,3,480.0,399.5,318.5,910,891
10060,2025-10-21,6,1,480.0,446.8,379.8,1085,1053
10061,2025-10-21,6,2,480.0,432.1,380.1,1086,1067
10062,2025-10-21,6,3,480.0,349.9,294.7,842,821
10063,2025-10-21,7,1,480.0,352.9,275.6,689,672
10064,2025-10-21,7,2,480.0,64.6,48.8,122,120
10065,2025-10-21,7,3,443.5,315.0,247.2,618,601
10066,2025-10-21,8,1,480.0,469.1,407.1,1062,1038
10067,2025-10-21,8,2,480.0,345.8,295.2,770,754
10068,2025-10-21,8,3,445.3,375.0,323.5,844,821
10069,2025-10-21,9,1,480.0,414.3,363.2,1147,1130
10070,2025-10-21,9,2,480.0,449.5,410.4,1296,1278
10071,2025-10-21,9,3,480.0,461.1,413.2,1305,1289
10072,2025-10-21,10,1,480.0,372.0,321.2,1285,1270
10073,2025-10-21,10,2,480.0,480.0,424.8,1699,1671
10074,2025-10-21,10,3,480.0,221.8,182.5,730,722
10075,2025-10-21,11,1,480.0,407.0,347.7,1192,1168
10076,2025-10-21,11,2,480.0,382.8,324.6,1113,1090
10077,2025-10-21,11,3,480.0,459.2,366.0,1255,1228
10078,2025-10-21,12,1,480.0,444.1,384.8,1443,1421
10079,2025-10-21,12,2,480.0,463.3,430.9,1616,1602
10080,2025-10-21,12,3,480.0,323.9,280.3,1051,1040
10081,2025-10-22,1,1,480.0,480.0,423.8,2119,2089
10082,2025-10-22,1,2,480.0,464.9,423.6,2118,2085
10083,2025-10-22,1,3,480.0,454.6,398.6,1993,1954
10084,2025-10-22,2,1,480.0,438.1,381.2,1906,1882
10085,2025-10-22,2,2,480.0,480.0,417.6,2088,2059
10086,2025-10-22,2,3,480.0,405.2,336.8,1684,1661
10087,2025-10-22,3,1,480.0,423.5,348.3,1548,1512
10088,2025-10-22,3,2,480.0,473.2,388.4,1726,1682
10089,2025-10-22,3,3,480.0,338.4,273.8,1217,1186
10090,2025-10-22,4,1,480.0,475.3,452.2,2856,2847
10091,2025-10-22,4,2,480.0,418.8,384.1,2426,2407
10092,2025-10-22,4,3,480.0,480.0,424.5,2681,2648
10093,2025-10-22,5,1,480.0,440.9,379.1,1083,1065
10094,2025-10-22,5,2,480.0,384.9,341.2,975,961
10095,2025-10-22,5,3,480.0,376.4,317.8,908,895
10096,2025-10-22,6,1,480.0,462.2,387.4,1107,1088
10097,2025-10-22,6,2,480.0,389.0,330.4,944,921
10098,2025-10-22,6,3,480.0,382.7,314.6,899,881
10099,2025-10-22,7,1,480.0,234.6,182.0,455,443
10100,2025-10-22,7,2,480.0,331.3,258.0,645,628
10101,2025-10-22,7,3,480.0,289.4,221.2,553,538
10102,2025-10-22,8,1,480.0,441.3,371.4,969,954
10103,2025-10-22,8,2,480.0,442.0,376.1,981,960
10104,2025-10-22,8,3,480.0,388.5,315.1,822,804
10105,2025-10-22,9,1,272.9,180.9,170.4,538,533
10106,2025-10-22,9,2,480.0,470.6,424.3,1340,1316
10107,2025-10-22,9,3,480.0,347.8,303.7,959,954
10108,2025-10-22,10,1,480.0,480.0,423.0,1692,1672
10109,2025-10-22,10,2,480.0,367.2,316.5,1266,1251
10110,2025-10-22,10,3,480.0,454.5,379.5,1518,1490
10111,2025-10-22,11,1,480.0,293.9,251.7,863,840
10112,2025-10-22,11,2,480.0,432.1,369.2,1266,1238
10113,2025-10-22,11,3,480.0,410.2,334.5,1147,1125
10114,2025-10-22,12,1,480.0,454.0,393.6,1476,1457
10115,2025-10-22,12,2,480.0,480.0,429.6,1611,1593
10116,2025-10-22,12,3,480.0,434.5,369.1,1384,1364
10117,2025-10-23,1,1,480.0,464.6,417.2,2086,2073
10118,2025-10-23,1,2,480.0,378.5,339.6,1698,1670
10119,2025-10-23,1,3,480.0,391.4,339.6,1698,1696
10120,2025-10-23,2,1,480.0,436.5,391.0,1955,1925
10121,2025-10-23,2,2,480.0,397.6,344.6,1723,1699
10122,2025-10-23,2,3,480.0,420.7,351.4,1757,1738
10123,2025-10-23,3,1,480.0,464.9,399.4,1775,1727
10124,2025-10-23,3,2,480.0,408.9,342.4,1522,1481
10125,2025-10-23,3,3,480.0,422.3,348.1,1547,1501
10126,2025-10-23,4,1,480.0,480.0,441.9,2791,2782
10127,2025-10-23,4,2,480.0,444.6,413.6,2612,2575
10128,2025-10-23,4,3,480.0,410.5,363.5,2296,2259
10129,2025-10-23,5,1,480.0,429.6,369.2,1055,1035
10130,2025-10-23,5,2,480.0,480.0,423.1,1209,1191
10131,2025-10-23,5,3,480.0,278.8,226.1,646,641
10132,2025-10-23,6,1,480.0,386.2,333.9,954,934
10133,2025-10-23,6,2,480.0,404.6,343.4,981,960
10134,2025-10-23,6,3,480.0,263.7,218.8,625,612
10135,2025-10-23,7,1,480.0,221.1,172.8,432,421
10136,2025-10-23,7,2,480.0,249.5,196.8,492,480
10137,2025-10-23,7,3,480.0,240.8,182.4,456,441
10138,2025-10-23,8,1,480.0,429.4,364.6,951,930
10139,2025-10-23,8,2,480.0,370.1,317.0,827,806
10140,2025-10-23,8,3,480.0,433.1,352.3,919,901
10141,2025-10-23,9,1,480.0,424.6,385.1,1216,1206
10142,2025-10-23,9,2,480.0,461.8,420.9,1329,1311
10143,2025-10-23,9,3,480.0,382.0,331.9,1048,1039
10144,2025-10-23,10,1,480.0,463.2,396.2,1585,1569
10145,2025-10-23,10,2,480.0,409.8,359.2,1437,1417
10146,2025-10-23,10,3,447.0,407.7,340.5,1362,1344
10147,2025-10-23,11,1,480.0,429.9,374.5,1284,1254
10148,2025-10-23,11,2,480.0,425.6,349.1,1197,1170
10149,2025-10-23,11,3,480.0,284.1,227.2,779,759
10150,2025-10-23,12,1,480.0,478.4,414.4,1554,1532
10151,2025-10-23,12,2,480.0,437.5,385.6,1446,1431
10152,2025-10-23,12,3,480.0,428.8,370.1,1388,1368
10153,2025-10-24,1,1,480.0,376.6,328.2,1641,1623
10154,2025-10-24,1,2,480.0,333.7,293.0,1465,1449
10155,2025-10-24,1,3,480.0,478.9,408.6,2043,2010
10156,2025-10-24,2,1,480.0,426.8,385.6,1928,1894
10157,2025-10-24,2,2,480.0,467.7,420.2,2101,2049
10158,2025-10-24,2,3,480.0,422.0,362.4,1812,1798
10159,2025-10-24,3,1,480.0,229.8,189.9,844,823
10160,2025-10-24,3,2,480.0,360.4,301.5,1340,1304
10161,2025-10-24,3,3,480.0,421.5,344.0,1529,1498
10162,2025-10-24,4,1,480.0,403.8,370.8,2342,2324
10163,2025-10-24,4,2,480.0,415.6,368.0,2324,2297
10164,2025-10-24,4,3,480.0,393.8,363.4,2295,2263
10165,2025-10-24,5,1,480.0,474.7,401.1,1146,1115
10166,2025-10-24,5,2,480.0,387.0,323.1,923,906
10167,2025-10-24,5,3,480.0,406.1,337.1,963,952
10168,2025-10-24,6,1,480.0,388.7,332.5,950,932
10169,2025-10-24,6,2,480.0,469.3,403.9,1154,1128
10170,2025-10-24,6,3,480.0,444.2,357.0,1020,1004
10171,2025-10-24,7,1,480.0,254.3,193.2,483,470
10172,2025-10-24,7,2,480.0,310.4,236.8,592,575
10173,2025-10-24,7,3,480.0,355.3,272.4,681,664
10174,2025-10-24,8,1,480.0,457.3,390.6,1019,991
10175,2025-10-24,8,2,480.0,377.5,314.3,820,800
10176,2025-10-24,8,3,480.0,429.5,353.1,921,903
10177,2025-10-24,9,1,480.0,333.6,300.8,950,941
10178,2025-10-24,9,2,480.0,474.8,419.3,1324,1302
10179,2025-10-24,9,3,452.6,452.6,379.4,1198,1187
10180,2025-10-24,10,1,480.0,370.2,324.5,1298,1280
10181,2025-10-24,10,2,480.0,351.5,303.5,1214,1203
10182,2025-10-24,10,3,480.0,369.1,315.2,1261,1241
10183,2025-10-24,11,1,480.0,416.6,350.9,1203,1175
10184,2025-10-24,11,2,480.0,386.2,331.6,1137,1112
10185,2025-10-24,11,3,480.0,355.3,298.1,1022,994
10186,2025-10-24,12,1,480.0,377.6,323.7,1214,1192
10187,2025-10-24,12,2,480.0,457.6,410.4,1539,1512
10188,2025-10-24,12,3,480.0,384.0,315.5,1183,1166
10189,2025-10-25,1,1,480.0,462.6,409.8,2049,2027
10190,2025-10-25,1,2,480.0,427.0,377.4,1887,1870
10191,2025-10-25,1,3,480.0,438.4,371.0,1855,1840
10192,2025-10-25,2,1,480.0,386.9,345.2,1726,1690
10193,2025-10-25,2,2,480.0,340.3,304.2,1521,1497
10194,2025-10-25,2,3,480.0,393.2,342.2,1711,1682
10195,2025-10-25,3,1,480.0,409.1,351.7,1563,1527
10196,2025-10-25,3,2,480.0,389.7,327.1,1454,1420
10197,2025-10-25,3,3,480.0,340.2,272.2,1210,1186
10198,2025-10-25,4,1,480.0,437.4,405.5,2561,2535
10199,2025-10-25,4,2,480.0,480.0,430.7,2720,2689
10200,2025-10-25,4,3,480.0,461.3,401.2,2534,2497
10201,2025-10-25,5,1,480.0,355.8,309.1,883,870
10202,2025-10-25,5,2,480.0,462.7,388.1,1109,1090
10203,2025-10-25,5,3,480.0,412.5,352.4,1007,988
10204,2025-10-25,6,1,480.0,444.3,374.5,1070,1047
10205,2025-10-25,6,2,480.0,428.0,355.6,1016,995
10206,2025-10-25,6,3,480.0,480.0,398.6,1139,1114
10207,2025-10-25,7,1,480.0,301.1,224.4,561,546
10208,2025-10-25,7,2,480.0,349.7,280.0,700,684
10209,2025-10-25,7,3,480.0,232.9,178.4,446,435
10210,2025-10-25,8,1,480.0,466.6,388.7,1014,999
10211,2025-10-25,8,2,480.0,317.3,271.0,707,691
10212,2025-10-25,8,3,480.0,384.7,323.5,844,822
10213,2025-10-25,9,1,480.0,386.6,355.6,1123,1109
10214,2025-10-25,9,2,480.0,423.0,385.7,1218,1202
10215,2025-10-25,9,3,480.0,460.5,410.7,1297,1280
10216,2025-10-25,10,1,480.0,480.0,422.0,1688,1674
10217,2025-10-25,10,2,480.0,466.2,396.5,1586,1549
10218,2025-10-25,10,3,480.0,392.3,327.2,1309,1292
10219,2025-10-25,11,1,480.0,397.2,327.8,1124,1100
10220,2025-10-25,11,2,480.0,443.0,382.4,1311,1277
10221,2025-10-25,11,3,480.0,284.6,240.6,825,808
10222,2025-10-25,12,1,480.0,389.3,344.5,1292,1273
10223,2025-10-25,12,2,480.0,458.6,391.5,1468,1457
10224,2025-10-25,12,3,480.0,431.1,366.1,1373,1356
10225,2025-10-26,1,1,480.0,347.3,319.0,1595,1572
10226,2025-10-26,1,2,480.0,398.7,352.2,1761,1750
10227,2025-10-26,1,3,480.0,480.0,423.8,2119,2109
10228,2025-10-26,2,1,480.0,420.4,370.8,1854,1824
10229,2025-10-26,2,2,480.0,468.2,414.4,2072,2057
10230,2025-10-26,2,3,480.0,431.5,378.6,1893,1856
10231,2025-10-26,3,1,480.0,360.8,297.7,1323,1295
10232,2025-10-26,3,2,480.0,447.6,359.8,1599,1559
10233,2025-10-26,3,3,480.0,411.0,327.8,1457,1422
10234,2025-10-26,4,1,480.0,416.4,389.5,2460,2431
10235,2025-10-26,4,2,480.0,358.9,309.7,1956,1944
10236,2025-10-26,4,3,480.0,405.2,367.6,2322,2292
10237,2025-10-26,5,1,480.0,434.1,382.9,1094,1076
10238,2025-10-26,5,2,480.0,232.6,200.9,574,563
10239,2025-10-26,5,3,480.0,306.4,256.9,734,721
10240,2025-10-26,6,1,480.0,409.8,335.3,958,947
10241,2025-10-26,6,2,480.0,305.4,256.9,734,724
10242,2025-10-26,6,3,480.0,404.6,328.6,939,921
10243,2025-10-26,7,1,480.0,327.9,263.2,658,644
10244,2025-10-26,7,2,480.0,253.7,193.2,483,471
10245,2025-10-26,7,3,480.0,248.9,191.6,479,467
10246,2025-10-26,8,1,480.0,392.3,350.0,913,893
10247,2025-10-26,8,2,480.0,418.9,344.2,898,883
10248,2025-10-26,8,3,480.0,430.6,364.6,951,924
10249,2025-10-26,9,1,480.0,432.9,387.6,1224,1216
10250,2025-10-26,9,2,480.0,460.4,417.7,1319,1296
10251,2025-10-26,9,3,480.0,474.5,418.9,1323,1302
10252,2025-10-26,10,1,480.0,405.7,346.2,1385,1364
10253,2025-10-26,10,2,480.0,432.2,370.5,1482,1457
10254,2025-10-26,10,3,480.0,397.7,345.0,1380,1364
10255,2025-10-26,11,1,480.0,387.3,333.1,1142,1113
10256,2025-10-26,11,2,480.0,392.2,322.9,1107,1079
10257,2025-10-26,11,3,480.0,347.1,299.8,1028,1002
10258,2025-10-26,12,1,480.0,459.6,391.7,1469,1450
10259,2025-10-26,12,2,480.0,474.3,421.9,1582,1563
10260,2025-10-26,12,3,480.0,436.5,372.3,1396,1380
10261,2025-10-27,1,1,480.0,434.0,397.0,1985,1958
10262,2025-10-27,1,2,480.0,437.6,392.2,1961,1931
10263,2025-10-27,1,3,480.0,476.3,421.6,2108,2084
10264,2025-10-27,2,1,480.0,411.8,360.8,1804,1770
10265,2025-10-27,2,2,480.0,398.4,360.4,1802,1774
10266,2025-10-27,2,3,455.6,379.1,319.2,1596,1574
10267,2025-10-27,3,1,480.0,314.8,267.3,1188,1160
10268,2025-10-27,3,2,480.0,350.3,288.2,1281,1251
10269,2025-10-27,3,3,480.0,361.5,278.1,1236,1213
10270,2025-10-27,4,1,480.0,424.5,381.1,2407,2376
10271,2025-10-27,4,2,480.0,475.2,421.0,2659,2640
10272,2025-10-27,4,3,480.0,438.0,373.5,2359,2323
10273,2025-10-27,5,1,480.0,392.9,334.6,956,945
10274,2025-10-27,5,2,480.0,393.3,328.6,939,923
10275,2025-10-27,5,3,480.0,402.4,334.6,956,940
10276,2025-10-27,6,1,480.0,398.8,343.0,980,959
10277,2025-10-27,6,2,480.0,308.6,259.0,740,729
10278,2025-10-27,6,3,448.9,420.1,344.4,984,970
10279,2025-10-27,7,1,480.0,336.5,272.0,680,658
10280,2025-10-27,7,2,480.0,399.2,301.2,753,734
10281,2025-10-27,7,3,480.0,301.7,227.6,569,553
10282,2025-10-27,8,1,480.0,368.5,319.3,833,818
10283,2025-10-27,8,2,480.0,393.9,331.6,865,848
10284,2025-10-27,8,3,480.0,456.2,370.3,966,944
10285,2025-10-27,9,1,480.0,425.3,370.8,1171,1154
10286,2025-10-27,9,2,480.0,434.7,385.7,1218,1206
10287,2025-10-27,9,3,480.0,465.3,404.7,1278,1259
10288,2025-10-27,10,1,480.0,428.2,378.5,1514,1496
10289,2025-10-27,10,2,480.0,352.2,321.0,1284,1267
10290,2025-10-27,10,3,480.0,471.3,405.5,1622,1598
10291,2025-10-27,11,1,480.0,419.4,349.7,1199,1166
10292,2025-10-27,11,2,480.0,381.5,320.2,1098,1081
10293,2025-10-27,11,3,480.0,182.1,149.6,513,500
10294,2025-10-27,12,1,480.0,440.4,378.1,1418,1389
10295,2025-10-27,12,2,480.0,423.6,370.7,1390,1362
10296,2025-10-27,12,3,480.0,457.1,384.8,1443,1415
10297,2025-10-28,1,1,480.0,469.3,416.8,2084,2056
10298,2025-10-28,1,2,480.0,471.3,426.2,2131,2102
10299,2025-10-28,1,3,480.0,406.4,348.4,1742,1723
10300,2025-10-28,2,1,480.0,419.8,369.8,1849,1830
10301,2025-10-28,2,2,480.0,436.2,372.4,1862,1834
10302,2025-10-28,2,3,480.0,436.1,371.8,1859,1826
10303,2025-10-28,3,1,480.0,415.9,346.1,1538,1504
10304,2025-10-28,3,2,480.0,456.4,372.8,1657,1614
10305,2025-10-28,3,3,480.0,370.5,293.2,1303,1278
10306,2025-10-28,4,1,480.0,425.4,380.9,2406,2380
10307,2025-10-28,4,2,480.0,480.0,446.7,2821,2787
10308,2025-10-28,4,3,480.0,399.0,340.9,2153,2133
10309,2025-10-28,5,1,480.0,410.9,356.6,1019,1001
10310,2025-10-28,5,2,480.0,411.8,351.1,1003,985
10311,2025-10-28,5,3,480.0,458.3,392.4,1121,1102
10312,2025-10-28,6,1,480.0,324.5,278.9,797,781
10313,2025-10-28,6,2,480.0,340.6,291.6,833,813
10314,2025-10-28,6,3,480.0,443.0,364.0,1040,1018
10315,2025-10-28,7,1,480.0,203.7,168.0,420,407
10316,2025-10-28,7,2,480.0,343.9,265.6,664,645
10317,2025-10-28,7,3,480.0,338.4,258.8,647,627
10318,2025-10-28,8,1,480.0,345.4,298.2,778,760
10319,2025-10-28,8,2,480.0,384.5,318.9,832,817
10320,2025-10-28,8,3,480.0,417.3,336.6,878,855
10321,2025-10-28,9,1,480.0,414.1,374.9,1184,1168
10322,2025-10-28,9,2,480.0,459.2,418.3,1321,1316
10323,2025-10-28,9,3,480.0,467.2,413.2,1305,1291
10324,2025-10-28,10,1,480.0,468.3,403.5,1614,1586
10325,2025-10-28,10,2,480.0,432.7,362.0,1448,1427
10326,2025-10-28,10,3,480.0,398.9,344.5,1378,1363
10327,2025-10-28,11,1,480.0,383.0,330.8,1134,1099
10328,2025-10-28,11,2,480.0,379.9,317.0,1087,1064
10329,2025-10-28,11,3,480.0,351.9,282.0,967,948
10330,2025-10-28,12,1,480.0,427.4,370.1,1388,1374
10331,2025-10-28,12,2,480.0,470.9,415.7,1559,1538
10332,2025-10-28,12,3,458.1,452.0,381.1,1429,1414
10333,2025-10-29,1,1,480.0,467.4,412.4,2062,2042
10334,2025-10-29,1,2,480.0,432.2,388.0,1940,1914
10335,2025-10-29,1,3,480.0,448.1,393.4,1967,1930
10336,2025-10-29,2,1,480.0,480.0,422.0,2110,2073
10337,2025-10-29,2,2,480.0,480.0,418.0,2090,2059
10338,2025-10-29,2,3,480.0,452.7,382.8,1914,1886
10339,2025-10-29,3,1,480.0,414.7,336.6,1496,1466
10340,2025-10-29,3,2,480.0,471.2,378.9,1684,1644
10341,2025-10-29,3,3,480.0,452.8,365.2,1623,1588
10342,2025-10-29,4,1,480.0,433.3,385.4,2434,2410
10343,2025-10-29,4,2,480.0,437.8,395.0,2495,2471
10344,2025-10-29,4,3,480.0,453.0,395.5,2498,2467
10345,2025-10-29,5,1,480.0,429.7,364.4,1041,1018
10346,2025-10-29,5,2,480.0,427.2,381.1,1089,1063
10347,2025-10-29,5,3,480.0,424.4,357.0,1020,1006
10348,2025-10-29,6,1,480.0,367.6,308.4,881,864
10349,2025-10-29,6,2,480.0,394.4,335.6,959,945
10350,2025-10-29,6,3,480.0,465.5,386.1,1103,1077
10351,2025-10-29,7,1,480.0,355.6,280.4,701,681
10352,2025-10-29,7,2,480.0,442.3,352.4,881,856
10353,2025-10-29,7,3,480.0,344.3,255.2,638,618
10354,2025-10-29,8,1,480.0,325.0,275.2,718,697
10355,2025-10-29,8,2,480.0,431.2,368.4,961,945
10356,2025-10-29,8,3,480.0,368.9,307.8,803,783
10357,2025-10-29,9,1,480.0,464.7,420.9,1329,1312
10358,2025-10-29,9,2,480.0,480.0,434.8,1373,1352
10359,2025-10-29,9,3,480.0,466.7,405.6,1281,1268
10360,2025-10-29,10,1,480.0,350.6,293.5,1174,1154
10361,2025-10-29,10,2,480.0,424.7,369.8,1479,1455
10362,2025-10-29,10,3,480.0,203.2,169.8,679,667
10363,2025-10-29,11,1,480.0,402.3,338.0,1159,1128
10364,2025-10-29,11,2,480.0,426.8,353.8,1213,1184
10365,2025-10-29,11,3,480.0,288.5,244.7,839,816
10366,2025-10-29,12,1,480.0,452.8,392.5,1472,1454
10367,2025-10-29,12,2,480.0,460.0,401.1,1504,1485
10368,2025-10-29,12,3,480.0,461.3,389.1,1459,1446
10369,2025-10-30,1,1,480.0,313.2,280.2,1401,1379
10370,2025-10-30,1,2,480.0,422.8,369.4,1847,1824
10371,2025-10-30,1,3,480.0,451.2,387.0,1935,1914
10372,2025-10-30,2,1,480.0,480.0,416.0,2080,2039
10373,2025-10-30,2,2,480.0,446.0,400.0,2000,1970
10374,2025-10-30,2,3,480.0,448.7,390.2,1951,1926
10375,2025-10-30,3,1,480.0,257.1,211.7,941,924
10376,2025-10-30,3,2,480.0,366.6,306.2,1361,1334
10377,2025-10-30,3,3,480.0,343.5,275.4,1224,1195
10378,2025-10-30,4,1,480.0,457.6,420.4,2655,2624
10379,2025-10-30,4,2,480.0,282.9,259.5,1639,1637
10380,2025-10-30,4,3,480.0,480.0,422.0,2665,2651
10381,2025-10-30,5,1,480.0,445.0,381.5,1090,1078
10382,2025-10-30,5,2,480.0,412.2,356.3,1018,1000
10383,2025-10-30,5,3,480.0,372.7,309.4,884,867
10384,2025-10-30,6,1,480.0,423.7,352.8,1008,981
10385,2025-10-30,6,2,480.0,434.1,370.6,1059,1042
10386,2025-10-30,6,3,480.0,471.6,383.2,1095,1073
10387,2025-10-30,7,1,480.0,306.3,240.8,602,590
10388,2025-10-30,7,2,480.0,378.8,285.6,714,691
10389,2025-10-30,7,3,480.0,316.9,248.4,621,606
10390,2025-10-30,8,1,480.0,408.1,350.0,913,894
10391,2025-10-30,8,2,480.0,366.2,306.3,799,781
10392,2025-10-30,8,3,480.0,315.4,254.9,665,651
10393,2025-10-30,9,1,480.0,425.1,376.5,1189,1169
10394,2025-10-30,9,2,480.0,480.0,424.6,1341,1322
10395,2025-10-30,9,3,480.0,466.7,404.7,1278,1264
10396,2025-10-30,10,1,480.0,424.1,365.8,1463,1447
10397,2025-10-30,10,2,480.0,408.3,354.2,1417,1389
10398,2025-10-30,10,3,480.0,395.7,339.8,1359,1330
10399,2025-10-30,11,1,480.0,308.7,266.9,915,890
10400,2025-10-30,11,2,480.0,390.8,328.1,1125,1099
10401,2025-10-30,11,3,480.0,350.8,295.2,1012,986
10402,2025-10-30,12,1,480.0,471.3,416.3,1561,1537
10403,2025-10-30,12,2,480.0,448.5,386.4,1449,1430
10404,2025-10-30,12,3,480.0,200.7,171.2,642,633
10405,2025-10-31,1,1,301.6,275.5,250.0,1250,1229
10406,2025-10-31,1,2,480.0,410.0,362.6,1813,1799
10407,2025-10-31,1,3,480.0,438.9,380.2,1901,1856
10408,2025-10-31,2,1,480.0,463.9,420.0,2100,2069
10409,2025-10-31,2,2,480.0,470.8,411.4,2057,2025
10410,2025-10-31,2,3,423.9,369.7,321.2,1606,1589
10411,2025-10-31,3,1,480.0,430.3,355.1,1578,1538
10412,2025-10-31,3,2,480.0,325.7,276.8,1230,1203
10413,2025-10-31,3,3,480.0,459.6,373.9,1662,1622
10414,2025-10-31,4,1,480.0,468.4,438.6,2770,2744
10415,2025-10-31,4,2,480.0,358.7,324.3,2048,2023
10416,2025-10-31,4,3,480.0,330.6,293.1,1851,1840
10417,2025-10-31,5,1,480.0,393.0,340.6,973,956
10418,2025-10-31,5,2,480.0,410.6,348.9,997,973
10419,2025-10-31,5,3,480.0,353.5,301.7,862,843
10420,2025-10-31,6,1,480.0,440.5,372.1,1063,1048
10421,2025-10-31,6,2,480.0,377.2,318.5,910,887
10422,2025-10-31,6,3,480.0,405.9,334.9,957,931
10423,2025-10-31,7,1,480.0,375.3,305.2,763,741
10424,2025-10-31,7,2,480.0,288.4,221.6,554,539
10425,2025-10-31,7,3,480.0,297.6,220.4,551,533
10426,2025-10-31,8,1,480.0,452.1,383.3,1000,979
10427,2025-10-31,8,2,480.0,416.7,364.2,950,922
10428,2025-10-31,8,3,480.0,403.5,334.6,873,855
10429,2025-10-31,9,1,480.0,480.0,425.3,1343,1325
10430,2025-10-31,9,2,480.0,470.8,425.9,1345,1333
10431,2025-10-31,9,3,480.0,410.4,361.0,1140,1128
10432,2025-10-31,10,1,480.0,408.0,349.5,1398,1374
10433,2025-10-31,10,2,480.0,319.2,265.2,1061,1041
10434,2025-10-31,10,3,480.0,415.7,354.0,1416,1400
10435,2025-10-31,11,1,480.0,367.1,317.6,1089,1060
10436,2025-10-31,11,2,480.0,428.7,372.5,1277,1250
10437,2025-10-31,11,3,480.0,441.4,366.6,1257,1220
10438,2025-10-31,12,1,480.0,391.4,339.2,1272,1245
10439,2025-10-31,12,2,480.0,478.3,428.0,1605,1581
10440,2025-10-31,12,3,480.0,440.0,383.7,1439,1418
10441,2025-11-01,1,1,480.0,467.5,408.4,2042,2006
10442,2025-11-01,1,2,480.0,421.3,371.2,1856,1825
10443,2025-11-01,1,3,480.0,462.8,400.8,2004,1973
10444,2025-11-01,2,1,480.0,410.7,376.8,1884,1856
10445,2025-11-01,2,2,480.0,413.4,370.6,1853,1837
10446,2025-11-01,2,3,480.0,384.4,334.6,1673,1660
10447,2025-11-01,3,1,480.0,424.8,347.9,1546,1505
10448,2025-11-01,3,2,480.0,461.1,395.1,1756,1713
10449,2025-11-01,3,3,480.0,371.5,305.3,1357,1320
10450,2025-11-01,4,1,480.0,461.3,421.3,2661,2642
10451,2025-11-01,4,2,480.0,462.8,423.7,2676,2673
10452,2025-11-01,4,3,480.0,408.3,354.2,2237,2215
10453,2025-11-01,5,1,480.0,444.6,380.8,1088,1063
10454,2025-11-01,5,2,480.0,460.4,391.3,1118,1095
10455,2025-11-01,5,3,480.0,372.1,306.2,875,858
10456,2025-11-01,6,1,480.0,370.2,320.2,915,899
10457,2025-11-01,6,2,480.0,443.5,381.9,1091,1078
10458,2025-11-01,6,3,480.0,355.5,289.8,828,814
10459,2025-11-01,7,1,480.0,310.4,239.6,599,583
10460,2025-11-01,7,2,480.0,392.1,309.2,773,753
10461,2025-11-01,7,3,480.0,347.8,270.0,675,654
10462,2025-11-01,8,1,480.0,336.0,280.2,731,716
10463,2025-11-01,8,2,480.0,383.3,302.8,790,774
10464,2025-11-01,8,3,480.0,252.6,205.1,535,523
10465,2025-11-01,9,1,480.0,453.3,407.9,1288,1275
10466,2025-11-01,9,2,480.0,467.2,415.1,1311,1288
10467,2025-11-01,9,3,480.0,430.6,364.5,1151,1131
10468,2025-11-01,10,1,480.0,430.7,367.0,1468,1442
10469,2025-11-01,10,2,480.0,434.5,367.8,1471,1445
10470,2025-11-01,10,3,480.0,219.3,186.0,744,734
10471,2025-11-01,11,1,480.0,377.5,327.0,1121,1086
10472,2025-11-01,11,2,480.0,408.2,344.2,1180,1152
10473,2025-11-01,11,3,480.0,429.1,342.1,1173,1149
10474,2025-11-01,12,1,480.0,461.5,419.2,1572,1536
10475,2025-11-01,12,2,480.0,357.8,306.1,1148,1125
10476,2025-11-01,12,3,480.0,441.0,372.0,1395,1375
10477,2025-11-02,1,1,480.0,450.3,396.0,1980,1945
10478,2025-11-02,1,2,480.0,480.0,425.8,2129,2103
10479,2025-11-02,1,3,437.2,396.1,354.8,1774,1765
10480,2025-11-02,2,1,480.0,399.9,370.6,1853,1825
10481,2025-11-02,2,2,480.0,464.2,413.6,2068,2052
10482,2025-11-02,2,3,440.4,374.9,309.2,1546,1523
10483,2025-11-02,3,1,480.0,405.7,338.6,1505,1472
10484,2025-11-02,3,2,480.0,235.8,196.4,873,854
10485,2025-11-02,3,3,480.0,354.4,291.8,1297,1276
10486,2025-11-02,4,1,480.0,480.0,430.2,2717,2703
10487,2025-11-02,4,2,480.0,446.4,397.7,2512,2470
10488,2025-11-02,4,3,480.0,388.9,340.3,2149,2135
10489,2025-11-02,5,1,480.0,418.7,376.9,1077,1061
10490,2025-11-02,5,2,480.0,469.6,406.7,1162,1143
10491,2025-11-02,5,3,480.0,435.7,361.6,1033,1019
10492,2025-11-02,6,1,480.0,313.1,271.2,775,759
10493,2025-11-02,6,2,480.0,390.1,327.6,936,916
10494,2025-11-02,6,3,480.0,426.8,345.8,988,969
10495,2025-11-02,7,1,480.0,295.9,224.8,562,544
10496,2025-11-02,7,2,480.0,314.4,243.6,609,589
10497,2025-11-02,7,3,480.0,343.9,265.6,664,645
10498,2025-11-02,8,1,480.0,439.1,366.9,957,935
10499,2025-11-02,8,2,480.0,467.6,414.0,1080,1070
10500,2025-11-02,8,3,480.0,376.2,310.1,809,789
10501,2025-11-02,9,1,480.0,392.3,355.3,1122,1101
10502,2025-11-02,9,2,480.0,436.9,399.0,1260,1230
10503,2025-11-02,9,3,480.0,446.9,402.8,1272,1250
10504,2025-11-02,10,1,480.0,429.6,369.8,1479,1458
10505,2025-11-02,10,2,480.0,437.5,387.2,1549,1528
10506,2025-11-02,10,3,480.0,387.6,325.0,1300,1279
10507,2025-11-02,11,1,480.0,460.0,401.3,1376,1331
10508,2025-11-02,11,2,480.0,302.7,251.7,863,837
10509,2025-11-02,11,3,480.0,196.9,163.6,561,548
10510,2025-11-02,12,1,480.0,350.4,316.5,1187,1169
10511,2025-11-02,12,2,480.0,411.5,361.3,1355,1348
10512,2025-11-02,12,3,437.6,413.7,353.3,1325,1308
10513,2025-11-03,1,1,480.0,480.0,432.4,2162,2150
10514,2025-11-03,1,2,480.0,473.7,439.0,2195,2158
10515,2025-11-03,1,3,480.0,462.7,404.8,2024,2007
10516,2025-11-03,2,1,480.0,447.7,383.8,1919,1890
10517,2025-11-03,2,2,480.0,417.7,366.0,1830,1813
10518,2025-11-03,2,3,480.0,436.8,379.2,1896,1870
10519,2025-11-03,3,1,480.0,441.3,368.6,1638,1595
10520,2025-11-03,3,2,480.0,365.9,302.6,1345,1321
10521,2025-11-03,3,3,480.0,446.4,364.5,1620,1576
10522,2025-11-03,4,1,480.0,461.0,425.0,2684,2661
10523,2025-11-03,4,2,480.0,480.0,438.4,2769,2753
10524,2025-11-03,4,3,480.0,458.6,403.4,2548,2511
10525,2025-11-03,5,1,480.0,264.8,225.1,643,630
10526,2025-11-03,5,2,480.0,419.8,347.9,994,976
10527,2025-11-03,5,3,480.0,354.3,295.8,845,827
10528,2025-11-03,6,1,480.0,470.8,404.2,1155,1135
10529,2025-11-03,6,2,480.0,442.3,388.1,1109,1091
10530,2025-11-03,6,3,480.0,358.4,292.6,836,827
10531,2025-11-03,7,1,480.0,311.3,236.4,591,579
10532,2025-11-03,7,2,480.0,325.0,256.4,641,623
10533,2025-11-03,7,3,480.0,323.8,246.0,615,602
10534,2025-11-03,8,1,480.0,284.8,246.9,644,635
10535,2025-11-03,8,2,480.0,219.4,182.1,475,466
10536,2025-11-03,8,3,480.0,313.4,261.8,683,670
10537,2025-11-03,9,1,480.0,384.6,350.9,1108,1088
10538,2025-11-03,9,2,480.0,438.3,399.0,1260,1237
10539,2025-11-03,9,3,480.0,372.1,329.3,1040,1030
10540,2025-11-03,10,1,480.0,436.1,377.2,1509,1491
10541,2025-11-03,10,2,480.0,418.7,351.8,1407,1387
10542,2025-11-03,10,3,442.4,285.0,249.8,999,981
10543,2025-11-03,11,1,480.0,372.7,329.3,1129,1106
10544,2025-11-03,11,2,480.0,371.5,317.3,1088,1058
10545,2025-11-03,11,3,480.0,300.5,243.2,834,812
10546,2025-11-03,12,1,480.0,461.7,397.3,1490,1465
10547,2025-11-03,12,2,480.0,429.9,378.7,1420,1406
10548,2025-11-03,12,3,480.0,452.9,395.7,1484,1458
10549,2025-11-04,1,1,480.0,393.1,353.4,1767,1748
10550,2025-11-04,1,2,480.0,473.9,421.6,2108,2084
10551,2025-11-04,1,3,480.0,472.0,410.0,2050,2023
10552,2025-11-04,2,1,480.0,480.0,417.4,2087,2067
10553,2025-11-04,2,2,480.0,406.9,362.2,1811,1783
10554,2025-11-04,2,3,436.1,387.6,313.6,1568,1550
10555,2025-11-04,3,1,480.0,386.7,318.1,1414,1384
10556,2025-11-04,3,2,480.0,350.7,295.4,1313,1284
10557,2025-11-04,3,3,480.0,375.8,304.2,1352,1316
10558,2025-11-04,4,1,480.0,389.9,355.9,2248,2232
10559,2025-11-04,4,2,480.0,462.1,418.9,2646,2616
10560,2025-11-04,4,3,480.0,480.0,425.3,2686,2673
10561,2025-11-04,5,1,480.0,450.3,381.9,1091,1068
10562,2025-11-04,5,2,480.0,419.6,361.2,1032,1002
10563,2025-11-04,5,3,480.0,466.4,394.1,1126,1106
10564,2025-11-04,6,1,480.0,403.6,344.8,985,956
10565,2025-11-04,6,2,480.0,376.9,325.5,930,914
10566,2025-11-04,6,3,480.0,325.1,261.8,748,732
10567,2025-11-04,7,1,480.0,362.1,282.4,706,693
10568,2025-11-04,7,2,480.0,429.2,328.4,821,797
10569,2025-11-04,7,3,480.0,258.9,192.8,482,468
10570,2025-11-04,8,1,480.0,351.0,304.4,794,782
10571,2025-11-04,8,2,480.0,417.6,354.6,925,905
10572,2025-11-04,8,3,480.0,458.5,384.5,1003,982
10573,2025-11-04,9,1,480.0,464.3,417.1,1317,1296
10574,2025-11-04,9,2,480.0,433.2,386.6,1221,1206
10575,2025-11-04,9,3,480.0,398.4,361.9,1143,1125
10576,2025-11-04,10,1,480.0,380.8,328.0,1312,1287
10577,2025-11-04,10,2,480.0,440.2,375.5,1502,1471
10578,2025-11-04,10,3,480.0,367.5,318.5,1274,1261
10579,2025-11-04,11,1,480.0,237.3,200.7,688,667
10580,2025-11-04,11,2,480.0,313.1,263.1,902,885
10581,2025-11-04,11,3,480.0,360.3,297.5,1020,995
10582,2025-11-04,12,1,480.0,440.4,383.2,1437,1418
10583,2025-11-04,12,2,480.0,439.2,376.8,1413,1396
10584,2025-11-04,12,3,480.0,353.6,297.6,1116,1093
10585,2025-11-05,1,1,480.0,474.2,416.2,2081,2055
10586,2025-11-05,1,2,480.0,421.2,375.4,1877,1853
10587,2025-11-05,1,3,480.0,478.1,411.0,2055,2029
10588,2025-11-05,2,1,480.0,444.7,396.2,1981,1956
10589,2025-11-05,2,2,480.0,463.8,416.2,2081,2040
10590,2025-11-05,2,3,480.0,305.7,265.4,1327,1305
10591,2025-11-05,3,1,480.0,393.2,318.6,1416,1384
10592,2025-11-05,3,2,480.0,355.7,294.8,1310,1285
10593,2025-11-05,3,3,480.0,463.9,382.3,1699,1645
10594,2025-11-05,4,1,480.0,449.3,417.7,2638,2627
10595,2025-11-05,4,2,480.0,348.5,325.7,2057,2032
10596,2025-11-05,4,3,426.2,390.4,350.4,2213,2188
10597,2025-11-05,5,1,480.0,421.7,370.6,1059,1043
10598,2025-11-05,5,2,480.0,340.3,291.2,832,821
10599,2025-11-05,5,3,480.0,373.6,309.8,885,869
10600,2025-11-05,6,1,480.0,407.6,336.0,960,941
10601,2025-11-05,6,2,480.0,364.9,315.0,900,884
10602,2025-11-05,6,3,480.0,431.3,358.8,1025,1009
10603,2025-11-05,7,1,480.0,365.7,280.0,700,683
10604,2025-11-05,7,2,480.0,273.8,208.0,520,510
10605,2025-11-05,7,3,480.0,435.7,326.8,817,797
10606,2025-11-05,8,1,293.0,165.0,139.5,364,355
10607,2025-11-05,8,2,480.0,444.1,385.2,1005,986
10608,2025-11-05,8,3,480.0,412.7,342.7,894,870
10609,2025-11-05,9,1,480.0,384.1,347.1,1096,1084
10610,2025-11-05,9,2,480.0,455.4,410.1,1295,1277
10611,2025-11-05,9,3,480.0,292.3,253.7,801,790
10612,2025-11-05,10,1,480.0,431.8,369.8,1479,1448
10613,2025-11-05,10,2,480.0,473.3,417.0,1668,1644
10614,2025-11-05,10,3,480.0,417.0,345.5,1382,1355
10615,2025-11-05,11,1,480.0,241.9,207.7,712,694
10616,2025-11-05,11,2,480.0,444.3,381.8,1309,1280
10617,2025-11-05,11,3,480.0,272.1,226.9,778,764
10618,2025-11-05,12,1,480.0,427.5,368.0,1380,1360
10619,2025-11-05,12,2,480.0,473.5,426.4,1599,1583
10620,2025-11-05,12,3,480.0,278.3,230.7,865,854
10621,2025-11-06,1,1,480.0,402.3,349.4,1747,1734
10622,2025-11-06,1,2,480.0,473.8,431.6,2158,2138
10623,2025-11-06,1,3,480.0,447.4,393.4,1967,1949
10624,2025-11-06,2,1,480.0,426.9,384.6,1923,1908
10625,2025-11-06,2,2,480.0,471.6,415.6,2078,2040
10626,2025-11-06,2,3,480.0,471.3,398.8,1994,1967
10627,2025-11-06,3,1,480.0,340.8,280.4,1246,1220
10628,2025-11-06,3,2,480.0,393.5,341.6,1518,1484
10629,2025-11-06,3,3,441.4,341.2,284.4,1264,1240
10630,2025-11-06,4,1,480.0,457.0,426.6,2694,2672
10631,2025-11-06,4,2,480.0,448.7,409.4,2586,2560
10632,2025-11-06,4,3,480.0,424.2,370.8,2342,2312
10633,2025-11-06,5,1,480.0,412.2,348.9,997,978
10634,2025-11-06,5,2,480.0,414.0,357.4,1021,1006
10635,2025-11-06,5,3,480.0,384.2,330.1,943,925
10636,2025-11-06,6,1,480.0,438.4,371.7,1062,1040
10637,2025-11-06,6,2,480.0,434.3,360.5,1030,1007
10638,2025-11-06,6,3,480.0,450.2,367.1,1049,1031
10639,2025-11-06,7,1,480.0,303.2,241.6,604,590
10640,2025-11-06,7,2,480.0,338.8,268.0,670,655
10641,2025-11-06,7,3,480.0,335.6,254.0,635,620
10642,2025-11-06,8,1,480.0,438.7,365.7,954,934
10643,2025-11-06,8,2,480.0,413.5,359.2,937,918
10644,2025-11-06,8,3,480.0,399.3,330.4,862,846
10645,2025-11-06,9,1,480.0,342.4,307.2,970,951
10646,2025-11-06,9,2,480.0,474.9,416.7,1316,1295
10647,2025-11-06,9,3,480.0,429.1,367.6,1161,1139
10648,2025-11-06,10,1,480.0,339.1,297.5,1190,1162
10649,2025-11-06,10,2,480.0,339.0,302.5,1210,1191
10650,2025-11-06,10,3,480.0,327.3,277.0,1108,1087
10651,2025-11-06,11,1,480.0,417.6,350.9,1203,1172
10652,2025-11-06,11,2,480.0,281.2,239.5,821,800
10653,2025-11-06,11,3,480.0,320.0,259.6,890,869
10654,2025-11-06,12,1,480.0,456.6,406.1,1523,1505
10655,2025-11-06,12,2,480.0,439.5,388.0,1455,1438
10656,2025-11-06,12,3,443.5,262.9,215.5,808,799
10657,2025-11-07,1,1,480.0,449.4,399.0,1995,1987
10658,2025-11-07,1,2,480.0,462.5,394.4,1972,1950
10659,2025-11-07,1,3,480.0,428.8,381.2,1906,1880
10660,2025-11-07,2,1,480.0,473.4,401.0,2005,1978
10661,2025-11-07,2,2,480.0,448.0,402.0,2010,1986
10662,2025-11-07,2,3,480.0,378.5,325.8,1629,1587
10663,2025-11-07,3,1,480.0,428.2,341.6,1518,1482
10664,2025-11-07,3,2,480.0,360.0,300.8,1337,1304
10665,2025-11-07,3,3,480.0,407.0,322.4,1433,1406
10666,2025-11-07,4,1,480.0,451.1,408.5,2580,2556
10667,2025-11-07,4,2,480.0,329.5,296.9,1875,1848
10668,2025-11-07,4,3,480.0,450.0,404.4,2554,2530
10669,2025-11-07,5,1,480.0,302.5,264.9,757,744
10670,2025-11-07,5,2,480.0,452.5,401.4,1147,1130
10671,2025-11-07,5,3,480.0,381.8,314.6,899,885
10672,2025-11-07,6,1,480.0,367.5,302.4,864,851
10673,2025-11-07,6,2,480.0,414.6,367.1,1049,1034
10674,2025-11-07,6,3,480.0,429.5,354.9,1014,1000
10675,2025-11-07,7,1,480.0,302.6,237.6,594,577
10676,2025-11-07,7,2,480.0,393.8,296.0,740,720
10677,2025-11-07,7,3,480.0,342.6,254.4,636,617
10678,2025-11-07,8,1,480.0,334.4,285.6,745,734
10679,2025-11-07,8,2,480.0,463.1,382.6,998,981
10680,2025-11-07,8,3,480.0,442.3,354.6,925,909
10681,2025-11-07,9,1,480.0,439.0,380.3,1201,1186
10682,2025-11-07,9,2,480.0,414.1,370.8,1171,1154
10683,2025-11-07,9,3,480.0,461.6,400.9,1266,1256
10684,2025-11-07,10,1,480.0,441.1,381.5,1526,1498
10685,2025-11-07,10,2,480.0,460.9,396.5,1586,1562
10686,2025-11-07,10,3,480.0,339.2,284.5,1138,1128
10687,2025-11-07,11,1,480.0,361.7,308.0,1056,1027
10688,2025-11-07,11,2,480.0,372.1,323.2,1108,1080
10689,2025-11-07,11,3,480.0,275.9,224.6,770,756
10690,2025-11-07,12,1,480.0,425.5,368.0,1380,1362
10691,2025-11-07,12,2,480.0,383.2,325.1,1219,1201
10692,2025-11-07,12,3,480.0,329.0,286.9,1076,1061
10693,2025-11-08,1,1,480.0,329.6,298.8,1494,1471
10694,2025-11-08,1,2,480.0,449.8,397.4,1987,1968
10695,2025-11-08,1,3,480.0,396.3,340.4,1702,1667
10696,2025-11-08,2,1,480.0,460.7,411.6,2058,2040
10697,2025-11-08,2,2,480.0,389.5,344.0,1720,1694
10698,2025-11-08,2,3,458.0,449.1,395.6,1978,1949
10699,2025-11-08,3,1,480.0,384.2,321.5,1429,1392
10700,2025-11-08,3,2,480.0,377.1,306.2,1361,1329
10701,2025-11-08,3,3,480.0,453.6,378.0,1680,1651
10702,2025-11-08,4,1,480.0,462.0,428.9,2709,2679
10703,2025-11-08,4,2,480.0,436.4,394.6,2492,2456
10704,2025-11-08,4,3,480.0,433.0,389.5,2460,2456
10705,2025-11-08,5,1,480.0,427.2,368.6,1053,1037
10706,2025-11-08,5,2,480.0,414.5,364.4,1041,1024
10707,2025-11-08,5,3,480.0,460.7,371.0,1060,1037
10708,2025-11-08,6,1,480.0,458.5,397.9,1137,1112
10709,2025-11-08,6,2,480.0,387.3,316.8,905,885
10710,2025-11-08,6,3,480.0,357.3,300.6,859,837
10711,2025-11-08,7,1,480.0,241.5,178.8,447,436
10712,2025-11-08,7,2,480.0,247.4,186.8,467,455
10713,2025-11-08,7,3,480.0,285.4,212.4,531,515
10714,2025-11-08,8,1,480.0,466.3,407.5,1063,1039
10715,2025-11-08,8,2,480.0,459.4,377.2,984,962
10716,2025-11-08,8,3,480.0,378.2,314.3,820,803
10717,2025-11-08,9,1,480.0,434.9,398.1,1257,1242
10718,2025-11-08,9,2,480.0,369.4,329.3,1040,1031
10719,2025-11-08,9,3,480.0,460.4,401.5,1268,1247
10720,2025-11-08,10,1,480.0,461.8,396.0,1584,1557
10721,2025-11-08,10,2,480.0,386.1,335.0,1340,1321
10722,2025-11-08,10,3,480.0,439.9,370.8,1483,1469
10723,2025-11-08,11,1,480.0,401.9,346.2,1187,1160
10724,2025-11-08,11,2,480.0,458.4,376.0,1289,1255
10725,2025-11-08,11,3,480.0,322.0,261.0,895,876
10726,2025-11-08,12,1,480.0,348.9,301.9,1132,1121
10727,2025-11-08,12,2,480.0,452.4,399.5,1498,1481
10728,2025-11-08,12,3,480.0,439.7,377.3,1415,1395
10729,2025-11-09,1,1,480.0,440.5,395.8,1979,1953
10730,2025-11-09,1,2,480.0,443.6,403.2,2016,1996
10731,2025-11-09,1,3,480.0,427.1,366.2,1831,1811
10732,2025-11-09,2,1,480.0,454.3,408.6,2043,2008
10733,2025-11-09,2,2,480.0,463.2,401.8,2009,1987
10734,2025-11-09,2,3,480.0,368.1,311.8,1559,1533
10735,2025-11-09,3,1,480.0,284.3,241.0,1071,1046
10736,2025-11-09,3,2,480.0,360.8,294.3,1308,1285
10737,2025-11-09,3,3,480.0,447.2,353.0,1569,1536
10738,2025-11-09,4,1,480.0,404.4,367.2,2319,2289
10739,2025-11-09,4,2,480.0,457.6,411.7,2600,2577
10740,2025-11-09,4,3,480.0,440.2,392.2,2477,2427
10741,2025-11-09,5,1,480.0,329.8,297.1,849,835
10742,2025-11-09,5,2,480.0,351.1,294.4,841,827
10743,2025-11-09,5,3,480.0,375.3,316.1,903,884
10744,2025-11-09,6,1,480.0,414.3,363.3,1038,1018
10745,2025-11-09,6,2,480.0,440.3,378.4,1081,1067
10746,2025-11-09,6,3,480.0,461.4,385.7,1102,1077
10747,2025-11-09,7,1,480.0,356.1,277.6,694,675
10748,2025-11-09,7,2,480.0,338.7,270.8,677,654
10749,2025-11-09,7,3,480.0,370.3,294.8,737,720
10750,2025-11-09,8,1,480.0,361.8,307.8,803,788
10751,2025-11-09,8,2,480.0,329.9,277.5,724,710
10752,2025-11-09,8,3,480.0,466.9,389.5,1016,992
10753,2025-11-09,9,1,480.0,426.2,379.7,1199,1179
10754,2025-11-09,9,2,480.0,453.0,413.2,1305,1287
10755,2025-11-09,9,3,480.0,444.7,387.3,1223,1203
10756,2025-11-09,10,1,480.0,391.0,334.8,1339,1317
10757,2025-11-09,10,2,480.0,445.3,374.0,1496,1479
10758,2025-11-09,10,3,480.0,30.0,25.0,100,98
10759,2025-11-09,11,1,480.0,391.2,338.0,1159,1127
10760,2025-11-09,11,2,480.0,362.7,301.9,1035,1009
10761,2025-11-09,11,3,480.0,253.9,208.0,713,694
10762,2025-11-09,12,1,480.0,437.8,399.5,1498,1470
10763,2025-11-09,12,2,480.0,480.0,416.5,1562,1544
10764,2025-11-09,12,3,480.0,423.9,349.1,1309,1301
10765,2025-11-10,1,1,480.0,436.2,396.0,1980,1949
10766,2025-11-10,1,2,480.0,470.4,448.4,2242,2219
10767,2025-11-10,1,3,480.0,392.9,326.8,1634,1627
10768,2025-11-10,2,1,480.0,432.0,378.0,1890,1855
10769,2025-11-10,2,2,480.0,418.9,381.6,1908,1876
10770,2025-11-10,2,3,480.0,441.0,355.6,1778,1749
10771,2025-11-10,3,1,480.0,399.5,331.2,1472,1454
10772,2025-11-10,3,2,480.0,426.5,361.4,1606,1566
10773,2025-11-10,3,3,449.1,429.6,341.8,1519,1484
10774,2025-11-10,4,1,480.0,475.1,436.8,2759,2719
10775,2025-11-10,4,2,480.0,432.1,384.3,2427,2400
10776,2025-11-10,4,3,480.0,365.6,310.2,1959,1940
10777,2025-11-10,5,1,480.0,471.2,401.1,1146,1118
10778,2025-11-10,5,2,480.0,446.6,394.1,1126,1113
10779,2025-11-10,5,3,480.0,307.5,254.4,727,718
10780,2025-11-10,6,1,480.0,458.2,393.4,1124,1104
10781,2025-11-10,6,2,480.0,433.2,362.6,1036,1021
10782,2025-11-10,6,3,480.0,394.8,320.2,915,899
10783,2025-11-10,7,1,480.0,323.6,249.2,623,611
10784,2025-11-10,7,2,480.0,316.7,247.6,619,600
10785,2025-11-10,7,3,480.0,236.7,170.8,427,417
10786,2025-11-10,8,1,480.0,423.1,350.0,913,885
10787,2025-11-10,8,2,480.0,416.3,358.4,935,915
10788,2025-11-10,8,3,480.0,372.8,312.4,815,798
10789,2025-11-10,9,1,480.0,480.0,425.3,1343,1317
10790,2025-11-10,9,2,480.0,443.5,396.8,1253,1228
10791,2025-11-10,9,3,480.0,410.9,344.5,1088,1078
10792,2025-11-10,10,1,480.0,414.4,350.5,1402,1378
10793,2025-11-10,10,2,480.0,471.2,418.5,1674,1645
10794,2025-11-10,10,3,480.0,420.1,339.8,1359,1339
10795,2025-11-10,11,1,480.0,349.5,298.4,1023,1002
10796,2025-11-10,11,2,480.0,438.4,379.2,1300,1267
10797,2025-11-10,11,3,480.0,370.9,315.3,1081,1057
10798,2025-11-10,12,1,480.0,480.0,421.1,1579,1564
10799,2025-11-10,12,2,480.0,464.0,405.3,1520,1496
10800,2025-11-10,12,3,480.0,383.5,321.1,1204,1190
10801,2025-11-11,1,1,480.0,444.8,400.2,2001,1996
10802,2025-11-11,1,2,480.0,456.0,394.2,1971,1950
10803,2025-11-11,1,3,480.0,477.1,413.6,2068,2030
10804,2025-11-11,2,1,480.0,398.2,351.2,1756,1723
10805,2025-11-11,2,2,480.0,446.6,393.8,1969,1948
10806,2025-11-11,2,3,480.0,426.9,370.8,1854,1825
10807,2025-11-11,3,1,330.1,191.6,161.6,718,701
10808,2025-11-11,3,2,480.0,433.9,369.0,1640,1615
10809,2025-11-11,3,3,480.0,357.3,293.6,1305,1280
10810,2025-11-11,4,1,480.0,459.3,432.4,2731,2718
10811,2025-11-11,4,2,480.0,404.2,363.4,2295,2282
10812,2025-11-11,4,3,480.0,372.2,334.2,2111,2091
10813,2025-11-11,5,1,480.0,465.1,413.0,1180,1158
10814,2025-11-11,5,2,480.0,424.6,365.1,1043,1022
10815,2025-11-11,5,3,480.0,351.5,291.2,832,815
10816,2025-11-11,6,1,480.0,296.0,256.9,734,717
10817,2025-11-11,6,2,480.0,384.7,325.9,931,910
10818,2025-11-11,6,3,480.0,476.0,398.3,1138,1108
10819,2025-11-11,7,1,480.0,353.6,270.8,677,662
10820,2025-11-11,7,2,480.0,308.9,239.6,599,586
10821,2025-11-11,7,3,480.0,253.6,188.0,470,455
10822,2025-11-11,8,1,480.0,452.7,391.4,1021,994
10823,2025-11-11,8,2,480.0,378.8,320.1,835,816
10824,2025-11-11,8,3,480.0,435.9,356.9,931,908
10825,2025-11-11,9,1,480.0,480.0,407.9,1288,1268
10826,2025-11-11,9,2,480.0,446.4,416.1,1314,1304
10827,2025-11-11,9,3,480.0,334.7,293.2,926,910
10828,2025-11-11,10,1,286.4,267.9,229.8,919,910
10829,2025-11-11,10,2,480.0,326.1,283.2,1133,1110
10830,2025-11-11,10,3,480.0,476.6,395.2,1581,1564
10831,2025-11-11,11,1,306.8,166.7,143.5,492,477
10832,2025-11-11,11,2,480.0,415.0,350.0,1200,1180
10833,2025-11-11,11,3,480.0,328.2,279.7,959,933
10834,2025-11-11,12,1,480.0,425.5,369.9,1387,1362
10835,2025-11-11,12,2,480.0,420.9,370.4,1389,1368
10836,2025-11-11,12,3,480.0,408.1,351.2,1317,1298
10837,2025-11-12,1,1,480.0,473.7,422.8,2114,2088
10838,2025-11-12,1,2,480.0,443.6,386.8,1934,1915
10839,2025-11-12,1,3,480.0,416.9,358.4,1792,1752
10840,2025-11-12,2,1,480.0,339.2,295.0,1475,1447
10841,2025-11-12,2,2,480.0,437.0,393.2,1966,1939
10842,2025-11-12,2,3,480.0,359.1,311.4,1557,1540
10843,2025-11-12,3,1,480.0,451.5,373.1,1658,1624
10844,2025-11-12,3,2,480.0,385.2,324.0,1440,1411
10845,2025-11-12,3,3,480.0,299.8,233.6,1038,1021
10846,2025-11-12,4,1,480.0,414.6,376.4,2377,2361
10847,2025-11-12,4,2,480.0,458.7,407.2,2572,2534
10848,2025-11-12,4,3,480.0,476.5,437.9,2766,2743
10849,2025-11-12,5,1,480.0,283.6,236.9,677,663
10850,2025-11-12,5,2,480.0,426.1,358.1,1023,1003
10851,2025-11-12,5,3,480.0,458.7,369.6,1056,1043
10852,2025-11-12,6,1,480.0,351.5,296.1,846,836
10853,2025-11-12,6,2,480.0,422.4,364.7,1042,1025
10854,2025-11-12,6,3,480.0,407.5,338.8,968,954
10855,2025-11-12,7,1,480.0,366.0,278.8,697,679
10856,2025-11-12,7,2,480.0,370.7,293.2,733,710
10857,2025-11-12,7,3,480.0,285.6,209.2,523,510
10858,2025-11-12,8,1,480.0,245.0,203.2,530,521
10859,2025-11-12,8,2,480.0,433.9,370.3,966,944
10860,2025-11-12,8,3,447.7,379.7,310.1,809,797
10861,2025-11-12,9,1,480.0,446.7,408.2,1289,1270
10862,2025-11-12,9,2,480.0,421.0,394.9,1247,1226
10863,2025-11-12,9,3,480.0,420.6,368.0,1162,1154
10864,2025-11-12,10,1,480.0,369.9,323.0,1292,1270
10865,2025-11-12,10,2,480.0,426.3,372.0,1488,1466
10866,2025-11-12,10,3,480.0,390.0,334.2,1337,1311
10867,2025-11-12,11,1,480.0,312.9,260.8,894,871
10868,2025-11-12,11,2,480.0,453.1,399.9,1371,1345
10869,2025-11-12,11,3,480.0,442.0,369.2,1266,1242
10870,2025-11-12,12,1,480.0,431.1,381.6,1431,1405
10871,2025-11-12,12,2,480.0,460.2,399.5,1498,1484
10872,2025-11-12,12,3,480.0,436.7,373.9,1402,1370
10873,2025-11-13,1,1,480.0,445.5,379.0,1895,1880
10874,2025-11-13,1,2,480.0,463.7,411.0,2055,2036
10875,2025-11-13,1,3,480.0,424.1,361.2,1806,1786
10876,2025-11-13,2,1,480.0,480.0,432.6,2163,2138
10877,2025-11-13,2,2,480.0,357.2,319.6,1598,1586
10878,2025-11-13,2,3,480.0,387.5,335.2,1676,1658
10879,2025-11-13,3,1,480.0,383.4,310.1,1378,1333
10880,2025-11-13,3,2,480.0,399.0,328.5,1460,1437
10881,2025-11-13,3,3,480.0,277.6,216.0,960,937
10882,2025-11-13,4,1,480.0,466.4,426.6,2694,2682
10883,2025-11-13,4,2,480.0,470.1,422.1,2666,2642
10884,2025-11-13,4,3,480.0,442.2,385.9,2437,2422
10885,2025-11-13,5,1,480.0,440.9,379.4,1084,1063
10886,2025-11-13,5,2,480.0,412.2,363.6,1039,1017
10887,2025-11-13,5,3,437.6,266.0,223.7,639,627
10888,2025-11-13,6,1,480.0,418.0,355.6,1016,990
10889,2025-11-13,6,2,480.0,394.7,333.9,954,933
10890,2025-11-13,6,3,480.0,314.9,262.9,751,733
10891,2025-11-13,7,1,480.0,237.6,186.8,467,456
10892,2025-11-13,7,2,480.0,193.1,148.8,372,362
10893,2025-11-13,7,3,480.0,291.4,220.0,550,536
10894,2025-11-13,8,1,480.0,419.1,367.6,959,939
10895,2025-11-13,8,2,480.0,375.5,329.7,860,840
10896,2025-11-13,8,3,480.0,396.9,329.3,859,842
10897,2025-11-13,9,1,480.0,400.7,362.6,1145,1129
10898,2025-11-13,9,2,480.0,473.6,439.2,1387,1361
10899,2025-11-13,9,3,480.0,413.3,362.6,1145,1129
10900,2025-11-13,10,1,480.0,270.9,232.0,928,912
10901,2025-11-13,10,2,480.0,438.4,379.8,1519,1496
10902,2025-11-13,10,3,480.0,434.3,370.0,1480,1454
10903,2025-11-13,11,1,480.0,332.5,272.4,934,912
10904,2025-11-13,11,2,480.0,452.4,369.8,1268,1236
10905,2025-11-13,11,3,480.0,334.4,272.7,935,921
10906,2025-11-13,12,1,480.0,457.3,399.5,1498,1491
10907,2025-11-13,12,2,480.0,435.8,390.9,1466,1439
10908,2025-11-13,12,3,480.0,480.0,418.7,1570,1547
10909,2025-11-14,1,1,480.0,368.1,325.8,1629,1606
10910,2025-11-14,1,2,480.0,461.1,411.0,2055,2014
10911,2025-11-14,1,3,480.0,401.2,346.2,1731,1724
10912,2025-11-14,2,1,480.0,441.2,397.0,1985,1951
10913,2025-11-14,2,2,480.0,463.0,413.4,2067,2026
10914,2025-11-14,2,3,480.0,437.8,368.0,1840,1820
10915,2025-11-14,3,1,480.0,393.6,329.2,1463,1439
10916,2025-11-14,3,2,480.0,423.1,351.0,1560,1530
10917,2025-11-14,3,3,480.0,365.3,295.2,1312,1284
10918,2025-11-14,4,1,480.0,459.7,425.3,2686,2659
10919,2025-11-14,4,2,480.0,359.0,333.3,2105,2073
10920,2025-11-14,4,3,480.0,420.6,371.6,2347,2330
10921,2025-11-14,5,1,480.0,396.6,339.1,969,950
10922,2025-11-14,5,2,480.0,426.7,361.6,1033,1017
10923,2025-11-14,5,3,480.0,457.8,369.6,1056,1034
10924,2025-11-14,6,1,480.0,424.4,359.8,1028,1008
10925,2025-11-14,6,2,480.0,472.3,390.6,1116,1092
10926,2025-11-14,6,3,480.0,418.9,348.2,995,966
10927,2025-11-14,7,1,480.0,374.3,299.2,748,729
10928,2025-11-14,7,2,480.0,234.9,180.8,452,442
10929,2025-11-14,7,3,480.0,426.3,318.0,795,774
10930,2025-11-14,8,1,480.0,382.4,320.1,835,817
10931,2025-11-14,8,2,480.0,440.7,376.4,982,963
10932,2025-11-14,8,3,480.0,386.7,312.8,816,798
10933,2025-11-14,9,1,480.0,459.8,416.1,1314,1295
10934,2025-11-14,9,2,480.0,424.4,363.5,1148,1132
10935,2025-11-14,9,3,480.0,432.1,361.9,1143,1133
10936,2025-11-14,10,1,480.0,410.8,356.0,1424,1394
10937,2025-11-14,10,2,480.0,359.5,311.8,1247,1229
10938,2025-11-14,10,3,480.0,437.6,369.8,1479,1458
10939,2025-11-14,11,1,480.0,401.3,351.5,1205,1177
10940,2025-11-14,11,2,480.0,334.6,282.6,969,942
10941,2025-11-14,11,3,480.0,314.2,258.7,887,868
10942,2025-11-14,12,1,480.0,468.0,425.1,1594,1574
10943,2025-11-14,12,2,480.0,384.0,330.1,1238,1225
10944,2025-11-14,12,3,480.0,340.4,285.6,1071,1056
10945,2025-11-15,1,1,480.0,400.0,355.2,1776,1751
10946,2025-11-15,1,2,480.0,435.3,400.2,2001,1976
10947,2025-11-15,1,3,480.0,439.3,383.4,1917,1891
10948,2025-11-15,2,1,480.0,477.4,414.8,2074,2058
10949,2025-11-15,2,2,480.0,468.2,403.6,2018,1995
10950,2025-11-15,2,3,480.0,427.5,365.6,1828,1801
10951,2025-11-15,3,1,480.0,367.8,306.7,1363,1335
10952,2025-11-15,3,2,480.0,337.3,283.7,1261,1224
10953,2025-11-15,3,3,480.0,360.4,289.4,1286,1256
10954,2025-11-15,4,1,480.0,480.0,428.1,2704,2650
10955,2025-11-15,4,2,480.0,465.4,424.3,2680,2659
10956,2025-11-15,4,3,480.0,466.3,419.4,2649,2621
10957,2025-11-15,5,1,480.0,367.5,313.2,895,881
10958,2025-11-15,5,2,480.0,449.7,379.4,1084,1061
10959,2025-11-15,5,3,480.0,218.7,178.5,510,500
10960,2025-11-15,6,1,480.0,450.3,369.9,1057,1036
10961,2025-11-15,6,2,480.0,448.6,381.1,1089,1069
10962,2025-11-15,6,3,480.0,333.0,268.1,766,750
10963,2025-11-15,7,1,322.8,249.6,188.8,472,460
10964,2025-11-15,7,2,480.0,299.0,230.0,575,559
10965,2025-11-15,7,3,480.0,233.9,173.2,433,420
10966,2025-11-15,8,1,480.0,398.5,342.3,893,874
10967,2025-11-15,8,2,480.0,430.6,360.7,941,914
10968,2025-11-15,8,3,452.5,336.5,274.5,716,703
10969,2025-11-15,9,1,480.0,436.8,386.6,1221,1206
10970,2025-11-15,9,2,480.0,480.0,433.8,1370,1355
10971,2025-11-15,9,3,480.0,425.8,378.1,1194,1184
10972,2025-11-15,10,1,480.0,360.8,312.8,1251,1228
10973,2025-11-15,10,2,480.0,460.7,381.0,1524,1496
10974,2025-11-15,10,3,480.0,376.6,331.8,1327,1303
10975,2025-11-15,11,1,480.0,349.2,297.8,1021,996
10976,2025-11-15,11,2,480.0,418.6,360.2,1235,1212
10977,2025-11-15,11,3,480.0,300.1,248.5,852,828
10978,2025-11-15,12,1,337.3,309.7,271.7,1019,1008
10979,2025-11-15,12,2,480.0,470.4,417.3,1565,1545
10980,2025-11-15,12,3,480.0,353.5,301.1,1129,1111
10981,2025-11-16,1,1,480.0,464.2,412.0,2060,2042
10982,2025-11-16,1,2,480.0,422.4,386.0,1930,1904
10983,2025-11-16,1,3,480.0,474.8,398.8,1994,1963
10984,2025-11-16,2,1,480.0,380.9,346.6,1733,1713
10985,2025-11-16,2,2,480.0,408.8,365.0,1825,1792
10986,2025-11-16,2,3,480.0,458.8,376.2,1881,1857
10987,2025-11-16,3,1,480.0,410.0,339.5,1509,1478
10988,2025-11-16,3,2,480.0,449.4,370.6,1647,1605
10989,2025-11-16,3,3,480.0,372.5,293.6,1305,1273
10990,2025-11-16,4,1,480.0,450.8,399.6,2524,2508
10991,2025-11-16,4,2,480.0,432.1,396.1,2502,2478
10992,2025-11-16,4,3,480.0,473.6,413.4,2611,2590
10993,2025-11-16,5,1,480.0,427.5,359.1,1026,999
10994,2025-11-16,5,2,480.0,269.6,230.7,659,649
10995,2025-11-16,5,3,480.0,251.1,213.2,609,601
10996,2025-11-16,6,1,480.0,362.1,308.4,881,859
10997,2025-11-16,6,2,480.0,418.0,354.9,1014,997
10998,2025-11-16,6,3,480.0,439.3,355.6,1016,996
10999,2025-11-16,7,1,480.0,317.4,247.6,619,606
11000,2025-11-16,7,2,480.0,137.0,104.4,261,254
11001,2025-11-16,7,3,480.0,295.8,214.0,535,522
11002,2025-11-16,8,1,480.0,389.1,317.8,829,809
11003,2025-11-16,8,2,480.0,405.6,352.3,919,902
11004,2025-11-16,8,3,451.6,346.8,289.4,755,741
11005,2025-11-16,9,1,480.0,391.9,353.7,1117,1106
11006,2025-11-16,9,2,480.0,452.0,403.1,1273,1260
11007,2025-11-16,9,3,480.0,474.8,426.6,1347,1320
11008,2025-11-16,10,1,480.0,468.5,404.8,1619,1594
11009,2025-11-16,10,2,480.0,410.8,362.0,1448,1418
11010,2025-11-16,10,3,480.0,466.8,390.5,1562,1544
11011,2025-11-16,11,1,480.0,256.7,220.2,755,737
11012,2025-11-16,11,2,480.0,467.6,397.8,1364,1330
11013,2025-11-16,11,3,431.7,367.8,300.7,1031,1009
11014,2025-11-16,12,1,480.0,445.6,397.3,1490,1465
11015,2025-11-16,12,2,480.0,443.9,395.2,1482,1470
11016,2025-11-16,12,3,480.0,467.4,398.1,1493,1472
11017,2025-11-17,1,1,480.0,457.1,401.6,2008,1974
11018,2025-11-17,1,2,480.0,459.0,411.8,2059,2030
11019,2025-11-17,1,3,480.0,473.5,410.0,2050,2041
11020,2025-11-17,2,1,480.0,407.6,360.0,1800,1769
11021,2025-11-17,2,2,480.0,469.2,393.4,1967,1938
11022,2025-11-17,2,3,480.0,417.3,350.0,1750,1720
11023,2025-11-17,3,1,480.0,461.9,385.0,1711,1673
11024,2025-11-17,3,2,480.0,313.3,259.2,1152,1126
11025,2025-11-17,3,3,480.0,300.0,240.8,1070,1051
11026,2025-11-17,4,1,480.0,471.3,427.3,2699,2679
11027,2025-11-17,4,2,480.0,429.9,389.3,2459,2438
11028,2025-11-17,4,3,480.0,406.3,361.2,2281,2259
11029,2025-11-17,5,1,480.0,436.3,382.2,1092,1067
11030,2025-11-17,5,2,480.0,445.4,379.1,1083,1065
11031,2025-11-17,5,3,480.0,439.1,352.8,1008,988
11032,2025-11-17,6,1,480.0,384.6,332.9,951,924
11033,2025-11-17,6,2,480.0,374.3,327.2,935,917
11034,2025-11-17,6,3,480.0,480.0,391.3,1118,1097
11035,2025-11-17,7,1,480.0,323.1,253.2,633,617
11036,2025-11-17,7,2,480.0,355.0,286.0,715,695
11037,2025-11-17,7,3,480.0,245.5,177.2,443,432
11038,2025-11-17,8,1,480.0,415.2,350.0,913,891
11039,2025-11-17,8,2,480.0,275.4,237.3,619,613
11040,2025-11-17,8,3,480.0,380.2,310.1,809,793
11041,2025-11-17,9,1,480.0,422.8,386.6,1221,1201
11042,2025-11-17,9,2,480.0,374.8,330.6,1044,1026
11043,2025-11-17,9,3,480.0,480.0,419.9,1326,1319
11044,2025-11-17,10,1,480.0,446.4,389.2,1557,1539
11045,2025-11-17,10,2,480.0,454.6,411.2,1645,1625
11046,2025-11-17,10,3,431.0,255.2,212.0,848,833
11047,2025-11-17,11,1,480.0,386.8,329.6,1130,1106
11048,2025-11-17,11,2,480.0,376.8,318.2,1091,1057
11049,2025-11-17,11,3,480.0,289.0,236.5,811,795
11050,2025-11-17,12,1,480.0,463.7,406.4,1524,1507
11051,2025-11-17,12,2,480.0,452.1,390.7,1465,1441
11052,2025-11-17,12,3,480.0,401.6,353.9,1327,1301
11053,2025-11-18,1,1,480.0,470.6,406.6,2033,2015
11054,2025-11-18,1,2,480.0,461.3,413.8,2069,2050
11055,2025-11-18,1,3,480.0,440.4,386.0,1930,1894
11056,2025-11-18,2,1,480.0,425.8,378.8,1894,1861
11057,2025-11-18,2,2,480.0,451.9,396.4,1982,1959
11058,2025-11-18,2,3,480.0,459.9,392.4,1962,1921
11059,2025-11-18,3,1,480.0,430.2,357.1,1587,1556
11060,2025-11-18,3,2,480.0,386.7,326.9,1453,1420
11061,2025-11-18,3,3,480.0,278.4,220.5,980,961
11062,2025-11-18,4,1,480.0,474.5,424.3,2680,2638
11063,2025-11-18,4,2,480.0,391.2,368.9,2330,2302
11064,2025-11-18,4,3,480.0,402.9,347.1,2192,2163
11065,2025-11-18,5,1,480.0,416.9,346.9,991,978
11066,2025-11-18,5,2,480.0,440.7,391.6,1119,1102
11067,2025-11-18,5,3,480.0,141.4,117.2,335,330
11068,2025-11-18,6,1,480.0,463.4,411.2,1175,1154
11069,2025-11-18,6,2,480.0,467.2,381.5,1090,1066
11070,2025-11-18,6,3,480.0,316.6,261.8,748,737
11071,2025-11-18,7,1,480.0,384.9,296.0,740,717
11072,2025-11-18,7,2,480.0,349.6,272.8,682,667
11073,2025-11-18,7,3,480.0,337.5,250.4,626,606
11074,2025-11-18,8,1,480.0,371.1,309.4,807,788
11075,2025-11-18,8,2,480.0,379.6,322.8,842,822
11076,2025-11-18,8,3,480.0,381.1,322.8,842,823
11077,2025-11-18,9,1,480.0,317.6,282.8,893,881
11078,2025-11-18,9,2,480.0,468.3,419.6,1325,1306
11079,2025-11-18,9,3,480.0,427.9,379.1,1197,1178
11080,2025-11-18,10,1,480.0,471.3,412.8,1651,1635
11081,2025-11-18,10,2,480.0,338.7,292.2,1169,1157
11082,2025-11-18,10,3,480.0,448.4,383.5,1534,1515
11083,2025-11-18,11,1,480.0,367.0,310.9,1066,1047
11084,2025-11-18,11,2,480.0,277.5,231.9,795,780
11085,2025-11-18,11,3,480.0,333.7,268.3,920,899
11086,2025-11-18,12,1,480.0,449.6,395.7,1484,1460
11087,2025-11-18,12,2,480.0,347.6,309.3,1160,1141
11088,2025-11-18,12,3,480.0,377.6,330.4,1239,1220
11089,2025-11-19,1,1,480.0,389.6,347.2,1736,1726
11090,2025-11-19,1,2,480.0,437.7,382.4,1912,1879
11091,2025-11-19,1,3,480.0,355.2,303.2,1516,1491
11092,2025-11-19,2,1,480.0,473.1,428.6,2143,2118
11093,2025-11-19,2,2,480.0,419.7,372.0,1860,1830
11094,2025-11-19,2,3,480.0,370.0,304.4,1522,1503
11095,2025-11-19,3,1,480.0,403.0,327.4,1455,1416
11096,2025-11-19,3,2,480.0,459.9,392.6,1745,1692
11097,2025-11-19,3,3,455.7,379.9,309.6,1376,1345
11098,2025-11-19,4,1,480.0,470.2,430.5,2719,2704
11099,2025-11-19,4,2,480.0,472.0,443.3,2800,2793
11100,2025-11-19,4,3,480.0,476.0,420.4,2655,2634
11101,2025-11-19,5,1,480.0,445.0,385.7,1102,1082
11102,2025-11-19,5,2,480.0,378.4,325.9,931,919
11103,2025-11-19,5,3,480.0,381.4,328.6,939,929
11104,2025-11-19,6,1,480.0,372.8,307.6,879,859
11105,2025-11-19,6,2,480.0,409.5,342.3,978,961
11106,2025-11-19,6,3,480.0,322.0,267.4,764,746
11107,2025-11-19,7,1,480.0,295.6,226.0,565,550
11108,2025-11-19,7,2,480.0,242.6,193.2,483,471
11109,2025-11-19,7,3,480.0,343.4,255.6,639,620
11110,2025-11-19,8,1,480.0,438.8,387.6,1011,995
11111,2025-11-19,8,2,480.0,472.1,407.1,1062,1047
11112,2025-11-19,8,3,480.0,415.3,322.0,840,822
11113,2025-11-19,9,1,480.0,409.3,373.4,1179,1172
11114,2025-11-19,9,2,480.0,334.5,305.9,966,950
11115,2025-11-19,9,3,480.0,446.4,394.2,1245,1229
11116,2025-11-19,10,1,480.0,477.7,418.0,1672,1652
11117,2025-11-19,10,2,480.0,328.6,279.8,1119,1094
11118,2025-11-19,10,3,480.0,461.0,379.0,1516,1495
11119,2025-11-19,11,1,480.0,294.6,255.2,875,854
11120,2025-11-19,11,2,480.0,474.2,394.6,1353,1324
11121,2025-11-19,11,3,440.6,352.1,292.0,1001,977
11122,2025-11-19,12,1,480.0,394.8,346.9,1301,1286
11123,2025-11-19,12,2,480.0,462.3,416.0,1560,1539
11124,2025-11-19,12,3,480.0,458.5,381.1,1429,1417
11125,2025-11-20,1,1,480.0,455.2,395.6,1978,1942
11126,2025-11-20,1,2,480.0,248.6,221.8,1109,1097
11127,2025-11-20,1,3,434.4,390.1,334.0,1670,1649
11128,2025-11-20,2,1,480.0,440.8,394.0,1970,1934
11129,2025-11-20,2,2,480.0,326.9,286.6,1433,1414
11130,2025-11-20,2,3,480.0,430.6,372.4,1862,1834
11131,2025-11-20,3,1,480.0,447.2,369.7,1643,1600
11132,2025-11-20,3,2,480.0,449.0,378.9,1684,1649
11133,2025-11-20,3,3,480.0,323.9,250.9,1115,1100
11134,2025-11-20,4,1,480.0,408.4,363.2,2294,2272
11135,2025-11-20,4,2,480.0,445.7,398.5,2517,2500
11136,2025-11-20,4,3,480.0,474.5,407.1,2571,2557
11137,2025-11-20,5,1,480.0,469.7,404.2,1155,1140
11138,2025-11-20,5,2,480.0,432.6,368.6,1053,1041
11139,2025-11-20,5,3,480.0,415.2,353.5,1010,1001
11140,2025-11-20,6,1,480.0,418.2,366.8,1048,1028
11141,2025-11-20,6,2,480.0,320.6,263.2,752,733
11142,2025-11-20,6,3,480.0,264.8,208.6,596,588
11143,2025-11-20,7,1,480.0,218.5,166.0,415,405
11144,2025-11-20,7,2,480.0,319.1,252.4,631,612
11145,2025-11-20,7,3,480.0,285.1,212.4,531,515
11146,2025-11-20,8,1,480.0,418.3,347.7,907,885
11147,2025-11-20,8,2,480.0,446.7,379.5,990,967
11148,2025-11-20,8,3,441.2,377.5,317.0,827,812
11149,2025-11-20,9,1,480.0,470.6,422.4,1334,1317
11150,2025-11-20,9,2,480.0,454.5,399.6,1262,1244
11151,2025-11-20,9,3,480.0,443.9,375.9,1187,1165
11152,2025-11-20,10,1,480.0,389.1,343.8,1375,1353
11153,2025-11-20,10,2,480.0,454.5,396.5,1586,1552
11154,2025-11-20,10,3,480.0,455.4,390.0,1560,1544
11155,2025-11-20,11,1,480.0,455.9,386.5,1325,1299
11156,2025-11-20,11,2,480.0,454.0,395.8,1357,1320
11157,2025-11-20,11,3,480.0,295.1,244.1,837,815
11158,2025-11-20,12,1,480.0,443.0,390.1,1463,1440
11159,2025-11-20,12,2,480.0,460.8,402.7,1510,1499
11160,2025-11-20,12,3,480.0,470.2,388.8,1458,1431
11161,2025-11-21,1,1,480.0,427.6,386.0,1930,1915
11162,2025-11-21,1,2,480.0,458.1,396.2,1981,1948
11163,2025-11-21,1,3,480.0,411.6,361.0,1805,1778
11164,2025-11-21,2,1,480.0,413.3,367.2,1836,1812
11165,2025-11-21,2,2,480.0,412.9,353.4,1767,1743
11166,2025-11-21,2,3,480.0,466.8,404.2,2021,1998
11167,2025-11-21,3,1,480.0,450.6,367.2,1632,1598
11168,2025-11-21,3,2,480.0,366.3,304.6,1354,1319
11169,2025-11-21,3,3,480.0,354.8,277.4,1233,1209
11170,2025-11-21,4,1,480.0,424.4,393.8,2487,2459
11171,2025-11-21,4,2,480.0,470.0,425.3,2686,2650
11172,2025-11-21,4,3,480.0,434.0,376.0,2375,2356
11173,2025-11-21,5,1,480.0,417.4,357.4,1021,998
11174,2025-11-21,5,2,480.0,293.5,263.2,752,737
11175,2025-11-21,5,3,480.0,468.8,379.8,1085,1069
11176,2025-11-21,6,1,480.0,474.2,398.3,1138,1120
11177,2025-11-21,6,2,480.0,366.7,311.5,890,873
11178,2025-11-21,6,3,480.0,380.0,316.1,903,889
11179,2025-11-21,7,1,480.0,202.9,154.8,387,379
11180,2025-11-21,7,2,480.0,235.5,185.6,464,453
11181,2025-11-21,7,3,434.1,275.9,205.2,513,501
11182,2025-11-21,8,1,480.0,403.0,357.6,933,911
11183,2025-11-21,8,2,480.0,448.9,384.5,1003,986
11184,2025-11-21,8,3,480.0,439.7,356.9,931,910
11185,2025-11-21,9,1,480.0,413.2,375.9,1187,1178
11186,2025-11-21,9,2,480.0,451.8,416.7,1316,1290
11187,2025-11-21,9,3,480.0,409.1,355.3,1122,1111
11188,2025-11-21,10,1,480.0,480.0,418.2,1673,1641
11189,2025-11-21,10,2,480.0,443.3,393.2,1573,1549
11190,2025-11-21,10,3,480.0,464.6,395.5,1582,1562
11191,2025-11-21,11,1,480.0,466.0,398.7,1367,1335
11192,2025-11-21,11,2,480.0,434.5,365.2,1252,1220
11193,2025-11-21,11,3,480.0,180.1,149.0,511,499
11194,2025-11-21,12,1,480.0,436.8,382.4,1434,1425
11195,2025-11-21,12,2,480.0,378.3,330.1,1238,1215
11196,2025-11-21,12,3,480.0,377.0,328.0,1230,1211
11197,2025-11-22,1,1,480.0,465.6,431.8,2159,2135
11198,2025-11-22,1,2,480.0,429.0,385.0,1925,1911
11199,2025-11-22,1,3,480.0,442.8,377.2,1886,1864
11200,2025-11-22,2,1,282.7,271.3,231.0,1155,1148
11201,2025-11-22,2,2,480.0,424.2,365.0,1825,1795
11202,2025-11-22,2,3,480.0,419.2,358.6,1793,1780
11203,2025-11-22,3,1,480.0,397.9,337.1,1498,1465
11204,2025-11-22,3,2,480.0,328.0,267.3,1188,1159
11205,2025-11-22,3,3,480.0,233.3,189.0,840,820
11206,2025-11-22,4,1,480.0,480.0,457.4,2889,2855
11207,2025-11-22,4,2,480.0,428.4,385.2,2433,2417
11208,2025-11-22,4,3,480.0,415.7,371.3,2345,2300
11209,2025-11-22,5,1,480.0,436.2,385.7,1102,1079
11210,2025-11-22,5,2,480.0,439.3,377.6,1079,1057
11211,2025-11-22,5,3,480.0,407.8,339.5,970,950
11212,2025-11-22,6,1,480.0,435.0,365.4,1044,1017
11213,2025-11-22,6,2,480.0,357.2,304.1,869,853
11214,2025-11-22,6,3,450.6,387.1,320.6,916,892
11215,2025-11-22,7,1,480.0,417.1,315.6,789,763
11216,2025-11-22,7,2,480.0,277.1,220.4,551,535
11217,2025-11-22,7,3,480.0,355.6,273.2,683,665
11218,2025-11-22,8,1,480.0,394.2,335.0,874,864
11219,2025-11-22,8,2,480.0,443.8,379.1,989,969
11220,2025-11-22,8,3,480.0,437.5,348.8,910,894
11221,2025-11-22,9,1,480.0,461.0,430.4,1359,1342
11222,2025-11-22,9,2,480.0,474.5,434.1,1371,1353
11223,2025-11-22,9,3,480.0,438.9,364.8,1152,1135
11224,2025-11-22,10,1,480.0,351.9,303.2,1213,1185
11225,2025-11-22,10,2,480.0,414.2,359.0,1436,1410
11226,2025-11-22,10,3,480.0,427.8,345.5,1382,1355
11227,2025-11-22,11,1,480.0,469.6,392.6,1346,1315
11228,2025-11-22,11,2,480.0,413.9,349.7,1199,1168
11229,2025-11-22,11,3,480.0,367.1,309.2,1060,1038
11230,2025-11-22,12,1,480.0,441.7,394.1,1478,1445
11231,2025-11-22,12,2,480.0,460.8,399.2,1497,1476
11232,2025-11-22,12,3,480.0,455.6,386.1,1448,1438
11233,2025-11-23,1,1,480.0,438.1,393.2,1966,1933
11234,2025-11-23,1,2,480.0,477.1,438.2,2191,2167
11235,2025-11-23,1,3,480.0,372.3,326.0,1630,1604
11236,2025-11-23,2,1,480.0,469.9,406.4,2032,2004
11237,2025-11-23,2,2,480.0,474.6,420.0,2100,2083
11238,2025-11-23,2,3,480.0,476.1,421.8,2109,2079
11239,2025-11-23,3,1,480.0,279.6,229.9,1022,1001
11240,2025-11-23,3,2,480.0,344.0,283.5,1260,1225
11241,2025-11-23,3,3,480.0,361.2,280.8,1248,1225
11242,2025-11-23,4,1,480.0,424.8,394.4,2491,2475
11243,2025-11-23,4,2,480.0,449.6,404.4,2554,2542
11244,2025-11-23,4,3,480.0,457.4,403.6,2549,2540
11245,2025-11-23,5,1,480.0,469.1,407.8,1165,1137
11246,2025-11-23,5,2,480.0,424.8,370.3,1058,1038
11247,2025-11-23,5,3,480.0,386.1,317.4,907,889
11248,2025-11-23,6,1,480.0,331.7,284.6,813,798
11249,2025-11-23,6,2,480.0,452.8,398.3,1138,1117
11250,2025-11-23,6,3,480.0,411.6,340.9,974,959
11251,2025-11-23,7,1,480.0,329.4,252.8,632,621
11252,2025-11-23,7,2,480.0,294.6,223.2,558,541
11253,2025-11-23,7,3,480.0,253.3,187.2,468,454
11254,2025-11-23,8,1,480.0,395.8,342.3,893,872
11255,2025-11-23,8,2,480.0,417.9,353.4,922,902
11256,2025-11-23,8,3,480.0,397.7,314.7,821,804
11257,2025-11-23,9,1,480.0,468.4,419.6,1325,1295
11258,2025-11-23,9,2,480.0,415.2,367.3,1160,1149
11259,2025-11-23,9,3,480.0,354.6,308.8,975,970
11260,2025-11-23,10,1,480.0,468.5,407.5,1630,1605
11261,2025-11-23,10,2,480.0,405.3,344.0,1376,1356
11262,2025-11-23,10,3,480.0,262.9,227.2,909,890
11263,2025-11-23,11,1,480.0,378.0,317.6,1089,1060
11264,2025-11-23,11,2,480.0,461.0,383.8,1316,1284
11265,2025-11-23,11,3,480.0,293.7,237.4,814,796
11266,2025-11-23,12,1,480.0,422.9,377.1,1414,1392
11267,2025-11-23,12,2,480.0,473.0,399.2,1497,1476
11268,2025-11-23,12,3,480.0,443.2,380.8,1428,1404
11269,2025-11-24,1,1,480.0,425.5,388.2,1941,1922
11270,2025-11-24,1,2,480.0,355.4,308.2,1541,1528
11271,2025-11-24,1,3,480.0,388.5,344.6,1723,1715
11272,2025-11-24,2,1,480.0,435.0,384.2,1921,1897
11273,2025-11-24,2,2,480.0,451.1,390.8,1954,1933
11274,2025-11-24,2,3,480.0,457.6,382.8,1914,1883
11275,2025-11-24,3,1,480.0,441.5,371.0,1649,1620
11276,2025-11-24,3,2,480.0,410.9,327.8,1457,1424
11277,2025-11-24,3,3,480.0,444.5,365.9,1626,1590
11278,2025-11-24,4,1,296.7,284.5,275.0,1737,1715
11279,2025-11-24,4,2,480.0,422.3,378.6,2391,2356
11280,2025-11-24,4,3,480.0,462.8,425.6,2688,2660
11281,2025-11-24,5,1,480.0,438.9,375.2,1072,1051
11282,2025-11-24,5,2,480.0,411.2,345.4,987,969
11283,2025-11-24,5,3,480.0,443.2,368.2,1052,1032
11284,2025-11-24,6,1,356.1,332.0,288.1,823,811
11285,2025-11-24,6,2,480.0,375.0,311.9,891,870
11286,2025-11-24,6,3,447.6,326.7,264.6,756,744
11287,2025-11-24,7,1,480.0,180.6,137.6,344,336
11288,2025-11-24,7,2,480.0,279.3,210.0,525,509
11289,2025-11-24,7,3,480.0,275.7,207.2,518,505
11290,2025-11-24,8,1,480.0,304.1,261.8,683,669
11291,2025-11-24,8,2,480.0,450.1,381.8,996,973
11292,2025-11-24,8,3,480.0,413.3,351.1,916,900
11293,2025-11-24,9,1,480.0,475.5,424.3,1340,1325
11294,2025-11-24,9,2,480.0,423.8,374.6,1183,1171
11295,2025-11-24,9,3,480.0,445.3,391.4,1236,1225
11296,2025-11-24,10,1,480.0,402.8,345.8,1383,1362
11297,2025-11-24,10,2,480.0,180.4,155.8,623,611
11298,2025-11-24,10,3,480.0,426.3,348.0,1392,1372
11299,2025-11-24,11,1,480.0,427.3,371.9,1275,1242
11300,2025-11-24,11,2,480.0,378.6,316.5,1085,1066
11301,2025-11-24,11,3,480.0,293.0,238.0,816,795
11302,2025-11-24,12,1,480.0,409.8,361.1,1354,1329
11303,2025-11-24,12,2,480.0,480.0,439.5,1648,1619
11304,2025-11-24,12,3,480.0,335.7,286.1,1073,1056
11305,2025-11-25,1,1,480.0,418.2,369.2,1846,1827
11306,2025-11-25,1,2,480.0,458.3,399.6,1998,1969
11307,2025-11-25,1,3,480.0,464.6,401.0,2005,1966
11308,2025-11-25,2,1,480.0,407.0,356.2,1781,1766
11309,2025-11-25,2,2,480.0,411.9,354.6,1773,1758
11310,2025-11-25,2,3,480.0,429.3,370.0,1850,1825
11311,2025-11-25,3,1,480.0,443.1,359.8,1599,1547
11312,2025-11-25,3,2,480.0,290.5,237.4,1055,1032
11313,2025-11-25,3,3,445.4,316.2,258.5,1149,1121
11314,2025-11-25,4,1,480.0,417.0,365.6,2309,2287
11315,2025-11-25,4,2,480.0,452.1,416.9,2633,2591
11316,2025-11-25,4,3,480.0,421.9,364.8,2304,2297
11317,2025-11-25,5,1,480.0,389.5,334.9,957,938
11318,2025-11-25,5,2,480.0,463.2,395.1,1129,1109
11319,2025-11-25,5,3,480.0,357.7,295.1,843,831
11320,2025-11-25,6,1,480.0,458.5,384.6,1099,1076
11321,2025-11-25,6,2,480.0,441.2,372.1,1063,1040
11322,2025-11-25,6,3,480.0,366.9,296.8,848,831
11323,2025-11-25,7,1,480.0,386.4,300.4,751,729
11324,2025-11-25,7,2,480.0,353.2,272.8,682,667
11325,2025-11-25,7,3,480.0,359.9,262.0,655,632
11326,2025-11-25,8,1,480.0,472.1,402.9,1051,1022
11327,2025-11-25,8,2,480.0,319.1,268.3,700,684
11328,2025-11-25,8,3,480.0,460.2,387.2,1010,991
11329,2025-11-25,9,1,480.0,458.6,419.3,1324,1313
11330,2025-11-25,9,2,480.0,475.2,423.1,1336,1322
11331,2025-11-25,9,3,480.0,435.1,364.5,1151,1140
11332,2025-11-25,10,1,480.0,432.3,384.5,1538,1510
11333,2025-11-25,10,2,480.0,402.7,337.2,1349,1327
11334,2025-11-25,10,3,480.0,420.7,362.2,1449,1426
11335,2025-11-25,11,1,480.0,450.1,371.0,1272,1247
11336,2025-11-25,11,2,480.0,448.2,365.2,1252,1224
11337,2025-11-25,11,3,480.0,289.4,245.0,840,817
11338,2025-11-25,12,1,480.0,396.6,351.7,1319,1302
11339,2025-11-25,12,2,480.0,455.0,401.9,1507,1491
11340,2025-11-25,12,3,480.0,443.1,378.1,1418,1404
11341,2025-11-26,1,1,480.0,451.9,409.2,2046,2022
11342,2025-11-26,1,2,480.0,463.2,406.2,2031,2006
11343,2025-11-26,1,3,480.0,409.5,363.2,1816,1798
11344,2025-11-26,2,1,480.0,440.0,382.4,1912,1890
11345,2025-11-26,2,2,480.0,442.6,380.8,1904,1884
11346,2025-11-26,2,3,480.0,424.8,364.0,1820,1792
11347,2025-11-26,3,1,480.0,390.5,324.2,1441,1402
11348,2025-11-26,3,2,480.0,438.4,350.3,1557,1527
11349,2025-11-26,3,3,434.0,206.8,166.9,742,723
11350,2025-11-26,4,1,480.0,480.0,431.9,2728,2698
11351,2025-11-26,4,2,480.0,450.8,412.6,2606,2588
11352,2025-11-26,4,3,480.0,450.6,381.6,2410,2379
11353,2025-11-26,5,1,480.0,415.1,353.9,1011,991
11354,2025-11-26,5,2,480.0,358.3,301.7,862,849
11355,2025-11-26,5,3,480.0,419.1,358.4,1024,1011
11356,2025-11-26,6,1,480.0,361.4,315.0,900,884
11357,2025-11-26,6,2,480.0,475.6,422.1,1206,1173
11358,2025-11-26,6,3,480.0,270.3,216.7,619,606
11359,2025-11-26,7,1,480.0,386.7,296.4,741,718
11360,2025-11-26,7,2,480.0,222.2,172.4,431,419
11361,2025-11-26,7,3,480.0,339.3,254.4,636,620
11362,2025-11-26,8,1,480.0,301.0,247.2,645,626
11363,2025-11-26,8,2,480.0,382.2,323.5,844,824
11364,2025-11-26,8,3,480.0,328.9,276.0,720,707
11365,2025-11-26,9,1,480.0,449.6,402.2,1270,1256
11366,2025-11-26,9,2,480.0,472.9,427.2,1349,1331
11367,2025-11-26,9,3,480.0,463.5,399.6,1262,1247
11368,2025-11-26,10,1,480.0,461.7,415.8,1663,1632
11369,2025-11-26,10,2,480.0,294.8,253.8,1015,1003
11370,2025-11-26,10,3,480.0,278.1,230.5,922,911
11371,2025-11-26,11,1,480.0,341.7,289.0,991,962
11372,2025-11-26,11,2,480.0,425.5,360.5,1236,1208
11373,2025-11-26,11,3,480.0,410.4,339.8,1165,1143
11374,2025-11-26,12,1,480.0,375.0,323.5,1213,1192
11375,2025-11-26,12,2,480.0,392.1,340.3,1276,1262
11376,2025-11-26,12,3,480.0,337.6,282.1,1058,1044
11377,2025-11-27,1,1,480.0,455.6,403.0,2015,1992
11378,2025-11-27,1,2,480.0,471.6,432.0,2160,2142
11379,2025-11-27,1,3,480.0,391.4,327.2,1636,1620
11380,2025-11-27,2,1,480.0,442.6,387.0,1935,1899
11381,2025-11-27,2,2,480.0,472.5,417.6,2088,2058
11382,2025-11-27,2,3,480.0,456.2,393.2,1966,1942
11383,2025-11-27,3,1,480.0,437.5,367.2,1632,1595
11384,2025-11-27,3,2,480.0,415.3,337.7,1501,1470
11385,2025-11-27,3,3,480.0,435.6,343.8,1528,1490
11386,2025-11-27,4,1,480.0,380.2,346.0,2185,2156
11387,2025-11-27,4,2,480.0,445.6,413.9,2614,2609
11388,2025-11-27,4,3,480.0,339.3,304.0,1920,1902
11389,2025-11-27,5,1,480.0,464.0,403.6,1153,1135
11390,2025-11-27,5,2,480.0,437.4,385.0,1100,1074
11391,2025-11-27,5,3,480.0,388.6,314.3,898,882
11392,2025-11-27,6,1,480.0,376.5,317.4,907,888
11393,2025-11-27,6,2,480.0,359.6,305.6,873,862
11394,2025-11-27,6,3,435.4,395.9,317.4,907,888
11395,2025-11-27,7,1,480.0,357.9,275.2,688,675
11396,2025-11-27,7,2,480.0,380.4,290.8,727,710
11397,2025-11-27,7,3,480.0,259.7,204.0,510,499
11398,2025-11-27,8,1,480.0,387.3,325.4,849,833
11399,2025-11-27,8,2,480.0,429.6,369.5,964,943
11400,2025-11-27,8,3,480.0,368.0,310.9,811,796
11401,2025-11-27,9,1,480.0,476.8,418.9,1323,1306
11402,2025-11-27,9,2,480.0,461.2,415.8,1313,1294
11403,2025-11-27,9,3,480.0,453.7,379.1,1197,1182
11404,2025-11-27,10,1,480.0,439.3,388.2,1553,1525
11405,2025-11-27,10,2,480.0,383.6,315.5,1262,1239
11406,2025-11-27,10,3,480.0,344.2,297.0,1188,1169
11407,2025-11-27,11,1,480.0,436.4,374.5,1284,1259
11408,2025-11-27,11,2,480.0,425.5,357.9,1227,1197
11409,2025-11-27,11,3,480.0,420.6,359.9,1234,1201
11410,2025-11-27,12,1,480.0,417.5,367.2,1377,1354
11411,2025-11-27,12,2,480.0,455.1,397.1,1489,1477
11412,2025-11-27,12,3,480.0,449.0,392.8,1473,1451
11413,2025-11-28,1,1,480.0,378.2,343.2,1716,1702
11414,2025-11-28,1,2,480.0,439.3,394.8,1974,1963
11415,2025-11-28,1,3,480.0,442.5,385.6,1928,1898
11416,2025-11-28,2,1,480.0,426.6,370.8,1854,1834
11417,2025-11-28,2,2,480.0,440.1,392.8,1964,1953
11418,2025-11-28,2,3,480.0,421.2,345.4,1727,1699
11419,2025-11-28,3,1,480.0,427.6,367.2,1632,1601
11420,2025-11-28,3,2,480.0,445.8,375.1,1667,1622
11421,2025-11-28,3,3,480.0,418.3,334.8,1488,1459
11422,2025-11-28,4,1,480.0,438.4,394.6,2492,2473
11423,2025-11-28,4,2,480.0,470.2,418.8,2645,2619
11424,2025-11-28,4,3,480.0,465.8,407.9,2576,2543
11425,2025-11-28,5,1,340.6,201.7,174.7,499,490
11426,2025-11-28,5,2,480.0,204.9,180.6,516,504
11427,2025-11-28,5,3,480.0,272.4,230.7,659,652
11428,2025-11-28,6,1,480.0,459.2,400.8,1145,1122
11429,2025-11-28,6,2,480.0,370.1,312.9,894,872
11430,2025-11-28,6,3,480.0,375.8,298.9,854,840
11431,2025-11-28,7,1,480.0,300.9,235.6,589,575
11432,2025-11-28,7,2,480.0,313.2,230.0,575,557
11433,2025-11-28,7,3,480.0,364.8,274.0,685,667
11434,2025-11-28,8,1,480.0,357.4,309.0,806,792
11435,2025-11-28,8,2,480.0,433.5,352.7,920,901
11436,2025-11-28,8,3,480.0,368.3,300.9,785,775
11437,2025-11-28,9,1,480.0,459.2,414.2,1308,1290
11438,2025-11-28,9,2,480.0,438.9,395.2,1248,1235
11439,2025-11-28,9,3,480.0,399.2,346.1,1093,1081
11440,2025-11-28,10,1,480.0,397.5,342.5,1370,1346
11441,2025-11-28,10,2,480.0,401.2,355.0,1420,1399
11442,2025-11-28,10,3,480.0,437.8,377.2,1509,1488
11443,2025-11-28,11,1,480.0,231.1,199.2,683,665
11444,2025-11-28,11,2,480.0,460.3,381.8,1309,1284
11445,2025-11-28,11,3,480.0,469.8,385.0,1320,1282
11446,2025-11-28,12,1,480.0,388.5,336.8,1263,1239
11447,2025-11-28,12,2,480.0,413.4,358.4,1344,1330
11448,2025-11-28,12,3,480.0,360.5,326.4,1224,1204
11449,2025-11-29,1,1,480.0,476.7,423.0,2115,2086
11450,2025-11-29,1,2,480.0,401.4,350.8,1754,1735
11451,2025-11-29,1,3,480.0,423.8,378.8,1894,1877
11452,2025-11-29,2,1,480.0,408.4,357.4,1787,1774
11453,2025-11-29,2,2,480.0,467.5,410.6,2053,2026
11454,2025-11-29,2,3,480.0,375.9,316.2,1581,1554
11455,2025-11-29,3,1,480.0,370.6,310.1,1378,1353
11456,2025-11-29,3,2,480.0,371.6,305.1,1356,1320
11457,2025-11-29,3,3,480.0,430.0,337.1,1498,1461
11458,2025-11-29,4,1,480.0,368.3,327.4,2068,2041
11459,2025-11-29,4,2,480.0,446.3,406.3,2566,2554
11460,2025-11-29,4,3,480.0,480.0,429.4,2712,2682
11461,2025-11-29,5,1,480.0,449.6,378.7,1082,1068
11462,2025-11-29,5,2,480.0,352.3,304.1,869,858
11463,2025-11-29,5,3,480.0,425.7,346.5,990,970
11464,2025-11-29,6,1,480.0,460.1,397.9,1137,1117
11465,2025-11-29,6,2,480.0,391.1,333.6,953,940
11466,2025-11-29,6,3,480.0,400.2,329.7,942,928
11467,2025-11-29,7,1,480.0,296.3,226.4,566,554
11468,2025-11-29,7,2,480.0,207.7,163.6,409,396
11469,2025-11-29,7,3,480.0,266.3,198.8,497,483
11470,2025-11-29,8,1,480.0,472.5,392.5,1024,993
11471,2025-11-29,8,2,480.0,459.7,385.6,1006,989
11472,2025-11-29,8,3,480.0,391.6,323.5,844,828
11473,2025-11-29,9,1,480.0,441.4,385.7,1218,1213
11474,2025-11-29,9,2,480.0,425.6,383.2,1210,1194
11475,2025-11-29,9,3,480.0,463.0,401.2,1267,1249
11476,2025-11-29,10,1,480.0,338.4,287.0,1148,1127
11477,2025-11-29,10,2,480.0,414.7,352.2,1409,1377
11478,2025-11-29,10,3,480.0,445.2,387.8,1551,1527
11479,2025-11-29,11,1,480.0,326.6,270.1,926,902
11480,2025-11-29,11,2,480.0,402.7,338.3,1160,1140
11481,2025-11-29,11,3,480.0,291.2,241.5,828,811
11482,2025-11-29,12,1,480.0,454.1,417.3,1565,1539
11483,2025-11-29,12,2,480.0,374.6,330.9,1241,1224
11484,2025-11-29,12,3,444.9,385.5,323.7,1214,1185
11485,2025-11-30,1,1,480.0,450.6,395.6,1978,1943
11486,2025-11-30,1,2,480.0,425.1,384.0,1920,1898
11487,2025-11-30,1,3,480.0,401.3,343.8,1719,1695
11488,2025-11-30,2,1,480.0,453.6,401.8,2009,1978
11489,2025-11-30,2,2,480.0,382.7,339.0,1695,1668
11490,2025-11-30,2,3,480.0,467.9,394.6,1973,1950
11491,2025-11-30,3,1,480.0,425.4,352.6,1567,1532
11492,2025-11-30,3,2,480.0,465.6,396.4,1762,1711
11493,2025-11-30,3,3,480.0,415.7,340.4,1513,1484
11494,2025-11-30,4,1,480.0,451.4,407.4,2573,2548
11495,2025-11-30,4,2,480.0,473.2,440.6,2783,2748
11496,2025-11-30,4,3,480.0,470.8,422.8,2670,2667
11497,2025-11-30,5,1,480.0,428.3,362.9,1037,1018
11498,2025-11-30,5,2,480.0,374.1,320.2,915,905
11499,2025-11-30,5,3,480.0,461.9,389.6,1113,1090
11500,2025-11-30,6,1,480.0,399.3,336.4,961,942
11501,2025-11-30,6,2,480.0,402.8,340.2,972,953
11502,2025-11-30,6,3,480.0,390.5,314.3,898,879
11503,2025-11-30,7,1,480.0,271.6,210.0,525,510
11504,2025-11-30,7,2,480.0,355.3,274.8,687,669
11505,2025-11-30,7,3,480.0,174.2,128.0,320,312
11506,2025-11-30,8,1,480.0,410.1,350.8,915,893
11507,2025-11-30,8,2,480.0,405.7,343.9,897,875
11508,2025-11-30,8,3,480.0,419.4,349.6,912,890
11509,2025-11-30,9,1,480.0,461.5,420.5,1328,1309
11510,2025-11-30,9,2,480.0,466.0,407.2,1286,1263
11511,2025-11-30,9,3,480.0,324.2,286.6,905,893
11512,2025-11-30,10,1,480.0,364.5,311.8,1247,1232
11513,2025-11-30,10,2,480.0,448.3,391.2,1565,1546
11514,2025-11-30,10,3,480.0,464.1,397.0,1588,1549
11515,2025-11-30,11,1,480.0,372.7,306.5,1051,1020
11516,2025-11-30,11,2,480.0,410.8,348.5,1195,1175
11517,2025-11-30,11,3,480.0,304.7,251.7,863,844
11518,2025-11-30,12,1,480.0,372.5,324.3,1216,1206
11519,2025-11-30,12,2,480.0,303.3,270.1,1013,1006
11520,2025-11-30,12,3,480.0,457.7,389.1,1459,1441
11521,2025-12-01,1,1,480.0,478.6,426.8,2134,2088
11522,2025-12-01,1,2,480.0,426.1,368.4,1842,1825
11523,2025-12-01,1,3,480.0,470.4,394.0,1970,1943
11524,2025-12-01,2,1,480.0,418.3,363.0,1815,1799
11525,2025-12-01,2,2,480.0,426.5,388.2,1941,1919
11526,2025-12-01,2,3,480.0,329.4,278.2,1391,1366
11527,2025-12-01,3,1,480.0,458.1,370.8,1648,1609
11528,2025-12-01,3,2,480.0,456.1,382.7,1701,1667
11529,2025-12-01,3,3,480.0,323.7,257.2,1143,1116
11530,2025-12-01,4,1,480.0,480.0,422.4,2668,2646
11531,2025-12-01,4,2,480.0,446.3,396.8,2506,2489
11532,2025-12-01,4,3,445.1,436.5,383.2,2420,2410
11533,2025-12-01,5,1,480.0,269.1,232.8,665,655
11534,2025-12-01,5,2,480.0,466.8,413.4,1181,1164
11535,2025-12-01,5,3,452.3,348.0,288.1,823,810
11536,2025-12-01,6,1,480.0,411.8,339.9,971,949
11537,2025-12-01,6,2,480.0,419.5,346.9,991,967
11538,2025-12-01,6,3,480.0,442.5,364.4,1041,1021
11539,2025-12-01,7,1,480.0,398.6,312.4,781,760
11540,2025-12-01,7,2,480.0,324.9,247.6,619,603
11541,2025-12-01,7,3,480.0,362.3,272.8,682,666
11542,2025-12-01,8,1,480.0,473.5,407.9,1064,1048
11543,2025-12-01,8,2,480.0,371.9,312.4,815,800
11544,2025-12-01,8,3,480.0,358.1,297.5,776,762
11545,2025-12-01,9,1,480.0,445.1,392.4,1239,1220
11546,2025-12-01,9,2,480.0,468.8,430.0,1358,1338
11547,2025-12-01,9,3,480.0,472.7,421.2,1330,1310
11548,2025-12-01,10,1,480.0,394.7,344.2,1377,1357
11549,2025-12-01,10,2,480.0,454.4,407.2,1629,1611
11550,2025-12-01,10,3,449.5,380.5,321.2,1285,1265
11551,2025-12-01,11,1,480.0,436.7,367.5,1260,1232
11552,2025-12-01,11,2,480.0,437.1,373.3,1280,1254
11553,2025-12-01,11,3,480.0,450.4,365.8,1254,1228
11554,2025-12-01,12,1,480.0,408.7,360.0,1350,1334
11555,2025-12-01,12,2,480.0,473.6,418.9,1571,1550
11556,2025-12-01,12,3,480.0,444.7,383.5,1438,1415
11557,2025-12-02,1,1,480.0,446.7,392.6,1963,1950
11558,2025-12-02,1,2,480.0,423.2,385.8,1929,1907
11559,2025-12-02,1,3,480.0,372.3,330.8,1654,1636
11560,2025-12-02,2,1,480.0,356.7,309.4,1547,1522
11561,2025-12-02,2,2,480.0,480.0,431.6,2158,2124
11562,2025-12-02,2,3,480.0,462.0,387.2,1936,1906
11563,2025-12-02,3,1,480.0,430.2,360.0,1600,1566
11564,2025-12-02,3,2,480.0,307.2,256.9,1142,1116
11565,2025-12-02,3,3,480.0,246.1,195.1,867,845
11566,2025-12-02,4,1,480.0,425.9,375.4,2371,2355
11567,2025-12-02,4,2,480.0,480.0,447.0,2823,2784
11568,2025-12-02,4,3,480.0,369.2,324.1,2047,2028
11569,2025-12-02,5,1,480.0,366.2,310.1,886,875
11570,2025-12-02,5,2,480.0,404.3,348.9,997,979
11571,2025-12-02,5,3,480.0,405.8,338.8,968,946
11572,2025-12-02,6,1,480.0,468.1,396.9,1134,1110
11573,2025-12-02,6,2,480.0,408.3,339.1,969,947
11574,2025-12-02,6,3,480.0,355.6,298.9,854,843
11575,2025-12-02,7,1,480.0,313.9,240.4,601,585
11576,2025-12-02,7,2,480.0,357.8,271.2,678,662
11577,2025-12-02,7,3,480.0,291.0,214.0,535,520
11578,2025-12-02,8,1,480.0,318.7,264.1,689,675
11579,2025-12-02,8,2,480.0,467.9,392.9,1025,1001
11580,2025-12-02,8,3,480.0,386.3,319.7,834,819
11581,2025-12-02,9,1,480.0,480.0,430.4,1359,1341
11582,2025-12-02,9,2,480.0,430.9,383.8,1212,1195
11583,2025-12-02,9,3,480.0,399.2,342.6,1082,1071
11584,2025-12-02,10,1,480.0,457.0,386.0,1544,1522
11585,2025-12-02,10,2,480.0,381.2,336.0,1344,1320
11586,2025-12-02,10,3,480.0,431.5,368.8,1475,1452
11587,2025-12-02,11,1,480.0,414.9,358.8,1230,1208
11588,2025-12-02,11,2,480.0,377.2,319.1,1094,1073
11589,2025-12-02,11,3,480.0,398.2,334.2,1146,1115
11590,2025-12-02,12,1,480.0,480.0,437.6,1641,1628
11591,2025-12-02,12,2,480.0,407.8,344.0,1290,1271
11592,2025-12-02,12,3,480.0,396.6,342.1,1283,1270
11593,2025-12-03,1,1,480.0,443.2,391.6,1958,1929
11594,2025-12-03,1,2,480.0,400.5,380.6,1903,1874
11595,2025-12-03,1,3,480.0,452.3,387.0,1935,1909
11596,2025-12-03,2,1,480.0,450.7,392.0,1960,1937
11597,2025-12-03,2,2,480.0,447.2,405.2,2026,1992
11598,2025-12-03,2,3,480.0,400.8,332.0,1660,1632
11599,2025-12-03,3,1,480.0,440.1,363.6,1616,1570
11600,2025-12-03,3,2,480.0,396.7,329.6,1465,1441
11601,2025-12-03,3,3,438.2,326.8,265.5,1180,1157
11602,2025-12-03,4,1,480.0,447.4,410.7,2594,2569
11603,2025-12-03,4,2,480.0,458.7,398.2,2515,2493
11604,2025-12-03,4,3,480.0,435.6,384.4,2428,2404
11605,2025-12-03,5,1,480.0,439.0,379.4,1084,1058
11606,2025-12-03,5,2,480.0,470.6,416.5,1190,1173
11607,2025-12-03,5,3,480.0,410.0,342.6,979,956
11608,2025-12-03,6,1,480.0,359.6,306.2,875,856
11609,2025-12-03,6,2,480.0,464.6,394.4,1127,1108
11610,2025-12-03,6,3,444.3,356.4,297.1,849,837
11611,2025-12-03,7,1,480.0,274.0,217.2,543,529
11612,2025-12-03,7,2,480.0,329.5,244.0,610,593
11613,2025-12-03,7,3,480.0,267.0,200.8,502,490
11614,2025-12-03,8,1,480.0,459.0,381.8,996,962
11615,2025-12-03,8,2,480.0,397.5,328.5,857,835
11616,2025-12-03,8,3,480.0,301.8,253.4,661,648
11617,2025-12-03,9,1,308.6,295.0,273.0,862,846
11618,2025-12-03,9,2,480.0,466.6,420.9,1329,1307
11619,2025-12-03,9,3,480.0,442.1,386.6,1221,1206
11620,2025-12-03,10,1,480.0,480.0,420.5,1682,1652
11621,2025-12-03,10,2,480.0,436.5,386.8,1547,1519
11622,2025-12-03,10,3,480.0,363.8,306.8,1227,1204
11623,2025-12-03,11,1,480.0,426.3,374.2,1283,1254
11624,2025-12-03,11,2,480.0,449.9,376.5,1291,1267
11625,2025-12-03,11,3,480.0,279.2,230.7,791,770
11626,2025-12-03,12,1,480.0,475.9,412.5,1547,1527
11627,2025-12-03,12,2,480.0,453.4,390.1,1463,1442
11628,2025-12-03,12,3,480.0,328.8,278.1,1043,1022
11629,2025-12-04,1,1,480.0,421.8,360.4,1802,1781
11630,2025-12-04,1,2,480.0,413.5,368.0,1840,1826
11631,2025-12-04,1,3,480.0,441.8,376.0,1880,1852
11632,2025-12-04,2,1,480.0,396.6,344.0,1720,1707
11633,2025-12-04,2,2,480.0,418.2,369.6,1848,1834
11634,2025-12-04,2,3,480.0,417.5,356.2,1781,1772
11635,2025-12-04,3,1,480.0,352.6,301.3,1339,1318
11636,2025-12-04,3,2,480.0,407.9,335.9,1493,1454
11637,2025-12-04,3,3,480.0,433.9,346.3,1539,1496
11638,2025-12-04,4,1,480.0,444.7,396.8,2506,2499
11639,2025-12-04,4,2,480.0,394.3,356.7,2253,2223
11640,2025-12-04,4,3,480.0,465.9,402.5,2542,2515
11641,2025-12-04,5,1,480.0,389.0,327.9,937,917
11642,2025-12-04,5,2,480.0,405.7,349.3,998,973
11643,2025-12-04,5,3,480.0,338.0,283.5,810,792
11644,2025-12-04,6,1,480.0,319.9,278.2,795,777
11645,2025-12-04,6,2,480.0,430.8,365.4,1044,1024
11646,2025-12-04,6,3,480.0,341.5,283.5,810,793
11647,2025-12-04,7,1,480.0,378.2,285.6,714,692
11648,2025-12-04,7,2,480.0,177.2,134.0,335,327
11649,2025-12-04,7,3,480.0,279.6,207.6,519,504
11650,2025-12-04,8,1,480.0,464.3,392.1,1023,997
11651,2025-12-04,8,2,480.0,408.0,355.4,927,906
11652,2025-12-04,8,3,480.0,448.9,382.9,999,974
11653,2025-12-04,9,1,480.0,416.7,370.2,1169,1151
11654,2025-12-04,9,2,480.0,464.1,415.5,1312,1286
11655,2025-12-04,9,3,446.1,352.3,304.9,963,956
11656,2025-12-04,10,1,480.0,324.0,280.0,1120,1110
11657,2025-12-04,10,2,480.0,480.0,408.0,1632,1603
11658,2025-12-04,10,3,480.0,306.0,255.2,1021,1002
11659,2025-12-04,11,1,480.0,396.1,317.9,1090,1060
11660,2025-12-04,11,2,480.0,436.8,371.3,1273,1244
11661,2025-12-04,11,3,480.0,368.5,312.7,1072,1055
11662,2025-12-04,12,1,480.0,437.0,383.7,1439,1415
11663,2025-12-04,12,2,480.0,414.1,360.8,1353,1340
11664,2025-12-04,12,3,480.0,381.5,329.9,1237,1218
11665,2025-12-05,1,1,480.0,480.0,422.6,2113,2081
11666,2025-12-05,1,2,480.0,477.8,440.2,2201,2176
11667,2025-12-05,1,3,462.0,354.9,314.6,1573,1561
11668,2025-12-05,2,1,480.0,381.3,323.8,1619,1595
11669,2025-12-05,2,2,480.0,431.4,382.0,1910,1872
11670,2025-12-05,2,3,480.0,456.5,394.2,1971,1939
11671,2025-12-05,3,1,480.0,403.1,332.1,1476,1442
11672,2025-12-05,3,2,480.0,422.2,345.4,1535,1500
11673,2025-12-05,3,3,480.0,451.5,371.2,1650,1608
11674,2025-12-05,4,1,480.0,392.0,352.8,2228,2215
11675,2025-12-05,4,2,480.0,467.0,430.0,2716,2679
11676,2025-12-05,4,3,480.0,434.8,373.7,2360,2333
11677,2025-12-05,5,1,480.0,445.5,372.8,1065,1047
11678,2025-12-05,5,2,480.0,399.8,344.8,985,967
11679,2025-12-05,5,3,455.2,339.9,284.2,812,800
11680,2025-12-05,6,1,480.0,445.1,373.4,1067,1042
11681,2025-12-05,6,2,480.0,422.5,351.8,1005,984
11682,2025-12-05,6,3,480.0,383.1,315.7,902,885
11683,2025-12-05,7,1,480.0,301.4,234.8,587,575
11684,2025-12-05,7,2,480.0,303.0,239.6,599,586
11685,2025-12-05,7,3,480.0,355.9,276.8,692,679
11686,2025-12-05,8,1,480.0,350.1,297.9,777,759
11687,2025-12-05,8,2,480.0,318.9,270.2,705,691
11688,2025-12-05,8,3,480.0,431.9,358.8,936,914
11689,2025-12-05,9,1,480.0,427.1,386.0,1219,1200
11690,2025-12-05,9,2,480.0,415.2,361.6,1142,1125
11691,2025-12-05,9,3,480.0,468.4,400.3,1264,1252
11692,2025-12-05,10,1,480.0,407.4,361.8,1447,1416
11693,2025-12-05,10,2,480.0,346.7,297.0,1188,1170
11694,2025-12-05,10,3,480.0,332.3,286.0,1144,1125
11695,2025-12-05,11,1,480.0,434.3,369.5,1267,1243
11696,2025-12-05,11,2,480.0,370.7,307.7,1055,1036
11697,2025-12-05,11,3,480.0,408.2,347.1,1190,1163
11698,2025-12-05,12,1,480.0,480.0,428.3,1606,1585
11699,2025-12-05,12,2,480.0,467.3,412.8,1548,1532
11700,2025-12-05,12,3,480.0,461.6,377.6,1416,1387
11701,2025-12-06,1,1,480.0,463.4,409.0,2045,2026
11702,2025-12-06,1,2,480.0,424.0,373.0,1865,1842
11703,2025-12-06,1,3,480.0,474.0,417.4,2087,2062
11704,2025-12-06,2,1,480.0,471.0,417.4,2087,2063
11705,2025-12-06,2,2,480.0,422.8,378.8,1894,1869
11706,2025-12-06,2,3,480.0,453.7,390.2,1951,1929
11707,2025-12-06,3,1,480.0,412.9,346.7,1541,1512
11708,2025-12-06,3,2,480.0,378.5,315.4,1402,1366
11709,2025-12-06,3,3,480.0,367.3,290.2,1290,1255
11710,2025-12-06,4,1,480.0,455.7,426.9,2696,2683
11711,2025-12-06,4,2,480.0,480.0,447.0,2823,2786
11712,2025-12-06,4,3,480.0,350.0,302.6,1911,1888
11713,2025-12-06,5,1,480.0,417.2,358.4,1024,1009
11714,2025-12-06,5,2,480.0,477.6,420.0,1200,1183
11715,2025-12-06,5,3,480.0,336.7,280.0,800,784
11716,2025-12-06,6,1,480.0,412.2,355.9,1017,996
11717,2025-12-06,6,2,480.0,357.6,300.6,859,843
11718,2025-12-06,6,3,480.0,336.0,267.8,765,753
11719,2025-12-06,7,1,480.0,340.2,261.2,653,638
11720,2025-12-06,7,2,480.0,376.6,285.6,714,695
11721,2025-12-06,7,3,480.0,329.0,246.4,616,603
11722,2025-12-06,8,1,480.0,424.6,358.0,934,920
11723,2025-12-06,8,2,480.0,464.0,404.4,1055,1029
11724,2025-12-06,8,3,440.1,296.0,238.8,623,614
11725,2025-12-06,9,1,480.0,436.5,384.8,1215,1202
11726,2025-12-06,9,2,480.0,461.2,418.6,1322,1299
11727,2025-12-06,9,3,446.4,435.2,380.9,1203,1188
11728,2025-12-06,10,1,480.0,460.0,398.2,1593,1564
11729,2025-12-06,10,2,480.0,480.0,426.5,1706,1688
11730,2025-12-06,10,3,480.0,364.7,308.5,1234,1216
11731,2025-12-06,11,1,480.0,382.7,322.3,1105,1083
11732,2025-12-06,11,2,480.0,402.9,345.3,1184,1156
11733,2025-12-06,11,3,441.7,260.2,216.4,742,725
11734,2025-12-06,12,1,480.0,445.7,405.1,1519,1506
11735,2025-12-06,12,2,480.0,480.0,410.7,1540,1516
11736,2025-12-06,12,3,480.0,457.4,382.4,1434,1411
11737,2025-12-07,1,1,480.0,409.8,351.4,1757,1738
11738,2025-12-07,1,2,480.0,462.7,432.6,2163,2132
11739,2025-12-07,1,3,480.0,455.5,391.0,1955,1935
11740,2025-12-07,2,1,480.0,471.9,422.0,2110,2079
11741,2025-12-07,2,2,480.0,477.4,415.8,2079,2039
11742,2025-12-07,2,3,480.0,271.9,233.0,1165,1145
11743,2025-12-07,3,1,480.0,420.9,353.7,1572,1539
11744,2025-12-07,3,2,480.0,350.0,281.7,1252,1228
11745,2025-12-07,3,3,480.0,341.1,276.3,1228,1204
11746,2025-12-07,4,1,480.0,469.5,435.9,2753,2709
11747,2025-12-07,4,2,480.0,480.0,444.4,2807,2781
11748,2025-12-07,4,3,480.0,345.5,303.5,1917,1902
11749,2025-12-07,5,1,480.0,366.0,314.3,898,880
11750,2025-12-07,5,2,480.0,399.6,346.1,989,971
11751,2025-12-07,5,3,480.0,374.9,325.5,930,910
11752,2025-12-07,6,1,480.0,411.4,353.1,1009,993
11753,2025-12-07,6,2,480.0,400.2,339.5,970,950
11754,2025-12-07,6,3,450.1,388.7,324.4,927,909
11755,2025-12-07,7,1,480.0,418.6,320.0,800,778
11756,2025-12-07,7,2,480.0,310.5,236.0,590,575
11757,2025-12-07,7,3,480.0,313.5,232.0,580,565
11758,2025-12-07,8,1,480.0,476.0,401.0,1046,1020
11759,2025-12-07,8,2,480.0,389.3,328.5,857,837
11760,2025-12-07,8,3,456.7,381.0,308.6,805,783
11761,2025-12-07,9,1,480.0,480.0,442.1,1396,1386
11762,2025-12-07,9,2,480.0,480.0,438.3,1384,1371
11763,2025-12-07,9,3,480.0,480.0,408.2,1289,1273
11764,2025-12-07,10,1,480.0,415.1,354.5,1418,1391
11765,2025-12-07,10,2,480.0,459.0,382.2,1529,1506
11766,2025-12-07,10,3,480.0,441.8,361.0,1444,1422
11767,2025-12-07,11,1,480.0,445.8,378.6,1298,1270
11768,2025-12-07,11,2,480.0,386.2,336.6,1154,1129
11769,2025-12-07,11,3,480.0,366.2,293.1,1005,980
11770,2025-12-07,12,1,480.0,452.1,408.0,1530,1512
11771,2025-12-07,12,2,480.0,446.0,401.1,1504,1494
11772,2025-12-07,12,3,480.0,374.3,312.3,1171,1155
11773,2025-12-08,1,1,480.0,419.1,360.4,1802,1776
11774,2025-12-08,1,2,480.0,480.0,431.6,2158,2133
11775,2025-12-08,1,3,439.9,404.9,350.4,1752,1733
11776,2025-12-08,2,1,480.0,323.8,286.4,1432,1406
11777,2025-12-08,2,2,480.0,412.7,361.6,1808,1773
11778,2025-12-08,2,3,480.0,396.6,340.6,1703,1667
11779,2025-12-08,3,1,480.0,400.9,327.4,1455,1416
11780,2025-12-08,3,2,480.0,404.4,335.9,1493,1463
11781,2025-12-08,3,3,480.0,396.9,323.8,1439,1413
11782,2025-12-08,4,1,480.0,325.3,298.9,1888,1883
11783,2025-12-08,4,2,480.0,462.8,422.6,2669,2626
11784,2025-12-08,4,3,480.0,476.3,415.5,2624,2581
11785,2025-12-08,5,1,480.0,443.7,386.8,1105,1084
11786,2025-12-08,5,2,480.0,433.4,385.0,1100,1087
11787,2025-12-08,5,3,480.0,466.4,381.9,1091,1073
11788,2025-12-08,6,1,480.0,293.5,246.4,704,692
11789,2025-12-08,6,2,480.0,274.5,233.8,668,659
11790,2025-12-08,6,3,480.0,435.4,365.4,1044,1020
11791,2025-12-08,7,1,480.0,315.1,234.8,587,576
11792,2025-12-08,7,2,480.0,269.9,207.6,519,504
11793,2025-12-08,7,3,480.0,314.4,233.6,584,569
11794,2025-12-08,8,1,480.0,387.1,321.2,838,819
11795,2025-12-08,8,2,480.0,436.6,369.5,964,945
11796,2025-12-08,8,3,480.0,449.0,374.9,978,951
11797,2025-12-08,9,1,480.0,460.1,408.2,1289,1284
11798,2025-12-08,9,2,480.0,446.8,405.0,1279,1269
11799,2025-12-08,9,3,480.0,376.2,320.8,1013,1004
11800,2025-12-08,10,1,480.0,454.4,403.2,1613,1589
11801,2025-12-08,10,2,480.0,425.3,356.5,1426,1398
11802,2025-12-08,10,3,480.0,453.0,377.0,1508,1475
11803,2025-12-08,11,1,480.0,358.8,304.2,1043,1019
11804,2025-12-08,11,2,480.0,223.8,191.9,658,643
11805,2025-12-08,11,3,480.0,421.6,359.0,1231,1205
11806,2025-12-08,12,1,480.0,462.2,405.6,1521,1497
11807,2025-12-08,12,2,480.0,471.2,403.2,1512,1486
11808,2025-12-08,12,3,441.1,291.6,248.8,933,924
11809,2025-12-09,1,1,480.0,431.1,385.4,1927,1909
11810,2025-12-09,1,2,480.0,431.2,387.8,1939,1914
11811,2025-12-09,1,3,480.0,340.5,292.6,1463,1444
11812,2025-12-09,2,1,480.0,396.1,344.8,1724,1693
11813,2025-12-09,2,2,480.0,411.5,371.2,1856,1825
11814,2025-12-09,2,3,480.0,358.6,310.0,1550,1535
11815,2025-12-09,3,1,480.0,375.5,317.2,1410,1385
11816,2025-12-09,3,2,480.0,352.5,294.8,1310,1277
11817,2025-12-09,3,3,480.0,399.0,331.6,1474,1437
11818,2025-12-09,4,1,480.0,428.2,395.7,2499,2471
11819,2025-12-09,4,2,480.0,470.4,431.6,2726,2677
11820,2025-12-09,4,3,444.1,419.4,370.5,2340,2329
11821,2025-12-09,5,1,480.0,473.8,400.8,1145,1120
11822,2025-12-09,5,2,480.0,403.3,327.9,937,925
11823,2025-12-09,5,3,480.0,480.0,401.4,1147,1123
11824,2025-12-09,6,1,480.0,436.0,367.5,1050,1030
11825,2025-12-09,6,2,480.0,324.7,277.2,792,777
11826,2025-12-09,6,3,437.2,334.2,280.4,801,780
11827,2025-12-09,7,1,480.0,369.8,292.4,731,709
11828,2025-12-09,7,2,480.0,273.0,203.6,509,493
11829,2025-12-09,7,3,480.0,236.8,171.6,429,415
11830,2025-12-09,8,1,480.0,407.4,345.4,901,881
11831,2025-12-09,8,2,480.0,254.1,218.5,570,559
11832,2025-12-09,8,3,451.4,333.5,276.4,721,708
11833,2025-12-09,9,1,480.0,452.2,406.9,1285,1267
11834,2025-12-09,9,2,480.0,389.1,344.5,1088,1079
11835,2025-12-09,9,3,480.0,434.4,385.7,1218,1203
11836,2025-12-09,10,1,480.0,440.7,395.8,1583,1556
11837,2025-12-09,10,2,480.0,447.8,394.5,1578,1550
11838,2025-12-09,10,3,480.0,449.0,369.5,1478,1457
11839,2025-12-09,11,1,480.0,388.0,331.3,1136,1104
11840,2025-12-09,11,2,480.0,375.7,326.7,1120,1089
11841,2025-12-09,11,3,480.0,383.6,327.5,1123,1099
11842,2025-12-09,12,1,480.0,369.1,327.5,1228,1206
11843,2025-12-09,12,2,480.0,464.3,408.0,1530,1516
11844,2025-12-09,12,3,480.0,422.4,362.1,1358,1342
11845,2025-12-10,1,1,480.0,379.0,340.8,1704,1681
11846,2025-12-10,1,2,480.0,437.3,394.6,1973,1957
11847,2025-12-10,1,3,480.0,463.5,381.4,1907,1878
11848,2025-12-10,2,1,480.0,347.3,314.8,1574,1564
11849,2025-12-10,2,2,480.0,454.7,396.0,1980,1963
11850,2025-12-10,2,3,480.0,417.4,357.4,1787,1767
11851,2025-12-10,3,1,480.0,345.7,279.2,1241,1212
11852,2025-12-10,3,2,480.0,427.5,357.3,1588,1542
11853,2025-12-10,3,3,480.0,437.3,354.4,1575,1539
11854,2025-12-10,4,1,480.0,401.7,352.1,2224,2192
11855,2025-12-10,4,2,480.0,408.7,363.9,2298,2266
11856,2025-12-10,4,3,480.0,450.1,421.6,2663,2640
11857,2025-12-10,5,1,480.0,440.4,368.9,1054,1034
11858,2025-12-10,5,2,480.0,331.7,285.9,817,800
11859,2025-12-10,5,3,480.0,380.6,313.6,896,886
11860,2025-12-10,6,1,480.0,372.1,312.9,894,880
11861,2025-12-10,6,2,480.0,299.7,248.5,710,693
11862,2025-12-10,6,3,480.0,409.0,350.0,1000,979
11863,2025-12-10,7,1,480.0,308.7,238.0,595,581
11864,2025-12-10,7,2,480.0,308.2,236.8,592,582
11865,2025-12-10,7,3,480.0,321.9,237.2,593,581
11866,2025-12-10,8,1,480.0,348.9,283.3,739,726
11867,2025-12-10,8,2,480.0,376.0,318.9,832,815
11868,2025-12-10,8,3,480.0,434.2,354.2,924,901
11869,2025-12-10,9,1,480.0,471.7,413.6,1306,1283
11870,2025-12-10,9,2,480.0,446.5,420.2,1327,1299
11871,2025-12-10,9,3,480.0,367.8,315.4,996,980
11872,2025-12-10,10,1,480.0,446.4,387.8,1551,1520
11873,2025-12-10,10,2,480.0,455.0,396.5,1586,1561
11874,2025-12-10,10,3,480.0,452.7,373.2,1493,1457
11875,2025-12-10,11,1,480.0,467.6,388.5,1332,1307
11876,2025-12-10,11,2,480.0,460.3,379.8,1302,1269
11877,2025-12-10,11,3,480.0,386.0,313.0,1073,1054
11878,2025-12-10,12,1,480.0,315.1,288.3,1081,1071
11879,2025-12-10,12,2,480.0,460.4,408.8,1533,1513
11880,2025-12-10,12,3,480.0,410.1,348.8,1308,1290
11881,2025-12-11,1,1,480.0,384.2,349.8,1749,1716
11882,2025-12-11,1,2,480.0,457.2,418.0,2090,2059
11883,2025-12-11,1,3,480.0,457.0,401.2,2006,1985
11884,2025-12-11,2,1,480.0,352.6,317.2,1586,1566
11885,2025-12-11,2,2,480.0,374.1,327.6,1638,1610
11886,2025-12-11,2,3,480.0,374.1,317.8,1589,1558
11887,2025-12-11,3,1,480.0,372.0,305.1,1356,1325
11888,2025-12-11,3,2,480.0,371.2,310.7,1381,1344
11889,2025-12-11,3,3,480.0,416.6,335.0,1489,1459
11890,2025-12-11,4,1,480.0,466.8,434.5,2744,2733
11891,2025-12-11,4,2,480.0,457.6,418.5,2643,2622
11892,2025-12-11,4,3,480.0,428.0,374.8,2367,2337
11893,2025-12-11,5,1,480.0,430.3,363.3,1038,1026
11894,2025-12-11,5,2,480.0,432.0,372.4,1064,1038
11895,2025-12-11,5,3,480.0,335.1,273.7,782,771
11896,2025-12-11,6,1,480.0,403.4,335.6,959,940
11897,2025-12-11,6,2,480.0,449.8,393.4,1124,1104
11898,2025-12-11,6,3,480.0,405.5,336.7,962,942
11899,2025-12-11,7,1,480.0,278.2,217.2,543,529
11900,2025-12-11,7,2,480.0,273.9,212.4,531,516
11901,2025-12-11,7,3,480.0,294.6,226.0,565,550
11902,2025-12-11,8,1,480.0,448.5,401.0,1046,1013
11903,2025-12-11,8,2,480.0,431.6,359.6,938,917
11904,2025-12-11,8,3,480.0,311.5,263.4,687,675
11905,2025-12-11,9,1,480.0,476.0,428.4,1353,1327
11906,2025-12-11,9,2,480.0,446.0,407.9,1288,1259
11907,2025-12-11,9,3,480.0,462.3,396.8,1253,1234
11908,2025-12-11,10,1,480.0,321.0,277.0,1108,1084
11909,2025-12-11,10,2,480.0,427.0,375.2,1501,1478
11910,2025-12-11,10,3,480.0,224.2,189.2,757,746
11911,2025-12-11,11,1,480.0,383.9,328.7,1127,1096
11912,2025-12-11,11,2,480.0,370.7,308.3,1057,1039
11913,2025-12-11,11,3,480.0,325.7,264.8,908,887
11914,2025-12-11,12,1,480.0,453.4,402.1,1508,1483
11915,2025-12-11,12,2,480.0,472.8,422.9,1586,1565
11916,2025-12-11,12,3,480.0,430.1,362.7,1360,1338
11917,2025-12-12,1,1,260.6,248.6,221.6,1108,1101
11918,2025-12-12,1,2,480.0,455.8,409.4,2047,2018
11919,2025-12-12,1,3,480.0,452.3,398.6,1993,1968
11920,2025-12-12,2,1,480.0,436.2,378.2,1891,1867
11921,2025-12-12,2,2,480.0,455.5,391.4,1957,1926
11922,2025-12-12,2,3,480.0,453.6,391.4,1957,1925
11923,2025-12-12,3,1,480.0,370.4,309.1,1374,1337
11924,2025-12-12,3,2,480.0,396.8,327.1,1454,1425
11925,2025-12-12,3,3,448.8,334.1,268.4,1193,1170
11926,2025-12-12,4,1,480.0,406.4,368.0,2324,2309
11927,2025-12-12,4,2,480.0,480.0,442.9,2797,2759
11928,2025-12-12,4,3,480.0,442.6,382.7,2417,2390
11929,2025-12-12,5,1,480.0,449.3,385.0,1100,1076
11930,2025-12-12,5,2,480.0,332.4,293.3,838,823
11931,2025-12-12,5,3,480.0,331.1,283.9,811,794
11932,2025-12-12,6,1,480.0,439.7,388.5,1110,1091
11933,2025-12-12,6,2,480.0,288.6,248.8,711,695
11934,2025-12-12,6,3,480.0,412.8,340.9,974,955
11935,2025-12-12,7,1,480.0,291.6,225.6,564,550
11936,2025-12-12,7,2,480.0,330.9,250.4,626,612
11937,2025-12-12,7,3,480.0,284.3,210.0,525,512
11938,2025-12-12,8,1,480.0,439.3,373.4,974,960
11939,2025-12-12,8,2,480.0,408.3,343.1,895,872
11940,2025-12-12,8,3,480.0,315.2,262.2,684,666
11941,2025-12-12,9,1,480.0,480.0,413.6,1306,1297
11942,2025-12-12,9,2,480.0,355.3,318.9,1007,989
11943,2025-12-12,9,3,480.0,472.2,417.7,1319,1310
11944,2025-12-12,10,1,480.0,450.1,382.5,1530,1520
11945,2025-12-12,10,2,480.0,376.3,332.5,1330,1316
11946,2025-12-12,10,3,480.0,306.7,264.2,1057,1046
11947,2025-12-12,11,1,480.0,271.3,228.4,783,764
11948,2025-12-12,11,2,480.0,473.8,405.4,1390,1351
11949,2025-12-12,11,3,480.0,334.6,280.9,963,939
11950,2025-12-12,12,1,480.0,472.1,421.3,1580,1568
11951,2025-12-12,12,2,480.0,465.6,408.3,1531,1511
11952,2025-12-12,12,3,480.0,131.0,111.2,417,412
11953,2025-12-13,1,1,480.0,427.9,381.0,1905,1876
11954,2025-12-13,1,2,480.0,453.9,404.0,2020,2000
11955,2025-12-13,1,3,452.0,341.2,295.6,1478,1464
11956,2025-12-13,2,1,480.0,444.9,409.4,2047,2030
11957,2025-12-13,2,2,480.0,480.0,425.2,2126,2108
11958,2025-12-13,2,3,480.0,408.4,347.0,1735,1714
11959,2025-12-13,3,1,480.0,380.7,308.7,1372,1345
11960,2025-12-13,3,2,480.0,419.8,340.6,1514,1478
11961,2025-12-13,3,3,480.0,357.5,287.1,1276,1246
11962,2025-12-13,4,1,480.0,309.4,289.0,1825,1817
11963,2025-12-13,4,2,480.0,437.1,400.6,2530,2525
11964,2025-12-13,4,3,480.0,412.5,372.9,2355,2336
11965,2025-12-13,5,1,480.0,397.5,338.1,966,952
11966,2025-12-13,5,2,480.0,324.2,273.7,782,763
11967,2025-12-13,5,3,480.0,387.5,329.7,942,926
11968,2025-12-13,6,1,480.0,440.7,369.9,1057,1035
11969,2025-12-13,6,2,480.0,388.6,323.4,924,909
11970,2025-12-13,6,3,480.0,437.7,361.6,1033,1012
11971,2025-12-13,7,1,480.0,299.2,236.0,590,573
11972,2025-12-13,7,2,480.0,327.1,256.0,640,623
11973,2025-12-13,7,3,453.9,257.8,190.0,475,460
11974,2025-12-13,8,1,480.0,392.6,323.1,843,821
11975,2025-12-13,8,2,480.0,369.6,318.9,832,815
11976,2025-12-13,8,3,480.0,405.1,335.4,875,853
11977,2025-12-13,9,1,480.0,362.9,322.7,1019,1008
11978,2025-12-13,9,2,480.0,431.7,399.6,1262,1242
11979,2025-12-13,9,3,480.0,474.5,413.9,1307,1293
11980,2025-12-13,10,1,480.0,396.3,344.0,1376,1361
11981,2025-12-13,10,2,480.0,348.9,305.0,1220,1200
11982,2025-12-13,10,3,480.0,386.9,326.8,1307,1291
11983,2025-12-13,11,1,480.0,360.2,313.5,1075,1049
11984,2025-12-13,11,2,480.0,371.5,301.6,1034,1006
11985,2025-12-13,11,3,480.0,431.4,356.7,1223,1191
11986,2025-12-13,12,1,480.0,473.1,405.1,1519,1491
11987,2025-12-13,12,2,480.0,364.9,325.1,1219,1201
11988,2025-12-13,12,3,480.0,452.1,392.8,1473,1462
11989,2025-12-14,1,1,480.0,403.7,368.4,1842,1815
11990,2025-12-14,1,2,480.0,480.0,434.0,2170,2152
11991,2025-12-14,1,3,480.0,390.5,337.4,1687,1671
11992,2025-12-14,2,1,480.0,467.6,407.4,2037,2011
11993,2025-12-14,2,2,480.0,383.8,334.6,1673,1656
11994,2025-12-14,2,3,480.0,387.1,333.6,1668,1637
11995,2025-12-14,3,1,480.0,336.2,278.8,1239,1210
11996,2025-12-14,3,2,480.0,387.1,326.9,1453,1415
11997,2025-12-14,3,3,428.9,324.5,263.0,1169,1144
11998,2025-12-14,4,1,480.0,459.5,403.8,2550,2531
11999,2025-12-14,4,2,480.0,480.0,444.0,2804,2764
12000,2025-12-14,4,3,480.0,469.7,408.8,2582,2559
12001,2025-12-14,5,1,480.0,412.3,352.1,1006,985
12002,2025-12-14,5,2,480.0,340.4,300.6,859,839
12003,2025-12-14,5,3,480.0,415.1,335.6,959,939
12004,2025-12-14,6,1,480.0,357.5,304.1,869,854
12005,2025-12-14,6,2,480.0,444.0,389.9,1114,1091
12006,2025-12-14,6,3,480.0,369.2,310.1,886,861
12007,2025-12-14,7,1,480.0,268.9,200.8,502,488
12008,2025-12-14,7,2,480.0,321.7,245.6,614,599
12009,2025-12-14,7,3,480.0,335.0,256.0,640,623
12010,2025-12-14,8,1,480.0,442.1,382.2,997,976
12011,2025-12-14,8,2,480.0,385.7,317.4,828,807
12012,2025-12-14,8,3,480.0,261.6,220.8,576,561
12013,2025-12-14,9,1,480.0,430.3,392.4,1239,1220
12014,2025-12-14,9,2,480.0,386.2,345.8,1092,1077
12015,2025-12-14,9,3,480.0,427.6,385.7,1218,1202
12016,2025-12-14,10,1,480.0,452.3,413.2,1653,1619
12017,2025-12-14,10,2,480.0,427.6,375.2,1501,1475
12018,2025-12-14,10,3,480.0,432.7,358.0,1432,1414
12019,2025-12-14,11,1,480.0,473.8,399.3,1369,1327
12020,2025-12-14,11,2,480.0,370.0,329.6,1130,1107
12021,2025-12-14,11,3,480.0,344.9,280.3,961,938
12022,2025-12-14,12,1,480.0,480.0,420.0,1575,1561
12023,2025-12-14,12,2,480.0,463.8,392.3,1471,1453
12024,2025-12-14,12,3,480.0,171.4,145.6,546,538
12025,2025-12-15,1,1,480.0,469.3,407.2,2036,2020
12026,2025-12-15,1,2,480.0,435.1,386.2,1931,1914
12027,2025-12-15,1,3,480.0,475.4,419.0,2095,2072
12028,2025-12-15,2,1,480.0,480.0,416.2,2081,2044
12029,2025-12-15,2,2,480.0,445.7,399.6,1998,1968
12030,2025-12-15,2,3,480.0,472.6,393.4,1967,1944
12031,2025-12-15,3,1,480.0,384.3,333.4,1482,1446
12032,2025-12-15,3,2,480.0,425.3,361.8,1608,1573
12033,2025-12-15,3,3,480.0,382.3,316.1,1405,1372
12034,2025-12-15,4,1,480.0,420.3,393.8,2487,2444
12035,2025-12-15,4,2,480.0,480.0,435.1,2748,2712
12036,2025-12-15,4,3,480.0,458.7,402.6,2543,2526
12037,2025-12-15,5,1,480.0,444.0,391.3,1118,1091
12038,2025-12-15,5,2,480.0,375.3,321.6,919,902
12039,2025-12-15,5,3,480.0,403.9,333.6,953,934
12040,2025-12-15,6,1,480.0,371.9,325.9,931,915
12041,2025-12-15,6,2,480.0,461.6,393.1,1123,1094
12042,2025-12-15,6,3,480.0,304.1,248.2,709,699
12043,2025-12-15,7,1,480.0,215.7,164.8,412,400
12044,2025-12-15,7,2,480.0,341.4,266.8,667,647
12045,2025-12-15,7,3,480.0,217.8,165.6,414,400
12046,2025-12-15,8,1,480.0,454.7,396.4,1034,1015
12047,2025-12-15,8,2,480.0,387.4,324.3,846,825
12048,2025-12-15,8,3,480.0,374.7,310.9,811,792
12049,2025-12-15,9,1,480.0,472.2,433.5,1369,1355
12050,2025-12-15,9,2,480.0,449.7,403.4,1274,1264
12051,2025-12-15,9,3,443.7,409.0,351.8,1111,1096
12052,2025-12-15,10,1,480.0,340.2,294.5,1178,1162
12053,2025-12-15,10,2,480.0,378.0,322.2,1289,1266
12054,2025-12-15,10,3,480.0,435.9,377.0,1508,1472
12055,2025-12-15,11,1,480.0,308.7,261.0,895,875
12056,2025-12-15,11,2,480.0,354.9,307.1,1053,1031
12057,2025-12-15,11,3,480.0,369.3,307.1,1053,1032
12058,2025-12-15,12,1,480.0,476.0,413.1,1549,1527
12059,2025-12-15,12,2,480.0,420.3,354.9,1331,1315
12060,2025-12-15,12,3,480.0,408.4,360.0,1350,1332
12061,2025-12-16,1,1,480.0,448.2,408.4,2042,2016
12062,2025-12-16,1,2,480.0,480.0,414.2,2071,2049
12063,2025-12-16,1,3,480.0,452.5,389.0,1945,1911
12064,2025-12-16,2,1,480.0,426.1,367.6,1838,1806
12065,2025-12-16,2,2,480.0,407.8,370.0,1850,1825
12066,2025-12-16,2,3,480.0,402.6,350.8,1754,1734
12067,2025-12-16,3,1,480.0,338.1,285.5,1269,1237
12068,2025-12-16,3,2,480.0,321.3,260.8,1159,1137
12069,2025-12-16,3,3,480.0,460.0,363.4,1615,1584
12070,2025-12-16,4,1,480.0,421.6,390.9,2469,2454
12071,2025-12-16,4,2,480.0,475.6,432.4,2731,2695
12072,2025-12-16,4,3,480.0,449.0,403.0,2545,2508
12073,2025-12-16,5,1,480.0,313.8,271.2,775,763
12074,2025-12-16,5,2,480.0,377.9,319.6,913,895
12075,2025-12-16,5,3,480.0,435.3,358.4,1024,1005
12076,2025-12-16,6,1,480.0,480.0,408.1,1166,1142
12077,2025-12-16,6,2,480.0,476.3,395.1,1129,1111
12078,2025-12-16,6,3,480.0,398.7,333.9,954,936
12079,2025-12-16,7,1,480.0,389.4,286.4,716,696
12080,2025-12-16,7,2,480.0,384.1,300.8,752,735
12081,2025-12-16,7,3,480.0,371.5,277.2,693,673
12082,2025-12-16,8,1,480.0,396.8,333.5,870,853
12083,2025-12-16,8,2,480.0,449.1,376.1,981,969
12084,2025-12-16,8,3,480.0,426.7,352.7,920,904
12085,2025-12-16,9,1,480.0,474.3,438.3,1384,1356
12086,2025-12-16,9,2,480.0,431.1,384.4,1214,1199
12087,2025-12-16,9,3,480.0,444.7,381.6,1205,1187
12088,2025-12-16,10,1,480.0,418.5,367.5,1470,1446
12089,2025-12-16,10,2,480.0,475.8,415.2,1661,1636
12090,2025-12-16,10,3,480.0,454.7,377.2,1509,1482
12091,2025-12-16,11,1,480.0,443.1,380.6,1305,1283
12092,2025-12-16,11,2,480.0,361.6,307.4,1054,1034
12093,2025-12-16,11,3,480.0,240.8,198.3,680,659
12094,2025-12-16,12,1,480.0,480.0,418.1,1568,1541
12095,2025-12-16,12,2,480.0,348.1,308.0,1155,1140
12096,2025-12-16,12,3,480.0,407.5,345.6,1296,1277
12097,2025-12-17,1,1,480.0,408.8,367.2,1836,1807
12098,2025-12-17,1,2,480.0,403.1,353.6,1768,1746
12099,2025-12-17,1,3,480.0,409.1,360.0,1800,1778
12100,2025-12-17,2,1,480.0,361.1,323.2,1616,1596
12101,2025-12-17,2,2,480.0,480.0,429.6,2148,2124
12102,2025-12-17,2,3,480.0,438.3,366.8,1834,1807
12103,2025-12-17,3,1,480.0,285.8,237.2,1054,1022
12104,2025-12-17,3,2,480.0,467.4,385.6,1714,1670
12105,2025-12-17,3,3,480.0,395.6,321.3,1428,1400
12106,2025-12-17,4,1,480.0,356.6,328.2,2073,2052
12107,2025-12-17,4,2,480.0,409.8,377.1,2382,2368
12108,2025-12-17,4,3,480.0,420.6,372.7,2354,2336
12109,2025-12-17,5,1,480.0,354.9,297.5,850,842
12110,2025-12-17,5,2,480.0,452.3,393.1,1123,1102
12111,2025-12-17,5,3,480.0,407.8,338.8,968,952
12112,2025-12-17,6,1,480.0,430.0,369.9,1057,1040
12113,2025-12-17,6,2,480.0,423.6,371.7,1062,1043
12114,2025-12-17,6,3,480.0,404.0,326.9,934,912
12115,2025-12-17,7,1,480.0,311.9,244.8,612,591
12116,2025-12-17,7,2,480.0,362.9,284.4,711,691
12117,2025-12-17,7,3,480.0,329.8,250.0,625,609
12118,2025-12-17,8,1,297.8,143.5,125.0,326,322
12119,2025-12-17,8,2,480.0,280.1,248.4,648,635
12120,2025-12-17,8,3,480.0,291.7,242.3,632,619
12121,2025-12-17,9,1,480.0,456.8,419.9,1326,1307
12122,2025-12-17,9,2,480.0,480.0,433.5,1369,1356
12123,2025-12-17,9,3,480.0,425.9,363.2,1147,1130
12124,2025-12-17,10,1,480.0,450.2,404.0,1616,1586
12125,2025-12-17,10,2,480.0,480.0,429.5,1718,1686
12126,2025-12-17,10,3,480.0,434.6,363.0,1452,1427
12127,2025-12-17,11,1,480.0,429.2,349.4,1198,1174
12128,2025-12-17,11,2,480.0,384.7,317.3,1088,1060
12129,2025-12-17,11,3,480.0,423.6,344.8,1182,1157
12130,2025-12-17,12,1,480.0,464.3,422.1,1583,1556
12131,2025-12-17,12,2,480.0,432.4,376.8,1413,1389
12132,2025-12-17,12,3,480.0,346.5,297.9,1117,1095
12133,2025-12-18,1,1,480.0,443.4,403.2,2016,1996
12134,2025-12-18,1,2,480.0,364.8,319.4,1597,1576
12135,2025-12-18,1,3,480.0,441.9,372.8,1864,1832
12136,2025-12-18,2,1,480.0,430.2,388.2,1941,1905
12137,2025-12-18,2,2,480.0,429.7,371.6,1858,1842
12138,2025-12-18,2,3,480.0,453.3,381.2,1906,1881
12139,2025-12-18,3,1,480.0,443.7,376.2,1672,1623
12140,2025-12-18,3,2,480.0,320.0,268.6,1194,1172
12141,2025-12-18,3,3,480.0,460.8,364.3,1619,1582
12142,2025-12-18,4,1,480.0,461.6,416.6,2631,2601
12143,2025-12-18,4,2,480.0,446.7,422.4,2668,2641
12144,2025-12-18,4,3,448.9,425.1,373.4,2358,2341
12145,2025-12-18,5,1,480.0,467.0,407.8,1165,1143
12146,2025-12-18,5,2,480.0,364.5,311.5,890,869
12147,2025-12-18,5,3,480.0,387.3,319.9,914,897
12148,2025-12-18,6,1,480.0,453.6,393.8,1125,1099
12149,2025-12-18,6,2,480.0,476.0,410.9,1174,1152
12150,2025-12-18,6,3,480.0,452.3,367.9,1051,1026
12151,2025-12-18,7,1,480.0,387.6,286.8,717,701
12152,2025-12-18,7,2,480.0,281.1,216.0,540,525
12153,2025-12-18,7,3,480.0,368.9,262.8,657,640
12154,2025-12-18,8,1,480.0,396.0,333.5,870,853
12155,2025-12-18,8,2,480.0,399.1,354.2,924,900
12156,2025-12-18,8,3,480.0,363.0,305.9,798,780
12157,2025-12-18,9,1,480.0,434.8,403.8,1275,1266
12158,2025-12-18,9,2,480.0,451.9,394.2,1245,1225
12159,2025-12-18,9,3,480.0,419.1,371.8,1174,1162
12160,2025-12-18,10,1,480.0,441.8,388.5,1554,1526
12161,2025-12-18,10,2,480.0,448.2,405.5,1622,1599
12162,2025-12-18,10,3,480.0,448.8,373.5,1494,1482
12163,2025-12-18,11,1,480.0,434.6,369.5,1267,1235
12164,2025-12-18,11,2,480.0,375.5,320.5,1099,1078
12165,2025-12-18,11,3,480.0,266.3,224.3,769,750
12166,2025-12-18,12,1,480.0,417.5,367.2,1377,1358
12167,2025-12-18,12,2,480.0,456.0,400.8,1503,1490
12168,2025-12-18,12,3,480.0,313.3,266.4,999,982
12169,2025-12-19,1,1,480.0,476.8,431.0,2155,2132
12170,2025-12-19,1,2,480.0,467.9,415.2,2076,2057
12171,2025-12-19,1,3,480.0,339.0,297.8,1489,1471
12172,2025-12-19,2,1,480.0,407.4,358.8,1794,1779
12173,2025-12-19,2,2,480.0,454.0,395.4,1977,1942
12174,2025-12-19,2,3,480.0,421.5,365.2,1826,1808
12175,2025-12-19,3,1,480.0,451.8,386.1,1716,1665
12176,2025-12-19,3,2,480.0,394.5,332.3,1477,1445
12177,2025-12-19,3,3,480.0,430.2,352.6,1567,1539
12178,2025-12-19,4,1,480.0,409.8,363.4,2295,2268
12179,2025-12-19,4,2,480.0,408.7,369.2,2332,2313
12180,2025-12-19,4,3,480.0,447.6,392.0,2476,2451
12181,2025-12-19,5,1,480.0,480.0,415.1,1186,1165
12182,2025-12-19,5,2,480.0,283.8,241.2,689,679
12183,2025-12-19,5,3,480.0,405.8,320.6,916,897
12184,2025-12-19,6,1,480.0,446.8,361.9,1034,1007
12185,2025-12-19,6,2,480.0,339.5,286.6,819,806
12186,2025-12-19,6,3,480.0,312.0,259.7,742,729
12187,2025-12-19,7,1,480.0,425.2,324.4,811,786
12188,2025-12-19,7,2,480.0,291.6,217.2,543,529
12189,2025-12-19,7,3,480.0,336.6,251.6,629,612
12190,2025-12-19,8,1,480.0,390.5,337.7,881,859
12191,2025-12-19,8,2,480.0,372.1,318.6,831,810
12192,2025-12-19,8,3,480.0,444.3,369.9,965,946
12193,2025-12-19,9,1,480.0,402.1,358.1,1131,1118
12194,2025-12-19,9,2,480.0,389.8,341.4,1078,1061
12195,2025-12-19,9,3,480.0,472.0,423.1,1336,1321
12196,2025-12-19,10,1,480.0,466.5,407.2,1629,1603
12197,2025-12-19,10,2,480.0,466.5,413.8,1655,1623
12198,2025-12-19,10,3,480.0,458.4,373.8,1495,1474
12199,2025-12-19,11,1,480.0,325.7,275.9,946,926
12200,2025-12-19,11,2,480.0,386.5,336.9,1155,1126
12201,2025-12-19,11,3,480.0,324.8,273.3,937,910
12202,2025-12-19,12,1,480.0,480.0,404.5,1517,1493
12203,2025-12-19,12,2,480.0,438.6,380.8,1428,1406
12204,2025-12-19,12,3,480.0,471.3,383.5,1438,1417
12205,2025-12-20,1,1,480.0,396.0,359.8,1799,1777
12206,2025-12-20,1,2,480.0,456.3,401.0,2005,1983
12207,2025-12-20,1,3,480.0,417.7,352.0,1760,1738
12208,2025-12-20,2,1,480.0,426.9,373.8,1869,1837
12209,2025-12-20,2,2,480.0,457.9,406.0,2030,1998
12210,2025-12-20,2,3,447.3,318.9,263.6,1318,1292
12211,2025-12-20,3,1,480.0,406.6,330.5,1469,1432
12212,2025-12-20,3,2,480.0,428.1,357.3,1588,1555
12213,2025-12-20,3,3,480.0,439.9,357.3,1588,1551
12214,2025-12-20,4,1,480.0,401.9,374.3,2364,2362
12215,2025-12-20,4,2,480.0,471.8,418.0,2640,2632
12216,2025-12-20,4,3,480.0,463.1,412.9,2608,2588
12217,2025-12-20,5,1,480.0,387.6,340.9,974,963
12218,2025-12-20,5,2,480.0,328.5,274.1,783,770
12219,2025-12-20,5,3,480.0,460.3,385.4,1101,1078
12220,2025-12-20,6,1,480.0,395.6,342.3,978,957
12221,2025-12-20,6,2,480.0,435.9,363.6,1039,1015
12222,2025-12-20,6,3,480.0,419.2,347.6,993,974
12223,2025-12-20,7,1,480.0,364.5,273.6,684,667
12224,2025-12-20,7,2,480.0,393.4,292.4,731,712
12225,2025-12-20,7,3,480.0,295.4,216.0,540,527
12226,2025-12-20,8,1,480.0,348.7,298.2,778,762
12227,2025-12-20,8,2,480.0,439.8,373.4,974,953
12228,2025-12-20,8,3,480.0,356.7,302.8,790,775
12229,2025-12-20,9,1,480.0,477.0,410.4,1296,1282
12230,2025-12-20,9,2,480.0,468.0,423.1,1336,1312
12231,2025-12-20,9,3,480.0,442.8,374.9,1184,1171
12232,2025-12-20,10,1,480.0,449.1,386.8,1547,1524
12233,2025-12-20,10,2,480.0,439.3,386.5,1546,1522
12234,2025-12-20,10,3,480.0,367.5,311.2,1245,1226
12235,2025-12-20,11,1,480.0,471.7,390.5,1339,1309
12236,2025-12-20,11,2,480.0,446.5,370.1,1269,1244
12237,2025-12-20,11,3,480.0,315.9,260.8,894,873
12238,2025-12-20,12,1,480.0,452.4,386.9,1451,1432
12239,2025-12-20,12,2,480.0,453.7,397.3,1490,1465
12240,2025-12-20,12,3,480.0,315.3,263.5,988,965
12241,2025-12-21,1,1,480.0,405.1,371.8,1859,1850
12242,2025-12-21,1,2,480.0,382.0,334.4,1672,1654
12243,2025-12-21,1,3,480.0,467.0,404.4,2022,2006
12244,2025-12-21,2,1,480.0,331.5,293.6,1468,1442
12245,2025-12-21,2,2,480.0,480.0,417.6,2088,2053
12246,2025-12-21,2,3,480.0,376.8,320.6,1603,1572
12247,2025-12-21,3,1,480.0,306.7,250.0,1111,1082
12248,2025-12-21,3,2,480.0,412.1,344.2,1530,1492
12249,2025-12-21,3,3,480.0,295.2,234.0,1040,1015
12250,2025-12-21,4,1,480.0,480.0,439.9,2778,2740
12251,2025-12-21,4,2,480.0,410.4,377.8,2386,2374
12252,2025-12-21,4,3,480.0,464.2,402.2,2540,2505
12253,2025-12-21,5,1,480.0,377.4,332.5,950,935
12254,2025-12-21,5,2,480.0,456.9,386.8,1105,1087
12255,2025-12-21,5,3,480.0,409.4,345.1,986,965
12256,2025-12-21,6,1,480.0,437.7,371.4,1061,1040
12257,2025-12-21,6,2,480.0,441.7,379.8,1085,1055
12258,2025-12-21,6,3,480.0,431.4,350.4,1001,977
12259,2025-12-21,7,1,480.0,290.4,226.0,565,552
12260,2025-12-21,7,2,480.0,237.9,180.4,451,439
12261,2025-12-21,7,3,480.0,288.8,216.0,540,526
12262,2025-12-21,8,1,480.0,359.5,318.9,832,816
12263,2025-12-21,8,2,480.0,442.0,375.7,980,957
12264,2025-12-21,8,3,480.0,287.2,232.3,606,593
12265,2025-12-21,9,1,480.0,451.9,387.9,1225,1208
12266,2025-12-21,9,2,480.0,473.2,423.7,1338,1314
12267,2025-12-21,9,3,480.0,472.3,409.1,1292,1276
12268,2025-12-21,10,1,480.0,403.6,343.8,1375,1360
12269,2025-12-21,10,2,480.0,340.2,294.8,1179,1154
12270,2025-12-21,10,3,480.0,480.0,392.2,1569,1545
12271,2025-12-21,11,1,480.0,426.7,359.6,1233,1200
12272,2025-12-21,11,2,480.0,434.6,367.5,1260,1234
12273,2025-12-21,11,3,480.0,323.9,273.3,937,913
12274,2025-12-21,12,1,480.0,385.4,336.0,1260,1235
12275,2025-12-21,12,2,480.0,419.6,361.9,1357,1339
12276,2025-12-21,12,3,480.0,343.4,301.9,1132,1109
12277,2025-12-22,1,1,480.0,334.4,298.4,1492,1475
12278,2025-12-22,1,2,480.0,378.4,334.8,1674,1663
12279,2025-12-22,1,3,480.0,474.7,410.8,2054,2028
12280,2025-12-22,2,1,480.0,460.8,399.8,1999,1973
12281,2025-12-22,2,2,480.0,377.6,334.4,1672,1646
12282,2025-12-22,2,3,480.0,426.2,367.8,1839,1820
12283,2025-12-22,3,1,480.0,422.8,348.1,1547,1519
12284,2025-12-22,3,2,480.0,456.2,369.4,1642,1613
12285,2025-12-22,3,3,480.0,429.9,342.4,1522,1487
12286,2025-12-22,4,1,480.0,472.3,437.0,2760,2715
12287,2025-12-22,4,2,480.0,471.3,423.1,2672,2663
12288,2025-12-22,4,3,480.0,427.2,375.9,2374,2343
12289,2025-12-22,5,1,480.0,471.4,404.2,1155,1136
12290,2025-12-22,5,2,480.0,468.1,406.0,1160,1140
12291,2025-12-22,5,3,480.0,414.8,345.1,986,971
12292,2025-12-22,6,1,480.0,460.8,390.6,1116,1090
12293,2025-12-22,6,2,480.0,415.6,338.4,967,952
12294,2025-12-22,6,3,480.0,345.1,285.9,817,800
12295,2025-12-22,7,1,480.0,334.4,257.6,644,630
12296,2025-12-22,7,2,480.0,327.4,252.0,630,613
12297,2025-12-22,7,3,480.0,324.7,234.4,586,567
12298,2025-12-22,8,1,480.0,342.0,292.9,764,749
12299,2025-12-22,8,2,480.0,446.3,378.4,987,967
12300,2025-12-22,8,3,480.0,303.9,241.9,631,623
12301,2025-12-22,9,1,480.0,423.4,374.3,1182,1164
12302,2025-12-22,9,2,480.0,429.5,387.6,1224,1212
12303,2025-12-22,9,3,480.0,459.2,404.1,1276,1255
12304,2025-12-22,10,1,480.0,480.0,401.5,1606,1584
12305,2025-12-22,10,2,480.0,349.8,313.8,1255,1236
12306,2025-12-22,10,3,480.0,374.7,317.5,1270,1247
12307,2025-12-22,11,1,480.0,327.1,270.7,928,909
12308,2025-12-22,11,2,480.0,346.2,294.6,1010,985
12309,2025-12-22,11,3,442.2,322.8,270.7,928,905
12310,2025-12-22,12,1,480.0,453.7,396.8,1488,1462
12311,2025-12-22,12,2,480.0,451.6,387.2,1452,1431
12312,2025-12-22,12,3,480.0,441.2,369.6,1386,1361
12313,2025-12-23,1,1,480.0,424.8,369.0,1845,1825
12314,2025-12-23,1,2,480.0,453.8,399.8,1999,1967
12315,2025-12-23,1,3,480.0,471.4,410.8,2054,2021
12316,2025-12-23,2,1,480.0,480.0,429.8,2149,2119
12317,2025-12-23,2,2,480.0,460.2,411.8,2059,2027
12318,2025-12-23,2,3,480.0,460.7,388.0,1940,1920
12319,2025-12-23,3,1,321.0,237.6,189.4,842,822
12320,2025-12-23,3,2,480.0,406.1,344.5,1531,1483
12321,2025-12-23,3,3,480.0,381.4,315.2,1401,1367
12322,2025-12-23,4,1,480.0,450.3,410.9,2595,2555
12323,2025-12-23,4,2,480.0,429.9,399.5,2523,2484
12324,2025-12-23,4,3,480.0,425.0,374.9,2368,2342
12325,2025-12-23,5,1,480.0,413.8,365.4,1044,1027
12326,2025-12-23,5,2,480.0,388.6,326.2,932,915
12327,2025-12-23,5,3,480.0,435.6,369.2,1055,1041
12328,2025-12-23,6,1,480.0,459.6,386.1,1103,1078
12329,2025-12-23,6,2,480.0,413.5,358.1,1023,1001
12330,2025-12-23,6,3,480.0,396.6,319.9,914,891
12331,2025-12-23,7,1,480.0,384.8,284.0,710,684
12332,2025-12-23,7,2,480.0,346.2,262.8,657,640
12333,2025-12-23,7,3,480.0,210.4,159.6,399,391
12334,2025-12-23,8,1,480.0,379.0,319.7,834,816
12335,2025-12-23,8,2,480.0,480.0,402.9,1051,1034
12336,2025-12-23,8,3,480.0,423.9,341.6,891,876
12337,2025-12-23,9,1,480.0,463.5,422.4,1334,1312
12338,2025-12-23,9,2,480.0,415.0,372.4,1176,1160
12339,2025-12-23,9,3,480.0,462.7,405.3,1280,1264
12340,2025-12-23,10,1,311.0,248.1,213.0,852,840
12341,2025-12-23,10,2,480.0,453.4,411.0,1644,1616
12342,2025-12-23,10,3,480.0,463.6,397.0,1588,1554
12343,2025-12-23,11,1,234.2,94.4,81.1,278,273
12344,2025-12-23,11,2,480.0,407.3,359.0,1231,1202
12345,2025-12-23,11,3,480.0,196.8,164.5,564,556
12346,2025-12-23,12,1,480.0,438.4,383.5,1438,1422
12347,2025-12-23,12,2,480.0,447.2,396.5,1487,1482
12348,2025-12-23,12,3,480.0,476.5,407.2,1527,1525
12349,2025-12-24,1,1,480.0,343.8,313.6,1568,1541
12350,2025-12-24,1,2,480.0,477.3,411.2,2056,2045
12351,2025-12-24,1,3,480.0,475.2,416.6,2083,2058
12352,2025-12-24,2,1,480.0,433.6,374.4,1872,1861
12353,2025-12-24,2,2,480.0,467.3,404.6,2023,2006
12354,2025-12-24,2,3,480.0,383.2,320.2,1601,1581
12355,2025-12-24,3,1,480.0,367.2,308.5,1371,1337
12356,2025-12-24,3,2,480.0,257.2,213.5,949,930
12357,2025-12-24,3,3,480.0,385.3,310.1,1378,1347
12358,2025-12-24,4,1,480.0,480.0,432.1,2729,2704
12359,2025-12-24,4,2,480.0,471.1,432.6,2732,2698
12360,2025-12-24,4,3,445.1,429.7,371.0,2343,2322
12361,2025-12-24,5,1,480.0,455.2,394.4,1127,1107
12362,2025-12-24,5,2,480.0,423.2,371.4,1061,1042
12363,2025-12-24,5,3,480.0,480.0,409.1,1169,1150
12364,2025-12-24,6,1,480.0,378.8,327.9,937,917
12365,2025-12-24,6,2,480.0,383.5,325.9,931,921
12366,2025-12-24,6,3,480.0,407.3,349.6,999,984
12367,2025-12-24,7,1,480.0,232.6,175.6,439,427
12368,2025-12-24,7,2,480.0,334.8,255.2,638,619
12369,2025-12-24,7,3,480.0,246.1,183.2,458,447
12370,2025-12-24,8,1,480.0,469.3,410.9,1072,1051
12371,2025-12-24,8,2,480.0,458.3,397.9,1038,1020
12372,2025-12-24,8,3,480.0,360.4,297.5,776,762
12373,2025-12-24,9,1,480.0,403.3,375.2,1185,1174
12374,2025-12-24,9,2,480.0,480.0,423.1,1336,1326
12375,2025-12-24,9,3,480.0,340.3,304.9,963,951
12376,2025-12-24,10,1,480.0,397.6,342.5,1370,1353
12377,2025-12-24,10,2,480.0,421.3,363.0,1452,1430
12378,2025-12-24,10,3,480.0,400.8,327.8,1311,1287
12379,2025-12-24,11,1,480.0,240.9,207.1,710,690
12380,2025-12-24,11,2,480.0,443.3,386.5,1325,1290
12381,2025-12-24,11,3,480.0,406.6,343.6,1178,1151
12382,2025-12-24,12,1,480.0,476.5,418.9,1571,1559
12383,2025-12-24,12,2,480.0,446.6,383.2,1437,1415
12384,2025-12-24,12,3,480.0,465.6,389.9,1462,1434
12385,2025-12-25,1,1,480.0,472.5,426.0,2130,2100
12386,2025-12-25,1,2,480.0,457.2,401.6,2008,1990
12387,2025-12-25,1,3,480.0,458.9,398.6,1993,1969
12388,2025-12-25,2,1,480.0,423.5,365.8,1829,1817
12389,2025-12-25,2,2,480.0,456.6,411.4,2057,2036
12390,2025-12-25,2,3,480.0,442.9,376.6,1883,1856
12391,2025-12-25,3,1,480.0,361.8,295.2,1312,1287
12392,2025-12-25,3,2,480.0,437.1,372.1,1654,1621
12393,2025-12-25,3,3,480.0,402.0,321.5,1429,1394
12394,2025-12-25,4,1,480.0,472.4,436.1,2754,2740
12395,2025-12-25,4,2,480.0,470.8,413.1,2609,2574
12396,2025-12-25,4,3,480.0,480.0,431.1,2723,2710
12397,2025-12-25,5,1,480.0,388.7,325.9,931,917
12398,2025-12-25,5,2,480.0,438.5,385.7,1102,1078
12399,2025-12-25,5,3,480.0,444.0,374.9,1071,1052
12400,2025-12-25,6,1,480.0,464.4,395.5,1130,1105
12401,2025-12-25,6,2,480.0,402.7,348.6,996,976
12402,2025-12-25,6,3,480.0,382.4,321.6,919,901
12403,2025-12-25,7,1,480.0,340.4,257.6,644,624
12404,2025-12-25,7,2,480.0,324.1,250.4,626,611
12405,2025-12-25,7,3,480.0,305.4,223.6,559,542
12406,2025-12-25,8,1,480.0,377.4,328.1,856,839
12407,2025-12-25,8,2,480.0,403.8,333.9,871,857
12408,2025-12-25,8,3,480.0,385.4,325.1,848,828
12409,2025-12-25,9,1,480.0,460.3,420.2,1327,1307
12410,2025-12-25,9,2,480.0,439.6,395.5,1249,1235
12411,2025-12-25,9,3,480.0,434.5,367.0,1159,1152
12412,2025-12-25,10,1,480.0,381.2,325.2,1301,1286
12413,2025-12-25,10,2,480.0,475.2,402.0,1608,1581
12414,2025-12-25,10,3,480.0,433.4,357.5,1430,1407
12415,2025-12-25,11,1,480.0,469.2,385.0,1320,1286
12416,2025-12-25,11,2,480.0,428.1,365.2,1252,1225
12417,2025-12-25,11,3,480.0,329.5,269.8,925,905
12418,2025-12-25,12,1,480.0,449.6,396.0,1485,1468
12419,2025-12-25,12,2,480.0,422.6,377.1,1414,1398
12420,2025-12-25,12,3,480.0,439.9,375.5,1408,1396
12421,2025-12-26,1,1,480.0,401.2,363.2,1816,1798
12422,2025-12-26,1,2,480.0,376.9,331.4,1657,1640
12423,2025-12-26,1,3,452.8,390.7,328.4,1642,1626
12424,2025-12-26,2,1,480.0,391.2,347.4,1737,1718
12425,2025-12-26,2,2,480.0,348.2,309.6,1548,1529
12426,2025-12-26,2,3,480.0,456.6,400.4,2002,1974
12427,2025-12-26,3,1,480.0,415.1,334.4,1486,1455
12428,2025-12-26,3,2,480.0,416.9,333.0,1480,1451
12429,2025-12-26,3,3,480.0,292.5,242.1,1076,1046
12430,2025-12-26,4,1,480.0,480.0,430.7,2720,2680
12431,2025-12-26,4,2,480.0,475.7,434.5,2744,2733
12432,2025-12-26,4,3,480.0,365.7,320.8,2026,2004
12433,2025-12-26,5,1,480.0,292.1,253.1,723,712
12434,2025-12-26,5,2,480.0,395.2,338.4,967,948
12435,2025-12-26,5,3,480.0,357.1,291.2,832,812
12436,2025-12-26,6,1,480.0,406.5,341.6,976,954
12437,2025-12-26,6,2,480.0,435.3,352.1,1006,995
12438,2025-12-26,6,3,480.0,421.7,348.9,997,980
12439,2025-12-26,7,1,480.0,243.3,185.2,463,452
12440,2025-12-26,7,2,480.0,259.8,198.4,496,486
12441,2025-12-26,7,3,480.0,317.2,234.4,586,568
12442,2025-12-26,8,1,480.0,315.2,269.5,703,690
12443,2025-12-26,8,2,480.0,469.6,405.2,1057,1040
12444,2025-12-26,8,3,480.0,368.5,305.5,797,776
12445,2025-12-26,9,1,480.0,480.0,424.0,1339,1311
12446,2025-12-26,9,2,480.0,420.0,386.3,1220,1202
12447,2025-12-26,9,3,480.0,436.3,361.6,1142,1134
12448,2025-12-26,10,1,480.0,467.8,413.8,1655,1627
12449,2025-12-26,10,2,480.0,480.0,414.2,1657,1635
12450,2025-12-26,10,3,480.0,395.4,330.5,1322,1299
12451,2025-12-26,11,1,480.0,292.3,254.3,872,855
12452,2025-12-26,11,2,480.0,327.8,287.9,987,967
12453,2025-12-26,11,3,480.0,428.9,348.0,1193,1169
12454,2025-12-26,12,1,480.0,406.4,377.1,1414,1378
12455,2025-12-26,12,2,480.0,457.9,396.8,1488,1465
12456,2025-12-26,12,3,480.0,298.3,245.9,922,911
12457,2025-12-27,1,1,480.0,425.2,377.6,1888,1860
12458,2025-12-27,1,2,480.0,330.1,292.6,1463,1440
12459,2025-12-27,1,3,480.0,462.0,398.0,1990,1980
12460,2025-12-27,2,1,480.0,439.6,389.2,1946,1915
12461,2025-12-27,2,2,480.0,334.1,282.8,1414,1391
12462,2025-12-27,2,3,480.0,461.7,390.2,1951,1918
12463,2025-12-27,3,1,480.0,372.1,310.7,1381,1346
12464,2025-12-27,3,2,480.0,351.3,294.1,1307,1272
12465,2025-12-27,3,3,480.0,459.1,369.2,1641,1606
12466,2025-12-27,4,1,480.0,452.2,409.8,2588,2567
12467,2025-12-27,4,2,480.0,443.2,404.4,2554,2547
12468,2025-12-27,4,3,480.0,447.9,401.2,2534,2500
12469,2025-12-27,5,1,480.0,420.5,358.8,1025,1003
12470,2025-12-27,5,2,480.0,380.8,325.9,931,907
12471,2025-12-27,5,3,480.0,453.1,376.9,1077,1063
12472,2025-12-27,6,1,480.0,337.0,285.9,817,803
12473,2025-12-27,6,2,480.0,375.1,320.2,915,897
12474,2025-12-27,6,3,480.0,334.7,275.1,786,769
12475,2025-12-27,7,1,287.7,65.8,50.0,125,123
12476,2025-12-27,7,2,480.0,251.5,188.8,472,459
12477,2025-12-27,7,3,480.0,326.3,236.8,592,578
12478,2025-12-27,8,1,480.0,395.2,335.4,875,855
12479,2025-12-27,8,2,480.0,209.7,177.9,464,452
12480,2025-12-27,8,3,480.0,409.9,343.1,895,879
12481,2025-12-27,9,1,480.0,414.4,374.6,1183,1171
12482,2025-12-27,9,2,480.0,448.3,398.1,1257,1238
12483,2025-12-27,9,3,480.0,297.9,258.4,816,808
12484,2025-12-27,10,1,480.0,273.0,236.2,945,924
12485,2025-12-27,10,2,480.0,435.3,384.5,1538,1514
12486,2025-12-27,10,3,480.0,436.8,353.8,1415,1394
12487,2025-12-27,11,1,480.0,422.7,367.2,1259,1232
12488,2025-12-27,11,2,480.0,419.7,372.2,1276,1244
12489,2025-12-27,11,3,451.3,401.5,326.7,1120,1091
12490,2025-12-27,12,1,327.6,290.5,247.7,929,918
12491,2025-12-27,12,2,480.0,453.8,395.7,1484,1456
12492,2025-12-27,12,3,480.0,480.0,409.1,1534,1524
12493,2025-12-28,1,1,480.0,464.2,421.0,2105,2079
12494,2025-12-28,1,2,480.0,462.3,414.0,2070,2054
12495,2025-12-28,1,3,480.0,458.5,389.6,1948,1930
12496,2025-12-28,2,1,480.0,480.0,422.0,2110,2071
12497,2025-12-28,2,2,480.0,430.1,371.8,1859,1844
12498,2025-12-28,2,3,480.0,468.5,397.6,1988,1974
12499,2025-12-28,3,1,480.0,471.0,396.2,1761,1720
12500,2025-12-28,3,2,480.0,378.9,319.9,1422,1389
12501,2025-12-28,3,3,480.0,434.8,344.7,1532,1510
12502,2025-12-28,4,1,480.0,480.0,429.9,2715,2698
12503,2025-12-28,4,2,480.0,476.5,435.1,2748,2709
12504,2025-12-28,4,3,445.1,445.1,385.2,2433,2399
12505,2025-12-28,5,1,480.0,473.7,410.6,1173,1159
12506,2025-12-28,5,2,480.0,327.2,284.9,814,808
12507,2025-12-28,5,3,480.0,330.6,290.9,831,821
12508,2025-12-28,6,1,480.0,287.1,241.8,691,676
12509,2025-12-28,6,2,480.0,366.7,308.4,881,860
12510,2025-12-28,6,3,480.0,376.3,312.2,892,878
12511,2025-12-28,7,1,480.0,233.9,181.2,453,439
12512,2025-12-28,7,2,480.0,343.3,263.2,658,637
12513,2025-12-28,7,3,480.0,311.6,232.8,582,567
12514,2025-12-28,8,1,480.0,432.4,381.8,996,971
12515,2025-12-28,8,2,480.0,399.2,344.6,899,882
12516,2025-12-28,8,3,480.0,399.9,336.6,878,861
12517,2025-12-28,9,1,480.0,480.0,447.1,1412,1394
12518,2025-12-28,9,2,480.0,410.1,366.4,1157,1143
12519,2025-12-28,9,3,480.0,440.6,394.2,1245,1228
12520,2025-12-28,10,1,480.0,439.1,379.8,1519,1498
12521,2025-12-28,10,2,480.0,450.4,390.5,1562,1529
12522,2025-12-28,10,3,480.0,179.4,156.2,625,615
12523,2025-12-28,11,1,480.0,378.3,315.6,1082,1057
12524,2025-12-28,11,2,480.0,401.7,336.6,1154,1126
12525,2025-12-28,11,3,480.0,452.0,366.0,1255,1225
12526,2025-12-28,12,1,480.0,461.2,397.1,1489,1468
12527,2025-12-28,12,2,480.0,423.8,378.9,1421,1411
12528,2025-12-28,12,3,480.0,469.7,401.1,1504,1486
12529,2025-12-29,1,1,480.0,473.3,424.8,2124,2089
12530,2025-12-29,1,2,480.0,366.3,330.4,1652,1630
12531,2025-12-29,1,3,480.0,433.3,390.6,1953,1932
12532,2025-12-29,2,1,480.0,383.0,344.6,1723,1701
12533,2025-12-29,2,2,480.0,383.8,343.2,1716,1695
12534,2025-12-29,2,3,480.0,456.4,390.2,1951,1929
12535,2025-12-29,3,1,480.0,408.2,336.8,1497,1470
12536,2025-12-29,3,2,480.0,405.8,333.2,1481,1446
12537,2025-12-29,3,3,442.7,350.2,277.4,1233,1206
12538,2025-12-29,4,1,480.0,452.6,426.9,2696,2653
12539,2025-12-29,4,2,480.0,417.1,375.4,2371,2338
12540,2025-12-29,4,3,480.0,480.0,428.9,2709,2671
12541,2025-12-29,5,1,480.0,442.7,383.2,1095,1073
12542,2025-12-29,5,2,480.0,421.8,353.1,1009,996
12543,2025-12-29,5,3,480.0,403.8,336.0,960,946
12544,2025-12-29,6,1,480.0,338.3,282.1,806,786
12545,2025-12-29,6,2,480.0,396.7,337.1,963,940
12546,2025-12-29,6,3,480.0,408.9,340.2,972,954
12547,2025-12-29,7,1,480.0,347.9,262.4,656,641
12548,2025-12-29,7,2,480.0,345.8,256.8,642,627
12549,2025-12-29,7,3,480.0,353.3,260.8,652,640
12550,2025-12-29,8,1,480.0,450.2,394.8,1030,1003
12551,2025-12-29,8,2,480.0,461.6,404.0,1054,1034
12552,2025-12-29,8,3,480.0,328.1,271.0,707,695
12553,2025-12-29,9,1,480.0,461.1,415.1,1311,1291
12554,2025-12-29,9,2,480.0,463.6,418.6,1322,1308
12555,2025-12-29,9,3,480.0,466.1,404.7,1278,1261
12556,2025-12-29,10,1,480.0,383.3,321.2,1285,1264
12557,2025-12-29,10,2,480.0,430.6,370.2,1481,1461
12558,2025-12-29,10,3,480.0,437.7,367.5,1470,1452
12559,2025-12-29,11,1,480.0,412.9,353.2,1211,1183
12560,2025-12-29,11,2,480.0,458.0,393.8,1350,1320
12561,2025-12-29,11,3,480.0,385.2,320.0,1097,1067
12562,2025-12-29,12,1,480.0,399.2,346.9,1301,1293
12563,2025-12-29,12,2,480.0,449.8,408.0,1530,1505
12564,2025-12-29,12,3,480.0,480.0,400.3,1501,1468
12565,2025-12-30,1,1,480.0,423.3,379.4,1897,1880
12566,2025-12-30,1,2,480.0,400.2,361.6,1808,1792
12567,2025-12-30,1,3,480.0,277.1,236.2,1181,1164
12568,2025-12-30,2,1,480.0,451.2,390.8,1954,1923
12569,2025-12-30,2,2,480.0,423.8,375.8,1879,1860
12570,2025-12-30,2,3,480.0,417.8,355.6,1778,1755
12571,2025-12-30,3,1,480.0,457.4,364.5,1620,1578
12572,2025-12-30,3,2,480.0,423.3,342.2,1521,1488
12573,2025-12-30,3,3,480.0,324.5,261.2,1161,1139
12574,2025-12-30,4,1,480.0,468.1,433.0,2735,2727
12575,2025-12-30,4,2,480.0,478.1,429.6,2713,2693
12576,2025-12-30,4,3,462.4,347.8,316.4,1998,1988
12577,2025-12-30,5,1,480.0,378.1,319.2,912,896
12578,2025-12-30,5,2,480.0,387.7,337.8,965,949
12579,2025-12-30,5,3,480.0,406.9,338.4,967,947
12580,2025-12-30,6,1,480.0,466.1,383.6,1096,1079
12581,2025-12-30,6,2,480.0,435.5,366.1,1046,1028
12582,2025-12-30,6,3,442.3,365.5,298.2,852,829
12583,2025-12-30,7,1,480.0,288.1,221.2,553,540
12584,2025-12-30,7,2,480.0,258.3,197.6,494,483
12585,2025-12-30,7,3,480.0,192.1,139.6,349,342
12586,2025-12-30,8,1,480.0,395.6,338.1,882,860
12587,2025-12-30,8,2,480.0,365.8,322.0,840,828
12588,2025-12-30,8,3,480.0,445.7,365.7,954,932
12589,2025-12-30,9,1,480.0,455.5,412.6,1303,1286
12590,2025-12-30,9,2,480.0,456.5,401.5,1268,1251
12591,2025-12-30,9,3,480.0,350.9,308.8,975,964
12592,2025-12-30,10,1,480.0,446.5,395.2,1581,1562
12593,2025-12-30,10,2,480.0,454.2,395.0,1580,1559
12594,2025-12-30,10,3,480.0,356.4,296.2,1185,1163
12595,2025-12-30,11,1,480.0,391.8,324.6,1113,1088
12596,2025-12-30,11,2,480.0,376.9,324.3,1112,1084
12597,2025-12-30,11,3,480.0,333.6,272.4,934,912
12598,2025-12-30,12,1,480.0,480.0,431.2,1617,1603
12599,2025-12-30,12,2,480.0,455.1,405.9,1522,1514
12600,2025-12-30,12,3,480.0,366.0,310.9,1166,1151
12601,2025-12-31,1,1,480.0,412.1,369.2,1846,1832
12602,2025-12-31,1,2,480.0,403.4,355.0,1775,1752
12603,2025-12-31,1,3,447.2,382.7,322.6,1613,1590
12604,2025-12-31,2,1,480.0,386.1,338.4,1692,1669
12605,2025-12-31,2,2,480.0,395.1,339.0,1695,1689
12606,2025-12-31,2,3,480.0,451.7,394.2,1971,1941
12607,2025-12-31,3,1,480.0,315.2,259.2,1152,1134
12608,2025-12-31,3,2,480.0,284.5,245.9,1093,1068
12609,2025-12-31,3,3,480.0,335.1,266.4,1184,1157
12610,2025-12-31,4,1,480.0,456.6,405.2,2559,2541
12611,2025-12-31,4,2,480.0,435.7,394.2,2490,2481
12612,2025-12-31,4,3,480.0,476.1,421.0,2659,2636
12613,2025-12-31,5,1,480.0,418.6,355.6,1016,994
12614,2025-12-31,5,2,480.0,401.1,334.2,955,943
12615,2025-12-31,5,3,480.0,334.8,289.1,826,809
12616,2025-12-31,6,1,480.0,429.5,350.0,1000,980
12617,2025-12-31,6,2,480.0,414.0,356.6,1019,1000
12618,2025-12-31,6,3,480.0,456.6,386.1,1103,1079
12619,2025-12-31,7,1,480.0,371.4,276.4,691,674
12620,2025-12-31,7,2,480.0,322.3,240.0,600,583
12621,2025-12-31,7,3,480.0,253.8,187.6,469,455
12622,2025-12-31,8,1,480.0,351.8,301.3,786,767
12623,2025-12-31,8,2,480.0,448.8,384.1,1002,984
12624,2025-12-31,8,3,480.0,442.0,356.9,931,919
12625,2025-12-31,9,1,480.0,444.7,390.1,1232,1211
12626,2025-12-31,9,2,480.0,443.3,392.7,1240,1217
12627,2025-12-31,9,3,480.0,473.6,411.4,1299,1285
12628,2025-12-31,10,1,480.0,439.8,375.8,1503,1483
12629,2025-12-31,10,2,480.0,367.7,320.5,1282,1257
12630,2025-12-31,10,3,480.0,239.2,201.2,805,788
12631,2025-12-31,11,1,480.0,468.6,386.2,1324,1293
12632,2025-12-31,11,2,480.0,416.9,345.6,1185,1166
12633,2025-12-31,11,3,480.0,249.6,198.9,682,664
12634,2025-12-31,12,1,480.0,388.1,339.5,1273,1264
12635,2025-12-31,12,2,480.0,469.5,417.9,1567,1547
12636,2025-12-31,12,3,480.0,320.9,271.5,1018,1009
12637,2026-01-01,1,1,480.0,401.0,360.2,1801,1769
12638,2026-01-01,1,2,480.0,426.7,381.8,1909,1876
12639,2026-01-01,1,3,480.0,409.6,341.6,1708,1685
12640,2026-01-01,2,1,480.0,472.9,404.2,2021,1994
12641,2026-01-01,2,2,480.0,438.4,381.6,1908,1875
12642,2026-01-01,2,3,480.0,367.0,316.0,1580,1555
12643,2026-01-01,3,1,480.0,383.6,324.9,1444,1421
12644,2026-01-01,3,2,480.0,440.9,362.5,1611,1579
12645,2026-01-01,3,3,455.5,408.5,334.8,1488,1448
12646,2026-01-01,4,1,480.0,457.1,419.1,2647,2609
12647,2026-01-01,4,2,480.0,404.9,372.4,2352,2323
12648,2026-01-01,4,3,480.0,292.3,253.8,1603,1588
12649,2026-01-01,5,1,480.0,401.9,348.9,997,980
12650,2026-01-01,5,2,480.0,343.6,291.6,833,819
12651,2026-01-01,5,3,480.0,437.8,358.4,1024,1001
12652,2026-01-01,6,1,480.0,384.9,321.6,919,905
12653,2026-01-01,6,2,480.0,406.0,347.6,993,973
12654,2026-01-01,6,3,480.0,301.8,247.1,706,698
12655,2026-01-01,7,1,480.0,369.8,268.8,672,653
12656,2026-01-01,7,2,480.0,310.4,239.2,598,586
12657,2026-01-01,7,3,480.0,244.3,177.6,444,434
12658,2026-01-01,8,1,480.0,402.8,335.0,874,854
12659,2026-01-01,8,2,480.0,425.6,363.0,947,924
12660,2026-01-01,8,3,480.0,424.7,348.1,908,894
12661,2026-01-01,9,1,480.0,476.8,441.1,1393,1373
12662,2026-01-01,9,2,480.0,469.2,413.2,1305,1300
12663,2026-01-01,9,3,480.0,450.9,387.0,1222,1201
12664,2026-01-01,10,1,480.0,378.4,328.0,1312,1286
12665,2026-01-01,10,2,480.0,480.0,424.2,1697,1667
12666,2026-01-01,10,3,480.0,434.7,368.8,1475,1442
12667,2026-01-01,11,1,480.0,462.6,379.2,1300,1278
12668,2026-01-01,11,2,480.0,406.2,350.0,1200,1172
12669,2026-01-01,11,3,480.0,340.3,282.9,970,951
12670,2026-01-01,12,1,480.0,470.4,422.4,1584,1567
12671,2026-01-01,12,2,480.0,465.9,408.8,1533,1510
12672,2026-01-01,12,3,480.0,403.6,343.7,1289,1267
12673,2026-01-02,1,1,480.0,426.0,372.2,1861,1836
12674,2026-01-02,1,2,480.0,405.6,353.6,1768,1751
12675,2026-01-02,1,3,480.0,380.1,325.0,1625,1598
12676,2026-01-02,2,1,480.0,363.4,312.4,1562,1535
12677,2026-01-02,2,2,480.0,445.0,391.0,1955,1922
12678,2026-01-02,2,3,480.0,440.5,383.4,1917,1881
12679,2026-01-02,3,1,480.0,423.3,337.1,1498,1466
12680,2026-01-02,3,2,480.0,309.0,252.4,1122,1095
12681,2026-01-02,3,3,480.0,436.9,352.1,1565,1537
12682,2026-01-02,4,1,480.0,459.6,424.2,2679,2655
12683,2026-01-02,4,2,480.0,353.7,326.5,2062,2033
12684,2026-01-02,4,3,480.0,473.9,412.1,2603,2566
12685,2026-01-02,5,1,480.0,468.1,402.5,1150,1131
12686,2026-01-02,5,2,480.0,388.3,337.8,965,948
12687,2026-01-02,5,3,446.6,275.7,235.6,673,661
12688,2026-01-02,6,1,480.0,380.0,321.3,918,900
12689,2026-01-02,6,2,480.0,359.6,303.8,868,850
12690,2026-01-02,6,3,480.0,441.4,362.6,1036,1014
12691,2026-01-02,7,1,480.0,313.5,248.4,621,604
12692,2026-01-02,7,2,480.0,203.8,154.4,386,376
12693,2026-01-02,7,3,480.0,320.9,235.2,588,571
12694,2026-01-02,8,1,480.0,431.6,347.7,907,889
12695,2026-01-02,8,2,480.0,356.0,297.1,775,764
12696,2026-01-02,8,3,480.0,356.0,289.0,754,734
12697,2026-01-02,9,1,480.0,459.0,429.4,1356,1344
12698,2026-01-02,9,2,480.0,449.8,412.6,1303,1285
12699,2026-01-02,9,3,480.0,361.0,307.8,972,953
12700,2026-01-02,10,1,480.0,435.2,370.2,1481,1448
12701,2026-01-02,10,2,480.0,407.2,342.5,1370,1342
12702,2026-01-02,10,3,480.0,451.4,388.0,1552,1519
12703,2026-01-02,11,1,480.0,414.6,341.2,1170,1135
12704,2026-01-02,11,2,480.0,369.4,309.2,1060,1041
12705,2026-01-02,11,3,480.0,328.5,270.1,926,906
12706,2026-01-02,12,1,480.0,446.3,386.9,1451,1424
12707,2026-01-02,12,2,480.0,420.6,370.4,1389,1367
12708,2026-01-02,12,3,480.0,395.8,335.2,1257,1242
12709,2026-01-03,1,1,480.0,452.3,404.8,2024,2009
12710,2026-01-03,1,2,480.0,404.1,355.0,1775,1758
12711,2026-01-03,1,3,480.0,417.6,355.6,1778,1763
12712,2026-01-03,2,1,350.6,293.7,271.6,1358,1339
12713,2026-01-03,2,2,480.0,412.6,365.6,1828,1801
12714,2026-01-03,2,3,480.0,374.2,327.2,1636,1620
12715,2026-01-03,3,1,480.0,393.3,324.9,1444,1414
12716,2026-01-03,3,2,480.0,358.0,288.0,1280,1256
12717,2026-01-03,3,3,480.0,328.5,266.2,1183,1164
12718,2026-01-03,4,1,480.0,480.0,443.3,2800,2768
12719,2026-01-03,4,2,480.0,451.6,405.5,2561,2537
12720,2026-01-03,4,3,433.7,429.4,376.2,2376,2337
12721,2026-01-03,5,1,480.0,362.7,316.4,904,891
12722,2026-01-03,5,2,480.0,349.7,301.0,860,845
12723,2026-01-03,5,3,480.0,373.8,323.1,923,910
12724,2026-01-03,6,1,480.0,384.8,321.3,918,901
12725,2026-01-03,6,2,480.0,436.9,369.9,1057,1040
12726,2026-01-03,6,3,480.0,428.2,341.2,975,958
12727,2026-01-03,7,1,480.0,234.5,176.4,441,428
12728,2026-01-03,7,2,480.0,307.3,232.4,581,566
12729,2026-01-03,7,3,480.0,132.8,98.8,247,240
12730,2026-01-03,8,1,480.0,423.3,360.7,941,918
12731,2026-01-03,8,2,480.0,452.9,389.1,1015,993
12732,2026-01-03,8,3,480.0,250.8,207.0,540,529
12733,2026-01-03,9,1,480.0,480.0,444.6,1404,1386
12734,2026-01-03,9,2,480.0,450.0,414.8,1310,1289
12735,2026-01-03,9,3,480.0,409.4,355.3,1122,1111
12736,2026-01-03,10,1,480.0,373.6,322.8,1291,1273
12737,2026-01-03,10,2,480.0,468.0,408.0,1632,1610
12738,2026-01-03,10,3,480.0,463.3,384.2,1537,1514
12739,2026-01-03,11,1,480.0,431.4,368.7,1264,1229
12740,2026-01-03,11,2,480.0,467.3,410.4,1407,1365
12741,2026-01-03,11,3,480.0,340.4,283.5,972,956
12742,2026-01-03,12,1,480.0,455.3,402.9,1511,1476
12743,2026-01-03,12,2,480.0,431.9,370.7,1390,1362
12744,2026-01-03,12,3,480.0,469.7,400.8,1503,1473
12745,2026-01-04,1,1,480.0,431.8,391.0,1955,1929
12746,2026-01-04,1,2,480.0,376.4,344.6,1723,1701
12747,2026-01-04,1,3,480.0,468.6,404.2,2021,1992
12748,2026-01-04,2,1,480.0,465.2,412.0,2060,2037
12749,2026-01-04,2,2,480.0,413.8,363.0,1815,1786
12750,2026-01-04,2,3,480.0,413.1,347.6,1738,1711
12751,2026-01-04,3,1,480.0,405.2,325.8,1448,1414
12752,2026-01-04,3,2,480.0,453.3,383.9,1706,1672
12753,2026-01-04,3,3,480.0,345.6,280.6,1247,1216
12754,2026-01-04,4,1,480.0,430.1,384.1,2426,2389
12755,2026-01-04,4,2,480.0,441.4,403.9,2551,2537
12756,2026-01-04,4,3,480.0,480.0,435.7,2752,2738
12757,2026-01-04,5,1,480.0,401.1,347.2,992,974
12758,2026-01-04,5,2,480.0,406.0,349.6,999,985
12759,2026-01-04,5,3,480.0,420.6,347.9,994,973
12760,2026-01-04,6,1,480.0,382.3,331.8,948,929
12761,2026-01-04,6,2,480.0,359.6,305.9,874,861
12762,2026-01-04,6,3,480.0,438.3,357.0,1020,1001
12763,2026-01-04,7,1,480.0,327.5,252.0,630,614
12764,2026-01-04,7,2,480.0,250.6,190.4,476,463
12765,2026-01-04,7,3,480.0,258.3,185.6,464,450
12766,2026-01-04,8,1,480.0,385.0,329.7,860,841
12767,2026-01-04,8,2,480.0,444.9,367.2,958,943
12768,2026-01-04,8,3,480.0,432.3,349.6,912,898
12769,2026-01-04,9,1,480.0,426.5,387.0,1222,1203
12770,2026-01-04,9,2,480.0,446.2,409.8,1294,1277
12771,2026-01-04,9,3,480.0,480.0,413.2,1305,1288
12772,2026-01-04,10,1,480.0,466.9,397.2,1589,1563
12773,2026-01-04,10,2,480.0,412.4,370.5,1482,1456
12774,2026-01-04,10,3,480.0,393.8,339.2,1357,1340
12775,2026-01-04,11,1,480.0,277.5,234.2,803,785
12776,2026-01-04,11,2,480.0,339.9,299.2,1026,1009
12777,2026-01-04,11,3,480.0,469.7,397.0,1361,1338
12778,2026-01-04,12,1,480.0,426.5,369.1,1384,1376
12779,2026-01-04,12,2,480.0,458.3,389.1,1459,1445
12780,2026-01-04,12,3,480.0,480.0,404.8,1518,1491
12781,2026-01-05,1,1,480.0,480.0,434.4,2172,2146
12782,2026-01-05,1,2,480.0,459.3,411.0,2055,2035
12783,2026-01-05,1,3,480.0,399.9,346.6,1733,1719
12784,2026-01-05,2,1,480.0,396.6,352.2,1761,1736
12785,2026-01-05,2,2,480.0,347.1,310.2,1551,1537
12786,2026-01-05,2,3,480.0,406.7,343.0,1715,1698
12787,2026-01-05,3,1,480.0,258.9,223.7,994,971
12788,2026-01-05,3,2,480.0,446.5,385.2,1712,1680
12789,2026-01-05,3,3,480.0,322.8,268.6,1194,1161
12790,2026-01-05,4,1,331.4,262.7,230.7,1457,1444
12791,2026-01-05,4,2,480.0,430.3,395.5,2498,2475
12792,2026-01-05,4,3,480.0,480.0,425.8,2689,2653
12793,2026-01-05,5,1,480.0,442.5,381.5,1090,1067
12794,2026-01-05,5,2,480.0,384.7,335.6,959,944
12795,2026-01-05,5,3,480.0,459.8,377.6,1079,1063
12796,2026-01-05,6,1,331.9,245.6,196.0,560,552
12797,2026-01-05,6,2,480.0,450.4,381.9,1091,1070
12798,2026-01-05,6,3,480.0,431.7,357.7,1022,1003
12799,2026-01-05,7,1,480.0,286.7,213.2,533,520
12800,2026-01-05,7,2,480.0,369.6,287.2,718,700
12801,2026-01-05,7,3,480.0,369.4,264.0,660,639
12802,2026-01-05,8,1,480.0,434.3,358.4,935,914
12803,2026-01-05,8,2,480.0,447.1,382.2,997,979
12804,2026-01-05,8,3,480.0,433.1,333.1,869,855
12805,2026-01-05,9,1,480.0,480.0,426.2,1346,1326
12806,2026-01-05,9,2,480.0,434.9,394.9,1247,1233
12807,2026-01-05,9,3,480.0,393.3,339.1,1071,1053
12808,2026-01-05,10,1,480.0,455.3,384.2,1537,1510
12809,2026-01-05,10,2,480.0,441.6,389.2,1557,1530
12810,2026-01-05,10,3,480.0,386.6,322.2,1289,1271
12811,2026-01-05,11,1,480.0,455.0,380.6,1305,1271
12812,2026-01-05,11,2,480.0,465.1,396.4,1359,1325
12813,2026-01-05,11,3,480.0,211.3,173.2,594,581
12814,2026-01-05,12,1,480.0,475.2,414.9,1556,1539
12815,2026-01-05,12,2,480.0,467.9,412.5,1547,1517
12816,2026-01-05,12,3,480.0,306.8,266.1,998,980
12817,2026-01-06,1,1,480.0,378.4,338.6,1693,1671
12818,2026-01-06,1,2,480.0,470.3,420.4,2102,2095
12819,2026-01-06,1,3,480.0,468.8,405.0,2025,2001
12820,2026-01-06,2,1,480.0,439.2,399.0,1995,1977
12821,2026-01-06,2,2,480.0,425.2,369.4,1847,1832
12822,2026-01-06,2,3,480.0,476.7,420.2,2101,2071
12823,2026-01-06,3,1,480.0,398.7,332.8,1479,1450
12824,2026-01-06,3,2,480.0,415.0,331.6,1474,1440
12825,2026-01-06,3,3,480.0,440.7,348.5,1549,1526
12826,2026-01-06,4,1,480.0,471.3,432.9,2734,2701
12827,2026-01-06,4,2,480.0,430.2,386.5,2441,2413
12828,2026-01-06,4,3,480.0,480.0,424.0,2678,2646
12829,2026-01-06,5,1,480.0,426.6,370.3,1058,1031
12830,2026-01-06,5,2,480.0,411.1,358.1,1023,999
12831,2026-01-06,5,3,480.0,451.1,378.4,1081,1057
12832,2026-01-06,6,1,480.0,376.2,319.2,912,899
12833,2026-01-06,6,2,480.0,333.0,283.9,811,797
12834,2026-01-06,6,3,480.0,361.1,299.2,855,831
12835,2026-01-06,7,1,480.0,318.9,240.8,602,584
12836,2026-01-06,7,2,480.0,331.2,264.0,660,646
12837,2026-01-06,7,3,446.4,327.5,244.8,612,595
12838,2026-01-06,8,1,480.0,423.2,360.3,940,917
12839,2026-01-06,8,2,480.0,457.1,384.1,1002,977
12840,2026-01-06,8,3,480.0,229.9,184.4,481,471
12841,2026-01-06,9,1,480.0,441.5,406.0,1282,1266
12842,2026-01-06,9,2,480.0,455.8,404.7,1278,1263
12843,2026-01-06,9,3,480.0,480.0,414.8,1310,1293
12844,2026-01-06,10,1,480.0,393.1,344.0,1376,1357
12845,2026-01-06,10,2,480.0,367.3,305.0,1220,1196
12846,2026-01-06,10,3,480.0,426.9,364.5,1458,1427
12847,2026-01-06,11,1,480.0,360.5,307.1,1053,1029
12848,2026-01-06,11,2,480.0,393.6,331.6,1137,1109
12849,2026-01-06,11,3,480.0,268.9,221.7,760,743
12850,2026-01-06,12,1,480.0,421.3,367.7,1379,1355
12851,2026-01-06,12,2,480.0,360.7,320.0,1200,1170
12852,2026-01-06,12,3,480.0,242.4,199.7,749,732
12853,2026-01-07,1,1,480.0,448.6,401.8,2009,1992
12854,2026-01-07,1,2,480.0,440.1,389.2,1946,1917
12855,2026-01-07,1,3,480.0,447.2,377.4,1887,1872
12856,2026-01-07,2,1,480.0,457.2,412.2,2061,2028
12857,2026-01-07,2,2,480.0,403.7,347.6,1738,1720
12858,2026-01-07,2,3,480.0,480.0,410.8,2054,2016
12859,2026-01-07,3,1,480.0,417.4,349.9,1555,1521
12860,2026-01-07,3,2,480.0,446.4,363.1,1614,1573
12861,2026-01-07,3,3,480.0,276.5,225.2,1001,975
12862,2026-01-07,4,1,480.0,476.4,444.4,2807,2787
12863,2026-01-07,4,2,480.0,431.0,395.4,2497,2456
12864,2026-01-07,4,3,480.0,392.6,346.6,2189,2161
12865,2026-01-07,5,1,480.0,363.2,324.4,927,910
12866,2026-01-07,5,2,480.0,385.2,328.3,938,922
12867,2026-01-07,5,3,480.0,416.5,355.9,1017,996
12868,2026-01-07,6,1,480.0,456.3,390.2,1115,1091
12869,2026-01-07,6,2,480.0,444.9,380.1,1086,1061
12870,2026-01-07,6,3,480.0,407.2,331.4,947,925
12871,2026-01-07,7,1,480.0,352.6,272.0,680,665
12872,2026-01-07,7,2,480.0,50.8,38.0,95,93
12873,2026-01-07,7,3,480.0,213.0,158.4,396,384
12874,2026-01-07,8,1,480.0,423.3,364.2,950,932
12875,2026-01-07,8,2,480.0,366.8,307.1,801,783
12876,2026-01-07,8,3,480.0,164.6,133.4,348,337
12877,2026-01-07,9,1,480.0,458.4,402.5,1271,1255
12878,2026-01-07,9,2,480.0,411.4,364.5,1151,1136
12879,2026-01-07,9,3,480.0,411.0,370.8,1171,1158
12880,2026-01-07,10,1,480.0,375.3,323.5,1294,1274
12881,2026-01-07,10,2,480.0,338.3,289.2,1157,1133
12882,2026-01-07,10,3,447.2,279.7,233.2,933,920
12883,2026-01-07,11,1,480.0,421.5,355.0,1217,1186
12884,2026-01-07,11,2,480.0,341.8,296.6,1017,994
12885,2026-01-07,11,3,480.0,151.0,125.7,431,422
12886,2026-01-07,12,1,480.0,420.7,373.9,1402,1386
12887,2026-01-07,12,2,480.0,436.2,382.4,1434,1413
12888,2026-01-07,12,3,480.0,406.7,342.4,1284,1265
12889,2026-01-08,1,1,480.0,468.1,408.2,2041,2011
12890,2026-01-08,1,2,480.0,472.8,418.2,2091,2066
12891,2026-01-08,1,3,480.0,474.8,404.0,2020,2002
12892,2026-01-08,2,1,480.0,370.3,325.2,1626,1612
12893,2026-01-08,2,2,480.0,439.3,378.2,1891,1863
12894,2026-01-08,2,3,480.0,443.9,376.0,1880,1856
12895,2026-01-08,3,1,480.0,426.7,360.2,1601,1566
12896,2026-01-08,3,2,480.0,395.4,327.6,1456,1421
12897,2026-01-08,3,3,480.0,453.3,355.5,1580,1545
12898,2026-01-08,4,1,480.0,349.7,310.2,1959,1939
12899,2026-01-08,4,2,480.0,434.7,417.8,2639,2605
12900,2026-01-08,4,3,480.0,445.3,390.4,2466,2433
12901,2026-01-08,5,1,480.0,402.3,344.1,983,966
12902,2026-01-08,5,2,480.0,426.6,366.8,1048,1032
12903,2026-01-08,5,3,480.0,399.1,323.1,923,907
12904,2026-01-08,6,1,480.0,461.1,396.9,1134,1113
12905,2026-01-08,6,2,480.0,416.4,354.6,1013,995
12906,2026-01-08,6,3,480.0,439.6,364.7,1042,1017
12907,2026-01-08,7,1,480.0,262.7,196.4,491,479
12908,2026-01-08,7,2,480.0,364.6,275.6,689,667
12909,2026-01-08,7,3,480.0,293.2,223.6,559,544
12910,2026-01-08,8,1,480.0,308.6,258.4,674,656
12911,2026-01-08,8,2,480.0,419.1,355.7,928,910
12912,2026-01-08,8,3,480.0,383.2,317.0,827,809
12913,2026-01-08,9,1,480.0,473.6,422.8,1335,1312
12914,2026-01-08,9,2,480.0,376.4,339.1,1071,1058
12915,2026-01-08,9,3,480.0,451.4,387.6,1224,1208
12916,2026-01-08,10,1,480.0,462.2,411.8,1647,1613
12917,2026-01-08,10,2,480.0,386.1,340.8,1363,1343
12918,2026-01-08,10,3,480.0,324.0,283.5,1134,1118
12919,2026-01-08,11,1,480.0,462.3,392.6,1346,1314
12920,2026-01-08,11,2,480.0,385.5,336.3,1153,1127
12921,2026-01-08,11,3,480.0,343.6,283.2,971,951
12922,2026-01-08,12,1,480.0,462.2,416.5,1562,1534
12923,2026-01-08,12,2,480.0,424.1,373.9,1402,1385
12924,2026-01-08,12,3,480.0,375.4,311.5,1168,1152
12925,2026-01-09,1,1,480.0,405.6,361.4,1807,1788
12926,2026-01-09,1,2,480.0,412.5,363.8,1819,1795
12927,2026-01-09,1,3,480.0,456.6,396.4,1982,1959
12928,2026-01-09,2,1,480.0,435.2,378.8,1894,1863
12929,2026-01-09,2,2,480.0,453.3,394.0,1970,1953
12930,2026-01-09,2,3,480.0,330.7,283.0,1415,1386
12931,2026-01-09,3,1,480.0,403.8,329.4,1464,1429
12932,2026-01-09,3,2,480.0,396.3,315.4,1402,1373
12933,2026-01-09,3,3,480.0,72.0,58.3,259,254
12934,2026-01-09,4,1,480.0,447.7,425.0,2684,2664
12935,2026-01-09,4,2,480.0,470.1,422.6,2669,2646
12936,2026-01-09,4,3,480.0,358.4,317.3,2004,1980
12937,2026-01-09,5,1,256.1,222.0,191.8,548,539
12938,2026-01-09,5,2,480.0,397.8,338.1,966,951
12939,2026-01-09,5,3,480.0,383.9,304.9,871,853
12940,2026-01-09,6,1,480.0,450.9,382.6,1093,1070
12941,2026-01-09,6,2,480.0,383.2,324.4,927,905
12942,2026-01-09,6,3,480.0,400.2,332.1,949,928
12943,2026-01-09,7,1,480.0,270.7,208.0,520,505
12944,2026-01-09,7,2,480.0,206.4,157.6,394,383
12945,2026-01-09,7,3,480.0,208.0,149.2,373,364
12946,2026-01-09,8,1,480.0,222.3,187.8,490,481
12947,2026-01-09,8,2,480.0,394.8,346.5,904,889
12948,2026-01-09,8,3,480.0,475.8,382.9,999,977
12949,2026-01-09,9,1,480.0,475.3,425.6,1344,1330
12950,2026-01-09,9,2,480.0,466.8,411.7,1300,1287
12951,2026-01-09,9,3,480.0,426.7,377.5,1192,1179
12952,2026-01-09,10,1,480.0,426.6,365.2,1461,1444
12953,2026-01-09,10,2,480.0,446.3,386.5,1546,1514
12954,2026-01-09,10,3,480.0,444.3,360.8,1443,1430
12955,2026-01-09,11,1,480.0,422.3,365.2,1252,1224
12956,2026-01-09,11,2,480.0,366.1,322.3,1105,1082
12957,2026-01-09,11,3,480.0,395.4,327.8,1124,1099
12958,2026-01-09,12,1,480.0,431.2,384.5,1442,1431
12959,2026-01-09,12,2,480.0,434.4,387.2,1452,1435
12960,2026-01-09,12,3,480.0,383.5,327.5,1228,1214
12961,2026-01-10,1,1,480.0,386.8,338.8,1694,1676
12962,2026-01-10,1,2,480.0,463.6,403.6,2018,2008
12963,2026-01-10,1,3,480.0,395.3,336.4,1682,1669
12964,2026-01-10,2,1,480.0,439.7,384.4,1922,1880
12965,2026-01-10,2,2,480.0,480.0,422.4,2112,2080
12966,2026-01-10,2,3,480.0,408.4,361.4,1807,1783
12967,2026-01-10,3,1,480.0,387.3,316.8,1408,1370
12968,2026-01-10,3,2,480.0,439.3,364.3,1619,1571
12969,2026-01-10,3,3,480.0,392.4,312.1,1387,1355
12970,2026-01-10,4,1,480.0,478.3,436.1,2754,2739
12971,2026-01-10,4,2,480.0,442.5,401.2,2534,2524
12972,2026-01-10,4,3,480.0,454.2,397.9,2513,2488
12973,2026-01-10,5,1,480.0,410.5,339.9,971,953
12974,2026-01-10,5,2,480.0,404.3,356.6,1019,1006
12975,2026-01-10,5,3,480.0,437.9,367.1,1049,1034
12976,2026-01-10,6,1,480.0,425.9,350.4,1001,982
12977,2026-01-10,6,2,480.0,403.5,334.6,956,939
12978,2026-01-10,6,3,480.0,320.7,257.9,737,721
12979,2026-01-10,7,1,480.0,287.0,222.8,557,542
12980,2026-01-10,7,2,480.0,378.9,282.4,706,686
12981,2026-01-10,7,3,480.0,252.4,191.2,478,464
12982,2026-01-10,8,1,480.0,446.4,391.4,1021,995
12983,2026-01-10,8,2,480.0,402.3,348.8,910,893
12984,2026-01-10,8,3,480.0,440.0,360.3,940,922
12985,2026-01-10,9,1,480.0,473.9,443.0,1399,1380
12986,2026-01-10,9,2,480.0,457.0,404.7,1278,1270
12987,2026-01-10,9,3,444.4,346.4,300.2,948,929
12988,2026-01-10,10,1,480.0,389.9,336.8,1347,1324
12989,2026-01-10,10,2,480.0,426.7,366.2,1465,1444
12990,2026-01-10,10,3,480.0,447.9,378.0,1512,1492
12991,2026-01-10,11,1,480.0,454.3,387.6,1329,1309
12992,2026-01-10,11,2,480.0,449.1,390.8,1340,1316
12993,2026-01-10,11,3,480.0,251.7,213.8,733,717
12994,2026-01-10,12,1,480.0,480.0,425.9,1597,1568
12995,2026-01-10,12,2,480.0,449.4,381.3,1430,1408
12996,2026-01-10,12,3,480.0,466.3,390.9,1466,1450
12997,2026-01-11,1,1,480.0,445.0,406.8,2034,2007
12998,2026-01-11,1,2,480.0,480.0,432.6,2163,2148
12999,2026-01-11,1,3,480.0,459.1,397.8,1989,1979
13000,2026-01-11,2,1,480.0,405.3,351.4,1757,1735
13001,2026-01-11,2,2,480.0,419.3,371.2,1856,1826
13002,2026-01-11,2,3,480.0,461.9,402.6,2013,1966
13003,2026-01-11,3,1,480.0,461.0,379.6,1687,1648
13004,2026-01-11,3,2,480.0,414.4,335.9,1493,1474
13005,2026-01-11,3,3,480.0,353.2,290.0,1289,1262
13006,2026-01-11,4,1,480.0,457.8,416.6,2631,2606
13007,2026-01-11,4,2,480.0,472.9,426.1,2691,2661
13008,2026-01-11,4,3,480.0,468.0,408.0,2577,2552
13009,2026-01-11,5,1,480.0,400.5,348.6,996,974
13010,2026-01-11,5,2,480.0,433.5,382.6,1093,1071
13011,2026-01-11,5,3,480.0,368.9,309.8,885,867
13012,2026-01-11,6,1,480.0,305.8,260.8,745,729
13013,2026-01-11,6,2,480.0,390.6,327.9,937,912
13014,2026-01-11,6,3,480.0,318.5,263.2,752,737
13015,2026-01-11,7,1,480.0,334.5,252.4,631,611
13016,2026-01-11,7,2,480.0,338.8,251.6,629,613
13017,2026-01-11,7,3,480.0,354.0,256.0,640,625
13018,2026-01-11,8,1,480.0,436.7,369.9,965,948
13019,2026-01-11,8,2,480.0,449.9,388.3,1013,988
13020,2026-01-11,8,3,480.0,463.8,388.3,1013,993
13021,2026-01-11,9,1,480.0,460.5,412.0,1301,1283
13022,2026-01-11,9,2,480.0,380.4,335.4,1059,1048
13023,2026-01-11,9,3,480.0,422.2,366.4,1157,1142
13024,2026-01-11,10,1,480.0,462.8,405.8,1623,1594
13025,2026-01-11,10,2,480.0,341.1,286.2,1145,1127
13026,2026-01-11,10,3,480.0,458.6,367.8,1471,1443
13027,2026-01-11,11,1,480.0,462.6,398.7,1367,1334
13028,2026-01-11,11,2,480.0,401.2,334.8,1148,1121
13029,2026-01-11,11,3,480.0,318.2,266.0,912,891
13030,2026-01-11,12,1,480.0,382.4,338.4,1269,1256
13031,2026-01-11,12,2,480.0,469.2,417.9,1567,1548
13032,2026-01-11,12,3,480.0,480.0,409.9,1537,1511
13033,2026-01-12,1,1,480.0,420.8,380.2,1901,1880
13034,2026-01-12,1,2,480.0,470.8,416.4,2082,2054
13035,2026-01-12,1,3,430.0,310.7,269.2,1346,1334
13036,2026-01-12,2,1,480.0,460.4,392.6,1963,1948
13037,2026-01-12,2,2,480.0,459.6,416.2,2081,2037
13038,2026-01-12,2,3,480.0,437.4,374.2,1871,1851
13039,2026-01-12,3,1,480.0,274.5,218.7,972,951
13040,2026-01-12,3,2,480.0,347.5,288.2,1281,1257
13041,2026-01-12,3,3,480.0,347.7,273.1,1214,1186
13042,2026-01-12,4,1,480.0,444.5,408.5,2580,2549
13043,2026-01-12,4,2,480.0,434.9,403.4,2548,2519
13044,2026-01-12,4,3,480.0,429.3,373.5,2359,2324
13045,2026-01-12,5,1,480.0,412.4,344.1,983,964
13046,2026-01-12,5,2,480.0,442.6,364.4,1041,1016
13047,2026-01-12,5,3,480.0,420.1,347.9,994,979
13048,2026-01-12,6,1,480.0,471.3,402.9,1151,1125
13049,2026-01-12,6,2,480.0,435.6,352.8,1008,992
13050,2026-01-12,6,3,480.0,347.3,283.9,811,792
13051,2026-01-12,7,1,480.0,212.3,161.2,403,394
13052,2026-01-12,7,2,480.0,393.7,299.6,749,731
13053,2026-01-12,7,3,480.0,283.2,205.6,514,500
13054,2026-01-12,8,1,480.0,480.0,394.1,1028,1008
13055,2026-01-12,8,2,480.0,354.3,309.4,807,790
13056,2026-01-12,8,3,480.0,440.3,358.0,934,909
13057,2026-01-12,9,1,480.0,466.4,421.2,1330,1310
13058,2026-01-12,9,2,480.0,476.3,429.4,1356,1334
13059,2026-01-12,9,3,480.0,335.6,298.9,944,923
13060,2026-01-12,10,1,480.0,456.0,403.8,1615,1581
13061,2026-01-12,10,2,480.0,354.6,306.8,1227,1206
13062,2026-01-12,10,3,480.0,348.9,286.2,1145,1131
13063,2026-01-12,11,1,480.0,474.9,392.9,1347,1318
13064,2026-01-12,11,2,480.0,303.3,262.2,899,882
13065,2026-01-12,11,3,480.0,426.1,355.2,1218,1184
13066,2026-01-12,12,1,480.0,426.6,367.7,1379,1366
13067,2026-01-12,12,2,480.0,471.2,409.6,1536,1517
13068,2026-01-12,12,3,480.0,248.9,214.1,803,797
13069,2026-01-13,1,1,480.0,431.2,383.6,1918,1891
13070,2026-01-13,1,2,480.0,451.8,403.2,2016,2011
13071,2026-01-13,1,3,480.0,480.0,416.2,2081,2065
13072,2026-01-13,2,1,480.0,449.1,411.4,2057,2036
13073,2026-01-13,2,2,480.0,462.9,409.8,2049,2032
13074,2026-01-13,2,3,480.0,426.5,356.4,1782,1750
13075,2026-01-13,3,1,480.0,357.7,300.4,1335,1303
13076,2026-01-13,3,2,480.0,417.9,352.4,1566,1531
13077,2026-01-13,3,3,480.0,384.9,304.9,1355,1319
13078,2026-01-13,4,1,480.0,475.2,444.1,2805,2760
13079,2026-01-13,4,2,480.0,364.2,335.8,2121,2101
13080,2026-01-13,4,3,480.0,473.1,426.6,2694,2662
13081,2026-01-13,5,1,480.0,371.5,320.6,916,901
13082,2026-01-13,5,2,480.0,437.4,391.6,1119,1094
13083,2026-01-13,5,3,480.0,446.1,375.9,1074,1060
13084,2026-01-13,6,1,480.0,401.8,348.2,995,974
13085,2026-01-13,6,2,480.0,351.5,309.1,883,869
13086,2026-01-13,6,3,480.0,242.2,202.7,579,569
13087,2026-01-13,7,1,480.0,280.3,216.0,540,523
13088,2026-01-13,7,2,480.0,188.3,146.8,367,355
13089,2026-01-13,7,3,480.0,255.6,190.0,475,462
13090,2026-01-13,8,1,480.0,382.8,329.3,859,844
13091,2026-01-13,8,2,480.0,323.6,279.1,728,711
13092,2026-01-13,8,3,480.0,372.0,318.9,832,812
13093,2026-01-13,9,1,480.0,427.3,387.3,1223,1200
13094,2026-01-13,9,2,480.0,397.6,359.1,1134,1117
13095,2026-01-13,9,3,440.3,426.7,370.2,1169,1160
13096,2026-01-13,10,1,480.0,452.0,397.8,1591,1560
13097,2026-01-13,10,2,480.0,437.8,389.8,1559,1538
13098,2026-01-13,10,3,480.0,386.0,324.8,1299,1273
13099,2026-01-13,11,1,480.0,322.1,273.6,938,914
13100,2026-01-13,11,2,480.0,422.9,366.3,1256,1233
13101,2026-01-13,11,3,480.0,242.6,199.2,683,665
13102,2026-01-13,12,1,480.0,362.7,308.3,1156,1138
13103,2026-01-13,12,2,480.0,468.8,415.2,1557,1527
13104,2026-01-13,12,3,480.0,480.0,417.9,1567,1551
13105,2026-01-14,1,1,480.0,399.6,359.0,1795,1755
13106,2026-01-14,1,2,480.0,464.9,414.8,2074,2040
13107,2026-01-14,1,3,480.0,448.3,378.4,1892,1874
13108,2026-01-14,2,1,480.0,473.2,416.0,2080,2058
13109,2026-01-14,2,2,480.0,474.0,413.6,2068,2037
13110,2026-01-14,2,3,480.0,438.1,375.0,1875,1864
13111,2026-01-14,3,1,480.0,380.8,326.9,1453,1414
13112,2026-01-14,3,2,480.0,390.1,327.4,1455,1418
13113,2026-01-14,3,3,480.0,416.1,336.8,1497,1466
13114,2026-01-14,4,1,480.0,440.1,391.6,2473,2450
13115,2026-01-14,4,2,480.0,471.9,434.5,2744,2712
13116,2026-01-14,4,3,480.0,410.0,363.5,2296,2279
13117,2026-01-14,5,1,480.0,391.5,337.8,965,945
13118,2026-01-14,5,2,480.0,381.9,330.1,943,925
13119,2026-01-14,5,3,480.0,424.6,363.6,1039,1020
13120,2026-01-14,6,1,480.0,440.0,373.4,1067,1049
13121,2026-01-14,6,2,480.0,404.5,346.9,991,972
13122,2026-01-14,6,3,480.0,338.0,284.2,812,796
13123,2026-01-14,7,1,480.0,282.8,214.0,535,523
13124,2026-01-14,7,2,480.0,411.1,314.8,787,763
13125,2026-01-14,7,3,480.0,393.4,284.0,710,695
13126,2026-01-14,8,1,480.0,451.5,387.2,1010,990
13127,2026-01-14,8,2,480.0,358.6,303.6,792,778
13128,2026-01-14,8,3,480.0,441.7,358.0,934,918
13129,2026-01-14,9,1,329.6,329.6,298.6,943,933
13130,2026-01-14,9,2,480.0,433.5,389.5,1230,1223
13131,2026-01-14,9,3,468.3,421.7,367.0,1159,1142
13132,2026-01-14,10,1,480.0,463.4,408.8,1635,1608
13133,2026-01-14,10,2,480.0,431.7,381.5,1526,1504
13134,2026-01-14,10,3,480.0,456.8,386.2,1545,1521
13135,2026-01-14,11,1,480.0,378.5,330.8,1134,1096
13136,2026-01-14,11,2,480.0,378.8,331.0,1135,1102
13137,2026-01-14,11,3,439.1,305.0,254.3,872,849
13138,2026-01-14,12,1,480.0,452.2,405.3,1520,1497
13139,2026-01-14,12,2,480.0,459.5,405.9,1522,1501
13140,2026-01-14,12,3,480.0,450.4,378.7,1420,1402
13141,2026-01-15,1,1,480.0,443.9,412.6,2063,2039
13142,2026-01-15,1,2,480.0,471.5,409.4,2047,2019
13143,2026-01-15,1,3,480.0,350.7,306.2,1531,1501
13144,2026-01-15,2,1,480.0,405.8,360.4,1802,1772
13145,2026-01-15,2,2,480.0,425.6,370.8,1854,1839
13146,2026-01-15,2,3,480.0,389.3,334.8,1674,1653
13147,2026-01-15,3,1,480.0,311.6,260.8,1159,1125
13148,2026-01-15,3,2,480.0,376.5,311.9,1386,1355
13149,2026-01-15,3,3,480.0,423.6,341.1,1516,1492
13150,2026-01-15,4,1,480.0,473.3,438.9,2772,2758
13151,2026-01-15,4,2,480.0,422.6,391.6,2473,2435
13152,2026-01-15,4,3,480.0,338.6,293.2,1852,1839
13153,2026-01-15,5,1,480.0,435.9,371.0,1060,1034
13154,2026-01-15,5,2,480.0,386.1,323.8,925,905
13155,2026-01-15,5,3,444.8,403.5,342.3,978,962
13156,2026-01-15,6,1,480.0,460.4,395.9,1131,1111
13157,2026-01-15,6,2,480.0,447.6,382.9,1094,1072
13158,2026-01-15,6,3,480.0,394.4,322.4,921,903
13159,2026-01-15,7,1,480.0,334.4,257.2,643,628
13160,2026-01-15,7,2,480.0,356.6,281.2,703,685
13161,2026-01-15,7,3,480.0,372.1,279.2,698,678
13162,2026-01-15,8,1,480.0,423.4,343.9,897,877
13163,2026-01-15,8,2,480.0,344.0,302.4,789,769
13164,2026-01-15,8,3,480.0,402.7,328.5,857,838
13165,2026-01-15,9,1,480.0,473.7,433.5,1369,1353
13166,2026-01-15,9,2,480.0,403.1,355.9,1124,1114
13167,2026-01-15,9,3,480.0,465.0,417.4,1318,1309
13168,2026-01-15,10,1,480.0,431.4,366.5,1466,1442
13169,2026-01-15,10,2,480.0,400.9,338.2,1353,1334
13170,2026-01-15,10,3,480.0,294.7,247.8,991,971
13171,2026-01-15,11,1,480.0,406.3,338.0,1159,1127
13172,2026-01-15,11,2,480.0,444.4,365.8,1254,1221
13173,2026-01-15,11,3,480.0,355.4,292.8,1004,982
13174,2026-01-15,12,1,480.0,378.4,330.1,1238,1217
13175,2026-01-15,12,2,480.0,431.1,392.3,1471,1446
13176,2026-01-15,12,3,480.0,306.5,256.0,960,940
13177,2026-01-16,1,1,480.0,420.4,369.6,1848,1810
13178,2026-01-16,1,2,480.0,438.2,386.0,1930,1914
13179,2026-01-16,1,3,480.0,470.4,406.0,2030,2015
13180,2026-01-16,2,1,480.0,370.5,318.2,1591,1574
13181,2026-01-16,2,2,480.0,420.9,365.0,1825,1792
13182,2026-01-16,2,3,480.0,351.1,297.6,1488,1463
13183,2026-01-16,3,1,480.0,460.1,394.2,1752,1726
13184,2026-01-16,3,2,480.0,305.2,249.3,1108,1086
13185,2026-01-16,3,3,480.0,427.9,349.2,1552,1530
13186,2026-01-16,4,1,480.0,480.0,457.6,2890,2859
13187,2026-01-16,4,2,480.0,456.2,417.8,2639,2601
13188,2026-01-16,4,3,480.0,480.0,423.5,2675,2659
13189,2026-01-16,5,1,480.0,383.8,339.9,971,957
13190,2026-01-16,5,2,480.0,413.1,355.9,1017,1006
13191,2026-01-16,5,3,480.0,387.0,332.1,949,931
13192,2026-01-16,6,1,480.0,350.7,294.4,841,824
13193,2026-01-16,6,2,480.0,410.6,360.5,1030,1006
13194,2026-01-16,6,3,480.0,442.7,367.1,1049,1027
13195,2026-01-16,7,1,480.0,236.4,178.4,446,436
13196,2026-01-16,7,2,480.0,336.1,262.0,655,639
13197,2026-01-16,7,3,433.0,195.1,142.4,356,347
13198,2026-01-16,8,1,480.0,425.0,353.4,922,900
13199,2026-01-16,8,2,480.0,359.4,304.8,795,781
13200,2026-01-16,8,3,480.0,318.3,265.3,692,680
13201,2026-01-16,9,1,480.0,467.6,425.6,1344,1324
13202,2026-01-16,9,2,480.0,460.1,406.9,1285,1269
13203,2026-01-16,9,3,480.0,450.4,403.8,1275,1261
13204,2026-01-16,10,1,480.0,468.8,399.5,1598,1563
13205,2026-01-16,10,2,480.0,454.7,393.0,1572,1552
13206,2026-01-16,10,3,480.0,387.0,329.2,1317,1298
13207,2026-01-16,11,1,480.0,393.9,318.2,1091,1059
13208,2026-01-16,11,2,480.0,328.0,271.2,930,916
13209,2026-01-16,11,3,480.0,438.8,364.0,1248,1215
13210,2026-01-16,12,1,480.0,442.8,392.8,1473,1452
13211,2026-01-16,12,2,480.0,480.0,441.6,1656,1634
13212,2026-01-16,12,3,480.0,350.7,296.8,1113,1095
13213,2026-01-17,1,1,480.0,469.9,406.6,2033,1992
13214,2026-01-17,1,2,480.0,480.0,420.4,2102,2096
13215,2026-01-17,1,3,480.0,480.0,419.6,2098,2084
13216,2026-01-17,2,1,480.0,407.3,360.4,1802,1785
13217,2026-01-17,2,2,480.0,454.5,396.0,1980,1953
13218,2026-01-17,2,3,480.0,419.6,359.6,1798,1775
13219,2026-01-17,3,1,480.0,430.4,362.0,1609,1572
13220,2026-01-17,3,2,480.0,278.7,232.0,1031,1014
13221,2026-01-17,3,3,480.0,401.7,312.1,1387,1351
13222,2026-01-17,4,1,480.0,342.9,319.5,2018,2016
13223,2026-01-17,4,2,480.0,372.9,333.9,2109,2085
13224,2026-01-17,4,3,446.4,383.8,329.8,2083,2070
13225,2026-01-17,5,1,480.0,437.5,381.5,1090,1072
13226,2026-01-17,5,2,480.0,458.3,398.3,1138,1116
13227,2026-01-17,5,3,480.0,345.3,282.8,808,795
13228,2026-01-17,6,1,480.0,405.9,341.6,976,961
13229,2026-01-17,6,2,480.0,450.6,379.1,1083,1065
13230,2026-01-17,6,3,480.0,347.5,289.8,828,813
13231,2026-01-17,7,1,480.0,262.1,192.8,482,469
13232,2026-01-17,7,2,480.0,221.0,169.6,424,411
13233,2026-01-17,7,3,480.0,355.4,269.2,673,654
13234,2026-01-17,8,1,480.0,374.4,301.7,787,774
13235,2026-01-17,8,2,480.0,406.2,348.4,909,887
13236,2026-01-17,8,3,480.0,449.8,387.2,1010,988
13237,2026-01-17,9,1,480.0,460.0,420.5,1328,1307
13238,2026-01-17,9,2,480.0,380.3,338.2,1068,1056
13239,2026-01-17,9,3,480.0,417.7,368.0,1162,1154
13240,2026-01-17,10,1,480.0,433.5,384.2,1537,1503
13241,2026-01-17,10,2,480.0,349.5,304.2,1217,1196
13242,2026-01-17,10,3,480.0,455.3,388.2,1553,1536
13243,2026-01-17,11,1,480.0,419.4,359.3,1232,1197
13244,2026-01-17,11,2,480.0,438.4,373.0,1279,1246
13245,2026-01-17,11,3,480.0,30.0,24.2,83,81
13246,2026-01-17,12,1,480.0,476.0,420.3,1576,1548
13247,2026-01-17,12,2,480.0,418.8,379.2,1422,1400
13248,2026-01-17,12,3,480.0,213.3,184.5,692,688
13249,2026-01-18,1,1,480.0,362.3,318.0,1590,1566
13250,2026-01-18,1,2,480.0,435.5,389.0,1945,1910
13251,2026-01-18,1,3,480.0,448.1,385.0,1925,1902
13252,2026-01-18,2,1,480.0,472.2,412.8,2064,2030
13253,2026-01-18,2,2,480.0,405.3,348.8,1744,1709
13254,2026-01-18,2,3,480.0,434.7,360.6,1803,1776
13255,2026-01-18,3,1,480.0,352.7,291.6,1296,1267
13256,2026-01-18,3,2,480.0,390.1,329.6,1465,1433
13257,2026-01-18,3,3,480.0,318.5,264.1,1174,1147
13258,2026-01-18,4,1,480.0,435.0,392.0,2476,2449
13259,2026-01-18,4,2,480.0,433.3,395.0,2495,2468
13260,2026-01-18,4,3,480.0,423.3,377.6,2385,2359
13261,2026-01-18,5,1,480.0,404.9,348.2,995,979
13262,2026-01-18,5,2,480.0,333.7,296.1,846,829
13263,2026-01-18,5,3,447.3,385.1,320.6,916,902
13264,2026-01-18,6,1,480.0,433.8,359.8,1028,994
13265,2026-01-18,6,2,480.0,473.8,401.1,1146,1118
13266,2026-01-18,6,3,480.0,462.4,377.6,1079,1055
13267,2026-01-18,7,1,480.0,310.4,240.0,600,588
13268,2026-01-18,7,2,480.0,330.4,248.8,622,609
13269,2026-01-18,7,3,480.0,324.0,239.2,598,579
13270,2026-01-18,8,1,480.0,396.1,342.3,893,873
13271,2026-01-18,8,2,480.0,394.0,325.8,850,831
13272,2026-01-18,8,3,480.0,342.8,281.4,734,724
13273,2026-01-18,9,1,480.0,370.0,349.3,1103,1079
13274,2026-01-18,9,2,480.0,480.0,427.2,1349,1331
13275,2026-01-18,9,3,480.0,420.2,366.1,1156,1139
13276,2026-01-18,10,1,480.0,461.4,404.8,1619,1598
13277,2026-01-18,10,2,480.0,453.2,409.0,1636,1605
13278,2026-01-18,10,3,480.0,307.6,257.2,1029,1014
13279,2026-01-18,11,1,480.0,476.1,400.2,1372,1332
13280,2026-01-18,11,2,480.0,448.9,388.5,1332,1302
13281,2026-01-18,11,3,480.0,435.8,361.1,1238,1215
13282,2026-01-18,12,1,480.0,397.1,346.9,1301,1292
13283,2026-01-18,12,2,480.0,473.6,410.4,1539,1524
13284,2026-01-18,12,3,480.0,408.0,349.1,1309,1290
13285,2026-01-19,1,1,480.0,290.5,265.0,1325,1302
13286,2026-01-19,1,2,480.0,433.5,399.4,1997,1969
13287,2026-01-19,1,3,480.0,434.5,377.0,1885,1867
13288,2026-01-19,2,1,480.0,468.0,425.6,2128,2109
13289,2026-01-19,2,2,480.0,465.4,415.0,2075,2042
13290,2026-01-19,2,3,480.0,472.9,401.4,2007,1983
13291,2026-01-19,3,1,480.0,394.5,321.5,1429,1392
13292,2026-01-19,3,2,480.0,440.9,372.1,1654,1615
13293,2026-01-19,3,3,480.0,442.2,369.2,1641,1605
13294,2026-01-19,4,1,480.0,467.9,428.3,2705,2682
13295,2026-01-19,4,2,480.0,315.2,282.3,1783,1759
13296,2026-01-19,4,3,480.0,452.2,399.6,2524,2493
13297,2026-01-19,5,1,480.0,459.8,381.1,1089,1069
13298,2026-01-19,5,2,480.0,430.5,368.6,1053,1039
13299,2026-01-19,5,3,480.0,435.5,370.3,1058,1038
13300,2026-01-19,6,1,480.0,422.9,346.1,989,969
13301,2026-01-19,6,2,480.0,417.4,354.6,1013,990
13302,2026-01-19,6,3,480.0,432.1,359.8,1028,1009
13303,2026-01-19,7,1,480.0,208.0,157.2,393,383
13304,2026-01-19,7,2,480.0,314.5,241.6,604,584
13305,2026-01-19,7,3,480.0,255.2,188.0,470,457
13306,2026-01-19,8,1,480.0,461.0,388.3,1013,990
13307,2026-01-19,8,2,480.0,414.4,356.5,930,912
13308,2026-01-19,8,3,480.0,438.5,356.9,931,912
13309,2026-01-19,9,1,480.0,430.0,385.4,1217,1209
13310,2026-01-19,9,2,480.0,476.5,433.5,1369,1354
13311,2026-01-19,9,3,447.9,419.9,359.4,1135,1125
13312,2026-01-19,10,1,480.0,466.7,405.0,1620,1582
13313,2026-01-19,10,2,480.0,428.9,365.0,1460,1428
13314,2026-01-19,10,3,480.0,471.1,374.2,1497,1471
13315,2026-01-19,11,1,480.0,406.7,361.7,1240,1213
13316,2026-01-19,11,2,480.0,409.3,352.6,1209,1176
13317,2026-01-19,11,3,480.0,434.6,374.2,1283,1251
13318,2026-01-19,12,1,480.0,452.8,396.0,1485,1470
13319,2026-01-19,12,2,480.0,423.0,363.7,1364,1342
13320,2026-01-19,12,3,480.0,443.7,377.9,1417,1402
13321,2026-01-20,1,1,480.0,444.4,384.8,1924,1902
13322,2026-01-20,1,2,480.0,386.7,339.0,1695,1679
13323,2026-01-20,1,3,480.0,472.0,407.4,2037,2013
13324,2026-01-20,2,1,480.0,460.4,409.6,2048,2013
13325,2026-01-20,2,2,480.0,433.4,383.2,1916,1894
13326,2026-01-20,2,3,480.0,334.4,286.0,1430,1409
13327,2026-01-20,3,1,480.0,461.3,375.8,1670,1636
13328,2026-01-20,3,2,480.0,403.4,331.2,1472,1442
13329,2026-01-20,3,3,480.0,362.3,282.4,1255,1222
13330,2026-01-20,4,1,480.0,419.6,380.0,2400,2379
13331,2026-01-20,4,2,480.0,451.8,418.9,2646,2612
13332,2026-01-20,4,3,480.0,434.5,384.6,2429,2412
13333,2026-01-20,5,1,480.0,436.0,376.9,1077,1056
13334,2026-01-20,5,2,480.0,365.4,316.8,905,890
13335,2026-01-20,5,3,480.0,461.0,383.2,1095,1076
13336,2026-01-20,6,1,480.0,432.0,366.1,1046,1023
13337,2026-01-20,6,2,480.0,389.4,330.4,944,920
13338,2026-01-20,6,3,480.0,411.4,343.7,982,964
13339,2026-01-20,7,1,480.0,269.6,206.4,516,501
13340,2026-01-20,7,2,480.0,265.2,196.8,492,478
13341,2026-01-20,7,3,480.0,307.4,234.0,585,570
13342,2026-01-20,8,1,480.0,326.3,273.7,714,695
13343,2026-01-20,8,2,480.0,306.0,264.5,690,677
13344,2026-01-20,8,3,453.0,310.6,256.8,670,651
13345,2026-01-20,9,1,480.0,469.6,428.1,1352,1334
13346,2026-01-20,9,2,480.0,480.0,441.8,1395,1377
13347,2026-01-20,9,3,480.0,464.5,404.4,1277,1258
13348,2026-01-20,10,1,480.0,419.8,366.8,1467,1432
13349,2026-01-20,10,2,480.0,387.9,340.2,1361,1343
13350,2026-01-20,10,3,480.0,243.1,204.2,817,809
13351,2026-01-20,11,1,480.0,455.5,386.5,1325,1312
13352,2026-01-20,11,2,480.0,395.9,331.9,1138,1115
13353,2026-01-20,11,3,447.5,193.2,157.5,540,527
13354,2026-01-20,12,1,480.0,480.0,431.7,1619,1597
13355,2026-01-20,12,2,480.0,436.4,371.7,1394,1379
13356,2026-01-20,12,3,433.0,384.8,318.7,1195,1180
13357,2026-01-21,1,1,480.0,460.6,405.4,2027,1995
13358,2026-01-21,1,2,480.0,428.9,387.6,1938,1919
13359,2026-01-21,1,3,480.0,415.8,357.8,1789,1775
13360,2026-01-21,2,1,480.0,465.0,403.0,2015,1984
13361,2026-01-21,2,2,480.0,393.8,343.6,1718,1689
13362,2026-01-21,2,3,480.0,450.2,383.4,1917,1882
13363,2026-01-21,3,1,480.0,478.7,385.0,1711,1675
13364,2026-01-21,3,2,480.0,420.1,353.2,1570,1540
13365,2026-01-21,3,3,480.0,303.1,246.2,1094,1071
13366,2026-01-21,4,1,480.0,468.0,422.3,2667,2619
13367,2026-01-21,4,2,480.0,456.4,426.6,2694,2659
13368,2026-01-21,4,3,480.0,426.2,379.7,2398,2367
13369,2026-01-21,5,1,480.0,415.9,366.8,1048,1030
13370,2026-01-21,5,2,480.0,424.9,361.2,1032,1012
13371,2026-01-21,5,3,429.6,405.3,334.2,955,937
13372,2026-01-21,6,1,480.0,404.7,340.2,972,955
13373,2026-01-21,6,2,480.0,350.7,292.9,837,821
13374,2026-01-21,6,3,480.0,441.3,362.2,1035,1023
13375,2026-01-21,7,1,480.0,384.8,292.8,732,710
13376,2026-01-21,7,2,480.0,385.4,282.4,706,683
13377,2026-01-21,7,3,480.0,236.2,176.0,440,427
13378,2026-01-21,8,1,480.0,392.5,334.6,873,852
13379,2026-01-21,8,2,480.0,464.1,409.8,1069,1045
13380,2026-01-21,8,3,455.9,427.4,348.4,909,892
13381,2026-01-21,9,1,480.0,432.9,387.9,1225,1208
13382,2026-01-21,9,2,480.0,426.9,379.4,1198,1185
13383,2026-01-21,9,3,480.0,480.0,417.1,1317,1299
13384,2026-01-21,10,1,480.0,480.0,416.2,1665,1631
13385,2026-01-21,10,2,480.0,334.4,297.2,1189,1166
13386,2026-01-21,10,3,480.0,200.1,170.8,683,673
13387,2026-01-21,11,1,480.0,459.8,390.5,1339,1306
13388,2026-01-21,11,2,480.0,459.3,389.7,1336,1309
13389,2026-01-21,11,3,480.0,442.7,358.5,1229,1205
13390,2026-01-21,12,1,480.0,410.3,364.3,1366,1349
13391,2026-01-21,12,2,480.0,476.6,414.1,1553,1525
13392,2026-01-21,12,3,440.8,399.0,332.5,1247,1232
13393,2026-01-22,1,1,480.0,460.6,398.8,1994,1967
13394,2026-01-22,1,2,480.0,423.9,384.0,1920,1907
13395,2026-01-22,1,3,480.0,403.1,354.4,1772,1748
13396,2026-01-22,2,1,480.0,376.9,332.6,1663,1646
13397,2026-01-22,2,2,480.0,458.7,404.2,2021,1984
13398,2026-01-22,2,3,480.0,465.6,398.8,1994,1957
13399,2026-01-22,3,1,480.0,434.4,378.9,1684,1644
13400,2026-01-22,3,2,480.0,416.5,334.6,1487,1447
13401,2026-01-22,3,3,480.0,404.4,323.1,1436,1409
13402,2026-01-22,4,1,480.0,473.1,417.5,2637,2613
13403,2026-01-22,4,2,480.0,438.1,394.7,2493,2470
13404,2026-01-22,4,3,480.0,476.5,426.1,2691,2669
13405,2026-01-22,5,1,480.0,437.6,386.1,1103,1086
13406,2026-01-22,5,2,480.0,391.8,340.9,974,956
13407,2026-01-22,5,3,480.0,451.1,378.4,1081,1059
13408,2026-01-22,6,1,480.0,441.7,381.5,1090,1073
13409,2026-01-22,6,2,480.0,407.0,344.1,983,969
13410,2026-01-22,6,3,480.0,412.2,347.9,994,970
13411,2026-01-22,7,1,480.0,292.1,220.0,550,535
13412,2026-01-22,7,2,480.0,312.8,236.8,592,573
13413,2026-01-22,7,3,444.6,273.4,200.0,500,484
13414,2026-01-22,8,1,480.0,381.1,325.8,850,836
13415,2026-01-22,8,2,480.0,391.3,327.4,854,830
13416,2026-01-22,8,3,480.0,368.7,297.9,777,759
13417,2026-01-22,9,1,480.0,458.7,410.7,1297,1292
13418,2026-01-22,9,2,480.0,477.2,420.2,1327,1314
13419,2026-01-22,9,3,480.0,395.6,358.5,1132,1125
13420,2026-01-22,10,1,480.0,422.8,362.5,1450,1434
13421,2026-01-22,10,2,480.0,370.2,328.8,1315,1289
13422,2026-01-22,10,3,480.0,392.7,314.8,1259,1241
13423,2026-01-22,11,1,480.0,389.0,341.5,1171,1141
13424,2026-01-22,11,2,480.0,446.9,374.5,1284,1257
13425,2026-01-22,11,3,480.0,441.2,353.5,1212,1181
13426,2026-01-22,12,1,480.0,467.6,412.3,1546,1527
13427,2026-01-22,12,2,480.0,480.0,421.6,1581,1554
13428,2026-01-22,12,3,480.0,457.2,384.0,1440,1427
13429,2026-01-23,1,1,328.9,328.9,287.6,1438,1422
13430,2026-01-23,1,2,480.0,456.1,409.6,2048,2023
13431,2026-01-23,1,3,480.0,444.6,394.0,1970,1945
13432,2026-01-23,2,1,480.0,473.6,430.0,2150,2124
13433,2026-01-23,2,2,480.0,365.1,317.6,1588,1571
13434,2026-01-23,2,3,480.0,342.9,293.6,1468,1456
13435,2026-01-23,3,1,480.0,352.7,296.6,1318,1285
13436,2026-01-23,3,2,480.0,418.3,348.1,1547,1505
13437,2026-01-23,3,3,480.0,302.9,241.4,1073,1051
13438,2026-01-23,4,1,480.0,376.6,347.7,2196,2180
13439,2026-01-23,4,2,480.0,469.7,419.6,2650,2646
13440,2026-01-23,4,3,480.0,336.6,304.9,1926,1906
13441,2026-01-23,5,1,480.0,401.2,335.3,958,941
13442,2026-01-23,5,2,480.0,385.9,339.1,969,954
13443,2026-01-23,5,3,480.0,419.5,345.1,986,974
13444,2026-01-23,6,1,480.0,271.0,234.5,670,658
13445,2026-01-23,6,2,480.0,358.5,302.4,864,853
13446,2026-01-23,6,3,480.0,379.8,311.9,891,877
13447,2026-01-23,7,1,480.0,343.0,260.4,651,634
13448,2026-01-23,7,2,480.0,255.1,195.2,488,478
13449,2026-01-23,7,3,480.0,276.8,197.6,494,480
13450,2026-01-23,8,1,480.0,416.4,348.1,908,884
13451,2026-01-23,8,2,480.0,390.3,340.8,889,869
13452,2026-01-23,8,3,480.0,151.4,118.8,310,302
13453,2026-01-23,9,1,480.0,448.0,400.9,1266,1244
13454,2026-01-23,9,2,480.0,463.8,410.1,1295,1289
13455,2026-01-23,9,3,480.0,432.1,362.3,1144,1140
13456,2026-01-23,10,1,480.0,402.0,354.5,1418,1392
13457,2026-01-23,10,2,480.0,437.6,378.5,1514,1491
13458,2026-01-23,10,3,480.0,444.4,368.5,1474,1462
13459,2026-01-23,11,1,480.0,337.9,279.4,958,931
13460,2026-01-23,11,2,480.0,370.7,319.4,1095,1072
13461,2026-01-23,11,3,444.1,273.9,225.5,773,750
13462,2026-01-23,12,1,480.0,417.5,360.5,1352,1327
13463,2026-01-23,12,2,480.0,478.3,418.9,1571,1559
13464,2026-01-23,12,3,480.0,451.5,378.4,1419,1398
13465,2026-01-24,1,1,480.0,379.5,336.6,1683,1656
13466,2026-01-24,1,2,480.0,473.2,409.4,2047,2021
13467,2026-01-24,1,3,447.1,376.8,319.4,1597,1586
13468,2026-01-24,2,1,480.0,316.3,273.6,1368,1336
13469,2026-01-24,2,2,480.0,392.0,349.0,1745,1731
13470,2026-01-24,2,3,480.0,352.8,295.0,1475,1443
13471,2026-01-24,3,1,480.0,365.6,306.2,1361,1330
13472,2026-01-24,3,2,480.0,468.8,377.8,1679,1651
13473,2026-01-24,3,3,480.0,356.2,284.9,1266,1240
13474,2026-01-24,4,1,480.0,449.6,413.2,2610,2576
13475,2026-01-24,4,2,480.0,445.9,399.9,2526,2490
13476,2026-01-24,4,3,480.0,397.0,346.8,2190,2175
13477,2026-01-24,5,1,480.0,308.2,264.6,756,741
13478,2026-01-24,5,2,480.0,409.4,353.1,1009,990
13479,2026-01-24,5,3,480.0,416.1,334.6,956,933
13480,2026-01-24,6,1,480.0,418.4,350.7,1002,982
13481,2026-01-24,6,2,480.0,470.4,395.5,1130,1116
13482,2026-01-24,6,3,480.0,437.6,366.4,1047,1030
13483,2026-01-24,7,1,480.0,274.5,208.8,522,509
13484,2026-01-24,7,2,480.0,312.5,236.4,591,573
13485,2026-01-24,7,3,480.0,268.9,198.4,496,485
13486,2026-01-24,8,1,480.0,413.8,350.4,914,896
13487,2026-01-24,8,2,480.0,470.0,400.6,1045,1020
13488,2026-01-24,8,3,453.1,401.6,326.2,851,834
13489,2026-01-24,9,1,480.0,412.0,371.8,1174,1154
13490,2026-01-24,9,2,480.0,440.2,395.5,1249,1230
13491,2026-01-24,9,3,480.0,431.9,382.2,1207,1186
13492,2026-01-24,10,1,480.0,304.8,265.5,1062,1044
13493,2026-01-24,10,2,480.0,340.6,294.0,1176,1156
13494,2026-01-24,10,3,480.0,280.6,242.2,969,952
13495,2026-01-24,11,1,480.0,311.9,253.2,868,849
13496,2026-01-24,11,2,480.0,415.7,345.0,1183,1161
13497,2026-01-24,11,3,480.0,352.3,296.3,1016,998
13498,2026-01-24,12,1,480.0,343.7,301.9,1132,1112
13499,2026-01-24,12,2,480.0,271.0,239.2,897,882
13500,2026-01-24,12,3,480.0,424.1,362.4,1359,1345
13501,2026-01-25,1,1,480.0,460.2,423.6,2118,2075
13502,2026-01-25,1,2,480.0,448.3,392.6,1963,1935
13503,2026-01-25,1,3,480.0,460.6,385.8,1929,1918
13504,2026-01-25,2,1,480.0,445.9,395.0,1975,1945
13505,2026-01-25,2,2,480.0,395.1,355.8,1779,1758
13506,2026-01-25,2,3,480.0,329.4,271.2,1356,1338
13507,2026-01-25,3,1,480.0,388.8,320.2,1423,1391
13508,2026-01-25,3,2,480.0,377.7,316.6,1407,1381
13509,2026-01-25,3,3,460.6,270.1,211.1,938,918
13510,2026-01-25,4,1,480.0,420.7,379.7,2398,2389
13511,2026-01-25,4,2,480.0,467.7,424.6,2682,2665
13512,2026-01-25,4,3,480.0,404.6,360.5,2277,2259
13513,2026-01-25,5,1,480.0,426.5,372.1,1063,1040
13514,2026-01-25,5,2,480.0,418.1,354.6,1013,1002
13515,2026-01-25,5,3,480.0,318.8,264.6,756,743
13516,2026-01-25,6,1,480.0,453.9,388.1,1109,1084
13517,2026-01-25,6,2,480.0,277.4,232.1,663,646
13518,2026-01-25,6,3,480.0,378.7,306.6,876,857
13519,2026-01-25,7,1,480.0,309.9,229.6,574,555
13520,2026-01-25,7,2,480.0,187.4,143.6,359,351
13521,2026-01-25,7,3,480.0,285.9,207.2,518,506
13522,2026-01-25,8,1,480.0,375.8,315.9,824,814
13523,2026-01-25,8,2,480.0,462.9,403.3,1052,1026
13524,2026-01-25,8,3,480.0,300.8,255.7,667,653
13525,2026-01-25,9,1,480.0,448.5,407.2,1286,1275
13526,2026-01-25,9,2,480.0,440.5,400.6,1265,1240
13527,2026-01-25,9,3,480.0,474.5,408.5,1290,1274
13528,2026-01-25,10,1,480.0,442.6,385.5,1542,1518
13529,2026-01-25,10,2,480.0,418.9,371.0,1484,1459
13530,2026-01-25,10,3,480.0,478.5,407.5,1630,1593
13531,2026-01-25,11,1,480.0,425.4,362.0,1241,1213
13532,2026-01-25,11,2,480.0,387.0,328.4,1126,1097
13533,2026-01-25,11,3,480.0,430.4,352.6,1209,1174
13534,2026-01-25,12,1,480.0,435.9,371.2,1392,1387
13535,2026-01-25,12,2,480.0,407.3,356.0,1335,1313
13536,2026-01-25,12,3,480.0,464.0,393.3,1475,1440
13537,2026-01-26,1,1,480.0,410.2,358.2,1791,1762
13538,2026-01-26,1,2,480.0,454.2,400.4,2002,1973
13539,2026-01-26,1,3,480.0,408.7,354.4,1772,1764
13540,2026-01-26,2,1,480.0,443.7,378.2,1891,1871
13541,2026-01-26,2,2,480.0,415.0,369.6,1848,1810
13542,2026-01-26,2,3,480.0,417.1,342.0,1710,1687
13543,2026-01-26,3,1,480.0,371.8,301.7,1341,1299
13544,2026-01-26,3,2,480.0,406.1,342.4,1522,1487
13545,2026-01-26,3,3,480.0,367.5,303.5,1349,1315
13546,2026-01-26,4,1,480.0,460.4,423.2,2673,2650
13547,2026-01-26,4,2,480.0,360.2,326.0,2059,2046
13548,2026-01-26,4,3,439.9,410.4,350.4,2213,2199
13549,2026-01-26,5,1,480.0,432.8,385.7,1102,1092
13550,2026-01-26,5,2,480.0,369.9,321.6,919,899
13551,2026-01-26,5,3,480.0,441.0,368.2,1052,1038
13552,2026-01-26,6,1,480.0,480.0,410.9,1174,1153
13553,2026-01-26,6,2,480.0,425.9,359.1,1026,1005
13554,2026-01-26,6,3,480.0,387.5,330.4,944,921
13555,2026-01-26,7,1,480.0,307.1,232.8,582,569
13556,2026-01-26,7,2,480.0,380.1,293.2,733,711
13557,2026-01-26,7,3,480.0,271.1,196.8,492,477
13558,2026-01-26,8,1,480.0,471.4,399.4,1042,1022
13559,2026-01-26,8,2,480.0,439.6,378.4,987,966
13560,2026-01-26,8,3,431.6,271.1,221.2,577,562
13561,2026-01-26,9,1,480.0,412.3,377.8,1193,1172
13562,2026-01-26,9,2,480.0,453.9,419.3,1324,1298
13563,2026-01-26,9,3,480.0,463.9,401.9,1269,1251
13564,2026-01-26,10,1,480.0,467.8,403.8,1615,1573
13565,2026-01-26,10,2,480.0,403.8,347.0,1388,1367
13566,2026-01-26,10,3,480.0,190.8,162.2,649,639
13567,2026-01-26,11,1,480.0,418.6,344.5,1181,1156
13568,2026-01-26,11,2,480.0,392.7,326.1,1118,1096
13569,2026-01-26,11,3,436.3,401.7,337.5,1157,1135
13570,2026-01-26,12,1,480.0,439.1,382.4,1434,1414
13571,2026-01-26,12,2,480.0,377.4,329.9,1237,1220
13572,2026-01-26,12,3,480.0,435.7,384.5,1442,1423
13573,2026-01-27,1,1,480.0,447.9,390.4,1952,1918
13574,2026-01-27,1,2,480.0,458.5,411.2,2056,2018
13575,2026-01-27,1,3,480.0,417.9,370.8,1854,1825
13576,2026-01-27,2,1,480.0,413.1,358.4,1792,1765
13577,2026-01-27,2,2,480.0,420.0,380.6,1903,1877
13578,2026-01-27,2,3,480.0,380.3,326.2,1631,1605
13579,2026-01-27,3,1,480.0,374.2,323.1,1436,1405
13580,2026-01-27,3,2,480.0,374.8,307.8,1368,1344
13581,2026-01-27,3,3,480.0,390.9,324.9,1444,1410
13582,2026-01-27,4,1,480.0,440.2,411.8,2601,2570
13583,2026-01-27,4,2,480.0,470.8,418.0,2640,2605
13584,2026-01-27,4,3,480.0,423.5,384.0,2425,2392
13585,2026-01-27,5,1,480.0,466.5,404.2,1155,1136
13586,2026-01-27,5,2,480.0,393.5,341.2,975,958
13587,2026-01-27,5,3,480.0,397.1,326.9,934,920
13588,2026-01-27,6,1,480.0,390.6,336.4,961,950
13589,2026-01-27,6,2,480.0,454.7,381.5,1090,1071
13590,2026-01-27,6,3,480.0,368.9,304.5,870,849
13591,2026-01-27,7,1,480.0,357.6,260.8,652,632
13592,2026-01-27,7,2,480.0,241.1,187.6,469,456
13593,2026-01-27,7,3,480.0,334.4,254.0,635,622
13594,2026-01-27,8,1,480.0,434.8,371.4,969,949
13595,2026-01-27,8,2,480.0,371.2,315.1,822,800
13596,2026-01-27,8,3,480.0,453.5,381.4,995,978
13597,2026-01-27,9,1,480.0,477.4,412.6,1303,1290
13598,2026-01-27,9,2,480.0,450.1,403.8,1275,1256
13599,2026-01-27,9,3,480.0,480.0,404.1,1276,1267
13600,2026-01-27,10,1,480.0,475.1,414.8,1659,1639
13601,2026-01-27,10,2,480.0,380.6,331.2,1325,1304
13602,2026-01-27,10,3,480.0,330.6,280.2,1121,1103
13603,2026-01-27,11,1,480.0,433.3,361.7,1240,1215
13604,2026-01-27,11,2,480.0,419.5,360.8,1237,1213
13605,2026-01-27,11,3,480.0,288.1,237.1,813,794
13606,2026-01-27,12,1,480.0,476.4,412.5,1547,1525
13607,2026-01-27,12,2,480.0,455.7,399.7,1499,1472
13608,2026-01-27,12,3,480.0,480.0,404.5,1517,1507
13609,2026-01-28,1,1,480.0,404.7,348.0,1740,1720
13610,2026-01-28,1,2,480.0,367.2,326.4,1632,1622
13611,2026-01-28,1,3,480.0,447.5,391.2,1956,1927
13612,2026-01-28,2,1,480.0,467.6,405.0,2025,1990
13613,2026-01-28,2,2,480.0,406.5,361.2,1806,1785
13614,2026-01-28,2,3,480.0,362.9,302.0,1510,1494
13615,2026-01-28,3,1,480.0,403.8,342.0,1520,1487
13616,2026-01-28,3,2,480.0,430.1,353.0,1569,1532
13617,2026-01-28,3,3,480.0,299.5,237.6,1056,1035
13618,2026-01-28,4,1,480.0,382.3,347.9,2197,2176
13619,2026-01-28,4,2,480.0,480.0,442.5,2795,2756
13620,2026-01-28,4,3,480.0,455.9,401.4,2535,2509
13621,2026-01-28,5,1,480.0,413.0,360.1,1029,1008
13622,2026-01-28,5,2,480.0,459.7,403.6,1153,1130
13623,2026-01-28,5,3,480.0,398.7,334.9,957,940
13624,2026-01-28,6,1,480.0,416.2,373.8,1068,1047
13625,2026-01-28,6,2,480.0,447.2,370.3,1058,1037
13626,2026-01-28,6,3,480.0,411.9,331.1,946,920
13627,2026-01-28,7,1,480.0,395.2,303.2,758,743
13628,2026-01-28,7,2,480.0,309.5,238.4,596,585
13629,2026-01-28,7,3,443.7,273.2,203.2,508,494
13630,2026-01-28,8,1,301.7,195.8,164.1,428,419
13631,2026-01-28,8,2,480.0,416.8,351.5,917,900
13632,2026-01-28,8,3,480.0,365.7,291.7,761,745
13633,2026-01-28,9,1,480.0,441.1,395.2,1248,1232
13634,2026-01-28,9,2,480.0,434.5,405.0,1279,1262
13635,2026-01-28,9,3,480.0,428.9,376.5,1189,1167
13636,2026-01-28,10,1,480.0,441.9,389.0,1556,1520
13637,2026-01-28,10,2,480.0,341.9,304.8,1219,1200
13638,2026-01-28,10,3,480.0,410.5,341.2,1365,1344
13639,2026-01-28,11,1,480.0,342.5,296.3,1016,1000
13640,2026-01-28,11,2,480.0,434.0,369.0,1265,1234
13641,2026-01-28,11,3,480.0,318.2,257.8,884,861
13642,2026-01-28,12,1,480.0,385.9,346.1,1298,1279
13643,2026-01-28,12,2,480.0,444.8,381.3,1430,1411
13644,2026-01-28,12,3,480.0,480.0,412.3,1546,1524
13645,2026-01-29,1,1,480.0,412.8,364.4,1822,1800
13646,2026-01-29,1,2,480.0,437.8,378.2,1891,1869
13647,2026-01-29,1,3,480.0,274.6,236.8,1184,1167
13648,2026-01-29,2,1,480.0,458.0,404.4,2022,1985
13649,2026-01-29,2,2,480.0,358.2,305.4,1527,1512
13650,2026-01-29,2,3,480.0,451.8,390.4,1952,1934
13651,2026-01-29,3,1,480.0,317.8,264.8,1177,1153
13652,2026-01-29,3,2,480.0,409.4,331.0,1471,1453
13653,2026-01-29,3,3,480.0,385.7,308.0,1369,1344
13654,2026-01-29,4,1,480.0,463.8,425.4,2687,2661
13655,2026-01-29,4,2,480.0,474.5,426.2,2692,2648
13656,2026-01-29,4,3,480.0,446.6,384.8,2430,2407
13657,2026-01-29,5,1,480.0,420.7,364.0,1040,1018
13658,2026-01-29,5,2,480.0,296.9,249.2,712,704
13659,2026-01-29,5,3,480.0,461.1,394.4,1127,1107
13660,2026-01-29,6,1,480.0,327.5,275.4,787,773
13661,2026-01-29,6,2,480.0,420.1,367.1,1049,1024
13662,2026-01-29,6,3,480.0,413.6,339.5,970,948
13663,2026-01-29,7,1,480.0,332.4,250.4,626,613
13664,2026-01-29,7,2,480.0,346.4,259.2,648,636
13665,2026-01-29,7,3,480.0,337.3,242.8,607,587
13666,2026-01-29,8,1,480.0,418.8,355.4,927,911
13667,2026-01-29,8,2,480.0,336.0,280.6,732,720
13668,2026-01-29,8,3,480.0,342.1,281.8,735,717
13669,2026-01-29,9,1,480.0,431.0,361.3,1141,1125
13670,2026-01-29,9,2,480.0,435.4,396.1,1251,1228
13671,2026-01-29,9,3,480.0,412.9,361.0,1140,1123
13672,2026-01-29,10,1,480.0,416.2,359.8,1439,1424
13673,2026-01-29,10,2,480.0,448.8,394.5,1578,1550
13674,2026-01-29,10,3,458.7,369.5,313.2,1253,1239
13675,2026-01-29,11,1,480.0,443.4,379.8,1302,1276
13676,2026-01-29,11,2,480.0,442.8,378.9,1299,1269
13677,2026-01-29,11,3,480.0,390.3,322.6,1106,1084
13678,2026-01-29,12,1,480.0,463.8,415.5,1558,1543
13679,2026-01-29,12,2,480.0,396.0,357.6,1341,1318
13680,2026-01-29,12,3,448.2,420.0,338.4,1269,1253
13681,2026-01-30,1,1,480.0,435.5,378.8,1894,1876
13682,2026-01-30,1,2,480.0,450.1,407.6,2038,2006
13683,2026-01-30,1,3,480.0,443.6,384.8,1924,1893
13684,2026-01-30,2,1,480.0,386.7,349.2,1746,1721
13685,2026-01-30,2,2,480.0,363.2,320.4,1602,1584
13686,2026-01-30,2,3,480.0,431.6,368.2,1841,1822
13687,2026-01-30,3,1,480.0,395.8,332.8,1479,1448
13688,2026-01-30,3,2,480.0,464.1,390.1,1734,1695
13689,2026-01-30,3,3,480.0,370.8,304.4,1353,1318
13690,2026-01-30,4,1,480.0,423.1,378.7,2392,2365
13691,2026-01-30,4,2,480.0,388.9,351.0,2217,2182
13692,2026-01-30,4,3,480.0,432.1,387.9,2450,2425
13693,2026-01-30,5,1,480.0,455.8,415.8,1188,1165
13694,2026-01-30,5,2,480.0,402.5,343.4,981,963
13695,2026-01-30,5,3,480.0,378.8,327.2,935,914
13696,2026-01-30,6,1,480.0,410.2,346.1,989,974
13697,2026-01-30,6,2,480.0,453.2,397.9,1137,1108
13698,2026-01-30,6,3,480.0,407.9,344.1,983,958
13699,2026-01-30,7,1,480.0,315.0,238.8,597,582
13700,2026-01-30,7,2,480.0,333.1,254.0,635,619
13701,2026-01-30,7,3,480.0,339.5,239.2,598,581
13702,2026-01-30,8,1,480.0,401.2,357.3,932,911
13703,2026-01-30,8,2,480.0,377.5,310.9,811,797
13704,2026-01-30,8,3,480.0,455.3,366.5,956,935
13705,2026-01-30,9,1,480.0,474.4,421.2,1330,1314
13706,2026-01-30,9,2,480.0,458.7,422.8,1335,1327
13707,2026-01-30,9,3,480.0,389.8,348.3,1100,1077
13708,2026-01-30,10,1,480.0,451.7,395.8,1583,1559
13709,2026-01-30,10,2,480.0,453.0,391.2,1565,1542
13710,2026-01-30,10,3,480.0,388.8,328.8,1315,1298
13711,2026-01-30,11,1,480.0,297.5,259.0,888,870
13712,2026-01-30,11,2,480.0,452.4,386.5,1325,1293
13713,2026-01-30,11,3,480.0,386.3,317.0,1087,1060
13714,2026-01-30,12,1,480.0,472.2,425.1,1594,1577
13715,2026-01-30,12,2,480.0,468.0,408.0,1530,1509
13716,2026-01-30,12,3,480.0,446.5,389.1,1459,1441
13717,2026-01-31,1,1,480.0,467.4,424.0,2120,2103
13718,2026-01-31,1,2,480.0,439.0,378.2,1891,1863
13719,2026-01-31,1,3,480.0,445.2,375.6,1878,1855
13720,2026-01-31,2,1,480.0,474.8,418.2,2091,2047
13721,2026-01-31,2,2,480.0,343.5,291.8,1459,1437
13722,2026-01-31,2,3,480.0,444.9,375.8,1879,1854
13723,2026-01-31,3,1,480.0,395.5,335.9,1493,1461
13724,2026-01-31,3,2,480.0,378.9,318.4,1415,1380
13725,2026-01-31,3,3,480.0,480.0,385.9,1715,1676
13726,2026-01-31,4,1,480.0,446.5,390.8,2468,2445
13727,2026-01-31,4,2,480.0,454.9,413.7,2613,2610
13728,2026-01-31,4,3,480.0,424.6,373.5,2359,2336
13729,2026-01-31,5,1,480.0,413.9,344.1,983,962
13730,2026-01-31,5,2,480.0,450.5,385.7,1102,1076
13731,2026-01-31,5,3,480.0,469.9,396.2,1132,1111
13732,2026-01-31,6,1,480.0,369.2,315.4,901,883
13733,2026-01-31,6,2,480.0,326.9,291.9,834,817
13734,2026-01-31,6,3,462.8,389.1,316.8,905,887
13735,2026-01-31,7,1,480.0,288.5,213.6,534,523
13736,2026-01-31,7,2,480.0,301.8,226.4,566,554
13737,2026-01-31,7,3,480.0,282.1,208.8,522,507
13738,2026-01-31,8,1,480.0,414.0,358.4,935,916
13739,2026-01-31,8,2,480.0,322.9,271.0,707,690
13740,2026-01-31,8,3,480.0,360.3,301.7,787,772
13741,2026-01-31,9,1,480.0,429.4,384.8,1215,1194
13742,2026-01-31,9,2,480.0,480.0,430.4,1359,1340
13743,2026-01-31,9,3,480.0,475.9,415.5,1312,1296
13744,2026-01-31,10,1,480.0,450.9,400.5,1602,1572
13745,2026-01-31,10,2,480.0,463.8,391.8,1567,1551
13746,2026-01-31,10,3,480.0,291.8,248.0,992,975
13747,2026-01-31,11,1,480.0,349.3,290.8,997,975
13748,2026-01-31,11,2,480.0,387.6,326.1,1118,1089
13749,2026-01-31,11,3,480.0,445.1,368.7,1264,1238
13750,2026-01-31,12,1,480.0,373.7,323.5,1213,1199
13751,2026-01-31,12,2,480.0,326.6,293.1,1099,1089
13752,2026-01-31,12,3,480.0,421.0,354.7,1330,1312
13753,2026-02-01,1,1,480.0,430.9,379.2,1896,1880
13754,2026-02-01,1,2,480.0,394.2,352.6,1763,1746
13755,2026-02-01,1,3,480.0,399.8,338.2,1691,1665
13756,2026-02-01,2,1,480.0,429.8,371.8,1859,1843
13757,2026-02-01,2,2,480.0,454.6,406.4,2032,1992
13758,2026-02-01,2,3,480.0,433.0,374.6,1873,1853
13759,2026-02-01,3,1,480.0,346.8,289.4,1286,1254
13760,2026-02-01,3,2,480.0,364.2,298.6,1327,1300
13761,2026-02-01,3,3,480.0,397.9,327.4,1455,1420
13762,2026-02-01,4,1,480.0,443.1,420.1,2653,2611
13763,2026-02-01,4,2,480.0,394.1,353.7,2234,2225
13764,2026-02-01,4,3,480.0,480.0,438.4,2769,2750
13765,2026-02-01,5,1,480.0,433.0,359.1,1026,1009
13766,2026-02-01,5,2,480.0,463.1,395.9,1131,1112
13767,2026-02-01,5,3,450.8,381.1,321.3,918,907
13768,2026-02-01,6,1,480.0,442.4,367.1,1049,1025
13769,2026-02-01,6,2,480.0,415.1,353.1,1009,995
13770,2026-02-01,6,3,480.0,388.6,317.1,906,889
13771,2026-02-01,7,1,480.0,278.5,212.4,531,519
13772,2026-02-01,7,2,480.0,354.3,262.0,655,637
13773,2026-02-01,7,3,451.5,293.3,210.4,526,511
13774,2026-02-01,8,1,480.0,462.4,386.4,1008,982
13775,2026-02-01,8,2,480.0,453.0,386.8,1009,988
13776,2026-02-01,8,3,480.0,409.0,324.7,847,824
13777,2026-02-01,9,1,480.0,466.8,410.1,1295,1275
13778,2026-02-01,9,2,480.0,470.8,433.5,1369,1356
13779,2026-02-01,9,3,480.0,444.0,386.3,1220,1205
13780,2026-02-01,10,1,480.0,470.6,410.5,1642,1621
13781,2026-02-01,10,2,480.0,461.3,401.5,1606,1577
13782,2026-02-01,10,3,480.0,463.7,383.8,1535,1511
13783,2026-02-01,11,1,480.0,407.6,347.1,1190,1168
13784,2026-02-01,11,2,480.0,379.5,310.0,1063,1036
13785,2026-02-01,11,3,480.0,364.9,308.0,1056,1031
13786,2026-02-01,12,1,480.0,425.0,368.8,1383,1364
13787,2026-02-01,12,2,480.0,411.5,373.6,1401,1376
13788,2026-02-01,12,3,480.0,453.8,396.8,1488,1472
13789,2026-02-02,1,1,480.0,469.7,437.4,2187,2153
13790,2026-02-02,1,2,480.0,449.6,396.4,1982,1957
13791,2026-02-02,1,3,480.0,435.6,373.8,1869,1845
13792,2026-02-02,2,1,480.0,453.0,389.2,1946,1911
13793,2026-02-02,2,2,480.0,411.4,355.0,1775,1752
13794,2026-02-02,2,3,480.0,397.0,339.0,1695,1670
13795,2026-02-02,3,1,480.0,428.4,358.0,1591,1560
13796,2026-02-02,3,2,480.0,242.2,202.1,898,880
13797,2026-02-02,3,3,480.0,417.7,324.9,1444,1406
13798,2026-02-02,4,1,480.0,431.5,397.9,2513,2483
13799,2026-02-02,4,2,480.0,480.0,442.5,2795,2773
13800,2026-02-02,4,3,480.0,432.3,372.1,2350,2344
13801,2026-02-02,5,1,480.0,431.1,375.9,1074,1060
13802,2026-02-02,5,2,480.0,351.6,305.9,874,860
13803,2026-02-02,5,3,480.0,409.0,345.1,986,962
13804,2026-02-02,6,1,480.0,421.9,357.4,1021,1000
13805,2026-02-02,6,2,480.0,345.8,290.9,831,813
13806,2026-02-02,6,3,480.0,469.2,393.8,1125,1100
13807,2026-02-02,7,1,480.0,316.7,240.4,601,585
13808,2026-02-02,7,2,480.0,209.8,164.0,410,399
13809,2026-02-02,7,3,480.0,285.4,209.2,523,511
13810,2026-02-02,8,1,480.0,334.9,282.5,737,719
13811,2026-02-02,8,2,480.0,339.5,286.0,746,731
13812,2026-02-02,8,3,480.0,379.2,313.9,819,805
13813,2026-02-02,9,1,480.0,426.6,379.1,1197,1184
13814,2026-02-02,9,2,480.0,450.5,400.3,1264,1249
13815,2026-02-02,9,3,480.0,458.4,396.1,1251,1238
13816,2026-02-02,10,1,480.0,449.8,415.2,1661,1654
13817,2026-02-02,10,2,480.0,463.3,400.0,1600,1575
13818,2026-02-02,10,3,480.0,387.3,321.8,1287,1268
13819,2026-02-02,11,1,480.0,419.1,360.5,1236,1205
13820,2026-02-02,11,2,480.0,386.5,327.0,1121,1099
13821,2026-02-02,11,3,480.0,368.6,303.6,1041,1020
13822,2026-02-02,12,1,480.0,444.6,376.3,1411,1387
13823,2026-02-02,12,2,480.0,458.5,392.3,1471,1435
13824,2026-02-02,12,3,480.0,455.5,392.5,1472,1443
13825,2026-02-03,1,1,480.0,418.5,360.2,1801,1774
13826,2026-02-03,1,2,480.0,335.5,301.6,1508,1497
13827,2026-02-03,1,3,480.0,415.7,366.2,1831,1812
13828,2026-02-03,2,1,480.0,437.6,384.8,1924,1908
13829,2026-02-03,2,2,480.0,427.2,369.2,1846,1827
13830,2026-02-03,2,3,480.0,407.2,348.2,1741,1712
13831,2026-02-03,3,1,309.3,266.8,222.5,989,964
13832,2026-02-03,3,2,480.0,405.4,343.4,1526,1498
13833,2026-02-03,3,3,480.0,382.3,314.3,1397,1364
13834,2026-02-03,4,1,480.0,465.8,415.3,2623,2608
13835,2026-02-03,4,2,480.0,477.2,436.5,2757,2730
13836,2026-02-03,4,3,480.0,450.2,393.1,2483,2452
13837,2026-02-03,5,1,480.0,394.3,352.4,1007,990
13838,2026-02-03,5,2,480.0,443.2,361.6,1033,1019
13839,2026-02-03,5,3,480.0,400.4,330.4,944,933
13840,2026-02-03,6,1,480.0,393.8,331.1,946,933
13841,2026-02-03,6,2,480.0,407.0,351.8,1005,988
13842,2026-02-03,6,3,480.0,404.8,338.4,967,946
13843,2026-02-03,7,1,480.0,310.8,224.8,562,545
13844,2026-02-03,7,2,480.0,340.2,256.8,642,624
13845,2026-02-03,7,3,480.0,400.6,286.0,715,699
13846,2026-02-03,8,1,480.0,402.3,349.6,912,892
13847,2026-02-03,8,2,480.0,413.4,345.0,900,878
13848,2026-02-03,8,3,480.0,392.3,315.5,823,803
13849,2026-02-03,9,1,480.0,417.7,380.6,1202,1185
13850,2026-02-03,9,2,480.0,469.0,418.6,1322,1305
13851,2026-02-03,9,3,480.0,444.6,378.1,1194,1181
13852,2026-02-03,10,1,291.8,280.6,242.0,968,956
13853,2026-02-03,10,2,480.0,476.0,425.2,1701,1673
13854,2026-02-03,10,3,480.0,235.1,198.5,794,788
13855,2026-02-03,11,1,315.3,262.0,217.0,744,726
13856,2026-02-03,11,2,480.0,237.1,204.2,700,688
13857,2026-02-03,11,3,480.0,412.4,345.6,1185,1159
13858,2026-02-03,12,1,480.0,361.8,325.1,1219,1203
13859,2026-02-03,12,2,480.0,447.9,396.8,1488,1475
13860,2026-02-03,12,3,480.0,336.7,285.6,1071,1055
13861,2026-02-04,1,1,480.0,471.3,427.0,2135,2107
13862,2026-02-04,1,2,480.0,432.2,377.4,1887,1871
13863,2026-02-04,1,3,480.0,423.1,372.8,1864,1845
13864,2026-02-04,2,1,480.0,466.8,426.4,2132,2112
13865,2026-02-04,2,2,480.0,416.9,362.4,1812,1793
13866,2026-02-04,2,3,480.0,452.4,390.0,1950,1928
13867,2026-02-04,3,1,480.0,475.6,371.9,1653,1624
13868,2026-02-04,3,2,480.0,401.1,342.2,1521,1494
13869,2026-02-04,3,3,480.0,459.1,370.6,1647,1607
13870,2026-02-04,4,1,480.0,429.2,382.4,2415,2411
13871,2026-02-04,4,2,480.0,447.6,401.2,2534,2509
13872,2026-02-04,4,3,480.0,445.4,384.8,2430,2406
13873,2026-02-04,5,1,480.0,352.4,306.2,875,856
13874,2026-02-04,5,2,480.0,462.8,394.1,1126,1107
13875,2026-02-04,5,3,480.0,331.1,288.1,823,809
13876,2026-02-04,6,1,480.0,448.9,377.6,1079,1060
13877,2026-02-04,6,2,480.0,353.4,294.0,840,820
13878,2026-02-04,6,3,480.0,466.7,382.2,1092,1069
13879,2026-02-04,7,1,480.0,319.3,251.6,629,612
13880,2026-02-04,7,2,480.0,358.0,267.2,668,654
13881,2026-02-04,7,3,480.0,303.9,229.2,573,560
13882,2026-02-04,8,1,480.0,343.3,284.8,743,727
13883,2026-02-04,8,2,480.0,459.5,396.8,1035,1014
13884,2026-02-04,8,3,480.0,361.3,301.3,786,772
13885,2026-02-04,9,1,480.0,458.6,422.8,1335,1313
13886,2026-02-04,9,2,480.0,450.2,419.9,1326,1310
13887,2026-02-04,9,3,480.0,441.8,374.6,1183,1163
13888,2026-02-04,10,1,480.0,379.4,336.8,1347,1338
13889,2026-02-04,10,2,480.0,451.9,404.2,1617,1596
13890,2026-02-04,10,3,480.0,444.9,385.0,1540,1531
13891,2026-02-04,11,1,480.0,444.7,379.2,1300,1260
13892,2026-02-04,11,2,480.0,460.9,385.9,1323,1294
13893,2026-02-04,11,3,480.0,440.9,360.5,1236,1215
13894,2026-02-04,12,1,480.0,444.6,396.8,1488,1463
13895,2026-02-04,12,2,480.0,435.1,380.5,1427,1404
13896,2026-02-04,12,3,480.0,354.9,301.3,1130,1117
13897,2026-02-05,1,1,480.0,437.7,375.0,1875,1851
13898,2026-02-05,1,2,480.0,453.5,414.4,2072,2041
13899,2026-02-05,1,3,480.0,417.4,364.8,1824,1801
13900,2026-02-05,2,1,480.0,451.9,390.6,1953,1919
13901,2026-02-05,2,2,480.0,420.4,367.2,1836,1803
13902,2026-02-05,2,3,480.0,417.5,354.2,1771,1749
13903,2026-02-05,3,1,480.0,391.8,325.6,1447,1421
13904,2026-02-05,3,2,480.0,265.1,222.1,987,966
13905,2026-02-05,3,3,453.9,388.0,316.6,1407,1379
13906,2026-02-05,4,1,480.0,445.2,398.1,2514,2485
13907,2026-02-05,4,2,480.0,477.7,426.4,2693,2673
13908,2026-02-05,4,3,441.5,392.5,349.0,2204,2169
13909,2026-02-05,5,1,480.0,405.0,342.6,979,962
13910,2026-02-05,5,2,480.0,391.3,340.2,972,961
13911,2026-02-05,5,3,480.0,406.6,340.2,972,949
13912,2026-02-05,6,1,480.0,416.5,351.8,1005,981
13913,2026-02-05,6,2,480.0,418.8,356.6,1019,1004
13914,2026-02-05,6,3,480.0,450.6,374.5,1070,1050
13915,2026-02-05,7,1,480.0,315.5,242.0,605,587
13916,2026-02-05,7,2,480.0,298.7,236.0,590,572
13917,2026-02-05,7,3,480.0,158.1,115.2,288,280
13918,2026-02-05,8,1,480.0,394.9,330.4,862,836
13919,2026-02-05,8,2,480.0,354.0,300.1,783,769
13920,2026-02-05,8,3,480.0,384.7,313.9,819,806
13921,2026-02-05,9,1,480.0,454.5,396.1,1251,1237
13922,2026-02-05,9,2,480.0,396.7,353.1,1115,1092
13923,2026-02-05,9,3,480.0,368.1,323.6,1022,1006
13924,2026-02-05,10,1,480.0,390.8,336.0,1344,1323
13925,2026-02-05,10,2,480.0,369.0,314.8,1259,1241
13926,2026-02-05,10,3,480.0,297.1,258.0,1032,1014
13927,2026-02-05,11,1,480.0,435.3,379.5,1301,1265
13928,2026-02-05,11,2,480.0,466.6,388.5,1332,1311
13929,2026-02-05,11,3,480.0,455.3,378.9,1299,1270
13930,2026-02-05,12,1,480.0,480.0,410.4,1539,1517
13931,2026-02-05,12,2,480.0,432.6,390.1,1463,1448
13932,2026-02-05,12,3,480.0,424.0,366.4,1374,1352
13933,2026-02-06,1,1,480.0,361.5,325.6,1628,1592
13934,2026-02-06,1,2,480.0,312.2,270.6,1353,1337
13935,2026-02-06,1,3,480.0,416.9,368.8,1844,1826
13936,2026-02-06,2,1,480.0,431.8,362.8,1814,1790
13937,2026-02-06,2,2,480.0,465.4,414.0,2070,2034
13938,2026-02-06,2,3,441.1,306.4,255.6,1278,1260
13939,2026-02-06,3,1,480.0,418.9,353.9,1573,1541
13940,2026-02-06,3,2,480.0,369.2,309.1,1374,1346
13941,2026-02-06,3,3,480.0,391.5,310.1,1378,1349
13942,2026-02-06,4,1,480.0,404.5,370.0,2337,2321
13943,2026-02-06,4,2,480.0,463.1,418.2,2641,2614
13944,2026-02-06,4,3,480.0,451.2,401.9,2538,2516
13945,2026-02-06,5,1,480.0,423.1,369.9,1057,1046
13946,2026-02-06,5,2,480.0,407.0,349.3,998,973
13947,2026-02-06,5,3,480.0,317.9,274.1,783,766
13948,2026-02-06,6,1,480.0,411.3,358.1,1023,1006
13949,2026-02-06,6,2,480.0,433.3,375.2,1072,1050
13950,2026-02-06,6,3,480.0,453.8,377.6,1079,1056
13951,2026-02-06,7,1,480.0,302.7,233.6,584,568
13952,2026-02-06,7,2,480.0,393.1,290.0,725,709
13953,2026-02-06,7,3,480.0,271.2,203.6,509,496
13954,2026-02-06,8,1,480.0,442.3,384.1,1002,990
13955,2026-02-06,8,2,480.0,405.4,334.3,872,854
13956,2026-02-06,8,3,480.0,419.7,333.5,870,856
13957,2026-02-06,9,1,480.0,380.3,338.8,1070,1058
13958,2026-02-06,9,2,480.0,440.4,409.4,1293,1279
13959,2026-02-06,9,3,480.0,352.6,308.4,974,961
13960,2026-02-06,10,1,480.0,480.0,425.8,1703,1680
13961,2026-02-06,10,2,480.0,460.6,414.5,1658,1628
13962,2026-02-06,10,3,480.0,244.0,201.5,806,792
13963,2026-02-06,11,1,480.0,334.9,287.6,986,962
13964,2026-02-06,11,2,480.0,275.3,236.5,811,789
13965,2026-02-06,11,3,480.0,206.6,166.8,572,560
13966,2026-02-06,12,1,480.0,470.9,417.6,1566,1551
13967,2026-02-06,12,2,480.0,375.3,334.4,1254,1230
13968,2026-02-06,12,3,480.0,379.0,331.5,1243,1217
13969,2026-02-07,1,1,480.0,436.2,391.0,1955,1939
13970,2026-02-07,1,2,480.0,480.0,432.8,2164,2127
13971,2026-02-07,1,3,480.0,425.3,366.6,1833,1822
13972,2026-02-07,2,1,480.0,442.2,395.4,1977,1942
13973,2026-02-07,2,2,480.0,430.3,372.6,1863,1855
13974,2026-02-07,2,3,480.0,406.1,341.2,1706,1675
13975,2026-02-07,3,1,480.0,467.8,375.1,1667,1620
13976,2026-02-07,3,2,480.0,427.3,352.8,1568,1537
13977,2026-02-07,3,3,480.0,345.1,276.8,1230,1204
13978,2026-02-07,4,1,480.0,468.7,426.4,2693,2661
13979,2026-02-07,4,2,480.0,328.7,295.0,1863,1840
13980,2026-02-07,4,3,480.0,475.1,437.8,2765,2722
13981,2026-02-07,5,1,480.0,373.8,309.1,883,859
13982,2026-02-07,5,2,480.0,427.5,361.2,1032,1015
13983,2026-02-07,5,3,480.0,406.5,348.6,996,975
13984,2026-02-07,6,1,480.0,393.1,327.6,936,918
13985,2026-02-07,6,2,480.0,454.8,386.4,1104,1080
13986,2026-02-07,6,3,480.0,403.0,334.2,955,937
13987,2026-02-07,7,1,292.7,104.5,75.2,188,184
13988,2026-02-07,7,2,480.0,228.5,175.2,438,425
13989,2026-02-07,7,3,480.0,329.6,239.2,598,583
13990,2026-02-07,8,1,480.0,239.1,194.7,508,498
13991,2026-02-07,8,2,480.0,411.7,350.0,913,895
13992,2026-02-07,8,3,480.0,381.7,326.2,851,831
13993,2026-02-07,9,1,480.0,450.9,408.2,1289,1268
13994,2026-02-07,9,2,480.0,470.0,433.5,1369,1347
13995,2026-02-07,9,3,480.0,450.5,397.7,1256,1240
13996,2026-02-07,10,1,480.0,395.3,368.0,1472,1449
13997,2026-02-07,10,2,480.0,454.4,388.2,1553,1534
13998,2026-02-07,10,3,480.0,446.6,378.2,1513,1492
13999,2026-02-07,11,1,480.0,431.0,367.2,1259,1234
14000,2026-02-07,11,2,480.0,449.9,388.8,1333,1302
14001,2026-02-07,11,3,480.0,393.7,321.4,1102,1072
14002,2026-02-07,12,1,292.5,253.8,222.4,834,824
14003,2026-02-07,12,2,480.0,330.7,298.4,1119,1102
14004,2026-02-07,12,3,480.0,344.7,300.3,1126,1114
14005,2026-02-08,1,1,480.0,435.9,374.6,1873,1856
14006,2026-02-08,1,2,480.0,440.2,393.4,1967,1946
14007,2026-02-08,1,3,480.0,480.0,415.8,2079,2058
14008,2026-02-08,2,1,480.0,451.6,401.0,2005,1972
14009,2026-02-08,2,2,480.0,445.2,390.6,1953,1924
14010,2026-02-08,2,3,480.0,423.7,361.0,1805,1769
14011,2026-02-08,3,1,480.0,433.0,350.8,1559,1523
14012,2026-02-08,3,2,480.0,452.9,367.0,1631,1584
14013,2026-02-08,3,3,480.0,417.6,330.8,1470,1434
14014,2026-02-08,4,1,480.0,401.7,362.3,2288,2265
14015,2026-02-08,4,2,480.0,466.1,431.1,2723,2689
14016,2026-02-08,4,3,480.0,385.8,317.6,2006,1989
14017,2026-02-08,5,1,480.0,389.9,326.2,932,921
14018,2026-02-08,5,2,480.0,309.3,262.5,750,735
14019,2026-02-08,5,3,480.0,402.1,327.2,935,926
14020,2026-02-08,6,1,480.0,314.4,268.4,767,753
14021,2026-02-08,6,2,480.0,407.9,343.4,981,964
14022,2026-02-08,6,3,480.0,407.7,332.1,949,935
14023,2026-02-08,7,1,480.0,196.7,149.6,374,365
14024,2026-02-08,7,2,480.0,40.4,29.6,74,72
14025,2026-02-08,7,3,436.1,224.1,167.2,418,405
14026,2026-02-08,8,1,480.0,376.9,316.2,825,800
14027,2026-02-08,8,2,480.0,455.9,395.6,1032,1011
14028,2026-02-08,8,3,480.0,398.5,331.2,864,845
14029,2026-02-08,9,1,480.0,438.9,396.1,1251,1231
14030,2026-02-08,9,2,480.0,374.8,341.1,1077,1062
14031,2026-02-08,9,3,480.0,440.0,375.2,1185,1173
14032,2026-02-08,10,1,480.0,328.4,284.0,1136,1115
14033,2026-02-08,10,2,480.0,335.0,290.5,1162,1148
14034,2026-02-08,10,3,480.0,425.5,349.8,1399,1359
14035,2026-02-08,11,1,480.0,447.7,385.0,1320,1284
14036,2026-02-08,11,2,480.0,389.9,333.4,1143,1123
14037,2026-02-08,11,3,480.0,480.0,396.7,1360,1334
14038,2026-02-08,12,1,480.0,441.6,372.8,1398,1378
14039,2026-02-08,12,2,480.0,474.7,421.1,1579,1562
14040,2026-02-08,12,3,480.0,401.9,345.3,1295,1275
14041,2026-02-09,1,1,480.0,440.5,385.0,1925,1903
14042,2026-02-09,1,2,480.0,329.9,296.2,1481,1467
14043,2026-02-09,1,3,480.0,459.6,395.0,1975,1950
14044,2026-02-09,2,1,480.0,460.4,407.6,2038,2017
14045,2026-02-09,2,2,480.0,464.7,396.4,1982,1947
14046,2026-02-09,2,3,480.0,471.1,406.0,2030,1994
14047,2026-02-09,3,1,480.0,379.0,316.6,1407,1372
14048,2026-02-09,3,2,480.0,341.3,292.7,1301,1270
14049,2026-02-09,3,3,480.0,370.0,300.4,1335,1304
14050,2026-02-09,4,1,480.0,403.3,358.1,2262,2239
14051,2026-02-09,4,2,480.0,480.0,453.3,2863,2824
14052,2026-02-09,4,3,480.0,460.3,409.6,2587,2554
14053,2026-02-09,5,1,480.0,433.4,355.6,1016,1000
14054,2026-02-09,5,2,480.0,434.7,368.9,1054,1033
14055,2026-02-09,5,3,480.0,466.7,392.0,1120,1103
14056,2026-02-09,6,1,480.0,457.9,405.3,1158,1141
14057,2026-02-09,6,2,480.0,471.5,420.4,1201,1170
14058,2026-02-09,6,3,480.0,455.4,364.4,1041,1019
14059,2026-02-09,7,1,480.0,264.9,195.6,489,478
14060,2026-02-09,7,2,480.0,275.8,207.6,519,503
14061,2026-02-09,7,3,480.0,299.7,223.2,558,540
14062,2026-02-09,8,1,480.0,336.5,286.7,748,725
14063,2026-02-09,8,2,480.0,403.8,355.7,928,909
14064,2026-02-09,8,3,480.0,433.4,352.3,919,902
14065,2026-02-09,9,1,480.0,465.0,420.9,1329,1308
14066,2026-02-09,9,2,480.0,399.8,354.4,1119,1108
14067,2026-02-09,9,3,480.0,469.7,419.6,1325,1302
14068,2026-02-09,10,1,480.0,445.7,381.8,1527,1500
14069,2026-02-09,10,2,480.0,467.7,395.8,1583,1563
14070,2026-02-09,10,3,480.0,412.7,360.8,1443,1423
14071,2026-02-09,11,1,480.0,411.2,362.0,1241,1225
14072,2026-02-09,11,2,480.0,346.0,294.0,1008,981
14073,2026-02-09,11,3,480.0,414.5,344.2,1180,1148
14074,2026-02-09,12,1,480.0,449.0,396.0,1485,1457
14075,2026-02-09,12,2,480.0,406.0,357.1,1339,1324
14076,2026-02-09,12,3,480.0,410.0,343.5,1288,1269
14077,2026-02-10,1,1,480.0,390.8,346.8,1734,1713
14078,2026-02-10,1,2,480.0,478.8,429.2,2146,2114
14079,2026-02-10,1,3,480.0,427.0,373.2,1866,1848
14080,2026-02-10,2,1,480.0,427.5,379.4,1897,1869
14081,2026-02-10,2,2,480.0,472.0,427.0,2135,2096
14082,2026-02-10,2,3,480.0,379.2,326.6,1633,1608
14083,2026-02-10,3,1,480.0,396.1,329.6,1465,1441
14084,2026-02-10,3,2,480.0,354.5,301.9,1342,1314
14085,2026-02-10,3,3,480.0,267.7,221.6,985,969
14086,2026-02-10,4,1,480.0,470.5,427.5,2700,2670
14087,2026-02-10,4,2,480.0,389.0,360.7,2278,2255
14088,2026-02-10,4,3,480.0,478.0,437.2,2761,2733
14089,2026-02-10,5,1,480.0,464.3,398.6,1139,1127
14090,2026-02-10,5,2,480.0,382.0,330.4,944,926
14091,2026-02-10,5,3,480.0,408.9,341.9,977,964
14092,2026-02-10,6,1,480.0,410.5,346.1,989,969
14093,2026-02-10,6,2,480.0,446.4,390.2,1115,1095
14094,2026-02-10,6,3,480.0,444.3,369.9,1057,1035
14095,2026-02-10,7,1,480.0,274.6,209.6,524,512
14096,2026-02-10,7,2,480.0,261.6,200.8,502,490
14097,2026-02-10,7,3,480.0,271.6,201.6,504,492
14098,2026-02-10,8,1,480.0,322.3,272.6,711,697
14099,2026-02-10,8,2,480.0,435.2,370.3,966,945
14100,2026-02-10,8,3,480.0,357.1,302.8,790,778
14101,2026-02-10,9,1,480.0,480.0,435.7,1376,1357
14102,2026-02-10,9,2,480.0,456.7,418.3,1321,1297
14103,2026-02-10,9,3,480.0,411.4,353.4,1116,1099
14104,2026-02-10,10,1,480.0,431.4,360.8,1443,1422
14105,2026-02-10,10,2,480.0,464.0,417.8,1671,1650
14106,2026-02-10,10,3,480.0,412.5,359.8,1439,1419
14107,2026-02-10,11,1,480.0,390.4,338.9,1162,1138
14108,2026-02-10,11,2,480.0,443.3,380.0,1303,1281
14109,2026-02-10,11,3,480.0,213.2,172.1,590,578
14110,2026-02-10,12,1,480.0,422.5,373.1,1399,1384
14111,2026-02-10,12,2,480.0,437.4,387.5,1453,1433
14112,2026-02-10,12,3,480.0,418.0,349.1,1309,1293
14113,2026-02-11,1,1,480.0,448.7,400.4,2002,1974
14114,2026-02-11,1,2,480.0,461.5,426.6,2133,2113
14115,2026-02-11,1,3,480.0,443.4,386.2,1931,1914
14116,2026-02-11,2,1,480.0,409.8,352.8,1764,1741
14117,2026-02-11,2,2,480.0,441.9,401.6,2008,1981
14118,2026-02-11,2,3,480.0,460.5,389.0,1945,1909
14119,2026-02-11,3,1,480.0,328.8,269.1,1196,1163
14120,2026-02-11,3,2,480.0,202.2,163.6,727,711
14121,2026-02-11,3,3,480.0,431.7,354.4,1575,1551
14122,2026-02-11,4,1,480.0,478.8,433.2,2736,2730
14123,2026-02-11,4,2,480.0,456.5,415.1,2622,2589
14124,2026-02-11,4,3,480.0,464.9,411.0,2596,2574
14125,2026-02-11,5,1,480.0,410.0,345.8,988,976
14126,2026-02-11,5,2,480.0,473.7,400.4,1144,1121
14127,2026-02-11,5,3,480.0,452.9,382.9,1094,1070
14128,2026-02-11,6,1,480.0,336.2,289.8,828,813
14129,2026-02-11,6,2,480.0,466.3,400.4,1144,1110
14130,2026-02-11,6,3,480.0,384.7,318.1,909,892
14131,2026-02-11,7,1,480.0,357.4,272.4,681,664
14132,2026-02-11,7,2,480.0,252.8,188.4,471,455
14133,2026-02-11,7,3,480.0,325.5,240.4,601,584
14134,2026-02-11,8,1,480.0,418.3,358.4,935,921
14135,2026-02-11,8,2,480.0,452.4,393.3,1026,1009
14136,2026-02-11,8,3,480.0,380.7,316.6,826,807
14137,2026-02-11,9,1,480.0,433.5,388.9,1228,1212
14138,2026-02-11,9,2,480.0,446.8,402.5,1271,1252
14139,2026-02-11,9,3,480.0,467.3,411.0,1298,1277
14140,2026-02-11,10,1,480.0,457.6,394.2,1577,1562
14141,2026-02-11,10,2,480.0,451.6,409.2,1637,1626
14142,2026-02-11,10,3,480.0,371.8,329.2,1317,1292
14143,2026-02-11,11,1,480.0,432.9,363.1,1245,1222
14144,2026-02-11,11,2,480.0,396.7,347.4,1191,1165
14145,2026-02-11,11,3,480.0,341.0,276.8,949,923
14146,2026-02-11,12,1,480.0,451.0,409.9,1537,1523
14147,2026-02-11,12,2,480.0,431.0,376.5,1412,1395
14148,2026-02-11,12,3,480.0,423.5,355.7,1334,1318
14149,2026-02-12,1,1,480.0,480.0,423.2,2116,2092
14150,2026-02-12,1,2,480.0,465.5,407.2,2036,2016
14151,2026-02-12,1,3,480.0,424.2,363.4,1817,1793
14152,2026-02-12,2,1,480.0,448.0,387.8,1939,1919
14153,2026-02-12,2,2,480.0,480.0,423.6,2118,2101
14154,2026-02-12,2,3,480.0,402.1,339.2,1696,1666
14155,2026-02-12,3,1,480.0,427.4,361.6,1607,1570
14156,2026-02-12,3,2,480.0,389.3,323.1,1436,1405
14157,2026-02-12,3,3,480.0,396.5,308.5,1371,1349
14158,2026-02-12,4,1,480.0,375.8,348.8,2203,2175
14159,2026-02-12,4,2,480.0,475.2,452.2,2856,2825
14160,2026-02-12,4,3,480.0,410.7,357.2,2256,2237
14161,2026-02-12,5,1,480.0,438.2,376.6,1076,1056
14162,2026-02-12,5,2,480.0,455.3,380.1,1086,1063
14163,2026-02-12,5,3,480.0,392.3,323.4,924,908
14164,2026-02-12,6,1,480.0,412.3,356.6,1019,999
14165,2026-02-12,6,2,480.0,366.0,311.5,890,869
14166,2026-02-12,6,3,480.0,457.0,366.1,1046,1024
14167,2026-02-12,7,1,480.0,268.1,207.2,518,504
14168,2026-02-12,7,2,480.0,323.1,241.6,604,588
14169,2026-02-12,7,3,480.0,287.1,210.0,525,511
14170,2026-02-12,8,1,480.0,369.4,319.7,834,820
14171,2026-02-12,8,2,480.0,399.7,335.4,875,858
14172,2026-02-12,8,3,480.0,424.1,350.8,915,902
14173,2026-02-12,9,1,480.0,397.8,353.4,1116,1101
14174,2026-02-12,9,2,480.0,459.9,414.2,1308,1286
14175,2026-02-12,9,3,480.0,476.7,423.4,1337,1317
14176,2026-02-12,10,1,480.0,344.5,297.2,1189,1162
14177,2026-02-12,10,2,480.0,388.0,335.2,1341,1321
14178,2026-02-12,10,3,480.0,381.9,322.5,1290,1262
14179,2026-02-12,11,1,480.0,412.3,347.7,1192,1163
14180,2026-02-12,11,2,480.0,412.9,352.3,1208,1182
14181,2026-02-12,11,3,480.0,414.3,351.5,1205,1180
14182,2026-02-12,12,1,480.0,418.1,364.0,1365,1348
14183,2026-02-12,12,2,480.0,400.2,357.1,1339,1330
14184,2026-02-12,12,3,480.0,351.8,307.7,1154,1133
14185,2026-02-13,1,1,480.0,428.6,378.2,1891,1848
14186,2026-02-13,1,2,480.0,466.0,425.6,2128,2099
14187,2026-02-13,1,3,457.2,357.0,315.2,1576,1554
14188,2026-02-13,2,1,480.0,470.4,398.4,1992,1964
14189,2026-02-13,2,2,480.0,454.4,389.8,1949,1922
14190,2026-02-13,2,3,480.0,449.6,382.0,1910,1881
14191,2026-02-13,3,1,480.0,383.1,313.0,1391,1365
14192,2026-02-13,3,2,480.0,469.5,400.1,1778,1751
14193,2026-02-13,3,3,480.0,434.7,356.6,1585,1548
14194,2026-02-13,4,1,480.0,448.6,412.1,2603,2568
14195,2026-02-13,4,2,480.0,425.5,371.8,2348,2320
14196,2026-02-13,4,3,480.0,439.2,396.5,2504,2497
14197,2026-02-13,5,1,480.0,369.0,316.8,905,882
14198,2026-02-13,5,2,480.0,454.3,388.1,1109,1091
14199,2026-02-13,5,3,480.0,387.1,324.4,927,905
14200,2026-02-13,6,1,480.0,438.5,380.8,1088,1061
14201,2026-02-13,6,2,480.0,450.0,388.5,1110,1094
14202,2026-02-13,6,3,480.0,346.3,290.5,830,812
14203,2026-02-13,7,1,480.0,274.2,202.4,506,494
14204,2026-02-13,7,2,480.0,265.3,199.2,498,484
14205,2026-02-13,7,3,480.0,291.9,214.4,536,520
14206,2026-02-13,8,1,480.0,429.1,366.9,957,939
14207,2026-02-13,8,2,480.0,409.6,339.2,885,870
14208,2026-02-13,8,3,480.0,383.8,309.7,808,792
14209,2026-02-13,9,1,480.0,410.2,356.6,1126,1115
14210,2026-02-13,9,2,480.0,464.6,396.5,1252,1238
14211,2026-02-13,9,3,480.0,480.0,409.8,1294,1283
14212,2026-02-13,10,1,480.0,443.9,380.8,1523,1494
14213,2026-02-13,10,2,480.0,366.0,318.2,1273,1262
14214,2026-02-13,10,3,480.0,445.3,381.0,1524,1498
14215,2026-02-13,11,1,480.0,428.6,360.5,1236,1204
14216,2026-02-13,11,2,480.0,456.0,401.6,1377,1343
14217,2026-02-13,11,3,480.0,447.3,345.3,1184,1157
14218,2026-02-13,12,1,480.0,455.9,403.7,1514,1491
14219,2026-02-13,12,2,480.0,418.0,357.1,1339,1320
14220,2026-02-13,12,3,480.0,368.5,322.4,1209,1186
14221,2026-02-14,1,1,480.0,467.3,426.2,2131,2104
14222,2026-02-14,1,2,480.0,379.6,335.4,1677,1655
14223,2026-02-14,1,3,480.0,468.8,395.4,1977,1946
14224,2026-02-14,2,1,262.6,211.3,182.8,914,906
14225,2026-02-14,2,2,480.0,446.8,394.8,1974,1951
14226,2026-02-14,2,3,446.5,419.8,343.6,1718,1695
14227,2026-02-14,3,1,480.0,409.2,344.0,1529,1501
14228,2026-02-14,3,2,480.0,382.2,323.8,1439,1405
14229,2026-02-14,3,3,480.0,375.0,298.6,1327,1301
14230,2026-02-14,4,1,480.0,407.3,362.3,2288,2266
14231,2026-02-14,4,2,480.0,480.0,452.2,2856,2853
14232,2026-02-14,4,3,451.3,366.4,326.3,2061,2040
14233,2026-02-14,5,1,480.0,459.5,401.8,1148,1129
14234,2026-02-14,5,2,480.0,426.2,363.6,1039,1020
14235,2026-02-14,5,3,442.5,374.1,307.6,879,868
14236,2026-02-14,6,1,480.0,420.1,348.6,996,969
14237,2026-02-14,6,2,480.0,421.1,352.8,1008,993
14238,2026-02-14,6,3,480.0,459.6,377.6,1079,1054
14239,2026-02-14,7,1,480.0,278.8,214.0,535,517
14240,2026-02-14,7,2,480.0,216.1,158.4,396,387
14241,2026-02-14,7,3,480.0,268.0,194.8,487,471
14242,2026-02-14,8,1,480.0,439.7,378.7,988,966
14243,2026-02-14,8,2,480.0,398.9,345.0,900,882
14244,2026-02-14,8,3,480.0,401.6,327.4,854,834
14245,2026-02-14,9,1,480.0,419.8,377.5,1192,1181
14246,2026-02-14,9,2,480.0,402.7,378.7,1196,1185
14247,2026-02-14,9,3,480.0,344.5,298.3,942,927
14248,2026-02-14,10,1,480.0,467.2,408.5,1634,1617
14249,2026-02-14,10,2,480.0,381.0,335.5,1342,1321
14250,2026-02-14,10,3,480.0,347.2,293.5,1174,1148
14251,2026-02-14,11,1,480.0,427.3,381.5,1308,1273
14252,2026-02-14,11,2,480.0,393.3,334.5,1147,1124
14253,2026-02-14,11,3,480.0,312.2,263.4,903,882
14254,2026-02-14,12,1,480.0,446.3,386.9,1451,1427
14255,2026-02-14,12,2,480.0,439.1,392.0,1470,1458
14256,2026-02-14,12,3,480.0,356.9,301.9,1132,1117
14257,2026-02-15,1,1,480.0,461.3,406.2,2031,2014
14258,2026-02-15,1,2,480.0,422.0,387.0,1935,1918
14259,2026-02-15,1,3,480.0,441.8,387.2,1936,1916
14260,2026-02-15,2,1,480.0,460.4,398.2,1991,1963
14261,2026-02-15,2,2,480.0,473.6,424.8,2124,2087
14262,2026-02-15,2,3,480.0,367.9,317.8,1589,1576
14263,2026-02-15,3,1,480.0,359.6,305.6,1358,1320
14264,2026-02-15,3,2,480.0,397.6,333.9,1484,1454
14265,2026-02-15,3,3,480.0,372.7,301.5,1340,1304
14266,2026-02-15,4,1,480.0,454.2,412.1,2603,2574
14267,2026-02-15,4,2,480.0,410.5,385.1,2432,2387
14268,2026-02-15,4,3,480.0,349.4,312.2,1972,1950
14269,2026-02-15,5,1,480.0,411.6,363.6,1039,1017
14270,2026-02-15,5,2,480.0,457.5,393.8,1125,1106
14271,2026-02-15,5,3,480.0,428.9,346.1,989,965
14272,2026-02-15,6,1,480.0,445.4,376.2,1075,1053
14273,2026-02-15,6,2,480.0,437.4,382.9,1094,1070
14274,2026-02-15,6,3,480.0,446.7,364.0,1040,1020
14275,2026-02-15,7,1,480.0,298.9,222.4,556,541
14276,2026-02-15,7,2,480.0,393.9,291.2,728,711
14277,2026-02-15,7,3,480.0,292.6,217.6,544,530
14278,2026-02-15,8,1,480.0,416.6,361.1,942,923
14279,2026-02-15,8,2,480.0,373.0,317.8,829,810
14280,2026-02-15,8,3,480.0,457.7,368.8,962,946
14281,2026-02-15,9,1,480.0,465.4,416.4,1315,1291
14282,2026-02-15,9,2,480.0,431.0,379.4,1198,1177
14283,2026-02-15,9,3,480.0,447.9,389.5,1230,1209
14284,2026-02-15,10,1,480.0,429.7,365.2,1461,1437
14285,2026-02-15,10,2,480.0,463.8,400.8,1603,1579
14286,2026-02-15,10,3,480.0,324.2,274.8,1099,1086
14287,2026-02-15,11,1,480.0,278.8,242.4,831,813
14288,2026-02-15,11,2,480.0,430.0,369.8,1268,1241
14289,2026-02-15,11,3,480.0,365.2,294.3,1009,989
14290,2026-02-15,12,1,480.0,380.6,343.7,1289,1266
14291,2026-02-15,12,2,480.0,417.7,359.5,1348,1328
14292,2026-02-15,12,3,480.0,347.5,287.5,1078,1056
14293,2026-02-16,1,1,480.0,464.7,396.6,1983,1962
14294,2026-02-16,1,2,480.0,480.0,428.8,2144,2123
14295,2026-02-16,1,3,480.0,433.0,371.8,1859,1834
14296,2026-02-16,2,1,480.0,469.7,409.0,2045,2013
14297,2026-02-16,2,2,480.0,394.9,344.8,1724,1697
14298,2026-02-16,2,3,480.0,376.5,316.0,1580,1559
14299,2026-02-16,3,1,480.0,358.2,297.0,1320,1290
14300,2026-02-16,3,2,480.0,383.0,322.9,1435,1411
14301,2026-02-16,3,3,480.0,326.7,266.2,1183,1146
14302,2026-02-16,4,1,260.5,149.4,139.8,883,876
14303,2026-02-16,4,2,480.0,467.0,418.9,2646,2620
14304,2026-02-16,4,3,448.8,432.7,377.1,2382,2341
14305,2026-02-16,5,1,480.0,400.4,340.9,974,954
14306,2026-02-16,5,2,480.0,455.7,372.4,1064,1044
14307,2026-02-16,5,3,480.0,343.8,284.9,814,798
14308,2026-02-16,6,1,281.6,236.6,201.9,577,564
14309,2026-02-16,6,2,480.0,382.8,329.7,942,926
14310,2026-02-16,6,3,480.0,404.7,325.1,929,912
14311,2026-02-16,7,1,480.0,250.7,188.8,472,458
14312,2026-02-16,7,2,480.0,293.4,215.2,538,525
14313,2026-02-16,7,3,480.0,201.5,148.4,371,363
14314,2026-02-16,8,1,480.0,351.4,307.4,802,781
14315,2026-02-16,8,2,480.0,415.4,342.7,894,876
14316,2026-02-16,8,3,480.0,365.1,287.9,751,738
14317,2026-02-16,9,1,480.0,440.9,393.0,1241,1224
14318,2026-02-16,9,2,480.0,461.7,407.6,1287,1261
14319,2026-02-16,9,3,480.0,396.9,347.4,1097,1082
14320,2026-02-16,10,1,480.0,330.5,286.0,1144,1128
14321,2026-02-16,10,2,480.0,436.8,390.8,1563,1537
14322,2026-02-16,10,3,480.0,381.4,325.8,1303,1289
14323,2026-02-16,11,1,480.0,458.3,385.0,1320,1291
14324,2026-02-16,11,2,480.0,476.5,409.2,1403,1374
14325,2026-02-16,11,3,480.0,439.4,368.4,1263,1229
14326,2026-02-16,12,1,480.0,335.9,296.0,1110,1098
14327,2026-02-16,12,2,480.0,476.4,413.1,1549,1519
14328,2026-02-16,12,3,480.0,403.4,334.9,1256,1250
14329,2026-02-17,1,1,480.0,437.8,385.4,1927,1922
14330,2026-02-17,1,2,480.0,334.5,298.6,1493,1470
14331,2026-02-17,1,3,480.0,467.9,395.8,1979,1952
14332,2026-02-17,2,1,480.0,414.7,367.6,1838,1822
14333,2026-02-17,2,2,480.0,457.6,385.8,1929,1893
14334,2026-02-17,2,3,480.0,439.1,387.0,1935,1906
14335,2026-02-17,3,1,480.0,423.0,338.4,1504,1478
14336,2026-02-17,3,2,480.0,386.5,319.9,1422,1384
14337,2026-02-17,3,3,480.0,406.9,326.5,1451,1423
14338,2026-02-17,4,1,480.0,428.6,392.0,2476,2455
14339,2026-02-17,4,2,480.0,441.2,412.9,2608,2574
14340,2026-02-17,4,3,452.6,379.6,333.0,2103,2074
14341,2026-02-17,5,1,480.0,442.2,381.5,1090,1078
14342,2026-02-17,5,2,480.0,376.4,330.8,945,928
14343,2026-02-17,5,3,480.0,308.5,254.8,728,716
14344,2026-02-17,6,1,480.0,431.0,365.4,1044,1018
14345,2026-02-17,6,2,480.0,456.0,381.9,1091,1067
14346,2026-02-17,6,3,480.0,432.3,359.1,1026,1005
14347,2026-02-17,7,1,480.0,322.6,242.4,606,593
14348,2026-02-17,7,2,480.0,235.4,174.0,435,423
14349,2026-02-17,7,3,480.0,275.8,202.4,506,495
14350,2026-02-17,8,1,480.0,393.5,326.6,852,833
14351,2026-02-17,8,2,480.0,358.2,304.4,794,775
14352,2026-02-17,8,3,480.0,292.7,246.1,642,628
14353,2026-02-17,9,1,480.0,450.8,403.8,1275,1253
14354,2026-02-17,9,2,480.0,480.0,421.5,1331,1313
14355,2026-02-17,9,3,480.0,402.8,344.9,1089,1080
14356,2026-02-17,10,1,480.0,461.3,400.0,1600,1575
14357,2026-02-17,10,2,480.0,474.2,417.2,1669,1644
14358,2026-02-17,10,3,480.0,433.8,363.0,1452,1428
14359,2026-02-17,11,1,480.0,445.2,378.0,1296,1267
14360,2026-02-17,11,2,480.0,452.8,377.7,1295,1252
14361,2026-02-17,11,3,480.0,399.7,331.9,1138,1115
14362,2026-02-17,12,1,480.0,477.7,424.0,1590,1573
14363,2026-02-17,12,2,480.0,425.2,375.2,1407,1387
14364,2026-02-17,12,3,480.0,316.8,270.9,1016,1011
14365,2026-02-18,1,1,480.0,415.8,369.8,1849,1825
14366,2026-02-18,1,2,480.0,396.8,350.0,1750,1718
14367,2026-02-18,1,3,480.0,431.5,371.4,1857,1838
14368,2026-02-18,2,1,480.0,381.8,324.8,1624,1600
14369,2026-02-18,2,2,480.0,469.8,408.2,2041,2019
14370,2026-02-18,2,3,480.0,432.6,362.8,1814,1794
14371,2026-02-18,3,1,480.0,416.7,348.1,1547,1523
14372,2026-02-18,3,2,480.0,450.6,373.1,1658,1622
14373,2026-02-18,3,3,480.0,416.4,341.8,1519,1497
14374,2026-02-18,4,1,480.0,429.3,385.9,2437,2409
14375,2026-02-18,4,2,480.0,418.6,378.4,2390,2373
14376,2026-02-18,4,3,480.0,366.5,321.9,2033,1998
14377,2026-02-18,5,1,480.0,480.0,413.7,1182,1161
14378,2026-02-18,5,2,480.0,397.8,358.8,1025,1005
14379,2026-02-18,5,3,480.0,427.9,343.4,981,965
14380,2026-02-18,6,1,480.0,326.1,280.4,801,784
14381,2026-02-18,6,2,480.0,328.5,277.9,794,773
14382,2026-02-18,6,3,480.0,401.2,326.2,932,916
14383,2026-02-18,7,1,480.0,327.9,237.2,593,577
14384,2026-02-18,7,2,480.0,216.3,165.2,413,401
14385,2026-02-18,7,3,480.0,303.0,218.0,545,528
14386,2026-02-18,8,1,480.0,472.1,389.5,1016,995
14387,2026-02-18,8,2,480.0,370.9,313.2,817,802
14388,2026-02-18,8,3,480.0,379.3,323.9,845,828
14389,2026-02-18,9,1,480.0,480.0,434.8,1373,1362
14390,2026-02-18,9,2,480.0,462.5,418.9,1323,1302
14391,2026-02-18,9,3,480.0,439.0,388.2,1226,1211
14392,2026-02-18,10,1,480.0,451.3,385.2,1541,1525
14393,2026-02-18,10,2,480.0,456.0,390.5,1562,1539
14394,2026-02-18,10,3,480.0,360.7,303.5,1214,1188
14395,2026-02-18,11,1,480.0,265.7,227.8,781,762
14396,2026-02-18,11,2,480.0,409.4,346.2,1187,1154
14397,2026-02-18,11,3,480.0,369.8,302.8,1038,1010
14398,2026-02-18,12,1,480.0,447.0,386.7,1450,1425
14399,2026-02-18,12,2,480.0,480.0,420.0,1575,1560
14400,2026-02-18,12,3,438.4,315.8,264.3,991,985
14401,2026-02-19,1,1,480.0,431.5,379.6,1898,1886
14402,2026-02-19,1,2,480.0,413.1,352.8,1764,1740
14403,2026-02-19,1,3,480.0,393.4,331.4,1657,1638
14404,2026-02-19,2,1,480.0,464.8,418.2,2091,2064
14405,2026-02-19,2,2,480.0,464.2,413.0,2065,2034
14406,2026-02-19,2,3,480.0,384.1,335.4,1677,1667
14407,2026-02-19,3,1,480.0,311.8,261.4,1162,1139
14408,2026-02-19,3,2,480.0,440.6,354.8,1577,1533
14409,2026-02-19,3,3,480.0,404.4,330.3,1468,1437
14410,2026-02-19,4,1,480.0,453.4,415.0,2621,2617
14411,2026-02-19,4,2,480.0,450.2,397.3,2509,2479
14412,2026-02-19,4,3,480.0,462.9,406.0,2564,2543
14413,2026-02-19,5,1,480.0,435.4,365.4,1044,1027
14414,2026-02-19,5,2,480.0,399.3,352.1,1006,995
14415,2026-02-19,5,3,480.0,421.0,346.1,989,970
14416,2026-02-19,6,1,480.0,423.1,362.6,1036,1023
14417,2026-02-19,6,2,480.0,416.0,347.9,994,966
14418,2026-02-19,6,3,480.0,398.1,334.6,956,938
14419,2026-02-19,7,1,480.0,235.2,182.4,456,449
14420,2026-02-19,7,2,480.0,305.4,231.6,579,559
14421,2026-02-19,7,3,480.0,205.0,148.4,371,360
14422,2026-02-19,8,1,480.0,383.3,331.6,865,849
14423,2026-02-19,8,2,480.0,288.3,244.9,639,632
14424,2026-02-19,8,3,453.7,321.2,256.8,670,658
14425,2026-02-19,9,1,480.0,439.9,392.0,1238,1233
14426,2026-02-19,9,2,480.0,436.6,391.7,1237,1216
14427,2026-02-19,9,3,480.0,443.4,376.8,1190,1173
14428,2026-02-19,10,1,480.0,404.5,356.5,1426,1398
14429,2026-02-19,10,2,480.0,407.9,353.0,1412,1395
14430,2026-02-19,10,3,480.0,380.0,312.8,1251,1235
14431,2026-02-19,11,1,480.0,393.9,336.3,1153,1125
14432,2026-02-19,11,2,480.0,311.9,265.4,910,892
14433,2026-02-19,11,3,439.6,381.4,310.6,1065,1044
14434,2026-02-19,12,1,480.0,413.2,356.8,1338,1323
14435,2026-02-19,12,2,480.0,425.7,363.2,1362,1335
14436,2026-02-19,12,3,480.0,470.2,407.7,1529,1509
14437,2026-02-20,1,1,480.0,477.2,434.0,2170,2158
14438,2026-02-20,1,2,480.0,440.5,383.4,1917,1892
14439,2026-02-20,1,3,480.0,458.7,391.2,1956,1940
14440,2026-02-20,2,1,480.0,407.7,360.0,1800,1777
14441,2026-02-20,2,2,480.0,448.1,386.4,1932,1906
14442,2026-02-20,2,3,480.0,480.0,417.0,2085,2061
14443,2026-02-20,3,1,480.0,328.8,269.1,1196,1176
14444,2026-02-20,3,2,480.0,472.3,403.0,1791,1755
14445,2026-02-20,3,3,480.0,307.8,236.7,1052,1024
14446,2026-02-20,4,1,480.0,449.2,411.4,2598,2574
14447,2026-02-20,4,2,480.0,440.1,391.9,2475,2448
14448,2026-02-20,4,3,444.5,400.1,357.5,2258,2224
14449,2026-02-20,5,1,277.8,229.5,203.0,580,567
14450,2026-02-20,5,2,480.0,469.7,398.3,1138,1124
14451,2026-02-20,5,3,480.0,167.9,142.1,406,397
14452,2026-02-20,6,1,480.0,450.5,378.7,1082,1059
14453,2026-02-20,6,2,480.0,381.0,318.5,910,891
14454,2026-02-20,6,3,480.0,412.0,330.1,943,930
14455,2026-02-20,7,1,480.0,290.0,222.0,555,542
14456,2026-02-20,7,2,480.0,247.8,182.8,457,448
14457,2026-02-20,7,3,480.0,354.4,262.0,655,642
14458,2026-02-20,8,1,480.0,480.0,402.9,1051,1025
14459,2026-02-20,8,2,480.0,393.4,324.3,846,827
14460,2026-02-20,8,3,480.0,373.6,312.4,815,798
14461,2026-02-20,9,1,480.0,397.1,354.4,1119,1107
14462,2026-02-20,9,2,480.0,444.5,397.1,1254,1233
14463,2026-02-20,9,3,480.0,405.7,347.4,1097,1087
14464,2026-02-20,10,1,480.0,452.1,386.2,1545,1522
14465,2026-02-20,10,2,480.0,480.0,414.8,1659,1632
14466,2026-02-20,10,3,480.0,443.6,371.8,1487,1461
14467,2026-02-20,11,1,480.0,414.8,348.8,1196,1169
14468,2026-02-20,11,2,480.0,443.9,373.6,1281,1255
14469,2026-02-20,11,3,480.0,326.9,267.2,916,899
14470,2026-02-20,12,1,480.0,464.5,396.5,1487,1471
14471,2026-02-20,12,2,480.0,376.8,342.9,1286,1257
14472,2026-02-20,12,3,439.1,417.1,356.5,1337,1319
14473,2026-02-21,1,1,480.0,402.7,356.4,1782,1756
14474,2026-02-21,1,2,480.0,480.0,430.8,2154,2122
14475,2026-02-21,1,3,480.0,366.4,326.8,1634,1617
14476,2026-02-21,2,1,480.0,422.8,371.8,1859,1828
14477,2026-02-21,2,2,480.0,395.9,351.0,1755,1732
14478,2026-02-21,2,3,480.0,439.4,373.2,1866,1837
14479,2026-02-21,3,1,480.0,370.9,311.6,1385,1354
14480,2026-02-21,3,2,480.0,313.4,252.9,1124,1093
14481,2026-02-21,3,3,480.0,392.5,307.8,1368,1335
14482,2026-02-21,4,1,480.0,335.2,305.1,1927,1914
14483,2026-02-21,4,2,480.0,460.8,427.3,2699,2670
14484,2026-02-21,4,3,480.0,390.0,355.8,2247,2214
14485,2026-02-21,5,1,480.0,398.9,340.2,972,954
14486,2026-02-21,5,2,480.0,355.0,306.9,877,856
14487,2026-02-21,5,3,480.0,343.7,282.1,806,788
14488,2026-02-21,6,1,480.0,448.7,376.9,1077,1055
14489,2026-02-21,6,2,480.0,468.6,407.4,1164,1139
14490,2026-02-21,6,3,480.0,399.3,318.5,910,894
14491,2026-02-21,7,1,480.0,215.4,160.0,400,393
14492,2026-02-21,7,2,480.0,340.8,248.4,621,606
14493,2026-02-21,7,3,480.0,104.1,77.6,194,188
14494,2026-02-21,8,1,480.0,406.7,345.4,901,882
14495,2026-02-21,8,2,480.0,348.1,299.0,780,757
14496,2026-02-21,8,3,480.0,363.6,292.9,764,750
14497,2026-02-21,9,1,480.0,480.0,421.5,1331,1322
14498,2026-02-21,9,2,480.0,444.0,391.4,1236,1212
14499,2026-02-21,9,3,480.0,417.5,353.7,1117,1102
14500,2026-02-21,10,1,480.0,418.4,356.5,1426,1400
14501,2026-02-21,10,2,480.0,480.0,411.0,1644,1614
14502,2026-02-21,10,3,480.0,465.5,388.5,1554,1525
14503,2026-02-21,11,1,480.0,410.0,337.8,1158,1128
14504,2026-02-21,11,2,480.0,366.5,317.0,1087,1070
14505,2026-02-21,11,3,480.0,308.6,257.0,881,862
14506,2026-02-21,12,1,480.0,465.0,417.9,1567,1536
14507,2026-02-21,12,2,480.0,462.9,400.5,1502,1480
14508,2026-02-21,12,3,480.0,463.8,397.3,1490,1465
14509,2026-02-22,1,1,480.0,450.5,409.0,2045,2023
14510,2026-02-22,1,2,480.0,453.0,387.4,1937,1933
14511,2026-02-22,1,3,480.0,441.1,383.6,1918,1894
14512,2026-02-22,2,1,480.0,408.9,357.2,1786,1763
14513,2026-02-22,2,2,480.0,378.9,332.2,1661,1641
14514,2026-02-22,2,3,480.0,300.9,253.8,1269,1253
14515,2026-02-22,3,1,480.0,438.2,355.1,1578,1540
14516,2026-02-22,3,2,480.0,347.7,292.7,1301,1274
14517,2026-02-22,3,3,480.0,375.2,308.2,1370,1353
14518,2026-02-22,4,1,480.0,455.7,420.9,2658,2637
14519,2026-02-22,4,2,480.0,415.6,372.9,2355,2333
14520,2026-02-22,4,3,480.0,334.7,303.7,1918,1901
14521,2026-02-22,5,1,480.0,479.0,408.1,1166,1137
14522,2026-02-22,5,2,480.0,453.1,394.4,1127,1108
14523,2026-02-22,5,3,480.0,436.5,358.1,1023,1003
14524,2026-02-22,6,1,480.0,315.7,268.1,766,754
14525,2026-02-22,6,2,480.0,433.2,361.2,1032,1006
14526,2026-02-22,6,3,480.0,363.0,295.8,845,833
14527,2026-02-22,7,1,480.0,303.6,224.0,560,546
14528,2026-02-22,7,2,480.0,289.4,211.6,529,514
14529,2026-02-22,7,3,443.1,340.3,246.8,617,601
14530,2026-02-22,8,1,480.0,438.6,374.5,977,953
14531,2026-02-22,8,2,480.0,307.4,263.4,687,675
14532,2026-02-22,8,3,480.0,414.3,340.4,888,871
14533,2026-02-22,9,1,480.0,480.0,435.7,1376,1367
14534,2026-02-22,9,2,480.0,409.1,356.2,1125,1107
14535,2026-02-22,9,3,480.0,421.7,363.5,1148,1133
14536,2026-02-22,10,1,480.0,395.8,348.5,1394,1371
14537,2026-02-22,10,2,480.0,445.9,393.2,1573,1557
14538,2026-02-22,10,3,480.0,358.3,295.2,1181,1165
14539,2026-02-22,11,1,480.0,390.8,329.6,1130,1113
14540,2026-02-22,11,2,480.0,388.2,328.7,1127,1100
14541,2026-02-22,11,3,480.0,423.3,342.7,1175,1147
14542,2026-02-22,12,1,480.0,470.4,414.7,1555,1536
14543,2026-02-22,12,2,480.0,466.6,421.9,1582,1565
14544,2026-02-22,12,3,480.0,289.6,254.1,953,943
14545,2026-02-23,1,1,480.0,441.6,390.8,1954,1929
14546,2026-02-23,1,2,480.0,375.7,337.8,1689,1677
14547,2026-02-23,1,3,480.0,432.4,373.4,1867,1845
14548,2026-02-23,2,1,480.0,421.2,379.6,1898,1876
14549,2026-02-23,2,2,480.0,469.0,410.6,2053,2030
14550,2026-02-23,2,3,480.0,378.8,330.0,1650,1635
14551,2026-02-23,3,1,480.0,475.4,387.2,1721,1686
14552,2026-02-23,3,2,480.0,345.8,288.4,1282,1265
14553,2026-02-23,3,3,480.0,428.0,349.6,1554,1526
14554,2026-02-23,4,1,480.0,316.2,282.8,1786,1764
14555,2026-02-23,4,2,480.0,465.4,410.7,2594,2568
14556,2026-02-23,4,3,480.0,468.8,412.8,2607,2586
14557,2026-02-23,5,1,480.0,352.5,299.6,856,839
14558,2026-02-23,5,2,480.0,396.3,342.3,978,954
14559,2026-02-23,5,3,480.0,469.6,399.7,1142,1115
14560,2026-02-23,6,1,480.0,381.1,315.7,902,883
14561,2026-02-23,6,2,480.0,290.1,244.3,698,686
14562,2026-02-23,6,3,480.0,461.5,373.4,1067,1049
14563,2026-02-23,7,1,480.0,367.5,280.4,701,684
14564,2026-02-23,7,2,480.0,244.6,186.8,467,455
14565,2026-02-23,7,3,480.0,257.0,190.0,475,463
14566,2026-02-23,8,1,480.0,442.9,369.9,965,946
14567,2026-02-23,8,2,480.0,443.9,375.3,979,952
14568,2026-02-23,8,3,480.0,350.3,285.2,744,729
14569,2026-02-23,9,1,480.0,464.2,395.5,1249,1230
14570,2026-02-23,9,2,480.0,375.2,332.8,1051,1035
14571,2026-02-23,9,3,480.0,451.3,383.8,1212,1196
14572,2026-02-23,10,1,480.0,418.2,371.2,1485,1454
14573,2026-02-23,10,2,480.0,404.7,345.0,1380,1354
14574,2026-02-23,10,3,480.0,370.8,317.8,1271,1249
14575,2026-02-23,11,1,480.0,427.3,367.8,1261,1236
14576,2026-02-23,11,2,480.0,295.2,259.3,889,870
14577,2026-02-23,11,3,480.0,330.3,276.5,948,929
14578,2026-02-23,12,1,480.0,437.6,385.1,1444,1420
14579,2026-02-23,12,2,480.0,464.1,407.2,1527,1501
14580,2026-02-23,12,3,480.0,284.5,240.8,903,895
14581,2026-02-24,1,1,480.0,480.0,437.0,2185,2152
14582,2026-02-24,1,2,480.0,396.6,350.6,1753,1724
14583,2026-02-24,1,3,458.4,415.0,360.0,1800,1784
14584,2026-02-24,2,1,480.0,448.7,391.4,1957,1928
14585,2026-02-24,2,2,480.0,471.4,423.8,2119,2093
14586,2026-02-24,2,3,480.0,395.8,337.2,1686,1672
14587,2026-02-24,3,1,480.0,375.0,309.1,1374,1345
14588,2026-02-24,3,2,480.0,399.6,315.9,1404,1368
14589,2026-02-24,3,3,480.0,420.9,337.9,1502,1466
14590,2026-02-24,4,1,480.0,443.9,381.7,2411,2391
14591,2026-02-24,4,2,480.0,465.4,431.9,2728,2714
14592,2026-02-24,4,3,480.0,480.0,419.1,2647,2639
14593,2026-02-24,5,1,480.0,471.4,397.2,1135,1119
14594,2026-02-24,5,2,480.0,471.9,408.8,1168,1139
14595,2026-02-24,5,3,480.0,444.4,379.4,1084,1065
14596,2026-02-24,6,1,480.0,427.4,368.9,1054,1030
14597,2026-02-24,6,2,480.0,441.0,375.9,1074,1050
14598,2026-02-24,6,3,480.0,398.1,324.8,928,908
14599,2026-02-24,7,1,480.0,152.4,116.0,290,282
14600,2026-02-24,7,2,480.0,326.1,247.6,619,605
14601,2026-02-24,7,3,480.0,293.3,210.0,525,516
14602,2026-02-24,8,1,480.0,368.4,309.0,806,791
14603,2026-02-24,8,2,480.0,339.9,297.1,775,758
14604,2026-02-24,8,3,480.0,412.6,346.1,903,880
14605,2026-02-24,9,1,480.0,419.1,385.4,1217,1196
14606,2026-02-24,9,2,480.0,440.2,405.6,1281,1268
14607,2026-02-24,9,3,480.0,372.7,329.6,1041,1024
14608,2026-02-24,10,1,480.0,464.2,404.8,1619,1589
14609,2026-02-24,10,2,480.0,421.2,350.8,1403,1374
14610,2026-02-24,10,3,480.0,417.5,352.8,1411,1383
14611,2026-02-24,11,1,480.0,438.1,362.2,1242,1204
14612,2026-02-24,11,2,480.0,368.3,312.4,1071,1043
14613,2026-02-24,11,3,440.9,308.5,252.9,867,846
14614,2026-02-24,12,1,480.0,386.6,350.9,1316,1291
14615,2026-02-24,12,2,480.0,462.3,396.5,1487,1467
14616,2026-02-24,12,3,480.0,379.8,328.3,1231,1202
14617,2026-02-25,1,1,480.0,444.2,396.8,1984,1963
14618,2026-02-25,1,2,480.0,378.4,334.8,1674,1662
14619,2026-02-25,1,3,480.0,434.3,371.2,1856,1833
14620,2026-02-25,2,1,480.0,339.9,294.2,1471,1456
14621,2026-02-25,2,2,480.0,420.3,380.4,1902,1866
14622,2026-02-25,2,3,480.0,448.7,391.2,1956,1939
14623,2026-02-25,3,1,480.0,347.6,289.1,1285,1254
14624,2026-02-25,3,2,480.0,430.0,347.9,1546,1507
14625,2026-02-25,3,3,480.0,457.4,362.5,1611,1575
14626,2026-02-25,4,1,480.0,480.0,435.7,2752,2738
14627,2026-02-25,4,2,480.0,460.6,411.2,2597,2573
14628,2026-02-25,4,3,480.0,473.3,423.1,2672,2638
14629,2026-02-25,5,1,480.0,448.7,402.5,1150,1129
14630,2026-02-25,5,2,480.0,426.6,373.1,1066,1046
14631,2026-02-25,5,3,480.0,331.8,285.9,817,801
14632,2026-02-25,6,1,480.0,337.8,284.6,813,799
14633,2026-02-25,6,2,480.0,424.8,351.8,1005,985
14634,2026-02-25,6,3,480.0,449.9,369.6,1056,1040
14635,2026-02-25,7,1,480.0,330.4,249.2,623,609
14636,2026-02-25,7,2,480.0,230.5,172.4,431,420
14637,2026-02-25,7,3,480.0,298.9,216.4,541,528
14638,2026-02-25,8,1,480.0,451.2,385.2,1005,979
14639,2026-02-25,8,2,480.0,411.5,358.4,935,920
14640,2026-02-25,8,3,480.0,425.1,350.0,913,893
14641,2026-02-25,9,1,315.1,271.0,243.2,768,759
14642,2026-02-25,9,2,480.0,453.5,412.9,1304,1282
14643,2026-02-25,9,3,480.0,395.4,345.2,1090,1080
14644,2026-02-25,10,1,480.0,468.4,408.8,1635,1603
14645,2026-02-25,10,2,480.0,465.2,400.5,1602,1579
14646,2026-02-25,10,3,480.0,381.2,328.5,1314,1295
14647,2026-02-25,11,1,480.0,444.8,373.3,1280,1250
14648,2026-02-25,11,2,480.0,365.7,308.9,1059,1037
14649,2026-02-25,11,3,480.0,150.3,124.5,427,417
14650,2026-02-25,12,1,480.0,368.6,328.8,1233,1223
14651,2026-02-25,12,2,480.0,480.0,427.7,1604,1580
14652,2026-02-25,12,3,480.0,378.2,329.3,1235,1220
14653,2026-02-26,1,1,480.0,433.8,375.8,1879,1851
14654,2026-02-26,1,2,480.0,399.4,357.8,1789,1759
14655,2026-02-26,1,3,480.0,400.5,350.4,1752,1729
14656,2026-02-26,2,1,480.0,433.1,378.4,1892,1873
14657,2026-02-26,2,2,480.0,402.8,349.2,1746,1716
14658,2026-02-26,2,3,480.0,420.9,363.0,1815,1777
14659,2026-02-26,3,1,480.0,326.7,269.3,1197,1174
14660,2026-02-26,3,2,480.0,433.9,359.6,1598,1549
14661,2026-02-26,3,3,480.0,430.0,362.2,1610,1585
14662,2026-02-26,4,1,480.0,428.9,373.0,2356,2315
14663,2026-02-26,4,2,480.0,454.0,418.6,2644,2615
14664,2026-02-26,4,3,480.0,424.6,374.1,2363,2331
14665,2026-02-26,5,1,480.0,407.4,343.0,980,965
14666,2026-02-26,5,2,480.0,457.3,392.7,1122,1108
14667,2026-02-26,5,3,480.0,455.5,369.9,1057,1033
14668,2026-02-26,6,1,480.0,406.6,360.1,1029,1014
14669,2026-02-26,6,2,480.0,339.3,296.4,847,824
14670,2026-02-26,6,3,480.0,446.4,380.8,1088,1062
14671,2026-02-26,7,1,480.0,142.9,107.6,269,261
14672,2026-02-26,7,2,480.0,251.6,186.8,467,455
14673,2026-02-26,7,3,480.0,251.7,185.6,464,451
14674,2026-02-26,8,1,480.0,387.4,328.5,857,842
14675,2026-02-26,8,2,480.0,398.3,337.3,880,861
14676,2026-02-26,8,3,480.0,398.4,327.0,853,841
14677,2026-02-26,9,1,480.0,413.3,377.1,1191,1175
14678,2026-02-26,9,2,480.0,443.4,411.4,1299,1285
14679,2026-02-26,9,3,480.0,453.7,405.6,1281,1264
14680,2026-02-26,10,1,480.0,463.5,391.8,1567,1534
14681,2026-02-26,10,2,480.0,447.7,390.0,1560,1527
14682,2026-02-26,10,3,480.0,440.4,383.8,1535,1509
14683,2026-02-26,11,1,480.0,369.7,312.7,1072,1051
14684,2026-02-26,11,2,480.0,339.8,289.0,991,967
14685,2026-02-26,11,3,480.0,420.6,334.5,1147,1117
14686,2026-02-26,12,1,480.0,480.0,416.5,1562,1536
14687,2026-02-26,12,2,480.0,432.8,384.8,1443,1430
14688,2026-02-26,12,3,480.0,443.9,386.1,1448,1431
14689,2026-02-27,1,1,480.0,454.3,407.8,2039,2021
14690,2026-02-27,1,2,480.0,446.5,395.0,1975,1942
14691,2026-02-27,1,3,480.0,449.3,385.2,1926,1903
14692,2026-02-27,2,1,480.0,456.2,402.0,2010,1978
14693,2026-02-27,2,2,480.0,424.8,372.0,1860,1822
14694,2026-02-27,2,3,480.0,479.0,411.8,2059,2023
14695,2026-02-27,3,1,480.0,436.6,361.8,1608,1576
14696,2026-02-27,3,2,480.0,375.6,305.6,1358,1323
14697,2026-02-27,3,3,480.0,305.8,243.2,1081,1055
14698,2026-02-27,4,1,480.0,438.7,396.8,2506,2503
14699,2026-02-27,4,2,480.0,381.4,347.7,2196,2168
14700,2026-02-27,4,3,480.0,456.4,405.3,2560,2520
14701,2026-02-27,5,1,480.0,435.7,360.9,1031,1014
14702,2026-02-27,5,2,480.0,368.7,310.8,888,870
14703,2026-02-27,5,3,480.0,366.0,301.7,862,848
14704,2026-02-27,6,1,480.0,358.9,301.0,860,841
14705,2026-02-27,6,2,480.0,453.5,388.9,1111,1086
14706,2026-02-27,6,3,480.0,407.2,338.4,967,943
14707,2026-02-27,7,1,480.0,282.0,217.2,543,527
14708,2026-02-27,7,2,480.0,270.9,202.8,507,495
14709,2026-02-27,7,3,480.0,209.0,148.4,371,363
14710,2026-02-27,8,1,480.0,251.8,205.8,537,528
14711,2026-02-27,8,2,480.0,461.6,387.6,1011,991
14712,2026-02-27,8,3,480.0,331.2,270.6,706,689
14713,2026-02-27,9,1,480.0,445.8,402.8,1272,1256
14714,2026-02-27,9,2,480.0,326.1,297.7,940,927
14715,2026-02-27,9,3,480.0,475.6,399.6,1262,1239
14716,2026-02-27,10,1,480.0,378.3,341.0,1364,1343
14717,2026-02-27,10,2,480.0,394.8,339.0,1356,1340
14718,2026-02-27,10,3,480.0,378.1,326.2,1305,1278
14719,2026-02-27,11,1,480.0,452.2,383.5,1315,1283
14720,2026-02-27,11,2,480.0,458.1,400.2,1372,1343
14721,2026-02-27,11,3,480.0,380.5,321.4,1102,1080
14722,2026-02-27,12,1,480.0,478.5,428.5,1607,1586
14723,2026-02-27,12,2,480.0,390.6,341.9,1282,1264
14724,2026-02-27,12,3,480.0,343.7,290.7,1090,1074
14725,2026-02-28,1,1,480.0,457.9,414.0,2070,2058
14726,2026-02-28,1,2,480.0,480.0,428.0,2140,2119
14727,2026-02-28,1,3,480.0,418.1,356.4,1782,1764
14728,2026-02-28,2,1,480.0,466.4,416.4,2082,2052
14729,2026-02-28,2,2,480.0,472.1,398.8,1994,1957
14730,2026-02-28,2,3,480.0,469.4,411.6,2058,2036
14731,2026-02-28,3,1,480.0,414.8,343.4,1526,1493
14732,2026-02-28,3,2,480.0,347.6,280.8,1248,1220
14733,2026-02-28,3,3,480.0,320.9,257.4,1144,1119
14734,2026-02-28,4,1,480.0,426.7,380.8,2405,2387
14735,2026-02-28,4,2,480.0,480.0,441.1,2786,2747
14736,2026-02-28,4,3,480.0,464.6,414.7,2619,2582
14737,2026-02-28,5,1,480.0,364.0,300.3,858,837
14738,2026-02-28,5,2,480.0,480.0,413.7,1182,1153
14739,2026-02-28,5,3,480.0,339.5,278.2,795,786
14740,2026-02-28,6,1,480.0,431.4,367.1,1049,1023
14741,2026-02-28,6,2,480.0,359.3,310.1,886,866
14742,2026-02-28,6,3,480.0,369.9,301.7,862,842
14743,2026-02-28,7,1,480.0,199.1,148.0,370,359
14744,2026-02-28,7,2,480.0,338.6,250.4,626,609
14745,2026-02-28,7,3,480.0,263.9,184.8,462,450
14746,2026-02-28,8,1,480.0,385.8,331.6,865,847
14747,2026-02-28,8,2,480.0,382.5,333.1,869,847
14748,2026-02-28,8,3,480.0,430.9,367.2,958,935
14749,2026-02-28,9,1,480.0,402.6,361.3,1141,1123
14750,2026-02-28,9,2,480.0,474.7,431.9,1364,1350
14751,2026-02-28,9,3,480.0,408.9,355.0,1121,1104
14752,2026-02-28,10,1,480.0,428.1,370.0,1480,1457
14753,2026-02-28,10,2,480.0,354.1,308.5,1234,1222
14754,2026-02-28,10,3,480.0,182.5,154.8,619,614
14755,2026-02-28,11,1,480.0,428.7,364.0,1248,1215
14756,2026-02-28,11,2,480.0,372.1,308.9,1059,1028
14757,2026-02-28,11,3,443.4,395.1,320.5,1099,1083
14758,2026-02-28,12,1,480.0,430.4,368.8,1383,1366
14759,2026-02-28,12,2,480.0,443.1,390.7,1465,1439
14760,2026-02-28,12,3,480.0,438.1,368.0,1380,1356
14761,2026-03-01,1,1,480.0,335.9,307.8,1539,1511
14762,2026-03-01,1,2,480.0,422.0,364.6,1823,1794
14763,2026-03-01,1,3,480.0,369.5,331.2,1656,1640
14764,2026-03-01,2,1,480.0,475.1,421.0,2105,2092
14765,2026-03-01,2,2,480.0,434.8,377.6,1888,1871
14766,2026-03-01,2,3,480.0,476.7,400.4,2002,1977
14767,2026-03-01,3,1,480.0,349.4,303.8,1350,1322
14768,2026-03-01,3,2,480.0,480.0,388.1,1725,1680
14769,2026-03-01,3,3,480.0,294.2,232.9,1035,1009
14770,2026-03-01,4,1,480.0,474.3,425.6,2688,2680
14771,2026-03-01,4,2,480.0,459.6,397.6,2511,2481
14772,2026-03-01,4,3,480.0,459.0,392.8,2481,2453
14773,2026-03-01,5,1,480.0,473.8,408.8,1168,1145
14774,2026-03-01,5,2,480.0,442.0,389.9,1114,1099
14775,2026-03-01,5,3,480.0,416.9,369.2,1055,1048
14776,2026-03-01,6,1,480.0,468.0,388.1,1109,1095
14777,2026-03-01,6,2,480.0,447.8,385.0,1100,1072
14778,2026-03-01,6,3,480.0,415.9,333.9,954,936
14779,2026-03-01,7,1,480.0,290.8,212.8,532,521
14780,2026-03-01,7,2,480.0,279.7,210.0,525,511
14781,2026-03-01,7,3,480.0,321.0,236.4,591,574
14782,2026-03-01,8,1,480.0,359.3,301.3,786,766
14783,2026-03-01,8,2,480.0,393.5,349.6,912,904
14784,2026-03-01,8,3,480.0,385.6,318.6,831,813
14785,2026-03-01,9,1,480.0,424.8,380.9,1203,1186
14786,2026-03-01,9,2,480.0,442.0,397.4,1255,1240
14787,2026-03-01,9,3,480.0,401.8,361.6,1142,1127
14788,2026-03-01,10,1,480.0,434.3,373.5,1494,1464
14789,2026-03-01,10,2,480.0,455.1,395.0,1580,1559
14790,2026-03-01,10,3,480.0,464.0,385.0,1540,1512
14791,2026-03-01,11,1,480.0,445.3,387.0,1327,1295
14792,2026-03-01,11,2,480.0,393.7,336.9,1155,1123
14793,2026-03-01,11,3,480.0,362.9,305.7,1048,1024
14794,2026-03-01,12,1,480.0,431.0,377.1,1414,1385
14795,2026-03-01,12,2,480.0,428.2,375.7,1409,1385
14796,2026-03-01,12,3,480.0,340.3,293.1,1099,1083
14797,2026-03-02,1,1,480.0,477.0,428.0,2140,2111
14798,2026-03-02,1,2,480.0,416.9,369.4,1847,1845
14799,2026-03-02,1,3,480.0,431.4,380.0,1900,1875
14800,2026-03-02,2,1,480.0,411.4,377.4,1887,1869
14801,2026-03-02,2,2,480.0,475.9,410.0,2050,2030
14802,2026-03-02,2,3,480.0,370.8,316.6,1583,1557
14803,2026-03-02,3,1,480.0,272.6,225.4,1002,982
14804,2026-03-02,3,2,480.0,349.7,301.9,1342,1314
14805,2026-03-02,3,3,480.0,299.0,233.3,1037,1015
14806,2026-03-02,4,1,480.0,441.8,390.0,2463,2440
14807,2026-03-02,4,2,480.0,441.7,413.7,2613,2588
14808,2026-03-02,4,3,480.0,390.4,346.4,2188,2153
14809,2026-03-02,5,1,480.0,358.3,301.0,860,848
14810,2026-03-02,5,2,480.0,378.6,317.4,907,899
14811,2026-03-02,5,3,480.0,454.7,389.9,1114,1094
14812,2026-03-02,6,1,480.0,418.0,354.6,1013,994
14813,2026-03-02,6,2,480.0,409.5,356.6,1019,995
14814,2026-03-02,6,3,480.0,414.4,332.1,949,929
14815,2026-03-02,7,1,480.0,359.2,279.2,698,685
14816,2026-03-02,7,2,480.0,285.3,210.8,527,509
14817,2026-03-02,7,3,480.0,356.9,251.2,628,611
14818,2026-03-02,8,1,480.0,420.9,341.9,892,874
14819,2026-03-02,8,2,480.0,406.8,357.3,932,917
14820,2026-03-02,8,3,480.0,362.7,297.9,777,757
14821,2026-03-02,9,1,480.0,438.5,372.4,1176,1159
14822,2026-03-02,9,2,480.0,425.5,385.4,1217,1200
14823,2026-03-02,9,3,480.0,480.0,407.9,1288,1276
14824,2026-03-02,10,1,480.0,371.4,326.0,1304,1283
14825,2026-03-02,10,2,480.0,470.0,406.2,1625,1584
14826,2026-03-02,10,3,480.0,445.9,360.2,1441,1418
14827,2026-03-02,11,1,480.0,353.6,305.1,1046,1019
14828,2026-03-02,11,2,480.0,417.5,354.1,1214,1187
14829,2026-03-02,11,3,480.0,436.7,361.4,1239,1224
14830,2026-03-02,12,1,480.0,462.7,421.6,1581,1549
14831,2026-03-02,12,2,480.0,443.8,388.3,1456,1424
14832,2026-03-02,12,3,480.0,441.4,382.7,1435,1412
14833,2026-03-03,1,1,480.0,480.0,437.4,2187,2163
14834,2026-03-03,1,2,480.0,269.4,240.6,1203,1186
14835,2026-03-03,1,3,480.0,370.1,315.0,1575,1556
14836,2026-03-03,2,1,480.0,339.1,298.4,1492,1469
14837,2026-03-03,2,2,480.0,411.5,366.2,1831,1811
14838,2026-03-03,2,3,480.0,462.3,398.4,1992,1962
14839,2026-03-03,3,1,480.0,426.3,363.4,1615,1577
14840,2026-03-03,3,2,480.0,480.0,388.4,1726,1677
14841,2026-03-03,3,3,480.0,287.1,230.2,1023,1002
14842,2026-03-03,4,1,480.0,480.0,460.4,2908,2876
14843,2026-03-03,4,2,480.0,464.7,431.3,2724,2679
14844,2026-03-03,4,3,454.9,374.3,333.4,2106,2096
14845,2026-03-03,5,1,480.0,422.1,346.5,990,970
14846,2026-03-03,5,2,480.0,462.6,409.9,1171,1155
14847,2026-03-03,5,3,480.0,367.2,302.1,863,849
14848,2026-03-03,6,1,480.0,459.6,400.4,1144,1124
14849,2026-03-03,6,2,480.0,388.0,341.6,976,960
14850,2026-03-03,6,3,480.0,469.2,389.9,1114,1089
14851,2026-03-03,7,1,480.0,232.2,169.6,424,411
14852,2026-03-03,7,2,480.0,373.2,273.2,683,662
14853,2026-03-03,7,3,444.9,229.9,164.0,410,402
14854,2026-03-03,8,1,480.0,394.5,335.0,874,858
14855,2026-03-03,8,2,480.0,468.5,399.4,1042,1020
14856,2026-03-03,8,3,480.0,374.0,304.4,794,776
14857,2026-03-03,9,1,480.0,466.3,412.6,1303,1291
14858,2026-03-03,9,2,480.0,442.1,402.8,1272,1267
14859,2026-03-03,9,3,480.0,458.5,403.1,1273,1260
14860,2026-03-03,10,1,480.0,416.4,359.2,1437,1418
14861,2026-03-03,10,2,480.0,457.2,405.8,1623,1595
14862,2026-03-03,10,3,480.0,367.2,308.8,1235,1213
14863,2026-03-03,11,1,480.0,457.9,387.6,1329,1291
14864,2026-03-03,11,2,480.0,456.9,385.9,1323,1298
14865,2026-03-03,11,3,480.0,322.2,264.8,908,884
14866,2026-03-03,12,1,480.0,462.3,406.1,1523,1499
14867,2026-03-03,12,2,480.0,428.6,369.1,1384,1358
14868,2026-03-03,12,3,480.0,372.4,306.4,1149,1131
14869,2026-03-04,1,1,480.0,395.1,346.6,1733,1703
14870,2026-03-04,1,2,480.0,359.5,317.4,1587,1564
14871,2026-03-04,1,3,480.0,447.0,390.6,1953,1927
14872,2026-03-04,2,1,480.0,447.6,398.4,1992,1963
14873,2026-03-04,2,2,480.0,463.7,394.0,1970,1945
14874,2026-03-04,2,3,480.0,412.4,359.2,1796,1765
14875,2026-03-04,3,1,480.0,467.0,387.2,1721,1693
14876,2026-03-04,3,2,480.0,323.7,259.9,1155,1129
14877,2026-03-04,3,3,480.0,397.4,327.6,1456,1425
14878,2026-03-04,4,1,480.0,475.9,415.9,2627,2575
14879,2026-03-04,4,2,480.0,423.6,400.4,2529,2506
14880,2026-03-04,4,3,480.0,359.6,321.6,2031,2008
14881,2026-03-04,5,1,480.0,438.0,380.1,1086,1070
14882,2026-03-04,5,2,480.0,444.9,381.5,1090,1071
14883,2026-03-04,5,3,480.0,444.0,362.6,1036,1015
14884,2026-03-04,6,1,480.0,471.8,393.4,1124,1100
14885,2026-03-04,6,2,480.0,475.1,409.5,1170,1146
14886,2026-03-04,6,3,480.0,393.7,320.6,916,901
14887,2026-03-04,7,1,480.0,210.0,155.6,389,380
14888,2026-03-04,7,2,480.0,331.1,245.6,614,595
14889,2026-03-04,7,3,480.0,284.3,204.8,512,498
14890,2026-03-04,8,1,480.0,477.1,412.9,1077,1050
14891,2026-03-04,8,2,480.0,426.6,359.9,939,915
14892,2026-03-04,8,3,480.0,345.2,286.4,747,731
14893,2026-03-04,9,1,480.0,452.8,412.3,1302,1288
14894,2026-03-04,9,2,480.0,463.8,429.7,1357,1342
14895,2026-03-04,9,3,480.0,438.5,385.7,1218,1203
14896,2026-03-04,10,1,480.0,394.7,341.8,1367,1342
14897,2026-03-04,10,2,480.0,423.1,366.5,1466,1443
14898,2026-03-04,10,3,480.0,385.4,341.2,1365,1334
14899,2026-03-04,11,1,480.0,475.6,391.1,1341,1312
14900,2026-03-04,11,2,480.0,418.7,364.3,1249,1224
14901,2026-03-04,11,3,480.0,296.1,245.6,842,820
14902,2026-03-04,12,1,480.0,442.4,386.1,1448,1428
14903,2026-03-04,12,2,480.0,453.6,397.9,1492,1468
14904,2026-03-04,12,3,455.9,399.8,343.7,1289,1275
14905,2026-03-05,1,1,480.0,465.1,417.6,2088,2065
14906,2026-03-05,1,2,480.0,470.9,419.4,2097,2074
14907,2026-03-05,1,3,480.0,400.1,354.2,1771,1747
14908,2026-03-05,2,1,480.0,460.7,409.2,2046,2021
14909,2026-03-05,2,2,480.0,465.7,395.0,1975,1952
14910,2026-03-05,2,3,480.0,429.9,377.4,1887,1863
14911,2026-03-05,3,1,480.0,455.8,382.5,1700,1658
14912,2026-03-05,3,2,480.0,279.8,240.3,1068,1036
14913,2026-03-05,3,3,480.0,284.7,225.7,1003,983
14914,2026-03-05,4,1,480.0,455.7,408.0,2577,2552
14915,2026-03-05,4,2,480.0,433.3,397.7,2512,2462
14916,2026-03-05,4,3,480.0,465.4,418.2,2641,2622
14917,2026-03-05,5,1,480.0,370.7,305.9,874,857
14918,2026-03-05,5,2,480.0,386.5,340.2,972,958
14919,2026-03-05,5,3,480.0,409.1,344.4,984,968
14920,2026-03-05,6,1,480.0,462.2,393.4,1124,1098
14921,2026-03-05,6,2,480.0,376.7,320.6,916,897
14922,2026-03-05,6,3,480.0,396.6,329.4,941,921
14923,2026-03-05,7,1,480.0,191.5,138.4,346,336
14924,2026-03-05,7,2,480.0,267.3,205.2,513,500
14925,2026-03-05,7,3,480.0,288.9,208.0,520,506
14926,2026-03-05,8,1,480.0,413.8,358.0,934,913
14927,2026-03-05,8,2,480.0,425.5,357.3,932,914
14928,2026-03-05,8,3,480.0,397.1,314.3,820,807
14929,2026-03-05,9,1,480.0,385.1,358.5,1132,1115
14930,2026-03-05,9,2,480.0,480.0,425.9,1345,1334
14931,2026-03-05,9,3,480.0,450.3,404.1,1276,1263
14932,2026-03-05,10,1,480.0,448.9,392.2,1569,1540
14933,2026-03-05,10,2,480.0,386.8,331.0,1324,1307
14934,2026-03-05,10,3,480.0,347.7,302.2,1209,1197
14935,2026-03-05,11,1,480.0,349.2,302.8,1038,1017
14936,2026-03-05,11,2,480.0,425.0,363.7,1247,1215
14937,2026-03-05,11,3,480.0,164.9,133.3,457,451
14938,2026-03-05,12,1,480.0,466.1,406.4,1524,1500
14939,2026-03-05,12,2,480.0,432.9,368.8,1383,1356
14940,2026-03-05,12,3,480.0,349.9,301.6,1131,1118
14941,2026-03-06,1,1,349.9,232.6,203.8,1019,1013
14942,2026-03-06,1,2,480.0,474.0,418.4,2092,2063
14943,2026-03-06,1,3,480.0,419.6,365.2,1826,1807
14944,2026-03-06,2,1,480.0,365.2,321.8,1609,1582
14945,2026-03-06,2,2,480.0,337.1,299.4,1497,1477
14946,2026-03-06,2,3,480.0,470.4,411.8,2059,2035
14947,2026-03-06,3,1,480.0,410.0,337.9,1502,1470
14948,2026-03-06,3,2,480.0,444.1,371.0,1649,1603
14949,2026-03-06,3,3,480.0,406.5,318.8,1417,1388
14950,2026-03-06,4,1,480.0,477.1,422.9,2671,2628
14951,2026-03-06,4,2,480.0,431.6,385.5,2435,2401
14952,2026-03-06,4,3,480.0,410.2,379.8,2399,2376
14953,2026-03-06,5,1,480.0,418.0,349.3,998,977
14954,2026-03-06,5,2,480.0,457.7,385.7,1102,1087
14955,2026-03-06,5,3,480.0,419.8,351.1,1003,988
14956,2026-03-06,6,1,480.0,405.1,344.1,983,965
14957,2026-03-06,6,2,480.0,387.6,327.2,935,919
14958,2026-03-06,6,3,480.0,370.1,301.4,861,846
14959,2026-03-06,7,1,480.0,296.3,216.4,541,528
14960,2026-03-06,7,2,480.0,246.8,176.8,442,430
14961,2026-03-06,7,3,480.0,325.3,232.4,581,572
14962,2026-03-06,8,1,480.0,353.4,307.4,802,781
14963,2026-03-06,8,2,480.0,334.9,287.1,749,732
14964,2026-03-06,8,3,480.0,362.8,302.1,788,774
14965,2026-03-06,9,1,480.0,474.3,428.8,1354,1334
14966,2026-03-06,9,2,480.0,473.8,429.7,1357,1344
14967,2026-03-06,9,3,480.0,457.4,394.9,1247,1230
14968,2026-03-06,10,1,480.0,306.9,261.5,1046,1031
14969,2026-03-06,10,2,480.0,418.2,367.5,1470,1453
14970,2026-03-06,10,3,480.0,336.1,282.5,1130,1115
14971,2026-03-06,11,1,480.0,383.2,315.3,1081,1054
14972,2026-03-06,11,2,480.0,377.2,322.3,1105,1078
14973,2026-03-06,11,3,447.9,395.1,320.0,1097,1067
14974,2026-03-06,12,1,480.0,432.4,389.9,1462,1440
14975,2026-03-06,12,2,480.0,453.7,409.9,1537,1507
14976,2026-03-06,12,3,480.0,377.1,324.8,1218,1199
14977,2026-03-07,1,1,480.0,377.2,345.0,1725,1704
14978,2026-03-07,1,2,480.0,443.6,397.4,1987,1955
14979,2026-03-07,1,3,480.0,416.8,362.2,1811,1782
14980,2026-03-07,2,1,480.0,405.1,352.8,1764,1749
14981,2026-03-07,2,2,480.0,411.0,362.2,1811,1789
14982,2026-03-07,2,3,480.0,463.7,406.8,2034,2010
14983,2026-03-07,3,1,480.0,480.0,402.5,1789,1749
14984,2026-03-07,3,2,480.0,365.3,302.2,1343,1307
14985,2026-03-07,3,3,480.0,194.9,156.6,696,682
14986,2026-03-07,4,1,480.0,468.5,419.3,2648,2629
14987,2026-03-07,4,2,480.0,472.3,435.4,2750,2731
14988,2026-03-07,4,3,480.0,466.9,408.7,2581,2559
14989,2026-03-07,5,1,480.0,433.5,381.1,1089,1074
14990,2026-03-07,5,2,480.0,355.6,308.7,882,871
14991,2026-03-07,5,3,480.0,427.6,355.2,1015,989
14992,2026-03-07,6,1,480.0,445.8,380.1,1086,1067
14993,2026-03-07,6,2,480.0,428.5,374.5,1070,1053
14994,2026-03-07,6,3,480.0,330.1,271.2,775,760
14995,2026-03-07,7,1,480.0,292.3,217.2,543,531
14996,2026-03-07,7,2,480.0,329.7,234.4,586,568
14997,2026-03-07,7,3,480.0,267.4,186.0,465,450
14998,2026-03-07,8,1,480.0,438.7,373.0,973,959
14999,2026-03-07,8,2,480.0,422.9,365.3,953,927
15000,2026-03-07,8,3,480.0,467.6,385.6,1006,984
15001,2026-03-07,9,1,480.0,419.7,388.9,1228,1210
15002,2026-03-07,9,2,480.0,431.4,379.7,1199,1178
15003,2026-03-07,9,3,480.0,440.2,392.4,1239,1225
15004,2026-03-07,10,1,480.0,410.1,355.5,1422,1396
15005,2026-03-07,10,2,480.0,430.7,381.0,1524,1493
15006,2026-03-07,10,3,442.8,390.3,323.5,1294,1278
15007,2026-03-07,11,1,480.0,393.1,328.4,1126,1099
15008,2026-03-07,11,2,480.0,413.8,346.8,1189,1157
15009,2026-03-07,11,3,480.0,352.0,280.6,962,933
15010,2026-03-07,12,1,480.0,440.7,392.5,1472,1440
15011,2026-03-07,12,2,480.0,446.9,402.4,1509,1493
15012,2026-03-07,12,3,480.0,480.0,400.8,1503,1473
15013,2026-03-08,1,1,480.0,405.1,345.4,1727,1712
15014,2026-03-08,1,2,480.0,465.1,406.0,2030,2013
15015,2026-03-08,1,3,480.0,443.8,372.0,1860,1834
15016,2026-03-08,2,1,480.0,468.2,408.6,2043,2018
15017,2026-03-08,2,2,480.0,440.3,393.6,1968,1933
15018,2026-03-08,2,3,480.0,478.5,400.4,2002,1978
15019,2026-03-08,3,1,480.0,412.9,350.1,1556,1521
15020,2026-03-08,3,2,480.0,376.3,309.1,1374,1344
15021,2026-03-08,3,3,480.0,337.4,262.1,1165,1136
15022,2026-03-08,4,1,480.0,366.4,334.2,2111,2087
15023,2026-03-08,4,2,480.0,480.0,435.9,2753,2744
15024,2026-03-08,4,3,480.0,433.7,386.8,2443,2440
15025,2026-03-08,5,1,480.0,480.0,404.9,1157,1139
15026,2026-03-08,5,2,480.0,446.1,365.8,1045,1028
15027,2026-03-08,5,3,480.0,468.0,388.9,1111,1094
15028,2026-03-08,6,1,480.0,440.5,367.9,1051,1024
15029,2026-03-08,6,2,480.0,360.7,305.6,873,862
15030,2026-03-08,6,3,480.0,298.3,252.3,721,710
15031,2026-03-08,7,1,480.0,327.6,243.6,609,594
15032,2026-03-08,7,2,480.0,308.5,234.0,585,567
15033,2026-03-08,7,3,480.0,284.0,204.8,512,498
15034,2026-03-08,8,1,480.0,477.5,412.5,1076,1057
15035,2026-03-08,8,2,480.0,203.2,166.4,434,427
15036,2026-03-08,8,3,480.0,370.8,304.8,795,779
15037,2026-03-08,9,1,480.0,390.9,348.6,1101,1083
15038,2026-03-08,9,2,480.0,348.8,332.2,1049,1038
15039,2026-03-08,9,3,480.0,456.1,404.4,1277,1253
15040,2026-03-08,10,1,480.0,357.9,321.2,1285,1261
15041,2026-03-08,10,2,480.0,271.2,242.5,970,953
15042,2026-03-08,10,3,480.0,310.4,265.2,1061,1044
15043,2026-03-08,11,1,480.0,288.3,245.6,842,828
15044,2026-03-08,11,2,480.0,346.7,301.6,1034,1007
15045,2026-03-08,11,3,480.0,227.4,188.1,645,626
15046,2026-03-08,12,1,480.0,464.2,404.3,1516,1496
15047,2026-03-08,12,2,480.0,372.3,322.9,1211,1187
15048,2026-03-08,12,3,480.0,421.1,355.7,1334,1321
15049,2026-03-09,1,1,480.0,439.5,395.8,1979,1955
15050,2026-03-09,1,2,480.0,401.1,360.4,1802,1776
15051,2026-03-09,1,3,480.0,435.8,367.6,1838,1814
15052,2026-03-09,2,1,480.0,467.6,400.8,2004,1973
15053,2026-03-09,2,2,480.0,443.6,394.4,1972,1934
15054,2026-03-09,2,3,480.0,429.9,371.6,1858,1839
15055,2026-03-09,3,1,480.0,387.8,323.8,1439,1408
15056,2026-03-09,3,2,480.0,365.0,296.3,1317,1291
15057,2026-03-09,3,3,480.0,414.1,327.4,1455,1422
15058,2026-03-09,4,1,480.0,413.3,370.3,2339,2315
15059,2026-03-09,4,2,480.0,412.7,382.9,2418,2401
15060,2026-03-09,4,3,440.2,307.5,270.8,1710,1705
15061,2026-03-09,5,1,480.0,448.2,385.4,1101,1086
15062,2026-03-09,5,2,480.0,429.1,371.4,1061,1040
15063,2026-03-09,5,3,480.0,438.4,365.8,1045,1030
15064,2026-03-09,6,1,480.0,408.1,347.6,993,966
15065,2026-03-09,6,2,480.0,342.1,289.8,828,814
15066,2026-03-09,6,3,480.0,191.6,155.8,445,437
15067,2026-03-09,7,1,480.0,257.3,191.2,478,465
15068,2026-03-09,7,2,480.0,275.5,205.6,514,502
15069,2026-03-09,7,3,480.0,231.2,172.0,430,421
15070,2026-03-09,8,1,480.0,360.3,302.1,788,776
15071,2026-03-09,8,2,480.0,453.0,385.2,1005,985
15072,2026-03-09,8,3,480.0,373.6,312.0,814,794
15073,2026-03-09,9,1,480.0,381.4,336.6,1063,1053
15074,2026-03-09,9,2,480.0,459.8,416.1,1314,1297
15075,2026-03-09,9,3,480.0,480.0,427.2,1349,1330
15076,2026-03-09,10,1,480.0,417.0,376.2,1505,1481
15077,2026-03-09,10,2,480.0,451.7,390.8,1563,1536
15078,2026-03-09,10,3,480.0,285.5,238.5,954,941
15079,2026-03-09,11,1,480.0,329.3,275.3,944,921
15080,2026-03-09,11,2,480.0,377.2,314.7,1079,1049
15081,2026-03-09,11,3,480.0,344.3,279.4,958,939
15082,2026-03-09,12,1,480.0,409.8,365.1,1369,1346
15083,2026-03-09,12,2,480.0,387.6,347.5,1303,1283
15084,2026-03-09,12,3,480.0,462.7,409.6,1536,1523
15085,2026-03-10,1,1,480.0,400.2,345.6,1728,1696
15086,2026-03-10,1,2,480.0,412.6,363.8,1819,1794
15087,2026-03-10,1,3,480.0,455.7,389.0,1945,1927
15088,2026-03-10,2,1,480.0,471.5,414.6,2073,2029
15089,2026-03-10,2,2,480.0,435.6,380.2,1901,1873
15090,2026-03-10,2,3,480.0,473.6,397.2,1986,1952
15091,2026-03-10,3,1,480.0,347.0,286.9,1275,1253
15092,2026-03-10,3,2,480.0,404.8,333.9,1484,1449
15093,2026-03-10,3,3,448.1,250.7,202.5,900,883
15094,2026-03-10,4,1,480.0,455.8,428.6,2707,2704
15095,2026-03-10,4,2,480.0,455.9,407.1,2571,2548
15096,2026-03-10,4,3,480.0,476.0,422.0,2665,2657
15097,2026-03-10,5,1,480.0,412.0,358.8,1025,1011
15098,2026-03-10,5,2,480.0,389.7,336.4,961,941
15099,2026-03-10,5,3,480.0,385.2,320.9,917,899
15100,2026-03-10,6,1,480.0,449.7,378.7,1082,1063
15101,2026-03-10,6,2,480.0,414.2,362.2,1035,1015
15102,2026-03-10,6,3,480.0,368.1,306.6,876,862
15103,2026-03-10,7,1,480.0,297.4,218.4,546,532
15104,2026-03-10,7,2,480.0,292.1,211.6,529,517
15105,2026-03-10,7,3,480.0,344.4,250.0,625,608
15106,2026-03-10,8,1,480.0,381.1,322.4,841,825
15107,2026-03-10,8,2,480.0,294.5,254.2,663,649
15108,2026-03-10,8,3,480.0,395.1,333.5,870,850
15109,2026-03-10,9,1,480.0,451.0,404.7,1278,1258
15110,2026-03-10,9,2,480.0,477.1,431.9,1364,1341
15111,2026-03-10,9,3,480.0,393.6,343.3,1084,1062
15112,2026-03-10,10,1,480.0,415.4,357.0,1428,1399
15113,2026-03-10,10,2,480.0,372.7,332.5,1330,1306
15114,2026-03-10,10,3,480.0,311.4,247.8,991,974
15115,2026-03-10,11,1,480.0,322.1,276.2,947,920
15116,2026-03-10,11,2,480.0,457.8,386.2,1324,1289
15117,2026-03-10,11,3,480.0,171.0,148.8,510,498
15118,2026-03-10,12,1,480.0,477.8,430.1,1613,1591
15119,2026-03-10,12,2,480.0,395.7,344.3,1291,1278
15120,2026-03-10,12,3,480.0,472.2,399.2,1497,1478
15121,2026-03-11,1,1,480.0,428.1,381.0,1905,1879
15122,2026-03-11,1,2,480.0,330.0,289.4,1447,1433
15123,2026-03-11,1,3,480.0,480.0,411.2,2056,2036
15124,2026-03-11,2,1,480.0,472.7,420.0,2100,2067
15125,2026-03-11,2,2,480.0,420.3,358.4,1792,1768
15126,2026-03-11,2,3,480.0,480.0,414.4,2072,2045
15127,2026-03-11,3,1,480.0,410.7,345.6,1536,1494
15128,2026-03-11,3,2,480.0,415.5,344.5,1531,1504
15129,2026-03-11,3,3,480.0,356.9,274.9,1222,1196
15130,2026-03-11,4,1,480.0,440.7,405.8,2563,2544
15131,2026-03-11,4,2,480.0,480.0,444.4,2807,2772
15132,2026-03-11,4,3,439.3,394.2,354.2,2237,2220
15133,2026-03-11,5,1,480.0,405.4,345.8,988,972
15134,2026-03-11,5,2,480.0,427.7,371.4,1061,1038
15135,2026-03-11,5,3,480.0,445.5,366.1,1046,1030
15136,2026-03-11,6,1,480.0,450.7,388.9,1111,1094
15137,2026-03-11,6,2,480.0,421.4,359.1,1026,1007
15138,2026-03-11,6,3,480.0,395.3,328.6,939,925
15139,2026-03-11,7,1,480.0,248.1,181.6,454,443
15140,2026-03-11,7,2,480.0,216.0,165.2,413,405
15141,2026-03-11,7,3,480.0,324.9,228.8,572,558
15142,2026-03-11,8,1,287.5,248.9,208.2,543,531
15143,2026-03-11,8,2,480.0,323.1,268.7,701,686
15144,2026-03-11,8,3,480.0,329.3,273.3,713,694
15145,2026-03-11,9,1,480.0,480.0,431.3,1362,1347
15146,2026-03-11,9,2,480.0,472.6,425.9,1345,1324
15147,2026-03-11,9,3,480.0,386.0,338.8,1070,1054
15148,2026-03-11,10,1,480.0,473.4,401.8,1607,1583
15149,2026-03-11,10,2,480.0,347.6,293.2,1173,1157
15150,2026-03-11,10,3,480.0,455.5,387.8,1551,1525
15151,2026-03-11,11,1,480.0,445.3,359.9,1234,1207
15152,2026-03-11,11,2,480.0,384.5,324.9,1114,1083
15153,2026-03-11,11,3,434.8,392.5,329.3,1129,1095
15154,2026-03-11,12,1,480.0,480.0,435.7,1634,1609
15155,2026-03-11,12,2,480.0,470.2,400.8,1503,1487
15156,2026-03-11,12,3,480.0,383.1,324.0,1215,1194
15157,2026-03-12,1,1,480.0,461.8,408.2,2041,2006
15158,2026-03-12,1,2,480.0,448.9,407.4,2037,2018
15159,2026-03-12,1,3,480.0,464.2,397.8,1989,1974
15160,2026-03-12,2,1,480.0,453.6,405.6,2028,2006
15161,2026-03-12,2,2,480.0,443.8,389.4,1947,1922
15162,2026-03-12,2,3,480.0,395.4,340.8,1704,1675
15163,2026-03-12,3,1,480.0,280.2,235.1,1045,1022
15164,2026-03-12,3,2,480.0,312.7,266.6,1185,1156
15165,2026-03-12,3,3,480.0,302.5,239.6,1065,1043
15166,2026-03-12,4,1,480.0,432.1,399.6,2524,2496
15167,2026-03-12,4,2,480.0,442.7,414.4,2617,2581
15168,2026-03-12,4,3,480.0,461.8,401.9,2538,2495
15169,2026-03-12,5,1,480.0,449.8,368.6,1053,1035
15170,2026-03-12,5,2,480.0,352.2,307.6,879,869
15171,2026-03-12,5,3,480.0,355.8,304.1,869,848
15172,2026-03-12,6,1,480.0,425.4,366.4,1047,1017
15173,2026-03-12,6,2,480.0,428.1,351.1,1003,986
15174,2026-03-12,6,3,480.0,342.3,285.2,815,801
15175,2026-03-12,7,1,480.0,318.3,233.2,583,567
15176,2026-03-12,7,2,480.0,314.0,239.2,598,583
15177,2026-03-12,7,3,480.0,331.9,245.6,614,599
15178,2026-03-12,8,1,480.0,428.5,354.2,924,900
15179,2026-03-12,8,2,480.0,414.5,356.5,930,914
15180,2026-03-12,8,3,480.0,330.1,267.6,698,686
15181,2026-03-12,9,1,480.0,424.6,387.3,1223,1204
15182,2026-03-12,9,2,480.0,477.8,423.7,1338,1324
15183,2026-03-12,9,3,480.0,461.2,407.6,1287,1271
15184,2026-03-12,10,1,480.0,378.9,332.0,1328,1302
15185,2026-03-12,10,2,480.0,449.2,395.2,1581,1564
15186,2026-03-12,10,3,480.0,409.8,345.5,1382,1354
15187,2026-03-12,11,1,480.0,440.1,374.5,1284,1254
15188,2026-03-12,11,2,480.0,370.3,315.9,1083,1060
15189,2026-03-12,11,3,480.0,456.1,375.4,1287,1258
15190,2026-03-12,12,1,480.0,428.6,374.4,1404,1380
15191,2026-03-12,12,2,480.0,448.6,384.5,1442,1417
15192,2026-03-12,12,3,480.0,366.7,319.5,1198,1185
15193,2026-03-13,1,1,480.0,456.3,418.8,2094,2080
15194,2026-03-13,1,2,480.0,434.1,394.0,1970,1946
15195,2026-03-13,1,3,480.0,431.5,379.0,1895,1869
15196,2026-03-13,2,1,480.0,454.3,394.2,1971,1958
15197,2026-03-13,2,2,480.0,407.4,353.6,1768,1750
15198,2026-03-13,2,3,480.0,472.2,408.6,2043,2009
15199,2026-03-13,3,1,480.0,437.4,364.3,1619,1589
15200,2026-03-13,3,2,480.0,300.2,249.1,1107,1081
15201,2026-03-13,3,3,480.0,440.9,360.2,1601,1560
15202,2026-03-13,4,1,480.0,429.5,394.4,2491,2471
15203,2026-03-13,4,2,480.0,477.2,433.4,2737,2719
15204,2026-03-13,4,3,480.0,424.3,391.9,2475,2446
15205,2026-03-13,5,1,480.0,443.0,387.1,1106,1082
15206,2026-03-13,5,2,480.0,456.9,399.7,1142,1119
15207,2026-03-13,5,3,446.5,390.9,315.7,902,883
15208,2026-03-13,6,1,480.0,473.8,402.9,1151,1127
15209,2026-03-13,6,2,480.0,370.3,314.3,898,880
15210,2026-03-13,6,3,480.0,281.6,232.1,663,649
15211,2026-03-13,7,1,480.0,263.6,198.0,495,485
15212,2026-03-13,7,2,480.0,294.6,223.2,558,545
15213,2026-03-13,7,3,480.0,271.6,196.4,491,477
15214,2026-03-13,8,1,480.0,421.0,355.4,927,909
15215,2026-03-13,8,2,480.0,431.7,355.7,928,907
15216,2026-03-13,8,3,427.3,304.6,244.6,638,621
15217,2026-03-13,9,1,480.0,398.6,360.4,1138,1118
15218,2026-03-13,9,2,480.0,471.2,427.8,1351,1332
15219,2026-03-13,9,3,480.0,377.6,330.9,1045,1033
15220,2026-03-13,10,1,480.0,419.1,359.5,1438,1417
15221,2026-03-13,10,2,480.0,447.8,395.2,1581,1550
15222,2026-03-13,10,3,480.0,218.8,184.8,739,726
15223,2026-03-13,11,1,480.0,446.3,363.7,1247,1235
15224,2026-03-13,11,2,480.0,391.9,343.0,1176,1153
15225,2026-03-13,11,3,480.0,397.5,327.0,1121,1086
15226,2026-03-13,12,1,480.0,379.3,335.5,1258,1241
15227,2026-03-13,12,2,480.0,475.4,413.6,1551,1535
15228,2026-03-13,12,3,480.0,477.2,398.7,1495,1469
15229,2026-03-14,1,1,480.0,343.8,309.6,1548,1530
15230,2026-03-14,1,2,480.0,366.4,323.8,1619,1607
15231,2026-03-14,1,3,480.0,443.4,377.6,1888,1855
15232,2026-03-14,2,1,480.0,407.9,381.2,1906,1866
15233,2026-03-14,2,2,480.0,480.0,425.8,2129,2089
15234,2026-03-14,2,3,480.0,348.5,295.6,1478,1468
15235,2026-03-14,3,1,480.0,371.7,313.0,1391,1366
15236,2026-03-14,3,2,480.0,395.8,320.4,1424,1395
15237,2026-03-14,3,3,480.0,346.8,283.7,1261,1238
15238,2026-03-14,4,1,480.0,444.8,392.0,2476,2454
15239,2026-03-14,4,2,480.0,393.9,351.5,2220,2196
15240,2026-03-14,4,3,480.0,465.7,423.9,2677,2657
15241,2026-03-14,5,1,480.0,459.6,409.9,1171,1149
15242,2026-03-14,5,2,480.0,385.0,343.0,980,966
15243,2026-03-14,5,3,480.0,426.3,345.8,988,966
15244,2026-03-14,6,1,480.0,371.3,321.6,919,902
15245,2026-03-14,6,2,480.0,400.2,342.3,978,962
15246,2026-03-14,6,3,480.0,396.2,342.3,978,963
15247,2026-03-14,7,1,480.0,278.5,205.6,514,501
15248,2026-03-14,7,2,480.0,367.0,275.6,689,668
15249,2026-03-14,7,3,480.0,310.3,216.8,542,530
15250,2026-03-14,8,1,480.0,421.6,357.3,932,912
15251,2026-03-14,8,2,480.0,439.2,364.9,952,941
15252,2026-03-14,8,3,480.0,442.4,378.7,988,970
15253,2026-03-14,9,1,480.0,480.0,443.6,1401,1379
15254,2026-03-14,9,2,480.0,351.9,320.8,1013,993
15255,2026-03-14,9,3,480.0,432.5,374.9,1184,1174
15256,2026-03-14,10,1,480.0,445.9,394.8,1579,1554
15257,2026-03-14,10,2,480.0,396.5,348.5,1394,1368
15258,2026-03-14,10,3,480.0,461.1,397.2,1589,1574
15259,2026-03-14,11,1,480.0,398.5,334.5,1147,1124
15260,2026-03-14,11,2,480.0,453.5,379.2,1300,1267
15261,2026-03-14,11,3,480.0,392.1,327.0,1121,1091
15262,2026-03-14,12,1,480.0,463.5,416.3,1561,1539
15263,2026-03-14,12,2,480.0,434.4,391.2,1467,1447
15264,2026-03-14,12,3,480.0,357.3,301.3,1130,1120
15265,2026-03-15,1,1,480.0,422.1,378.2,1891,1869
15266,2026-03-15,1,2,480.0,410.3,354.4,1772,1743
15267,2026-03-15,1,3,480.0,417.3,366.0,1830,1811
15268,2026-03-15,2,1,480.0,415.8,360.4,1802,1780
15269,2026-03-15,2,2,480.0,399.4,338.8,1694,1668
15270,2026-03-15,2,3,480.0,388.3,332.4,1662,1633
15271,2026-03-15,3,1,480.0,350.7,287.1,1276,1251
15272,2026-03-15,3,2,480.0,470.6,383.4,1704,1663
15273,2026-03-15,3,3,480.0,396.4,313.6,1394,1368
15274,2026-03-15,4,1,480.0,461.4,419.4,2649,2629
15275,2026-03-15,4,2,480.0,477.1,435.9,2753,2713
15276,2026-03-15,4,3,480.0,461.9,406.3,2566,2530
15277,2026-03-15,5,1,480.0,448.3,391.3,1118,1097
15278,2026-03-15,5,2,480.0,477.3,412.3,1178,1158
15279,2026-03-15,5,3,480.0,380.1,324.8,928,912
15280,2026-03-15,6,1,480.0,354.3,302.8,865,851
15281,2026-03-15,6,2,480.0,272.9,233.8,668,655
15282,2026-03-15,6,3,480.0,376.7,323.8,925,906
15283,2026-03-15,7,1,480.0,384.9,286.0,715,696
15284,2026-03-15,7,2,480.0,320.9,242.4,606,592
15285,2026-03-15,7,3,480.0,294.2,216.4,541,524
15286,2026-03-15,8,1,480.0,349.1,301.3,786,772
15287,2026-03-15,8,2,480.0,434.2,361.9,944,922
15288,2026-03-15,8,3,480.0,322.2,263.4,687,676
15289,2026-03-15,9,1,480.0,416.2,374.9,1184,1164
15290,2026-03-15,9,2,480.0,480.0,434.5,1372,1362
15291,2026-03-15,9,3,480.0,363.4,318.9,1007,997
15292,2026-03-15,10,1,480.0,476.1,412.0,1648,1605
15293,2026-03-15,10,2,480.0,351.1,315.2,1261,1237
15294,2026-03-15,10,3,480.0,399.8,340.8,1363,1342
15295,2026-03-15,11,1,480.0,345.5,301.0,1032,1003
15296,2026-03-15,11,2,480.0,394.7,330.8,1134,1106
15297,2026-03-15,11,3,480.0,395.9,330.2,1132,1107
15298,2026-03-15,12,1,480.0,469.9,416.0,1560,1533
15299,2026-03-15,12,2,480.0,450.4,388.8,1458,1435
15300,2026-03-15,12,3,480.0,415.3,355.7,1334,1309
15301,2026-03-16,1,1,480.0,399.0,352.6,1763,1732
15302,2026-03-16,1,2,480.0,405.9,356.8,1784,1764
15303,2026-03-16,1,3,480.0,434.7,377.2,1886,1864
15304,2026-03-16,2,1,480.0,271.3,235.8,1179,1163
15305,2026-03-16,2,2,480.0,458.7,414.0,2070,2029
15306,2026-03-16,2,3,480.0,447.3,365.8,1829,1803
15307,2026-03-16,3,1,480.0,405.4,352.8,1568,1536
15308,2026-03-16,3,2,480.0,424.4,350.3,1557,1522
15309,2026-03-16,3,3,480.0,382.6,306.0,1360,1328
15310,2026-03-16,4,1,480.0,433.8,401.9,2538,2515
15311,2026-03-16,4,2,480.0,476.8,429.1,2710,2679
15312,2026-03-16,4,3,480.0,467.1,402.8,2544,2526
15313,2026-03-16,5,1,480.0,412.6,360.1,1029,1011
15314,2026-03-16,5,2,480.0,377.7,317.4,907,886
15315,2026-03-16,5,3,480.0,419.5,340.2,972,956
15316,2026-03-16,6,1,480.0,444.5,378.7,1082,1049
15317,2026-03-16,6,2,480.0,465.0,394.1,1126,1112
15318,2026-03-16,6,3,480.0,339.0,279.6,799,779
15319,2026-03-16,7,1,480.0,307.2,234.0,585,570
15320,2026-03-16,7,2,480.0,339.8,255.6,639,626
15321,2026-03-16,7,3,480.0,283.9,201.6,504,494
15322,2026-03-16,8,1,480.0,450.2,388.3,1013,987
15323,2026-03-16,8,2,480.0,358.3,309.4,807,786
15324,2026-03-16,8,3,480.0,421.0,346.5,904,882
15325,2026-03-16,9,1,480.0,466.3,425.9,1345,1337
15326,2026-03-16,9,2,480.0,446.5,411.0,1298,1284
15327,2026-03-16,9,3,480.0,446.1,389.8,1231,1218
15328,2026-03-16,10,1,480.0,480.0,417.2,1669,1640
15329,2026-03-16,10,2,480.0,476.9,416.2,1665,1638
15330,2026-03-16,10,3,480.0,419.2,352.5,1410,1389
15331,2026-03-16,11,1,480.0,331.8,291.7,1000,973
15332,2026-03-16,11,2,480.0,422.9,355.0,1217,1187
15333,2026-03-16,11,3,445.8,365.3,295.8,1014,984
15334,2026-03-16,12,1,480.0,438.5,389.6,1461,1448
15335,2026-03-16,12,2,480.0,412.2,356.5,1337,1320
15336,2026-03-16,12,3,480.0,458.5,383.2,1437,1424
15337,2026-03-17,1,1,480.0,470.5,419.0,2095,2079
15338,2026-03-17,1,2,480.0,475.7,429.0,2145,2100
15339,2026-03-17,1,3,480.0,371.3,321.2,1606,1594
15340,2026-03-17,2,1,480.0,409.6,360.6,1803,1780
15341,2026-03-17,2,2,480.0,461.7,396.0,1980,1946
15342,2026-03-17,2,3,480.0,401.7,337.2,1686,1666
15343,2026-03-17,3,1,307.9,212.4,173.0,769,749
15344,2026-03-17,3,2,480.0,437.8,363.6,1616,1572
15345,2026-03-17,3,3,480.0,415.3,332.8,1479,1447
15346,2026-03-17,4,1,480.0,478.6,435.1,2748,2713
15347,2026-03-17,4,2,480.0,477.5,439.7,2777,2727
15348,2026-03-17,4,3,480.0,478.0,414.0,2615,2587
15349,2026-03-17,5,1,480.0,389.8,335.6,959,939
15350,2026-03-17,5,2,480.0,405.0,351.1,1003,989
15351,2026-03-17,5,3,480.0,377.1,312.6,893,867
15352,2026-03-17,6,1,480.0,451.5,391.6,1119,1096
15353,2026-03-17,6,2,480.0,417.0,336.0,960,935
15354,2026-03-17,6,3,444.8,335.2,269.9,771,755
15355,2026-03-17,7,1,480.0,364.3,266.4,666,651
15356,2026-03-17,7,2,480.0,297.5,216.0,540,527
15357,2026-03-17,7,3,480.0,175.7,128.0,320,310
15358,2026-03-17,8,1,480.0,358.6,319.3,833,817
15359,2026-03-17,8,2,480.0,368.5,320.1,835,813
15360,2026-03-17,8,3,480.0,398.1,330.4,862,842
15361,2026-03-17,9,1,480.0,397.8,354.4,1119,1103
15362,2026-03-17,9,2,480.0,432.1,404.7,1278,1260
15363,2026-03-17,9,3,480.0,443.0,395.5,1249,1227
15364,2026-03-17,10,1,292.9,145.1,125.0,500,495
15365,2026-03-17,10,2,480.0,390.2,346.2,1385,1364
15366,2026-03-17,10,3,480.0,362.2,312.2,1249,1223
15367,2026-03-17,11,1,316.1,265.1,222.8,764,750
15368,2026-03-17,11,2,480.0,343.5,292.5,1003,984
15369,2026-03-17,11,3,480.0,380.0,315.6,1082,1055
15370,2026-03-17,12,1,480.0,432.6,385.3,1445,1410
15371,2026-03-17,12,2,480.0,451.4,396.0,1485,1467
15372,2026-03-17,12,3,480.0,455.4,385.6,1446,1427
15373,2026-03-18,1,1,480.0,480.0,415.4,2077,2050
15374,2026-03-18,1,2,480.0,456.2,405.8,2029,1997
15375,2026-03-18,1,3,480.0,438.5,371.4,1857,1831
15376,2026-03-18,2,1,480.0,399.9,356.2,1781,1751
15377,2026-03-18,2,2,480.0,468.4,419.4,2097,2056
15378,2026-03-18,2,3,480.0,457.9,392.4,1962,1944
15379,2026-03-18,3,1,480.0,326.8,274.5,1220,1188
15380,2026-03-18,3,2,480.0,407.8,336.1,1494,1458
15381,2026-03-18,3,3,480.0,375.4,312.1,1387,1356
15382,2026-03-18,4,1,480.0,476.1,436.8,2759,2738
15383,2026-03-18,4,2,480.0,470.8,418.5,2643,2619
15384,2026-03-18,4,3,480.0,378.0,333.3,2105,2076
15385,2026-03-18,5,1,480.0,430.2,375.6,1073,1054
15386,2026-03-18,5,2,480.0,407.6,342.6,979,961
15387,2026-03-18,5,3,480.0,407.1,329.7,942,929
15388,2026-03-18,6,1,480.0,338.5,291.2,832,814
15389,2026-03-18,6,2,480.0,457.7,391.6,1119,1098
15390,2026-03-18,6,3,480.0,433.4,350.7,1002,981
15391,2026-03-18,7,1,480.0,367.4,283.2,708,688
15392,2026-03-18,7,2,480.0,410.6,304.4,761,737
15393,2026-03-18,7,3,480.0,341.7,232.8,582,569
15394,2026-03-18,8,1,480.0,391.3,325.1,848,830
15395,2026-03-18,8,2,480.0,399.7,336.9,879,863
15396,2026-03-18,8,3,480.0,409.7,336.9,879,857
15397,2026-03-18,9,1,480.0,413.9,370.8,1171,1157
15398,2026-03-18,9,2,480.0,480.0,426.2,1346,1328
15399,2026-03-18,9,3,480.0,472.7,430.0,1358,1337
15400,2026-03-18,10,1,480.0,441.1,380.2,1521,1499
15401,2026-03-18,10,2,480.0,480.0,413.0,1652,1625
15402,2026-03-18,10,3,462.3,385.1,324.2,1297,1264
15403,2026-03-18,11,1,480.0,447.5,382.7,1312,1281
15404,2026-03-18,11,2,480.0,288.2,252.9,867,847
15405,2026-03-18,11,3,480.0,319.4,257.0,881,856
15406,2026-03-18,12,1,480.0,470.7,419.7,1574,1551
15407,2026-03-18,12,2,480.0,444.6,401.6,1506,1480
15408,2026-03-18,12,3,480.0,313.0,270.1,1013,1002
15409,2026-03-19,1,1,480.0,448.2,385.6,1928,1908
15410,2026-03-19,1,2,480.0,471.1,408.2,2041,2012
15411,2026-03-19,1,3,480.0,362.1,328.4,1642,1631
15412,2026-03-19,2,1,480.0,361.2,330.2,1651,1635
15413,2026-03-19,2,2,480.0,464.7,407.6,2038,2011
15414,2026-03-19,2,3,480.0,393.9,339.0,1695,1670
15415,2026-03-19,3,1,480.0,401.5,325.8,1448,1426
15416,2026-03-19,3,2,480.0,374.8,313.9,1395,1355
15417,2026-03-19,3,3,480.0,385.2,305.1,1356,1332
15418,2026-03-19,4,1,480.0,462.1,428.8,2708,2683
15419,2026-03-19,4,2,480.0,468.0,428.1,2704,2691
15420,2026-03-19,4,3,480.0,463.4,398.4,2516,2493
15421,2026-03-19,5,1,480.0,432.0,374.5,1070,1053
15422,2026-03-19,5,2,480.0,322.2,279.3,798,781
15423,2026-03-19,5,3,480.0,345.5,274.1,783,767
15424,2026-03-19,6,1,480.0,439.4,378.7,1082,1063
15425,2026-03-19,6,2,480.0,429.8,369.2,1055,1038
15426,2026-03-19,6,3,480.0,420.9,337.1,963,938
15427,2026-03-19,7,1,480.0,335.6,252.8,632,615
15428,2026-03-19,7,2,480.0,346.8,261.6,654,635
15429,2026-03-19,7,3,480.0,311.0,223.6,559,545
15430,2026-03-19,8,1,480.0,365.4,304.4,794,775
15431,2026-03-19,8,2,480.0,456.4,385.6,1006,991
15432,2026-03-19,8,3,480.0,427.2,348.1,908,884
15433,2026-03-19,9,1,480.0,451.4,400.9,1266,1240
15434,2026-03-19,9,2,480.0,468.0,412.0,1301,1282
15435,2026-03-19,9,3,480.0,386.5,333.4,1053,1037
15436,2026-03-19,10,1,480.0,457.8,397.8,1591,1568
15437,2026-03-19,10,2,480.0,440.9,371.0,1484,1454
15438,2026-03-19,10,3,480.0,356.3,306.0,1224,1213
15439,2026-03-19,11,1,480.0,327.2,279.7,959,934
15440,2026-03-19,11,2,480.0,385.2,317.9,1090,1062
15441,2026-03-19,11,3,480.0,445.2,367.8,1261,1233
15442,2026-03-19,12,1,480.0,470.7,408.8,1533,1512
15443,2026-03-19,12,2,480.0,350.2,309.3,1160,1148
15444,2026-03-19,12,3,480.0,428.9,374.1,1403,1383
15445,2026-03-20,1,1,480.0,480.0,418.6,2093,2056
15446,2026-03-20,1,2,480.0,449.9,418.6,2093,2068
15447,2026-03-20,1,3,480.0,387.1,353.4,1767,1753
15448,2026-03-20,2,1,480.0,463.9,411.8,2059,2026
15449,2026-03-20,2,2,480.0,382.3,324.8,1624,1604
15450,2026-03-20,2,3,437.5,398.4,342.2,1711,1691
15451,2026-03-20,3,1,480.0,429.2,358.6,1594,1557
15452,2026-03-20,3,2,480.0,343.8,295.4,1313,1283
15453,2026-03-20,3,3,480.0,435.6,338.9,1506,1474
15454,2026-03-20,4,1,480.0,447.9,406.8,2569,2547
15455,2026-03-20,4,2,480.0,455.6,409.1,2584,2548
15456,2026-03-20,4,3,480.0,464.6,412.6,2606,2589
15457,2026-03-20,5,1,480.0,453.9,392.7,1122,1107
15458,2026-03-20,5,2,480.0,405.3,359.4,1027,1004
15459,2026-03-20,5,3,480.0,459.2,391.3,1118,1100
15460,2026-03-20,6,1,480.0,416.7,358.8,1025,1009
15461,2026-03-20,6,2,480.0,451.9,394.1,1126,1105
15462,2026-03-20,6,3,480.0,345.3,272.6,779,766
15463,2026-03-20,7,1,480.0,292.8,218.8,547,535
15464,2026-03-20,7,2,480.0,359.1,276.4,691,671
15465,2026-03-20,7,3,448.2,314.7,230.8,577,563
15466,2026-03-20,8,1,480.0,455.9,406.3,1060,1034
15467,2026-03-20,8,2,480.0,390.0,332.4,867,851
15468,2026-03-20,8,3,480.0,402.5,330.1,861,846
15469,2026-03-20,9,1,480.0,426.0,385.4,1217,1197
15470,2026-03-20,9,2,480.0,472.0,426.6,1347,1321
15471,2026-03-20,9,3,444.3,444.3,371.4,1173,1158
15472,2026-03-20,10,1,480.0,438.5,393.2,1573,1536
15473,2026-03-20,10,2,480.0,335.6,289.5,1158,1145
15474,2026-03-20,10,3,480.0,361.0,307.5,1230,1201
15475,2026-03-20,11,1,480.0,476.6,389.4,1335,1315
15476,2026-03-20,11,2,480.0,443.7,385.3,1321,1283
15477,2026-03-20,11,3,480.0,437.0,365.5,1253,1217
15478,2026-03-20,12,1,480.0,480.0,426.7,1600,1573
15479,2026-03-20,12,2,480.0,437.3,373.6,1401,1379
15480,2026-03-20,12,3,480.0,462.8,395.7,1484,1474
15481,2026-03-21,1,1,480.0,402.0,353.6,1768,1737
15482,2026-03-21,1,2,480.0,409.7,358.6,1793,1777
15483,2026-03-21,1,3,480.0,378.0,320.8,1604,1591
15484,2026-03-21,2,1,480.0,443.5,397.8,1989,1961
15485,2026-03-21,2,2,480.0,413.1,348.8,1744,1718
15486,2026-03-21,2,3,480.0,441.4,382.0,1910,1882
15487,2026-03-21,3,1,480.0,420.8,353.7,1572,1536
15488,2026-03-21,3,2,480.0,364.8,289.4,1286,1257
15489,2026-03-21,3,3,480.0,413.8,332.6,1478,1454
15490,2026-03-21,4,1,480.0,368.9,333.9,2109,2084
15491,2026-03-21,4,2,480.0,480.0,449.0,2836,2808
15492,2026-03-21,4,3,480.0,435.8,384.0,2425,2411
15493,2026-03-21,5,1,480.0,429.5,367.5,1050,1027
15494,2026-03-21,5,2,480.0,332.4,287.7,822,813
15495,2026-03-21,5,3,480.0,271.0,226.1,646,641
15496,2026-03-21,6,1,480.0,432.4,366.4,1047,1017
15497,2026-03-21,6,2,480.0,437.6,367.9,1051,1031
15498,2026-03-21,6,3,480.0,386.3,315.7,902,886
15499,2026-03-21,7,1,300.7,189.8,142.8,357,348
15500,2026-03-21,7,2,480.0,287.9,211.2,528,517
15501,2026-03-21,7,3,480.0,348.0,250.4,626,610
15502,2026-03-21,8,1,480.0,463.0,396.8,1035,1009
15503,2026-03-21,8,2,480.0,348.2,291.7,761,739
15504,2026-03-21,8,3,480.0,426.5,348.1,908,894
15505,2026-03-21,9,1,480.0,466.8,425.9,1345,1328
15506,2026-03-21,9,2,480.0,432.6,380.6,1202,1187
15507,2026-03-21,9,3,480.0,397.8,344.5,1088,1075
15508,2026-03-21,10,1,480.0,426.8,372.2,1489,1464
15509,2026-03-21,10,2,480.0,475.0,408.0,1632,1605
15510,2026-03-21,10,3,480.0,264.6,224.2,897,882
15511,2026-03-21,11,1,480.0,464.0,411.2,1410,1386
15512,2026-03-21,11,2,480.0,364.9,304.2,1043,1021
15513,2026-03-21,11,3,480.0,369.0,305.4,1047,1023
15514,2026-03-21,12,1,304.2,160.2,144.3,541,533
15515,2026-03-21,12,2,480.0,457.5,399.2,1497,1474
15516,2026-03-21,12,3,480.0,432.7,357.6,1341,1319
15517,2026-03-22,1,1,480.0,465.5,416.8,2084,2062
15518,2026-03-22,1,2,480.0,480.0,435.2,2176,2150
15519,2026-03-22,1,3,480.0,421.6,362.8,1814,1792
15520,2026-03-22,2,1,480.0,429.1,373.0,1865,1832
15521,2026-03-22,2,2,480.0,392.4,350.0,1750,1736
15522,2026-03-22,2,3,480.0,423.6,348.6,1743,1721
15523,2026-03-22,3,1,480.0,456.1,395.1,1756,1723
15524,2026-03-22,3,2,480.0,404.5,336.8,1497,1469
15525,2026-03-22,3,3,480.0,394.0,311.6,1385,1351
15526,2026-03-22,4,1,480.0,480.0,439.9,2778,2775
15527,2026-03-22,4,2,480.0,474.0,431.1,2723,2698
15528,2026-03-22,4,3,480.0,458.0,393.3,2484,2451
15529,2026-03-22,5,1,480.0,437.6,382.9,1094,1078
15530,2026-03-22,5,2,480.0,313.1,270.6,773,754
15531,2026-03-22,5,3,480.0,340.8,282.8,808,800
15532,2026-03-22,6,1,480.0,391.4,340.2,972,950
15533,2026-03-22,6,2,480.0,461.5,409.9,1171,1144
15534,2026-03-22,6,3,480.0,479.3,401.4,1147,1130
15535,2026-03-22,7,1,480.0,278.0,206.4,516,502
15536,2026-03-22,7,2,480.0,297.6,220.0,550,537
15537,2026-03-22,7,3,480.0,259.8,185.6,464,451
15538,2026-03-22,8,1,480.0,455.6,389.1,1015,991
15539,2026-03-22,8,2,480.0,416.8,351.1,916,895
15540,2026-03-22,8,3,480.0,457.0,356.9,931,912
15541,2026-03-22,9,1,480.0,480.0,419.6,1325,1308
15542,2026-03-22,9,2,480.0,451.8,409.8,1294,1274
15543,2026-03-22,9,3,480.0,463.8,410.7,1297,1277
15544,2026-03-22,10,1,480.0,422.7,365.8,1463,1441
15545,2026-03-22,10,2,480.0,444.1,397.2,1589,1559
15546,2026-03-22,10,3,480.0,414.8,349.5,1398,1368
15547,2026-03-22,11,1,480.0,362.7,300.1,1029,1011
15548,2026-03-22,11,2,480.0,412.0,359.3,1232,1199
15549,2026-03-22,11,3,480.0,303.4,264.5,907,888
15550,2026-03-22,12,1,480.0,480.0,425.9,1597,1574
15551,2026-03-22,12,2,480.0,373.8,340.5,1277,1254
15552,2026-03-22,12,3,480.0,368.7,323.7,1214,1193
15553,2026-03-23,1,1,480.0,428.1,388.6,1943,1925
15554,2026-03-23,1,2,480.0,443.7,400.0,2000,1979
15555,2026-03-23,1,3,480.0,429.2,373.2,1866,1851
15556,2026-03-23,2,1,480.0,402.8,351.2,1756,1729
15557,2026-03-23,2,2,480.0,424.9,380.2,1901,1863
15558,2026-03-23,2,3,480.0,416.3,359.4,1797,1766
15559,2026-03-23,3,1,480.0,439.7,374.9,1666,1615
15560,2026-03-23,3,2,480.0,460.1,394.4,1753,1724
15561,2026-03-23,3,3,480.0,353.1,281.5,1251,1211
15562,2026-03-23,4,1,480.0,426.4,393.6,2486,2470
15563,2026-03-23,4,2,480.0,480.0,445.6,2814,2782
15564,2026-03-23,4,3,480.0,457.6,403.9,2551,2528
15565,2026-03-23,5,1,480.0,459.3,394.1,1126,1104
15566,2026-03-23,5,2,480.0,432.6,373.8,1068,1037
15567,2026-03-23,5,3,480.0,367.5,307.3,878,868
15568,2026-03-23,6,1,480.0,380.3,317.8,908,890
15569,2026-03-23,6,2,480.0,448.4,381.1,1089,1059
15570,2026-03-23,6,3,480.0,460.8,380.8,1088,1062
15571,2026-03-23,7,1,480.0,323.8,247.6,619,602
15572,2026-03-23,7,2,480.0,280.1,208.4,521,512
15573,2026-03-23,7,3,480.0,333.2,241.6,604,590
15574,2026-03-23,8,1,480.0,420.4,355.4,927,911
15575,2026-03-23,8,2,480.0,424.9,350.8,915,894
15576,2026-03-23,8,3,480.0,371.7,294.0,767,752
15577,2026-03-23,9,1,480.0,471.8,427.5,1350,1330
15578,2026-03-23,9,2,480.0,410.4,374.6,1183,1171
15579,2026-03-23,9,3,480.0,457.8,397.7,1256,1238
15580,2026-03-23,10,1,480.0,397.8,340.0,1360,1328
15581,2026-03-23,10,2,480.0,363.3,312.5,1250,1235
15582,2026-03-23,10,3,480.0,480.0,407.5,1630,1591
15583,2026-03-23,11,1,480.0,459.1,398.7,1367,1330
15584,2026-03-23,11,2,480.0,423.6,361.7,1240,1215
15585,2026-03-23,11,3,480.0,343.5,289.9,994,973
15586,2026-03-23,12,1,480.0,469.5,393.1,1474,1455
15587,2026-03-23,12,2,480.0,480.0,434.4,1629,1607
15588,2026-03-23,12,3,480.0,472.8,400.8,1503,1478
15589,2026-03-24,1,1,480.0,459.4,411.8,2059,2027
15590,2026-03-24,1,2,480.0,287.3,266.6,1333,1316
15591,2026-03-24,1,3,480.0,450.1,399.0,1995,1963
15592,2026-03-24,2,1,480.0,421.3,373.4,1867,1834
15593,2026-03-24,2,2,480.0,480.0,407.2,2036,2011
15594,2026-03-24,2,3,480.0,347.6,295.0,1475,1453
15595,2026-03-24,3,1,480.0,430.3,350.1,1556,1519
15596,2026-03-24,3,2,480.0,411.5,362.9,1613,1587
15597,2026-03-24,3,3,443.2,398.7,326.5,1451,1412
15598,2026-03-24,4,1,480.0,426.1,386.8,2443,2427
15599,2026-03-24,4,2,480.0,480.0,430.4,2718,2679
15600,2026-03-24,4,3,480.0,462.0,394.2,2490,2463
15601,2026-03-24,5,1,480.0,355.5,308.0,880,864
15602,2026-03-24,5,2,480.0,394.8,344.8,985,971
15603,2026-03-24,5,3,480.0,447.5,374.9,1071,1058
15604,2026-03-24,6,1,480.0,470.4,414.8,1185,1164
15605,2026-03-24,6,2,480.0,282.1,242.9,694,681
15606,2026-03-24,6,3,480.0,440.7,356.6,1019,1000
15607,2026-03-24,7,1,480.0,380.9,288.4,721,705
15608,2026-03-24,7,2,480.0,218.5,158.8,397,384
15609,2026-03-24,7,3,480.0,394.7,293.6,734,719
15610,2026-03-24,8,1,480.0,439.5,374.9,978,959
15611,2026-03-24,8,2,480.0,318.0,272.6,711,697
15612,2026-03-24,8,3,480.0,428.3,357.3,932,910
15613,2026-03-24,9,1,480.0,435.8,398.4,1258,1242
15614,2026-03-24,9,2,480.0,439.1,406.3,1283,1274
15615,2026-03-24,9,3,480.0,480.0,418.0,1320,1304
15616,2026-03-24,10,1,480.0,388.9,341.8,1367,1347
15617,2026-03-24,10,2,480.0,447.1,398.8,1595,1571
15618,2026-03-24,10,3,480.0,411.8,342.0,1368,1349
15619,2026-03-24,11,1,480.0,374.1,326.7,1120,1087
15620,2026-03-24,11,2,480.0,342.7,298.7,1024,1004
15621,2026-03-24,11,3,480.0,351.3,285.8,980,963
15622,2026-03-24,12,1,480.0,398.8,353.3,1325,1308
15623,2026-03-24,12,2,480.0,408.3,362.7,1360,1338
15624,2026-03-24,12,3,480.0,422.1,357.3,1340,1315
15625,2026-03-25,1,1,480.0,453.4,394.8,1974,1941
15626,2026-03-25,1,2,480.0,438.3,390.4,1952,1926
15627,2026-03-25,1,3,480.0,362.3,306.2,1531,1513
15628,2026-03-25,2,1,480.0,434.4,385.6,1928,1904
15629,2026-03-25,2,2,480.0,434.6,396.2,1981,1960
15630,2026-03-25,2,3,480.0,466.5,398.8,1994,1962
15631,2026-03-25,3,1,480.0,357.3,300.1,1334,1303
15632,2026-03-25,3,2,480.0,372.7,313.4,1393,1371
15633,2026-03-25,3,3,480.0,338.8,270.0,1200,1173
15634,2026-03-25,4,1,480.0,438.1,405.2,2559,2537
15635,2026-03-25,4,2,480.0,409.4,365.6,2309,2299
15636,2026-03-25,4,3,480.0,426.7,373.7,2360,2339
15637,2026-03-25,5,1,480.0,354.4,306.6,876,860
15638,2026-03-25,5,2,480.0,421.2,376.6,1076,1054
15639,2026-03-25,5,3,480.0,480.0,404.2,1155,1128
15640,2026-03-25,6,1,480.0,268.7,224.3,641,630
15641,2026-03-25,6,2,480.0,442.0,388.1,1109,1084
15642,2026-03-25,6,3,480.0,349.4,284.6,813,795
15643,2026-03-25,7,1,480.0,257.8,188.8,472,457
15644,2026-03-25,7,2,480.0,301.4,230.0,575,562
15645,2026-03-25,7,3,480.0,298.7,213.2,533,518
15646,2026-03-25,8,1,480.0,434.6,372.2,971,950
15647,2026-03-25,8,2,480.0,390.3,315.9,824,816
15648,2026-03-25,8,3,480.0,361.9,289.8,756,740
15649,2026-03-25,9,1,480.0,437.5,386.3,1220,1196
15650,2026-03-25,9,2,480.0,452.8,415.8,1313,1291
15651,2026-03-25,9,3,480.0,434.7,389.2,1229,1216
15652,2026-03-25,10,1,480.0,334.0,303.0,1212,1190
15653,2026-03-25,10,2,480.0,461.5,404.5,1618,1586
15654,2026-03-25,10,3,480.0,391.7,325.5,1302,1278
15655,2026-03-25,11,1,480.0,345.9,298.1,1022,1000
15656,2026-03-25,11,2,480.0,421.5,368.1,1262,1225
15657,2026-03-25,11,3,480.0,226.8,186.4,639,625
15658,2026-03-25,12,1,480.0,462.7,390.7,1465,1437
15659,2026-03-25,12,2,480.0,421.9,360.3,1351,1329
15660,2026-03-25,12,3,480.0,398.0,346.1,1298,1279
15661,2026-03-26,1,1,480.0,460.5,417.0,2085,2053
15662,2026-03-26,1,2,480.0,417.5,363.0,1815,1785
15663,2026-03-26,1,3,480.0,389.6,343.4,1717,1704
15664,2026-03-26,2,1,480.0,480.0,429.0,2145,2139
15665,2026-03-26,2,2,480.0,470.9,405.4,2027,2008
15666,2026-03-26,2,3,480.0,325.3,276.6,1383,1365
15667,2026-03-26,3,1,480.0,480.0,405.0,1800,1762
15668,2026-03-26,3,2,480.0,428.2,358.9,1595,1565
15669,2026-03-26,3,3,480.0,193.3,160.9,715,697
15670,2026-03-26,4,1,480.0,478.1,439.5,2776,2745
15671,2026-03-26,4,2,480.0,480.0,431.3,2724,2708
15672,2026-03-26,4,3,480.0,450.2,396.0,2501,2472
15673,2026-03-26,5,1,480.0,341.3,287.4,821,811
15674,2026-03-26,5,2,480.0,480.0,415.4,1187,1170
15675,2026-03-26,5,3,480.0,408.3,345.1,986,973
15676,2026-03-26,6,1,480.0,296.2,248.8,711,689
15677,2026-03-26,6,2,480.0,430.9,361.2,1032,1012
15678,2026-03-26,6,3,480.0,345.8,287.7,822,809
15679,2026-03-26,7,1,480.0,221.4,162.4,406,398
15680,2026-03-26,7,2,480.0,363.2,276.8,692,677
15681,2026-03-26,7,3,480.0,361.1,253.6,634,615
15682,2026-03-26,8,1,480.0,320.8,274.5,716,699
15683,2026-03-26,8,2,480.0,366.5,319.7,834,816
15684,2026-03-26,8,3,480.0,429.4,356.1,929,910
15685,2026-03-26,9,1,480.0,469.0,426.9,1348,1331
15686,2026-03-26,9,2,480.0,459.2,405.6,1281,1264
15687,2026-03-26,9,3,480.0,407.0,353.7,1117,1100
15688,2026-03-26,10,1,480.0,409.7,357.2,1429,1399
15689,2026-03-26,10,2,480.0,212.1,181.0,724,710
15690,2026-03-26,10,3,480.0,331.7,281.5,1126,1109
15691,2026-03-26,11,1,480.0,425.3,365.2,1252,1233
15692,2026-03-26,11,2,480.0,436.1,371.9,1275,1245
15693,2026-03-26,11,3,480.0,397.1,322.9,1107,1080
15694,2026-03-26,12,1,480.0,480.0,417.3,1565,1546
15695,2026-03-26,12,2,480.0,480.0,426.1,1598,1588
15696,2026-03-26,12,3,480.0,357.9,303.7,1139,1125
15697,2026-03-27,1,1,480.0,440.2,394.2,1971,1950
15698,2026-03-27,1,2,480.0,424.3,376.0,1880,1849
15699,2026-03-27,1,3,480.0,470.5,401.6,2008,1983
15700,2026-03-27,2,1,480.0,445.0,394.6,1973,1939
15701,2026-03-27,2,2,480.0,464.3,398.2,1991,1969
15702,2026-03-27,2,3,480.0,287.5,252.8,1264,1248
15703,2026-03-27,3,1,480.0,413.5,349.9,1555,1518
15704,2026-03-27,3,2,480.0,114.3,96.8,430,421
15705,2026-03-27,3,3,480.0,359.6,288.7,1283,1258
15706,2026-03-27,4,1,480.0,455.8,414.8,2620,2581
15707,2026-03-27,4,2,480.0,425.2,387.6,2448,2425
15708,2026-03-27,4,3,480.0,480.0,415.3,2623,2602
15709,2026-03-27,5,1,480.0,458.5,408.4,1167,1152
15710,2026-03-27,5,2,480.0,450.4,391.6,1119,1100
15711,2026-03-27,5,3,480.0,461.4,381.9,1091,1070
15712,2026-03-27,6,1,480.0,428.6,367.9,1051,1031
15713,2026-03-27,6,2,480.0,467.1,392.7,1122,1098
15714,2026-03-27,6,3,480.0,472.2,376.6,1076,1061
15715,2026-03-27,7,1,480.0,279.4,211.2,528,516
15716,2026-03-27,7,2,480.0,251.3,186.0,465,453
15717,2026-03-27,7,3,480.0,344.7,249.2,623,609
15718,2026-03-27,8,1,480.0,378.8,320.5,836,813
15719,2026-03-27,8,2,480.0,423.7,359.9,939,922
15720,2026-03-27,8,3,480.0,377.3,315.5,823,812
15721,2026-03-27,9,1,480.0,430.6,392.4,1239,1222
15722,2026-03-27,9,2,480.0,428.8,377.1,1191,1184
15723,2026-03-27,9,3,480.0,446.4,369.2,1166,1152
15724,2026-03-27,10,1,480.0,333.7,288.8,1155,1142
15725,2026-03-27,10,2,480.0,464.5,390.0,1560,1543
15726,2026-03-27,10,3,480.0,387.8,325.8,1303,1286
15727,2026-03-27,11,1,480.0,403.6,353.5,1212,1187
15728,2026-03-27,11,2,480.0,406.4,355.5,1219,1188
15729,2026-03-27,11,3,480.0,420.5,361.1,1238,1213
15730,2026-03-27,12,1,480.0,475.4,422.7,1585,1567
15731,2026-03-27,12,2,480.0,480.0,419.2,1572,1550
15732,2026-03-27,12,3,445.0,388.7,337.1,1264,1245
15733,2026-03-28,1,1,480.0,384.9,342.8,1714,1687
15734,2026-03-28,1,2,480.0,409.4,365.2,1826,1798
15735,2026-03-28,1,3,480.0,336.3,282.0,1410,1389
15736,2026-03-28,2,1,333.1,287.5,260.8,1304,1275
15737,2026-03-28,2,2,480.0,395.5,343.4,1717,1699
15738,2026-03-28,2,3,480.0,430.0,371.0,1855,1831
15739,2026-03-28,3,1,480.0,380.5,324.0,1440,1407
15740,2026-03-28,3,2,480.0,414.0,339.1,1507,1473
15741,2026-03-28,3,3,480.0,454.3,364.7,1621,1577
15742,2026-03-28,4,1,480.0,447.3,408.5,2580,2546
15743,2026-03-28,4,2,480.0,414.4,373.4,2358,2338
15744,2026-03-28,4,3,480.0,473.3,417.8,2639,2629
15745,2026-03-28,5,1,480.0,473.0,401.4,1147,1122
15746,2026-03-28,5,2,480.0,396.9,343.4,981,959
15747,2026-03-28,5,3,480.0,393.2,334.2,955,942
15748,2026-03-28,6,1,480.0,420.7,359.1,1026,1015
15749,2026-03-28,6,2,480.0,465.2,397.6,1136,1111
15750,2026-03-28,6,3,480.0,461.8,388.5,1110,1094
15751,2026-03-28,7,1,480.0,219.9,157.2,393,385
15752,2026-03-28,7,2,480.0,351.3,255.2,638,626
15753,2026-03-28,7,3,480.0,348.7,243.6,609,597
15754,2026-03-28,8,1,480.0,466.0,397.9,1038,1019
15755,2026-03-28,8,2,480.0,405.6,352.7,920,904
15756,2026-03-28,8,3,480.0,454.9,373.8,975,956
15757,2026-03-28,9,1,480.0,479.1,428.4,1353,1339
15758,2026-03-28,9,2,480.0,450.1,414.2,1308,1294
15759,2026-03-28,9,3,480.0,406.4,361.3,1141,1125
15760,2026-03-28,10,1,480.0,297.1,249.8,999,983
15761,2026-03-28,10,2,480.0,308.3,275.5,1102,1083
15762,2026-03-28,10,3,480.0,465.6,395.0,1580,1560
15763,2026-03-28,11,1,480.0,402.2,341.5,1171,1145
15764,2026-03-28,11,2,480.0,401.1,345.9,1186,1160
15765,2026-03-28,11,3,480.0,260.0,210.0,720,701
15766,2026-03-28,12,1,480.0,249.9,216.0,810,795
15767,2026-03-28,12,2,480.0,430.4,386.9,1451,1428
15768,2026-03-28,12,3,480.0,449.1,390.1,1463,1449
15769,2026-03-29,1,1,480.0,412.7,354.4,1772,1763
15770,2026-03-29,1,2,480.0,470.8,422.8,2114,2085
15771,2026-03-29,1,3,480.0,290.0,245.2,1226,1217
15772,2026-03-29,2,1,480.0,468.5,415.2,2076,2053
15773,2026-03-29,2,2,480.0,436.9,385.0,1925,1889
15774,2026-03-29,2,3,480.0,420.6,352.2,1761,1725
15775,2026-03-29,3,1,480.0,396.7,324.9,1444,1415
15776,2026-03-29,3,2,480.0,366.5,308.7,1372,1339
15777,2026-03-29,3,3,440.0,379.2,314.6,1398,1365
15778,2026-03-29,4,1,480.0,473.5,430.7,2720,2677
15779,2026-03-29,4,2,480.0,431.5,384.1,2426,2392
15780,2026-03-29,4,3,480.0,423.2,377.9,2387,2365
15781,2026-03-29,5,1,480.0,356.3,299.6,856,840
15782,2026-03-29,5,2,480.0,462.2,406.0,1160,1143
15783,2026-03-29,5,3,432.3,287.7,249.9,714,700
15784,2026-03-29,6,1,480.0,412.9,358.1,1023,997
15785,2026-03-29,6,2,480.0,380.9,318.1,909,889
15786,2026-03-29,6,3,442.9,358.3,294.0,840,823
15787,2026-03-29,7,1,480.0,418.7,316.4,791,765
15788,2026-03-29,7,2,480.0,299.3,219.6,549,534
15789,2026-03-29,7,3,480.0,291.7,212.4,531,522
15790,2026-03-29,8,1,480.0,389.9,340.0,887,867
15791,2026-03-29,8,2,480.0,439.1,381.0,994,969
15792,2026-03-29,8,3,480.0,344.2,292.1,762,748
15793,2026-03-29,9,1,480.0,480.0,436.1,1377,1358
15794,2026-03-29,9,2,480.0,437.1,395.5,1249,1234
15795,2026-03-29,9,3,480.0,413.9,361.9,1143,1124
15796,2026-03-29,10,1,480.0,452.9,400.5,1602,1591
15797,2026-03-29,10,2,480.0,380.0,323.8,1295,1286
15798,2026-03-29,10,3,480.0,401.9,347.5,1390,1365
15799,2026-03-29,11,1,480.0,406.5,355.5,1219,1185
15800,2026-03-29,11,2,480.0,439.9,364.9,1251,1219
15801,2026-03-29,11,3,480.0,413.2,337.8,1158,1131
15802,2026-03-29,12,1,480.0,433.9,372.5,1397,1378
15803,2026-03-29,12,2,480.0,480.0,426.1,1598,1588
15804,2026-03-29,12,3,480.0,348.1,294.9,1106,1086
15805,2026-03-30,1,1,480.0,407.9,367.4,1837,1819
15806,2026-03-30,1,2,480.0,440.1,399.4,1997,1966
15807,2026-03-30,1,3,443.5,399.5,346.0,1730,1709
15808,2026-03-30,2,1,480.0,400.6,364.0,1820,1787
15809,2026-03-30,2,2,480.0,417.4,369.6,1848,1821
15810,2026-03-30,2,3,480.0,473.2,408.0,2040,1997
15811,2026-03-30,3,1,480.0,367.7,313.9,1395,1359
15812,2026-03-30,3,2,480.0,452.2,380.0,1689,1642
15813,2026-03-30,3,3,480.0,380.3,297.4,1322,1286
15814,2026-03-30,4,1,286.4,270.1,242.2,1530,1516
15815,2026-03-30,4,2,480.0,463.4,416.3,2629,2610
15816,2026-03-30,4,3,480.0,384.7,349.8,2209,2180
15817,2026-03-30,5,1,480.0,401.6,352.1,1006,990
15818,2026-03-30,5,2,480.0,306.7,266.7,762,746
15819,2026-03-30,5,3,480.0,395.1,329.0,940,922
15820,2026-03-30,6,1,320.7,256.1,221.2,632,618
15821,2026-03-30,6,2,480.0,437.1,365.8,1045,1029
15822,2026-03-30,6,3,480.0,408.9,336.0,960,948
15823,2026-03-30,7,1,480.0,240.7,177.2,443,429
15824,2026-03-30,7,2,480.0,324.1,238.0,595,579
15825,2026-03-30,7,3,480.0,307.0,217.6,544,533
15826,2026-03-30,8,1,480.0,425.5,366.1,955,935
15827,2026-03-30,8,2,480.0,439.1,364.6,951,929
15828,2026-03-30,8,3,480.0,247.3,199.7,521,507
15829,2026-03-30,9,1,480.0,340.2,309.4,977,965
15830,2026-03-30,9,2,480.0,471.7,421.2,1330,1317
15831,2026-03-30,9,3,480.0,402.7,343.9,1086,1069
15832,2026-03-30,10,1,480.0,399.0,349.2,1397,1377
15833,2026-03-30,10,2,480.0,480.0,418.8,1675,1647
15834,2026-03-30,10,3,452.3,393.8,325.2,1301,1280
15835,2026-03-30,11,1,480.0,424.7,351.5,1205,1175
15836,2026-03-30,11,2,480.0,300.5,258.7,887,868
15837,2026-03-30,11,3,480.0,405.0,329.3,1129,1102
15838,2026-03-30,12,1,480.0,423.3,365.3,1370,1350
15839,2026-03-30,12,2,480.0,369.3,322.7,1210,1187
15840,2026-03-30,12,3,480.0,471.9,416.0,1560,1531
15841,2026-03-31,1,1,480.0,421.1,371.4,1857,1849
15842,2026-03-31,1,2,480.0,379.9,339.0,1695,1679
15843,2026-03-31,1,3,480.0,462.4,398.0,1990,1967
15844,2026-03-31,2,1,480.0,420.2,361.4,1807,1784
15845,2026-03-31,2,2,480.0,443.1,390.4,1952,1924
15846,2026-03-31,2,3,480.0,288.6,257.2,1286,1271
15847,2026-03-31,3,1,480.0,373.1,310.7,1381,1357
15848,2026-03-31,3,2,480.0,286.8,240.5,1069,1054
15849,2026-03-31,3,3,480.0,364.5,299.5,1331,1301
15850,2026-03-31,4,1,480.0,477.5,446.8,2822,2812
15851,2026-03-31,4,2,480.0,458.9,419.3,2648,2628
15852,2026-03-31,4,3,480.0,457.9,402.2,2540,2532
15853,2026-03-31,5,1,480.0,421.9,360.9,1031,1014
15854,2026-03-31,5,2,480.0,424.3,375.2,1072,1053
15855,2026-03-31,5,3,480.0,387.3,319.9,914,901
15856,2026-03-31,6,1,480.0,474.4,412.6,1179,1152
15857,2026-03-31,6,2,480.0,348.9,291.6,833,819
15858,2026-03-31,6,3,480.0,390.5,323.1,923,904
15859,2026-03-31,7,1,480.0,216.1,156.0,390,380
15860,2026-03-31,7,2,480.0,284.7,210.8,527,512
15861,2026-03-31,7,3,480.0,270.0,192.8,482,471
15862,2026-03-31,8,1,480.0,419.6,351.9,918,894
15863,2026-03-31,8,2,480.0,435.6,376.4,982,968
15864,2026-03-31,8,3,480.0,358.4,300.1,783,765
15865,2026-03-31,9,1,480.0,425.0,383.5,1211,1194
15866,2026-03-31,9,2,480.0,459.6,387.0,1222,1208
15867,2026-03-31,9,3,480.0,419.7,363.5,1148,1132
15868,2026-03-31,10,1,480.0,331.4,283.5,1134,1110
15869,2026-03-31,10,2,480.0,448.8,378.0,1512,1490
15870,2026-03-31,10,3,480.0,391.5,325.8,1303,1282
15871,2026-03-31,11,1,480.0,398.6,345.6,1185,1157
15872,2026-03-31,11,2,480.0,282.2,242.1,830,805
15873,2026-03-31,11,3,480.0,285.3,234.5,804,787
15874,2026-03-31,12,1,480.0,348.2,313.1,1174,1160
15875,2026-03-31,12,2,480.0,467.6,402.7,1510,1490
15876,2026-03-31,12,3,480.0,343.9,297.6,1116,1100
15877,2026-04-01,1,1,480.0,480.0,436.8,2184,2150
15878,2026-04-01,1,2,480.0,447.6,398.4,1992,1953
15879,2026-04-01,1,3,480.0,469.5,408.0,2040,2004
15880,2026-04-01,2,1,480.0,347.9,318.4,1592,1590
15881,2026-04-01,2,2,480.0,471.0,422.2,2111,2070
15882,2026-04-01,2,3,480.0,445.7,382.4,1912,1892
15883,2026-04-01,3,1,480.0,445.9,386.6,1718,1682
15884,2026-04-01,3,2,480.0,385.7,313.9,1395,1383
15885,2026-04-01,3,3,480.0,471.1,390.8,1737,1701
15886,2026-04-01,4,1,480.0,480.0,427.8,2702,2680
15887,2026-04-01,4,2,480.0,456.8,412.6,2606,2596
15888,2026-04-01,4,3,480.0,458.1,403.0,2545,2521
15889,2026-04-01,5,1,480.0,407.5,351.4,1004,984
15890,2026-04-01,5,2,480.0,458.5,388.5,1110,1099
15891,2026-04-01,5,3,480.0,480.0,387.1,1106,1086
15892,2026-04-01,6,1,480.0,451.1,389.6,1113,1092
15893,2026-04-01,6,2,480.0,345.5,294.7,842,824
15894,2026-04-01,6,3,480.0,410.1,333.9,954,931
15895,2026-04-01,7,1,480.0,276.1,209.6,524,513
15896,2026-04-01,7,2,480.0,293.0,220.4,551,537
15897,2026-04-01,7,3,480.0,323.1,233.2,583,567
15898,2026-04-01,8,1,480.0,427.4,367.2,958,938
15899,2026-04-01,8,2,480.0,456.1,393.7,1027,997
15900,2026-04-01,8,3,480.0,400.2,330.8,863,848
15901,2026-04-01,9,1,480.0,480.0,429.7,1357,1347
15902,2026-04-01,9,2,480.0,376.6,342.3,1081,1066
15903,2026-04-01,9,3,480.0,465.0,408.2,1289,1276
15904,2026-04-01,10,1,480.0,413.3,359.2,1437,1430
15905,2026-04-01,10,2,480.0,453.1,408.0,1632,1615
15906,2026-04-01,10,3,480.0,326.3,272.5,1090,1080
15907,2026-04-01,11,1,480.0,339.7,282.0,967,945
15908,2026-04-01,11,2,480.0,361.0,304.5,1044,1020
15909,2026-04-01,11,3,480.0,233.4,189.3,649,634
15910,2026-04-01,12,1,480.0,418.6,362.7,1360,1330
15911,2026-04-01,12,2,480.0,444.5,405.1,1519,1489
15912,2026-04-01,12,3,480.0,449.9,395.7,1484,1468
15913,2026-04-02,1,1,480.0,432.8,384.2,1921,1907
15914,2026-04-02,1,2,480.0,452.6,407.8,2039,2021
15915,2026-04-02,1,3,480.0,480.0,413.8,2069,2044
15916,2026-04-02,2,1,480.0,335.2,290.6,1453,1437
15917,2026-04-02,2,2,480.0,460.3,393.6,1968,1916
15918,2026-04-02,2,3,444.6,406.7,352.2,1761,1745
15919,2026-04-02,3,1,480.0,480.0,399.4,1775,1744
15920,2026-04-02,3,2,480.0,412.0,338.9,1506,1477
15921,2026-04-02,3,3,480.0,374.2,299.0,1329,1300
15922,2026-04-02,4,1,480.0,429.0,386.5,2441,2434
15923,2026-04-02,4,2,480.0,480.0,436.5,2757,2714
15924,2026-04-02,4,3,480.0,459.3,402.5,2542,2512
15925,2026-04-02,5,1,480.0,428.3,362.6,1036,1015
15926,2026-04-02,5,2,480.0,366.0,319.9,914,900
15927,2026-04-02,5,3,480.0,420.5,344.1,983,962
15928,2026-04-02,6,1,480.0,460.6,385.0,1100,1077
15929,2026-04-02,6,2,480.0,245.4,205.1,586,576
15930,2026-04-02,6,3,480.0,415.9,340.6,973,959
15931,2026-04-02,7,1,480.0,244.7,185.2,463,451
15932,2026-04-02,7,2,480.0,283.8,205.6,514,500
15933,2026-04-02,7,3,480.0,320.2,228.8,572,556
15934,2026-04-02,8,1,480.0,396.0,332.0,866,845
15935,2026-04-02,8,2,480.0,250.5,211.6,552,544
15936,2026-04-02,8,3,480.0,360.6,309.4,807,793
15937,2026-04-02,9,1,480.0,404.4,362.6,1145,1129
15938,2026-04-02,9,2,480.0,429.1,400.6,1265,1239
15939,2026-04-02,9,3,480.0,455.7,405.0,1279,1274
15940,2026-04-02,10,1,480.0,447.0,392.0,1568,1544
15941,2026-04-02,10,2,480.0,331.5,299.2,1197,1172
15942,2026-04-02,10,3,480.0,365.3,302.5,1210,1193
15943,2026-04-02,11,1,480.0,343.2,291.7,1000,977
15944,2026-04-02,11,2,480.0,399.1,331.0,1135,1106
15945,2026-04-02,11,3,480.0,102.4,80.8,277,272
15946,2026-04-02,12,1,480.0,394.1,345.9,1297,1278
15947,2026-04-02,12,2,480.0,454.9,404.3,1516,1485
15948,2026-04-02,12,3,480.0,400.6,335.2,1257,1239
15949,2026-04-03,1,1,480.0,408.7,370.8,1854,1834
15950,2026-04-03,1,2,480.0,427.0,390.0,1950,1928
15951,2026-04-03,1,3,480.0,476.2,407.4,2037,2021
15952,2026-04-03,2,1,480.0,474.4,414.8,2074,2048
15953,2026-04-03,2,2,480.0,450.6,398.8,1994,1967
15954,2026-04-03,2,3,480.0,441.5,371.8,1859,1822
15955,2026-04-03,3,1,480.0,387.8,322.6,1434,1402
15956,2026-04-03,3,2,480.0,361.3,301.1,1338,1307
15957,2026-04-03,3,3,480.0,399.5,321.5,1429,1396
15958,2026-04-03,4,1,480.0,480.0,442.5,2795,2777
15959,2026-04-03,4,2,480.0,453.4,421.8,2664,2635
15960,2026-04-03,4,3,480.0,386.3,339.8,2146,2115
15961,2026-04-03,5,1,314.6,305.1,264.6,756,739
15962,2026-04-03,5,2,480.0,420.9,364.4,1041,1016
15963,2026-04-03,5,3,480.0,451.9,387.4,1107,1095
15964,2026-04-03,6,1,480.0,451.4,389.9,1114,1093
15965,2026-04-03,6,2,480.0,412.5,334.9,957,937
15966,2026-04-03,6,3,480.0,436.1,364.4,1041,1020
15967,2026-04-03,7,1,480.0,327.6,233.6,584,570
15968,2026-04-03,7,2,480.0,273.9,200.0,500,488
15969,2026-04-03,7,3,480.0,254.3,183.6,459,447
15970,2026-04-03,8,1,480.0,336.5,293.6,766,748
15971,2026-04-03,8,2,480.0,309.2,269.9,704,688
15972,2026-04-03,8,3,480.0,371.7,313.6,818,800
15973,2026-04-03,9,1,480.0,467.3,406.0,1282,1264
15974,2026-04-03,9,2,480.0,395.1,354.4,1119,1107
15975,2026-04-03,9,3,480.0,449.0,387.9,1225,1207
15976,2026-04-03,10,1,480.0,413.0,366.2,1465,1445
15977,2026-04-03,10,2,480.0,445.3,382.5,1530,1510
15978,2026-04-03,10,3,480.0,209.0,173.0,692,682
15979,2026-04-03,11,1,480.0,237.3,194.5,667,648
15980,2026-04-03,11,2,480.0,480.0,420.0,1440,1396
15981,2026-04-03,11,3,480.0,374.6,305.4,1047,1019
15982,2026-04-03,12,1,480.0,480.0,426.4,1599,1571
15983,2026-04-03,12,2,480.0,329.4,291.2,1092,1073
15984,2026-04-03,12,3,480.0,467.9,401.1,1504,1491
15985,2026-04-04,1,1,480.0,476.8,417.2,2086,2060
15986,2026-04-04,1,2,480.0,424.7,382.0,1910,1876
15987,2026-04-04,1,3,480.0,408.1,363.0,1815,1793
15988,2026-04-04,2,1,480.0,437.1,382.2,1911,1897
15989,2026-04-04,2,2,480.0,480.0,416.0,2080,2067
15990,2026-04-04,2,3,480.0,413.0,365.4,1827,1793
15991,2026-04-04,3,1,480.0,454.6,382.3,1699,1658
15992,2026-04-04,3,2,480.0,341.2,283.5,1260,1235
15993,2026-04-04,3,3,480.0,423.5,340.9,1515,1484
15994,2026-04-04,4,1,480.0,416.5,376.4,2377,2355
15995,2026-04-04,4,2,480.0,459.3,423.2,2673,2663
15996,2026-04-04,4,3,480.0,477.2,416.9,2633,2601
15997,2026-04-04,5,1,480.0,439.6,368.6,1053,1032
15998,2026-04-04,5,2,480.0,480.0,410.9,1174,1154
15999,2026-04-04,5,3,480.0,465.5,386.8,1105,1082
16000,2026-04-04,6,1,480.0,271.6,234.2,669,654
16001,2026-04-04,6,2,480.0,398.3,347.2,992,968
16002,2026-04-04,6,3,480.0,415.5,335.6,959,941
16003,2026-04-04,7,1,480.0,300.8,221.2,553,539
16004,2026-04-04,7,2,480.0,337.3,251.6,629,615
16005,2026-04-04,7,3,480.0,288.9,209.2,523,507
16006,2026-04-04,8,1,480.0,413.3,349.6,912,890
16007,2026-04-04,8,2,480.0,471.7,409.8,1069,1053
16008,2026-04-04,8,3,480.0,403.4,334.6,873,860
16009,2026-04-04,9,1,480.0,406.1,358.1,1131,1113
16010,2026-04-04,9,2,480.0,447.2,392.4,1239,1219
16011,2026-04-04,9,3,480.0,449.2,377.8,1193,1177
16012,2026-04-04,10,1,480.0,437.4,372.5,1490,1472
16013,2026-04-04,10,2,480.0,455.4,384.8,1539,1509
16014,2026-04-04,10,3,480.0,338.2,285.2,1141,1123
16015,2026-04-04,11,1,480.0,394.7,351.5,1205,1174
16016,2026-04-04,11,2,480.0,395.9,338.3,1160,1126
16017,2026-04-04,11,3,480.0,417.2,349.1,1197,1169
16018,2026-04-04,12,1,480.0,449.2,384.8,1443,1430
16019,2026-04-04,12,2,480.0,441.3,384.3,1441,1412
16020,2026-04-04,12,3,480.0,378.7,314.4,1179,1158
16021,2026-04-05,1,1,480.0,420.4,381.8,1909,1885
16022,2026-04-05,1,2,480.0,464.9,417.0,2085,2067
16023,2026-04-05,1,3,480.0,480.0,432.4,2162,2127
16024,2026-04-05,2,1,480.0,459.7,415.6,2078,2052
16025,2026-04-05,2,2,480.0,475.3,421.0,2105,2080
16026,2026-04-05,2,3,480.0,356.0,308.0,1540,1517
16027,2026-04-05,3,1,480.0,303.5,250.9,1115,1091
16028,2026-04-05,3,2,480.0,336.2,283.5,1260,1230
16029,2026-04-05,3,3,480.0,261.2,208.3,926,907
16030,2026-04-05,4,1,480.0,480.0,433.7,2739,2708
16031,2026-04-05,4,2,480.0,443.4,401.1,2533,2494
16032,2026-04-05,4,3,480.0,458.2,409.8,2588,2564
16033,2026-04-05,5,1,480.0,333.2,285.9,817,801
16034,2026-04-05,5,2,480.0,384.7,329.4,941,924
16035,2026-04-05,5,3,480.0,362.2,297.9,851,835
16036,2026-04-05,6,1,480.0,406.6,338.8,968,949
16037,2026-04-05,6,2,480.0,388.4,327.6,936,916
16038,2026-04-05,6,3,480.0,402.6,330.1,943,922
16039,2026-04-05,7,1,480.0,296.1,223.6,559,546
16040,2026-04-05,7,2,480.0,307.6,224.8,562,547
16041,2026-04-05,7,3,480.0,335.3,238.4,596,579
16042,2026-04-05,8,1,480.0,381.4,316.2,825,803
16043,2026-04-05,8,2,480.0,462.6,400.6,1045,1024
16044,2026-04-05,8,3,457.2,371.2,299.8,782,767
16045,2026-04-05,9,1,480.0,405.7,357.8,1130,1117
16046,2026-04-05,9,2,480.0,413.7,374.6,1183,1165
16047,2026-04-05,9,3,480.0,385.6,332.2,1049,1036
16048,2026-04-05,10,1,480.0,355.4,314.0,1256,1244
16049,2026-04-05,10,2,480.0,415.8,354.5,1418,1399
16050,2026-04-05,10,3,480.0,480.0,396.0,1584,1563
16051,2026-04-05,11,1,480.0,357.0,312.1,1070,1047
16052,2026-04-05,11,2,480.0,376.0,320.8,1100,1080
16053,2026-04-05,11,3,480.0,301.5,243.5,835,817
16054,2026-04-05,12,1,480.0,470.8,430.1,1613,1588
16055,2026-04-05,12,2,480.0,408.7,368.0,1380,1363
16056,2026-04-05,12,3,480.0,470.4,400.3,1501,1484
16057,2026-04-06,1,1,480.0,431.4,400.0,2000,1963
16058,2026-04-06,1,2,480.0,405.0,364.0,1820,1805
16059,2026-04-06,1,3,480.0,425.1,361.6,1808,1778
16060,2026-04-06,2,1,480.0,423.6,377.4,1887,1863
16061,2026-04-06,2,2,480.0,459.8,412.4,2062,2022
16062,2026-04-06,2,3,480.0,304.7,254.6,1273,1267
16063,2026-04-06,3,1,480.0,342.9,277.0,1231,1210
16064,2026-04-06,3,2,480.0,419.0,354.8,1577,1550
16065,2026-04-06,3,3,480.0,337.9,272.7,1212,1187
16066,2026-04-06,4,1,480.0,323.0,308.3,1947,1930
16067,2026-04-06,4,2,480.0,424.6,386.0,2438,2421
16068,2026-04-06,4,3,480.0,398.0,359.4,2270,2244
16069,2026-04-06,5,1,480.0,395.5,339.5,970,953
16070,2026-04-06,5,2,480.0,418.6,364.7,1042,1031
16071,2026-04-06,5,3,480.0,350.7,287.0,820,802
16072,2026-04-06,6,1,480.0,401.0,339.1,969,944
16073,2026-04-06,6,2,480.0,434.1,376.2,1075,1049
16074,2026-04-06,6,3,480.0,366.3,303.4,867,841
16075,2026-04-06,7,1,480.0,329.1,249.6,624,606
16076,2026-04-06,7,2,480.0,338.2,244.0,610,597
16077,2026-04-06,7,3,480.0,250.5,186.0,465,452
16078,2026-04-06,8,1,480.0,408.0,355.4,927,910
16079,2026-04-06,8,2,480.0,430.4,379.1,989,966
16080,2026-04-06,8,3,480.0,320.3,267.2,697,686
16081,2026-04-06,9,1,480.0,454.6,413.6,1306,1288
16082,2026-04-06,9,2,480.0,434.8,388.9,1228,1216
16083,2026-04-06,9,3,480.0,408.2,361.0,1140,1128
16084,2026-04-06,10,1,480.0,396.0,341.5,1366,1338
16085,2026-04-06,10,2,480.0,477.9,411.5,1646,1621
16086,2026-04-06,10,3,480.0,362.0,312.2,1249,1236
16087,2026-04-06,11,1,480.0,402.9,336.0,1152,1130
16088,2026-04-06,11,2,480.0,392.1,323.2,1108,1088
16089,2026-04-06,11,3,480.0,395.1,328.4,1126,1093
16090,2026-04-06,12,1,480.0,463.4,402.4,1509,1476
16091,2026-04-06,12,2,480.0,480.0,420.8,1578,1557
16092,2026-04-06,12,3,480.0,463.7,391.5,1468,1451
16093,2026-04-07,1,1,480.0,379.7,337.4,1687,1662
16094,2026-04-07,1,2,480.0,372.5,344.0,1720,1701
16095,2026-04-07,1,3,480.0,451.2,382.8,1914,1895
16096,2026-04-07,2,1,480.0,437.1,381.4,1907,1874
16097,2026-04-07,2,2,480.0,445.4,397.2,1986,1956
16098,2026-04-07,2,3,480.0,452.8,394.0,1970,1930
16099,2026-04-07,3,1,480.0,413.3,331.4,1473,1435
16100,2026-04-07,3,2,480.0,382.6,315.4,1402,1356
16101,2026-04-07,3,3,480.0,444.6,358.6,1594,1566
16102,2026-04-07,4,1,480.0,471.7,431.3,2724,2688
16103,2026-04-07,4,2,480.0,386.8,357.0,2255,2252
16104,2026-04-07,4,3,480.0,466.8,413.6,2612,2587
16105,2026-04-07,5,1,480.0,396.7,338.1,966,949
16106,2026-04-07,5,2,480.0,469.6,403.2,1152,1134
16107,2026-04-07,5,3,480.0,298.0,244.3,698,691
16108,2026-04-07,6,1,480.0,433.0,375.2,1072,1050
16109,2026-04-07,6,2,480.0,458.8,387.4,1107,1085
16110,2026-04-07,6,3,480.0,403.5,336.0,960,941
16111,2026-04-07,7,1,480.0,367.4,273.2,683,665
16112,2026-04-07,7,2,480.0,300.3,222.0,555,541
16113,2026-04-07,7,3,480.0,207.7,142.8,357,347
16114,2026-04-07,8,1,480.0,383.9,333.9,871,850
16115,2026-04-07,8,2,480.0,457.7,384.5,1003,980
16116,2026-04-07,8,3,480.0,318.4,269.1,702,689
16117,2026-04-07,9,1,480.0,476.8,424.6,1341,1319
16118,2026-04-07,9,2,480.0,475.2,415.8,1313,1293
16119,2026-04-07,9,3,480.0,480.0,418.0,1320,1301
16120,2026-04-07,10,1,480.0,411.8,353.8,1415,1390
16121,2026-04-07,10,2,480.0,470.4,414.5,1658,1631
16122,2026-04-07,10,3,480.0,423.9,356.0,1424,1396
16123,2026-04-07,11,1,480.0,368.5,311.8,1069,1036
16124,2026-04-07,11,2,480.0,432.3,373.3,1280,1248
16125,2026-04-07,11,3,480.0,360.7,293.4,1006,986
16126,2026-04-07,12,1,480.0,419.7,372.5,1397,1376
16127,2026-04-07,12,2,480.0,417.5,364.5,1367,1354
16128,2026-04-07,12,3,480.0,406.1,352.5,1322,1308
16129,2026-04-08,1,1,480.0,477.4,426.8,2134,2095
16130,2026-04-08,1,2,480.0,470.6,415.6,2078,2050
16131,2026-04-08,1,3,480.0,439.6,393.2,1966,1949
16132,2026-04-08,2,1,480.0,464.4,407.4,2037,2018
16133,2026-04-08,2,2,480.0,448.1,388.4,1942,1914
16134,2026-04-08,2,3,480.0,417.6,346.6,1733,1723
16135,2026-04-08,3,1,480.0,428.8,350.3,1557,1527
16136,2026-04-08,3,2,480.0,422.7,354.1,1574,1536
16137,2026-04-08,3,3,480.0,340.6,269.8,1199,1170
16138,2026-04-08,4,1,480.0,445.5,394.7,2493,2480
16139,2026-04-08,4,2,480.0,471.5,414.4,2617,2594
16140,2026-04-08,4,3,480.0,405.9,357.7,2259,2234
16141,2026-04-08,5,1,480.0,386.1,328.3,938,921
16142,2026-04-08,5,2,480.0,319.5,271.2,775,761
16143,2026-04-08,5,3,480.0,374.8,319.9,914,900
16144,2026-04-08,6,1,480.0,404.2,336.0,960,937
16145,2026-04-08,6,2,480.0,461.3,397.6,1136,1111
16146,2026-04-08,6,3,480.0,261.0,220.2,629,617
16147,2026-04-08,7,1,480.0,294.5,217.2,543,530
16148,2026-04-08,7,2,480.0,241.1,176.0,440,429
16149,2026-04-08,7,3,480.0,293.2,212.4,531,520
16150,2026-04-08,8,1,480.0,463.1,407.1,1062,1043
16151,2026-04-08,8,2,480.0,262.7,221.6,578,564
16152,2026-04-08,8,3,480.0,392.3,320.9,837,819
16153,2026-04-08,9,1,268.6,199.5,182.4,576,567
16154,2026-04-08,9,2,480.0,358.8,331.6,1047,1026
16155,2026-04-08,9,3,480.0,455.4,401.2,1267,1251
16156,2026-04-08,10,1,480.0,427.0,381.2,1525,1502
16157,2026-04-08,10,2,480.0,440.5,373.5,1494,1460
16158,2026-04-08,10,3,480.0,471.6,409.2,1637,1599
16159,2026-04-08,11,1,480.0,372.1,315.0,1080,1054
16160,2026-04-08,11,2,480.0,400.6,337.2,1156,1126
16161,2026-04-08,11,3,480.0,407.8,329.0,1128,1111
16162,2026-04-08,12,1,480.0,456.3,398.1,1493,1471
16163,2026-04-08,12,2,480.0,436.6,383.2,1437,1407
16164,2026-04-08,12,3,480.0,439.8,376.3,1411,1398
16165,2026-04-09,1,1,480.0,448.1,393.6,1968,1945
16166,2026-04-09,1,2,480.0,406.5,362.2,1811,1790
16167,2026-04-09,1,3,480.0,385.9,347.2,1736,1714
16168,2026-04-09,2,1,480.0,393.2,334.6,1673,1650
16169,2026-04-09,2,2,480.0,396.7,346.4,1732,1704
16170,2026-04-09,2,3,480.0,480.0,411.8,2059,2033
16171,2026-04-09,3,1,480.0,326.5,276.1,1227,1191
16172,2026-04-09,3,2,480.0,312.5,263.5,1171,1150
16173,2026-04-09,3,3,480.0,307.4,250.2,1112,1087
16174,2026-04-09,4,1,480.0,464.8,424.8,2683,2633
16175,2026-04-09,4,2,480.0,474.5,435.4,2750,2712
16176,2026-04-09,4,3,480.0,441.3,397.6,2511,2472
16177,2026-04-09,5,1,480.0,427.7,363.3,1038,1023
16178,2026-04-09,5,2,480.0,450.9,391.6,1119,1101
16179,2026-04-09,5,3,444.7,323.0,263.6,753,738
16180,2026-04-09,6,1,480.0,463.5,389.2,1112,1087
16181,2026-04-09,6,2,480.0,456.9,389.9,1114,1097
16182,2026-04-09,6,3,480.0,345.8,275.1,786,766
16183,2026-04-09,7,1,480.0,288.2,212.8,532,520
16184,2026-04-09,7,2,480.0,246.5,184.8,462,451
16185,2026-04-09,7,3,480.0,84.3,60.8,152,148
16186,2026-04-09,8,1,480.0,473.0,397.9,1038,1008
16187,2026-04-09,8,2,480.0,308.9,253.0,660,645
16188,2026-04-09,8,3,480.0,457.0,369.1,963,948
16189,2026-04-09,9,1,480.0,439.2,391.1,1235,1224
16190,2026-04-09,9,2,480.0,468.5,408.8,1291,1259
16191,2026-04-09,9,3,480.0,458.4,399.0,1260,1246
16192,2026-04-09,10,1,480.0,253.8,213.0,852,843
16193,2026-04-09,10,2,480.0,388.2,335.5,1342,1324
16194,2026-04-09,10,3,480.0,460.5,397.2,1589,1563
16195,2026-04-09,11,1,480.0,399.2,338.0,1159,1136
16196,2026-04-09,11,2,480.0,440.2,369.0,1265,1232
16197,2026-04-09,11,3,480.0,353.1,290.8,997,976
16198,2026-04-09,12,1,480.0,433.0,373.6,1401,1383
16199,2026-04-09,12,2,480.0,464.2,410.1,1538,1524
16200,2026-04-09,12,3,480.0,451.7,387.5,1453,1427
16201,2026-04-10,1,1,480.0,439.6,403.6,2018,1992
16202,2026-04-10,1,2,480.0,449.6,408.8,2044,2007
16203,2026-04-10,1,3,480.0,461.3,414.0,2070,2046
16204,2026-04-10,2,1,480.0,415.0,361.6,1808,1781
16205,2026-04-10,2,2,480.0,458.0,401.8,2009,2000
16206,2026-04-10,2,3,480.0,469.5,408.6,2043,2007
16207,2026-04-10,3,1,480.0,417.5,335.7,1492,1462
16208,2026-04-10,3,2,480.0,368.1,306.9,1364,1332
16209,2026-04-10,3,3,480.0,281.5,220.5,980,964
16210,2026-04-10,4,1,480.0,421.2,387.4,2447,2417
16211,2026-04-10,4,2,480.0,470.8,438.3,2768,2743
16212,2026-04-10,4,3,480.0,480.0,433.5,2738,2729
16213,2026-04-10,5,1,480.0,403.7,344.8,985,962
16214,2026-04-10,5,2,480.0,379.6,321.6,919,901
16215,2026-04-10,5,3,480.0,460.1,383.2,1095,1073
16216,2026-04-10,6,1,480.0,416.2,353.9,1011,985
16217,2026-04-10,6,2,480.0,397.5,328.3,938,911
16218,2026-04-10,6,3,480.0,207.5,171.5,490,477
16219,2026-04-10,7,1,480.0,274.1,204.0,510,496
16220,2026-04-10,7,2,480.0,314.1,233.6,584,574
16221,2026-04-10,7,3,480.0,396.5,288.0,720,706
16222,2026-04-10,8,1,480.0,365.6,304.0,793,776
16223,2026-04-10,8,2,480.0,408.8,346.1,903,882
16224,2026-04-10,8,3,480.0,354.1,289.0,754,735
16225,2026-04-10,9,1,480.0,406.0,387.6,1224,1205
16226,2026-04-10,9,2,480.0,443.7,399.9,1263,1238
16227,2026-04-10,9,3,480.0,289.7,256.5,810,795
16228,2026-04-10,10,1,480.0,358.6,307.2,1229,1202
16229,2026-04-10,10,2,480.0,455.9,382.0,1528,1505
16230,2026-04-10,10,3,480.0,299.1,255.0,1020,1002
16231,2026-04-10,11,1,480.0,409.7,355.8,1220,1196
16232,2026-04-10,11,2,480.0,459.2,386.2,1324,1298
16233,2026-04-10,11,3,480.0,310.3,249.1,854,837
16234,2026-04-10,12,1,480.0,417.7,364.0,1365,1341
16235,2026-04-10,12,2,480.0,480.0,419.2,1572,1556
16236,2026-04-10,12,3,480.0,376.4,331.2,1242,1218
16237,2026-04-11,1,1,480.0,438.3,386.8,1934,1896
16238,2026-04-11,1,2,480.0,404.2,356.8,1784,1769
16239,2026-04-11,1,3,480.0,439.6,376.8,1884,1860
16240,2026-04-11,2,1,480.0,456.9,396.8,1984,1977
16241,2026-04-11,2,2,480.0,459.4,410.2,2051,2012
16242,2026-04-11,2,3,480.0,356.5,300.4,1502,1485
16243,2026-04-11,3,1,480.0,416.7,335.2,1490,1453
16244,2026-04-11,3,2,480.0,367.4,293.6,1305,1277
16245,2026-04-11,3,3,480.0,388.9,311.6,1385,1361
16246,2026-04-11,4,1,480.0,406.0,368.6,2328,2297
16247,2026-04-11,4,2,480.0,423.3,375.9,2374,2340
16248,2026-04-11,4,3,480.0,366.8,317.8,2007,1981
16249,2026-04-11,5,1,480.0,437.0,374.9,1071,1052
16250,2026-04-11,5,2,480.0,315.3,273.0,780,765
16251,2026-04-11,5,3,480.0,399.4,326.6,933,913
16252,2026-04-11,6,1,480.0,459.4,396.6,1133,1114
16253,2026-04-11,6,2,480.0,361.4,310.8,888,867
16254,2026-04-11,6,3,480.0,395.7,331.8,948,926
16255,2026-04-11,7,1,480.0,246.9,179.6,449,437
16256,2026-04-11,7,2,480.0,264.4,198.0,495,480
16257,2026-04-11,7,3,480.0,205.6,144.4,361,352
16258,2026-04-11,8,1,480.0,480.0,432.8,1129,1100
16259,2026-04-11,8,2,480.0,470.5,392.9,1025,1012
16260,2026-04-11,8,3,480.0,431.6,356.9,931,910
16261,2026-04-11,9,1,480.0,394.6,348.6,1101,1081
16262,2026-04-11,9,2,480.0,474.5,417.4,1318,1302
16263,2026-04-11,9,3,480.0,457.0,409.1,1292,1280
16264,2026-04-11,10,1,480.0,384.5,331.5,1326,1306
16265,2026-04-11,10,2,480.0,458.4,400.2,1601,1572
16266,2026-04-11,10,3,480.0,414.3,358.0,1432,1396
16267,2026-04-11,11,1,480.0,294.4,245.6,842,828
16268,2026-04-11,11,2,480.0,312.1,269.8,925,905
16269,2026-04-11,11,3,480.0,83.9,67.4,231,227
16270,2026-04-11,12,1,480.0,480.0,430.1,1613,1588
16271,2026-04-11,12,2,480.0,437.3,381.1,1429,1409
16272,2026-04-11,12,3,480.0,438.0,368.0,1380,1376
16273,2026-04-12,1,1,480.0,323.2,290.2,1451,1433
16274,2026-04-12,1,2,480.0,428.5,374.2,1871,1840
16275,2026-04-12,1,3,480.0,314.4,270.6,1353,1340
16276,2026-04-12,2,1,480.0,264.1,236.2,1181,1176
16277,2026-04-12,2,2,480.0,460.5,403.0,2015,1976
16278,2026-04-12,2,3,457.6,424.0,363.4,1817,1811
16279,2026-04-12,3,1,480.0,425.0,348.1,1547,1508
16280,2026-04-12,3,2,480.0,307.1,257.9,1146,1116
16281,2026-04-12,3,3,480.0,324.3,254.0,1129,1106
16282,2026-04-12,4,1,480.0,475.7,435.4,2750,2723
16283,2026-04-12,4,2,480.0,480.0,431.5,2725,2700
16284,2026-04-12,4,3,480.0,400.8,353.4,2232,2219
16285,2026-04-12,5,1,480.0,425.4,360.5,1030,1010
16286,2026-04-12,5,2,480.0,395.2,337.8,965,950
16287,2026-04-12,5,3,480.0,411.7,343.0,980,961
16288,2026-04-12,6,1,480.0,382.7,317.4,907,881
16289,2026-04-12,6,2,480.0,371.0,312.2,892,878
16290,2026-04-12,6,3,480.0,441.6,366.4,1047,1024
16291,2026-04-12,7,1,480.0,292.7,220.0,550,534
16292,2026-04-12,7,2,480.0,337.0,248.8,622,604
16293,2026-04-12,7,3,480.0,295.2,208.8,522,512
16294,2026-04-12,8,1,480.0,463.9,403.6,1053,1035
16295,2026-04-12,8,2,480.0,377.7,322.0,840,820
16296,2026-04-12,8,3,480.0,353.4,290.6,758,743
16297,2026-04-12,9,1,480.0,438.4,392.4,1239,1227
16298,2026-04-12,9,2,480.0,463.4,405.3,1280,1256
16299,2026-04-12,9,3,480.0,389.7,343.9,1086,1073
16300,2026-04-12,10,1,480.0,356.0,309.8,1239,1209
16301,2026-04-12,10,2,480.0,445.1,398.5,1594,1566
16302,2026-04-12,10,3,480.0,218.5,184.0,736,723
16303,2026-04-12,11,1,480.0,434.0,380.9,1306,1266
16304,2026-04-12,11,2,480.0,407.4,350.3,1201,1169
16305,2026-04-12,11,3,480.0,424.0,360.5,1236,1207
16306,2026-04-12,12,1,480.0,480.0,442.9,1661,1639
16307,2026-04-12,12,2,480.0,383.5,340.0,1275,1257
16308,2026-04-12,12,3,480.0,474.3,428.8,1608,1586
16309,2026-04-13,1,1,480.0,414.9,370.4,1852,1829
16310,2026-04-13,1,2,480.0,453.6,389.6,1948,1914
16311,2026-04-13,1,3,480.0,430.8,372.8,1864,1837
16312,2026-04-13,2,1,480.0,396.0,356.6,1783,1762
16313,2026-04-13,2,2,480.0,480.0,410.8,2054,2029
16314,2026-04-13,2,3,480.0,331.3,283.6,1418,1393
16315,2026-04-13,3,1,480.0,369.9,308.5,1371,1343
16316,2026-04-13,3,2,480.0,376.1,313.6,1394,1362
16317,2026-04-13,3,3,480.0,409.0,332.8,1479,1448
16318,2026-04-13,4,1,480.0,464.4,414.4,2617,2595
16319,2026-04-13,4,2,480.0,480.0,430.2,2717,2669
16320,2026-04-13,4,3,480.0,458.4,398.7,2518,2492
16321,2026-04-13,5,1,480.0,433.4,362.6,1036,1025
16322,2026-04-13,5,2,480.0,341.7,285.6,816,802
16323,2026-04-13,5,3,480.0,316.2,259.4,741,730
16324,2026-04-13,6,1,480.0,378.2,331.1,946,928
16325,2026-04-13,6,2,480.0,452.2,392.4,1121,1101
16326,2026-04-13,6,3,480.0,367.7,289.1,826,810
16327,2026-04-13,7,1,480.0,299.8,228.0,570,556
16328,2026-04-13,7,2,480.0,290.1,213.2,533,517
16329,2026-04-13,7,3,437.8,234.4,163.2,408,397
16330,2026-04-13,8,1,480.0,384.8,330.4,862,843
16331,2026-04-13,8,2,480.0,397.3,346.9,905,883
16332,2026-04-13,8,3,480.0,375.6,302.4,789,771
16333,2026-04-13,9,1,480.0,476.9,420.9,1329,1318
16334,2026-04-13,9,2,480.0,454.1,417.1,1317,1299
16335,2026-04-13,9,3,480.0,470.4,417.7,1319,1302
16336,2026-04-13,10,1,480.0,469.8,395.5,1582,1563
16337,2026-04-13,10,2,480.0,448.9,393.2,1573,1545
16338,2026-04-13,10,3,480.0,464.4,383.8,1535,1513
16339,2026-04-13,11,1,480.0,297.1,255.2,875,866
16340,2026-04-13,11,2,480.0,376.7,322.9,1107,1080
16341,2026-04-13,11,3,480.0,436.0,371.0,1272,1240
16342,2026-04-13,12,1,480.0,440.3,397.6,1491,1476
16343,2026-04-13,12,2,480.0,452.1,416.5,1562,1530
16344,2026-04-13,12,3,480.0,437.3,385.3,1445,1420
16345,2026-04-14,1,1,480.0,445.9,400.2,2001,1975
16346,2026-04-14,1,2,480.0,421.7,389.8,1949,1926
16347,2026-04-14,1,3,480.0,419.7,361.2,1806,1778
16348,2026-04-14,2,1,480.0,440.3,377.2,1886,1859
16349,2026-04-14,2,2,480.0,454.5,397.6,1988,1959
16350,2026-04-14,2,3,480.0,424.2,362.6,1813,1796
16351,2026-04-14,3,1,480.0,417.3,347.2,1543,1518
16352,2026-04-14,3,2,480.0,354.0,293.4,1304,1277
16353,2026-04-14,3,3,480.0,480.0,385.4,1713,1679
16354,2026-04-14,4,1,480.0,433.9,398.2,2515,2476
16355,2026-04-14,4,2,480.0,473.8,438.6,2770,2743
16356,2026-04-14,4,3,480.0,473.6,417.5,2637,2616
16357,2026-04-14,5,1,480.0,473.4,404.2,1155,1129
16358,2026-04-14,5,2,480.0,474.0,398.3,1138,1116
16359,2026-04-14,5,3,437.9,435.3,353.1,1009,991
16360,2026-04-14,6,1,480.0,384.1,332.1,949,929
16361,2026-04-14,6,2,480.0,433.4,370.3,1058,1035
16362,2026-04-14,6,3,480.0,396.6,332.9,951,938
16363,2026-04-14,7,1,480.0,310.8,227.6,569,557
16364,2026-04-14,7,2,480.0,253.9,185.2,463,450
16365,2026-04-14,7,3,480.0,251.0,185.6,464,451
16366,2026-04-14,8,1,480.0,297.2,248.0,647,639
16367,2026-04-14,8,2,480.0,340.1,291.3,760,745
16368,2026-04-14,8,3,480.0,294.0,251.8,657,645
16369,2026-04-14,9,1,480.0,330.1,287.2,907,895
16370,2026-04-14,9,2,480.0,455.4,411.7,1300,1287
16371,2026-04-14,9,3,480.0,424.8,366.7,1158,1143
16372,2026-04-14,10,1,480.0,386.5,341.8,1367,1346
16373,2026-04-14,10,2,480.0,402.2,347.5,1390,1365
16374,2026-04-14,10,3,480.0,428.9,358.8,1435,1422
16375,2026-04-14,11,1,480.0,448.1,383.0,1313,1279
16376,2026-04-14,11,2,480.0,450.9,371.6,1274,1246
16377,2026-04-14,11,3,480.0,408.9,319.1,1094,1061
16378,2026-04-14,12,1,480.0,461.0,414.4,1554,1526
16379,2026-04-14,12,2,480.0,464.5,418.9,1571,1542
16380,2026-04-14,12,3,480.0,370.7,311.2,1167,1149
16381,2026-04-15,1,1,480.0,401.7,362.8,1814,1793
16382,2026-04-15,1,2,480.0,425.9,392.0,1960,1945
16383,2026-04-15,1,3,480.0,480.0,415.2,2076,2041
16384,2026-04-15,2,1,480.0,425.7,373.2,1866,1845
16385,2026-04-15,2,2,480.0,480.0,418.6,2093,2059
16386,2026-04-15,2,3,450.4,359.1,297.0,1485,1464
16387,2026-04-15,3,1,480.0,336.2,277.0,1231,1207
16388,2026-04-15,3,2,480.0,394.7,320.9,1426,1399
16389,2026-04-15,3,3,440.7,352.8,288.2,1281,1255
16390,2026-04-15,4,1,480.0,431.5,404.1,2552,2533
16391,2026-04-15,4,2,480.0,424.7,382.1,2413,2385
16392,2026-04-15,4,3,480.0,402.3,358.3,2263,2245
16393,2026-04-15,5,1,480.0,450.9,390.6,1116,1090
16394,2026-04-15,5,2,480.0,477.1,427.4,1221,1203
16395,2026-04-15,5,3,480.0,451.6,374.5,1070,1045
16396,2026-04-15,6,1,480.0,350.7,290.9,831,812
16397,2026-04-15,6,2,480.0,377.6,316.8,905,882
16398,2026-04-15,6,3,480.0,460.4,391.3,1118,1096
16399,2026-04-15,7,1,480.0,172.9,131.2,328,317
16400,2026-04-15,7,2,480.0,256.3,190.8,477,466
16401,2026-04-15,7,3,480.0,239.9,171.6,429,419
16402,2026-04-15,8,1,480.0,437.5,369.9,965,943
16403,2026-04-15,8,2,480.0,306.0,257.6,672,655
16404,2026-04-15,8,3,480.0,384.1,315.1,822,804
16405,2026-04-15,9,1,480.0,403.0,366.1,1156,1147
16406,2026-04-15,9,2,480.0,480.0,427.8,1351,1332
16407,2026-04-15,9,3,480.0,456.9,400.3,1264,1250
16408,2026-04-15,10,1,480.0,468.6,406.2,1625,1601
16409,2026-04-15,10,2,480.0,387.7,328.2,1313,1292
16410,2026-04-15,10,3,480.0,467.4,387.8,1551,1522
16411,2026-04-15,11,1,480.0,346.3,292.0,1001,984
16412,2026-04-15,11,2,480.0,404.3,351.2,1204,1183
16413,2026-04-15,11,3,480.0,335.7,274.2,940,924
16414,2026-04-15,12,1,480.0,410.5,354.9,1331,1307
16415,2026-04-15,12,2,480.0,441.6,374.9,1406,1389
16416,2026-04-15,12,3,480.0,330.7,298.1,1118,1103
16417,2026-04-16,1,1,480.0,476.8,422.6,2113,2097
16418,2026-04-16,1,2,480.0,424.8,375.4,1877,1857
16419,2026-04-16,1,3,480.0,465.3,408.4,2042,2022
16420,2026-04-16,2,1,480.0,394.4,356.2,1781,1774
16421,2026-04-16,2,2,480.0,450.9,391.0,1955,1932
16422,2026-04-16,2,3,480.0,422.9,363.0,1815,1791
16423,2026-04-16,3,1,480.0,425.4,347.6,1545,1510
16424,2026-04-16,3,2,480.0,429.0,356.4,1584,1558
16425,2026-04-16,3,3,480.0,447.5,361.1,1605,1572
16426,2026-04-16,4,1,480.0,480.0,422.4,2668,2636
16427,2026-04-16,4,2,480.0,411.3,372.6,2353,2330
16428,2026-04-16,4,3,480.0,449.2,405.2,2559,2525
16429,2026-04-16,5,1,480.0,469.5,401.4,1147,1129
16430,2026-04-16,5,2,480.0,448.0,391.6,1119,1102
16431,2026-04-16,5,3,480.0,404.0,330.1,943,925
16432,2026-04-16,6,1,480.0,395.6,345.4,987,963
16433,2026-04-16,6,2,480.0,325.4,268.4,767,755
16434,2026-04-16,6,3,480.0,300.3,251.3,718,704
16435,2026-04-16,7,1,480.0,295.3,218.4,546,534
16436,2026-04-16,7,2,480.0,305.7,235.2,588,569
16437,2026-04-16,7,3,480.0,365.3,258.0,645,629
16438,2026-04-16,8,1,480.0,445.8,382.9,999,980
16439,2026-04-16,8,2,480.0,431.1,368.0,960,940
16440,2026-04-16,8,3,480.0,430.6,349.6,912,888
16441,2026-04-16,9,1,480.0,405.0,369.6,1167,1151
16442,2026-04-16,9,2,480.0,480.0,432.6,1366,1350
16443,2026-04-16,9,3,480.0,453.5,385.1,1216,1195
16444,2026-04-16,10,1,480.0,438.2,365.2,1461,1442
16445,2026-04-16,10,2,480.0,372.8,325.8,1303,1280
16446,2026-04-16,10,3,480.0,451.9,378.0,1512,1485
16447,2026-04-16,11,1,480.0,344.2,295.8,1014,997
16448,2026-04-16,11,2,480.0,320.0,268.9,922,898
16449,2026-04-16,11,3,480.0,356.1,299.2,1026,1001
16450,2026-04-16,12,1,480.0,468.4,399.2,1497,1477
16451,2026-04-16,12,2,480.0,413.5,369.9,1387,1383
16452,2026-04-16,12,3,480.0,461.5,394.4,1479,1462
16453,2026-04-17,1,1,287.3,240.4,217.6,1088,1071
16454,2026-04-17,1,2,480.0,421.3,373.0,1865,1828
16455,2026-04-17,1,3,480.0,480.0,409.8,2049,2027
16456,2026-04-17,2,1,480.0,453.2,399.6,1998,1966
16457,2026-04-17,2,2,480.0,465.2,410.4,2052,2040
16458,2026-04-17,2,3,480.0,433.1,367.2,1836,1810
16459,2026-04-17,3,1,480.0,444.3,367.4,1633,1601
16460,2026-04-17,3,2,480.0,253.3,212.2,943,923
16461,2026-04-17,3,3,480.0,444.9,347.6,1545,1506
16462,2026-04-17,4,1,480.0,479.2,434.1,2742,2711
16463,2026-04-17,4,2,480.0,478.2,452.8,2860,2842
16464,2026-04-17,4,3,480.0,396.0,330.9,2090,2083
16465,2026-04-17,5,1,480.0,415.6,354.2,1012,986
16466,2026-04-17,5,2,480.0,446.4,395.9,1131,1115
16467,2026-04-17,5,3,480.0,332.8,280.4,801,782
16468,2026-04-17,6,1,480.0,298.7,262.9,751,734
16469,2026-04-17,6,2,480.0,425.9,358.1,1023,1005
16470,2026-04-17,6,3,448.6,323.2,273.7,782,771
16471,2026-04-17,7,1,480.0,194.2,136.0,340,331
16472,2026-04-17,7,2,480.0,264.9,186.0,465,453
16473,2026-04-17,7,3,480.0,126.4,88.4,221,215
16474,2026-04-17,8,1,480.0,447.7,395.2,1031,1015
16475,2026-04-17,8,2,480.0,396.4,336.9,879,858
16476,2026-04-17,8,3,480.0,407.4,336.6,878,860
16477,2026-04-17,9,1,480.0,480.0,433.5,1369,1355
16478,2026-04-17,9,2,480.0,449.6,393.6,1243,1224
16479,2026-04-17,9,3,480.0,418.5,378.1,1194,1186
16480,2026-04-17,10,1,480.0,394.0,344.8,1379,1361
16481,2026-04-17,10,2,480.0,414.5,357.5,1430,1402
16482,2026-04-17,10,3,448.7,425.5,354.2,1417,1391
16483,2026-04-17,11,1,480.0,413.5,353.2,1211,1180
16484,2026-04-17,11,2,480.0,456.6,391.1,1341,1315
16485,2026-04-17,11,3,456.6,309.9,247.6,849,828
16486,2026-04-17,12,1,480.0,480.0,411.5,1543,1515
16487,2026-04-17,12,2,480.0,446.6,398.1,1493,1468
16488,2026-04-17,12,3,480.0,345.8,290.9,1091,1075
16489,2026-04-18,1,1,480.0,460.9,423.2,2116,2080
16490,2026-04-18,1,2,480.0,467.9,421.4,2107,2079
16491,2026-04-18,1,3,480.0,443.8,369.6,1848,1825
16492,2026-04-18,2,1,480.0,429.8,376.8,1884,1861
16493,2026-04-18,2,2,480.0,424.6,375.0,1875,1850
16494,2026-04-18,2,3,480.0,428.4,371.2,1856,1832
16495,2026-04-18,3,1,480.0,386.3,326.5,1451,1416
16496,2026-04-18,3,2,480.0,396.7,327.1,1454,1432
16497,2026-04-18,3,3,480.0,383.9,316.4,1406,1379
16498,2026-04-18,4,1,480.0,480.0,431.0,2722,2705
16499,2026-04-18,4,2,480.0,476.3,437.0,2760,2755
16500,2026-04-18,4,3,480.0,460.8,399.6,2524,2505
16501,2026-04-18,5,1,480.0,306.8,262.9,751,737
16502,2026-04-18,5,2,480.0,370.3,313.2,895,875
16503,2026-04-18,5,3,480.0,425.5,352.8,1008,992
16504,2026-04-18,6,1,480.0,428.9,367.5,1050,1032
16505,2026-04-18,6,2,480.0,470.7,411.2,1175,1155
16506,2026-04-18,6,3,480.0,450.7,361.6,1033,1010
16507,2026-04-18,7,1,480.0,326.5,238.4,596,583
16508,2026-04-18,7,2,480.0,288.9,216.8,542,529
16509,2026-04-18,7,3,480.0,289.3,197.2,493,479
16510,2026-04-18,8,1,480.0,290.3,244.6,638,629
16511,2026-04-18,8,2,480.0,410.8,338.1,882,867
16512,2026-04-18,8,3,480.0,444.4,359.2,937,913
16513,2026-04-18,9,1,480.0,480.0,423.7,1338,1316
16514,2026-04-18,9,2,480.0,460.3,408.5,1290,1279
16515,2026-04-18,9,3,480.0,336.5,292.0,922,913
16516,2026-04-18,10,1,480.0,446.6,390.0,1560,1531
16517,2026-04-18,10,2,480.0,405.8,353.8,1415,1392
16518,2026-04-18,10,3,480.0,480.0,393.0,1572,1538
16519,2026-04-18,11,1,480.0,306.0,270.7,928,904
16520,2026-04-18,11,2,480.0,480.0,413.0,1416,1383
16521,2026-04-18,11,3,480.0,364.4,297.2,1019,996
16522,2026-04-18,12,1,480.0,466.5,406.4,1524,1489
16523,2026-04-18,12,2,480.0,444.7,387.2,1452,1436
16524,2026-04-18,12,3,480.0,374.9,321.6,1206,1190
16525,2026-04-19,1,1,480.0,348.0,301.8,1509,1490
16526,2026-04-19,1,2,480.0,480.0,414.4,2072,2052
16527,2026-04-19,1,3,480.0,459.7,407.8,2039,2016
16528,2026-04-19,2,1,480.0,443.3,394.0,1970,1945
16529,2026-04-19,2,2,480.0,402.4,356.6,1783,1756
16530,2026-04-19,2,3,480.0,435.4,358.8,1794,1757
16531,2026-04-19,3,1,480.0,349.5,292.3,1299,1279
16532,2026-04-19,3,2,480.0,341.8,274.3,1219,1193
16533,2026-04-19,3,3,480.0,414.4,329.2,1463,1440
16534,2026-04-19,4,1,480.0,480.0,428.1,2704,2664
16535,2026-04-19,4,2,480.0,445.3,412.6,2606,2571
16536,2026-04-19,4,3,480.0,398.5,366.2,2313,2304
16537,2026-04-19,5,1,480.0,395.4,346.9,991,976
16538,2026-04-19,5,2,480.0,415.7,355.2,1015,1001
16539,2026-04-19,5,3,480.0,446.8,372.4,1064,1052
16540,2026-04-19,6,1,480.0,471.7,405.3,1158,1136
16541,2026-04-19,6,2,480.0,216.7,184.1,526,516
16542,2026-04-19,6,3,480.0,392.5,321.3,918,906
16543,2026-04-19,7,1,480.0,256.5,188.4,471,458
16544,2026-04-19,7,2,480.0,272.0,204.0,510,496
16545,2026-04-19,7,3,480.0,276.4,199.6,499,486
16546,2026-04-19,8,1,480.0,446.5,369.9,965,945
16547,2026-04-19,8,2,480.0,396.4,335.4,875,865
16548,2026-04-19,8,3,480.0,400.1,326.2,851,830
16549,2026-04-19,9,1,480.0,459.9,419.3,1324,1306
16550,2026-04-19,9,2,480.0,455.3,414.2,1308,1295
16551,2026-04-19,9,3,442.5,408.0,363.2,1147,1134
16552,2026-04-19,10,1,480.0,358.4,321.0,1284,1267
16553,2026-04-19,10,2,480.0,391.7,339.0,1356,1334
16554,2026-04-19,10,3,480.0,230.8,194.2,777,767
16555,2026-04-19,11,1,480.0,446.0,368.7,1264,1240
16556,2026-04-19,11,2,480.0,387.5,332.2,1139,1110
16557,2026-04-19,11,3,438.5,214.7,180.8,620,603
16558,2026-04-19,12,1,480.0,449.8,382.1,1433,1408
16559,2026-04-19,12,2,480.0,458.5,403.5,1513,1495
16560,2026-04-19,12,3,452.4,452.4,392.5,1472,1461
16561,2026-04-20,1,1,480.0,460.7,424.4,2122,2098
16562,2026-04-20,1,2,480.0,453.7,402.6,2013,1974
16563,2026-04-20,1,3,480.0,464.1,398.4,1992,1966
16564,2026-04-20,2,1,480.0,401.1,360.2,1801,1776
16565,2026-04-20,2,2,480.0,435.9,365.8,1829,1803
16566,2026-04-20,2,3,480.0,471.3,413.0,2065,2025
16567,2026-04-20,3,1,480.0,381.1,318.1,1414,1384
16568,2026-04-20,3,2,480.0,329.9,276.1,1227,1198
16569,2026-04-20,3,3,480.0,350.5,290.2,1290,1261
16570,2026-04-20,4,1,480.0,460.1,420.9,2658,2634
16571,2026-04-20,4,2,480.0,361.8,327.3,2067,2062
16572,2026-04-20,4,3,480.0,434.7,395.4,2497,2457
16573,2026-04-20,5,1,480.0,383.4,320.2,915,905
16574,2026-04-20,5,2,480.0,475.2,399.7,1142,1119
16575,2026-04-20,5,3,480.0,344.5,281.4,804,791
16576,2026-04-20,6,1,480.0,450.7,378.7,1082,1055
16577,2026-04-20,6,2,480.0,432.5,363.6,1039,1010
16578,2026-04-20,6,3,480.0,349.8,288.4,824,812
16579,2026-04-20,7,1,480.0,343.4,260.0,650,635
16580,2026-04-20,7,2,480.0,288.7,216.8,542,525
16581,2026-04-20,7,3,480.0,360.5,253.6,634,615
16582,2026-04-20,8,1,480.0,266.4,225.0,587,576
16583,2026-04-20,8,2,480.0,378.0,330.1,861,846
16584,2026-04-20,8,3,480.0,391.9,312.0,814,800
16585,2026-04-20,9,1,480.0,337.5,303.4,958,947
16586,2026-04-20,9,2,480.0,460.3,419.3,1324,1304
16587,2026-04-20,9,3,451.0,418.1,368.3,1163,1150
16588,2026-04-20,10,1,480.0,428.3,376.2,1505,1475
16589,2026-04-20,10,2,480.0,448.4,382.8,1531,1515
16590,2026-04-20,10,3,480.0,380.5,322.0,1288,1277
16591,2026-04-20,11,1,480.0,437.2,370.7,1271,1237
16592,2026-04-20,11,2,480.0,437.9,374.5,1284,1251
16593,2026-04-20,11,3,480.0,402.1,336.0,1152,1122
16594,2026-04-20,12,1,480.0,442.9,393.9,1477,1451
16595,2026-04-20,12,2,480.0,440.2,395.5,1483,1460
16596,2026-04-20,12,3,480.0,439.8,378.4,1419,1407
16597,2026-04-21,1,1,480.0,410.8,366.8,1834,1810
16598,2026-04-21,1,2,480.0,412.0,354.6,1773,1745
16599,2026-04-21,1,3,480.0,317.7,265.4,1327,1302
16600,2026-04-21,2,1,480.0,444.3,384.8,1924,1897
16601,2026-04-21,2,2,480.0,418.2,358.6,1793,1755
16602,2026-04-21,2,3,480.0,372.5,320.0,1600,1580
16603,2026-04-21,3,1,480.0,400.0,336.4,1495,1463
16604,2026-04-21,3,2,480.0,355.6,300.4,1335,1299
16605,2026-04-21,3,3,433.8,314.9,253.8,1128,1102
16606,2026-04-21,4,1,480.0,460.0,427.8,2702,2680
16607,2026-04-21,4,2,480.0,466.0,426.4,2693,2658
16608,2026-04-21,4,3,480.0,443.8,399.5,2523,2492
16609,2026-04-21,5,1,480.0,401.4,350.0,1000,983
16610,2026-04-21,5,2,480.0,452.0,387.8,1108,1085
16611,2026-04-21,5,3,480.0,405.6,348.9,997,981
16612,2026-04-21,6,1,480.0,424.1,364.0,1040,1015
16613,2026-04-21,6,2,480.0,359.8,317.4,907,890
16614,2026-04-21,6,3,480.0,325.2,274.8,785,774
16615,2026-04-21,7,1,480.0,284.7,206.4,516,504
16616,2026-04-21,7,2,480.0,313.1,235.2,588,576
16617,2026-04-21,7,3,480.0,352.5,251.2,628,613
16618,2026-04-21,8,1,480.0,416.5,339.2,885,867
16619,2026-04-21,8,2,480.0,279.4,240.0,626,615
16620,2026-04-21,8,3,480.0,424.9,357.6,933,911
16621,2026-04-21,9,1,480.0,474.6,425.0,1342,1325
16622,2026-04-21,9,2,480.0,433.7,390.8,1234,1215
16623,2026-04-21,9,3,480.0,422.5,356.9,1127,1111
16624,2026-04-21,10,1,480.0,480.0,398.2,1593,1571
16625,2026-04-21,10,2,480.0,432.2,381.0,1524,1502
16626,2026-04-21,10,3,480.0,399.2,332.8,1331,1304
16627,2026-04-21,11,1,480.0,467.5,408.9,1402,1367
16628,2026-04-21,11,2,480.0,397.8,342.1,1173,1145
16629,2026-04-21,11,3,480.0,229.3,189.9,651,635
16630,2026-04-21,12,1,480.0,383.5,336.3,1261,1249
16631,2026-04-21,12,2,480.0,461.0,404.8,1518,1509
16632,2026-04-21,12,3,480.0,403.8,344.3,1291,1275
16633,2026-04-22,1,1,480.0,471.7,413.2,2066,2037
16634,2026-04-22,1,2,480.0,351.3,305.4,1527,1502
16635,2026-04-22,1,3,480.0,480.0,415.2,2076,2065
16636,2026-04-22,2,1,480.0,459.9,400.6,2003,1985
16637,2026-04-22,2,2,480.0,464.6,409.8,2049,2026
16638,2026-04-22,2,3,480.0,367.4,320.0,1600,1565
16639,2026-04-22,3,1,480.0,377.4,309.4,1375,1344
16640,2026-04-22,3,2,480.0,349.1,292.3,1299,1266
16641,2026-04-22,3,3,480.0,339.2,277.9,1235,1204
16642,2026-04-22,4,1,480.0,446.6,406.0,2564,2526
16643,2026-04-22,4,2,480.0,424.3,377.5,2384,2353
16644,2026-04-22,4,3,480.0,425.9,376.0,2375,2342
16645,2026-04-22,5,1,480.0,406.9,352.1,1006,983
16646,2026-04-22,5,2,480.0,401.5,345.1,986,967
16647,2026-04-22,5,3,480.0,283.7,246.4,704,691
16648,2026-04-22,6,1,480.0,285.4,236.6,676,661
16649,2026-04-22,6,2,480.0,368.9,310.1,886,866
16650,2026-04-22,6,3,480.0,431.6,347.6,993,973
16651,2026-04-22,7,1,480.0,386.8,288.4,721,699
16652,2026-04-22,7,2,480.0,179.3,135.6,339,328
16653,2026-04-22,7,3,480.0,219.9,156.8,392,383
16654,2026-04-22,8,1,344.4,291.6,252.2,658,646
16655,2026-04-22,8,2,480.0,457.0,398.3,1039,1021
16656,2026-04-22,8,3,480.0,254.8,208.2,543,528
16657,2026-04-22,9,1,480.0,450.1,403.1,1273,1262
16658,2026-04-22,9,2,480.0,460.2,416.1,1314,1306
16659,2026-04-22,9,3,480.0,446.8,394.9,1247,1224
16660,2026-04-22,10,1,480.0,449.9,401.2,1605,1582
16661,2026-04-22,10,2,480.0,253.7,216.0,864,853
16662,2026-04-22,10,3,480.0,330.9,277.8,1111,1094
16663,2026-04-22,11,1,480.0,398.9,337.8,1158,1129
16664,2026-04-22,11,2,480.0,313.7,267.5,917,899
16665,2026-04-22,11,3,480.0,399.3,325.5,1116,1091
16666,2026-04-22,12,1,480.0,480.0,422.4,1584,1561
16667,2026-04-22,12,2,480.0,472.7,429.6,1611,1587
16668,2026-04-22,12,3,480.0,424.4,355.7,1334,1310
16669,2026-04-23,1,1,480.0,446.8,407.8,2039,2025
16670,2026-04-23,1,2,480.0,430.0,387.0,1935,1910
16671,2026-04-23,1,3,480.0,417.5,362.6,1813,1787
16672,2026-04-23,2,1,480.0,413.2,349.8,1749,1728
16673,2026-04-23,2,2,480.0,405.8,363.6,1818,1796
16674,2026-04-23,2,3,480.0,445.7,374.2,1871,1848
16675,2026-04-23,3,1,480.0,269.7,225.0,1000,979
16676,2026-04-23,3,2,480.0,351.4,295.2,1312,1285
16677,2026-04-23,3,3,480.0,388.7,312.8,1390,1362
16678,2026-04-23,4,1,480.0,442.3,400.1,2527,2497
16679,2026-04-23,4,2,480.0,477.3,428.8,2708,2676
16680,2026-04-23,4,3,480.0,463.1,407.1,2571,2563
16681,2026-04-23,5,1,480.0,418.3,364.0,1040,1009
16682,2026-04-23,5,2,480.0,325.8,280.4,801,788
16683,2026-04-23,5,3,449.2,287.7,244.3,698,686
16684,2026-04-23,6,1,480.0,384.6,314.3,898,882
16685,2026-04-23,6,2,480.0,336.7,283.1,809,796
16686,2026-04-23,6,3,480.0,402.7,326.2,932,913
16687,2026-04-23,7,1,480.0,251.5,188.0,470,458
16688,2026-04-23,7,2,480.0,389.3,293.6,734,717
16689,2026-04-23,7,3,480.0,319.3,228.0,570,550
16690,2026-04-23,8,1,480.0,366.7,312.4,815,799
16691,2026-04-23,8,2,480.0,284.2,241.9,631,617
16692,2026-04-23,8,3,480.0,424.9,346.1,903,886
16693,2026-04-23,9,1,480.0,477.9,433.8,1370,1358
16694,2026-04-23,9,2,480.0,371.2,335.7,1060,1040
16695,2026-04-23,9,3,480.0,459.4,397.7,1256,1235
16696,2026-04-23,10,1,480.0,465.9,398.0,1592,1568
16697,2026-04-23,10,2,480.0,449.1,389.8,1559,1546
16698,2026-04-23,10,3,480.0,437.6,357.2,1429,1404
16699,2026-04-23,11,1,480.0,435.3,368.1,1262,1243
16700,2026-04-23,11,2,480.0,473.4,400.8,1374,1358
16701,2026-04-23,11,3,480.0,257.5,218.8,750,731
16702,2026-04-23,12,1,480.0,444.2,388.8,1458,1435
16703,2026-04-23,12,2,480.0,311.6,277.1,1039,1019
16704,2026-04-23,12,3,480.0,410.3,360.3,1351,1336
16705,2026-04-24,1,1,480.0,473.1,419.0,2095,2070
16706,2026-04-24,1,2,480.0,453.5,407.2,2036,2009
16707,2026-04-24,1,3,480.0,474.2,414.2,2071,2044
16708,2026-04-24,2,1,480.0,473.6,398.8,1994,1978
16709,2026-04-24,2,2,480.0,452.7,397.8,1989,1970
16710,2026-04-24,2,3,480.0,344.5,293.4,1467,1447
16711,2026-04-24,3,1,480.0,338.7,279.9,1244,1210
16712,2026-04-24,3,2,480.0,219.2,181.1,805,785
16713,2026-04-24,3,3,480.0,313.3,250.0,1111,1093
16714,2026-04-24,4,1,480.0,480.0,447.3,2825,2788
16715,2026-04-24,4,2,480.0,480.0,434.1,2742,2721
16716,2026-04-24,4,3,480.0,480.0,402.5,2542,2523
16717,2026-04-24,5,1,480.0,331.5,284.9,814,803
16718,2026-04-24,5,2,480.0,471.1,413.0,1180,1163
16719,2026-04-24,5,3,480.0,395.3,318.1,909,895
16720,2026-04-24,6,1,480.0,385.6,311.5,890,866
16721,2026-04-24,6,2,480.0,374.6,310.4,887,869
16722,2026-04-24,6,3,480.0,462.1,372.4,1064,1047
16723,2026-04-24,7,1,480.0,295.1,221.6,554,541
16724,2026-04-24,7,2,480.0,370.2,276.4,691,672
16725,2026-04-24,7,3,480.0,240.8,170.4,426,417
16726,2026-04-24,8,1,480.0,408.2,343.5,896,881
16727,2026-04-24,8,2,480.0,326.9,273.3,713,699
16728,2026-04-24,8,3,480.0,342.7,281.8,735,719
16729,2026-04-24,9,1,480.0,461.2,415.8,1313,1292
16730,2026-04-24,9,2,480.0,469.9,412.9,1304,1286
16731,2026-04-24,9,3,480.0,432.7,378.4,1195,1186
16732,2026-04-24,10,1,480.0,345.0,297.0,1188,1175
16733,2026-04-24,10,2,480.0,384.6,332.2,1329,1311
16734,2026-04-24,10,3,480.0,159.5,136.0,544,534
16735,2026-04-24,11,1,480.0,448.8,373.0,1279,1246
16736,2026-04-24,11,2,480.0,369.1,313.0,1073,1043
16737,2026-04-24,11,3,480.0,443.0,361.4,1239,1217
16738,2026-04-24,12,1,480.0,363.2,316.8,1188,1173
16739,2026-04-24,12,2,480.0,442.0,375.2,1407,1388
16740,2026-04-24,12,3,480.0,461.1,383.5,1438,1418
16741,2026-04-25,1,1,480.0,462.0,413.6,2068,2045
16742,2026-04-25,1,2,480.0,433.2,371.0,1855,1834
16743,2026-04-25,1,3,480.0,451.3,385.4,1927,1903
16744,2026-04-25,2,1,480.0,449.6,388.0,1940,1907
16745,2026-04-25,2,2,480.0,421.2,367.4,1837,1811
16746,2026-04-25,2,3,480.0,423.5,370.0,1850,1828
16747,2026-04-25,3,1,480.0,412.5,344.5,1531,1506
16748,2026-04-25,3,2,480.0,385.3,323.3,1437,1417
16749,2026-04-25,3,3,480.0,417.1,337.1,1498,1458
16750,2026-04-25,4,1,480.0,471.1,438.7,2771,2720
16751,2026-04-25,4,2,480.0,446.9,400.3,2528,2503
16752,2026-04-25,4,3,480.0,400.8,361.8,2285,2268
16753,2026-04-25,5,1,480.0,342.9,293.6,839,825
16754,2026-04-25,5,2,480.0,480.0,415.4,1187,1162
16755,2026-04-25,5,3,480.0,462.2,368.2,1052,1035
16756,2026-04-25,6,1,480.0,349.2,300.6,859,842
16757,2026-04-25,6,2,480.0,435.5,379.8,1085,1065
16758,2026-04-25,6,3,480.0,391.9,323.8,925,910
16759,2026-04-25,7,1,480.0,221.2,161.2,403,392
16760,2026-04-25,7,2,480.0,333.1,246.4,616,603
16761,2026-04-25,7,3,480.0,323.3,237.2,593,582
16762,2026-04-25,8,1,480.0,413.0,339.2,885,862
16763,2026-04-25,8,2,480.0,441.1,387.2,1010,987
16764,2026-04-25,8,3,480.0,270.0,223.9,584,577
16765,2026-04-25,9,1,480.0,464.6,417.7,1319,1304
16766,2026-04-25,9,2,480.0,453.5,397.4,1255,1238
16767,2026-04-25,9,3,480.0,442.5,379.1,1197,1176
16768,2026-04-25,10,1,480.0,377.2,324.5,1298,1274
16769,2026-04-25,10,2,480.0,402.0,368.5,1474,1455
16770,2026-04-25,10,3,434.9,404.7,335.8,1343,1326
16771,2026-04-25,11,1,480.0,450.5,385.0,1320,1285
16772,2026-04-25,11,2,480.0,335.2,294.6,1010,987
16773,2026-04-25,11,3,480.0,256.4,208.5,715,700
16774,2026-04-25,12,1,480.0,466.4,411.2,1542,1517
16775,2026-04-25,12,2,480.0,272.9,238.7,895,880
16776,2026-04-25,12,3,480.0,374.8,323.7,1214,1197
16777,2026-04-26,1,1,480.0,448.9,400.4,2002,1969
16778,2026-04-26,1,2,480.0,430.0,382.2,1911,1885
16779,2026-04-26,1,3,480.0,398.4,342.6,1713,1703
16780,2026-04-26,2,1,480.0,411.8,367.0,1835,1796
16781,2026-04-26,2,2,480.0,446.1,398.4,1992,1962
16782,2026-04-26,2,3,480.0,365.2,311.8,1559,1528
16783,2026-04-26,3,1,480.0,445.1,372.6,1656,1622
16784,2026-04-26,3,2,480.0,398.0,328.3,1459,1427
16785,2026-04-26,3,3,480.0,383.1,304.0,1351,1319
16786,2026-04-26,4,1,480.0,466.4,428.9,2709,2665
16787,2026-04-26,4,2,480.0,376.1,352.0,2223,2200
16788,2026-04-26,4,3,480.0,331.4,291.6,1842,1826
16789,2026-04-26,5,1,480.0,315.7,267.4,764,751
16790,2026-04-26,5,2,480.0,409.9,343.0,980,967
16791,2026-04-26,5,3,480.0,361.8,300.3,858,840
16792,2026-04-26,6,1,480.0,437.8,359.8,1028,1016
16793,2026-04-26,6,2,480.0,411.0,344.8,985,966
16794,2026-04-26,6,3,480.0,344.1,283.1,809,797
16795,2026-04-26,7,1,480.0,326.6,237.6,594,574
16796,2026-04-26,7,2,480.0,262.0,183.2,458,447
16797,2026-04-26,7,3,480.0,324.3,237.2,593,572
16798,2026-04-26,8,1,480.0,404.2,336.6,878,856
16799,2026-04-26,8,2,480.0,353.3,303.6,792,774
16800,2026-04-26,8,3,480.0,337.3,284.4,742,728
16801,2026-04-26,9,1,480.0,478.1,428.4,1353,1340
16802,2026-04-26,9,2,480.0,449.9,393.6,1243,1231
16803,2026-04-26,9,3,480.0,407.2,347.4,1097,1080
16804,2026-04-26,10,1,480.0,431.8,388.0,1552,1523
16805,2026-04-26,10,2,480.0,312.1,276.2,1105,1094
16806,2026-04-26,10,3,480.0,446.5,375.2,1501,1482
16807,2026-04-26,11,1,480.0,438.1,369.8,1268,1245
16808,2026-04-26,11,2,480.0,455.5,387.6,1329,1301
16809,2026-04-26,11,3,480.0,361.9,301.9,1035,1009
16810,2026-04-26,12,1,480.0,459.6,400.3,1501,1481
16811,2026-04-26,12,2,480.0,472.8,430.1,1613,1595
16812,2026-04-26,12,3,480.0,480.0,400.5,1502,1485
16813,2026-04-27,1,1,480.0,469.1,426.2,2131,2119
16814,2026-04-27,1,2,480.0,418.9,378.6,1893,1867
16815,2026-04-27,1,3,480.0,477.7,397.0,1985,1958
16816,2026-04-27,2,1,480.0,455.5,398.8,1994,1981
16817,2026-04-27,2,2,480.0,368.6,327.4,1637,1612
16818,2026-04-27,2,3,480.0,318.9,274.6,1373,1349
16819,2026-04-27,3,1,480.0,379.7,307.8,1368,1337
16820,2026-04-27,3,2,480.0,444.3,374.4,1664,1628
16821,2026-04-27,3,3,480.0,332.0,269.6,1198,1173
16822,2026-04-27,4,1,480.0,454.7,403.6,2549,2512
16823,2026-04-27,4,2,480.0,372.4,339.0,2141,2130
16824,2026-04-27,4,3,480.0,469.9,419.7,2651,2637
16825,2026-04-27,5,1,480.0,470.0,412.3,1178,1156
16826,2026-04-27,5,2,480.0,388.9,336.4,961,944
16827,2026-04-27,5,3,480.0,391.6,324.8,928,907
16828,2026-04-27,6,1,480.0,342.1,288.4,824,806
16829,2026-04-27,6,2,480.0,463.3,393.1,1123,1097
16830,2026-04-27,6,3,456.0,398.0,325.5,930,912
16831,2026-04-27,7,1,480.0,340.7,256.8,642,624
16832,2026-04-27,7,2,480.0,239.4,176.4,441,432
16833,2026-04-27,7,3,480.0,314.7,220.4,551,539
16834,2026-04-27,8,1,480.0,445.8,386.8,1009,993
16835,2026-04-27,8,2,480.0,380.7,335.8,876,853
16836,2026-04-27,8,3,480.0,393.3,332.4,867,850
16837,2026-04-27,9,1,480.0,382.4,335.4,1059,1045
16838,2026-04-27,9,2,480.0,478.8,439.5,1388,1370
16839,2026-04-27,9,3,480.0,465.7,408.5,1290,1270
16840,2026-04-27,10,1,480.0,446.3,390.5,1562,1525
16841,2026-04-27,10,2,480.0,441.2,379.2,1517,1488
16842,2026-04-27,10,3,480.0,445.4,365.2,1461,1431
16843,2026-04-27,11,1,480.0,400.1,328.4,1126,1103
16844,2026-04-27,11,2,480.0,368.6,313.0,1073,1052
16845,2026-04-27,11,3,480.0,366.1,304.2,1043,1029
16846,2026-04-27,12,1,480.0,406.3,351.5,1318,1300
16847,2026-04-27,12,2,480.0,458.2,418.9,1571,1543
16848,2026-04-27,12,3,480.0,348.4,292.5,1097,1081
16849,2026-04-28,1,1,480.0,465.0,436.2,2181,2134
16850,2026-04-28,1,2,480.0,437.2,373.8,1869,1860
16851,2026-04-28,1,3,480.0,452.1,390.0,1950,1931
16852,2026-04-28,2,1,480.0,418.4,380.6,1903,1890
16853,2026-04-28,2,2,480.0,444.7,393.6,1968,1930
16854,2026-04-28,2,3,480.0,450.5,399.2,1996,1967
16855,2026-04-28,3,1,289.4,226.2,186.5,829,816
16856,2026-04-28,3,2,480.0,466.1,383.6,1705,1661
16857,2026-04-28,3,3,480.0,330.7,265.1,1178,1155
16858,2026-04-28,4,1,480.0,459.5,414.5,2618,2587
16859,2026-04-28,4,2,480.0,415.5,377.8,2386,2364
16860,2026-04-28,4,3,480.0,386.4,334.7,2114,2101
16861,2026-04-28,5,1,480.0,480.0,410.9,1174,1161
16862,2026-04-28,5,2,480.0,447.2,372.8,1065,1041
16863,2026-04-28,5,3,480.0,338.4,279.6,799,781
16864,2026-04-28,6,1,480.0,458.9,397.6,1136,1118
16865,2026-04-28,6,2,480.0,426.2,354.9,1014,996
16866,2026-04-28,6,3,480.0,358.2,282.4,807,796
16867,2026-04-28,7,1,480.0,342.1,251.2,628,616
16868,2026-04-28,7,2,480.0,302.6,222.4,556,544
16869,2026-04-28,7,3,480.0,238.0,167.6,419,407
16870,2026-04-28,8,1,480.0,396.6,334.3,872,852
16871,2026-04-28,8,2,480.0,280.7,241.5,630,617
16872,2026-04-28,8,3,480.0,444.7,371.8,970,958
16873,2026-04-28,9,1,480.0,392.0,342.3,1081,1071
16874,2026-04-28,9,2,480.0,457.5,412.0,1301,1295
16875,2026-04-28,9,3,480.0,463.1,401.2,1267,1259
16876,2026-04-28,10,1,291.3,244.3,214.5,858,835
16877,2026-04-28,10,2,480.0,480.0,407.2,1629,1611
16878,2026-04-28,10,3,480.0,398.3,335.8,1343,1325
16879,2026-04-28,11,1,302.1,279.4,244.1,837,818
16880,2026-04-28,11,2,480.0,419.1,347.1,1190,1166
16881,2026-04-28,11,3,435.3,396.2,331.0,1135,1112
16882,2026-04-28,12,1,480.0,397.3,357.9,1342,1324
16883,2026-04-28,12,2,480.0,475.8,417.9,1567,1543
16884,2026-04-28,12,3,480.0,453.8,393.3,1475,1470
16885,2026-04-29,1,1,480.0,442.1,403.6,2018,1986
16886,2026-04-29,1,2,480.0,401.9,362.6,1813,1799
16887,2026-04-29,1,3,480.0,436.0,382.0,1910,1886
16888,2026-04-29,2,1,480.0,457.6,408.0,2040,2014
16889,2026-04-29,2,2,480.0,446.8,387.4,1937,1890
16890,2026-04-29,2,3,480.0,421.4,358.8,1794,1755
16891,2026-04-29,3,1,480.0,373.7,302.2,1343,1317
16892,2026-04-29,3,2,480.0,365.4,315.4,1402,1370
16893,2026-04-29,3,3,480.0,440.6,356.2,1583,1548
16894,2026-04-29,4,1,480.0,480.0,444.9,2810,2777
16895,2026-04-29,4,2,480.0,447.8,396.6,2505,2481
16896,2026-04-29,4,3,480.0,444.8,385.5,2435,2401
16897,2026-04-29,5,1,480.0,429.1,364.7,1042,1025
16898,2026-04-29,5,2,480.0,447.1,374.1,1069,1054
16899,2026-04-29,5,3,448.9,409.0,334.2,955,933
16900,2026-04-29,6,1,480.0,449.5,380.1,1086,1066
16901,2026-04-29,6,2,480.0,383.0,322.4,921,906
16902,2026-04-29,6,3,480.0,439.1,380.1,1086,1068
16903,2026-04-29,7,1,480.0,349.6,254.4,636,625
16904,2026-04-29,7,2,480.0,284.5,208.0,520,509
16905,2026-04-29,7,3,480.0,243.5,170.4,426,415
16906,2026-04-29,8,1,480.0,458.6,393.7,1027,999
16907,2026-04-29,8,2,480.0,442.8,378.0,986,966
16908,2026-04-29,8,3,480.0,336.4,286.0,746,731
16909,2026-04-29,9,1,480.0,463.2,422.1,1333,1313
16910,2026-04-29,9,2,480.0,446.6,399.3,1261,1239
16911,2026-04-29,9,3,480.0,470.1,414.2,1308,1297
16912,2026-04-29,10,1,480.0,461.7,409.2,1637,1618
16913,2026-04-29,10,2,480.0,444.1,375.5,1502,1479
16914,2026-04-29,10,3,480.0,456.5,368.0,1472,1433
16915,2026-04-29,11,1,480.0,433.5,350.9,1203,1170
16916,2026-04-29,11,2,480.0,459.8,405.7,1391,1357
16917,2026-04-29,11,3,480.0,305.4,252.6,866,846
16918,2026-04-29,12,1,480.0,460.6,401.6,1506,1483
16919,2026-04-29,12,2,480.0,424.2,379.2,1422,1399
16920,2026-04-29,12,3,480.0,244.3,213.9,802,792
16921,2026-04-30,1,1,480.0,480.0,437.6,2188,2155
16922,2026-04-30,1,2,480.0,363.2,314.2,1571,1549
16923,2026-04-30,1,3,480.0,449.6,388.2,1941,1910
16924,2026-04-30,2,1,480.0,424.3,377.6,1888,1858
16925,2026-04-30,2,2,480.0,426.8,382.2,1911,1877
16926,2026-04-30,2,3,480.0,403.3,343.4,1717,1690
16927,2026-04-30,3,1,480.0,428.7,347.4,1544,1512
16928,2026-04-30,3,2,480.0,395.6,333.9,1484,1444
16929,2026-04-30,3,3,480.0,379.7,304.2,1352,1325
16930,2026-04-30,4,1,480.0,434.0,396.3,2503,2487
16931,2026-04-30,4,2,480.0,467.8,426.9,2696,2683
16932,2026-04-30,4,3,480.0,418.7,358.5,2264,2258
16933,2026-04-30,5,1,480.0,437.9,379.8,1085,1058
16934,2026-04-30,5,2,480.0,427.4,380.1,1086,1066
16935,2026-04-30,5,3,480.0,428.2,346.1,989,971
16936,2026-04-30,6,1,480.0,371.6,320.9,917,899
16937,2026-04-30,6,2,480.0,418.0,345.4,987,967
16938,2026-04-30,6,3,440.1,428.2,353.9,1011,992
16939,2026-04-30,7,1,480.0,318.8,243.2,608,588
16940,2026-04-30,7,2,480.0,162.5,119.2,298,289
16941,2026-04-30,7,3,480.0,370.9,269.6,674,653
16942,2026-04-30,8,1,480.0,480.0,424.0,1106,1081
16943,2026-04-30,8,2,480.0,440.6,347.7,907,884
16944,2026-04-30,8,3,480.0,401.5,326.2,851,840
16945,2026-04-30,9,1,480.0,468.1,424.6,1341,1323
16946,2026-04-30,9,2,480.0,439.1,393.6,1243,1220
16947,2026-04-30,9,3,480.0,371.6,330.0,1042,1030
16948,2026-04-30,10,1,480.0,459.9,403.0,1612,1572
16949,2026-04-30,10,2,480.0,415.3,355.8,1423,1396
16950,2026-04-30,10,3,480.0,196.1,170.0,680,667
16951,2026-04-30,11,1,480.0,376.9,309.5,1061,1037
16952,2026-04-30,11,2,480.0,463.4,398.7,1367,1334
16953,2026-04-30,11,3,480.0,256.9,210.9,723,707
16954,2026-04-30,12,1,480.0,453.0,388.3,1456,1441
16955,2026-04-30,12,2,480.0,171.4,150.9,566,560
16956,2026-04-30,12,3,480.0,416.8,357.6,1341,1327
16957,2026-05-01,1,1,480.0,464.8,415.8,2079,2053
16958,2026-05-01,1,2,480.0,353.2,316.0,1580,1554
16959,2026-05-01,1,3,480.0,466.1,407.4,2037,1993
16960,2026-05-01,2,1,480.0,404.5,368.2,1841,1819
16961,2026-05-01,2,2,480.0,480.0,425.6,2128,2101
16962,2026-05-01,2,3,480.0,454.8,390.0,1950,1937
16963,2026-05-01,3,1,480.0,383.9,307.6,1367,1339
16964,2026-05-01,3,2,480.0,403.6,344.2,1530,1490
16965,2026-05-01,3,3,480.0,315.0,254.5,1131,1111
16966,2026-05-01,4,1,480.0,452.1,419.7,2651,2643
16967,2026-05-01,4,2,480.0,445.5,404.9,2557,2523
16968,2026-05-01,4,3,480.0,425.6,369.2,2332,2313
16969,2026-05-01,5,1,480.0,438.1,372.1,1063,1047
16970,2026-05-01,5,2,480.0,472.9,423.1,1209,1187
16971,2026-05-01,5,3,480.0,428.9,363.6,1039,1021
16972,2026-05-01,6,1,480.0,421.6,363.3,1038,1020
16973,2026-05-01,6,2,480.0,295.6,246.1,703,688
16974,2026-05-01,6,3,480.0,306.5,255.2,729,711
16975,2026-05-01,7,1,480.0,362.0,266.4,666,650
16976,2026-05-01,7,2,480.0,369.9,276.0,690,674
16977,2026-05-01,7,3,444.0,202.5,144.0,360,349
16978,2026-05-01,8,1,480.0,417.3,354.6,925,910
16979,2026-05-01,8,2,480.0,419.9,364.9,952,927
16980,2026-05-01,8,3,480.0,347.8,281.4,734,722
16981,2026-05-01,9,1,480.0,444.0,401.5,1268,1249
16982,2026-05-01,9,2,480.0,480.0,420.2,1327,1305
16983,2026-05-01,9,3,480.0,447.9,385.1,1216,1206
16984,2026-05-01,10,1,480.0,474.7,414.8,1659,1635
16985,2026-05-01,10,2,480.0,347.1,304.2,1217,1201
16986,2026-05-01,10,3,480.0,396.2,344.2,1377,1359
16987,2026-05-01,11,1,480.0,473.7,402.8,1381,1347
16988,2026-05-01,11,2,480.0,366.5,319.7,1096,1073
16989,2026-05-01,11,3,480.0,325.2,262.2,899,885
16990,2026-05-01,12,1,480.0,475.5,429.3,1610,1584
16991,2026-05-01,12,2,480.0,428.8,364.3,1366,1342
16992,2026-05-01,12,3,480.0,413.4,345.6,1296,1283
16993,2026-05-02,1,1,480.0,412.2,375.8,1879,1863
16994,2026-05-02,1,2,480.0,434.2,382.2,1911,1888
16995,2026-05-02,1,3,480.0,412.9,341.4,1707,1691
16996,2026-05-02,2,1,480.0,472.6,413.6,2068,2026
16997,2026-05-02,2,2,480.0,371.3,317.6,1588,1564
16998,2026-05-02,2,3,480.0,355.2,303.2,1516,1496
16999,2026-05-02,3,1,480.0,406.5,325.6,1447,1415
17000,2026-05-02,3,2,480.0,374.6,316.4,1406,1378
17001,2026-05-02,3,3,480.0,283.6,223.9,995,978
17002,2026-05-02,4,1,480.0,397.5,366.1,2312,2303
17003,2026-05-02,4,2,480.0,442.9,392.2,2477,2459
17004,2026-05-02,4,3,480.0,447.5,402.3,2541,2501
17005,2026-05-02,5,1,480.0,286.7,242.6,693,686
17006,2026-05-02,5,2,480.0,428.8,369.6,1056,1042
17007,2026-05-02,5,3,480.0,435.2,362.2,1035,1023
17008,2026-05-02,6,1,480.0,480.0,407.8,1165,1145
17009,2026-05-02,6,2,480.0,356.3,305.9,874,854
17010,2026-05-02,6,3,480.0,378.9,313.2,895,879
17011,2026-05-02,7,1,319.8,155.1,112.8,282,276
17012,2026-05-02,7,2,480.0,373.4,272.8,682,664
17013,2026-05-02,7,3,480.0,334.7,242.4,606,588
17014,2026-05-02,8,1,480.0,452.2,391.8,1022,998
17015,2026-05-02,8,2,480.0,342.0,300.5,784,771
17016,2026-05-02,8,3,480.0,327.4,272.6,711,691
17017,2026-05-02,9,1,480.0,480.0,413.2,1305,1291
17018,2026-05-02,9,2,480.0,257.8,235.3,743,730
17019,2026-05-02,9,3,480.0,395.3,342.0,1080,1069
17020,2026-05-02,10,1,480.0,390.7,337.2,1349,1331
17021,2026-05-02,10,2,480.0,394.2,346.2,1385,1360
17022,2026-05-02,10,3,450.6,417.0,354.2,1417,1391
17023,2026-05-02,11,1,480.0,351.8,301.3,1033,1007
17024,2026-05-02,11,2,480.0,407.3,339.8,1165,1126
17025,2026-05-02,11,3,480.0,330.9,273.6,938,921
17026,2026-05-02,12,1,309.4,277.9,250.4,939,923
17027,2026-05-02,12,2,480.0,480.0,417.9,1567,1552
17028,2026-05-02,12,3,445.0,413.4,353.9,1327,1310
17029,2026-05-03,1,1,480.0,443.2,406.0,2030,2003
17030,2026-05-03,1,2,480.0,468.3,395.6,1978,1949
17031,2026-05-03,1,3,480.0,438.8,377.8,1889,1863
17032,2026-05-03,2,1,480.0,430.1,367.2,1836,1807
17033,2026-05-03,2,2,480.0,425.8,368.6,1843,1823
17034,2026-05-03,2,3,480.0,473.7,408.4,2042,2019
17035,2026-05-03,3,1,480.0,387.8,312.5,1389,1347
17036,2026-05-03,3,2,480.0,462.0,366.3,1628,1596
17037,2026-05-03,3,3,480.0,277.0,225.9,1004,985
17038,2026-05-03,4,1,480.0,373.8,334.9,2115,2107
17039,2026-05-03,4,2,480.0,453.6,416.4,2630,2605
17040,2026-05-03,4,3,480.0,454.0,393.8,2487,2458
17041,2026-05-03,5,1,480.0,480.0,413.4,1181,1153
17042,2026-05-03,5,2,480.0,477.0,411.6,1176,1152
17043,2026-05-03,5,3,480.0,399.4,343.7,982,962
17044,2026-05-03,6,1,480.0,402.4,344.8,985,968
17045,2026-05-03,6,2,480.0,425.0,362.9,1037,1011
17046,2026-05-03,6,3,480.0,440.1,365.1,1043,1018
17047,2026-05-03,7,1,480.0,305.5,222.0,555,541
17048,2026-05-03,7,2,480.0,280.5,206.8,517,505
17049,2026-05-03,7,3,480.0,109.7,77.2,193,187
17050,2026-05-03,8,1,480.0,171.3,146.4,382,371
17051,2026-05-03,8,2,480.0,357.9,307.4,802,781
17052,2026-05-03,8,3,480.0,332.5,273.3,713,699
17053,2026-05-03,9,1,480.0,443.2,402.5,1271,1248
17054,2026-05-03,9,2,480.0,415.0,376.2,1188,1169
17055,2026-05-03,9,3,480.0,391.9,342.9,1083,1070
17056,2026-05-03,10,1,480.0,463.6,405.8,1623,1600
17057,2026-05-03,10,2,480.0,471.6,409.0,1636,1606
17058,2026-05-03,10,3,480.0,272.9,232.5,930,913
17059,2026-05-03,11,1,480.0,438.0,359.0,1231,1197
17060,2026-05-03,11,2,480.0,460.7,386.5,1325,1305
17061,2026-05-03,11,3,448.7,306.1,246.8,846,823
17062,2026-05-03,12,1,480.0,480.0,433.6,1626,1606
17063,2026-05-03,12,2,480.0,480.0,404.3,1516,1494
17064,2026-05-03,12,3,480.0,387.5,325.9,1222,1202
17065,2026-05-04,1,1,480.0,480.0,419.4,2097,2068
17066,2026-05-04,1,2,480.0,396.2,360.8,1804,1783
17067,2026-05-04,1,3,480.0,434.0,368.2,1841,1808
17068,2026-05-04,2,1,480.0,406.5,359.2,1796,1769
17069,2026-05-04,2,2,480.0,445.9,382.6,1913,1904
17070,2026-05-04,2,3,480.0,422.3,357.4,1787,1768
17071,2026-05-04,3,1,480.0,295.1,250.9,1115,1090
17072,2026-05-04,3,2,480.0,408.0,335.7,1492,1466
17073,2026-05-04,3,3,480.0,414.1,332.1,1476,1445
17074,2026-05-04,4,1,480.0,315.3,276.4,1746,1731
17075,2026-05-04,4,2,480.0,450.6,405.0,2558,2551
17076,2026-05-04,4,3,480.0,470.2,418.8,2645,2637
17077,2026-05-04,5,1,480.0,429.1,376.6,1076,1061
17078,2026-05-04,5,2,480.0,446.3,393.8,1125,1100
17079,2026-05-04,5,3,441.0,411.2,338.8,968,951
17080,2026-05-04,6,1,480.0,438.7,371.0,1060,1038
17081,2026-05-04,6,2,480.0,462.0,396.2,1132,1100
17082,2026-05-04,6,3,480.0,346.1,287.4,821,807
17083,2026-05-04,7,1,480.0,305.1,225.6,564,551
17084,2026-05-04,7,2,480.0,350.1,259.6,649,631
17085,2026-05-04,7,3,480.0,348.4,243.6,609,593
17086,2026-05-04,8,1,480.0,307.4,256.1,668,655
17087,2026-05-04,8,2,480.0,413.7,345.4,901,871
17088,2026-05-04,8,3,480.0,460.2,384.1,1002,982
17089,2026-05-04,9,1,480.0,480.0,424.0,1339,1317
17090,2026-05-04,9,2,480.0,454.6,415.5,1312,1298
17091,2026-05-04,9,3,480.0,434.3,384.1,1213,1197
17092,2026-05-04,10,1,480.0,472.2,402.2,1609,1592
17093,2026-05-04,10,2,480.0,440.0,387.5,1550,1534
17094,2026-05-04,10,3,480.0,442.6,379.8,1519,1501
17095,2026-05-04,11,1,480.0,371.0,322.9,1107,1082
17096,2026-05-04,11,2,480.0,244.5,208.0,713,697
17097,2026-05-04,11,3,480.0,380.7,312.7,1072,1051
17098,2026-05-04,12,1,480.0,429.8,385.3,1445,1424
17099,2026-05-04,12,2,480.0,368.2,319.7,1199,1182
17100,2026-05-04,12,3,480.0,418.4,343.2,1287,1269
17101,2026-05-05,1,1,480.0,452.1,398.4,1992,1958
17102,2026-05-05,1,2,480.0,477.5,416.0,2080,2052
17103,2026-05-05,1,3,480.0,419.7,370.4,1852,1828
17104,2026-05-05,2,1,480.0,330.8,288.6,1443,1424
17105,2026-05-05,2,2,480.0,463.9,405.8,2029,2003
17106,2026-05-05,2,3,480.0,434.1,361.0,1805,1781
17107,2026-05-05,3,1,480.0,444.8,380.9,1693,1650
17108,2026-05-05,3,2,480.0,468.1,386.1,1716,1664
17109,2026-05-05,3,3,445.5,423.0,340.4,1513,1470
17110,2026-05-05,4,1,480.0,463.2,427.3,2699,2667
17111,2026-05-05,4,2,480.0,480.0,442.5,2795,2769
17112,2026-05-05,4,3,480.0,383.5,330.6,2088,2066
17113,2026-05-05,5,1,480.0,433.0,370.3,1058,1041
17114,2026-05-05,5,2,480.0,474.6,409.1,1169,1153
17115,2026-05-05,5,3,480.0,447.4,374.5,1070,1048
17116,2026-05-05,6,1,480.0,418.3,360.9,1031,1008
17117,2026-05-05,6,2,480.0,428.2,370.6,1059,1038
17118,2026-05-05,6,3,480.0,413.1,334.6,956,940
17119,2026-05-05,7,1,480.0,291.0,214.0,535,520
17120,2026-05-05,7,2,480.0,292.3,214.8,537,524
17121,2026-05-05,7,3,480.0,268.4,199.2,498,484
17122,2026-05-05,8,1,480.0,374.6,312.4,815,806
17123,2026-05-05,8,2,480.0,313.6,267.2,697,686
17124,2026-05-05,8,3,480.0,386.2,317.8,829,810
17125,2026-05-05,9,1,480.0,459.9,408.5,1290,1271
17126,2026-05-05,9,2,480.0,468.9,426.9,1348,1333
17127,2026-05-05,9,3,480.0,450.5,387.3,1223,1210
17128,2026-05-05,10,1,480.0,337.8,297.8,1191,1174
17129,2026-05-05,10,2,480.0,412.4,354.8,1419,1401
17130,2026-05-05,10,3,480.0,226.0,193.0,772,759
17131,2026-05-05,11,1,480.0,472.5,406.0,1392,1354
17132,2026-05-05,11,2,480.0,463.2,398.4,1366,1332
17133,2026-05-05,11,3,480.0,316.7,266.9,915,889
17134,2026-05-05,12,1,480.0,421.1,359.5,1348,1330
17135,2026-05-05,12,2,480.0,361.4,313.1,1174,1153
17136,2026-05-05,12,3,480.0,146.7,125.9,472,465
17137,2026-05-06,1,1,480.0,445.9,379.4,1897,1883
17138,2026-05-06,1,2,480.0,457.2,419.6,2098,2074
17139,2026-05-06,1,3,480.0,438.6,375.8,1879,1842
17140,2026-05-06,2,1,480.0,420.2,372.6,1863,1836
17141,2026-05-06,2,2,480.0,435.5,393.0,1965,1943
17142,2026-05-06,2,3,480.0,453.3,386.2,1931,1905
17143,2026-05-06,3,1,480.0,373.3,315.7,1403,1362
17144,2026-05-06,3,2,480.0,424.1,353.7,1572,1541
17145,2026-05-06,3,3,480.0,375.6,304.4,1353,1323
17146,2026-05-06,4,1,480.0,424.0,386.6,2442,2414
17147,2026-05-06,4,2,480.0,454.4,423.1,2672,2652
17148,2026-05-06,4,3,480.0,445.2,394.7,2493,2468
17149,2026-05-06,5,1,480.0,393.5,339.9,971,949
17150,2026-05-06,5,2,480.0,395.6,348.6,996,980
17151,2026-05-06,5,3,480.0,386.9,325.9,931,915
17152,2026-05-06,6,1,480.0,407.4,348.6,996,975
17153,2026-05-06,6,2,480.0,358.8,306.2,875,865
17154,2026-05-06,6,3,480.0,330.1,275.8,788,770
17155,2026-05-06,7,1,480.0,146.0,106.8,267,261
17156,2026-05-06,7,2,480.0,254.6,180.0,450,437
17157,2026-05-06,7,3,480.0,269.9,200.8,502,488
17158,2026-05-06,8,1,480.0,434.9,361.9,944,937
17159,2026-05-06,8,2,480.0,417.9,351.5,917,893
17160,2026-05-06,8,3,480.0,410.1,335.0,874,858
17161,2026-05-06,9,1,480.0,455.6,399.0,1260,1249
17162,2026-05-06,9,2,480.0,446.7,410.1,1295,1272
17163,2026-05-06,9,3,480.0,455.2,393.6,1243,1223
17164,2026-05-06,10,1,480.0,459.2,399.8,1599,1566
17165,2026-05-06,10,2,480.0,446.1,388.0,1552,1524
17166,2026-05-06,10,3,480.0,247.4,212.2,849,837
17167,2026-05-06,11,1,480.0,422.1,358.2,1228,1203
17168,2026-05-06,11,2,480.0,361.1,309.2,1060,1041
17169,2026-05-06,11,3,480.0,228.9,186.1,638,619
17170,2026-05-06,12,1,480.0,453.6,414.9,1556,1551
17171,2026-05-06,12,2,480.0,480.0,428.0,1605,1588
17172,2026-05-06,12,3,480.0,311.0,260.5,977,968
17173,2026-05-07,1,1,480.0,399.7,359.8,1799,1782
17174,2026-05-07,1,2,480.0,470.8,421.6,2108,2085
17175,2026-05-07,1,3,480.0,480.0,404.0,2020,1999
17176,2026-05-07,2,1,480.0,440.8,389.4,1947,1908
17177,2026-05-07,2,2,480.0,454.3,412.2,2061,2025
17178,2026-05-07,2,3,480.0,422.6,360.8,1804,1781
17179,2026-05-07,3,1,480.0,290.2,234.9,1044,1024
17180,2026-05-07,3,2,480.0,463.0,380.2,1690,1652
17181,2026-05-07,3,3,480.0,317.0,260.1,1156,1136
17182,2026-05-07,4,1,480.0,408.7,375.9,2374,2358
17183,2026-05-07,4,2,480.0,480.0,437.6,2764,2740
17184,2026-05-07,4,3,480.0,415.3,380.2,2401,2379
17185,2026-05-07,5,1,480.0,431.0,374.9,1071,1053
17186,2026-05-07,5,2,480.0,374.5,326.2,932,920
17187,2026-05-07,5,3,480.0,412.2,343.0,980,966
17188,2026-05-07,6,1,480.0,468.4,399.4,1141,1110
17189,2026-05-07,6,2,480.0,428.3,362.9,1037,1017
17190,2026-05-07,6,3,480.0,403.9,335.3,958,936
17191,2026-05-07,7,1,480.0,192.6,141.6,354,342
17192,2026-05-07,7,2,480.0,393.4,285.6,714,697
17193,2026-05-07,7,3,452.1,378.2,261.6,654,636
17194,2026-05-07,8,1,480.0,419.6,351.5,917,895
17195,2026-05-07,8,2,480.0,460.6,395.6,1032,1013
17196,2026-05-07,8,3,480.0,439.2,373.0,973,945
17197,2026-05-07,9,1,480.0,380.5,344.5,1088,1079
17198,2026-05-07,9,2,480.0,427.5,402.5,1271,1251
17199,2026-05-07,9,3,480.0,448.5,393.9,1244,1229
17200,2026-05-07,10,1,480.0,379.4,316.5,1266,1247
17201,2026-05-07,10,2,480.0,480.0,417.2,1669,1640
17202,2026-05-07,10,3,480.0,457.5,377.0,1508,1484
17203,2026-05-07,11,1,480.0,406.7,345.6,1185,1156
17204,2026-05-07,11,2,480.0,397.9,334.8,1148,1115
17205,2026-05-07,11,3,451.0,429.1,350.6,1202,1181
17206,2026-05-07,12,1,480.0,476.9,423.5,1588,1569
17207,2026-05-07,12,2,480.0,456.6,402.1,1508,1490
17208,2026-05-07,12,3,480.0,215.4,180.0,675,662
17209,2026-05-08,1,1,480.0,430.8,388.8,1944,1919
17210,2026-05-08,1,2,480.0,356.9,312.2,1561,1546
17211,2026-05-08,1,3,480.0,432.2,371.6,1858,1838
17212,2026-05-08,2,1,480.0,446.7,385.0,1925,1914
17213,2026-05-08,2,2,480.0,305.6,264.0,1320,1301
17214,2026-05-08,2,3,480.0,398.1,339.2,1696,1672
17215,2026-05-08,3,1,480.0,427.9,349.0,1551,1520
17216,2026-05-08,3,2,480.0,385.8,312.1,1387,1346
17217,2026-05-08,3,3,480.0,448.3,357.1,1587,1547
17218,2026-05-08,4,1,480.0,477.3,438.6,2770,2715
17219,2026-05-08,4,2,480.0,385.7,364.6,2303,2286
17220,2026-05-08,4,3,442.0,416.7,383.2,2420,2407
17221,2026-05-08,5,1,480.0,433.6,385.7,1102,1078
17222,2026-05-08,5,2,480.0,469.0,407.1,1163,1139
17223,2026-05-08,5,3,480.0,199.3,167.3,478,471
17224,2026-05-08,6,1,480.0,395.3,341.2,975,960
17225,2026-05-08,6,2,480.0,352.6,308.7,882,867
17226,2026-05-08,6,3,480.0,366.8,296.4,847,833
17227,2026-05-08,7,1,480.0,319.9,229.2,573,552
17228,2026-05-08,7,2,480.0,309.3,229.2,573,566
17229,2026-05-08,7,3,449.9,208.2,146.8,367,355
17230,2026-05-08,8,1,480.0,374.5,317.4,828,813
17231,2026-05-08,8,2,480.0,464.7,402.9,1051,1026
17232,2026-05-08,8,3,480.0,423.0,333.5,870,849
17233,2026-05-08,9,1,480.0,465.8,413.9,1307,1286
17234,2026-05-08,9,2,480.0,368.0,322.4,1018,1006
17235,2026-05-08,9,3,480.0,450.6,382.5,1208,1198
17236,2026-05-08,10,1,480.0,475.1,413.0,1652,1629
17237,2026-05-08,10,2,480.0,459.0,395.8,1583,1557
17238,2026-05-08,10,3,480.0,456.1,381.2,1525,1510
17239,2026-05-08,11,1,480.0,450.3,387.6,1329,1296
17240,2026-05-08,11,2,480.0,426.4,364.9,1251,1225
17241,2026-05-08,11,3,480.0,349.6,287.3,985,960
17242,2026-05-08,12,1,480.0,432.2,384.0,1440,1417
17243,2026-05-08,12,2,480.0,480.0,420.3,1576,1561
17244,2026-05-08,12,3,480.0,452.2,393.6,1476,1453
17245,2026-05-09,1,1,480.0,463.7,410.0,2050,2025
17246,2026-05-09,1,2,480.0,398.2,352.4,1762,1738
17247,2026-05-09,1,3,480.0,396.4,348.6,1743,1731
17248,2026-05-09,2,1,259.4,193.0,167.6,838,828
17249,2026-05-09,2,2,480.0,418.1,365.4,1827,1786
17250,2026-05-09,2,3,480.0,471.7,390.0,1950,1923
17251,2026-05-09,3,1,480.0,339.7,287.3,1277,1246
17252,2026-05-09,3,2,480.0,337.9,285.8,1270,1238
17253,2026-05-09,3,3,480.0,372.2,295.9,1315,1284
17254,2026-05-09,4,1,480.0,450.9,404.2,2553,2523
17255,2026-05-09,4,2,480.0,368.7,326.0,2059,2038
17256,2026-05-09,4,3,480.0,277.6,249.2,1574,1565
17257,2026-05-09,5,1,480.0,460.1,392.4,1121,1095
17258,2026-05-09,5,2,480.0,422.1,373.8,1068,1047
17259,2026-05-09,5,3,480.0,450.7,375.2,1072,1059
17260,2026-05-09,6,1,480.0,450.9,388.5,1110,1088
17261,2026-05-09,6,2,480.0,359.2,306.9,877,850
17262,2026-05-09,6,3,480.0,356.4,298.6,853,838
17263,2026-05-09,7,1,480.0,323.8,242.8,607,592
17264,2026-05-09,7,2,480.0,293.0,220.4,551,537
17265,2026-05-09,7,3,480.0,296.3,208.8,522,509
17266,2026-05-09,8,1,480.0,385.6,333.5,870,852
17267,2026-05-09,8,2,480.0,328.6,282.1,736,726
17268,2026-05-09,8,3,480.0,418.9,360.3,940,919
17269,2026-05-09,9,1,480.0,442.4,401.5,1268,1258
17270,2026-05-09,9,2,480.0,440.7,384.8,1215,1204
17271,2026-05-09,9,3,480.0,452.9,399.6,1262,1244
17272,2026-05-09,10,1,480.0,397.4,354.5,1418,1397
17273,2026-05-09,10,2,480.0,471.9,407.0,1628,1590
17274,2026-05-09,10,3,480.0,308.0,254.2,1017,1000
17275,2026-05-09,11,1,480.0,407.0,347.4,1191,1164
17276,2026-05-09,11,2,480.0,434.5,376.2,1290,1256
17277,2026-05-09,11,3,480.0,274.4,224.3,769,751
17278,2026-05-09,12,1,480.0,435.7,385.9,1447,1430
17279,2026-05-09,12,2,480.0,476.5,433.1,1624,1594
17280,2026-05-09,12,3,480.0,423.7,356.8,1338,1324
17281,2026-05-10,1,1,480.0,425.6,387.8,1939,1937
17282,2026-05-10,1,2,480.0,363.0,322.6,1613,1586
17283,2026-05-10,1,3,480.0,393.9,331.2,1656,1634
17284,2026-05-10,2,1,480.0,455.4,392.6,1963,1939
17285,2026-05-10,2,2,480.0,475.8,431.0,2155,2119
17286,2026-05-10,2,3,480.0,480.0,431.6,2158,2138
17287,2026-05-10,3,1,480.0,401.7,326.9,1453,1416
17288,2026-05-10,3,2,480.0,382.3,322.6,1434,1396
17289,2026-05-10,3,3,480.0,361.8,286.4,1273,1243
17290,2026-05-10,4,1,480.0,434.4,400.3,2528,2513
17291,2026-05-10,4,2,480.0,417.5,370.0,2337,2326
17292,2026-05-10,4,3,480.0,445.4,385.7,2436,2411
17293,2026-05-10,5,1,480.0,462.1,394.8,1128,1107
17294,2026-05-10,5,2,480.0,438.0,383.9,1097,1071
17295,2026-05-10,5,3,480.0,469.9,386.4,1104,1087
17296,2026-05-10,6,1,480.0,476.7,403.6,1153,1116
17297,2026-05-10,6,2,480.0,414.7,356.3,1018,994
17298,2026-05-10,6,3,480.0,413.6,338.8,968,949
17299,2026-05-10,7,1,480.0,256.7,191.6,479,467
17300,2026-05-10,7,2,480.0,342.7,247.6,619,605
17301,2026-05-10,7,3,480.0,249.0,174.0,435,423
17302,2026-05-10,8,1,480.0,312.4,266.4,695,677
17303,2026-05-10,8,2,480.0,447.3,369.9,965,946
17304,2026-05-10,8,3,480.0,409.1,338.5,883,868
17305,2026-05-10,9,1,480.0,410.8,362.6,1145,1129
17306,2026-05-10,9,2,480.0,470.9,431.3,1362,1346
17307,2026-05-10,9,3,480.0,466.7,412.0,1301,1293
17308,2026-05-10,10,1,480.0,383.1,328.0,1312,1285
17309,2026-05-10,10,2,480.0,314.8,277.5,1110,1089
17310,2026-05-10,10,3,480.0,316.7,264.5,1058,1033
17311,2026-05-10,11,1,480.0,452.0,387.9,1330,1301
17312,2026-05-10,11,2,480.0,384.3,327.2,1122,1100
17313,2026-05-10,11,3,480.0,432.6,352.3,1208,1177
17314,2026-05-10,12,1,480.0,418.5,368.5,1382,1366
17315,2026-05-10,12,2,480.0,382.1,337.9,1267,1249
17316,2026-05-10,12,3,480.0,415.8,350.1,1313,1297
17317,2026-05-11,1,1,480.0,401.7,356.2,1781,1761
17318,2026-05-11,1,2,480.0,448.9,390.4,1952,1944
17319,2026-05-11,1,3,480.0,470.4,409.4,2047,2022
17320,2026-05-11,2,1,480.0,437.5,390.2,1951,1916
17321,2026-05-11,2,2,480.0,295.6,257.8,1289,1267
17322,2026-05-11,2,3,480.0,470.4,388.4,1942,1923
17323,2026-05-11,3,1,480.0,376.7,307.4,1366,1336
17324,2026-05-11,3,2,480.0,417.3,358.2,1592,1553
17325,2026-05-11,3,3,480.0,368.8,293.9,1306,1276
17326,2026-05-11,4,1,354.1,349.3,324.6,2050,2038
17327,2026-05-11,4,2,480.0,444.3,396.5,2504,2465
17328,2026-05-11,4,3,480.0,461.8,408.8,2582,2551
17329,2026-05-11,5,1,480.0,396.6,342.6,979,961
17330,2026-05-11,5,2,480.0,478.1,412.6,1179,1159
17331,2026-05-11,5,3,480.0,425.3,355.6,1016,1000
17332,2026-05-11,6,1,255.7,184.9,152.2,435,426
17333,2026-05-11,6,2,480.0,306.6,264.2,755,738
17334,2026-05-11,6,3,480.0,334.2,268.1,766,753
17335,2026-05-11,7,1,480.0,281.1,205.6,514,504
17336,2026-05-11,7,2,480.0,304.7,231.6,579,563
17337,2026-05-11,7,3,480.0,237.1,169.2,423,410
17338,2026-05-11,8,1,480.0,421.1,358.0,934,912
17339,2026-05-11,8,2,480.0,396.4,328.9,858,840
17340,2026-05-11,8,3,480.0,413.1,344.2,898,881
17341,2026-05-11,9,1,480.0,414.1,377.1,1191,1177
17342,2026-05-11,9,2,480.0,435.1,388.2,1226,1210
17343,2026-05-11,9,3,480.0,441.2,379.1,1197,1172
17344,2026-05-11,10,1,480.0,472.5,411.8,1647,1608
17345,2026-05-11,10,2,480.0,344.2,291.8,1167,1143
17346,2026-05-11,10,3,480.0,291.4,242.5,970,948
17347,2026-05-11,11,1,480.0,443.8,379.2,1300,1284
17348,2026-05-11,11,2,480.0,421.6,359.3,1232,1203
17349,2026-05-11,11,3,480.0,280.7,228.1,782,765
17350,2026-05-11,12,1,480.0,448.2,398.1,1493,1473
17351,2026-05-11,12,2,480.0,467.5,407.2,1527,1513
17352,2026-05-11,12,3,427.8,380.2,338.7,1270,1251
17353,2026-05-12,1,1,480.0,440.8,390.8,1954,1921
17354,2026-05-12,1,2,480.0,480.0,419.8,2099,2076
17355,2026-05-12,1,3,480.0,465.8,411.4,2057,2055
17356,2026-05-12,2,1,480.0,463.0,389.4,1947,1929
17357,2026-05-12,2,2,480.0,449.3,394.0,1970,1934
17358,2026-05-12,2,3,480.0,401.7,340.8,1704,1683
17359,2026-05-12,3,1,480.0,359.4,293.9,1306,1272
17360,2026-05-12,3,2,480.0,420.7,345.6,1536,1509
17361,2026-05-12,3,3,480.0,232.4,191.2,850,833
17362,2026-05-12,4,1,480.0,480.0,428.0,2703,2685
17363,2026-05-12,4,2,480.0,417.8,386.5,2441,2439
17364,2026-05-12,4,3,480.0,386.4,338.8,2140,2116
17365,2026-05-12,5,1,480.0,438.9,372.1,1063,1049
17366,2026-05-12,5,2,480.0,301.6,267.8,765,753
17367,2026-05-12,5,3,480.0,472.2,401.4,1147,1117
17368,2026-05-12,6,1,480.0,317.8,273.7,782,765
17369,2026-05-12,6,2,480.0,354.2,298.6,853,831
17370,2026-05-12,6,3,480.0,480.0,401.4,1147,1122
17371,2026-05-12,7,1,480.0,326.3,242.0,605,589
17372,2026-05-12,7,2,480.0,291.7,216.0,540,526
17373,2026-05-12,7,3,480.0,369.4,268.8,672,657
17374,2026-05-12,8,1,480.0,456.2,391.8,1022,999
17375,2026-05-12,8,2,480.0,476.0,401.0,1046,1023
17376,2026-05-12,8,3,480.0,351.5,294.4,768,748
17377,2026-05-12,9,1,480.0,384.9,341.1,1077,1064
17378,2026-05-12,9,2,480.0,445.7,408.2,1289,1261
17379,2026-05-12,9,3,480.0,480.0,423.4,1337,1322
17380,2026-05-12,10,1,480.0,402.7,351.8,1407,1383
17381,2026-05-12,10,2,480.0,402.9,348.0,1392,1373
17382,2026-05-12,10,3,480.0,356.3,300.8,1203,1180
17383,2026-05-12,11,1,480.0,331.4,283.2,971,949
17384,2026-05-12,11,2,480.0,387.9,327.0,1121,1097
17385,2026-05-12,11,3,480.0,300.2,240.9,826,812
17386,2026-05-12,12,1,480.0,472.6,413.1,1549,1510
17387,2026-05-12,12,2,480.0,480.0,410.4,1539,1523
17388,2026-05-12,12,3,480.0,444.1,371.2,1392,1365
17389,2026-05-13,1,1,480.0,434.4,401.2,2006,1987
17390,2026-05-13,1,2,480.0,220.9,201.4,1007,999
17391,2026-05-13,1,3,480.0,430.5,370.6,1853,1838
17392,2026-05-13,2,1,480.0,449.2,405.4,2027,2000
17393,2026-05-13,2,2,480.0,459.1,409.0,2045,2027
17394,2026-05-13,2,3,480.0,464.6,389.8,1949,1909
17395,2026-05-13,3,1,480.0,416.4,349.6,1554,1520
17396,2026-05-13,3,2,480.0,339.6,282.1,1254,1224
17397,2026-05-13,3,3,433.5,316.2,251.8,1119,1097
17398,2026-05-13,4,1,480.0,459.7,417.4,2636,2616
17399,2026-05-13,4,2,480.0,398.9,373.2,2357,2333
17400,2026-05-13,4,3,480.0,453.7,393.1,2483,2463
17401,2026-05-13,5,1,480.0,404.1,363.3,1038,1019
17402,2026-05-13,5,2,480.0,351.3,304.9,871,854
17403,2026-05-13,5,3,480.0,339.2,287.0,820,807
17404,2026-05-13,6,1,480.0,362.3,309.1,883,870
17405,2026-05-13,6,2,480.0,412.4,354.6,1013,999
17406,2026-05-13,6,3,480.0,469.0,399.4,1141,1124
17407,2026-05-13,7,1,480.0,272.3,201.6,504,487
17408,2026-05-13,7,2,480.0,311.3,229.2,573,560
17409,2026-05-13,7,3,480.0,227.5,164.0,410,401
17410,2026-05-13,8,1,480.0,449.8,371.1,968,961
17411,2026-05-13,8,2,480.0,461.0,397.5,1037,1018
17412,2026-05-13,8,3,480.0,402.4,318.2,830,812
17413,2026-05-13,9,1,480.0,458.6,417.7,1319,1299
17414,2026-05-13,9,2,480.0,480.0,430.7,1360,1335
17415,2026-05-13,9,3,480.0,445.6,388.6,1227,1202
17416,2026-05-13,10,1,480.0,420.7,367.0,1468,1448
17417,2026-05-13,10,2,480.0,452.0,400.2,1601,1571
17418,2026-05-13,10,3,480.0,451.6,369.8,1479,1448
17419,2026-05-13,11,1,480.0,368.1,312.4,1071,1049
17420,2026-05-13,11,2,480.0,372.2,324.0,1111,1087
17421,2026-05-13,11,3,480.0,219.9,178.5,612,603
17422,2026-05-13,12,1,480.0,404.8,363.2,1362,1347
17423,2026-05-13,12,2,480.0,472.5,434.1,1628,1604
17424,2026-05-13,12,3,480.0,480.0,392.0,1470,1452
17425,2026-05-14,1,1,480.0,404.0,356.0,1780,1750
17426,2026-05-14,1,2,480.0,420.0,380.2,1901,1887
17427,2026-05-14,1,3,480.0,434.1,376.2,1881,1852
17428,2026-05-14,2,1,480.0,461.0,394.0,1970,1948
17429,2026-05-14,2,2,480.0,393.4,344.6,1723,1693
17430,2026-05-14,2,3,449.4,418.4,349.8,1749,1730
17431,2026-05-14,3,1,480.0,313.7,260.3,1157,1132
17432,2026-05-14,3,2,480.0,340.5,281.2,1250,1222
17433,2026-05-14,3,3,480.0,266.3,216.2,961,936
17434,2026-05-14,4,1,480.0,480.0,435.3,2749,2724
17435,2026-05-14,4,2,480.0,377.9,341.2,2155,2120
17436,2026-05-14,4,3,480.0,438.0,395.4,2497,2471
17437,2026-05-14,5,1,480.0,416.8,357.0,1020,1008
17438,2026-05-14,5,2,480.0,363.8,313.2,895,881
17439,2026-05-14,5,3,480.0,419.6,343.7,982,969
17440,2026-05-14,6,1,480.0,371.4,310.1,886,864
17441,2026-05-14,6,2,480.0,362.8,316.1,903,886
17442,2026-05-14,6,3,480.0,353.4,292.2,835,823
17443,2026-05-14,7,1,480.0,277.4,201.6,504,493
17444,2026-05-14,7,2,480.0,267.2,199.6,499,482
17445,2026-05-14,7,3,480.0,335.6,232.4,581,570
17446,2026-05-14,8,1,480.0,437.2,378.0,986,961
17447,2026-05-14,8,2,480.0,290.4,242.7,633,618
17448,2026-05-14,8,3,480.0,431.0,355.0,926,909
17449,2026-05-14,9,1,480.0,447.2,413.9,1307,1301
17450,2026-05-14,9,2,480.0,442.4,402.5,1271,1263
17451,2026-05-14,9,3,480.0,409.7,350.9,1108,1094
17452,2026-05-14,10,1,480.0,475.3,397.2,1589,1554
17453,2026-05-14,10,2,480.0,437.4,383.2,1533,1510
17454,2026-05-14,10,3,480.0,424.8,366.0,1464,1440
17455,2026-05-14,11,1,480.0,385.5,330.8,1134,1113
17456,2026-05-14,11,2,480.0,389.7,325.5,1116,1085
17457,2026-05-14,11,3,480.0,480.0,379.5,1301,1280
17458,2026-05-14,12,1,480.0,328.8,300.0,1125,1105
17459,2026-05-14,12,2,480.0,439.3,386.4,1449,1427
17460,2026-05-14,12,3,480.0,364.1,307.5,1153,1135
17461,2026-05-15,1,1,480.0,473.1,422.2,2111,2092
17462,2026-05-15,1,2,480.0,395.2,352.8,1764,1748
17463,2026-05-15,1,3,480.0,394.2,348.0,1740,1711
17464,2026-05-15,2,1,480.0,410.4,374.4,1872,1835
17465,2026-05-15,2,2,480.0,441.9,395.4,1977,1955
17466,2026-05-15,2,3,480.0,420.5,364.0,1820,1797
17467,2026-05-15,3,1,480.0,432.3,344.5,1531,1494
17468,2026-05-15,3,2,480.0,422.4,353.7,1572,1530
17469,2026-05-15,3,3,480.0,435.5,358.6,1594,1557
17470,2026-05-15,4,1,480.0,449.2,428.6,2707,2682
17471,2026-05-15,4,2,480.0,480.0,427.3,2699,2677
17472,2026-05-15,4,3,480.0,469.8,404.5,2555,2532
17473,2026-05-15,5,1,250.1,209.4,175.3,501,490
17474,2026-05-15,5,2,480.0,476.0,401.8,1148,1134
17475,2026-05-15,5,3,480.0,465.6,387.1,1106,1098
17476,2026-05-15,6,1,480.0,430.2,381.5,1090,1066
17477,2026-05-15,6,2,480.0,448.2,388.9,1111,1087
17478,2026-05-15,6,3,480.0,415.2,339.9,971,944
17479,2026-05-15,7,1,480.0,222.0,166.8,417,407
17480,2026-05-15,7,2,480.0,288.4,208.4,521,508
17481,2026-05-15,7,3,480.0,263.5,182.4,456,448
17482,2026-05-15,8,1,480.0,424.3,365.3,953,925
17483,2026-05-15,8,2,480.0,402.7,357.3,932,908
17484,2026-05-15,8,3,480.0,448.8,364.2,950,928
17485,2026-05-15,9,1,480.0,469.8,422.4,1334,1315
17486,2026-05-15,9,2,480.0,466.3,421.8,1332,1311
17487,2026-05-15,9,3,457.6,434.4,380.9,1203,1189
17488,2026-05-15,10,1,480.0,425.4,363.2,1453,1435
17489,2026-05-15,10,2,480.0,424.2,360.0,1440,1410
17490,2026-05-15,10,3,480.0,275.7,230.0,920,911
17491,2026-05-15,11,1,480.0,358.6,291.4,999,975
17492,2026-05-15,11,2,480.0,266.8,225.2,772,755
17493,2026-05-15,11,3,480.0,332.3,266.6,914,898
17494,2026-05-15,12,1,480.0,456.8,397.1,1489,1465
17495,2026-05-15,12,2,480.0,453.3,417.9,1567,1550
17496,2026-05-15,12,3,480.0,459.8,408.8,1533,1508
17497,2026-05-16,1,1,480.0,419.0,370.8,1854,1823
17498,2026-05-16,1,2,480.0,469.2,406.8,2034,2016
17499,2026-05-16,1,3,446.5,328.4,290.8,1454,1436
17500,2026-05-16,2,1,480.0,398.4,355.6,1778,1751
17501,2026-05-16,2,2,480.0,418.4,369.6,1848,1829
17502,2026-05-16,2,3,480.0,421.0,359.6,1798,1771
17503,2026-05-16,3,1,480.0,183.5,149.4,664,657
17504,2026-05-16,3,2,480.0,480.0,396.2,1761,1721
17505,2026-05-16,3,3,480.0,307.0,242.3,1077,1054
17506,2026-05-16,4,1,480.0,472.2,431.0,2722,2689
17507,2026-05-16,4,2,480.0,463.2,416.7,2632,2610
17508,2026-05-16,4,3,480.0,380.7,345.2,2180,2168
17509,2026-05-16,5,1,480.0,334.3,292.2,835,820
17510,2026-05-16,5,2,480.0,449.2,392.4,1121,1100
17511,2026-05-16,5,3,480.0,330.1,271.9,777,766
17512,2026-05-16,6,1,480.0,260.8,222.2,635,620
17513,2026-05-16,6,2,480.0,432.0,355.2,1015,994
17514,2026-05-16,6,3,480.0,419.5,342.3,978,959
17515,2026-05-16,7,1,480.0,333.9,246.0,615,598
17516,2026-05-16,7,2,480.0,348.6,254.8,637,620
17517,2026-05-16,7,3,480.0,244.4,174.4,436,424
17518,2026-05-16,8,1,480.0,440.4,360.7,941,925
17519,2026-05-16,8,2,480.0,422.8,347.7,907,892
17520,2026-05-16,8,3,480.0,420.0,340.4,888,867
17521,2026-05-16,9,1,480.0,462.6,422.8,1335,1312
17522,2026-05-16,9,2,480.0,436.0,392.0,1238,1228
17523,2026-05-16,9,3,480.0,463.2,412.0,1301,1281
17524,2026-05-16,10,1,480.0,433.1,374.8,1499,1475
17525,2026-05-16,10,2,480.0,415.5,366.2,1465,1441
17526,2026-05-16,10,3,480.0,458.7,390.5,1562,1537
17527,2026-05-16,11,1,480.0,391.7,332.8,1141,1114
17528,2026-05-16,11,2,480.0,463.1,395.5,1356,1335
17529,2026-05-16,11,3,480.0,456.8,379.8,1302,1272
17530,2026-05-16,12,1,480.0,480.0,428.3,1606,1595
17531,2026-05-16,12,2,480.0,456.7,411.5,1543,1525
17532,2026-05-16,12,3,480.0,360.8,314.7,1180,1154
17533,2026-05-17,1,1,480.0,432.8,380.4,1902,1872
17534,2026-05-17,1,2,480.0,419.1,359.8,1799,1775
17535,2026-05-17,1,3,480.0,447.6,386.2,1931,1906
17536,2026-05-17,2,1,480.0,428.0,370.2,1851,1825
17537,2026-05-17,2,2,480.0,376.0,331.4,1657,1628
17538,2026-05-17,2,3,480.0,396.1,340.6,1703,1658
17539,2026-05-17,3,1,480.0,359.9,297.7,1323,1291
17540,2026-05-17,3,2,480.0,310.7,260.1,1156,1129
17541,2026-05-17,3,3,446.3,382.4,308.5,1371,1347
17542,2026-05-17,4,1,480.0,425.3,398.2,2515,2492
17543,2026-05-17,4,2,480.0,425.1,387.6,2448,2427
17544,2026-05-17,4,3,480.0,378.9,344.7,2177,2142
17545,2026-05-17,5,1,480.0,417.2,354.9,1014,995
17546,2026-05-17,5,2,480.0,334.8,284.9,814,801
17547,2026-05-17,5,3,480.0,413.3,349.3,998,975
17548,2026-05-17,6,1,480.0,357.4,311.1,889,871
17549,2026-05-17,6,2,480.0,390.3,322.7,922,907
17550,2026-05-17,6,3,480.0,411.9,340.6,973,953
17551,2026-05-17,7,1,480.0,303.1,218.8,547,535
17552,2026-05-17,7,2,480.0,242.0,175.2,438,428
17553,2026-05-17,7,3,480.0,210.5,151.2,378,370
17554,2026-05-17,8,1,480.0,432.6,362.6,946,927
17555,2026-05-17,8,2,480.0,408.2,349.2,911,898
17556,2026-05-17,8,3,480.0,418.5,341.2,890,870
17557,2026-05-17,9,1,480.0,414.7,359.7,1136,1118
17558,2026-05-17,9,2,480.0,480.0,428.1,1352,1333
17559,2026-05-17,9,3,480.0,376.3,326.2,1030,1010
17560,2026-05-17,10,1,480.0,480.0,422.8,1691,1664
17561,2026-05-17,10,2,480.0,468.8,400.5,1602,1591
17562,2026-05-17,10,3,452.8,279.7,228.8,915,902
17563,2026-05-17,11,1,480.0,374.6,326.1,1118,1093
17564,2026-05-17,11,2,480.0,354.0,298.4,1023,1008
17565,2026-05-17,11,3,480.0,291.5,241.8,829,813
17566,2026-05-17,12,1,480.0,480.0,429.9,1612,1588
17567,2026-05-17,12,2,480.0,338.2,297.1,1114,1102
17568,2026-05-17,12,3,480.0,480.0,417.3,1565,1540
17569,2026-05-18,1,1,480.0,480.0,435.0,2175,2139
17570,2026-05-18,1,2,480.0,390.3,342.6,1713,1708
17571,2026-05-18,1,3,480.0,476.2,400.0,2000,1978
17572,2026-05-18,2,1,480.0,474.0,409.0,2045,2010
17573,2026-05-18,2,2,480.0,440.4,391.4,1957,1920
17574,2026-05-18,2,3,480.0,468.9,400.6,2003,1978
17575,2026-05-18,3,1,480.0,440.8,367.4,1633,1598
17576,2026-05-18,3,2,480.0,358.6,298.8,1328,1306
17577,2026-05-18,3,3,480.0,315.6,258.3,1148,1125
17578,2026-05-18,4,1,480.0,429.3,390.0,2463,2446
17579,2026-05-18,4,2,480.0,480.0,434.3,2743,2719
17580,2026-05-18,4,3,438.7,389.3,337.1,2129,2098
17581,2026-05-18,5,1,480.0,364.6,302.4,864,849
17582,2026-05-18,5,2,480.0,357.0,305.6,873,856
17583,2026-05-18,5,3,480.0,326.9,269.5,770,757
17584,2026-05-18,6,1,480.0,373.0,317.4,907,889
17585,2026-05-18,6,2,480.0,469.5,408.4,1167,1144
17586,2026-05-18,6,3,480.0,374.6,312.2,892,877
17587,2026-05-18,7,1,480.0,344.8,250.0,625,611
17588,2026-05-18,7,2,480.0,295.6,212.0,530,515
17589,2026-05-18,7,3,480.0,262.9,187.6,469,456
17590,2026-05-18,8,1,480.0,457.5,394.1,1028,1008
17591,2026-05-18,8,2,480.0,439.1,362.6,946,918
17592,2026-05-18,8,3,480.0,434.7,359.2,937,918
17593,2026-05-18,9,1,480.0,411.8,378.7,1196,1176
17594,2026-05-18,9,2,480.0,458.9,413.9,1307,1280
17595,2026-05-18,9,3,480.0,434.0,382.9,1209,1181
17596,2026-05-18,10,1,480.0,415.7,363.0,1452,1429
17597,2026-05-18,10,2,480.0,451.2,386.5,1546,1527
17598,2026-05-18,10,3,480.0,440.3,363.5,1454,1430
17599,2026-05-18,11,1,480.0,430.2,377.7,1295,1274
17600,2026-05-18,11,2,480.0,296.4,252.9,867,844
17601,2026-05-18,11,3,480.0,456.4,365.2,1252,1218
17602,2026-05-18,12,1,480.0,415.4,361.1,1354,1338
17603,2026-05-18,12,2,480.0,377.1,326.4,1224,1203
17604,2026-05-18,12,3,480.0,447.8,381.1,1429,1402
17605,2026-05-19,1,1,480.0,480.0,421.8,2109,2077
17606,2026-05-19,1,2,480.0,402.9,368.0,1840,1827
17607,2026-05-19,1,3,480.0,439.0,382.4,1912,1897
17608,2026-05-19,2,1,480.0,453.3,402.4,2012,2001
17609,2026-05-19,2,2,480.0,330.6,296.0,1480,1454
17610,2026-05-19,2,3,480.0,427.2,359.8,1799,1764
17611,2026-05-19,3,1,480.0,462.0,379.6,1687,1650
17612,2026-05-19,3,2,480.0,361.4,294.8,1310,1278
17613,2026-05-19,3,3,480.0,373.3,307.8,1368,1340
17614,2026-05-19,4,1,480.0,448.0,409.0,2583,2564
17615,2026-05-19,4,2,480.0,439.6,398.2,2515,2488
17616,2026-05-19,4,3,480.0,457.5,401.2,2534,2513
17617,2026-05-19,5,1,480.0,378.7,318.5,910,888
17618,2026-05-19,5,2,480.0,448.1,394.1,1126,1114
17619,2026-05-19,5,3,445.0,271.3,225.1,643,631
17620,2026-05-19,6,1,480.0,472.5,396.9,1134,1108
17621,2026-05-19,6,2,480.0,393.1,332.9,951,931
17622,2026-05-19,6,3,480.0,395.6,332.9,951,933
17623,2026-05-19,7,1,480.0,298.7,222.4,556,541
17624,2026-05-19,7,2,480.0,278.2,206.4,516,503
17625,2026-05-19,7,3,480.0,278.4,201.2,503,491
17626,2026-05-19,8,1,480.0,410.9,337.7,881,862
17627,2026-05-19,8,2,480.0,461.4,396.8,1035,1019
17628,2026-05-19,8,3,480.0,392.9,334.3,872,860
17629,2026-05-19,9,1,480.0,439.8,400.3,1264,1256
17630,2026-05-19,9,2,480.0,460.9,422.4,1334,1310
17631,2026-05-19,9,3,446.3,412.1,360.1,1137,1129
17632,2026-05-19,10,1,480.0,466.4,399.8,1599,1567
17633,2026-05-19,10,2,480.0,457.4,394.5,1578,1549
17634,2026-05-19,10,3,480.0,222.0,181.5,726,713
17635,2026-05-19,11,1,480.0,304.5,268.0,919,898
17636,2026-05-19,11,2,480.0,399.0,331.6,1137,1101
17637,2026-05-19,11,3,480.0,425.0,352.9,1210,1180
17638,2026-05-19,12,1,480.0,297.0,263.5,988,976
17639,2026-05-19,12,2,480.0,457.9,404.3,1516,1501
17640,2026-05-19,12,3,480.0,467.7,399.7,1499,1493
17641,2026-05-20,1,1,480.0,453.9,418.2,2091,2067
17642,2026-05-20,1,2,480.0,408.0,360.2,1801,1771
17643,2026-05-20,1,3,458.5,453.3,404.2,2021,1991
17644,2026-05-20,2,1,480.0,392.3,334.8,1674,1657
17645,2026-05-20,2,2,480.0,436.2,380.4,1902,1882
17646,2026-05-20,2,3,480.0,405.4,349.4,1747,1718
17647,2026-05-20,3,1,480.0,419.6,344.2,1530,1493
17648,2026-05-20,3,2,480.0,414.5,340.2,1512,1491
17649,2026-05-20,3,3,480.0,420.1,341.6,1518,1491
17650,2026-05-20,4,1,480.0,480.0,438.3,2768,2752
17651,2026-05-20,4,2,480.0,437.9,396.9,2507,2483
17652,2026-05-20,4,3,480.0,445.8,384.3,2427,2404
17653,2026-05-20,5,1,480.0,373.2,313.6,896,879
17654,2026-05-20,5,2,480.0,472.6,413.7,1182,1163
17655,2026-05-20,5,3,480.0,370.3,316.1,903,882
17656,2026-05-20,6,1,480.0,445.7,383.2,1095,1068
17657,2026-05-20,6,2,480.0,304.7,255.8,731,712
17658,2026-05-20,6,3,480.0,399.1,335.3,958,933
17659,2026-05-20,7,1,480.0,344.5,252.4,631,613
17660,2026-05-20,7,2,480.0,160.6,119.2,298,289
17661,2026-05-20,7,3,480.0,382.5,276.4,691,673
17662,2026-05-20,8,1,480.0,475.5,403.6,1053,1029
17663,2026-05-20,8,2,480.0,445.2,373.8,975,951
17664,2026-05-20,8,3,480.0,451.6,376.1,981,957
17665,2026-05-20,9,1,334.3,312.0,288.2,910,895
17666,2026-05-20,9,2,480.0,474.5,429.7,1357,1339
17667,2026-05-20,9,3,480.0,388.4,329.6,1041,1028
17668,2026-05-20,10,1,480.0,444.1,381.2,1525,1507
17669,2026-05-20,10,2,480.0,345.5,311.5,1246,1224
17670,2026-05-20,10,3,480.0,402.2,331.0,1324,1300
17671,2026-05-20,11,1,480.0,336.4,279.7,959,937
17672,2026-05-20,11,2,480.0,459.3,399.3,1369,1344
17673,2026-05-20,11,3,480.0,341.0,280.0,960,938
17674,2026-05-20,12,1,480.0,393.1,345.3,1295,1276
17675,2026-05-20,12,2,480.0,478.4,414.1,1553,1527
17676,2026-05-20,12,3,480.0,399.6,343.7,1289,1268
17677,2026-05-21,1,1,480.0,412.6,365.2,1826,1812
17678,2026-05-21,1,2,480.0,447.5,392.6,1963,1939
17679,2026-05-21,1,3,480.0,434.7,365.0,1825,1806
17680,2026-05-21,2,1,480.0,411.6,348.6,1743,1728
17681,2026-05-21,2,2,480.0,430.2,371.4,1857,1824
17682,2026-05-21,2,3,480.0,379.3,321.8,1609,1591
17683,2026-05-21,3,1,480.0,466.3,376.9,1675,1632
17684,2026-05-21,3,2,480.0,431.6,370.4,1646,1609
17685,2026-05-21,3,3,441.3,276.4,220.9,982,965
17686,2026-05-21,4,1,480.0,472.6,432.7,2733,2702
17687,2026-05-21,4,2,480.0,373.6,330.4,2087,2060
17688,2026-05-21,4,3,480.0,312.5,284.5,1797,1776
17689,2026-05-21,5,1,480.0,333.1,285.9,817,801
17690,2026-05-21,5,2,480.0,480.0,412.3,1178,1152
17691,2026-05-21,5,3,480.0,467.9,378.4,1081,1054
17692,2026-05-21,6,1,480.0,407.9,343.7,982,963
17693,2026-05-21,6,2,480.0,413.0,346.1,989,966
17694,2026-05-21,6,3,480.0,380.0,311.1,889,868
17695,2026-05-21,7,1,480.0,346.2,252.8,632,619
17696,2026-05-21,7,2,480.0,242.6,176.8,442,429
17697,2026-05-21,7,3,442.8,297.8,212.4,531,516
17698,2026-05-21,8,1,480.0,474.1,405.6,1058,1039
17699,2026-05-21,8,2,480.0,421.9,357.6,933,916
17700,2026-05-21,8,3,480.0,380.7,314.7,821,795
17701,2026-05-21,9,1,480.0,460.8,426.2,1346,1335
17702,2026-05-21,9,2,480.0,470.3,427.2,1349,1329
17703,2026-05-21,9,3,480.0,463.3,392.7,1240,1225
17704,2026-05-21,10,1,480.0,319.1,279.0,1116,1102
17705,2026-05-21,10,2,480.0,430.5,375.2,1501,1480
17706,2026-05-21,10,3,480.0,395.0,343.0,1372,1349
17707,2026-05-21,11,1,480.0,459.7,397.5,1363,1340
17708,2026-05-21,11,2,480.0,319.8,273.9,939,921
17709,2026-05-21,11,3,480.0,288.6,236.0,809,795
17710,2026-05-21,12,1,480.0,446.7,393.1,1474,1449
17711,2026-05-21,12,2,480.0,421.2,370.1,1388,1365
17712,2026-05-21,12,3,480.0,400.4,340.5,1277,1265
17713,2026-05-22,1,1,480.0,426.8,375.2,1876,1855
17714,2026-05-22,1,2,480.0,395.8,358.8,1794,1775
17715,2026-05-22,1,3,480.0,353.9,299.6,1498,1475
17716,2026-05-22,2,1,480.0,401.2,368.4,1842,1817
17717,2026-05-22,2,2,480.0,440.3,389.8,1949,1918
17718,2026-05-22,2,3,480.0,374.0,322.4,1612,1588
17719,2026-05-22,3,1,480.0,466.1,388.6,1727,1686
17720,2026-05-22,3,2,480.0,180.4,144.9,644,627
17721,2026-05-22,3,3,480.0,391.1,320.2,1423,1393
17722,2026-05-22,4,1,480.0,449.8,407.7,2575,2553
17723,2026-05-22,4,2,480.0,480.0,446.3,2819,2798
17724,2026-05-22,4,3,480.0,446.2,397.7,2512,2483
17725,2026-05-22,5,1,480.0,409.6,358.1,1023,1003
17726,2026-05-22,5,2,480.0,363.5,322.0,920,898
17727,2026-05-22,5,3,480.0,231.0,186.9,534,526
17728,2026-05-22,6,1,480.0,426.9,370.6,1059,1045
17729,2026-05-22,6,2,480.0,367.4,313.9,897,878
17730,2026-05-22,6,3,480.0,415.3,334.6,956,938
17731,2026-05-22,7,1,480.0,142.3,104.4,261,253
17732,2026-05-22,7,2,480.0,333.1,244.4,611,600
17733,2026-05-22,7,3,480.0,284.4,202.4,506,493
17734,2026-05-22,8,1,480.0,415.4,356.1,929,905
17735,2026-05-22,8,2,480.0,417.3,353.8,923,900
17736,2026-05-22,8,3,480.0,383.6,310.5,810,789
17737,2026-05-22,9,1,480.0,399.3,359.4,1135,1117
17738,2026-05-22,9,2,480.0,480.0,422.1,1333,1319
17739,2026-05-22,9,3,480.0,433.5,385.4,1217,1201
17740,2026-05-22,10,1,480.0,300.9,264.2,1057,1040
17741,2026-05-22,10,2,480.0,395.6,353.5,1414,1385
17742,2026-05-22,10,3,480.0,348.3,305.2,1221,1202
17743,2026-05-22,11,1,480.0,395.4,338.9,1162,1135
17744,2026-05-22,11,2,480.0,435.8,358.2,1228,1199
17745,2026-05-22,11,3,480.0,430.6,348.8,1196,1170
17746,2026-05-22,12,1,480.0,452.4,395.7,1484,1465
17747,2026-05-22,12,2,480.0,385.8,347.2,1302,1290
17748,2026-05-22,12,3,480.0,454.5,382.4,1434,1425
17749,2026-05-23,1,1,480.0,422.9,367.8,1839,1826
17750,2026-05-23,1,2,480.0,471.7,418.2,2091,2069
17751,2026-05-23,1,3,480.0,426.7,360.2,1801,1777
17752,2026-05-23,2,1,480.0,480.0,419.8,2099,2068
17753,2026-05-23,2,2,480.0,480.0,430.8,2154,2123
17754,2026-05-23,2,3,480.0,426.9,364.0,1820,1803
17755,2026-05-23,3,1,480.0,359.7,308.0,1369,1345
17756,2026-05-23,3,2,480.0,379.2,307.8,1368,1348
17757,2026-05-23,3,3,480.0,321.0,256.5,1140,1115
17758,2026-05-23,4,1,480.0,390.2,357.8,2260,2240
17759,2026-05-23,4,2,480.0,424.9,392.8,2481,2460
17760,2026-05-23,4,3,480.0,395.9,343.9,2172,2143
17761,2026-05-23,5,1,480.0,378.8,324.1,926,910
17762,2026-05-23,5,2,480.0,357.3,315.4,901,887
17763,2026-05-23,5,3,480.0,324.5,268.4,767,755
17764,2026-05-23,6,1,480.0,442.5,374.9,1071,1057
17765,2026-05-23,6,2,480.0,417.8,354.2,1012,989
17766,2026-05-23,6,3,480.0,411.9,337.8,965,950
17767,2026-05-23,7,1,480.0,242.5,178.8,447,436
17768,2026-05-23,7,2,480.0,250.9,180.8,452,443
17769,2026-05-23,7,3,480.0,284.3,202.8,507,492
17770,2026-05-23,8,1,480.0,399.7,350.8,915,898
17771,2026-05-23,8,2,480.0,365.3,309.7,808,795
17772,2026-05-23,8,3,480.0,394.2,331.6,865,845
17773,2026-05-23,9,1,480.0,402.3,355.6,1123,1096
17774,2026-05-23,9,2,480.0,480.0,434.8,1373,1353
17775,2026-05-23,9,3,480.0,463.6,399.9,1263,1252
17776,2026-05-23,10,1,480.0,429.5,363.0,1452,1429
17777,2026-05-23,10,2,480.0,433.7,374.8,1499,1467
17778,2026-05-23,10,3,480.0,372.3,311.2,1245,1224
17779,2026-05-23,11,1,480.0,473.7,400.2,1372,1339
17780,2026-05-23,11,2,480.0,409.7,346.5,1188,1157
17781,2026-05-23,11,3,480.0,361.1,291.4,999,968
17782,2026-05-23,12,1,480.0,333.5,288.0,1080,1066
17783,2026-05-23,12,2,480.0,474.1,430.9,1616,1592
17784,2026-05-23,12,3,449.3,411.6,351.5,1318,1297
17785,2026-05-24,1,1,480.0,448.1,398.0,1990,1956
17786,2026-05-24,1,2,480.0,383.3,349.8,1749,1728
17787,2026-05-24,1,3,480.0,436.9,376.8,1884,1870
17788,2026-05-24,2,1,480.0,422.6,379.0,1895,1874
17789,2026-05-24,2,2,480.0,463.4,412.8,2064,2036
17790,2026-05-24,2,3,444.3,415.4,358.6,1793,1763
17791,2026-05-24,3,1,480.0,347.8,291.4,1295,1269
17792,2026-05-24,3,2,480.0,448.5,380.5,1691,1653
17793,2026-05-24,3,3,480.0,351.4,270.0,1200,1168
17794,2026-05-24,4,1,480.0,403.9,365.3,2307,2281
17795,2026-05-24,4,2,480.0,477.7,439.4,2775,2737
17796,2026-05-24,4,3,480.0,451.8,397.4,2510,2465
17797,2026-05-24,5,1,480.0,386.3,327.6,936,923
17798,2026-05-24,5,2,480.0,412.6,360.5,1030,1008
17799,2026-05-24,5,3,480.0,235.6,196.0,560,546
17800,2026-05-24,6,1,480.0,369.6,307.6,879,855
17801,2026-05-24,6,2,480.0,397.3,342.3,978,956
17802,2026-05-24,6,3,480.0,431.2,366.4,1047,1029
17803,2026-05-24,7,1,480.0,319.1,240.0,600,589
17804,2026-05-24,7,2,480.0,216.1,157.6,394,383
17805,2026-05-24,7,3,480.0,179.5,129.2,323,313
17806,2026-05-24,8,1,480.0,421.0,363.4,948,932
17807,2026-05-24,8,2,480.0,423.8,360.7,941,926
17808,2026-05-24,8,3,480.0,296.9,249.9,652,640
17809,2026-05-24,9,1,480.0,421.2,384.8,1215,1199
17810,2026-05-24,9,2,480.0,480.0,420.9,1329,1307
17811,2026-05-24,9,3,480.0,470.7,424.6,1341,1318
17812,2026-05-24,10,1,480.0,480.0,422.2,1689,1665
17813,2026-05-24,10,2,480.0,388.3,328.2,1313,1290
17814,2026-05-24,10,3,480.0,449.3,383.2,1533,1513
17815,2026-05-24,11,1,480.0,392.5,336.3,1153,1131
17816,2026-05-24,11,2,480.0,261.1,221.4,759,745
17817,2026-05-24,11,3,480.0,437.1,350.0,1200,1177
17818,2026-05-24,12,1,480.0,459.5,412.8,1548,1538
17819,2026-05-24,12,2,480.0,480.0,424.3,1591,1574
17820,2026-05-24,12,3,448.7,350.8,312.3,1171,1158
17821,2026-05-25,1,1,480.0,423.2,379.4,1897,1865
17822,2026-05-25,1,2,480.0,455.6,403.4,2017,1988
17823,2026-05-25,1,3,480.0,440.2,374.8,1874,1855
17824,2026-05-25,2,1,480.0,473.3,398.6,1993,1962
17825,2026-05-25,2,2,480.0,402.9,362.6,1813,1781
17826,2026-05-25,2,3,480.0,414.1,361.2,1806,1770
17827,2026-05-25,3,1,480.0,419.3,350.8,1559,1516
17828,2026-05-25,3,2,480.0,404.7,335.5,1491,1449
17829,2026-05-25,3,3,439.6,387.4,314.3,1397,1363
17830,2026-05-25,4,1,480.0,438.4,394.4,2491,2463
17831,2026-05-25,4,2,480.0,435.4,390.8,2468,2423
17832,2026-05-25,4,3,480.0,480.0,414.5,2618,2594
17833,2026-05-25,5,1,480.0,443.2,370.3,1058,1028
17834,2026-05-25,5,2,480.0,426.1,364.0,1040,1019
17835,2026-05-25,5,3,480.0,441.5,366.1,1046,1020
17836,2026-05-25,6,1,480.0,440.6,392.4,1121,1097
17837,2026-05-25,6,2,480.0,340.2,290.9,831,812
17838,2026-05-25,6,3,480.0,456.1,372.1,1063,1048
17839,2026-05-25,7,1,480.0,328.3,234.8,587,571
17840,2026-05-25,7,2,480.0,367.7,266.8,667,652
17841,2026-05-25,7,3,480.0,272.5,192.4,481,466
17842,2026-05-25,8,1,480.0,400.4,345.0,900,884
17843,2026-05-25,8,2,480.0,434.9,379.5,990,973
17844,2026-05-25,8,3,480.0,291.4,233.8,610,601
17845,2026-05-25,9,1,480.0,306.2,269.5,851,842
17846,2026-05-25,9,2,480.0,438.9,399.9,1263,1250
17847,2026-05-25,9,3,480.0,436.1,375.6,1186,1167
17848,2026-05-25,10,1,480.0,467.7,397.8,1591,1568
17849,2026-05-25,10,2,480.0,341.8,298.0,1192,1175
17850,2026-05-25,10,3,445.3,378.9,321.5,1286,1264
17851,2026-05-25,11,1,480.0,438.0,371.3,1273,1234
17852,2026-05-25,11,2,480.0,426.6,369.8,1268,1243
17853,2026-05-25,11,3,480.0,336.8,277.7,952,928
17854,2026-05-25,12,1,480.0,452.7,390.1,1463,1452
17855,2026-05-25,12,2,480.0,452.1,420.0,1575,1547
17856,2026-05-25,12,3,480.0,382.3,331.2,1242,1223
17857,2026-05-26,1,1,480.0,423.6,375.8,1879,1851
17858,2026-05-26,1,2,480.0,399.4,349.6,1748,1708
17859,2026-05-26,1,3,480.0,448.4,394.2,1971,1944
17860,2026-05-26,2,1,480.0,426.4,374.8,1874,1854
17861,2026-05-26,2,2,480.0,436.7,381.2,1906,1880
17862,2026-05-26,2,3,480.0,368.3,315.0,1575,1548
17863,2026-05-26,3,1,480.0,464.7,389.7,1732,1701
17864,2026-05-26,3,2,480.0,452.7,373.1,1658,1620
17865,2026-05-26,3,3,480.0,290.5,231.5,1029,1009
17866,2026-05-26,4,1,480.0,433.7,399.0,2520,2486
17867,2026-05-26,4,2,480.0,447.1,397.7,2512,2491
17868,2026-05-26,4,3,480.0,459.8,403.8,2550,2536
17869,2026-05-26,5,1,480.0,386.5,341.6,976,964
17870,2026-05-26,5,2,480.0,405.3,347.2,992,970
17871,2026-05-26,5,3,480.0,408.6,337.8,965,945
17872,2026-05-26,6,1,480.0,466.8,392.7,1122,1098
17873,2026-05-26,6,2,480.0,450.2,377.3,1078,1055
17874,2026-05-26,6,3,480.0,411.2,335.3,958,935
17875,2026-05-26,7,1,480.0,276.4,211.2,528,519
17876,2026-05-26,7,2,480.0,318.0,230.4,576,557
17877,2026-05-26,7,3,480.0,196.0,134.4,336,330
17878,2026-05-26,8,1,480.0,303.7,252.2,658,645
17879,2026-05-26,8,2,480.0,341.3,297.9,777,764
17880,2026-05-26,8,3,480.0,436.0,351.9,918,904
17881,2026-05-26,9,1,480.0,431.0,385.7,1218,1204
17882,2026-05-26,9,2,480.0,394.7,346.8,1095,1075
17883,2026-05-26,9,3,480.0,398.0,348.6,1101,1083
17884,2026-05-26,10,1,480.0,421.6,365.0,1460,1439
17885,2026-05-26,10,2,480.0,309.0,280.2,1121,1114
17886,2026-05-26,10,3,480.0,350.3,291.2,1165,1151
17887,2026-05-26,11,1,480.0,443.6,382.4,1311,1285
17888,2026-05-26,11,2,480.0,430.7,368.1,1262,1231
17889,2026-05-26,11,3,480.0,351.2,290.2,995,975
17890,2026-05-26,12,1,480.0,461.0,403.7,1514,1499
17891,2026-05-26,12,2,480.0,459.3,408.3,1531,1508
17892,2026-05-26,12,3,459.1,157.8,139.5,523,517
17893,2026-05-27,1,1,480.0,480.0,427.8,2139,2110
17894,2026-05-27,1,2,480.0,425.9,381.8,1909,1877
17895,2026-05-27,1,3,480.0,385.1,340.0,1700,1674
17896,2026-05-27,2,1,480.0,467.5,414.6,2073,2042
17897,2026-05-27,2,2,480.0,363.1,326.4,1632,1607
17898,2026-05-27,2,3,480.0,378.4,318.8,1594,1575
17899,2026-05-27,3,1,480.0,408.4,331.0,1471,1434
17900,2026-05-27,3,2,480.0,393.0,324.4,1442,1403
17901,2026-05-27,3,3,480.0,360.9,288.7,1283,1262
17902,2026-05-27,4,1,480.0,465.8,432.1,2729,2705
17903,2026-05-27,4,2,480.0,480.0,429.4,2712,2689
17904,2026-05-27,4,3,480.0,480.0,425.6,2688,2664
17905,2026-05-27,5,1,480.0,396.9,344.1,983,965
17906,2026-05-27,5,2,480.0,416.8,361.9,1034,1015
17907,2026-05-27,5,3,480.0,411.0,340.6,973,959
17908,2026-05-27,6,1,480.0,376.3,318.5,910,896
17909,2026-05-27,6,2,480.0,480.0,403.9,1154,1137
17910,2026-05-27,6,3,480.0,433.3,360.9,1031,1006
17911,2026-05-27,7,1,480.0,286.8,214.0,535,520
17912,2026-05-27,7,2,480.0,313.5,228.0,570,559
17913,2026-05-27,7,3,480.0,225.3,160.0,400,391
17914,2026-05-27,8,1,480.0,421.9,370.3,966,948
17915,2026-05-27,8,2,480.0,427.6,369.5,964,949
17916,2026-05-27,8,3,480.0,454.8,371.1,968,949
17917,2026-05-27,9,1,480.0,464.9,421.8,1332,1312
17918,2026-05-27,9,2,480.0,462.9,413.2,1305,1294
17919,2026-05-27,9,3,446.4,311.9,276.1,872,862
17920,2026-05-27,10,1,480.0,406.7,341.8,1367,1338
17921,2026-05-27,10,2,480.0,333.8,285.8,1143,1120
17922,2026-05-27,10,3,441.8,422.6,366.0,1464,1446
17923,2026-05-27,11,1,480.0,398.7,339.5,1164,1142
17924,2026-05-27,11,2,480.0,409.0,354.7,1216,1189
17925,2026-05-27,11,3,480.0,339.9,277.4,951,929
17926,2026-05-27,12,1,480.0,459.3,406.7,1525,1502
17927,2026-05-27,12,2,480.0,436.3,386.4,1449,1432
17928,2026-05-27,12,3,435.0,245.4,207.5,778,770
17929,2026-05-28,1,1,480.0,411.9,373.0,1865,1829
17930,2026-05-28,1,2,480.0,410.8,366.0,1830,1801
17931,2026-05-28,1,3,480.0,396.2,350.6,1753,1728
17932,2026-05-28,2,1,480.0,450.8,401.2,2006,1972
17933,2026-05-28,2,2,480.0,408.4,358.4,1792,1759
17934,2026-05-28,2,3,443.6,345.3,297.4,1487,1459
17935,2026-05-28,3,1,480.0,380.0,324.7,1443,1416
17936,2026-05-28,3,2,480.0,387.4,309.8,1377,1348
17937,2026-05-28,3,3,480.0,366.6,299.2,1330,1297
17938,2026-05-28,4,1,480.0,480.0,430.7,2720,2704
17939,2026-05-28,4,2,480.0,480.0,413.7,2613,2561
17940,2026-05-28,4,3,480.0,471.3,415.6,2625,2612
17941,2026-05-28,5,1,480.0,369.7,311.9,891,871
17942,2026-05-28,5,2,480.0,255.1,216.7,619,610
17943,2026-05-28,5,3,480.0,311.3,263.2,752,740
17944,2026-05-28,6,1,480.0,320.8,278.9,797,776
17945,2026-05-28,6,2,480.0,419.2,350.7,1002,981
17946,2026-05-28,6,3,480.0,451.5,369.2,1055,1038
17947,2026-05-28,7,1,480.0,270.8,196.4,491,477
17948,2026-05-28,7,2,480.0,379.3,269.2,673,649
17949,2026-05-28,7,3,480.0,305.2,217.2,543,528
17950,2026-05-28,8,1,480.0,366.0,312.0,814,793
17951,2026-05-28,8,2,480.0,445.8,371.1,968,949
17952,2026-05-28,8,3,480.0,426.6,356.9,931,909
17953,2026-05-28,9,1,480.0,465.7,406.0,1282,1262
17954,2026-05-28,9,2,480.0,396.9,354.7,1120,1115
17955,2026-05-28,9,3,480.0,407.4,355.9,1124,1115
17956,2026-05-28,10,1,480.0,386.9,332.0,1328,1306
17957,2026-05-28,10,2,480.0,392.5,352.5,1410,1391
17958,2026-05-28,10,3,480.0,459.6,397.8,1591,1565
17959,2026-05-28,11,1,480.0,284.6,239.2,820,797
17960,2026-05-28,11,2,480.0,399.9,337.5,1157,1130
17961,2026-05-28,11,3,480.0,400.8,326.4,1119,1096
17962,2026-05-28,12,1,480.0,480.0,420.8,1578,1558
17963,2026-05-28,12,2,480.0,448.0,395.7,1484,1469
17964,2026-05-28,12,3,480.0,397.5,338.1,1268,1252
17965,2026-05-29,1,1,288.1,276.3,252.6,1263,1245
17966,2026-05-29,1,2,480.0,453.4,403.8,2019,1989
17967,2026-05-29,1,3,480.0,431.5,369.4,1847,1826
17968,2026-05-29,2,1,480.0,211.0,186.2,931,918
17969,2026-05-29,2,2,480.0,446.4,400.0,2000,1959
17970,2026-05-29,2,3,480.0,448.4,394.4,1972,1941
17971,2026-05-29,3,1,480.0,446.2,395.1,1756,1724
17972,2026-05-29,3,2,480.0,433.8,357.8,1590,1552
17973,2026-05-29,3,3,480.0,395.3,322.6,1434,1401
17974,2026-05-29,4,1,480.0,464.7,420.1,2653,2606
17975,2026-05-29,4,2,480.0,465.1,427.5,2700,2669
17976,2026-05-29,4,3,480.0,454.4,404.7,2556,2537
17977,2026-05-29,5,1,480.0,432.1,372.8,1065,1048
17978,2026-05-29,5,2,480.0,462.7,393.4,1124,1100
17979,2026-05-29,5,3,480.0,459.9,385.7,1102,1080
17980,2026-05-29,6,1,480.0,428.3,369.6,1056,1036
17981,2026-05-29,6,2,480.0,352.5,298.6,853,832
17982,2026-05-29,6,3,480.0,333.6,277.9,794,778
17983,2026-05-29,7,1,480.0,252.2,181.2,453,442
17984,2026-05-29,7,2,480.0,257.4,193.6,484,471
17985,2026-05-29,7,3,480.0,268.8,193.2,483,470
17986,2026-05-29,8,1,480.0,369.9,313.6,818,805
17987,2026-05-29,8,2,480.0,424.4,366.1,955,936
17988,2026-05-29,8,3,480.0,456.9,371.8,970,949
17989,2026-05-29,9,1,480.0,450.6,401.2,1267,1257
17990,2026-05-29,9,2,480.0,404.4,368.9,1165,1146
17991,2026-05-29,9,3,439.2,428.6,367.3,1160,1150
17992,2026-05-29,10,1,480.0,405.2,343.8,1375,1346
17993,2026-05-29,10,2,480.0,310.8,261.8,1047,1029
17994,2026-05-29,10,3,480.0,439.8,377.8,1511,1490
17995,2026-05-29,11,1,480.0,455.7,369.5,1267,1239
17996,2026-05-29,11,2,480.0,409.8,338.3,1160,1138
17997,2026-05-29,11,3,480.0,460.4,373.6,1281,1253
17998,2026-05-29,12,1,480.0,419.7,368.3,1381,1354
17999,2026-05-29,12,2,480.0,458.1,403.2,1512,1489
18000,2026-05-29,12,3,480.0,439.6,371.5,1393,1377
18001,2026-05-30,1,1,480.0,383.1,353.0,1765,1758
18002,2026-05-30,1,2,480.0,425.1,375.0,1875,1856
18003,2026-05-30,1,3,480.0,458.5,403.6,2018,2008
18004,2026-05-30,2,1,480.0,470.0,405.8,2029,2009
18005,2026-05-30,2,2,480.0,472.4,415.0,2075,2049
18006,2026-05-30,2,3,480.0,427.0,365.6,1828,1800
18007,2026-05-30,3,1,480.0,359.6,301.3,1339,1310
18008,2026-05-30,3,2,480.0,292.5,241.2,1072,1048
18009,2026-05-30,3,3,428.4,254.6,207.0,920,893
18010,2026-05-30,4,1,480.0,480.0,433.7,2739,2715
18011,2026-05-30,4,2,480.0,428.1,394.7,2493,2472
18012,2026-05-30,4,3,480.0,433.1,379.5,2397,2368
18013,2026-05-30,5,1,480.0,376.7,324.4,927,911
18014,2026-05-30,5,2,480.0,453.7,399.4,1141,1115
18015,2026-05-30,5,3,480.0,337.0,279.3,798,787
18016,2026-05-30,6,1,480.0,352.7,307.6,879,862
18017,2026-05-30,6,2,480.0,476.2,407.8,1165,1143
18018,2026-05-30,6,3,480.0,375.4,319.2,912,893
18019,2026-05-30,7,1,480.0,253.5,187.2,468,458
18020,2026-05-30,7,2,480.0,237.6,172.0,430,420
18021,2026-05-30,7,3,480.0,276.1,197.6,494,481
18022,2026-05-30,8,1,480.0,433.6,357.3,932,909
18023,2026-05-30,8,2,480.0,264.1,214.3,559,546
18024,2026-05-30,8,3,435.0,367.1,307.1,801,786
18025,2026-05-30,9,1,480.0,433.5,382.2,1207,1191
18026,2026-05-30,9,2,480.0,474.4,426.6,1347,1316
18027,2026-05-30,9,3,455.9,447.9,391.1,1235,1221
18028,2026-05-30,10,1,480.0,433.0,362.5,1450,1424
18029,2026-05-30,10,2,480.0,433.4,371.8,1487,1453
18030,2026-05-30,10,3,480.0,338.0,286.8,1147,1131
18031,2026-05-30,11,1,480.0,282.7,241.2,827,808
18032,2026-05-30,11,2,480.0,420.3,364.0,1248,1215
18033,2026-05-30,11,3,480.0,324.4,272.7,935,911
18034,2026-05-30,12,1,480.0,435.8,375.7,1409,1389
18035,2026-05-30,12,2,480.0,445.7,400.5,1502,1479
18036,2026-05-30,12,3,480.0,410.6,357.3,1340,1328
18037,2026-05-31,1,1,480.0,455.0,400.8,2004,1990
18038,2026-05-31,1,2,480.0,412.4,373.6,1868,1843
18039,2026-05-31,1,3,480.0,408.7,351.4,1757,1742
18040,2026-05-31,2,1,480.0,453.4,394.4,1972,1933
18041,2026-05-31,2,2,480.0,454.7,403.6,2018,1993
18042,2026-05-31,2,3,480.0,440.1,375.8,1879,1847
18043,2026-05-31,3,1,480.0,404.7,341.8,1519,1483
18044,2026-05-31,3,2,480.0,425.2,360.4,1602,1556
18045,2026-05-31,3,3,480.0,475.5,391.3,1739,1710
18046,2026-05-31,4,1,480.0,457.5,408.0,2577,2555
18047,2026-05-31,4,2,480.0,423.9,393.5,2485,2466
18048,2026-05-31,4,3,480.0,480.0,429.6,2713,2662
18049,2026-05-31,5,1,480.0,332.9,287.0,820,812
18050,2026-05-31,5,2,480.0,407.8,351.1,1003,988
18051,2026-05-31,5,3,480.0,433.7,350.0,1000,979
18052,2026-05-31,6,1,480.0,342.6,304.5,870,858
18053,2026-05-31,6,2,480.0,446.5,373.8,1068,1052
18054,2026-05-31,6,3,480.0,415.1,347.9,994,967
18055,2026-05-31,7,1,480.0,174.2,128.4,321,313
18056,2026-05-31,7,2,480.0,368.5,275.2,688,668
18057,2026-05-31,7,3,480.0,327.4,241.2,603,589
18058,2026-05-31,8,1,480.0,381.6,326.6,852,835
18059,2026-05-31,8,2,480.0,394.4,327.0,853,841
18060,2026-05-31,8,3,480.0,438.0,370.7,967,948
18061,2026-05-31,9,1,480.0,436.2,385.4,1217,1205
18062,2026-05-31,9,2,480.0,438.2,391.7,1237,1218
18063,2026-05-31,9,3,480.0,447.2,390.8,1234,1228
18064,2026-05-31,10,1,480.0,463.7,411.0,1644,1618
18065,2026-05-31,10,2,480.0,410.9,363.5,1454,1431
18066,2026-05-31,10,3,480.0,480.0,411.5,1646,1611
18067,2026-05-31,11,1,480.0,385.7,323.2,1108,1080
18068,2026-05-31,11,2,480.0,325.6,270.7,928,910
18069,2026-05-31,11,3,480.0,448.8,368.7,1264,1240
18070,2026-05-31,12,1,480.0,465.0,414.9,1556,1534
18071,2026-05-31,12,2,480.0,453.0,392.8,1473,1461
18072,2026-05-31,12,3,480.0,450.8,377.3,1415,1403
18073,2026-06-01,1,1,480.0,441.1,381.2,1906,1882
18074,2026-06-01,1,2,480.0,379.6,341.0,1705,1681
18075,2026-06-01,1,3,480.0,389.9,328.4,1642,1622
18076,2026-06-01,2,1,480.0,392.9,349.0,1745,1729
18077,2026-06-01,2,2,480.0,383.2,339.8,1699,1674
18078,2026-06-01,2,3,480.0,435.4,364.2,1821,1808
18079,2026-06-01,3,1,480.0,328.5,272.7,1212,1185
18080,2026-06-01,3,2,480.0,386.4,313.6,1394,1366
18081,2026-06-01,3,3,480.0,412.0,343.6,1527,1501
18082,2026-06-01,4,1,480.0,447.0,400.7,2531,2509
18083,2026-06-01,4,2,480.0,473.5,423.9,2677,2639
18084,2026-06-01,4,3,480.0,446.3,391.4,2472,2449
18085,2026-06-01,5,1,480.0,387.9,335.3,958,940
18086,2026-06-01,5,2,480.0,451.5,400.4,1144,1127
18087,2026-06-01,5,3,480.0,409.3,326.6,933,915
18088,2026-06-01,6,1,480.0,381.2,328.6,939,916
18089,2026-06-01,6,2,480.0,454.4,385.0,1100,1072
18090,2026-06-01,6,3,480.0,338.7,277.2,792,777
18091,2026-06-01,7,1,480.0,333.9,251.2,628,606
18092,2026-06-01,7,2,480.0,202.6,145.2,363,352
18093,2026-06-01,7,3,480.0,252.6,180.8,452,441
18094,2026-06-01,8,1,480.0,418.4,366.9,957,935
18095,2026-06-01,8,2,480.0,440.9,382.6,998,974
18096,2026-06-01,8,3,480.0,413.6,356.1,929,900
18097,2026-06-01,9,1,480.0,435.7,401.5,1268,1249
18098,2026-06-01,9,2,480.0,415.0,392.4,1239,1227
18099,2026-06-01,9,3,447.5,429.3,366.7,1158,1147
18100,2026-06-01,10,1,480.0,385.2,328.5,1314,1291
18101,2026-06-01,10,2,480.0,460.8,402.8,1611,1587
18102,2026-06-01,10,3,480.0,282.4,236.0,944,930
18103,2026-06-01,11,1,480.0,394.7,338.3,1160,1134
18104,2026-06-01,11,2,480.0,404.6,336.6,1154,1122
18105,2026-06-01,11,3,480.0,462.9,382.1,1310,1282
18106,2026-06-01,12,1,480.0,480.0,410.1,1538,1504
18107,2026-06-01,12,2,480.0,460.6,396.5,1487,1461
18108,2026-06-01,12,3,480.0,476.0,403.2,1512,1490
18109,2026-06-02,1,1,480.0,456.9,407.6,2038,2002
18110,2026-06-02,1,2,480.0,439.0,384.8,1924,1898
18111,2026-06-02,1,3,480.0,366.4,302.8,1514,1493
18112,2026-06-02,2,1,480.0,432.2,362.2,1811,1787
18113,2026-06-02,2,2,480.0,409.3,355.2,1776,1751
18114,2026-06-02,2,3,480.0,420.5,349.0,1745,1720
18115,2026-06-02,3,1,480.0,316.2,253.3,1126,1106
18116,2026-06-02,3,2,480.0,476.1,393.5,1749,1704
18117,2026-06-02,3,3,480.0,354.1,286.4,1273,1234
18118,2026-06-02,4,1,480.0,454.9,407.1,2571,2545
18119,2026-06-02,4,2,480.0,460.9,407.4,2573,2532
18120,2026-06-02,4,3,480.0,403.8,366.9,2317,2279
18121,2026-06-02,5,1,480.0,364.9,316.4,904,881
18122,2026-06-02,5,2,480.0,447.4,380.8,1088,1068
18123,2026-06-02,5,3,480.0,316.9,260.4,744,731
18124,2026-06-02,6,1,480.0,406.3,352.1,1006,989
18125,2026-06-02,6,2,480.0,456.1,377.3,1078,1051
18126,2026-06-02,6,3,480.0,305.9,252.0,720,703
18127,2026-06-02,7,1,480.0,351.6,260.0,650,633
18128,2026-06-02,7,2,480.0,353.3,264.0,660,642
18129,2026-06-02,7,3,480.0,209.5,149.6,374,363
18130,2026-06-02,8,1,480.0,457.2,381.8,996,977
18131,2026-06-02,8,2,480.0,444.6,371.1,968,942
18132,2026-06-02,8,3,480.0,367.1,292.9,764,746
18133,2026-06-02,9,1,480.0,471.5,425.9,1345,1329
18134,2026-06-02,9,2,480.0,474.8,430.0,1358,1340
18135,2026-06-02,9,3,480.0,476.4,415.1,1311,1291
18136,2026-06-02,10,1,480.0,353.5,312.8,1251,1229
18137,2026-06-02,10,2,480.0,420.2,364.8,1459,1433
18138,2026-06-02,10,3,480.0,436.4,360.8,1443,1421
18139,2026-06-02,11,1,480.0,435.7,371.3,1273,1238
18140,2026-06-02,11,2,480.0,413.2,347.1,1190,1165
18141,2026-06-02,11,3,480.0,342.9,294.9,1011,993
18142,2026-06-02,12,1,480.0,445.8,396.8,1488,1459
18143,2026-06-02,12,2,480.0,392.1,338.9,1271,1247
18144,2026-06-02,12,3,480.0,402.7,357.3,1340,1324
18145,2026-06-03,1,1,480.0,475.3,427.0,2135,2105
18146,2026-06-03,1,2,480.0,436.7,380.6,1903,1897
18147,2026-06-03,1,3,480.0,469.4,398.4,1992,1975
18148,2026-06-03,2,1,480.0,369.4,327.0,1635,1605
18149,2026-06-03,2,2,480.0,472.3,420.8,2104,2070
18150,2026-06-03,2,3,480.0,478.7,424.4,2122,2087
18151,2026-06-03,3,1,480.0,376.7,319.5,1420,1394
18152,2026-06-03,3,2,480.0,351.3,281.2,1250,1216
18153,2026-06-03,3,3,480.0,346.4,288.0,1280,1253
18154,2026-06-03,4,1,480.0,477.7,438.3,2768,2741
18155,2026-06-03,4,2,480.0,390.7,349.4,2207,2184
18156,2026-06-03,4,3,480.0,458.6,408.5,2580,2559
18157,2026-06-03,5,1,480.0,424.4,363.3,1038,1023
18158,2026-06-03,5,2,480.0,430.8,371.0,1060,1043
18159,2026-06-03,5,3,480.0,421.3,354.6,1013,998
18160,2026-06-03,6,1,480.0,416.7,347.6,993,975
18161,2026-06-03,6,2,480.0,303.4,255.2,729,717
18162,2026-06-03,6,3,480.0,393.6,324.8,928,912
18163,2026-06-03,7,1,480.0,249.4,179.2,448,436
18164,2026-06-03,7,2,480.0,272.3,195.2,488,474
18165,2026-06-03,7,3,480.0,302.3,215.6,539,525
18166,2026-06-03,8,1,286.9,163.7,145.7,380,371
18167,2026-06-03,8,2,480.0,473.9,407.9,1064,1036
18168,2026-06-03,8,3,480.0,459.5,379.1,989,966
18169,2026-06-03,9,1,480.0,469.1,433.2,1368,1353
18170,2026-06-03,9,2,480.0,480.0,430.4,1359,1339
18171,2026-06-03,9,3,480.0,402.1,354.4,1119,1107
18172,2026-06-03,10,1,480.0,456.0,391.0,1564,1537
18173,2026-06-03,10,2,480.0,436.0,380.2,1521,1502
18174,2026-06-03,10,3,480.0,194.1,162.0,648,637
18175,2026-06-03,11,1,480.0,431.0,364.9,1251,1216
18176,2026-06-03,11,2,480.0,397.2,340.7,1168,1136
18177,2026-06-03,11,3,480.0,221.6,185.5,636,620
18178,2026-06-03,12,1,480.0,467.7,421.6,1581,1559
18179,2026-06-03,12,2,480.0,367.3,309.6,1161,1146
18180,2026-06-03,12,3,434.8,353.4,300.3,1126,1113
18181,2026-06-04,1,1,480.0,450.1,400.6,2003,1979
18182,2026-06-04,1,2,480.0,420.8,370.0,1850,1831
18183,2026-06-04,1,3,480.0,446.5,382.2,1911,1879
18184,2026-06-04,2,1,480.0,416.3,368.0,1840,1803
18185,2026-06-04,2,2,480.0,445.7,394.0,1970,1940
18186,2026-06-04,2,3,480.0,459.1,381.2,1906,1882
18187,2026-06-04,3,1,480.0,480.0,399.8,1777,1740
18188,2026-06-04,3,2,480.0,381.2,309.8,1377,1343
18189,2026-06-04,3,3,480.0,251.3,207.0,920,902
18190,2026-06-04,4,1,480.0,434.7,395.4,2497,2489
18191,2026-06-04,4,2,480.0,468.9,420.2,2654,2620
18192,2026-06-04,4,3,480.0,446.5,402.2,2540,2514
18193,2026-06-04,5,1,480.0,385.2,339.5,970,953
18194,2026-06-04,5,2,480.0,429.4,363.3,1038,1016
18195,2026-06-04,5,3,480.0,422.1,361.6,1033,1019
18196,2026-06-04,6,1,480.0,355.8,287.0,820,803
18197,2026-06-04,6,2,480.0,391.5,326.6,933,911
18198,2026-06-04,6,3,433.7,290.7,235.2,672,660
18199,2026-06-04,7,1,480.0,346.4,256.8,642,623
18200,2026-06-04,7,2,480.0,135.1,95.6,239,233
18201,2026-06-04,7,3,480.0,318.9,225.6,564,546
18202,2026-06-04,8,1,480.0,407.1,344.2,898,878
18203,2026-06-04,8,2,480.0,353.6,295.9,772,754
18204,2026-06-04,8,3,480.0,316.1,258.0,673,659
18205,2026-06-04,9,1,480.0,379.4,346.8,1095,1080
18206,2026-06-04,9,2,480.0,343.0,300.2,948,938
18207,2026-06-04,9,3,480.0,437.7,378.4,1195,1178
18208,2026-06-04,10,1,480.0,439.5,381.8,1527,1508
18209,2026-06-04,10,2,480.0,300.4,263.0,1052,1042
18210,2026-06-04,10,3,452.6,360.0,317.8,1271,1247
18211,2026-06-04,11,1,480.0,405.0,351.2,1204,1170
18212,2026-06-04,11,2,480.0,440.1,379.5,1301,1275
18213,2026-06-04,11,3,480.0,422.9,357.0,1224,1202
18214,2026-06-04,12,1,480.0,474.8,416.0,1560,1552
18215,2026-06-04,12,2,480.0,437.1,385.6,1446,1422
18216,2026-06-04,12,3,480.0,345.6,289.1,1084,1066
18217,2026-06-05,1,1,480.0,453.4,407.6,2038,2023
18218,2026-06-05,1,2,480.0,480.0,427.8,2139,2100
18219,2026-06-05,1,3,480.0,461.1,383.4,1917,1889
18220,2026-06-05,2,1,480.0,419.0,369.6,1848,1828
18221,2026-06-05,2,2,480.0,464.8,424.0,2120,2079
18222,2026-06-05,2,3,480.0,332.2,293.0,1465,1446
18223,2026-06-05,3,1,480.0,437.9,360.4,1602,1566
18224,2026-06-05,3,2,480.0,460.0,379.4,1686,1655
18225,2026-06-05,3,3,480.0,370.6,298.4,1326,1307
18226,2026-06-05,4,1,480.0,429.2,394.9,2494,2478
18227,2026-06-05,4,2,480.0,426.2,393.6,2486,2459
18228,2026-06-05,4,3,480.0,444.6,403.4,2548,2530
18229,2026-06-05,5,1,480.0,372.6,317.1,906,894
18230,2026-06-05,5,2,480.0,421.1,355.6,1016,998
18231,2026-06-05,5,3,480.0,476.1,397.6,1136,1118
18232,2026-06-05,6,1,480.0,454.4,391.3,1118,1095
18233,2026-06-05,6,2,480.0,389.0,329.4,941,930
18234,2026-06-05,6,3,480.0,434.0,357.4,1021,1004
18235,2026-06-05,7,1,480.0,305.8,219.2,548,530
18236,2026-06-05,7,2,480.0,250.4,180.4,451,439
18237,2026-06-05,7,3,480.0,317.5,227.2,568,548
18238,2026-06-05,8,1,480.0,433.5,369.5,964,940
18239,2026-06-05,8,2,480.0,388.9,330.8,863,840
18240,2026-06-05,8,3,480.0,401.5,328.1,856,835
18241,2026-06-05,9,1,480.0,413.2,379.4,1198,1179
18242,2026-06-05,9,2,480.0,432.5,389.8,1231,1217
18243,2026-06-05,9,3,455.9,396.1,349.9,1105,1092
18244,2026-06-05,10,1,480.0,411.1,356.8,1427,1402
18245,2026-06-05,10,2,480.0,422.5,386.8,1547,1519
18246,2026-06-05,10,3,480.0,270.7,227.2,909,895
18247,2026-06-05,11,1,480.0,468.2,401.9,1378,1339
18248,2026-06-05,11,2,480.0,388.1,329.6,1130,1107
18249,2026-06-05,11,3,480.0,472.2,389.7,1336,1311
18250,2026-06-05,12,1,480.0,451.1,404.5,1517,1492
18251,2026-06-05,12,2,480.0,460.4,410.1,1538,1514
18252,2026-06-05,12,3,480.0,450.6,370.9,1391,1374
18253,2026-06-06,1,1,480.0,480.0,426.4,2132,2116
18254,2026-06-06,1,2,480.0,415.1,376.8,1884,1860
18255,2026-06-06,1,3,480.0,336.8,303.8,1519,1500
18256,2026-06-06,2,1,480.0,400.3,344.2,1721,1696
18257,2026-06-06,2,2,480.0,468.7,407.8,2039,2010
18258,2026-06-06,2,3,480.0,402.2,339.8,1699,1685
18259,2026-06-06,3,1,480.0,355.5,287.3,1277,1255
18260,2026-06-06,3,2,480.0,410.0,349.9,1555,1526
18261,2026-06-06,3,3,480.0,329.0,258.1,1147,1124
18262,2026-06-06,4,1,480.0,385.5,355.1,2243,2210
18263,2026-06-06,4,2,480.0,459.8,425.4,2687,2639
18264,2026-06-06,4,3,480.0,425.5,381.6,2410,2377
18265,2026-06-06,5,1,480.0,426.7,358.8,1025,1003
18266,2026-06-06,5,2,480.0,414.7,363.6,1039,1016
18267,2026-06-06,5,3,480.0,391.8,320.9,917,895
18268,2026-06-06,6,1,480.0,413.6,354.9,1014,991
18269,2026-06-06,6,2,480.0,437.1,375.2,1072,1048
18270,2026-06-06,6,3,480.0,355.9,299.6,856,840
18271,2026-06-06,7,1,480.0,285.7,203.6,509,495
18272,2026-06-06,7,2,480.0,308.6,223.6,559,545
18273,2026-06-06,7,3,480.0,336.0,240.8,602,589
18274,2026-06-06,8,1,480.0,422.0,361.9,944,921
18275,2026-06-06,8,2,480.0,360.7,300.5,784,767
18276,2026-06-06,8,3,480.0,435.5,354.6,925,897
18277,2026-06-06,9,1,480.0,448.0,397.1,1254,1233
18278,2026-06-06,9,2,480.0,390.8,358.1,1131,1116
18279,2026-06-06,9,3,480.0,405.2,349.0,1102,1084
18280,2026-06-06,10,1,480.0,386.3,325.0,1300,1281
18281,2026-06-06,10,2,480.0,456.6,398.8,1595,1570
18282,2026-06-06,10,3,480.0,186.9,154.2,617,606
18283,2026-06-06,11,1,480.0,456.1,396.1,1358,1324
18284,2026-06-06,11,2,480.0,436.8,364.6,1250,1226
18285,2026-06-06,11,3,480.0,380.4,314.7,1079,1051
18286,2026-06-06,12,1,480.0,346.4,297.9,1117,1103
18287,2026-06-06,12,2,480.0,418.0,371.7,1394,1377
18288,2026-06-06,12,3,480.0,324.9,279.2,1047,1032
18289,2026-06-07,1,1,480.0,454.9,397.0,1985,1951
18290,2026-06-07,1,2,480.0,464.8,405.0,2025,2005
18291,2026-06-07,1,3,480.0,443.3,388.8,1944,1926
18292,2026-06-07,2,1,480.0,401.9,348.8,1744,1730
18293,2026-06-07,2,2,480.0,437.9,401.2,2006,1987
18294,2026-06-07,2,3,438.9,429.7,358.8,1794,1779
18295,2026-06-07,3,1,480.0,252.9,214.0,951,929
18296,2026-06-07,3,2,480.0,344.9,289.4,1286,1248
18297,2026-06-07,3,3,480.0,380.9,304.4,1353,1328
18298,2026-06-07,4,1,480.0,442.1,402.8,2544,2531
18299,2026-06-07,4,2,480.0,369.0,335.7,2120,2110
18300,2026-06-07,4,3,480.0,460.6,403.3,2547,2515
18301,2026-06-07,5,1,480.0,407.2,355.6,1016,1001
18302,2026-06-07,5,2,480.0,349.4,292.6,836,823
18303,2026-06-07,5,3,480.0,418.4,341.2,975,959
18304,2026-06-07,6,1,480.0,365.2,310.8,888,880
18305,2026-06-07,6,2,480.0,262.2,223.7,639,627
18306,2026-06-07,6,3,480.0,458.7,394.1,1126,1101
18307,2026-06-07,7,1,480.0,293.9,203.2,508,496
18308,2026-06-07,7,2,480.0,214.9,155.2,388,377
18309,2026-06-07,7,3,480.0,283.1,204.0,510,495
18310,2026-06-07,8,1,480.0,385.2,337.3,880,856
18311,2026-06-07,8,2,480.0,400.8,336.2,877,860
18312,2026-06-07,8,3,480.0,375.1,301.3,786,770
18313,2026-06-07,9,1,480.0,431.1,391.4,1236,1229
18314,2026-06-07,9,2,480.0,480.0,430.0,1358,1351
18315,2026-06-07,9,3,480.0,459.1,392.4,1239,1226
18316,2026-06-07,10,1,480.0,415.1,369.5,1478,1456
18317,2026-06-07,10,2,480.0,474.9,405.2,1621,1600
18318,2026-06-07,10,3,480.0,290.3,248.5,994,981
18319,2026-06-07,11,1,480.0,454.5,391.7,1343,1304
18320,2026-06-07,11,2,480.0,444.2,382.1,1310,1282
18321,2026-06-07,11,3,480.0,398.2,327.2,1122,1100
18322,2026-06-07,12,1,480.0,468.7,410.4,1539,1517
18323,2026-06-07,12,2,480.0,442.1,392.5,1472,1453
18324,2026-06-07,12,3,480.0,339.8,282.9,1061,1042
18325,2026-06-08,1,1,480.0,460.8,417.0,2085,2066
18326,2026-06-08,1,2,480.0,470.2,415.0,2075,2049
18327,2026-06-08,1,3,480.0,312.6,264.6,1323,1297
18328,2026-06-08,2,1,480.0,436.6,382.8,1914,1891
18329,2026-06-08,2,2,480.0,460.2,410.8,2054,2029
18330,2026-06-08,2,3,480.0,417.9,356.0,1780,1754
18331,2026-06-08,3,1,480.0,407.4,341.6,1518,1479
18332,2026-06-08,3,2,480.0,417.0,349.2,1552,1514
18333,2026-06-08,3,3,434.6,364.6,287.3,1277,1250
18334,2026-06-08,4,1,480.0,385.3,362.1,2287,2270
18335,2026-06-08,4,2,480.0,478.0,430.7,2720,2698
18336,2026-06-08,4,3,480.0,442.7,394.7,2493,2464
18337,2026-06-08,5,1,480.0,479.4,416.9,1191,1168
18338,2026-06-08,5,2,480.0,443.3,389.6,1113,1090
18339,2026-06-08,5,3,480.0,328.7,272.6,779,768
18340,2026-06-08,6,1,480.0,462.9,395.1,1129,1104
18341,2026-06-08,6,2,480.0,373.8,325.1,929,908
18342,2026-06-08,6,3,455.2,357.0,292.2,835,815
18343,2026-06-08,7,1,480.0,303.2,220.4,551,535
18344,2026-06-08,7,2,480.0,246.4,178.0,445,435
18345,2026-06-08,7,3,480.0,251.7,178.4,446,435
18346,2026-06-08,8,1,480.0,265.0,218.1,569,556
18347,2026-06-08,8,2,480.0,304.9,259.9,678,665
18348,2026-06-08,8,3,480.0,379.7,308.2,804,787
18349,2026-06-08,9,1,480.0,433.5,386.3,1220,1205
18350,2026-06-08,9,2,480.0,266.2,240.7,760,750
18351,2026-06-08,9,3,480.0,355.0,303.4,958,941
18352,2026-06-08,10,1,480.0,292.7,250.5,1002,988
18353,2026-06-08,10,2,480.0,431.4,380.0,1520,1503
18354,2026-06-08,10,3,480.0,346.6,290.5,1162,1149
18355,2026-06-08,11,1,480.0,301.7,257.5,883,862
18356,2026-06-08,11,2,480.0,480.0,414.5,1421,1396
18357,2026-06-08,11,3,480.0,282.9,235.1,806,791
18358,2026-06-08,12,1,480.0,448.9,386.1,1448,1434
18359,2026-06-08,12,2,480.0,421.4,371.7,1394,1377
18360,2026-06-08,12,3,480.0,291.3,246.7,925,912
18361,2026-06-09,1,1,480.0,435.6,389.6,1948,1927
18362,2026-06-09,1,2,480.0,470.9,410.6,2053,2009
18363,2026-06-09,1,3,480.0,441.0,386.6,1933,1912
18364,2026-06-09,2,1,480.0,418.6,360.4,1802,1766
18365,2026-06-09,2,2,480.0,449.8,397.0,1985,1965
18366,2026-06-09,2,3,480.0,419.4,357.8,1789,1761
18367,2026-06-09,3,1,289.4,30.0,25.2,112,109
18368,2026-06-09,3,2,480.0,392.7,330.1,1467,1437
18369,2026-06-09,3,3,480.0,376.2,295.9,1315,1290
18370,2026-06-09,4,1,480.0,440.6,413.4,2611,2590
18371,2026-06-09,4,2,480.0,433.6,386.0,2438,2407
18372,2026-06-09,4,3,480.0,444.3,394.1,2489,2450
18373,2026-06-09,5,1,480.0,398.8,343.4,981,966
18374,2026-06-09,5,2,480.0,361.4,309.4,884,867
18375,2026-06-09,5,3,480.0,408.5,349.3,998,979
18376,2026-06-09,6,1,480.0,346.9,298.2,852,833
18377,2026-06-09,6,2,480.0,414.3,359.8,1028,999
18378,2026-06-09,6,3,480.0,434.8,353.5,1010,985
18379,2026-06-09,7,1,480.0,274.3,204.0,510,499
18380,2026-06-09,7,2,480.0,303.8,227.2,568,551
18381,2026-06-09,7,3,480.0,335.6,238.4,596,575
18382,2026-06-09,8,1,480.0,476.0,404.8,1056,1031
18383,2026-06-09,8,2,480.0,340.6,287.1,749,732
18384,2026-06-09,8,3,480.0,409.7,345.0,900,884
18385,2026-06-09,9,1,480.0,453.0,403.8,1275,1263
18386,2026-06-09,9,2,480.0,472.2,421.2,1330,1319
18387,2026-06-09,9,3,480.0,473.4,406.6,1284,1263
18388,2026-06-09,10,1,290.4,239.8,215.2,861,842
18389,2026-06-09,10,2,480.0,440.9,386.8,1547,1521
18390,2026-06-09,10,3,480.0,409.0,356.0,1424,1389
18391,2026-06-09,11,1,286.0,251.5,206.8,709,698
18392,2026-06-09,11,2,480.0,452.0,380.6,1305,1268
18393,2026-06-09,11,3,480.0,447.3,363.1,1245,1222
18394,2026-06-09,12,1,480.0,442.6,377.9,1417,1397
18395,2026-06-09,12,2,480.0,455.1,401.1,1504,1474
18396,2026-06-09,12,3,480.0,240.0,206.9,776,763
18397,2026-06-10,1,1,480.0,452.9,395.4,1977,1948
18398,2026-06-10,1,2,480.0,442.6,390.0,1950,1932
18399,2026-06-10,1,3,480.0,351.6,307.8,1539,1526
18400,2026-06-10,2,1,480.0,434.5,377.4,1887,1860
18401,2026-06-10,2,2,480.0,430.0,366.8,1834,1807
18402,2026-06-10,2,3,480.0,465.4,399.8,1999,1987
18403,2026-06-10,3,1,480.0,476.8,395.8,1759,1718
18404,2026-06-10,3,2,480.0,436.5,375.5,1669,1640
18405,2026-06-10,3,3,480.0,418.0,345.6,1536,1492
18406,2026-06-10,4,1,480.0,430.7,380.6,2404,2385
18407,2026-06-10,4,2,480.0,417.4,370.8,2342,2327
18408,2026-06-10,4,3,480.0,401.9,350.9,2216,2184
18409,2026-06-10,5,1,480.0,394.4,331.4,947,930
18410,2026-06-10,5,2,480.0,410.4,351.4,1004,988
18411,2026-06-10,5,3,480.0,384.7,329.4,941,926
18412,2026-06-10,6,1,480.0,427.7,374.1,1069,1036
18413,2026-06-10,6,2,480.0,466.3,391.3,1118,1089
18414,2026-06-10,6,3,480.0,313.4,257.6,736,723
18415,2026-06-10,7,1,480.0,310.1,219.6,549,535
18416,2026-06-10,7,2,480.0,246.1,181.2,453,442
18417,2026-06-10,7,3,480.0,205.6,148.0,370,362
18418,2026-06-10,8,1,480.0,426.2,349.6,912,894
18419,2026-06-10,8,2,480.0,430.0,339.6,886,865
18420,2026-06-10,8,3,480.0,418.9,342.7,894,877
18421,2026-06-10,9,1,480.0,401.6,361.6,1142,1123
18422,2026-06-10,9,2,480.0,305.9,280.6,886,873
18423,2026-06-10,9,3,480.0,426.5,363.5,1148,1142
18424,2026-06-10,10,1,480.0,473.3,419.0,1676,1644
18425,2026-06-10,10,2,480.0,414.7,365.0,1460,1436
18426,2026-06-10,10,3,480.0,346.9,290.5,1162,1139
18427,2026-06-10,11,1,480.0,417.5,359.6,1233,1208
18428,2026-06-10,11,2,480.0,356.1,299.0,1025,1006
18429,2026-06-10,11,3,480.0,294.7,234.8,805,787
18430,2026-06-10,12,1,480.0,405.3,360.3,1351,1333
18431,2026-06-10,12,2,480.0,450.6,411.5,1543,1515
18432,2026-06-10,12,3,480.0,473.3,411.5,1543,1511
18433,2026-06-11,1,1,480.0,371.7,332.8,1664,1636
18434,2026-06-11,1,2,480.0,438.6,394.0,1970,1939
18435,2026-06-11,1,3,480.0,427.6,383.2,1916,1892
18436,2026-06-11,2,1,480.0,408.8,367.4,1837,1817
18437,2026-06-11,2,2,480.0,465.0,410.8,2054,2028
18438,2026-06-11,2,3,480.0,264.2,229.8,1149,1129
18439,2026-06-11,3,1,480.0,474.3,401.2,1783,1744
18440,2026-06-11,3,2,480.0,442.5,364.1,1618,1586
18441,2026-06-11,3,3,480.0,344.1,277.9,1235,1203
18442,2026-06-11,4,1,480.0,464.2,410.9,2595,2578
18443,2026-06-11,4,2,480.0,454.1,403.1,2546,2532
18444,2026-06-11,4,3,480.0,438.4,385.1,2432,2418
18445,2026-06-11,5,1,480.0,325.2,280.0,800,786
18446,2026-06-11,5,2,480.0,459.1,406.4,1161,1142
18447,2026-06-11,5,3,480.0,429.4,360.1,1029,1008
18448,2026-06-11,6,1,480.0,330.6,282.8,808,794
18449,2026-06-11,6,2,480.0,292.3,245.3,701,685
18450,2026-06-11,6,3,480.0,318.8,267.8,765,746
18451,2026-06-11,7,1,480.0,343.7,247.6,619,606
18452,2026-06-11,7,2,480.0,400.3,282.4,706,687
18453,2026-06-11,7,3,480.0,269.5,187.2,468,456
18454,2026-06-11,8,1,480.0,382.2,322.4,841,822
18455,2026-06-11,8,2,480.0,436.9,366.5,956,939
18456,2026-06-11,8,3,480.0,334.7,269.9,704,693
18457,2026-06-11,9,1,480.0,466.8,410.4,1296,1280
18458,2026-06-11,9,2,480.0,430.7,401.9,1269,1253
18459,2026-06-11,9,3,430.7,373.3,304.6,962,950
18460,2026-06-11,10,1,480.0,440.7,371.5,1486,1469
18461,2026-06-11,10,2,480.0,412.7,358.2,1433,1404
18462,2026-06-11,10,3,480.0,322.3,276.8,1107,1087
18463,2026-06-11,11,1,480.0,406.2,349.1,1197,1164
18464,2026-06-11,11,2,480.0,387.2,330.2,1132,1107
18465,2026-06-11,11,3,480.0,424.1,355.2,1218,1191
18466,2026-06-11,12,1,480.0,401.3,349.3,1310,1289
18467,2026-06-11,12,2,480.0,446.2,380.5,1427,1401
18468,2026-06-11,12,3,480.0,467.0,400.5,1502,1482
18469,2026-06-12,1,1,480.0,428.0,368.4,1842,1818
18470,2026-06-12,1,2,480.0,386.6,344.6,1723,1700
18471,2026-06-12,1,3,480.0,470.0,396.2,1981,1956
18472,2026-06-12,2,1,480.0,412.1,367.8,1839,1803
18473,2026-06-12,2,2,480.0,391.6,338.2,1691,1677
18474,2026-06-12,2,3,480.0,354.8,302.2,1511,1492
18475,2026-06-12,3,1,480.0,441.5,362.7,1612,1591
18476,2026-06-12,3,2,480.0,467.3,399.1,1774,1741
18477,2026-06-12,3,3,480.0,319.4,259.4,1153,1125
18478,2026-06-12,4,1,480.0,465.5,438.3,2768,2726
18479,2026-06-12,4,2,480.0,377.0,349.6,2208,2180
18480,2026-06-12,4,3,480.0,436.3,390.8,2468,2449
18481,2026-06-12,5,1,480.0,369.7,315.7,902,882
18482,2026-06-12,5,2,480.0,453.4,396.2,1132,1110
18483,2026-06-12,5,3,480.0,460.0,388.5,1110,1084
18484,2026-06-12,6,1,480.0,453.3,375.2,1072,1056
18485,2026-06-12,6,2,480.0,461.0,384.3,1098,1075
18486,2026-06-12,6,3,480.0,294.2,234.8,671,661
18487,2026-06-12,7,1,480.0,196.8,150.0,375,364
18488,2026-06-12,7,2,480.0,347.1,246.4,616,603
18489,2026-06-12,7,3,480.0,243.0,169.6,424,414
18490,2026-06-12,8,1,480.0,454.6,385.6,1006,989
18491,2026-06-12,8,2,480.0,460.5,411.3,1073,1048
18492,2026-06-12,8,3,480.0,440.9,372.6,972,951
18493,2026-06-12,9,1,480.0,386.6,341.7,1079,1063
18494,2026-06-12,9,2,480.0,450.8,409.1,1292,1267
18495,2026-06-12,9,3,441.7,401.2,349.6,1104,1086
18496,2026-06-12,10,1,480.0,458.2,404.2,1617,1590
18497,2026-06-12,10,2,480.0,330.0,284.8,1139,1120
18498,2026-06-12,10,3,480.0,358.2,299.2,1197,1183
18499,2026-06-12,11,1,480.0,253.4,205.6,705,691
18500,2026-06-12,11,2,480.0,441.1,365.8,1254,1229
18501,2026-06-12,11,3,480.0,464.2,392.9,1347,1331
18502,2026-06-12,12,1,480.0,419.5,349.1,1309,1280
18503,2026-06-12,12,2,480.0,480.0,421.9,1582,1559
18504,2026-06-12,12,3,480.0,293.4,258.7,970,953
18505,2026-06-13,1,1,480.0,427.8,375.4,1877,1843
18506,2026-06-13,1,2,480.0,480.0,427.0,2135,2114
18507,2026-06-13,1,3,480.0,438.5,374.8,1874,1868
18508,2026-06-13,2,1,480.0,456.6,404.6,2023,2007
18509,2026-06-13,2,2,480.0,454.3,390.8,1954,1929
18510,2026-06-13,2,3,480.0,477.9,404.0,2020,2005
18511,2026-06-13,3,1,480.0,480.0,389.5,1731,1704
18512,2026-06-13,3,2,480.0,367.4,304.2,1352,1322
18513,2026-06-13,3,3,480.0,443.2,370.6,1647,1602
18514,2026-06-13,4,1,480.0,480.0,437.5,2763,2746
18515,2026-06-13,4,2,480.0,433.8,384.1,2426,2399
18516,2026-06-13,4,3,480.0,480.0,435.7,2752,2714
18517,2026-06-13,5,1,480.0,422.5,376.6,1076,1048
18518,2026-06-13,5,2,480.0,404.7,340.9,974,955
18519,2026-06-13,5,3,480.0,274.8,228.2,652,639
18520,2026-06-13,6,1,480.0,435.4,383.2,1095,1069
18521,2026-06-13,6,2,480.0,407.6,340.6,973,954
18522,2026-06-13,6,3,480.0,415.3,340.2,972,949
18523,2026-06-13,7,1,299.2,127.6,90.8,227,220
18524,2026-06-13,7,2,480.0,260.8,192.8,482,470
18525,2026-06-13,7,3,480.0,286.0,197.6,494,479
18526,2026-06-13,8,1,480.0,474.1,397.1,1036,1015
18527,2026-06-13,8,2,480.0,413.3,358.4,935,914
18528,2026-06-13,8,3,480.0,370.8,302.4,789,781
18529,2026-06-13,9,1,480.0,399.6,366.1,1156,1138
18530,2026-06-13,9,2,480.0,427.2,399.6,1262,1252
18531,2026-06-13,9,3,480.0,376.2,345.5,1091,1073
18532,2026-06-13,10,1,480.0,400.7,358.5,1434,1407
18533,2026-06-13,10,2,480.0,429.0,380.2,1521,1499
18534,2026-06-13,10,3,480.0,246.7,206.8,827,815
18535,2026-06-13,11,1,480.0,449.2,378.9,1299,1267
18536,2026-06-13,11,2,480.0,382.7,323.5,1109,1096
18537,2026-06-13,11,3,480.0,370.3,295.8,1014,993
18538,2026-06-13,12,1,294.5,240.7,214.7,805,798
18539,2026-06-13,12,2,480.0,431.5,383.5,1438,1411
18540,2026-06-13,12,3,480.0,417.5,346.7,1300,1286
18541,2026-06-14,1,1,480.0,465.7,420.0,2100,2065
18542,2026-06-14,1,2,480.0,477.6,434.0,2170,2142
18543,2026-06-14,1,3,480.0,475.7,401.4,2007,1973
18544,2026-06-14,2,1,480.0,374.5,327.4,1637,1607
18545,2026-06-14,2,2,480.0,419.4,360.4,1802,1773
18546,2026-06-14,2,3,480.0,458.6,382.2,1911,1886
18547,2026-06-14,3,1,480.0,376.6,318.6,1416,1393
18548,2026-06-14,3,2,480.0,386.7,325.4,1446,1417
18549,2026-06-14,3,3,480.0,347.0,277.9,1235,1204
18550,2026-06-14,4,1,480.0,480.0,441.1,2786,2753
18551,2026-06-14,4,2,480.0,425.1,389.7,2461,2422
18552,2026-06-14,4,3,480.0,325.6,285.3,1802,1778
18553,2026-06-14,5,1,480.0,406.1,361.6,1033,1005
18554,2026-06-14,5,2,480.0,461.6,394.1,1126,1103
18555,2026-06-14,5,3,480.0,417.4,353.1,1009,999
18556,2026-06-14,6,1,480.0,383.5,326.6,933,918
18557,2026-06-14,6,2,480.0,414.3,341.6,976,961
18558,2026-06-14,6,3,480.0,337.4,274.1,783,772
18559,2026-06-14,7,1,480.0,197.1,142.4,356,347
18560,2026-06-14,7,2,480.0,214.8,159.6,399,389
18561,2026-06-14,7,3,443.8,270.4,189.6,474,465
18562,2026-06-14,8,1,480.0,387.3,339.2,885,868
18563,2026-06-14,8,2,480.0,336.4,280.2,731,712
18564,2026-06-14,8,3,480.0,403.5,332.4,867,849
18565,2026-06-14,9,1,480.0,452.0,417.1,1317,1299
18566,2026-06-14,9,2,480.0,480.0,421.8,1332,1323
18567,2026-06-14,9,3,480.0,360.0,320.8,1013,990
18568,2026-06-14,10,1,480.0,306.5,268.0,1072,1058
18569,2026-06-14,10,2,480.0,480.0,439.8,1759,1736
18570,2026-06-14,10,3,480.0,355.3,308.8,1235,1219
18571,2026-06-14,11,1,480.0,443.3,369.2,1266,1230
18572,2026-06-14,11,2,480.0,441.4,380.0,1303,1270
18573,2026-06-14,11,3,480.0,295.0,245.9,843,817
18574,2026-06-14,12,1,480.0,469.1,413.6,1551,1524
18575,2026-06-14,12,2,480.0,267.3,230.4,864,847
18576,2026-06-14,12,3,480.0,467.2,402.1,1508,1487
18577,2026-06-15,1,1,480.0,464.9,410.6,2053,2029
18578,2026-06-15,1,2,480.0,477.2,412.6,2063,2025
18579,2026-06-15,1,3,480.0,423.4,355.6,1778,1746
18580,2026-06-15,2,1,480.0,426.3,385.2,1926,1912
18581,2026-06-15,2,2,480.0,342.0,293.6,1468,1451
18582,2026-06-15,2,3,480.0,272.7,235.6,1178,1148
18583,2026-06-15,3,1,480.0,436.5,347.9,1546,1509
18584,2026-06-15,3,2,480.0,416.9,345.1,1534,1505
18585,2026-06-15,3,3,480.0,373.6,307.6,1367,1342
18586,2026-06-15,4,1,480.0,438.1,405.2,2559,2548
18587,2026-06-15,4,2,480.0,467.2,437.5,2763,2734
18588,2026-06-15,4,3,480.0,455.0,405.2,2559,2539
18589,2026-06-15,5,1,480.0,362.7,297.1,849,832
18590,2026-06-15,5,2,480.0,389.7,347.6,993,970
18591,2026-06-15,5,3,480.0,430.5,354.2,1012,995
18592,2026-06-15,6,1,480.0,424.6,364.7,1042,1015
18593,2026-06-15,6,2,480.0,444.4,391.6,1119,1093
18594,2026-06-15,6,3,480.0,309.4,263.2,752,739
18595,2026-06-15,7,1,480.0,261.6,184.0,460,449
18596,2026-06-15,7,2,480.0,219.6,160.4,401,389
18597,2026-06-15,7,3,480.0,321.9,220.8,552,537
18598,2026-06-15,8,1,480.0,394.8,333.5,870,854
18599,2026-06-15,8,2,480.0,468.6,398.7,1040,1020
18600,2026-06-15,8,3,480.0,381.3,313.9,819,799
18601,2026-06-15,9,1,480.0,438.8,395.8,1250,1239
18602,2026-06-15,9,2,480.0,317.6,280.9,887,878
18603,2026-06-15,9,3,480.0,322.8,275.8,871,860
18604,2026-06-15,10,1,480.0,401.3,355.8,1423,1404
18605,2026-06-15,10,2,480.0,323.3,272.5,1090,1072
18606,2026-06-15,10,3,480.0,428.5,355.2,1421,1391
18607,2026-06-15,11,1,480.0,258.1,221.7,760,742
18608,2026-06-15,11,2,480.0,411.1,349.7,1199,1177
18609,2026-06-15,11,3,480.0,305.8,251.1,861,837
18610,2026-06-15,12,1,480.0,341.4,293.6,1101,1080
18611,2026-06-15,12,2,480.0,453.4,398.7,1495,1479
18612,2026-06-15,12,3,455.9,312.4,262.4,984,972
18613,2026-06-16,1,1,480.0,480.0,419.0,2095,2077
18614,2026-06-16,1,2,480.0,433.0,392.2,1961,1944
18615,2026-06-16,1,3,480.0,421.6,368.0,1840,1829
18616,2026-06-16,2,1,480.0,411.2,355.2,1776,1749
18617,2026-06-16,2,2,480.0,447.3,398.8,1994,1952
18618,2026-06-16,2,3,449.3,374.5,316.6,1583,1563
18619,2026-06-16,3,1,480.0,353.4,288.9,1284,1262
18620,2026-06-16,3,2,480.0,409.8,345.8,1537,1492
18621,2026-06-16,3,3,480.0,375.7,308.9,1373,1340
18622,2026-06-16,4,1,480.0,369.4,337.7,2133,2113
18623,2026-06-16,4,2,480.0,480.0,442.9,2797,2765
18624,2026-06-16,4,3,480.0,477.0,415.9,2627,2587
18625,2026-06-16,5,1,480.0,317.7,268.1,766,751
18626,2026-06-16,5,2,480.0,451.3,384.6,1099,1078
18627,2026-06-16,5,3,480.0,460.5,402.1,1149,1135
18628,2026-06-16,6,1,480.0,468.8,391.3,1118,1095
18629,2026-06-16,6,2,480.0,462.8,389.6,1113,1079
18630,2026-06-16,6,3,480.0,276.9,228.6,653,644
18631,2026-06-16,7,1,480.0,199.6,141.2,353,345
18632,2026-06-16,7,2,480.0,240.7,175.6,439,426
18633,2026-06-16,7,3,480.0,354.3,249.6,624,606
18634,2026-06-16,8,1,480.0,400.8,354.6,925,907
18635,2026-06-16,8,2,480.0,422.2,371.4,969,952
18636,2026-06-16,8,3,480.0,364.8,297.5,776,763
18637,2026-06-16,9,1,480.0,453.0,414.8,1310,1296
18638,2026-06-16,9,2,480.0,401.1,358.8,1133,1119
18639,2026-06-16,9,3,480.0,480.0,418.3,1321,1307
18640,2026-06-16,10,1,480.0,405.4,361.0,1444,1423
18641,2026-06-16,10,2,480.0,443.7,396.5,1586,1557
18642,2026-06-16,10,3,480.0,414.1,326.2,1305,1283
18643,2026-06-16,11,1,480.0,412.6,352.0,1207,1175
18644,2026-06-16,11,2,480.0,382.9,319.4,1095,1069
18645,2026-06-16,11,3,480.0,381.9,319.1,1094,1073
18646,2026-06-16,12,1,480.0,437.4,388.8,1458,1437
18647,2026-06-16,12,2,480.0,371.0,329.1,1234,1220
18648,2026-06-16,12,3,480.0,465.1,397.9,1492,1463
18649,2026-06-17,1,1,480.0,398.2,363.0,1815,1795
18650,2026-06-17,1,2,480.0,391.7,341.0,1705,1692
18651,2026-06-17,1,3,480.0,443.9,378.2,1891,1867
18652,2026-06-17,2,1,480.0,404.5,364.0,1820,1774
18653,2026-06-17,2,2,480.0,432.4,394.6,1973,1944
18654,2026-06-17,2,3,480.0,401.8,350.0,1750,1736
18655,2026-06-17,3,1,480.0,368.7,306.7,1363,1333
18656,2026-06-17,3,2,480.0,437.4,351.2,1561,1533
18657,2026-06-17,3,3,480.0,389.0,316.4,1406,1385
18658,2026-06-17,4,1,480.0,475.9,449.0,2836,2804
18659,2026-06-17,4,2,480.0,439.8,392.7,2480,2469
18660,2026-06-17,4,3,480.0,480.0,422.6,2669,2664
18661,2026-06-17,5,1,480.0,476.0,402.9,1151,1137
18662,2026-06-17,5,2,480.0,424.8,365.4,1044,1025
18663,2026-06-17,5,3,480.0,466.5,389.6,1113,1096
18664,2026-06-17,6,1,480.0,341.1,290.5,830,807
18665,2026-06-17,6,2,480.0,471.5,401.1,1146,1120
18666,2026-06-17,6,3,480.0,420.4,341.6,976,963
18667,2026-06-17,7,1,480.0,360.4,266.4,666,648
18668,2026-06-17,7,2,480.0,30.7,22.8,57,55
18669,2026-06-17,7,3,480.0,353.0,246.0,615,596
18670,2026-06-17,8,1,480.0,332.8,273.3,713,694
18671,2026-06-17,8,2,480.0,416.7,359.9,939,916
18672,2026-06-17,8,3,480.0,285.3,235.0,613,603
18673,2026-06-17,9,1,480.0,473.0,430.7,1360,1341
18674,2026-06-17,9,2,480.0,408.2,365.8,1155,1137
18675,2026-06-17,9,3,480.0,436.5,378.4,1195,1175
18676,2026-06-17,10,1,480.0,351.3,306.5,1226,1216
18677,2026-06-17,10,2,480.0,384.4,331.2,1325,1307
18678,2026-06-17,10,3,480.0,234.3,196.5,786,769
18679,2026-06-17,11,1,480.0,422.4,367.2,1259,1236
18680,2026-06-17,11,2,480.0,318.7,270.7,928,900
18681,2026-06-17,11,3,480.0,332.2,263.7,904,882
18682,2026-06-17,12,1,480.0,413.7,362.1,1358,1338
18683,2026-06-17,12,2,480.0,431.6,363.5,1363,1351
18684,2026-06-17,12,3,458.1,381.5,319.2,1197,1180
18685,2026-06-18,1,1,480.0,343.9,297.8,1489,1471
18686,2026-06-18,1,2,480.0,429.2,386.4,1932,1904
18687,2026-06-18,1,3,480.0,427.6,362.0,1810,1782
18688,2026-06-18,2,1,480.0,374.8,331.8,1659,1648
18689,2026-06-18,2,2,480.0,478.9,414.4,2072,2034
18690,2026-06-18,2,3,480.0,448.0,371.2,1856,1838
18691,2026-06-18,3,1,480.0,371.4,311.9,1386,1356
18692,2026-06-18,3,2,480.0,380.0,304.9,1355,1323
18693,2026-06-18,3,3,480.0,425.8,345.1,1534,1499
18694,2026-06-18,4,1,480.0,386.7,354.2,2237,2226
18695,2026-06-18,4,2,480.0,472.3,433.7,2739,2709
18696,2026-06-18,4,3,480.0,465.8,416.1,2628,2604
18697,2026-06-18,5,1,480.0,445.6,384.6,1099,1078
18698,2026-06-18,5,2,480.0,462.5,390.9,1117,1091
18699,2026-06-18,5,3,480.0,417.4,347.2,992,982
18700,2026-06-18,6,1,480.0,301.6,255.8,731,718
18701,2026-06-18,6,2,480.0,435.1,376.9,1077,1056
18702,2026-06-18,6,3,480.0,419.5,338.8,968,952
18703,2026-06-18,7,1,480.0,323.1,230.4,576,557
18704,2026-06-18,7,2,480.0,222.5,156.0,390,377
18705,2026-06-18,7,3,480.0,255.7,186.8,467,456
18706,2026-06-18,8,1,480.0,377.9,318.6,831,815
18707,2026-06-18,8,2,480.0,430.2,359.2,937,918
18708,2026-06-18,8,3,480.0,393.9,333.1,869,847
18709,2026-06-18,9,1,480.0,438.9,383.8,1212,1200
18710,2026-06-18,9,2,480.0,480.0,410.4,1296,1288
18711,2026-06-18,9,3,480.0,370.2,317.3,1002,991
18712,2026-06-18,10,1,480.0,460.6,406.5,1626,1598
18713,2026-06-18,10,2,480.0,359.7,311.8,1247,1231
18714,2026-06-18,10,3,480.0,477.8,388.2,1553,1524
18715,2026-06-18,11,1,480.0,461.6,399.0,1368,1343
18716,2026-06-18,11,2,480.0,357.1,303.0,1039,1012
18717,2026-06-18,11,3,480.0,218.8,179.4,615,601
18718,2026-06-18,12,1,480.0,408.1,352.5,1322,1300
18719,2026-06-18,12,2,480.0,448.6,390.7,1465,1450
18720,2026-06-18,12,3,480.0,470.9,400.3,1501,1488
18721,2026-06-19,1,1,480.0,309.6,267.8,1339,1332
18722,2026-06-19,1,2,480.0,426.7,376.0,1880,1855
18723,2026-06-19,1,3,480.0,400.1,342.4,1712,1685
18724,2026-06-19,2,1,480.0,403.9,366.4,1832,1817
18725,2026-06-19,2,2,480.0,417.6,366.0,1830,1792
18726,2026-06-19,2,3,480.0,351.1,303.4,1517,1506
18727,2026-06-19,3,1,480.0,444.7,368.3,1637,1599
18728,2026-06-19,3,2,480.0,445.0,372.6,1656,1615
18729,2026-06-19,3,3,480.0,420.6,332.3,1477,1442
18730,2026-06-19,4,1,480.0,440.2,404.1,2552,2537
18731,2026-06-19,4,2,480.0,464.9,426.6,2694,2672
18732,2026-06-19,4,3,480.0,426.8,391.6,2473,2455
18733,2026-06-19,5,1,480.0,412.0,360.5,1030,1013
18734,2026-06-19,5,2,480.0,425.3,358.8,1025,1001
18735,2026-06-19,5,3,480.0,329.1,270.9,774,762
18736,2026-06-19,6,1,480.0,453.3,369.9,1057,1033
18737,2026-06-19,6,2,480.0,442.6,374.1,1069,1051
18738,2026-06-19,6,3,480.0,403.1,336.4,961,950
18739,2026-06-19,7,1,480.0,390.9,284.4,711,692
18740,2026-06-19,7,2,480.0,145.8,104.8,262,253
18741,2026-06-19,7,3,480.0,361.6,264.0,660,644
18742,2026-06-19,8,1,480.0,376.3,318.9,832,813
18743,2026-06-19,8,2,480.0,405.1,341.2,890,870
18744,2026-06-19,8,3,480.0,367.3,302.4,789,776
18745,2026-06-19,9,1,480.0,424.9,383.2,1210,1187
18746,2026-06-19,9,2,480.0,474.7,422.8,1335,1322
18747,2026-06-19,9,3,480.0,448.1,384.1,1213,1196
18748,2026-06-19,10,1,480.0,453.3,392.0,1568,1533
18749,2026-06-19,10,2,480.0,422.7,373.5,1494,1467
18750,2026-06-19,10,3,480.0,271.4,223.5,894,886
18751,2026-06-19,11,1,480.0,432.2,358.5,1229,1196
18752,2026-06-19,11,2,480.0,416.9,357.0,1224,1196
18753,2026-06-19,11,3,480.0,182.6,148.5,509,497
18754,2026-06-19,12,1,480.0,467.2,417.3,1565,1545
18755,2026-06-19,12,2,480.0,441.8,402.1,1508,1490
18756,2026-06-19,12,3,480.0,393.3,331.2,1242,1224
18757,2026-06-20,1,1,480.0,379.6,346.0,1730,1714
18758,2026-06-20,1,2,480.0,480.0,405.8,2029,2014
18759,2026-06-20,1,3,480.0,392.9,338.6,1693,1663
18760,2026-06-20,2,1,282.5,254.0,229.0,1145,1124
18761,2026-06-20,2,2,480.0,469.0,410.4,2052,2023
18762,2026-06-20,2,3,480.0,466.5,397.2,1986,1965
18763,2026-06-20,3,1,480.0,374.7,299.5,1331,1300
18764,2026-06-20,3,2,480.0,360.4,290.5,1291,1260
18765,2026-06-20,3,3,480.0,454.1,361.4,1606,1568
18766,2026-06-20,4,1,480.0,480.0,437.0,2760,2734
18767,2026-06-20,4,2,480.0,456.9,411.7,2600,2578
18768,2026-06-20,4,3,480.0,427.2,377.6,2385,2360
18769,2026-06-20,5,1,480.0,434.2,369.6,1056,1043
18770,2026-06-20,5,2,480.0,403.3,348.6,996,977
18771,2026-06-20,5,3,480.0,429.0,362.9,1037,1024
18772,2026-06-20,6,1,480.0,399.6,341.9,977,965
18773,2026-06-20,6,2,480.0,437.4,374.5,1070,1048
18774,2026-06-20,6,3,480.0,385.9,322.7,922,911
18775,2026-06-20,7,1,480.0,369.9,268.0,670,649
18776,2026-06-20,7,2,480.0,270.2,192.8,482,469
18777,2026-06-20,7,3,480.0,140.6,99.6,249,242
18778,2026-06-20,8,1,480.0,367.0,312.4,815,797
18779,2026-06-20,8,2,480.0,358.0,300.1,783,768
18780,2026-06-20,8,3,480.0,364.1,296.3,773,759
18781,2026-06-20,9,1,480.0,460.1,403.1,1273,1263
18782,2026-06-20,9,2,480.0,472.8,427.8,1351,1335
18783,2026-06-20,9,3,480.0,462.2,405.0,1279,1259
18784,2026-06-20,10,1,480.0,480.0,415.8,1663,1637
18785,2026-06-20,10,2,480.0,345.6,292.0,1168,1146
18786,2026-06-20,10,3,480.0,188.6,164.0,656,649
18787,2026-06-20,11,1,480.0,448.7,392.0,1344,1318
18788,2026-06-20,11,2,480.0,375.9,311.8,1069,1047
18789,2026-06-20,11,3,480.0,320.1,261.9,898,875
18790,2026-06-20,12,1,480.0,435.4,393.1,1474,1455
18791,2026-06-20,12,2,480.0,448.6,382.7,1435,1423
18792,2026-06-20,12,3,441.0,441.0,374.9,1406,1379
18793,2026-06-21,1,1,480.0,471.6,436.8,2184,2155
18794,2026-06-21,1,2,480.0,401.7,353.4,1767,1745
18795,2026-06-21,1,3,480.0,465.1,390.0,1950,1923
18796,2026-06-21,2,1,480.0,428.8,369.6,1848,1828
18797,2026-06-21,2,2,480.0,433.0,381.8,1909,1878
18798,2026-06-21,2,3,480.0,464.4,403.8,2019,1999
18799,2026-06-21,3,1,480.0,448.6,362.2,1610,1570
18800,2026-06-21,3,2,480.0,300.2,248.4,1104,1078
18801,2026-06-21,3,3,480.0,452.7,368.8,1639,1604
18802,2026-06-21,4,1,480.0,480.0,425.6,2688,2667
18803,2026-06-21,4,2,480.0,430.6,401.7,2537,2521
18804,2026-06-21,4,3,480.0,464.5,409.8,2588,2572
18805,2026-06-21,5,1,480.0,390.4,340.6,973,954
18806,2026-06-21,5,2,480.0,449.9,382.6,1093,1074
18807,2026-06-21,5,3,480.0,454.6,380.8,1088,1065
18808,2026-06-21,6,1,480.0,355.8,309.1,883,866
18809,2026-06-21,6,2,480.0,225.5,194.9,557,548
18810,2026-06-21,6,3,449.0,399.4,319.2,912,894
18811,2026-06-21,7,1,480.0,243.6,177.2,443,432
18812,2026-06-21,7,2,480.0,382.4,278.8,697,680
18813,2026-06-21,7,3,480.0,266.9,190.8,477,464
18814,2026-06-21,8,1,480.0,437.5,369.1,963,941
18815,2026-06-21,8,2,480.0,444.8,377.6,985,967
18816,2026-06-21,8,3,480.0,414.8,342.7,894,874
18817,2026-06-21,9,1,480.0,409.3,363.2,1147,1133
18818,2026-06-21,9,2,480.0,469.8,428.8,1354,1334
18819,2026-06-21,9,3,480.0,480.0,416.7,1316,1296
18820,2026-06-21,10,1,480.0,424.4,362.8,1451,1425
18821,2026-06-21,10,2,480.0,344.4,303.0,1212,1193
18822,2026-06-21,10,3,480.0,354.0,300.2,1201,1185
18823,2026-06-21,11,1,480.0,480.0,406.6,1394,1362
18824,2026-06-21,11,2,480.0,442.0,373.9,1282,1238
18825,2026-06-21,11,3,480.0,379.2,303.9,1042,1015
18826,2026-06-21,12,1,480.0,443.0,393.6,1476,1459
18827,2026-06-21,12,2,480.0,369.6,322.1,1208,1189
18828,2026-06-21,12,3,480.0,397.1,336.5,1262,1243
18829,2026-06-22,1,1,480.0,466.7,396.2,1981,1964
18830,2026-06-22,1,2,480.0,440.4,382.0,1910,1890
18831,2026-06-22,1,3,480.0,375.7,322.2,1611,1585
18832,2026-06-22,2,1,480.0,459.2,405.0,2025,1993
18833,2026-06-22,2,2,480.0,454.4,401.4,2007,1980
18834,2026-06-22,2,3,480.0,383.7,325.8,1629,1604
18835,2026-06-22,3,1,480.0,367.2,308.0,1369,1339
18836,2026-06-22,3,2,480.0,414.6,341.8,1519,1491
18837,2026-06-22,3,3,480.0,330.2,267.1,1187,1162
18838,2026-06-22,4,1,276.5,241.3,216.0,1364,1356
18839,2026-06-22,4,2,480.0,460.2,418.3,2642,2614
18840,2026-06-22,4,3,480.0,480.0,435.9,2753,2712
18841,2026-06-22,5,1,480.0,432.5,366.1,1046,1023
18842,2026-06-22,5,2,480.0,222.7,195.3,558,547
18843,2026-06-22,5,3,480.0,389.7,323.4,924,903
18844,2026-06-22,6,1,261.3,185.8,152.9,437,428
18845,2026-06-22,6,2,480.0,469.0,388.9,1111,1084
18846,2026-06-22,6,3,480.0,329.8,276.9,791,775
18847,2026-06-22,7,1,480.0,252.7,179.6,449,439
18848,2026-06-22,7,2,480.0,249.6,178.4,446,434
18849,2026-06-22,7,3,480.0,228.9,160.4,401,394
18850,2026-06-22,8,1,480.0,464.1,396.4,1034,1011
18851,2026-06-22,8,2,480.0,433.8,367.2,958,943
18852,2026-06-22,8,3,480.0,341.9,282.1,736,724
18853,2026-06-22,9,1,480.0,472.2,422.8,1335,1320
18854,2026-06-22,9,2,480.0,452.5,407.9,1288,1266
18855,2026-06-22,9,3,480.0,421.6,368.6,1164,1146
18856,2026-06-22,10,1,480.0,473.6,405.5,1622,1599
18857,2026-06-22,10,2,480.0,375.7,327.0,1308,1285
18858,2026-06-22,10,3,480.0,132.5,111.0,444,438
18859,2026-06-22,11,1,480.0,375.6,304.5,1044,1015
18860,2026-06-22,11,2,480.0,337.9,286.7,983,962
18861,2026-06-22,11,3,480.0,319.7,264.8,908,886
18862,2026-06-22,12,1,480.0,467.0,425.6,1596,1566
18863,2026-06-22,12,2,480.0,415.7,368.5,1382,1357
18864,2026-06-22,12,3,480.0,463.4,396.8,1488,1462
18865,2026-06-23,1,1,480.0,431.2,382.6,1913,1890
18866,2026-06-23,1,2,480.0,424.1,385.8,1929,1900
18867,2026-06-23,1,3,480.0,428.6,374.0,1870,1843
18868,2026-06-23,2,1,480.0,345.1,314.4,1572,1547
18869,2026-06-23,2,2,480.0,449.7,394.0,1970,1945
18870,2026-06-23,2,3,480.0,463.2,402.8,2014,1988
18871,2026-06-23,3,1,480.0,392.7,322.2,1432,1402
18872,2026-06-23,3,2,480.0,436.8,361.1,1605,1569
18873,2026-06-23,3,3,480.0,336.1,269.6,1198,1176
18874,2026-06-23,4,1,480.0,480.0,432.6,2732,2714
18875,2026-06-23,4,2,480.0,476.7,432.9,2734,2710
18876,2026-06-23,4,3,480.0,429.3,387.8,2449,2413
18877,2026-06-23,5,1,480.0,455.8,396.9,1134,1117
18878,2026-06-23,5,2,480.0,403.4,355.9,1017,997
18879,2026-06-23,5,3,480.0,345.9,287.4,821,804
18880,2026-06-23,6,1,480.0,467.1,400.8,1145,1119
18881,2026-06-23,6,2,480.0,361.7,318.5,910,891
18882,2026-06-23,6,3,480.0,351.0,289.4,827,817
18883,2026-06-23,7,1,480.0,220.9,151.2,378,369
18884,2026-06-23,7,2,480.0,328.3,240.4,601,584
18885,2026-06-23,7,3,480.0,244.5,172.8,432,420
18886,2026-06-23,8,1,480.0,480.0,396.8,1035,1015
18887,2026-06-23,8,2,480.0,467.8,397.5,1037,1021
18888,2026-06-23,8,3,480.0,390.2,323.5,844,825
18889,2026-06-23,9,1,480.0,422.5,374.0,1181,1164
18890,2026-06-23,9,2,480.0,451.8,411.4,1299,1287
18891,2026-06-23,9,3,480.0,365.1,326.5,1031,1023
18892,2026-06-23,10,1,480.0,156.8,140.8,563,556
18893,2026-06-23,10,2,480.0,382.3,327.5,1310,1286
18894,2026-06-23,10,3,480.0,348.3,298.5,1194,1171
18895,2026-06-23,11,1,480.0,454.6,386.2,1324,1293
18896,2026-06-23,11,2,480.0,334.3,275.0,943,916
18897,2026-06-23,11,3,480.0,322.6,268.0,919,899
18898,2026-06-23,12,1,480.0,407.8,360.3,1351,1337
18899,2026-06-23,12,2,480.0,242.6,213.1,799,786
18900,2026-06-23,12,3,480.0,458.5,383.2,1437,1426
18901,2026-06-24,1,1,480.0,478.1,437.6,2188,2162
18902,2026-06-24,1,2,480.0,472.1,419.6,2098,2079
18903,2026-06-24,1,3,480.0,466.6,395.2,1976,1946
18904,2026-06-24,2,1,480.0,435.8,379.0,1895,1867
18905,2026-06-24,2,2,480.0,472.1,416.0,2080,2053
18906,2026-06-24,2,3,480.0,345.6,287.6,1438,1412
18907,2026-06-24,3,1,480.0,371.5,308.5,1371,1340
18908,2026-06-24,3,2,480.0,300.8,251.1,1116,1091
18909,2026-06-24,3,3,480.0,398.5,319.7,1421,1388
18910,2026-06-24,4,1,480.0,402.4,370.5,2340,2309
18911,2026-06-24,4,2,480.0,474.9,411.8,2601,2572
18912,2026-06-24,4,3,450.8,450.8,397.1,2508,2477
18913,2026-06-24,5,1,480.0,355.0,300.3,858,843
18914,2026-06-24,5,2,480.0,365.9,314.6,899,883
18915,2026-06-24,5,3,480.0,351.9,302.1,863,850
18916,2026-06-24,6,1,480.0,432.5,366.1,1046,1028
18917,2026-06-24,6,2,480.0,396.0,336.7,962,941
18918,2026-06-24,6,3,480.0,249.0,210.3,601,590
18919,2026-06-24,7,1,480.0,308.6,220.4,551,540
18920,2026-06-24,7,2,480.0,263.8,190.0,475,461
18921,2026-06-24,7,3,480.0,196.5,138.8,347,338
18922,2026-06-24,8,1,480.0,326.9,269.9,704,689
18923,2026-06-24,8,2,480.0,391.5,335.4,875,851
18924,2026-06-24,8,3,480.0,269.8,215.8,563,548
18925,2026-06-24,9,1,480.0,434.2,394.2,1245,1234
18926,2026-06-24,9,2,480.0,330.5,289.8,915,906
18927,2026-06-24,9,3,480.0,418.7,364.2,1150,1141
18928,2026-06-24,10,1,480.0,345.7,294.2,1177,1160
18929,2026-06-24,10,2,480.0,422.3,364.5,1458,1443
18930,2026-06-24,10,3,480.0,433.5,370.5,1482,1456
18931,2026-06-24,11,1,480.0,415.6,339.2,1163,1130
18932,2026-06-24,11,2,480.0,362.8,311.5,1068,1042
18933,2026-06-24,11,3,439.2,389.1,315.9,1083,1057
18934,2026-06-24,12,1,480.0,408.6,339.5,1273,1251
18935,2026-06-24,12,2,480.0,393.1,351.2,1317,1304
18936,2026-06-24,12,3,480.0,436.5,372.0,1395,1378
18937,2026-06-25,1,1,480.0,429.0,365.4,1827,1815
18938,2026-06-25,1,2,480.0,464.3,405.2,2026,1996
18939,2026-06-25,1,3,480.0,445.7,389.8,1949,1926
18940,2026-06-25,2,1,480.0,480.0,418.6,2093,2065
18941,2026-06-25,2,2,480.0,464.1,398.8,1994,1956
18942,2026-06-25,2,3,448.3,440.3,383.2,1916,1898
18943,2026-06-25,3,1,480.0,380.8,315.9,1404,1375
18944,2026-06-25,3,2,480.0,383.4,322.4,1433,1408
18945,2026-06-25,3,3,480.0,328.0,262.4,1166,1147
18946,2026-06-25,4,1,480.0,442.6,394.1,2489,2460
18947,2026-06-25,4,2,480.0,472.1,436.7,2758,2754
18948,2026-06-25,4,3,480.0,477.5,416.3,2629,2591
18949,2026-06-25,5,1,480.0,334.8,288.8,825,803
18950,2026-06-25,5,2,480.0,323.9,276.9,791,778
18951,2026-06-25,5,3,480.0,211.5,177.8,508,501
18952,2026-06-25,6,1,480.0,421.4,348.6,996,982
18953,2026-06-25,6,2,480.0,401.8,345.8,988,971
18954,2026-06-25,6,3,480.0,401.3,340.6,973,957
18955,2026-06-25,7,1,480.0,358.7,265.2,663,652
18956,2026-06-25,7,2,480.0,215.6,159.2,398,389
18957,2026-06-25,7,3,480.0,285.4,205.2,513,502
18958,2026-06-25,8,1,480.0,441.4,386.0,1007,983
18959,2026-06-25,8,2,480.0,423.8,357.6,933,919
18960,2026-06-25,8,3,480.0,463.6,369.1,963,936
18961,2026-06-25,9,1,480.0,430.3,396.8,1253,1243
18962,2026-06-25,9,2,480.0,458.2,420.5,1328,1313
18963,2026-06-25,9,3,449.7,414.8,370.2,1169,1149
18964,2026-06-25,10,1,480.0,480.0,428.8,1715,1680
18965,2026-06-25,10,2,480.0,318.9,284.5,1138,1125
18966,2026-06-25,10,3,438.5,240.8,211.2,845,834
18967,2026-06-25,11,1,480.0,399.0,336.3,1153,1121
18968,2026-06-25,11,2,480.0,458.1,385.0,1320,1276
18969,2026-06-25,11,3,480.0,290.6,239.8,822,802
18970,2026-06-25,12,1,480.0,471.4,418.9,1571,1549
18971,2026-06-25,12,2,480.0,387.5,352.5,1322,1308
18972,2026-06-25,12,3,480.0,451.1,391.5,1468,1455
18973,2026-06-26,1,1,480.0,407.5,365.8,1829,1809
18974,2026-06-26,1,2,480.0,441.9,395.2,1976,1962
18975,2026-06-26,1,3,480.0,419.0,365.4,1827,1807
18976,2026-06-26,2,1,480.0,396.8,350.2,1751,1728
18977,2026-06-26,2,2,480.0,468.0,422.0,2110,2076
18978,2026-06-26,2,3,480.0,458.7,397.0,1985,1972
18979,2026-06-26,3,1,480.0,359.3,298.6,1327,1296
18980,2026-06-26,3,2,480.0,353.2,310.5,1380,1339
18981,2026-06-26,3,3,480.0,395.7,311.9,1386,1357
18982,2026-06-26,4,1,480.0,458.5,419.4,2649,2633
18983,2026-06-26,4,2,480.0,461.0,411.8,2601,2565
18984,2026-06-26,4,3,480.0,480.0,425.6,2688,2657
18985,2026-06-26,5,1,286.8,188.9,160.3,458,451
18986,2026-06-26,5,2,480.0,426.9,376.2,1075,1055
18987,2026-06-26,5,3,480.0,429.5,359.1,1026,1010
18988,2026-06-26,6,1,480.0,344.6,295.8,845,827
18989,2026-06-26,6,2,480.0,410.8,350.7,1002,983
18990,2026-06-26,6,3,447.3,372.8,300.6,859,839
18991,2026-06-26,7,1,480.0,281.1,203.6,509,494
18992,2026-06-26,7,2,480.0,225.1,164.4,411,400
18993,2026-06-26,7,3,480.0,299.6,208.4,521,511
18994,2026-06-26,8,1,480.0,468.8,402.5,1050,1027
18995,2026-06-26,8,2,480.0,334.8,287.9,751,733
18996,2026-06-26,8,3,480.0,428.4,363.4,948,926
18997,2026-06-26,9,1,480.0,475.2,438.9,1386,1374
18998,2026-06-26,9,2,480.0,412.6,386.3,1220,1210
18999,2026-06-26,9,3,480.0,464.3,412.6,1303,1282
19000,2026-06-26,10,1,480.0,414.9,368.5,1474,1449
19001,2026-06-26,10,2,480.0,336.2,286.8,1147,1128
19002,2026-06-26,10,3,480.0,456.1,393.2,1573,1546
19003,2026-06-26,11,1,480.0,480.0,409.8,1405,1372
19004,2026-06-26,11,2,480.0,375.9,321.4,1102,1076
19005,2026-06-26,11,3,480.0,353.6,289.6,993,968
19006,2026-06-26,12,1,480.0,480.0,420.8,1578,1567
19007,2026-06-26,12,2,480.0,410.0,366.4,1374,1360
19008,2026-06-26,12,3,441.5,370.0,316.3,1186,1172
19009,2026-06-27,1,1,480.0,382.3,337.8,1689,1677
19010,2026-06-27,1,2,480.0,313.2,277.0,1385,1369
19011,2026-06-27,1,3,480.0,433.2,379.6,1898,1883
19012,2026-06-27,2,1,480.0,367.4,316.6,1583,1552
19013,2026-06-27,2,2,480.0,471.3,412.6,2063,2034
19014,2026-06-27,2,3,480.0,448.8,376.4,1882,1860
19015,2026-06-27,3,1,480.0,419.2,348.5,1549,1520
19016,2026-06-27,3,2,480.0,400.0,336.4,1495,1464
19017,2026-06-27,3,3,480.0,387.8,319.1,1418,1380
19018,2026-06-27,4,1,480.0,472.1,423.2,2673,2653
19019,2026-06-27,4,2,480.0,478.0,438.1,2767,2734
19020,2026-06-27,4,3,480.0,449.9,385.5,2435,2409
19021,2026-06-27,5,1,480.0,394.3,342.6,979,956
19022,2026-06-27,5,2,480.0,394.4,338.1,966,948
19023,2026-06-27,5,3,480.0,435.0,364.7,1042,1021
19024,2026-06-27,6,1,480.0,402.2,342.6,979,965
19025,2026-06-27,6,2,480.0,405.8,336.4,961,944
19026,2026-06-27,6,3,480.0,392.2,311.1,889,874
19027,2026-06-27,7,1,480.0,306.8,222.0,555,536
19028,2026-06-27,7,2,480.0,344.4,253.6,634,617
19029,2026-06-27,7,3,480.0,311.1,216.4,541,526
19030,2026-06-27,8,1,480.0,398.4,338.5,883,862
19031,2026-06-27,8,2,480.0,443.9,378.7,988,965
19032,2026-06-27,8,3,480.0,308.3,253.4,661,646
19033,2026-06-27,9,1,480.0,453.5,419.9,1326,1312
19034,2026-06-27,9,2,480.0,432.6,377.1,1191,1179
19035,2026-06-27,9,3,480.0,470.8,409.4,1293,1271
19036,2026-06-27,10,1,480.0,459.0,393.0,1572,1545
19037,2026-06-27,10,2,480.0,398.2,349.2,1397,1384
19038,2026-06-27,10,3,480.0,324.5,275.8,1103,1079
19039,2026-06-27,11,1,480.0,377.8,321.7,1103,1083
19040,2026-06-27,11,2,480.0,388.2,330.8,1134,1110
19041,2026-06-27,11,3,480.0,426.3,346.2,1187,1157
19042,2026-06-27,12,1,480.0,430.8,383.5,1438,1413
19043,2026-06-27,12,2,480.0,444.6,393.6,1476,1453
19044,2026-06-27,12,3,480.0,395.2,324.3,1216,1196
19045,2026-06-28,1,1,480.0,374.7,331.0,1655,1636
19046,2026-06-28,1,2,480.0,475.5,422.2,2111,2081
19047,2026-06-28,1,3,480.0,416.8,355.4,1777,1753
19048,2026-06-28,2,1,480.0,456.9,405.2,2026,1998
19049,2026-06-28,2,2,480.0,426.3,378.8,1894,1856
19050,2026-06-28,2,3,480.0,472.9,410.6,2053,2023
19051,2026-06-28,3,1,480.0,444.5,358.4,1593,1548
19052,2026-06-28,3,2,480.0,349.4,294.1,1307,1276
19053,2026-06-28,3,3,480.0,389.7,315.0,1400,1362
19054,2026-06-28,4,1,480.0,465.9,430.5,2719,2678
19055,2026-06-28,4,2,480.0,432.7,378.4,2390,2374
19056,2026-06-28,4,3,480.0,466.6,418.5,2643,2618
19057,2026-06-28,5,1,480.0,468.9,407.1,1163,1137
19058,2026-06-28,5,2,480.0,467.3,405.3,1158,1138
19059,2026-06-28,5,3,480.0,409.1,341.9,977,963
19060,2026-06-28,6,1,480.0,191.5,161.0,460,451
19061,2026-06-28,6,2,480.0,453.6,400.1,1143,1127
19062,2026-06-28,6,3,480.0,356.7,296.4,847,831
19063,2026-06-28,7,1,480.0,322.9,222.0,555,538
19064,2026-06-28,7,2,480.0,317.4,233.2,583,570
19065,2026-06-28,7,3,480.0,334.5,238.4,596,583
19066,2026-06-28,8,1,480.0,378.1,320.9,837,822
19067,2026-06-28,8,2,480.0,440.0,373.4,974,960
19068,2026-06-28,8,3,480.0,409.4,342.3,893,872
19069,2026-06-28,9,1,480.0,468.0,407.2,1286,1268
19070,2026-06-28,9,2,480.0,466.7,420.2,1327,1304
19071,2026-06-28,9,3,480.0,445.7,393.9,1244,1230
19072,2026-06-28,10,1,480.0,328.3,288.5,1154,1130
19073,2026-06-28,10,2,480.0,446.0,391.5,1566,1543
19074,2026-06-28,10,3,480.0,352.0,301.0,1204,1181
19075,2026-06-28,11,1,480.0,362.4,299.0,1025,1004
19076,2026-06-28,11,2,480.0,365.8,313.0,1073,1054
19077,2026-06-28,11,3,480.0,394.3,317.0,1087,1060
19078,2026-06-28,12,1,480.0,374.3,322.1,1208,1194
19079,2026-06-28,12,2,480.0,420.7,358.9,1346,1330
19080,2026-06-28,12,3,480.0,399.2,346.4,1299,1281
19081,2026-06-29,1,1,480.0,429.8,376.6,1883,1857
19082,2026-06-29,1,2,480.0,480.0,408.4,2042,2016
19083,2026-06-29,1,3,480.0,282.1,243.2,1216,1204
19084,2026-06-29,2,1,480.0,430.3,372.8,1864,1844
19085,2026-06-29,2,2,480.0,458.9,392.8,1964,1937
19086,2026-06-29,2,3,480.0,420.5,342.4,1712,1690
19087,2026-06-29,3,1,480.0,275.1,225.4,1002,986
19088,2026-06-29,3,2,480.0,351.0,294.1,1307,1275
19089,2026-06-29,3,3,480.0,358.2,289.6,1287,1259
19090,2026-06-29,4,1,480.0,457.5,422.0,2665,2633
19091,2026-06-29,4,2,480.0,449.8,416.4,2630,2604
19092,2026-06-29,4,3,480.0,411.6,362.7,2291,2261
19093,2026-06-29,5,1,480.0,403.8,351.8,1005,988
19094,2026-06-29,5,2,480.0,467.1,402.9,1151,1131
19095,2026-06-29,5,3,434.6,389.9,327.6,936,917
19096,2026-06-29,6,1,480.0,392.3,333.2,952,930
19097,2026-06-29,6,2,480.0,477.5,427.7,1222,1194
19098,2026-06-29,6,3,443.9,241.4,200.9,574,566
19099,2026-06-29,7,1,480.0,258.3,187.6,469,456
19100,2026-06-29,7,2,480.0,301.9,214.0,535,520
19101,2026-06-29,7,3,480.0,299.8,205.2,513,498
19102,2026-06-29,8,1,480.0,422.5,358.8,936,912
19103,2026-06-29,8,2,480.0,403.1,351.5,917,896
19104,2026-06-29,8,3,450.3,335.9,271.8,709,696
19105,2026-06-29,9,1,480.0,435.9,379.7,1199,1188
19106,2026-06-29,9,2,480.0,458.1,423.4,1337,1326
19107,2026-06-29,9,3,480.0,451.7,392.0,1238,1216
19108,2026-06-29,10,1,480.0,464.0,406.0,1624,1603
19109,2026-06-29,10,2,480.0,278.2,242.2,969,961
19110,2026-06-29,10,3,480.0,427.8,352.8,1411,1397
19111,2026-06-29,11,1,480.0,415.8,348.2,1194,1161
19112,2026-06-29,11,2,480.0,441.5,373.6,1281,1252
19113,2026-06-29,11,3,480.0,333.9,282.6,969,949
19114,2026-06-29,12,1,480.0,442.2,385.6,1446,1432
19115,2026-06-29,12,2,480.0,473.5,415.7,1559,1533
19116,2026-06-29,12,3,480.0,470.9,393.1,1474,1452
19117,2026-06-30,1,1,480.0,431.7,370.6,1853,1836
19118,2026-06-30,1,2,480.0,443.5,404.0,2020,2001
19119,2026-06-30,1,3,480.0,407.9,348.6,1743,1723
19120,2026-06-30,2,1,480.0,414.0,373.2,1866,1837
19121,2026-06-30,2,2,480.0,408.7,344.8,1724,1715
19122,2026-06-30,2,3,480.0,430.8,365.2,1826,1798
19123,2026-06-30,3,1,480.0,343.4,278.6,1238,1209
19124,2026-06-30,3,2,480.0,280.0,238.9,1062,1039
19125,2026-06-30,3,3,480.0,184.0,151.9,675,659
19126,2026-06-30,4,1,480.0,410.0,367.6,2322,2294
19127,2026-06-30,4,2,480.0,470.6,424.0,2678,2649
19128,2026-06-30,4,3,480.0,480.0,425.8,2689,2678
19129,2026-06-30,5,1,480.0,467.4,404.6,1156,1129
19130,2026-06-30,5,2,480.0,423.6,366.4,1047,1028
19131,2026-06-30,5,3,480.0,458.8,382.2,1092,1070
19132,2026-06-30,6,1,480.0,425.3,348.6,996,981
19133,2026-06-30,6,2,480.0,346.3,294.4,841,824
19134,2026-06-30,6,3,480.0,355.5,301.0,860,841
19135,2026-06-30,7,1,480.0,299.4,223.2,558,545
19136,2026-06-30,7,2,480.0,333.8,242.4,606,587
19137,2026-06-30,7,3,480.0,236.2,164.4,411,401
19138,2026-06-30,8,1,480.0,420.8,355.0,926,908
19139,2026-06-30,8,2,480.0,370.2,311.3,812,795
19140,2026-06-30,8,3,480.0,294.7,239.2,624,612
19141,2026-06-30,9,1,480.0,363.9,324.9,1026,1020
19142,2026-06-30,9,2,480.0,474.7,417.4,1318,1306
19143,2026-06-30,9,3,480.0,432.7,378.4,1195,1184
19144,2026-06-30,10,1,480.0,383.5,342.2,1369,1342
19145,2026-06-30,10,2,480.0,480.0,412.2,1649,1618
19146,2026-06-30,10,3,480.0,402.6,344.2,1377,1353
19147,2026-06-30,11,1,480.0,350.6,287.9,987,964
19148,2026-06-30,11,2,480.0,443.1,383.5,1315,1281
19149,2026-06-30,11,3,480.0,350.3,286.4,982,957
19150,2026-06-30,12,1,480.0,433.4,382.7,1435,1415
19151,2026-06-30,12,2,480.0,415.1,362.9,1361,1343
19152,2026-06-30,12,3,480.0,327.8,277.6,1041,1029
