DonorKey,Donor Name,Country,Region,Age Band,Acquisition Date,Acquisition ChannelKey,Donor Type,Consent Status
1,Elizabeth Stanley,FI,Pirkanmaa,30-44,2025-02-23,2,Individual,Email only
2,Rachael Mann,NO,Oslo,30-44,2024-12-01,1,Individual,Full
3,Harry Potter,NO,Trøndelag,60-74,2025-06-12,1,Individual,Email only
4,Sharon Martin,FI,Pohjois-Pohjanmaa,18-29,2022-10-22,3,Individual,Email only
5,Graeme Gregory-Morgan,FI,Pohjois-Pohjanmaa,45-59,2023-12-22,2,Individual,Full
6,Mrs Olivia Singh,DK,Syddanmark,30-44,2023-08-03,1,Individual,Post only
7,Rosemary Jackson,FI,Pohjois-Pohjanmaa,60-74,2025-04-24,5,Individual,Full
8,Stuart Connor,NO,Oslo,30-44,2023-12-09,1,Individual,Full
9,Dr Clive Payne,SE,Västra Götaland,45-59,2025-02-03,3,Individual,Full
10,Charles Singh,SE,Stockholm,30-44,2024-11-04,5,Trust,Full
11,Douglas Turner-Roberts,SE,Västra Götaland,30-44,2024-10-29,2,Individual,Full
12,Geoffrey Lane,FI,Pirkanmaa,75+,2022-09-30,1,Individual,Full
13,Ms Joyce Jackson,FI,Pirkanmaa,60-74,2022-12-27,1,Individual,Full
14,Mr Vincent Booth,DK,Syddanmark,60-74,2025-04-23,2,Individual,Post only
15,Ms Lisa Wright,FI,Pohjois-Pohjanmaa,60-74,2023-12-12,4,Individual,Full
16,Dr Luke Booth,DK,Sjælland,30-44,2023-02-25,1,Individual,Full
17,Simon Hall-Jackson,NO,Oslo,45-59,2023-12-21,1,Individual,Email only
18,Jason Carter-Faulkner,FI,Pirkanmaa,30-44,2025-11-03,1,Individual,Full
19,Jack Webb,SE,Uppsala,45-59,2025-05-21,1,Individual,Email only
20,Lesley Lucas,DK,Hovedstaden,18-29,2022-12-25,4,Individual,Post only
21,Brenda Humphreys,FI,Uusimaa,45-59,2025-04-05,2,Individual,Full
22,Miss Jodie Barnes,FI,Pohjois-Pohjanmaa,30-44,2025-01-07,2,Trust,Full
23,Dr Jeremy Cook,FI,Uusimaa,30-44,2023-07-10,6,Individual,Full
24,Dr Bethany Evans,FI,Pirkanmaa,60-74,2022-10-08,2,Individual,Full
25,Danielle Butler,FI,Varsinais-Suomi,45-59,2023-12-06,1,Individual,Post only
26,Mr Elliott Nicholson,,Varsinais-Suomi,18-29,2025-09-10,4,Individual,Full
27,Charles Bolton,SE,Stockholm,18-29,2023-03-29,2,Individual,Full
28,Ms Zoe Stevens,SE,Västra Götaland,45-59,2022-10-09,2,Individual,Post only
29,Dr Elliot Osborne,NO,Rogaland,45-59,2022-02-22,2,Individual,Full
30,Jacob Nelson,FI,Varsinais-Suomi,75+,2023-09-26,2,Individual,Post only
31,Trevor Gibbons-Hart,FI,Pirkanmaa,30-44,2025-12-13,2,Corporate,Full
32,Miss Holly James,SE,Uppsala,30-44,2022-04-03,3,Individual,Full
33,Mrs Julie Wright,FI,Pirkanmaa,75+,2023-11-28,2,Individual,Full
34,Julian Robinson,SE,Uppsala,18-29,2022-07-29,4,Individual,Full
35,Mr Mitchell Brooks,FI,Uusimaa,75+,2024-10-12,1,Individual,Email only
36,Lucy Alexander,FI,Pirkanmaa,30-44,2023-06-29,2,Trust,Full
37,Dr Joe Tomlinson,FI,Varsinais-Suomi,45-59,2022-04-24,1,Individual,Post only
38,Richard Cox-Atkins,FI,Pirkanmaa,75+,2023-01-12,1,Individual,Full
39,Ms Amber Brown,NO,Trøndelag,45-59,2025-12-03,2,Individual,Full
40,Donna Daniels-Butcher,SE,Stockholm,18-29,2025-04-04,1,Individual,Full
41,Mr Clifford Howard,SE,Stockholm,60-74,2023-01-11,1,Individual,Post only
42,Glenn Watson,FI,Pohjois-Pohjanmaa,18-29,2023-12-22,1,Individual,Post only
43,Dr Rachael Doherty,NO,Oslo,60-74,2025-06-05,1,Individual,Post only
44,Mr Dean Harris,NO,Oslo,30-44,2025-04-18,4,Individual,Email only
45,Ellie Chan,DK,Syddanmark,60-74,2022-12-29,1,Individual,Email only
46,Richard Lawrence-Hudson,NO,Trøndelag,18-29,2025-04-22,4,Individual,Full
47,Kayleigh Fletcher,FI,Uusimaa,30-44,2024-06-13,5,Individual,Full
48,Ryan Byrne,SE,Uppsala,60-74,2024-11-19,4,Individual,Full
49,Katherine Stokes-Birch,DK,Sjælland,18-29,2023-04-05,5,Individual,Full
50,Mr Jacob Clark,FI,Pirkanmaa,45-59,2024-12-17,1,Individual,Full
51,Maurice Page,SE,Uppsala,30-44,2024-03-16,1,Individual,Post only
52,Mr Ben Smith,SE,Västra Götaland,18-29,2025-01-14,2,Individual,Full
53,Jessica Clayton-Davis,NO,Vestland,18-29,2025-10-24,3,Individual,Full
54,Dr Jamie Atkins,DK,Sjælland,30-44,2022-12-24,2,Individual,Full
55,Geoffrey Anderson,FI,Uusimaa,30-44,2023-04-14,2,Individual,Full
56,Wendy Richardson-Jones,SE,Uppsala,75+,2024-11-24,5,Individual,Email only
57,Sylvia Scott,NO,Oslo,30-44,2024-12-30,5,Individual,Full
58,John Hudson,FI,Uusimaa,45-59,2025-04-12,1,Individual,Email only
59,Kayleigh Smith-Brown,FI,Uusimaa,30-44,2024-08-02,1,Individual,Full
60,Cheryl Williams,FI,Pirkanmaa,45-59,2025-09-03,3,Individual,Full
61,Miss Louise Sullivan,FI,Pirkanmaa,60-74,2024-12-10,6,Individual,Full
62,Elizabeth Ford,FI,Pirkanmaa,45-59,2024-03-08,5,Individual,Email only
63,Dr Karl Walker,FI,Varsinais-Suomi,60-74,2025-12-22,3,Individual,Email only
64,Ms Ann Oliver,SE,Stockholm,60-74,2023-12-20,4,Individual,Full
65,Naomi Allen,,Varsinais-Suomi,18-29,2022-12-16,1,Individual,Full
66,Neil Lloyd,FI,Pohjois-Pohjanmaa,45-59,2025-12-16,2,Individual,Email only
67,Angela Davies,FI,Uusimaa,60-74,2022-12-06,1,Individual,Email only
68,Benjamin Webb-Parry,SE,Västra Götaland,45-59,2024-02-04,4,Individual,Full
69,Sean Dean,FI,Varsinais-Suomi,30-44,2022-12-18,1,Individual,Full
70,Dr Christian Gilbert,FI,Pohjois-Pohjanmaa,18-29,2022-11-06,4,Individual,Email only
71,Dr Owen Gregory,FI,Uusimaa,45-59,2024-02-13,4,Individual,Full
72,Stephen Harper,SE,Uppsala,30-44,2024-03-18,2,Individual,Full
73,Martin McKenzie,DK,Midtjylland,45-59,2022-01-16,1,Individual,Full
74,Lucy Khan,SE,Skåne,45-59,2023-08-04,1,Individual,Full
75,Dr Jade Flynn,DK,Hovedstaden,45-59,2024-07-17,4,Trust,Email only
76,Kelly Dawson-Blake,NO,Oslo,30-44,2024-11-29,2,Individual,Full
77,Nicole Walsh,DK,Syddanmark,18-29,2024-09-25,2,Individual,Full
78,Maureen Peacock-Kelly,FI,Uusimaa,18-29,2023-01-26,1,Individual,Full
79,Kevin Hughes-Ward,SE,Uppsala,60-74,2022-03-11,1,Corporate,Full
80,Fiona Fuller,FI,Pirkanmaa,18-29,2022-05-26,1,Individual,Full
81,Mr Glenn Clarke,SE,Stockholm,45-59,2025-12-22,1,Individual,Full
82,Karen Gallagher,SE,Skåne,60-74,2023-07-31,2,Individual,Email only
83,Mr Damien James,FI,Uusimaa,45-59,2022-10-08,1,Individual,Full
84,Harriet Kay,DK,Syddanmark,75+,2024-01-12,1,Individual,Email only
85,Grace French,FI,Varsinais-Suomi,30-44,2025-09-04,1,Individual,Full
86,Ms Melissa Lloyd,FI,Pirkanmaa,75+,2022-02-11,1,Individual,Email only
87,Mr Alex McKenzie,NO,Vestland,75+,2025-12-13,1,Individual,Email only
88,Sheila Bailey,FI,Pirkanmaa,18-29,2024-07-29,1,Individual,Post only
89,Terence Spencer,FI,Uusimaa,60-74,2025-10-10,2,Individual,Full
90,Miss Amber Stevens,FI,Varsinais-Suomi,30-44,2023-12-14,1,Individual,Email only
91,Ross Godfrey,FI,Pohjois-Pohjanmaa,45-59,2024-12-09,1,Individual,Full
92,Barbara Jones,DK,Syddanmark,60-74,2024-09-12,5,Individual,Full
93,Owen Morgan,SE,Stockholm,45-59,2025-08-09,1,Individual,Post only
94,Chelsea Farrell,SE,Västra Götaland,30-44,2023-02-16,1,Individual,Full
95,Hilary Dunn,NO,Rogaland,45-59,2025-07-08,1,Individual,Email only
96,Dr Josh Williams,SE,Västra Götaland,75+,2024-11-23,2,Individual,Email only
97,Adrian Jackson,SE,Västra Götaland,60-74,2022-12-21,5,Individual,Email only
98,Gary Wilson-Carter,FI,Pirkanmaa,60-74,2024-07-11,1,Trust,Post only
99,Samantha Talbot,DK,Hovedstaden,18-29,2025-12-20,6,Individual,Email only
100,Mrs Rosie Edwards,FI,Uusimaa,18-29,2022-11-11,3,Individual,Email only
101,Debra Wilkinson-Lee,SE,Uppsala,45-59,2024-09-07,5,Individual,Email only
102,Dr Beverley Day,FI,Uusimaa,60-74,2023-01-06,4,Corporate,Full
103,Rachel Andrews,FI,Pirkanmaa,60-74,2025-03-05,1,Individual,Full
104,Dr Gary Chambers,FI,Pohjois-Pohjanmaa,45-59,2025-06-24,1,Individual,Full
105,Joan Murray,DK,Midtjylland,60-74,2022-10-17,1,Individual,Full
106,Mr Jason Phillips,FI,Pohjois-Pohjanmaa,30-44,2024-03-23,1,Individual,Email only
107,Dr Dominic Clements,NO,Oslo,18-29,2022-02-05,7,Individual,Full
108,Dr Kimberley Bell,FI,Pohjois-Pohjanmaa,45-59,2022-01-05,1,Individual,Full
109,Luke Lane,FI,Pohjois-Pohjanmaa,60-74,2022-12-23,1,Individual,Full
110,Joseph Hunt,SE,Skåne,30-44,2025-08-18,2,Individual,Email only
111,June Storey,SE,Stockholm,18-29,2022-12-12,2,Individual,Full
112,Dr Daniel Roberts,DK,Hovedstaden,60-74,2025-10-12,1,Individual,Full
113,Tina Holland,FI,Uusimaa,45-59,2023-06-18,5,Individual,Full
114,Molly Hart,NO,Vestland,60-74,2025-12-09,5,Individual,Full
115,William Heath,FI,Pirkanmaa,45-59,2025-11-29,4,Individual,Post only
116,Mrs Fiona Miah,NO,Vestland,60-74,2023-12-24,4,Individual,Full
117,Miss Ruth Martin,DK,Hovedstaden,30-44,2025-10-21,2,Individual,Full
118,Josh Young,SE,Uppsala,45-59,2024-06-30,1,Individual,Email only
119,Steven Thomas,FI,Pohjois-Pohjanmaa,18-29,2025-09-20,5,Individual,Full
120,Yvonne O'Neill,FI,Uusimaa,75+,2025-03-06,6,Individual,Email only
121,Leon Duffy,FI,Pirkanmaa,30-44,2025-01-09,5,Individual,Email only
122,Ricky Matthews,NO,Trøndelag,45-59,2023-12-10,1,Individual,Email only
123,Joel Payne,DK,Midtjylland,45-59,2025-08-13,2,Individual,Full
124,Mrs Jenna Stevenson,,Pirkanmaa,45-59,2025-07-04,4,Individual,Full
125,Ryan Collins,FI,Pohjois-Pohjanmaa,18-29,2023-12-13,3,Individual,Full
126,Hollie Sullivan,DK,Syddanmark,18-29,2024-04-14,1,Individual,Email only
127,Dr Oliver Griffiths,NO,Rogaland,45-59,2022-12-23,2,Individual,Full
128,Albert Moore,FI,Pohjois-Pohjanmaa,75+,2025-03-18,1,Individual,Email only
129,Ben James,FI,Uusimaa,30-44,2025-10-30,6,Individual,Full
130,Conor Hunter,SE,Uppsala,18-29,2025-04-26,1,Individual,Full
131,Victor Smith,SE,Stockholm,30-44,2024-06-05,2,Individual,Full
132,Jack Taylor,SE,Stockholm,30-44,2024-06-01,2,Individual,Full
133,Lewis Griffiths-Wells,FI,Uusimaa,30-44,2022-12-09,1,Individual,Full
134,Damien Brookes,,Vestland,60-74,2022-11-10,2,Individual,Email only
135,Geraldine Rogers,SE,Skåne,18-29,2023-12-25,1,Individual,Full
136,Malcolm Smith,SE,Västra Götaland,75+,2023-09-13,3,Individual,Email only
137,Paula Parsons,SE,Västra Götaland,18-29,2025-10-10,2,Individual,Email only
138,Natalie Hill,FI,Uusimaa,45-59,2025-08-28,4,Individual,Full
139,Jake Tomlinson-Wilson,DK,Sjælland,30-44,2025-12-15,6,Trust,Email only
140,Jasmine Greenwood-Edwards,FI,Uusimaa,75+,2022-01-11,1,Individual,Full
141,Dr Frederick Khan,DK,Sjælland,60-74,2025-04-11,2,Individual,Full
142,Ms Donna Horton,NO,Vestland,60-74,2023-11-22,6,Individual,Email only
143,Bethan Foster,NO,Rogaland,30-44,2025-01-04,3,Individual,Full
144,Raymond Owen,NO,Rogaland,45-59,2024-12-28,2,Individual,Email only
145,Louis Phillips,SE,Skåne,60-74,2025-12-07,4,Individual,Full
146,Charles Moore,FI,Pohjois-Pohjanmaa,60-74,2023-03-14,6,Individual,Email only
147,Mark Ellis,FI,Pirkanmaa,45-59,2023-12-26,1,Individual,Full
148,Brenda Lloyd,FI,Pirkanmaa,75+,2024-06-16,3,Individual,Full
149,Dr Linda Butler,NO,Rogaland,60-74,2022-12-24,1,Individual,Email only
150,Mr Raymond Robson,SE,Uppsala,30-44,2022-07-12,5,Individual,Email only
151,Abbie Stone,NO,Rogaland,45-59,2023-11-17,5,Individual,Full
152,Ms Charlotte Elliott,NO,Rogaland,60-74,2023-12-09,1,Individual,Full
153,Mr Mathew Norris,FI,Pohjois-Pohjanmaa,60-74,2022-09-12,1,Individual,Email only
154,Andrew Sharp,FI,Uusimaa,60-74,2022-10-24,1,Individual,Post only
155,Emily Shaw-Curtis,DK,Sjælland,60-74,2024-07-20,2,Individual,Post only
156,Rosemary Hill-Hughes,NO,Oslo,60-74,2025-12-21,2,Individual,Full
157,Charles Vaughan,FI,Varsinais-Suomi,30-44,2024-12-04,6,Individual,Full
158,Joe Ahmed,DK,Sjælland,30-44,2025-12-11,2,Corporate,Full
159,Edward Abbott,FI,Varsinais-Suomi,30-44,2025-05-05,2,Individual,Full
160,Clare Hughes,FI,Varsinais-Suomi,18-29,2024-07-30,2,Individual,Full
161,Jonathan Francis,FI,Pohjois-Pohjanmaa,18-29,2025-10-17,1,Individual,Post only
162,Dr Raymond Gardiner,FI,Uusimaa,18-29,2024-12-23,4,Individual,Full
163,Rebecca Kerr,SE,Stockholm,45-59,2024-12-11,1,Individual,Full
164,Terence Adams-Wood,FI,Varsinais-Suomi,18-29,2025-06-30,1,Individual,Full
165,Ryan Parsons,FI,Pohjois-Pohjanmaa,60-74,2023-09-09,1,Individual,Full
166,Charlotte Jones,FI,Pirkanmaa,30-44,2022-09-11,4,Individual,Full
167,Nicola Walker,FI,Varsinais-Suomi,45-59,2025-10-20,1,Individual,Email only
168,George Barker,SE,Västra Götaland,60-74,2025-08-04,1,Individual,Full
169,Mr Gareth James,DK,Hovedstaden,30-44,2024-09-26,1,Individual,Full
170,Bernard Russell,NO,Trøndelag,45-59,2025-12-29,6,Individual,Full
171,Jacqueline Wilkinson,DK,Syddanmark,45-59,2023-05-26,4,Individual,Full
172,Patricia Dawson,FI,Pohjois-Pohjanmaa,75+,2022-03-09,1,Individual,Full
173,Cameron Gardiner,NO,Trøndelag,45-59,2022-01-13,1,Individual,Email only
174,Andrea James,FI,Varsinais-Suomi,45-59,2024-02-28,2,Individual,Full
175,Bryan Skinner,SE,Uppsala,30-44,2023-04-06,1,Individual,Full
176,Sian Murphy-Shepherd,NO,Rogaland,60-74,2022-05-04,2,Individual,Email only
177,Judith Roberts-Metcalfe,FI,Varsinais-Suomi,30-44,2023-05-20,3,Individual,Full
178,Ms Katy Waters,DK,Hovedstaden,30-44,2023-08-18,5,Individual,Full
179,Mr Jonathan Marshall,NO,Trøndelag,30-44,2022-12-18,1,Individual,Full
180,Mrs Sharon Mills,NO,Oslo,30-44,2023-09-12,2,Individual,Full
181,Dr Eleanor O'Brien,SE,Uppsala,60-74,2025-05-26,3,Individual,Full
182,Nicole Porter,DK,Hovedstaden,45-59,2025-12-15,1,Individual,Full
183,Dr Antony Mason,DK,Sjælland,45-59,2022-04-28,2,Individual,Full
184,Ms Marie Bennett,SE,Västra Götaland,60-74,2023-10-26,1,Individual,Email only
185,Miss Ann Evans,FI,Pohjois-Pohjanmaa,60-74,2023-08-20,1,Individual,Full
186,Pamela Parkin,DK,Syddanmark,30-44,2023-12-17,6,Individual,Full
187,Sylvia May,FI,Varsinais-Suomi,30-44,2025-10-19,6,Individual,Full
188,Louis Young-Hall,FI,Uusimaa,75+,2022-03-31,2,Individual,Full
189,Mr Ben Evans,SE,Skåne,60-74,2025-01-28,5,Individual,Post only
190,Barbara Campbell,NO,Rogaland,45-59,2023-11-15,1,Individual,Email only
191,Mrs Amelia Ward,NO,Trøndelag,75+,2024-12-06,5,Individual,Full
192,Steven Stone,DK,Midtjylland,75+,2023-10-14,1,Individual,Full
193,Dr Samantha Scott,FI,Pohjois-Pohjanmaa,18-29,2023-12-31,1,Individual,Full
194,Maurice Smith,FI,Uusimaa,30-44,2022-01-25,3,Individual,Full
195,Dr Pauline Wright,FI,Pirkanmaa,30-44,2022-12-17,1,Individual,Email only
196,Holly Jones-Ingram,NO,Rogaland,18-29,2023-07-29,2,Individual,Full
197,Mr Gordon Morgan,FI,Uusimaa,75+,2022-06-02,1,Individual,Full
198,Aimee Wood,NO,Oslo,75+,2025-05-19,1,Individual,Full
199,Gary Brown,NO,Rogaland,30-44,2023-06-05,2,Individual,Email only
200,Mr Jake White,SE,Skåne,60-74,2025-11-16,2,Individual,Full
201,Natalie Hicks,FI,Varsinais-Suomi,45-59,2025-09-05,1,Individual,Full
202,Garry Clark-Thomas,FI,Varsinais-Suomi,45-59,2023-09-01,2,Individual,Post only
203,Shirley Mason-Humphreys,SE,Skåne,60-74,2025-12-15,2,Individual,Full
204,Graham Carter,FI,Uusimaa,45-59,2023-11-09,1,Individual,Full
205,Sheila Smith,FI,Pohjois-Pohjanmaa,45-59,2023-12-13,4,Trust,Full
206,Ruth Dodd,NO,Trøndelag,75+,2024-12-20,4,Individual,Full
207,Alexander Atkinson-Jones,SE,Västra Götaland,18-29,2024-06-18,2,Individual,Full
208,Eleanor Fleming,NO,Trøndelag,45-59,2022-12-01,1,Individual,Full
209,Mr Clifford Evans,DK,Midtjylland,30-44,2025-05-13,1,Individual,Full
210,Ms Amber Gray,FI,Pohjois-Pohjanmaa,60-74,2023-03-30,3,Individual,Full
211,Mrs Claire Kennedy,NO,Rogaland,30-44,2025-09-20,1,Individual,Full
212,Mrs Beverley Ferguson,DK,Hovedstaden,30-44,2022-03-14,1,Individual,Email only
213,Dylan Jones,DK,Sjælland,30-44,2022-03-11,2,Individual,Full
214,John Taylor,FI,Varsinais-Suomi,45-59,2024-02-06,1,Individual,Full
215,Adrian Young-Hughes,FI,Varsinais-Suomi,60-74,2023-12-26,3,Individual,Full
216,Marc Storey,FI,Varsinais-Suomi,75+,2022-06-14,1,Individual,Full
217,Stewart Baldwin,FI,Uusimaa,30-44,2024-10-16,2,Individual,Full
218,Margaret Robinson,DK,Sjælland,30-44,2024-05-11,1,Individual,Full
219,Dr Robert Allen,SE,Uppsala,18-29,2024-09-13,3,Individual,Full
220,Vincent Evans,FI,Uusimaa,45-59,2022-10-08,2,Individual,Full
221,Gerard Randall-Willis,FI,Uusimaa,30-44,2023-04-24,2,Individual,Full
222,Mr Vincent Gardner,SE,Stockholm,45-59,2022-10-09,2,Individual,Email only
223,Mohammed Alexander,SE,Västra Götaland,30-44,2022-10-02,2,Individual,Full
224,Kate Pearson,NO,Trøndelag,60-74,2024-12-29,4,Individual,Full
225,Toby Wilson,SE,Stockholm,30-44,2023-12-15,1,Individual,Full
226,Jonathan Rogers,NO,Vestland,75+,2024-08-13,2,Individual,Email only
227,Mr Mitchell Parkin,FI,Pirkanmaa,18-29,2022-07-15,7,Individual,Full
228,Bethan Nicholls,SE,Stockholm,45-59,2025-01-25,4,Individual,Post only
229,Margaret Bennett,FI,Uusimaa,30-44,2023-02-23,1,Corporate,Email only
230,Mr Graham Williams,FI,Varsinais-Suomi,30-44,2025-05-29,3,Individual,Post only
231,Jodie Phillips,FI,Uusimaa,30-44,2025-09-04,4,Individual,Full
232,Miss Sara Cook,FI,Pirkanmaa,18-29,2023-02-17,2,Individual,Full
233,Christian Roberts-Roberts,SE,Västra Götaland,18-29,2022-09-13,2,Individual,Full
234,Robert Morris,FI,Pirkanmaa,45-59,2022-01-27,3,Individual,Full
235,Dr Arthur Chapman,NO,Oslo,60-74,2024-09-03,2,Individual,Full
236,Mrs Kathryn Simpson,FI,Pirkanmaa,30-44,2024-05-28,2,Individual,Full
237,Ms Margaret Fraser,FI,Uusimaa,45-59,2025-11-04,7,Individual,Email only
238,Shane Williams,SE,Stockholm,30-44,2022-11-16,3,Individual,Full
239,Natasha Harris,FI,Uusimaa,60-74,2025-12-10,1,Individual,Post only
240,Dean Lloyd,FI,Varsinais-Suomi,45-59,2025-03-19,7,Individual,Full
241,Philip Ferguson-Clark,FI,Varsinais-Suomi,30-44,2023-12-17,1,Individual,Full
242,Dr Annette Russell,SE,Uppsala,45-59,2024-12-20,5,Corporate,Post only
243,Amber Khan,FI,Varsinais-Suomi,30-44,2022-02-23,3,Individual,Full
244,Miss Marian Wilson,DK,Syddanmark,18-29,2025-09-28,1,Individual,Full
245,Mr Antony Robinson,FI,Varsinais-Suomi,60-74,2023-11-18,1,Individual,Email only
246,Ms Amanda Richardson,,Midtjylland,18-29,2023-12-25,5,Individual,Email only
247,Maurice Higgins-Turner,DK,Hovedstaden,60-74,2023-03-06,5,Individual,Full
248,Dr Kim Kennedy,FI,Varsinais-Suomi,75+,2024-12-25,1,Individual,Full
249,Miss Bethan Hayward,NO,Trøndelag,45-59,2024-12-28,1,Corporate,Full
250,Dr Raymond Clarke,SE,Uppsala,45-59,2025-08-23,2,Individual,Post only
251,Leigh Griffiths-Lewis,SE,Skåne,60-74,2023-05-25,1,Individual,Post only
252,Mr Martyn Clark,,Sjælland,30-44,2023-11-19,2,Individual,Full
253,Ms Katherine Jones,,Skåne,18-29,2024-12-21,2,Individual,Post only
254,Louise Jones,FI,Varsinais-Suomi,60-74,2023-02-16,1,Individual,Full
255,Hazel Shah,FI,Pohjois-Pohjanmaa,30-44,2022-09-26,1,Individual,Full
256,Victor Davies,FI,Uusimaa,30-44,2025-12-30,7,Individual,Full
257,Mr David McDonald,FI,Pirkanmaa,18-29,2023-10-22,2,Individual,Email only
258,Rosie Flynn-Smith,NO,Trøndelag,75+,2025-03-07,1,Individual,Email only
259,Charlene Wheeler,SE,Stockholm,75+,2025-10-03,1,Individual,Full
260,Vanessa Dawson,NO,Vestland,30-44,2025-09-07,3,Individual,Email only
261,Bernard Howe,FI,Pohjois-Pohjanmaa,60-74,2022-11-21,1,Individual,Full
262,Darren Murphy,SE,Västra Götaland,60-74,2024-04-16,1,Individual,Email only
263,Barbara Jones-Cunningham,DK,Sjælland,18-29,2024-06-24,6,Individual,Full
264,Hayley Hurst,SE,Uppsala,30-44,2022-09-05,1,Individual,Post only
265,Sophie Wood,SE,Stockholm,30-44,2025-06-02,4,Trust,Full
266,Rosie Hope,SE,Stockholm,45-59,2022-12-27,3,Individual,Full
267,Bernard Hancock,SE,Skåne,45-59,2024-09-03,4,Individual,Full
268,Jennifer Jordan,NO,Trøndelag,30-44,2023-01-10,2,Individual,Full
269,Suzanne Blackburn,FI,Uusimaa,30-44,2024-09-01,4,Individual,Full
270,Keith Kemp,DK,Midtjylland,60-74,2023-12-05,2,Individual,Full
271,Leigh Saunders,FI,Pirkanmaa,30-44,2024-04-25,4,Individual,Full
272,Mohamed Bailey,SE,Skåne,18-29,2025-02-01,7,Individual,Full
273,Francesca Wright-Marsh,FI,Varsinais-Suomi,60-74,2024-12-13,4,Individual,Email only
274,Dr Julia Ali,SE,Skåne,18-29,2022-12-20,1,Individual,Full
275,Graham Burrows,SE,Uppsala,18-29,2022-06-09,1,Individual,Full
276,Aaron Roberts,NO,Vestland,60-74,2022-04-17,1,Individual,Full
277,Mrs Leanne Turner,FI,Pirkanmaa,60-74,2022-06-03,2,Individual,Full
278,Ms Katy Jackson,SE,Stockholm,45-59,2025-06-28,2,Individual,Full
279,Jake Short-Taylor,FI,Pirkanmaa,75+,2025-01-18,2,Individual,Full
280,Tony Murphy,FI,Uusimaa,75+,2023-11-10,2,Individual,Full
281,Michael Taylor,SE,Skåne,60-74,2023-12-13,3,Corporate,Email only
282,Mr Reece Walker,FI,Uusimaa,18-29,2022-12-23,1,Individual,Email only
283,Tracey Forster,FI,Uusimaa,75+,2024-12-11,6,Individual,Full
284,Jodie Butler,FI,Varsinais-Suomi,45-59,2023-12-02,3,Individual,Full
285,Rosie Shaw,SE,Västra Götaland,60-74,2024-01-11,1,Individual,Full
286,Ruth Ball,SE,Västra Götaland,60-74,2024-09-06,4,Individual,Full
287,Henry Smith,DK,Hovedstaden,45-59,2023-11-24,5,Individual,Full
288,Mr Jordan Fox,NO,Rogaland,60-74,2024-12-02,3,Individual,Full
289,Jane Thomas,SE,Skåne,45-59,2025-09-18,1,Individual,Full
290,Reece Baldwin-Andrews,NO,Rogaland,60-74,2025-10-30,5,Individual,Email only
291,Kimberley Burton,NO,Vestland,75+,2024-04-22,6,Individual,Full
292,Pamela Thomson,FI,Varsinais-Suomi,60-74,2025-11-07,1,Trust,Full
293,Caroline Joyce,SE,Uppsala,60-74,2022-10-17,5,Corporate,Post only
294,Henry Smith,SE,Uppsala,45-59,2023-05-21,1,Individual,Full
295,Miss Rachel Smith,SE,Skåne,30-44,2023-08-18,4,Trust,Full
296,Dr Lucy Mitchell,DK,Syddanmark,45-59,2024-07-08,1,Individual,Full
297,Danielle Brooks,SE,Skåne,45-59,2022-12-09,6,Individual,Full
298,Richard Lord-Smith,,Pohjois-Pohjanmaa,30-44,2025-08-09,4,Individual,Email only
299,Miss Maureen Jackson,FI,Pirkanmaa,30-44,2022-11-15,2,Individual,Full
300,Suzanne Harris,FI,Uusimaa,18-29,2022-09-04,1,Individual,Full
301,Antony Lowe-McCarthy,NO,Vestland,60-74,2022-11-15,5,Individual,Full
302,Gregory Dickinson,SE,Västra Götaland,18-29,2024-08-07,6,Individual,Email only
303,Carole Randall-Edwards,SE,Uppsala,30-44,2023-12-27,2,Individual,Full
304,Abdul Cook,,Pirkanmaa,45-59,2025-12-29,2,Individual,Email only
305,Brenda Thompson,SE,Uppsala,60-74,2022-12-17,1,Corporate,Full
306,Dennis George,FI,Uusimaa,60-74,2022-12-02,1,Individual,Full
307,Ms Chelsea Page,SE,Stockholm,45-59,2025-10-02,1,Individual,Full
308,Eileen Brookes,FI,Pirkanmaa,75+,2023-03-30,3,Individual,Full
309,Dennis Patel,SE,Uppsala,75+,2023-09-28,2,Individual,Full
310,Charlene Martin,SE,Stockholm,60-74,2022-12-23,4,Individual,Full
311,Miss Tina Jackson,,Pirkanmaa,30-44,2025-02-07,7,Individual,Full
312,Timothy King,SE,Uppsala,30-44,2025-08-01,1,Individual,Full
313,Dr Gemma Murray,SE,Västra Götaland,30-44,2023-08-16,2,Individual,Full
314,Ms Carly Thomas,FI,Pohjois-Pohjanmaa,60-74,2023-08-21,5,Individual,Email only
315,Jake Rogers-Lowe,SE,Västra Götaland,60-74,2022-01-31,6,Individual,Full
316,Harry Ahmed-Henderson,FI,Pirkanmaa,18-29,2023-07-04,1,Individual,Email only
317,Harry Peacock,FI,Uusimaa,45-59,2024-03-08,3,Individual,Post only
318,Mr Liam Page,DK,Sjælland,18-29,2023-12-12,1,Individual,Email only
319,Mr Maurice Clarke,FI,Pohjois-Pohjanmaa,45-59,2023-04-29,1,Individual,Full
320,Dr Dennis Morrison,NO,Vestland,45-59,2023-12-25,4,Individual,Full
321,Ashleigh Daniels,NO,Trøndelag,45-59,2024-08-28,2,Individual,Full
322,Debra Elliott,,Uppsala,60-74,2025-09-10,1,Individual,Full
323,Geraldine Higgins,FI,Pirkanmaa,45-59,2022-07-18,1,Individual,Full
324,Roger Smith,NO,Vestland,18-29,2022-03-11,1,Individual,Full
325,Mrs Victoria Williamson,FI,Varsinais-Suomi,60-74,2024-03-14,2,Individual,Email only
326,Dr Rhys Ryan,NO,Rogaland,30-44,2023-11-30,1,Individual,Email only
327,Miss Patricia Lees,NO,Trøndelag,18-29,2023-11-28,2,Individual,Full
328,Dr Ronald Cartwright,SE,Skåne,30-44,2025-04-25,1,Individual,Full
329,Jeremy Wright,,Varsinais-Suomi,30-44,2023-10-02,1,Individual,Full
330,Dr David Nicholls,SE,Västra Götaland,18-29,2022-12-18,2,Individual,Full
331,Douglas Collins,SE,Västra Götaland,45-59,2023-08-03,2,Individual,Full
332,Richard Webster-Woods,FI,Pirkanmaa,30-44,2024-12-02,2,Individual,Full
333,Lindsey Hardy,FI,Pohjois-Pohjanmaa,45-59,2024-01-12,3,Individual,Full
334,Lee Wright,FI,Pirkanmaa,75+,2025-12-02,5,Individual,Full
335,Teresa Bradley,FI,Uusimaa,30-44,2023-11-09,1,Trust,Email only
336,Tracey Foster,NO,Rogaland,45-59,2025-12-28,1,Individual,Full
337,Kim Richards,SE,Skåne,60-74,2023-12-20,2,Individual,Full
338,Mr Antony Whitehead,SE,Skåne,30-44,2024-03-12,2,Individual,Full
339,Claire Saunders,SE,Västra Götaland,45-59,2022-05-07,3,Individual,Full
340,Jill Gray-James,NO,Vestland,60-74,2023-04-15,2,Individual,Post only
341,Mrs Denise Moss,FI,Pirkanmaa,18-29,2024-01-13,6,Individual,Post only
342,Alan Ali,FI,Pirkanmaa,75+,2023-05-01,1,Individual,Full
343,Mrs Lisa Saunders,FI,Pohjois-Pohjanmaa,60-74,2022-01-16,1,Individual,Email only
344,Cameron Ahmed,FI,Uusimaa,75+,2024-04-14,3,Individual,Full
345,Nicole Moore,FI,Varsinais-Suomi,60-74,2024-12-19,1,Individual,Email only
346,Geoffrey Tucker,NO,Rogaland,30-44,2024-10-12,1,Individual,Email only
347,Jack Lawson,FI,Varsinais-Suomi,45-59,2023-12-29,3,Individual,Email only
348,Miss Pauline Davies,FI,Pohjois-Pohjanmaa,18-29,2024-12-18,5,Individual,Email only
349,Miss Sophie Chamberlain,NO,Vestland,45-59,2024-05-18,1,Individual,Full
350,Damian Pope-Hughes,SE,Stockholm,30-44,2022-12-13,2,Individual,Full
351,Ms Naomi Carter,FI,Varsinais-Suomi,30-44,2024-12-04,1,Individual,Full
352,Rita Newman,SE,Västra Götaland,45-59,2025-12-11,1,Individual,Full
353,Molly Simmons-Andrews,NO,Rogaland,30-44,2025-05-09,1,Individual,Full
354,Sian Edwards-Smith,FI,Varsinais-Suomi,75+,2022-10-24,3,Individual,Full
355,Brian North,FI,Varsinais-Suomi,30-44,2025-02-12,2,Individual,Full
356,Andrew Gill,FI,Uusimaa,60-74,2025-03-12,2,Individual,Email only
357,Miss Dorothy Young,SE,Västra Götaland,45-59,2025-02-16,1,Individual,Full
358,Dr Louis Ahmed,DK,Hovedstaden,45-59,2024-12-15,1,Individual,Full
359,Ms Susan Walker,FI,Pohjois-Pohjanmaa,60-74,2025-02-18,4,Individual,Email only
360,Karen Robson,FI,Pirkanmaa,30-44,2023-10-15,2,Individual,Full
361,Kathleen Matthews,,Pirkanmaa,45-59,2024-10-28,1,Individual,Full
362,Dominic Patel,FI,Varsinais-Suomi,75+,2023-07-18,3,Individual,Full
363,Douglas Nixon,FI,Pirkanmaa,18-29,2023-12-29,1,Individual,Full
364,Mr Dominic Anderson,FI,Varsinais-Suomi,30-44,2025-11-23,4,Individual,Full
365,Cameron King-Evans,FI,Pohjois-Pohjanmaa,30-44,2025-12-17,3,Individual,Full
366,Ben Lawrence-Norris,SE,Uppsala,60-74,2023-01-22,2,Individual,Full
367,Miss Amanda Wilkins,FI,Uusimaa,30-44,2024-11-16,2,Individual,Full
368,Charlotte Chan,FI,Uusimaa,60-74,2022-12-02,1,Individual,Post only
369,Josephine Walker-Jarvis,FI,Varsinais-Suomi,45-59,2025-11-03,1,Individual,Full
370,Lewis Thomas,NO,Rogaland,45-59,2023-05-15,1,Individual,Post only
371,Jonathan Moore-Fitzgerald,SE,Stockholm,60-74,2022-01-28,4,Individual,Email only
372,Marc Smith,DK,Hovedstaden,60-74,2023-12-21,4,Individual,Email only
373,Mohammad Sanders,NO,Vestland,30-44,2024-03-13,1,Individual,Full
374,Cheryl Nicholls,SE,Västra Götaland,45-59,2023-04-11,1,Individual,Full
375,Josephine Evans,FI,Pirkanmaa,30-44,2025-11-04,1,Individual,Full
376,Ms Josephine Gibson,DK,Sjælland,18-29,2023-09-01,2,Individual,Full
377,Lawrence Sykes,SE,Stockholm,60-74,2025-04-30,5,Individual,Full
378,Paige Stevens-Barnes,DK,Hovedstaden,75+,2024-02-07,4,Individual,Full
379,Ronald Berry-Mason,NO,Rogaland,45-59,2025-12-05,6,Individual,Full
380,Chelsea Marshall-Parker,SE,Skåne,75+,2025-08-05,2,Individual,Full
381,Ruth Gibson,NO,Rogaland,75+,2022-05-30,1,Individual,Full
382,Miss Ann James,,Skåne,45-59,2024-12-24,2,Individual,Full
383,Helen Yates,NO,Rogaland,75+,2023-08-16,5,Individual,Full
384,Kieran Sharp,FI,Pohjois-Pohjanmaa,45-59,2025-07-03,1,Individual,Email only
385,Miss Abbie Wilson,FI,Pirkanmaa,60-74,2025-05-05,1,Individual,Full
386,Kyle Johnston-Bell,FI,Varsinais-Suomi,30-44,2022-07-16,4,Individual,Post only
387,Mr Antony Burrows,FI,Pohjois-Pohjanmaa,75+,2023-02-19,4,Individual,Full
388,Jennifer Dawson,FI,Pohjois-Pohjanmaa,45-59,2025-02-26,4,Individual,Full
389,Marie Chambers-Shepherd,FI,Pirkanmaa,45-59,2025-05-26,2,Individual,Full
390,Melanie Begum,SE,Stockholm,45-59,2022-10-07,1,Individual,Post only
391,George McLean,SE,Skåne,60-74,2023-01-02,5,Individual,Full
392,Francesca Walker,SE,Stockholm,60-74,2025-05-05,2,Individual,Full
393,Dr Lauren Gray,FI,Pohjois-Pohjanmaa,18-29,2022-12-17,1,Individual,Post only
394,Mark Byrne,SE,Skåne,45-59,2022-08-09,1,Individual,Full
395,Kathleen Williams,FI,Pohjois-Pohjanmaa,45-59,2024-05-13,1,Individual,Email only
396,Mr Albert Shaw,NO,Vestland,30-44,2023-11-28,5,Individual,Post only
397,Barbara Brown,FI,Varsinais-Suomi,60-74,2023-09-08,5,Individual,Full
398,Mr Leonard Wright,FI,Varsinais-Suomi,18-29,2024-02-21,3,Individual,Post only
399,Rosie Law,SE,Västra Götaland,30-44,2025-12-24,5,Individual,Full
400,Mr James Wood,FI,Uusimaa,60-74,2022-02-19,5,Individual,Full
401,Victoria Wright,SE,Stockholm,30-44,2024-08-26,2,Corporate,Full
402,Dennis Carroll,DK,Sjælland,45-59,2024-03-18,2,Individual,Full
403,Mr Leon Chan,FI,Varsinais-Suomi,60-74,2023-03-29,1,Individual,Email only
404,Kevin O'Connor-Scott,NO,Rogaland,60-74,2023-05-09,5,Individual,Email only
405,Kate Davies,SE,Västra Götaland,60-74,2022-07-01,1,Individual,Email only
406,Graham Morley,FI,Pohjois-Pohjanmaa,45-59,2024-03-24,3,Individual,Full
407,Dr Molly Graham,FI,Uusimaa,75+,2023-09-07,4,Corporate,Email only
408,Danny Butler,NO,Oslo,45-59,2025-12-15,5,Individual,Full
409,Joanne Thompson,FI,Varsinais-Suomi,60-74,2022-03-02,1,Individual,Full
410,Ms Teresa Taylor,DK,Midtjylland,45-59,2022-01-19,2,Individual,Email only
411,Malcolm Lawrence,FI,Uusimaa,30-44,2023-12-20,2,Individual,Full
412,Tom Hill,NO,Rogaland,30-44,2023-03-31,2,Individual,Full
413,Kerry Walsh,DK,Hovedstaden,60-74,2025-12-05,1,Individual,Full
414,Kate Allen,SE,Västra Götaland,18-29,2022-10-02,1,Individual,Full
415,Clare Edwards,FI,Pohjois-Pohjanmaa,30-44,2022-12-14,1,Individual,Full
416,Amy Evans-Hill,SE,Uppsala,30-44,2025-03-13,2,Corporate,Full
417,Elaine Cox,NO,Trøndelag,75+,2025-01-31,5,Individual,Full
418,Miss Leanne Morrison,SE,Västra Götaland,30-44,2025-05-28,3,Individual,Email only
419,Mr Philip Reed,FI,Uusimaa,30-44,2024-12-31,5,Individual,Full
420,Paul Edwards,SE,Skåne,30-44,2022-05-28,2,Individual,Full
421,Damien Doyle,FI,Varsinais-Suomi,18-29,2022-11-13,2,Individual,Email only
422,Yvonne Hunt-Booth,FI,Varsinais-Suomi,60-74,2022-09-07,3,Individual,Full
423,Rita Wade-Harper,NO,Oslo,75+,2022-12-16,3,Individual,Email only
424,Dr Kate Ali,NO,Rogaland,18-29,2024-03-28,5,Individual,Full
425,Ms Lauren Hill,FI,Pirkanmaa,30-44,2025-12-19,1,Individual,Full
426,Joyce Harris,FI,Uusimaa,60-74,2024-04-03,1,Individual,Full
427,Vincent Johnson,FI,Varsinais-Suomi,30-44,2025-02-16,1,Individual,Post only
428,Mr Joseph Hall,DK,Sjælland,30-44,2023-05-31,2,Individual,Full
429,Mr Neil Turner,FI,Pohjois-Pohjanmaa,60-74,2024-11-18,3,Individual,Post only
430,Cameron Green,SE,Skåne,45-59,2023-03-19,2,Individual,Post only
431,Anna Hodgson,FI,Pirkanmaa,45-59,2025-11-29,1,Individual,Full
432,Mitchell Black,SE,Västra Götaland,45-59,2023-08-15,1,Individual,Full
433,Miss Heather Akhtar,FI,Pohjois-Pohjanmaa,75+,2023-03-16,4,Individual,Post only
434,Brett Bradshaw,FI,Pohjois-Pohjanmaa,45-59,2025-09-16,1,Individual,Full
435,Emma Taylor,FI,Varsinais-Suomi,60-74,2024-12-15,1,Individual,Full
436,John Thompson,SE,Uppsala,75+,2024-11-07,1,Individual,Full
437,Jodie Hart-Jackson,FI,Uusimaa,75+,2022-05-05,4,Individual,Full
438,Mr Henry Williams,SE,Stockholm,18-29,2025-05-26,1,Trust,Email only
439,Frances Moore-Barry,FI,Varsinais-Suomi,45-59,2024-10-08,1,Individual,Full
440,Paula Jones-Nolan,FI,Pirkanmaa,45-59,2022-12-09,2,Corporate,Full
441,Robert Griffiths,FI,Pirkanmaa,18-29,2024-12-22,5,Individual,Email only
442,Dylan Davies-Burns,FI,Uusimaa,45-59,2024-01-18,1,Individual,Post only
443,Gregory Shah,DK,Sjælland,18-29,2022-10-30,2,Individual,Full
444,Maurice Patel,FI,Varsinais-Suomi,45-59,2024-12-13,4,Trust,Full
445,Diane Williams,SE,Uppsala,45-59,2022-07-28,2,Individual,Full
446,Ruth Taylor,SE,Uppsala,45-59,2023-08-12,1,Individual,Email only
447,Ms Jodie Jones,FI,Varsinais-Suomi,45-59,2023-11-10,1,Individual,Full
448,Gerald Gilbert,NO,Oslo,60-74,2024-08-28,2,Individual,Full
449,Miss Molly Hill,DK,Midtjylland,75+,2024-11-27,3,Individual,Full
450,Miss Helen Saunders,DK,Midtjylland,30-44,2024-12-04,3,Individual,Email only
451,Arthur Hutchinson,FI,Uusimaa,60-74,2024-06-28,4,Individual,Full
452,Lynda Booth,SE,Västra Götaland,60-74,2025-05-14,2,Corporate,Full
453,Suzanne Matthews-Scott,NO,Trøndelag,45-59,2023-12-05,7,Individual,Full
454,Anthony Wood-Morgan,FI,Pirkanmaa,60-74,2025-12-06,2,Individual,Email only
455,Janice Hutchinson,SE,Stockholm,30-44,2024-05-12,5,Individual,Full
456,Amelia Robinson,DK,Sjælland,30-44,2025-03-21,1,Individual,Email only
457,Anne Holden,SE,Skåne,75+,2025-10-06,1,Individual,Email only
458,Hilary Heath-Austin,DK,Hovedstaden,60-74,2025-01-14,5,Individual,Full
459,Mr Stanley Taylor,,Skåne,75+,2024-10-26,3,Individual,Full
460,Ashley Buckley,FI,Pirkanmaa,75+,2023-11-17,3,Individual,Full
461,Christopher Stevenson,,Midtjylland,60-74,2022-12-12,6,Individual,Full
462,Gregory Pearce,FI,Pohjois-Pohjanmaa,18-29,2023-07-25,2,Individual,Full
463,Janice Baker,FI,Pohjois-Pohjanmaa,75+,2022-01-03,1,Individual,Full
464,Dr Caroline Powell,FI,Uusimaa,45-59,2024-11-27,4,Corporate,Email only
465,Diana Harrison,SE,Skåne,45-59,2022-12-30,2,Individual,Full
466,Gregory Bevan,SE,Stockholm,30-44,2022-12-15,6,Individual,Full
467,Mrs Fiona Smith,SE,Västra Götaland,30-44,2022-12-18,1,Individual,Full
468,Francis Ellis-Thompson,FI,Pohjois-Pohjanmaa,75+,2025-10-27,2,Individual,Full
469,Steven Bates,FI,Pohjois-Pohjanmaa,75+,2023-06-23,4,Individual,Full
470,Mrs Clare Hughes,FI,Pirkanmaa,18-29,2024-04-06,1,Individual,Email only
471,Miss Stephanie Evans,FI,Pohjois-Pohjanmaa,30-44,2025-06-22,1,Individual,Email only
472,Dr Clifford Murray,NO,Oslo,18-29,2022-11-18,1,Trust,Full
473,Dr Donald Curtis,FI,Varsinais-Suomi,30-44,2022-11-06,2,Individual,Full
474,Hannah Andrews,DK,Sjælland,45-59,2024-05-24,6,Individual,Full
475,Tom Parsons,SE,Stockholm,75+,2024-03-20,2,Individual,Email only
476,Dr Chloe Fisher,FI,Uusimaa,60-74,2024-08-25,1,Individual,Email only
477,Ann Smith-Wood,DK,Sjælland,75+,2022-07-10,1,Individual,Full
478,Dr Nathan Phillips,SE,Skåne,60-74,2025-01-26,1,Individual,Full
479,Deborah Bartlett-Whitehead,FI,Pirkanmaa,45-59,2025-12-15,1,Individual,Full
480,Lee Bentley,DK,Sjælland,75+,2024-12-07,1,Individual,Post only
481,Ms Margaret Arnold,SE,Uppsala,18-29,2025-01-24,6,Individual,Full
482,Kayleigh Watson,FI,Varsinais-Suomi,45-59,2023-12-13,2,Individual,Full
483,Simon Pugh,FI,Uusimaa,45-59,2025-05-23,1,Individual,Full
484,Sylvia Roberts,NO,Rogaland,60-74,2024-03-29,4,Individual,Post only
485,Arthur McCarthy,FI,Uusimaa,45-59,2022-12-23,5,Individual,Full
486,Jill Connolly,NO,Trøndelag,30-44,2022-07-01,1,Individual,Full
487,Dr Deborah Moore,DK,Sjælland,18-29,2022-03-03,1,Individual,Email only
488,Aimee Grant,FI,Varsinais-Suomi,30-44,2025-02-28,1,Individual,Email only
489,Sheila Shaw-Jones,FI,Pohjois-Pohjanmaa,60-74,2024-11-15,1,Individual,Full
490,Stacey Ferguson,DK,Hovedstaden,30-44,2024-06-30,4,Individual,Full
491,Mandy Giles,FI,Pirkanmaa,60-74,2022-02-16,1,Individual,Post only
492,Vincent Edwards,FI,Varsinais-Suomi,60-74,2025-12-14,3,Individual,Full
493,Brandon Ward,FI,Uusimaa,45-59,2025-07-17,1,Individual,Post only
494,Michael Lee-Stewart,FI,Pohjois-Pohjanmaa,45-59,2025-03-19,1,Individual,Full
495,Duncan Oliver,DK,Syddanmark,75+,2023-08-18,1,Individual,Full
496,Mr Elliott Potts,DK,Midtjylland,60-74,2024-12-13,1,Individual,Full
497,Eric Bailey,,Stockholm,45-59,2022-11-27,1,Individual,Email only
498,Eileen Begum,FI,Pirkanmaa,45-59,2025-11-27,1,Corporate,Full
499,Mr George Lawrence,FI,Uusimaa,30-44,2023-06-29,1,Individual,Full
500,Lynne Davis,FI,Uusimaa,30-44,2023-10-01,1,Individual,Full
501,Simon Booth-Haynes,DK,Midtjylland,45-59,2022-08-20,1,Individual,Full
502,Valerie Harris,FI,Pohjois-Pohjanmaa,30-44,2022-09-10,1,Individual,Email only
503,Dr Scott Elliott,SE,Stockholm,30-44,2022-06-16,1,Individual,Full
504,Georgia Haynes,FI,Pirkanmaa,18-29,2024-04-04,4,Corporate,Full
505,Antony Ahmed,FI,Pohjois-Pohjanmaa,60-74,2022-03-30,4,Individual,Full
506,Dean Coles,SE,Skåne,45-59,2025-07-22,4,Individual,Full
507,Mohammad Dean,SE,Västra Götaland,45-59,2024-11-05,5,Individual,Full
508,Dr Mary Gordon,NO,Oslo,45-59,2023-12-04,1,Individual,Email only
509,Valerie Potts,SE,Stockholm,30-44,2023-09-06,3,Individual,Email only
510,Richard Lewis,NO,Trøndelag,30-44,2024-12-20,2,Individual,Email only
511,Russell Arnold-Ahmed,NO,Vestland,45-59,2022-02-12,2,Individual,Full
512,Dr Adrian Barnett,FI,Pirkanmaa,30-44,2022-02-03,4,Individual,Full
513,Elizabeth Knowles,FI,Varsinais-Suomi,75+,2025-12-13,1,Individual,Full
514,June Jackson,SE,Uppsala,45-59,2024-01-05,2,Individual,Full
515,Robin Davies,FI,Varsinais-Suomi,60-74,2025-02-22,3,Individual,Email only
516,Antony Arnold,SE,Uppsala,60-74,2023-12-15,2,Individual,Full
517,Mr George Hunt,FI,Varsinais-Suomi,30-44,2025-12-08,1,Individual,Email only
518,Samantha Brown,FI,Uusimaa,30-44,2025-12-03,1,Individual,Full
519,Dr Lewis Stone,NO,Oslo,18-29,2024-09-26,5,Individual,Full
520,Jacqueline Wood,DK,Midtjylland,30-44,2022-03-20,2,Individual,Full
521,Kim Baker,FI,Varsinais-Suomi,30-44,2025-12-04,3,Individual,Post only
522,Miss Cheryl Jenkins,NO,Oslo,30-44,2023-02-07,1,Individual,Post only
523,Brian Middleton,SE,Västra Götaland,30-44,2024-09-27,5,Individual,Full
524,Hugh Johnson-Hussain,NO,Trøndelag,18-29,2022-10-13,2,Individual,Full
525,Mr Graham Elliott,NO,Vestland,30-44,2024-12-27,4,Individual,Full
526,Leigh Brooks,NO,Rogaland,30-44,2025-09-14,2,Individual,Email only
527,Maria Jones,NO,Trøndelag,45-59,2023-04-15,1,Individual,Post only
528,Keith White-Greenwood,SE,Stockholm,30-44,2023-10-30,2,Individual,Full
529,Barbara Thompson,NO,Vestland,30-44,2024-12-28,7,Individual,Full
530,Elliott Shaw-Fletcher,NO,Rogaland,30-44,2023-02-02,5,Individual,Full
531,Mr Edward Weston,NO,Trøndelag,30-44,2024-09-09,1,Individual,Email only
532,Angela Hale,NO,Vestland,75+,2023-07-04,3,Individual,Full
533,Ms Sophie Bond,NO,Oslo,45-59,2024-03-20,3,Individual,Post only
534,Nicholas Campbell,NO,Rogaland,30-44,2025-12-04,1,Individual,Full
535,Dr Samuel Weston,FI,Varsinais-Suomi,60-74,2025-12-20,2,Individual,Full
536,June Phillips,,Uusimaa,30-44,2025-12-17,1,Individual,Full
537,Stephanie Watson,FI,Pirkanmaa,75+,2022-11-02,4,Individual,Email only
538,Ms Hollie Marshall,SE,Stockholm,30-44,2024-10-06,2,Individual,Full
539,Allan Patel-Lawrence,DK,Syddanmark,45-59,2024-09-19,5,Individual,Full
540,Mrs Debra Thompson,NO,Rogaland,75+,2023-12-25,5,Individual,Full
541,Nicole Barrett,FI,Varsinais-Suomi,60-74,2022-10-09,2,Individual,Full
542,Kimberley Wood,NO,Rogaland,45-59,2022-03-30,4,Individual,Email only
543,Sarah Morris,SE,Uppsala,18-29,2025-01-01,5,Individual,Email only
544,Jay O'Sullivan,FI,Pirkanmaa,18-29,2022-08-24,3,Individual,Email only
545,Ms Marilyn Williams,FI,Pirkanmaa,30-44,2023-10-10,1,Individual,Full
546,Guy Taylor-Lee,FI,Uusimaa,45-59,2023-06-18,2,Individual,Full
547,Robin Fuller,SE,Västra Götaland,18-29,2023-08-01,1,Individual,Email only
548,Mr Glen Jones,NO,Vestland,60-74,2025-01-06,3,Individual,Full
549,Joel Williams,NO,Oslo,60-74,2023-03-19,2,Individual,Full
550,Frank Foster,SE,Uppsala,45-59,2022-08-25,4,Individual,Full
551,Alexander Martin,NO,Oslo,75+,2022-09-25,1,Individual,Post only
552,Ben Smith,SE,Västra Götaland,30-44,2023-12-20,1,Individual,Full
553,Stanley Bennett,FI,Pirkanmaa,60-74,2024-09-01,4,Individual,Full
554,Ann Gallagher-Richards,NO,Rogaland,45-59,2022-02-21,4,Individual,Post only
555,Francesca Bowen,FI,Varsinais-Suomi,60-74,2023-12-17,2,Individual,Full
556,Mrs Eleanor Williams,SE,Västra Götaland,30-44,2023-11-14,1,Individual,Full
557,Denise Walker,FI,Pohjois-Pohjanmaa,30-44,2025-12-20,3,Individual,Full
558,Jean Hobbs,FI,Pirkanmaa,60-74,2024-11-23,1,Individual,Full
559,Russell White-Moore,FI,Pohjois-Pohjanmaa,75+,2025-04-27,1,Individual,Full
560,Carol Smith,NO,Vestland,45-59,2023-07-02,4,Corporate,Full
561,Gregory Parker,SE,Skåne,45-59,2024-12-31,2,Individual,Full
562,Mrs Ruth Holland,FI,Pohjois-Pohjanmaa,45-59,2023-04-05,1,Individual,Email only
563,Victor Hammond,FI,Uusimaa,18-29,2025-04-15,5,Individual,Post only
564,Sophie Giles-Martin,FI,Pohjois-Pohjanmaa,60-74,2022-05-23,1,Corporate,Full
565,Dr Jemma Matthews,FI,Pohjois-Pohjanmaa,60-74,2022-05-27,2,Individual,Full
566,Lewis Field-Robinson,DK,Midtjylland,45-59,2025-12-29,4,Individual,Post only
567,Mr Samuel White,,Rogaland,30-44,2024-12-21,1,Individual,Full
568,Mrs Barbara Lees,FI,Uusimaa,45-59,2022-05-24,2,Individual,Full
569,Carl Pickering,NO,Trøndelag,45-59,2024-06-13,1,Individual,Full
570,Joseph Daly,FI,Uusimaa,18-29,2025-02-04,1,Individual,Post only
571,Michael Cartwright,FI,Pirkanmaa,30-44,2023-12-19,1,Corporate,Full
572,Carolyn Osborne,FI,Pohjois-Pohjanmaa,30-44,2022-12-23,2,Individual,Full
573,Gillian Watson,SE,Stockholm,60-74,2025-07-14,1,Individual,Full
574,Alexandra Jones-Newman,SE,Stockholm,30-44,2025-09-16,2,Individual,Full
575,Gemma Coates-Hill,FI,Varsinais-Suomi,45-59,2025-12-14,1,Individual,Full
576,Ronald Harris,FI,Pirkanmaa,60-74,2023-09-20,1,Individual,Full
577,Michael Moore,SE,Uppsala,60-74,2023-11-03,2,Individual,Post only
578,Joseph Holmes,DK,Sjælland,75+,2025-12-26,6,Individual,Email only
579,Marcus Burton,NO,Trøndelag,45-59,2025-02-16,2,Individual,Full
580,Richard Richardson-Hall,SE,Uppsala,60-74,2025-06-06,1,Trust,Full
581,Elizabeth Edwards,FI,Pirkanmaa,60-74,2024-09-25,4,Individual,Full
582,Mathew Fisher,FI,Pohjois-Pohjanmaa,18-29,2025-12-03,4,Individual,Email only
583,Dr Kevin Norman,FI,Pirkanmaa,18-29,2025-11-16,2,Individual,Full
584,Bryan White-Williams,NO,Rogaland,45-59,2024-03-10,3,Individual,Full
585,Stewart Griffiths,FI,Pohjois-Pohjanmaa,75+,2023-12-18,4,Individual,Post only
586,Charlene Humphries,NO,Rogaland,30-44,2022-11-10,1,Individual,Email only
587,Declan Barnes,DK,Syddanmark,60-74,2025-06-27,1,Individual,Full
588,Dr Paige Barry,DK,Sjælland,60-74,2025-04-07,5,Individual,Full
589,Maureen Bradshaw,FI,Pohjois-Pohjanmaa,60-74,2025-12-23,6,Individual,Full
590,Kelly Ward,FI,Pirkanmaa,45-59,2024-03-18,2,Individual,Full
591,Miss Ashleigh Owen,FI,Uusimaa,45-59,2024-12-20,2,Individual,Full
592,Neil Cameron,NO,Trøndelag,45-59,2023-03-10,4,Individual,Email only
593,Victoria Richardson,FI,Pohjois-Pohjanmaa,18-29,2022-12-19,2,Individual,Full
594,Josh Kelly,SE,Västra Götaland,45-59,2024-12-26,4,Individual,Full
595,Leonard Butler-Thomas,SE,Stockholm,60-74,2024-07-25,1,Individual,Full
596,Mr Craig Taylor,FI,Pirkanmaa,75+,2023-06-10,2,Individual,Email only
597,Lawrence Bennett,FI,Pirkanmaa,45-59,2022-08-29,2,Individual,Full
598,Mrs Gemma Harper,FI,Pirkanmaa,60-74,2024-12-02,2,Individual,Full
599,Wendy Pritchard,NO,Rogaland,60-74,2023-06-16,1,Individual,Full
600,Dr Darren Phillips,SE,Uppsala,30-44,2025-12-08,2,Individual,Full
601,Mr Elliott Watson,FI,Pohjois-Pohjanmaa,45-59,2023-12-12,1,Individual,Post only
602,Dr Maria Gardner,FI,Pirkanmaa,75+,2025-12-16,1,Individual,Email only
603,Neil Akhtar,FI,Pohjois-Pohjanmaa,75+,2025-05-15,3,Individual,Full
604,Georgia Smith,SE,Västra Götaland,18-29,2024-02-08,2,Individual,Email only
605,Brett Robinson,FI,Varsinais-Suomi,45-59,2022-12-23,6,Individual,Post only
606,Gail Glover,DK,Syddanmark,18-29,2023-06-16,2,Individual,Full
607,Geoffrey Parry,FI,Uusimaa,75+,2022-10-03,2,Individual,Email only
608,Lisa Taylor,NO,Trøndelag,30-44,2025-03-29,2,Individual,Email only
609,Geraldine Ross,SE,Stockholm,60-74,2023-12-10,4,Individual,Full
610,Yvonne Harrison-Webster,DK,Syddanmark,60-74,2025-05-10,1,Individual,Email only
611,Louise Mann,FI,Varsinais-Suomi,45-59,2023-05-24,1,Individual,Full
612,Gregory Gregory,FI,Varsinais-Suomi,18-29,2023-04-17,1,Individual,Email only
613,Dr Amelia Mills,NO,Trøndelag,60-74,2023-10-19,5,Individual,Full
614,Mr Charlie George,SE,Västra Götaland,18-29,2022-05-22,4,Individual,Email only
615,Dr Dylan Anderson,SE,Uppsala,18-29,2023-12-12,4,Individual,Email only
616,Mr Ben Taylor,NO,Vestland,45-59,2023-06-06,2,Individual,Full
617,Julian Rose,FI,Pohjois-Pohjanmaa,45-59,2023-03-15,1,Individual,Full
618,Deborah Osborne,FI,Uusimaa,60-74,2022-12-24,1,Individual,Full
619,David Ross,FI,Pohjois-Pohjanmaa,18-29,2023-03-28,2,Individual,Post only
620,Josephine Jackson-Scott,FI,Pohjois-Pohjanmaa,18-29,2025-06-03,3,Individual,Full
621,Ms Molly Taylor,FI,Varsinais-Suomi,18-29,2022-08-01,1,Individual,Full
622,Ms Ruth Charlton,FI,Varsinais-Suomi,60-74,2022-12-22,1,Individual,Full
623,Dr Mark O'Sullivan,SE,Skåne,18-29,2022-07-19,1,Individual,Full
624,Kenneth Hanson-Wilson,NO,Trøndelag,18-29,2024-10-19,3,Corporate,Post only
625,Mr Bradley Hayward,FI,Varsinais-Suomi,30-44,2024-12-14,1,Individual,Full
626,Mr Neil Herbert,SE,Skåne,75+,2022-05-14,3,Individual,Full
627,Hazel Gibson-Lee,FI,Uusimaa,60-74,2024-06-28,5,Individual,Full
628,Katy Jones-Armstrong,DK,Hovedstaden,30-44,2023-12-19,1,Individual,Full
629,Miss Dorothy Robinson,FI,Varsinais-Suomi,30-44,2023-01-25,2,Individual,Full
630,Gillian Harvey,DK,Sjælland,18-29,2023-12-11,3,Individual,Post only
631,Mr Albert Wilson,,Västra Götaland,18-29,2022-07-23,1,Individual,Full
632,Glen Tucker,NO,Trøndelag,30-44,2025-12-28,1,Individual,Full
633,Emma Morris,DK,Hovedstaden,30-44,2025-12-02,1,Individual,Full
634,Sharon Robinson,SE,Stockholm,30-44,2024-06-04,1,Individual,Full
635,Bryan Porter,FI,Varsinais-Suomi,75+,2022-07-25,4,Trust,Full
636,Mr Benjamin Hanson,FI,Varsinais-Suomi,45-59,2025-04-13,1,Corporate,Full
637,Dr Paula Moss,SE,Västra Götaland,45-59,2022-10-26,1,Individual,Post only
638,Hannah Hughes,SE,Stockholm,60-74,2023-12-26,2,Individual,Email only
639,Jeffrey Simmons,NO,Rogaland,60-74,2025-12-27,1,Individual,Full
640,Pamela Campbell,FI,Uusimaa,45-59,2023-11-23,4,Individual,Full
641,Abbie Mills,FI,Uusimaa,45-59,2022-10-07,1,Individual,Full
642,Dr Victor Page,FI,Pirkanmaa,75+,2025-03-01,4,Individual,Post only
643,Marcus Smith,SE,Skåne,30-44,2024-03-29,1,Individual,Email only
644,Ms Pauline Fox,FI,Pohjois-Pohjanmaa,30-44,2025-08-13,5,Individual,Full
645,Julia Moore,SE,Uppsala,45-59,2025-11-13,6,Individual,Email only
646,Danny Parker,DK,Midtjylland,45-59,2025-03-23,3,Individual,Email only
647,Kelly Robinson-Khan,FI,Uusimaa,18-29,2024-11-18,1,Individual,Full
648,Mr Harry Ingram,SE,Stockholm,18-29,2024-01-13,1,Individual,Full
649,Deborah Farrell,DK,Sjælland,45-59,2022-05-04,2,Individual,Full
650,Liam Nicholls,FI,Varsinais-Suomi,60-74,2024-03-30,6,Individual,Full
651,Hazel Barlow,SE,Västra Götaland,60-74,2022-09-24,2,Individual,Full
652,Hollie Tyler,,Trøndelag,60-74,2025-11-13,1,Individual,Full
653,Martin Wright,NO,Trøndelag,18-29,2025-09-18,2,Individual,Full
654,Peter Dixon,FI,Pirkanmaa,60-74,2025-05-13,2,Individual,Email only
655,Dr Bernard Gallagher,FI,Pohjois-Pohjanmaa,30-44,2024-11-16,4,Individual,Email only
656,Helen Williams,SE,Västra Götaland,60-74,2023-11-16,1,Individual,Full
657,Irene Reynolds,FI,Pohjois-Pohjanmaa,75+,2023-01-02,1,Individual,Full
658,Barry Baldwin,FI,Uusimaa,60-74,2022-12-01,3,Individual,Email only
659,Dr Russell Miller,FI,Pohjois-Pohjanmaa,30-44,2025-01-26,1,Individual,Email only
660,Lorraine Carr,FI,Varsinais-Suomi,30-44,2025-05-31,2,Individual,Full
661,Miss Naomi Webster,DK,Hovedstaden,75+,2022-04-21,4,Individual,Full
662,Ms Lydia Owen,FI,Pirkanmaa,45-59,2022-04-30,2,Individual,Full
663,Duncan Andrews,NO,Rogaland,45-59,2023-12-24,5,Individual,Full
664,Matthew Hutchinson,SE,Stockholm,30-44,2024-08-28,2,Individual,Full
665,Ruth O'Neill,NO,Vestland,75+,2023-04-02,1,Individual,Full
666,Caroline Warren,SE,Uppsala,30-44,2025-09-23,6,Individual,Full
667,Gordon Sullivan,FI,Pirkanmaa,30-44,2023-09-02,3,Individual,Email only
668,Miss Suzanne Bailey,SE,Skåne,60-74,2022-05-31,5,Individual,Full
669,Lisa Sanders,SE,Västra Götaland,75+,2023-09-30,1,Corporate,Full
670,Ruth Kirk,FI,Pirkanmaa,30-44,2024-11-21,3,Individual,Full
671,Conor Hall,SE,Västra Götaland,45-59,2022-12-21,1,Individual,Post only
672,Ms Georgia Thompson,FI,Uusimaa,30-44,2025-10-05,1,Individual,Full
673,Rosie Edwards,SE,Stockholm,18-29,2025-08-14,1,Individual,Full
674,Nicole Wilkinson,DK,Hovedstaden,45-59,2025-04-10,2,Individual,Full
675,Miss Diana Lucas,FI,Pirkanmaa,18-29,2025-08-07,4,Individual,Full
676,Ms Kelly Vaughan,NO,Oslo,30-44,2024-04-30,1,Individual,Full
677,Thomas Ward-Owen,SE,Skåne,30-44,2023-12-19,3,Individual,Full
678,Miss Alice Thomas,FI,Varsinais-Suomi,45-59,2025-06-08,1,Individual,Full
679,Geoffrey Evans,SE,Skåne,45-59,2024-12-11,2,Individual,Full
680,Claire Baker,SE,Skåne,45-59,2024-03-25,1,Individual,Email only
681,Nicole Storey,DK,Midtjylland,45-59,2023-10-20,4,Individual,Email only
682,Miss Maria Wilson,FI,Pirkanmaa,30-44,2022-03-13,1,Individual,Full
683,Joshua White,SE,Uppsala,30-44,2022-02-16,1,Individual,Full
684,Dylan Daniels-Burke,FI,Pirkanmaa,30-44,2023-10-06,1,Individual,Full
685,Zoe Heath,SE,Skåne,45-59,2025-12-09,1,Individual,Full
686,Mr Patrick Austin,FI,Pohjois-Pohjanmaa,60-74,2023-07-07,4,Individual,Full
687,Dr Shirley Parker,SE,Uppsala,18-29,2022-05-01,1,Individual,Full
688,Deborah Rowley,DK,Hovedstaden,60-74,2022-01-13,4,Individual,Full
689,Victoria Hodgson-Evans,DK,Syddanmark,45-59,2022-12-11,1,Individual,Full
690,Timothy Chapman,NO,Trøndelag,30-44,2022-09-03,4,Trust,Full
691,Anna Haynes,NO,Oslo,60-74,2024-03-03,2,Individual,Email only
692,Francesca Evans,DK,Hovedstaden,45-59,2024-12-19,2,Individual,Full
693,Nicholas Reynolds,FI,Pohjois-Pohjanmaa,30-44,2022-12-27,4,Individual,Full
694,Gordon Johnson,FI,Uusimaa,30-44,2023-01-21,1,Trust,Full
695,Craig Mason,FI,Uusimaa,45-59,2023-12-17,2,Individual,Email only
696,Danny Cooper,DK,Midtjylland,18-29,2023-08-20,3,Individual,Full
697,Phillip Gill-Hughes,FI,Varsinais-Suomi,45-59,2022-10-16,3,Individual,Full
698,Mr Jonathan Carroll,FI,Pohjois-Pohjanmaa,30-44,2023-06-03,3,Individual,Full
699,June Parry-Hill,FI,Pirkanmaa,75+,2022-04-29,1,Individual,Full
700,Natasha Smith,NO,Trøndelag,45-59,2023-12-25,1,Corporate,Full
701,Carl Graham,,Rogaland,45-59,2024-06-21,1,Individual,Full
702,Malcolm Hammond,NO,Rogaland,30-44,2023-12-08,1,Individual,Email only
703,Beth Woodward,NO,Trøndelag,30-44,2022-08-27,1,Individual,Full
704,Gerard Winter,NO,Oslo,30-44,2025-03-09,2,Individual,Full
705,Maureen Rhodes,SE,Stockholm,45-59,2025-06-24,3,Individual,Post only
706,Gary Anderson,FI,Uusimaa,18-29,2023-04-11,1,Individual,Email only
707,Hazel Fleming,SE,Uppsala,60-74,2023-11-21,1,Individual,Full
708,Scott Morton-Anderson,FI,Varsinais-Suomi,45-59,2022-06-11,2,Individual,Full
709,Graeme Bentley,FI,Varsinais-Suomi,45-59,2023-06-30,1,Individual,Full
710,Dr Toby Collins,SE,Uppsala,45-59,2025-04-06,1,Individual,Full
711,Scott Newman,FI,Pohjois-Pohjanmaa,30-44,2022-06-25,1,Individual,Email only
712,Emily Chadwick,SE,Skåne,45-59,2024-03-28,4,Individual,Full
713,Bernard Richards,FI,Pirkanmaa,60-74,2024-12-02,4,Individual,Full
714,Ms Jean Brown,NO,Rogaland,30-44,2022-01-30,2,Individual,Full
715,Julie Clark,NO,Trøndelag,45-59,2024-09-29,2,Individual,Full
716,Robert Hunt,SE,Skåne,60-74,2022-12-01,4,Corporate,Full
717,Ms Dawn Moore,NO,Rogaland,60-74,2023-10-01,6,Individual,Email only
718,Jay Smith,FI,Pirkanmaa,45-59,2025-11-03,4,Individual,Full
719,Stephanie Griffiths,FI,Uusimaa,30-44,2024-02-17,1,Individual,Full
720,Douglas Frost,SE,Västra Götaland,30-44,2024-05-11,1,Individual,Full
721,Jamie Richardson,FI,Pohjois-Pohjanmaa,45-59,2022-12-02,6,Individual,Full
722,Gavin Walker-Davidson,FI,Pohjois-Pohjanmaa,60-74,2023-03-30,6,Individual,Full
723,Carol Burton,SE,Uppsala,18-29,2024-11-01,1,Individual,Email only
724,Dr Scott Wood,FI,Uusimaa,30-44,2022-04-09,2,Individual,Full
725,Dr Lydia Black,NO,Vestland,30-44,2022-04-03,1,Individual,Full
726,Cheryl Jackson,FI,Varsinais-Suomi,30-44,2023-12-14,5,Individual,Full
727,Bethany Evans,FI,Varsinais-Suomi,18-29,2023-09-28,4,Individual,Full
728,Lesley Atkinson,DK,Syddanmark,60-74,2025-11-08,1,Individual,Full
729,Joseph Patterson,DK,Sjælland,75+,2025-10-28,2,Individual,Full
730,Louise Patel,NO,Vestland,18-29,2023-04-10,1,Individual,Full
731,Mrs Anna Bryan,NO,Vestland,60-74,2023-06-11,2,Individual,Full
732,Karl Smith,FI,Pirkanmaa,45-59,2025-04-24,5,Individual,Full
733,Ben Welch,SE,Stockholm,75+,2022-12-27,1,Individual,Full
734,Mr Stewart Atkinson,SE,Uppsala,75+,2023-12-22,3,Individual,Email only
735,Mr Stanley Murray,FI,Varsinais-Suomi,30-44,2023-10-01,1,Corporate,Full
736,Jamie Mills,DK,Midtjylland,30-44,2025-05-13,1,Individual,Full
737,Dr Henry Howard,SE,Uppsala,18-29,2023-05-20,1,Individual,Full
738,Abbie Morris-Preston,NO,Trøndelag,30-44,2022-05-14,1,Individual,Full
739,Irene Coates,SE,Skåne,30-44,2025-11-17,1,Individual,Full
740,Mr Colin Murphy,SE,Stockholm,30-44,2025-07-08,1,Individual,Full
741,Dr Gerard Jones,FI,Pohjois-Pohjanmaa,75+,2022-09-28,1,Individual,Full
742,Clifford Watson,DK,Sjælland,30-44,2024-12-25,1,Individual,Full
743,Georgia Lee,NO,Oslo,45-59,2022-10-14,1,Individual,Full
744,Hazel Baker,FI,Pohjois-Pohjanmaa,60-74,2024-11-24,5,Individual,Post only
745,Karl Hall,SE,Stockholm,30-44,2025-09-20,4,Individual,Full
746,Victor Byrne-Herbert,FI,Varsinais-Suomi,18-29,2023-12-01,2,Individual,Full
747,Alexandra Fox,FI,Pirkanmaa,30-44,2024-09-28,1,Individual,Email only
748,Lesley Reynolds,SE,Uppsala,30-44,2025-10-13,5,Individual,Full
749,Ms Josephine Hawkins,SE,Stockholm,60-74,2024-03-13,2,Individual,Full
750,Leonard Hart,SE,Västra Götaland,45-59,2025-03-18,2,Individual,Email only
751,Tom Booth,DK,Midtjylland,60-74,2022-02-14,1,Individual,Full
752,Luke Green-Jones,DK,Midtjylland,60-74,2025-06-07,5,Individual,Full
753,Anne Burton,FI,Pirkanmaa,75+,2024-04-01,1,Individual,Full
754,Tracey Taylor-Kelly,FI,Varsinais-Suomi,45-59,2025-10-12,1,Individual,Full
755,Mr Garry Jackson,NO,Trøndelag,60-74,2024-10-08,1,Corporate,Full
756,John Hicks,DK,Sjælland,30-44,2025-11-14,5,Individual,Email only
757,Barry Rees,FI,Uusimaa,60-74,2025-02-12,1,Individual,Full
758,Josh Cooper,FI,Pohjois-Pohjanmaa,45-59,2025-04-10,1,Individual,Full
759,Kerry Nicholson-Ahmed,FI,Varsinais-Suomi,30-44,2024-12-04,2,Corporate,Full
760,Dr Reece McDonald,SE,Uppsala,45-59,2023-11-21,3,Individual,Full
761,Debra Edwards,FI,Pohjois-Pohjanmaa,60-74,2024-09-26,5,Individual,Full
762,Josephine Martin,FI,Pirkanmaa,60-74,2023-08-27,4,Individual,Full
763,Dr Linda McCarthy,SE,Skåne,60-74,2022-09-16,1,Individual,Email only
764,Mr Simon Lewis,,Pirkanmaa,45-59,2023-11-15,1,Individual,Full
765,Donna Austin,SE,Skåne,45-59,2024-03-20,4,Individual,Full
766,Billy Mahmood-Evans,SE,Skåne,45-59,2024-09-16,1,Individual,Post only
767,Jeffrey Charlton-Patterson,FI,Pohjois-Pohjanmaa,18-29,2023-01-28,2,Corporate,Full
768,Simon Hussain,FI,Varsinais-Suomi,18-29,2023-09-14,6,Individual,Full
769,Denise Jones,FI,Pohjois-Pohjanmaa,60-74,2023-12-29,3,Individual,Email only
770,Mr Robert Nelson,FI,Varsinais-Suomi,18-29,2023-09-03,1,Individual,Full
771,Roy Davey,SE,Uppsala,30-44,2023-08-20,1,Individual,Email only
772,Dr Sam Ellis,NO,Trøndelag,60-74,2024-09-20,2,Individual,Full
773,Fiona Lord,SE,Skåne,45-59,2024-05-01,2,Individual,Full
774,Jonathan Frost,FI,Pirkanmaa,45-59,2024-12-11,6,Individual,Full
775,Ashleigh Waters,FI,Pirkanmaa,45-59,2024-04-03,3,Individual,Full
776,Leigh Kemp,SE,Stockholm,60-74,2024-12-20,1,Individual,Full
777,Rachael Bates,FI,Uusimaa,18-29,2023-10-31,3,Corporate,Full
778,Stephen Collins,FI,Varsinais-Suomi,60-74,2022-05-02,1,Individual,Full
779,Charles Hammond,DK,Hovedstaden,30-44,2024-03-28,1,Individual,Post only
780,Dorothy Grant,FI,Pohjois-Pohjanmaa,60-74,2023-07-08,1,Individual,Full
781,Danny Hawkins-Watson,SE,Västra Götaland,60-74,2024-12-17,3,Individual,Email only
782,Harriet Davies,SE,Stockholm,45-59,2023-04-13,3,Individual,Full
783,Mathew Robinson,FI,Pohjois-Pohjanmaa,45-59,2022-11-12,2,Individual,Full
784,Douglas Bradley-Baldwin,SE,Uppsala,45-59,2023-12-02,6,Trust,Email only
785,Dr Carole Winter,SE,Västra Götaland,30-44,2024-04-30,1,Trust,Full
786,Sandra Pope,NO,Vestland,30-44,2023-03-20,1,Individual,Full
787,Sarah Butcher,SE,Västra Götaland,45-59,2023-05-20,4,Individual,Full
788,Dr Abdul Oliver,FI,Pohjois-Pohjanmaa,45-59,2024-10-12,5,Individual,Post only
789,Carolyn Jackson,NO,Trøndelag,60-74,2025-11-02,2,Corporate,Email only
790,Dr Phillip Nolan,SE,Skåne,18-29,2023-04-27,2,Corporate,Full
791,Mathew Phillips,FI,Varsinais-Suomi,60-74,2023-12-18,1,Individual,Full
792,Mr Justin Fraser,DK,Hovedstaden,60-74,2025-12-13,1,Individual,Full
793,Heather May,,Varsinais-Suomi,30-44,2023-12-16,6,Individual,Full
794,Ms Vanessa Garner,NO,Rogaland,30-44,2023-12-07,2,Individual,Email only
795,Ronald Rogers,FI,Uusimaa,45-59,2022-05-25,2,Individual,Full
796,Mr Stuart Curtis,SE,Skåne,30-44,2025-04-10,2,Individual,Full
797,Janice Roberts,SE,Uppsala,75+,2024-11-26,5,Individual,Full
798,Jason Heath,FI,Varsinais-Suomi,30-44,2025-12-09,1,Individual,Full
799,Alice Wood,NO,Rogaland,18-29,2023-09-10,1,Individual,Full
800,Mr Marcus Wilkinson,FI,Uusimaa,30-44,2022-04-16,7,Individual,Full
801,Chloe O'Brien,FI,Uusimaa,75+,2025-12-09,1,Individual,Full
802,Pauline Mason,SE,Stockholm,45-59,2023-12-06,2,Individual,Email only
803,Ms Hilary Giles,SE,Skåne,45-59,2022-12-01,1,Individual,Email only
804,Jade Jackson,FI,Varsinais-Suomi,45-59,2025-12-22,1,Individual,Full
805,Andrew Evans,,Midtjylland,45-59,2022-07-07,1,Individual,Full
806,Colin Wood,SE,Uppsala,30-44,2025-03-22,2,Individual,Email only
807,Brandon Porter,FI,Pirkanmaa,60-74,2023-12-26,1,Individual,Full
808,Joshua Russell,FI,Uusimaa,75+,2024-03-26,3,Individual,Full
809,Sheila Cartwright,SE,Västra Götaland,30-44,2025-04-24,1,Individual,Full
810,Dr Pamela Phillips,DK,Midtjylland,75+,2025-09-22,1,Individual,Email only
811,Mrs Kelly Lee,,Uusimaa,60-74,2024-08-07,1,Individual,Email only
812,Mr Leigh Holmes,SE,Uppsala,75+,2022-12-25,4,Individual,Full
813,Miss Ruth Clarke,FI,Varsinais-Suomi,75+,2025-11-20,2,Individual,Full
814,Mr Elliot North,NO,Oslo,30-44,2024-11-10,3,Individual,Email only
815,Terry Davis-Preston,FI,Uusimaa,60-74,2024-12-02,6,Individual,Full
816,Dr Stacey Hughes,SE,Skåne,30-44,2025-12-18,5,Individual,Full
817,Henry Hall-Steele,NO,Rogaland,18-29,2022-11-26,1,Individual,Full
818,Gregory Frost-Walsh,SE,Uppsala,45-59,2025-11-29,5,Trust,Email only
819,Dr Grace Kelly,DK,Hovedstaden,30-44,2024-03-05,1,Individual,Post only
820,Amelia Thompson,FI,Uusimaa,60-74,2025-06-16,1,Individual,Full
821,Jessica Connolly,,Varsinais-Suomi,75+,2022-04-03,4,Individual,Full
822,Mr Callum Jennings,FI,Pohjois-Pohjanmaa,30-44,2025-11-08,1,Individual,Full
823,Mr Andrew Phillips,SE,Västra Götaland,45-59,2022-03-29,1,Individual,Post only
824,Victoria Williams,SE,Västra Götaland,18-29,2023-09-29,2,Individual,Full
825,Naomi Stone,SE,Uppsala,45-59,2025-12-13,6,Individual,Full
826,Jacqueline Bennett,FI,Pohjois-Pohjanmaa,30-44,2022-12-22,2,Individual,Full
827,Mark Cook,FI,Varsinais-Suomi,45-59,2022-09-01,4,Individual,Email only
828,Denis Taylor,SE,Uppsala,60-74,2024-08-13,2,Individual,Email only
829,Andrea Richardson-Weston,FI,Uusimaa,30-44,2024-06-28,2,Corporate,Email only
830,Ms Kirsty White,DK,Sjælland,18-29,2023-12-15,4,Individual,Full
831,Alison Watts-McCarthy,FI,Varsinais-Suomi,30-44,2023-03-05,4,Individual,Full
832,Ms Bethany Booth,SE,Västra Götaland,18-29,2022-09-09,3,Individual,Full
833,Jonathan Mitchell,DK,Midtjylland,45-59,2022-11-17,1,Individual,Full
834,Sylvia Walker,FI,Pohjois-Pohjanmaa,60-74,2024-05-28,2,Corporate,Full
835,Joshua Williams,FI,Varsinais-Suomi,30-44,2022-01-07,3,Individual,Full
836,Elaine Kaur,FI,Pohjois-Pohjanmaa,30-44,2023-02-18,5,Individual,Full
837,Reece Henry-Price,SE,Uppsala,18-29,2025-12-20,1,Individual,Email only
838,Charlie Shaw,,Midtjylland,45-59,2023-12-30,3,Individual,Full
839,Katie Evans,DK,Midtjylland,75+,2024-12-13,2,Individual,Full
840,Sally Jones-Walker,FI,Varsinais-Suomi,30-44,2022-12-11,2,Individual,Full
841,Miss Annette Russell,SE,Skåne,45-59,2025-07-13,2,Individual,Email only
842,Damian Higgins,DK,Sjælland,18-29,2025-02-23,1,Individual,Email only
843,Mr Adam Marsh,DK,Hovedstaden,18-29,2023-12-04,3,Individual,Email only
844,Mr Charlie Jackson,DK,Hovedstaden,30-44,2025-02-19,4,Individual,Full
845,Dr Lawrence Davies,SE,Skåne,18-29,2023-02-25,2,Individual,Full
846,Mr Wayne Chapman,SE,Västra Götaland,45-59,2022-10-30,1,Individual,Full
847,Dawn Pearce-Holloway,FI,Uusimaa,60-74,2025-05-02,3,Individual,Full
848,Georgia Pollard-McKenzie,SE,Skåne,60-74,2024-06-28,7,Individual,Full
849,Mr Philip Wilkinson,FI,Pohjois-Pohjanmaa,60-74,2022-02-18,2,Individual,Full
850,Kyle Horton,DK,Sjælland,45-59,2025-09-21,1,Individual,Full
851,Melanie Charlton,FI,Pohjois-Pohjanmaa,30-44,2023-01-04,7,Individual,Email only
852,Bethany Harrison,DK,Sjælland,60-74,2025-04-02,5,Individual,Email only
853,Leon Sinclair-Baker,NO,Trøndelag,45-59,2024-09-13,3,Individual,Full
854,Dr Harry Holland,NO,Vestland,18-29,2025-06-17,3,Individual,Post only
855,Jacob Lyons-Chamberlain,FI,Pohjois-Pohjanmaa,30-44,2025-03-11,4,Individual,Email only
856,Tracy Turner,FI,Pirkanmaa,18-29,2025-12-17,1,Individual,Post only
857,Ms Marian Robertson,DK,Midtjylland,18-29,2024-09-26,1,Individual,Email only
858,Andrew Roberts-Bell,SE,Stockholm,18-29,2024-03-14,2,Individual,Post only
859,Charlie Henderson,NO,Oslo,18-29,2023-02-11,2,Individual,Email only
860,Julian Stevens,DK,Syddanmark,30-44,2025-06-12,5,Individual,Full
861,Dawn Davies,SE,Västra Götaland,45-59,2024-10-16,5,Individual,Full
862,Charlotte Hurst,NO,Vestland,60-74,2022-09-27,2,Individual,Full
863,Olivia James,,Västra Götaland,60-74,2024-05-22,2,Individual,Email only
864,Maria Taylor,FI,Uusimaa,30-44,2025-08-20,6,Individual,Full
865,Justin Connor,NO,Rogaland,18-29,2025-01-28,2,Individual,Full
866,Sandra Clarke,FI,Pohjois-Pohjanmaa,30-44,2025-12-14,3,Individual,Full
867,Lynn Mitchell,FI,Uusimaa,45-59,2023-12-21,5,Individual,Full
868,Vanessa Ryan,SE,Västra Götaland,75+,2023-03-24,1,Individual,Email only
869,Mr Callum Marsden,SE,Västra Götaland,60-74,2022-12-08,4,Individual,Post only
870,Dawn O'Connor,SE,Uppsala,45-59,2025-12-10,1,Individual,Full
871,Mr Elliot Morgan,SE,Uppsala,75+,2023-12-23,1,Individual,Full
872,Danny Taylor,NO,Oslo,30-44,2024-12-26,2,Individual,Email only
873,Dr Terry James,NO,Oslo,30-44,2025-12-15,2,Individual,Full
874,Miss Olivia White,DK,Midtjylland,60-74,2024-12-10,4,Individual,Email only
875,Suzanne Wright,DK,Sjælland,75+,2025-12-16,2,Individual,Full
876,Francis Lyons,NO,Rogaland,60-74,2022-08-08,4,Individual,Full
877,Mr Albert Robinson,DK,Sjælland,60-74,2022-11-30,3,Individual,Full
878,Donna Bradshaw,SE,Stockholm,60-74,2025-12-18,1,Individual,Email only
879,Charlene Sullivan-Rogers,SE,Uppsala,45-59,2025-10-04,5,Individual,Email only
880,Dr Dean Jenkins,NO,Oslo,45-59,2022-10-10,1,Individual,Email only
881,Oliver Gibson,DK,Syddanmark,60-74,2025-08-30,1,Individual,Full
882,Clifford Williams,FI,Uusimaa,60-74,2024-10-07,2,Individual,Email only
883,Jason Lee,SE,Västra Götaland,60-74,2025-12-19,1,Individual,Full
884,Frank Stephens,SE,Skåne,45-59,2023-01-21,4,Individual,Full
885,James Young,NO,Vestland,45-59,2023-03-24,1,Individual,Full
886,Miss Lorraine Martin,,Sjælland,60-74,2024-08-04,1,Individual,Full
887,Rosie Greenwood,FI,Varsinais-Suomi,18-29,2025-01-28,5,Individual,Full
888,Peter Watson,FI,Varsinais-Suomi,60-74,2022-10-26,1,Individual,Full
889,Timothy Ahmed,FI,Pohjois-Pohjanmaa,45-59,2025-04-13,1,Individual,Full
890,Kayleigh Wilson,FI,Uusimaa,18-29,2025-01-24,4,Individual,Full
891,James Bibi-Moore,DK,Hovedstaden,18-29,2024-11-20,1,Individual,Full
892,Mrs Naomi Jarvis,SE,Skåne,45-59,2022-12-20,2,Individual,Full
893,Harriet Bond,SE,Västra Götaland,75+,2023-08-15,1,Individual,Full
894,Stuart Ahmed,SE,Stockholm,45-59,2023-12-28,1,Individual,Post only
895,Kieran Shepherd,SE,Västra Götaland,18-29,2022-09-22,2,Individual,Full
896,Stanley Hewitt,SE,Skåne,60-74,2024-02-17,4,Individual,Full
897,Joshua Davies-Webb,DK,Sjælland,30-44,2022-11-27,2,Individual,Full
898,Francis Williams,FI,Varsinais-Suomi,30-44,2025-12-20,1,Individual,Full
899,Ross Watts,SE,Skåne,60-74,2022-09-13,4,Trust,Email only
900,Elizabeth Holmes,FI,Pohjois-Pohjanmaa,30-44,2024-05-12,1,Individual,Full
901,Mrs Kathleen Newman,FI,Varsinais-Suomi,60-74,2025-07-19,4,Individual,Full
902,Louise Gray-Jones,NO,Trøndelag,45-59,2025-12-17,2,Individual,Email only
903,Jeffrey Parkes,SE,Skåne,45-59,2025-01-04,1,Individual,Full
904,Dr Liam Metcalfe,DK,Midtjylland,30-44,2023-04-24,2,Individual,Post only
905,Anna Stewart-Stevens,FI,Uusimaa,75+,2024-12-07,5,Individual,Full
906,Wayne Parker,FI,Uusimaa,18-29,2024-12-01,1,Individual,Full
907,Garry Smith,NO,Oslo,18-29,2022-12-28,1,Individual,Full
908,Lorraine Webster,FI,Pirkanmaa,45-59,2022-11-11,2,Individual,Email only
909,Dr Patrick Goodwin,FI,Uusimaa,45-59,2022-07-25,2,Individual,Full
910,Donna Barker,SE,Stockholm,18-29,2022-01-13,1,Individual,Email only
911,Joshua Bartlett,FI,Pirkanmaa,60-74,2025-12-09,4,Individual,Full
912,Dr Donald Oliver,FI,Varsinais-Suomi,60-74,2024-10-18,2,Individual,Email only
913,Callum Andrews,FI,Varsinais-Suomi,30-44,2022-12-07,4,Individual,Full
914,Nathan Johnson,NO,Trøndelag,45-59,2022-08-27,1,Individual,Full
915,Dr Michael Weston,FI,Uusimaa,18-29,2025-12-30,2,Individual,Full
916,Georgia Lane-Patel,DK,Midtjylland,30-44,2022-10-11,4,Individual,Full
917,Stephen Barber,SE,Skåne,30-44,2024-12-05,1,Individual,Full
918,Dr Jason Gibson,SE,Uppsala,60-74,2025-10-31,3,Individual,Email only
919,Sylvia Humphreys,NO,Vestland,60-74,2025-07-05,1,Individual,Full
920,Graeme Miah,SE,Västra Götaland,30-44,2023-12-12,4,Individual,Post only
921,Dr Grace Russell,FI,Varsinais-Suomi,18-29,2023-12-27,1,Individual,Full
922,Ms Jemma Pickering,,Trøndelag,30-44,2025-12-23,1,Individual,Full
923,Frank Schofield,NO,Vestland,60-74,2025-12-08,1,Individual,Email only
924,Kimberley Barnes,FI,Pirkanmaa,45-59,2025-08-15,7,Individual,Email only
925,Dorothy Manning,SE,Uppsala,30-44,2023-06-13,5,Individual,Full
926,Guy Black,NO,Vestland,60-74,2024-07-13,2,Individual,Full
927,Dr Roger Hicks,SE,Skåne,60-74,2024-11-29,5,Individual,Full
928,Guy Jordan-Allen,NO,Vestland,60-74,2024-07-16,4,Individual,Full
929,Tracey Harding,NO,Trøndelag,45-59,2023-07-02,5,Corporate,Full
930,Sharon Smith,FI,Pohjois-Pohjanmaa,30-44,2025-05-28,1,Individual,Full
931,Miss Joanna Young,FI,Pirkanmaa,30-44,2023-11-07,2,Individual,Full
932,Dr Katie Moss,SE,Uppsala,45-59,2024-08-29,3,Individual,Full
933,John Watson,DK,Sjælland,18-29,2024-12-18,1,Trust,Full
934,Janice Smith,DK,Hovedstaden,18-29,2024-10-25,3,Individual,Full
935,Martin Lloyd,SE,Uppsala,30-44,2022-02-03,6,Individual,Full
936,Brandon Wilson,FI,Uusimaa,60-74,2022-01-11,1,Individual,Full
937,Ronald Parkes,NO,Trøndelag,18-29,2025-10-25,1,Individual,Full
938,Sarah Wright-Grant,NO,Oslo,75+,2025-10-15,1,Individual,Full
939,Mrs Hollie Holland,FI,Uusimaa,60-74,2025-09-08,2,Individual,Email only
940,Clifford Porter,NO,Oslo,75+,2025-12-07,2,Individual,Post only
941,Helen Cook,NO,Trøndelag,75+,2024-07-25,2,Individual,Full
942,Ellie Hussain,FI,Pohjois-Pohjanmaa,60-74,2024-11-03,2,Individual,Email only
943,Dr Christopher Brown,SE,Skåne,60-74,2024-12-10,5,Individual,Full
944,Mr Damien Kelly,FI,Varsinais-Suomi,18-29,2022-11-07,2,Individual,Full
945,Paula Bennett,NO,Trøndelag,45-59,2023-06-12,4,Individual,Full
946,George Bell-Williams,FI,Pirkanmaa,30-44,2024-08-27,4,Individual,Full
947,Dr Timothy Cox,SE,Skåne,18-29,2023-08-08,2,Individual,Email only
948,Chloe Faulkner,FI,Pohjois-Pohjanmaa,60-74,2024-07-21,3,Individual,Full
949,Gerald Gray-Shaw,NO,Trøndelag,60-74,2025-02-15,4,Individual,Full
950,Jake Watkins,NO,Rogaland,30-44,2024-02-25,6,Individual,Full
951,Lynda Jackson,FI,Varsinais-Suomi,45-59,2023-10-02,3,Individual,Full
952,Kathryn Phillips,SE,Uppsala,60-74,2024-12-18,4,Individual,Full
953,Wendy Edwards,SE,Skåne,45-59,2022-05-24,1,Individual,Full
954,Rachel Patel,SE,Stockholm,60-74,2025-08-23,2,Individual,Full
955,Diana Brown,FI,Pohjois-Pohjanmaa,45-59,2022-04-11,2,Individual,Full
956,Valerie Chandler,FI,Pohjois-Pohjanmaa,30-44,2024-12-23,1,Individual,Full
957,Miss Yvonne Hopkins,FI,Pohjois-Pohjanmaa,45-59,2024-02-15,4,Individual,Full
958,Sara Finch,SE,Uppsala,30-44,2024-04-06,1,Individual,Full
959,Allan Murphy,FI,Uusimaa,45-59,2024-09-27,3,Individual,Full
960,Miss Jenna Whittaker,FI,Uusimaa,60-74,2024-12-18,4,Individual,Email only
961,Dr Jason Taylor,DK,Midtjylland,45-59,2025-03-01,1,Individual,Post only
962,Edward Davidson,DK,Sjælland,30-44,2022-05-23,1,Individual,Full
963,Patricia Patel,FI,Pirkanmaa,18-29,2024-12-04,4,Individual,Email only
964,Sally Hilton-Morgan,SE,Västra Götaland,30-44,2023-05-29,3,Individual,Full
965,Joyce Hughes-Quinn,SE,Uppsala,45-59,2024-02-22,1,Individual,Full
966,Connor Clarke,SE,Västra Götaland,30-44,2022-08-17,1,Individual,Full
967,Malcolm Walsh-Harvey,SE,Skåne,75+,2023-01-19,1,Individual,Full
968,Mrs Jean Young,SE,Stockholm,60-74,2024-11-27,1,Individual,Full
969,Amy Walker,,Västra Götaland,30-44,2022-03-11,5,Individual,Email only
970,Jodie Clarke,FI,Uusimaa,45-59,2022-12-22,1,Individual,Full
971,Amy Parsons,FI,Uusimaa,30-44,2022-12-04,1,Trust,Post only
972,Mr Anthony Davies,DK,Hovedstaden,60-74,2025-04-25,2,Individual,Full
973,Mrs Jean Fox,FI,Pirkanmaa,18-29,2025-10-08,1,Individual,Full
974,Joel Barker,FI,Pohjois-Pohjanmaa,30-44,2023-12-02,2,Individual,Full
975,Teresa O'Brien-Day,SE,Skåne,60-74,2023-12-25,1,Individual,Email only
976,Ben Brown,,Rogaland,45-59,2022-01-07,1,Individual,Post only
977,Miss Georgina Andrews,NO,Vestland,45-59,2023-05-11,1,Individual,Post only
978,Teresa Green,FI,Varsinais-Suomi,18-29,2025-03-08,6,Individual,Full
979,Melissa Poole-Brown,FI,Uusimaa,30-44,2023-12-15,2,Individual,Full
980,Joan Hayward,NO,Vestland,60-74,2025-03-25,1,Individual,Full
981,Mohammad Gray,SE,Uppsala,30-44,2025-11-09,1,Individual,Full
982,Victor Baker-Roberts,FI,Pirkanmaa,45-59,2023-12-06,2,Individual,Full
983,Miss Alison Morris,SE,Skåne,60-74,2022-08-22,1,Individual,Full
984,Vanessa Bowen-Willis,FI,Uusimaa,75+,2022-10-11,2,Individual,Full
985,Victoria Turner,FI,Pohjois-Pohjanmaa,45-59,2025-04-25,2,Individual,Email only
986,Anna Scott,FI,Pirkanmaa,60-74,2024-04-22,1,Individual,Full
987,Kenneth Burton,FI,Pirkanmaa,18-29,2023-11-03,1,Individual,Email only
988,Charlotte Holloway,SE,Västra Götaland,60-74,2023-12-21,2,Individual,Email only
989,Jamie Williams-Green,DK,Syddanmark,30-44,2025-12-11,5,Individual,Email only
990,Marie Richards,SE,Västra Götaland,60-74,2024-06-18,2,Corporate,Full
991,Dr Kieran Jackson,DK,Midtjylland,75+,2024-08-09,2,Individual,Full
992,Miss Diana Adams,FI,Uusimaa,45-59,2024-06-04,4,Individual,Full
993,Dr Alan Poole,FI,Pohjois-Pohjanmaa,18-29,2022-12-01,1,Individual,Full
994,Anthony Phillips,DK,Midtjylland,75+,2025-12-17,3,Individual,Full
995,Ms Kathryn Robinson,FI,Uusimaa,75+,2025-01-28,2,Individual,Full
996,Dr Amanda Jenkins,SE,Västra Götaland,45-59,2025-12-15,2,Individual,Full
997,Nigel Taylor,SE,Stockholm,18-29,2024-12-03,1,Individual,Full
998,Lisa Miller,SE,Skåne,60-74,2022-04-16,4,Individual,Email only
999,Mrs Patricia Smith,SE,Västra Götaland,18-29,2024-02-14,4,Individual,Full
1000,Bradley Hunter,NO,Oslo,60-74,2025-03-04,2,Individual,Full
1001,Miss Amy Griffiths,DK,Hovedstaden,45-59,2022-10-29,3,Individual,Email only
1002,Darren Pickering,SE,Uppsala,30-44,2024-07-23,1,Individual,Full
1003,Miss Alison Baker,SE,Västra Götaland,18-29,2025-06-02,4,Individual,Full
1004,Maria Jones-Harris,DK,Hovedstaden,30-44,2024-12-16,1,Individual,Full
1005,Mrs Sharon Lloyd,DK,Midtjylland,75+,2024-02-18,4,Individual,Full
1006,Paige Watson-Butler,NO,Rogaland,45-59,2022-12-30,1,Individual,Email only
1007,Sheila Sharp,DK,Hovedstaden,30-44,2025-06-17,2,Individual,Full
1008,Mr Denis Ward,DK,Midtjylland,60-74,2022-12-18,1,Individual,Full
1009,Mohammad Mason-Cooper,FI,Pirkanmaa,30-44,2022-01-14,3,Individual,Full
1010,Dr Samuel Williams,NO,Vestland,45-59,2023-12-30,3,Individual,Email only
1011,Teresa Akhtar,FI,Pirkanmaa,60-74,2023-12-01,1,Individual,Email only
1012,Gavin Davies,FI,Pirkanmaa,18-29,2025-10-04,5,Individual,Full
1013,Dr Shaun Moore,FI,Uusimaa,75+,2024-12-10,2,Individual,Full
1014,Dr Shane Ball,DK,Syddanmark,30-44,2023-12-07,3,Individual,Email only
1015,Abigail Green-Jones,FI,Uusimaa,60-74,2022-08-24,1,Individual,Full
1016,Craig Howard-Law,SE,Uppsala,30-44,2025-11-16,2,Individual,Full
1017,Barbara Jones,FI,Pohjois-Pohjanmaa,45-59,2024-05-23,1,Individual,Full
1018,Carl Hale,SE,Skåne,45-59,2023-03-17,1,Corporate,Email only
1019,Dr Louise Kennedy,FI,Varsinais-Suomi,30-44,2022-09-02,2,Individual,Full
1020,Amber Griffiths,NO,Oslo,45-59,2023-11-28,1,Individual,Full
1021,Suzanne Wood,DK,Midtjylland,18-29,2022-04-03,1,Trust,Email only
1022,Garry Potts,DK,Syddanmark,45-59,2023-02-13,2,Individual,Full
1023,Mohamed Jones,DK,Syddanmark,18-29,2022-12-29,5,Individual,Email only
1024,Anna Fletcher,NO,Vestland,45-59,2025-12-04,2,Individual,Full
1025,Eleanor Talbot,DK,Hovedstaden,45-59,2022-01-21,5,Individual,Post only
1026,Cameron May,FI,Varsinais-Suomi,45-59,2023-02-11,4,Individual,Email only
1027,Lynn Johnson,,Pirkanmaa,18-29,2025-01-28,4,Individual,Full
1028,Heather Banks-James,FI,Pirkanmaa,45-59,2025-03-26,1,Individual,Full
1029,Victoria Mason,FI,Varsinais-Suomi,60-74,2025-09-26,2,Individual,Full
1030,Fiona Field,NO,Oslo,18-29,2024-12-13,2,Individual,Full
1031,Stacey Page,DK,Syddanmark,18-29,2024-03-02,1,Individual,Post only
1032,Ronald Dyer,FI,Pirkanmaa,45-59,2025-01-22,6,Individual,Full
1033,Francesca Turner,FI,Pohjois-Pohjanmaa,45-59,2025-07-20,5,Individual,Full
1034,Thomas Simpson,FI,Varsinais-Suomi,18-29,2024-02-10,4,Individual,Email only
1035,Dr Benjamin Barber,SE,Västra Götaland,60-74,2022-07-22,1,Trust,Full
1036,Vanessa Smith,NO,Rogaland,60-74,2022-03-10,4,Individual,Full
1037,Rhys Gough,FI,Uusimaa,45-59,2025-06-02,6,Individual,Full
1038,Stewart Lloyd,SE,Västra Götaland,60-74,2023-02-04,1,Individual,Full
1039,Laura Richardson-Clark,FI,Pirkanmaa,30-44,2023-12-27,2,Individual,Post only
1040,Mitchell Thomas,NO,Oslo,45-59,2025-12-17,5,Individual,Email only
1041,James Briggs,SE,Skåne,30-44,2024-11-04,1,Individual,Full
1042,Ms Lynne Johnson,SE,Stockholm,45-59,2022-05-24,2,Individual,Full
1043,Guy Rees,FI,Pohjois-Pohjanmaa,30-44,2022-07-03,1,Individual,Full
1044,Kevin Shaw,NO,Vestland,60-74,2025-01-29,4,Individual,Full
1045,Richard Phillips,NO,Rogaland,60-74,2023-03-28,4,Individual,Full
1046,Caroline Brown,FI,Pirkanmaa,30-44,2025-10-01,2,Individual,Full
1047,Ms Barbara Cole,FI,Uusimaa,60-74,2022-11-25,2,Individual,Full
1048,Emily Dean,SE,Västra Götaland,45-59,2023-05-28,2,Individual,Full
1049,Wendy Smith,SE,Skåne,45-59,2025-04-30,5,Individual,Full
1050,Miss Pauline Barlow,FI,Uusimaa,30-44,2025-12-18,4,Individual,Full
1051,Mrs Holly Slater,NO,Vestland,45-59,2022-11-01,6,Individual,Full
1052,Alice Wilkinson,FI,Pohjois-Pohjanmaa,45-59,2025-07-19,3,Individual,Post only
1053,Bernard Long,SE,Stockholm,45-59,2024-08-05,1,Individual,Full
1054,Dr Maurice Burrows,SE,Skåne,60-74,2023-11-13,6,Individual,Email only
1055,Norman Booth,FI,Uusimaa,75+,2025-08-30,2,Individual,Full
1056,Rebecca Kelly,FI,Varsinais-Suomi,60-74,2023-12-08,1,Individual,Email only
1057,Ms Kate Bruce,,Västra Götaland,30-44,2024-04-28,2,Individual,Full
1058,Miss Margaret Ali,FI,Pohjois-Pohjanmaa,60-74,2022-12-05,1,Individual,Full
1059,Jodie Wilkinson,FI,Pohjois-Pohjanmaa,60-74,2023-03-27,1,Individual,Full
1060,Mrs Lindsey Stokes,NO,Trøndelag,30-44,2022-12-17,1,Individual,Full
1061,Damian Roberts,NO,Trøndelag,18-29,2024-04-30,1,Individual,Full
1062,Damien Hall,FI,Pirkanmaa,18-29,2024-02-18,6,Individual,Full
1063,Peter Jackson,FI,Uusimaa,45-59,2024-05-01,4,Corporate,Full
1064,Dr Reece Kelly,SE,Stockholm,18-29,2024-12-13,1,Individual,Full
1065,Ms Helen Hayes,FI,Pohjois-Pohjanmaa,60-74,2025-05-17,2,Individual,Full
1066,Ms Katy Freeman,SE,Stockholm,18-29,2023-01-23,1,Individual,Full
1067,Amanda Hart,DK,Hovedstaden,30-44,2024-03-01,2,Individual,Full
1068,Melissa Pritchard,SE,Stockholm,18-29,2025-05-21,1,Individual,Full
1069,Allan Payne-Sharp,FI,Pirkanmaa,30-44,2024-04-27,2,Individual,Full
1070,Katy Smith,NO,Vestland,30-44,2024-10-25,2,Individual,Post only
1071,Dr Marion Brown,FI,Uusimaa,45-59,2022-09-26,1,Individual,Full
1072,Dr Stanley O'Brien,SE,Stockholm,18-29,2023-04-09,1,Corporate,Full
1073,Gerald Lucas,SE,Uppsala,30-44,2023-12-01,1,Individual,Full
1074,Yvonne Gill,NO,Rogaland,60-74,2024-12-11,3,Individual,Full
1075,Dr Maureen Edwards,SE,Uppsala,60-74,2023-11-22,4,Individual,Full
1076,Paula Harper,FI,Uusimaa,45-59,2023-06-02,2,Individual,Email only
1077,Rebecca Wood,DK,Hovedstaden,60-74,2025-11-24,2,Individual,Full
1078,Mr Sean Riley,FI,Uusimaa,60-74,2022-01-02,6,Individual,Full
1079,Allan Stephens,FI,Pohjois-Pohjanmaa,45-59,2023-05-12,2,Individual,Full
1080,Martin Martin,FI,Uusimaa,60-74,2022-05-03,1,Individual,Post only
1081,Dr Denis Carey,FI,Varsinais-Suomi,60-74,2025-07-08,5,Individual,Post only
1082,Ellie Bolton-Sutton,FI,Uusimaa,45-59,2023-11-13,1,Individual,Full
1083,Elizabeth Warren,FI,Pohjois-Pohjanmaa,75+,2022-12-11,5,Corporate,Post only
1084,Lisa Rogers,NO,Trøndelag,30-44,2023-12-15,1,Individual,Full
1085,Dominic Austin,FI,Uusimaa,60-74,2024-11-16,1,Individual,Email only
1086,Joe Chambers,NO,Oslo,30-44,2023-12-12,1,Individual,Full
1087,Dr Karl Thomas,SE,Uppsala,30-44,2022-12-13,1,Individual,Full
1088,Dr Conor Barnes,FI,Varsinais-Suomi,30-44,2023-11-07,4,Individual,Email only
1089,Julian Marsden-Yates,FI,Pirkanmaa,60-74,2022-08-10,1,Individual,Full
1090,Raymond Lowe,SE,Skåne,75+,2025-11-17,4,Individual,Full
1091,Mrs Katie Ford,FI,Uusimaa,60-74,2022-04-21,1,Individual,Email only
1092,Danielle Marshall-Shaw,FI,Pohjois-Pohjanmaa,75+,2023-05-23,1,Individual,Full
1093,Clifford Nelson,FI,Uusimaa,18-29,2022-11-03,2,Individual,Full
1094,Mr Alex Jones,FI,Pohjois-Pohjanmaa,45-59,2025-12-23,7,Individual,Full
1095,Miss Pauline Sanderson,FI,Uusimaa,60-74,2025-04-09,6,Individual,Full
1096,Alex Cox,FI,Uusimaa,30-44,2022-11-14,4,Individual,Full
1097,Dr Caroline Short,NO,Oslo,75+,2025-11-09,1,Individual,Full
1098,Rosemary White,SE,Uppsala,45-59,2023-05-28,1,Individual,Full
1099,Jay Pollard,SE,Uppsala,45-59,2025-05-29,2,Individual,Full
1100,Dr Maureen Baker,NO,Trøndelag,18-29,2023-09-03,4,Individual,Full
1101,Dr Samuel Gray,NO,Vestland,60-74,2024-05-21,1,Individual,Email only
1102,Mr Bradley Wilson,SE,Skåne,30-44,2023-09-02,2,Individual,Full
1103,Connor Collins,FI,Pirkanmaa,30-44,2024-12-25,1,Individual,Full
1104,Amelia Phillips,FI,Pirkanmaa,75+,2024-08-10,1,Corporate,Post only
1105,Carolyn Duffy-Johnston,NO,Rogaland,30-44,2023-05-21,3,Individual,Email only
1106,Barry Walsh,DK,Sjælland,45-59,2023-11-16,1,Individual,Email only
1107,Clive Wright,FI,Varsinais-Suomi,18-29,2025-12-26,2,Individual,Email only
1108,Mr Cameron Smith,FI,Pohjois-Pohjanmaa,75+,2025-01-21,1,Individual,Full
1109,Nathan Clark,SE,Västra Götaland,60-74,2024-12-31,2,Individual,Full
1110,Marc Wilson-Morgan,FI,Pirkanmaa,18-29,2024-08-12,1,Individual,Full
1111,Liam Brooks,DK,Syddanmark,60-74,2025-03-08,6,Individual,Full
1112,Duncan Harvey,SE,Västra Götaland,60-74,2025-06-03,1,Individual,Full
1113,Hazel Wright,FI,Pohjois-Pohjanmaa,45-59,2025-04-24,1,Individual,Email only
1114,Judith Harris,DK,Midtjylland,18-29,2023-12-21,3,Individual,Full
1115,Richard Palmer-Williams,FI,Pirkanmaa,30-44,2025-11-07,1,Individual,Full
1116,Alexandra Stevens,SE,Stockholm,45-59,2022-12-15,1,Individual,Full
1117,Sean Johnston-Reed,NO,Oslo,45-59,2022-12-18,1,Individual,Full
1118,Graeme Reid-Bell,FI,Uusimaa,45-59,2023-12-07,6,Individual,Full
1119,Harry Turnbull,FI,Uusimaa,30-44,2024-12-23,4,Individual,Full
1120,Mrs Rosie Taylor,SE,Uppsala,18-29,2022-02-26,4,Individual,Full
1121,Gary Dickinson,FI,Pohjois-Pohjanmaa,18-29,2022-09-22,4,Individual,Full
1122,Charlie Woodward,DK,Sjælland,18-29,2024-04-15,1,Individual,Full
1123,Dr Mathew Henderson,NO,Oslo,45-59,2022-05-08,5,Individual,Full
1124,Leslie Ross,NO,Rogaland,45-59,2022-07-06,1,Individual,Full
1125,Jayne Parker,FI,Pohjois-Pohjanmaa,45-59,2024-09-11,5,Individual,Email only
1126,Toby Oliver,DK,Sjælland,45-59,2025-03-27,1,Individual,Full
1127,Mr Danny Cooper,DK,Syddanmark,45-59,2023-04-29,1,Individual,Post only
1128,Mohamed Hancock,SE,Uppsala,45-59,2024-10-27,1,Individual,Email only
1129,Maria Forster,NO,Rogaland,18-29,2025-11-24,7,Individual,Full
1130,Mr Ryan Gregory,FI,Uusimaa,18-29,2025-12-11,2,Individual,Full
1131,Martin Johnson,FI,Pohjois-Pohjanmaa,60-74,2024-11-07,1,Corporate,Email only
1132,Colin Berry,SE,Uppsala,30-44,2023-12-08,5,Individual,Full
1133,Melanie Bennett,FI,Pirkanmaa,75+,2025-12-16,5,Individual,Post only
1134,Jenna Watson,SE,Skåne,75+,2022-05-27,2,Individual,Post only
1135,Dr Craig Burgess,FI,Uusimaa,60-74,2022-06-26,1,Individual,Email only
1136,Rebecca Cook,FI,Pohjois-Pohjanmaa,30-44,2024-10-22,1,Individual,Full
1137,Neil Clarke,FI,Pohjois-Pohjanmaa,45-59,2022-09-14,3,Individual,Full
1138,Marion Peacock,FI,Varsinais-Suomi,60-74,2025-12-19,2,Individual,Email only
1139,Henry Bull,DK,Syddanmark,45-59,2025-05-31,5,Individual,Full
1140,Tom Jennings,DK,Sjælland,60-74,2022-10-08,4,Corporate,Full
1141,Derek Richards,FI,Uusimaa,60-74,2023-03-02,3,Individual,Full
1142,Samuel Russell,SE,Skåne,60-74,2023-03-03,4,Individual,Full
1143,Joshua Holmes,FI,Pirkanmaa,75+,2023-08-09,3,Individual,Full
1144,Katherine Clarke-Lamb,FI,Pirkanmaa,60-74,2022-03-24,1,Individual,Full
1145,Laura French,NO,Vestland,75+,2023-12-24,5,Individual,Post only
1146,Joan Morley-Brooks,SE,Skåne,30-44,2024-04-19,3,Corporate,Full
1147,Stewart Ball,NO,Rogaland,30-44,2024-03-30,1,Individual,Full
1148,Mrs Ellie Rogers,FI,Pirkanmaa,60-74,2023-01-12,3,Individual,Full
1149,Mrs Carole Edwards,SE,Västra Götaland,60-74,2022-07-29,2,Individual,Email only
1150,Nathan Kennedy,DK,Sjælland,18-29,2024-02-21,2,Individual,Full
1151,Mrs Sally Harrison,DK,Hovedstaden,60-74,2022-10-18,2,Individual,Full
1152,Lynda Howard,SE,Skåne,60-74,2022-11-15,2,Individual,Full
1153,Ms Andrea Bell,FI,Uusimaa,45-59,2022-11-11,1,Individual,Full
1154,Dr Catherine Goddard,FI,Pirkanmaa,60-74,2023-08-31,1,Individual,Full
1155,Miss Chelsea Walker,FI,Pohjois-Pohjanmaa,30-44,2023-07-06,1,Individual,Full
1156,Joseph Henry,FI,Pirkanmaa,60-74,2024-06-24,2,Individual,Full
1157,Tony Hughes,SE,Västra Götaland,45-59,2022-12-12,1,Individual,Full
1158,Mr Rhys Price,FI,Pirkanmaa,75+,2025-01-01,1,Individual,Full
1159,Victor Williamson,NO,Rogaland,30-44,2025-12-23,2,Individual,Post only
1160,Ross Turner,SE,Skåne,75+,2025-08-18,2,Individual,Full
1161,Marcus Jones,,Trøndelag,45-59,2024-09-14,6,Individual,Full
1162,Sharon Jones,NO,Vestland,18-29,2025-12-04,1,Individual,Full
1163,Mrs Lesley Jones,DK,Hovedstaden,18-29,2022-07-26,2,Individual,Full
1164,Amelia Edwards,DK,Sjælland,60-74,2024-11-13,6,Individual,Email only
1165,Rebecca Chapman,NO,Oslo,45-59,2025-04-26,1,Individual,Full
1166,Charlotte Hughes,SE,Uppsala,30-44,2025-10-07,1,Individual,Email only
1167,Mr Dylan Griffiths,FI,Pirkanmaa,30-44,2025-12-13,2,Individual,Full
1168,Christian Hart,DK,Syddanmark,18-29,2025-10-03,2,Individual,Post only
1169,Carl Birch,NO,Rogaland,18-29,2023-03-11,4,Individual,Full
1170,Lynda Taylor,NO,Vestland,75+,2025-01-25,4,Individual,Full
1171,Jay Brown,SE,Uppsala,60-74,2023-11-25,1,Individual,Email only
1172,Mohammad Douglas,SE,Stockholm,30-44,2024-04-10,1,Individual,Email only
1173,Mrs Katy Jones,FI,Uusimaa,60-74,2022-07-03,2,Individual,Full
1174,Miss Lorraine Lewis,FI,Varsinais-Suomi,30-44,2022-02-01,4,Individual,Full
1175,David Burton-Hughes,SE,Uppsala,30-44,2022-03-01,4,Individual,Full
1176,Caroline Mason-Jones,DK,Midtjylland,18-29,2023-01-04,4,Individual,Full
1177,Chelsea Lewis,SE,Västra Götaland,60-74,2022-05-22,1,Trust,Email only
1178,Mr Joseph Roberts,DK,Sjælland,45-59,2025-05-29,1,Individual,Full
1179,Leanne Russell,SE,Uppsala,18-29,2025-11-18,4,Individual,Full
1180,Dr Nicholas Cooper,NO,Trøndelag,45-59,2023-02-28,1,Individual,Full
1181,Mr Joe White,FI,Varsinais-Suomi,60-74,2023-12-13,4,Individual,Full
1182,Ms Abbie Ryan,FI,Pohjois-Pohjanmaa,45-59,2024-12-18,4,Individual,Full
1183,Amber Willis,NO,Vestland,18-29,2025-08-29,5,Individual,Full
1184,Dominic Marsh,SE,Skåne,45-59,2023-10-05,2,Individual,Email only
1185,Shane Stokes,FI,Varsinais-Suomi,75+,2022-08-12,1,Individual,Email only
1186,Patricia Price,SE,Uppsala,30-44,2022-12-10,6,Individual,Full
1187,Mr Clifford Andrews,FI,Varsinais-Suomi,45-59,2022-10-07,1,Individual,Full
1188,John Kennedy,SE,Västra Götaland,30-44,2022-12-19,1,Individual,Full
1189,Adrian Taylor,SE,Västra Götaland,18-29,2023-06-15,4,Individual,Email only
1190,Robin White,SE,Uppsala,18-29,2023-11-21,1,Individual,Full
1191,Gemma Lane,FI,Uusimaa,30-44,2025-05-18,2,Individual,Full
1192,Dr Colin Wood,DK,Sjælland,30-44,2023-05-01,3,Corporate,Full
1193,Jasmine Cameron-Jones,FI,Uusimaa,45-59,2025-12-25,2,Individual,Full
1194,Patricia Green,DK,Syddanmark,30-44,2022-04-18,2,Individual,Full
1195,Clare Wright-Dean,FI,Pohjois-Pohjanmaa,30-44,2022-10-29,1,Individual,Email only
1196,Jacqueline Harrison,NO,Oslo,45-59,2022-12-12,5,Individual,Full
1197,Wendy Walker,,Hovedstaden,45-59,2022-08-31,2,Individual,Full
1198,Rhys Rogers,NO,Trøndelag,30-44,2022-11-16,1,Individual,Full
1199,Samantha Lewis,SE,Västra Götaland,75+,2023-11-08,1,Individual,Email only
1200,Karl Fisher-Hudson,FI,Pohjois-Pohjanmaa,45-59,2022-11-14,1,Individual,Full
1201,Mrs Janice Hill,,Uppsala,75+,2025-03-18,4,Individual,Full
1202,Miss Rita Hayes,SE,Västra Götaland,45-59,2024-10-17,1,Individual,Full
1203,Sandra Williams,FI,Pirkanmaa,45-59,2025-06-01,2,Individual,Full
1204,Miss Pauline Williams,DK,Syddanmark,60-74,2022-03-14,4,Individual,Full
1205,Graeme Tyler,NO,Trøndelag,75+,2025-09-05,1,Individual,Full
1206,Alexander Warren,FI,Pohjois-Pohjanmaa,45-59,2024-04-22,6,Individual,Email only
1207,Lesley Bailey-Day,SE,Uppsala,45-59,2023-12-04,2,Individual,Full
1208,Katy Walters,FI,Varsinais-Suomi,45-59,2022-06-24,1,Individual,Full
1209,Dennis Ford,SE,Uppsala,75+,2023-12-28,6,Individual,Full
1210,Mr Ben Woodward,FI,Uusimaa,60-74,2024-09-25,2,Individual,Full
1211,Declan Morgan,FI,Varsinais-Suomi,75+,2024-07-20,1,Individual,Full
1212,Maureen Morrison,SE,Uppsala,60-74,2025-10-22,2,Individual,Full
1213,Robert Burns,DK,Hovedstaden,60-74,2023-12-05,1,Individual,Full
1214,Jordan Taylor,FI,Pirkanmaa,18-29,2025-06-24,1,Individual,Full
1215,Miss Susan Hope,FI,Varsinais-Suomi,30-44,2024-04-06,2,Corporate,Full
1216,Liam Anderson,FI,Pirkanmaa,45-59,2023-01-20,3,Individual,Email only
1217,Miss Patricia Hobbs,SE,Stockholm,30-44,2022-11-09,1,Individual,Post only
1218,Dr Francis James,DK,Hovedstaden,60-74,2022-10-17,3,Individual,Full
1219,Katy Hodgson,DK,Sjælland,45-59,2025-12-13,6,Individual,Full
1220,Dawn Browne,FI,Pirkanmaa,60-74,2024-02-17,6,Individual,Full
1221,Natalie Morris,DK,Hovedstaden,75+,2025-12-13,7,Individual,Email only
1222,Naomi Walton-Smith,FI,Varsinais-Suomi,18-29,2025-08-31,1,Individual,Full
1223,Susan Miles,SE,Uppsala,60-74,2022-05-05,1,Individual,Full
1224,James Owens,SE,Västra Götaland,45-59,2023-04-03,2,Individual,Post only
1225,Norman May,FI,Varsinais-Suomi,45-59,2024-12-13,2,Individual,Full
1226,Joan Grant,SE,Stockholm,75+,2024-04-29,2,Individual,Email only
1227,Miss Kerry Gibbons,FI,Uusimaa,45-59,2024-02-22,2,Individual,Full
1228,Miss Katie Steele,FI,Pohjois-Pohjanmaa,45-59,2024-12-26,2,Individual,Email only
1229,Dale Hall,NO,Oslo,18-29,2023-03-17,1,Individual,Full
1230,Mr Graham Davis,NO,Oslo,45-59,2025-10-09,1,Individual,Full
1231,Mr Graeme Parkin,DK,Midtjylland,60-74,2022-07-16,2,Individual,Full
1232,Ms Melanie Williams,NO,Rogaland,60-74,2022-12-08,4,Individual,Full
1233,Lawrence Smith-O'Donnell,SE,Västra Götaland,45-59,2024-12-17,5,Individual,Email only
1234,Darren Short,SE,Västra Götaland,30-44,2023-10-16,2,Individual,Email only
1235,Dr Marc Baxter,DK,Midtjylland,45-59,2023-04-01,1,Individual,Email only
1236,Beverley Law-Hawkins,FI,Pirkanmaa,45-59,2024-04-04,2,Individual,Full
1237,Jayne Davidson-Rowe,SE,Skåne,45-59,2025-12-02,1,Individual,Full
1238,Carole Jones-Morris,DK,Midtjylland,30-44,2022-02-21,1,Corporate,Full
1239,Miss Paige Lawson,NO,Rogaland,45-59,2025-05-04,1,Individual,Full
1240,Mr Kieran Read,FI,Pirkanmaa,75+,2023-11-08,4,Individual,Full
1241,Dr Jamie Manning,SE,Västra Götaland,30-44,2023-05-18,2,Individual,Email only
1242,Kayleigh Turner,FI,Pirkanmaa,45-59,2025-06-14,2,Individual,Full
1243,Aaron Newton,FI,Varsinais-Suomi,30-44,2024-03-26,1,Individual,Full
1244,Marian Clarke,SE,Stockholm,18-29,2022-04-26,1,Individual,Post only
1245,Shannon Adams,FI,Varsinais-Suomi,18-29,2024-12-01,1,Individual,Full
1246,Mrs Rosie Francis,SE,Västra Götaland,45-59,2023-12-25,1,Individual,Full
1247,Marian Smith,SE,Stockholm,45-59,2025-01-02,1,Individual,Email only
1248,Stanley Chambers,FI,Pirkanmaa,18-29,2023-12-24,1,Individual,Full
1249,Samantha Clarke,SE,Västra Götaland,18-29,2022-03-03,2,Individual,Email only
1250,Mohammad Walker,FI,Uusimaa,45-59,2023-05-27,1,Corporate,Full
1251,Ms June Thomas,FI,Pirkanmaa,30-44,2023-12-30,1,Individual,Full
1252,Conor Shaw,FI,Pohjois-Pohjanmaa,30-44,2024-12-28,2,Corporate,Full
1253,Caroline Bevan,DK,Sjælland,45-59,2024-11-11,1,Individual,Full
1254,Dr Kayleigh Adams,FI,Pohjois-Pohjanmaa,45-59,2024-12-15,3,Individual,Full
1255,Carolyn Morgan-Myers,FI,Pohjois-Pohjanmaa,60-74,2023-12-31,1,Individual,Email only
1256,Sally Perkins,SE,Stockholm,60-74,2022-12-31,1,Individual,Full
1257,Hayley Waters-Hughes,SE,Stockholm,30-44,2024-10-03,6,Individual,Full
1258,Mr Denis Pearson,DK,Syddanmark,30-44,2022-10-14,2,Individual,Email only
1259,Dr Hugh Farmer,FI,Pohjois-Pohjanmaa,60-74,2023-03-07,4,Individual,Full
1260,Adam Nicholls,FI,Pohjois-Pohjanmaa,75+,2025-03-01,4,Individual,Full
1261,Denis Cox,SE,Uppsala,45-59,2022-03-09,4,Individual,Full
1262,Robert Clarke,SE,Uppsala,75+,2022-05-04,1,Individual,Email only
1263,Gail Booth-Nicholls,NO,Oslo,45-59,2024-12-16,2,Individual,Full
1264,Emma O'Brien,NO,Rogaland,60-74,2024-11-26,1,Individual,Full
1265,Mr Stanley Gibson,FI,Pirkanmaa,60-74,2024-03-28,1,Individual,Full
1266,Mrs Rebecca Nicholls,DK,Midtjylland,30-44,2024-05-07,1,Individual,Full
1267,Terry Mason-Hunter,DK,Sjælland,30-44,2023-02-21,6,Individual,Full
1268,Gemma Fisher,FI,Pirkanmaa,30-44,2023-06-03,4,Individual,Post only
1269,Adrian Edwards,NO,Oslo,18-29,2025-12-17,1,Individual,Email only
1270,Carol Simmons-Crawford,FI,Varsinais-Suomi,30-44,2025-12-04,1,Individual,Full
1271,Glen Wright,NO,Oslo,30-44,2022-12-09,4,Corporate,Full
1272,Vanessa Green,FI,Pirkanmaa,30-44,2024-12-10,4,Individual,Full
1273,Albert Chadwick,SE,Stockholm,30-44,2023-06-30,1,Trust,Full
1274,Molly Alexander-Rowe,FI,Pohjois-Pohjanmaa,75+,2025-03-20,1,Individual,Full
1275,Mrs Jenna Khan,SE,Skåne,45-59,2024-12-04,6,Individual,Post only
1276,Julian Frost,NO,Trøndelag,30-44,2023-09-13,2,Individual,Email only
1277,Mr Bradley Brown,DK,Hovedstaden,45-59,2024-10-31,1,Individual,Full
1278,Roger Wheeler,DK,Midtjylland,30-44,2022-05-02,1,Individual,Full
1279,Kirsty Metcalfe,DK,Midtjylland,30-44,2022-12-29,2,Individual,Full
1280,Gemma Lynch,FI,Pohjois-Pohjanmaa,75+,2022-03-05,3,Individual,Full
1281,Eileen Porter,SE,Skåne,60-74,2024-12-05,2,Individual,Full
1282,Dr Ellie Johnston,DK,Midtjylland,60-74,2024-05-24,3,Individual,Full
1283,Dr Laura Evans,NO,Vestland,45-59,2022-05-18,4,Individual,Full
1284,Dr Eric Jones,SE,Västra Götaland,60-74,2022-09-09,1,Individual,Full
1285,Kerry Walker,NO,Trøndelag,30-44,2022-04-24,2,Individual,Email only
1286,Lisa Thomas,SE,Uppsala,18-29,2022-12-03,5,Individual,Full
1287,Danny Smith,SE,Västra Götaland,75+,2024-11-21,1,Individual,Post only
1288,Graeme Williams,FI,Pohjois-Pohjanmaa,75+,2025-11-18,5,Individual,Email only
1289,Jane Holmes,SE,Västra Götaland,75+,2022-12-03,2,Individual,Full
1290,Hannah Cook-John,FI,Pohjois-Pohjanmaa,30-44,2022-12-13,4,Individual,Email only
1291,Joanne Banks-Chambers,FI,Pohjois-Pohjanmaa,75+,2022-07-22,6,Individual,Full
1292,Frank Goddard,SE,Västra Götaland,60-74,2022-11-04,4,Individual,Email only
1293,Annette Young-Pickering,SE,Stockholm,45-59,2022-08-17,1,Individual,Full
1294,Stephanie Wallis-Carter,NO,Oslo,30-44,2023-10-06,1,Individual,Full
1295,Tina Holt-Lee,FI,Varsinais-Suomi,30-44,2023-12-27,6,Individual,Full
1296,Bradley Wong,NO,Vestland,45-59,2024-12-12,5,Trust,Email only
1297,Lisa O'Donnell,SE,Stockholm,75+,2024-12-27,3,Individual,Full
1298,Mrs Mary Jordan,DK,Midtjylland,18-29,2024-04-23,3,Individual,Post only
1299,Andrew King,FI,Pohjois-Pohjanmaa,30-44,2024-06-25,1,Individual,Full
1300,Barry Moore,SE,Västra Götaland,60-74,2025-05-11,2,Individual,Full
1301,Brian Spencer-Hill,SE,Västra Götaland,60-74,2025-09-28,2,Individual,Full
1302,Frank Rice,SE,Skåne,60-74,2023-12-17,1,Individual,Full
1303,Mr Frank Hall,NO,Rogaland,18-29,2024-10-14,2,Individual,Email only
1304,James Jones,NO,Oslo,18-29,2024-05-22,2,Individual,Full
1305,Glenn Mills,SE,Uppsala,30-44,2022-09-19,1,Individual,Email only
1306,Sally Byrne,SE,Stockholm,18-29,2022-05-24,2,Individual,Full
1307,Diane Mann,NO,Rogaland,75+,2023-12-16,1,Individual,Email only
1308,Frederick Smith-Hayward,SE,Stockholm,30-44,2024-06-13,1,Individual,Email only
1309,Lindsey Bryan-Bell,FI,Varsinais-Suomi,75+,2024-12-06,1,Individual,Email only
1310,Billy Bell,NO,Vestland,60-74,2023-03-27,3,Individual,Full
1311,Dr Arthur O'Sullivan,FI,Uusimaa,60-74,2025-12-04,1,Individual,Full
1312,Jacqueline Johnson-Sullivan,SE,Västra Götaland,45-59,2022-01-09,5,Individual,Full
1313,Mr Henry Coates,FI,Pohjois-Pohjanmaa,60-74,2023-10-23,1,Individual,Full
1314,Geraldine Hughes,NO,Oslo,60-74,2022-12-28,1,Individual,Full
1315,Lucy Alexander,FI,Uusimaa,60-74,2024-08-20,4,Individual,Full
1316,Ms Judith Williams,SE,Stockholm,18-29,2023-03-20,2,Corporate,Email only
1317,Charlie Tomlinson,DK,Sjælland,18-29,2023-01-25,4,Individual,Full
1318,Karen Williams,DK,Hovedstaden,30-44,2022-04-14,4,Individual,Full
1319,Gail Ali,DK,Midtjylland,30-44,2023-03-10,1,Individual,Full
1320,Victoria Mann,NO,Trøndelag,18-29,2024-10-01,2,Individual,Full
1321,Dr Rosemary Atkins,DK,Midtjylland,60-74,2024-12-01,3,Individual,Full
1322,Bradley Young,DK,Syddanmark,60-74,2025-01-08,3,Individual,Full
1323,Dr Jamie Byrne,FI,Uusimaa,45-59,2023-01-14,1,Individual,Full
1324,Dr Max Wood,SE,Skåne,18-29,2024-04-12,1,Individual,Email only
1325,Nicole Cox,FI,Pirkanmaa,30-44,2025-12-27,1,Individual,Email only
1326,Victor Clarke,FI,Uusimaa,45-59,2023-12-17,4,Individual,Full
1327,Gordon Henderson-Hall,SE,Västra Götaland,75+,2022-10-15,1,Corporate,Full
1328,Mr Nathan John,NO,Rogaland,75+,2025-07-06,1,Individual,Full
1329,Frank Parkinson,NO,Vestland,60-74,2025-10-24,3,Individual,Post only
1330,Mr Colin Harris,SE,Västra Götaland,18-29,2022-01-28,4,Corporate,Post only
1331,Reece Cooper-Jenkins,NO,Trøndelag,45-59,2023-02-14,5,Individual,Full
1332,Barry Simpson-Williams,SE,Stockholm,30-44,2025-11-20,6,Individual,Full
1333,Mr Anthony Blackburn,FI,Uusimaa,30-44,2025-07-09,4,Individual,Full
1334,Jayne Brown,DK,Midtjylland,18-29,2022-05-16,1,Individual,Full
1335,Dr Declan Arnold,DK,Midtjylland,18-29,2024-05-14,2,Individual,Post only
1336,Georgia Webster,NO,Rogaland,18-29,2024-10-02,5,Individual,Email only
1337,Dr Robin Cooper,,Syddanmark,45-59,2024-12-14,4,Corporate,Email only
1338,Miss Naomi Wright,SE,Skåne,75+,2025-07-03,4,Individual,Full
1339,Shane Taylor,,Trøndelag,18-29,2023-12-02,1,Individual,Full
1340,Caroline Russell,FI,Varsinais-Suomi,30-44,2023-12-05,2,Individual,Full
1341,Mr Simon Black,NO,Vestland,45-59,2025-09-04,1,Individual,Full
1342,Bernard Read,FI,Uusimaa,60-74,2022-11-03,1,Individual,Full
1343,Jodie Davies,SE,Stockholm,60-74,2022-09-24,1,Trust,Full
1344,Arthur Harris,NO,Vestland,75+,2022-03-07,4,Individual,Post only
1345,Charlotte Graham,FI,Varsinais-Suomi,45-59,2025-10-04,1,Individual,Full
1346,Joanne Barnes-Carey,DK,Syddanmark,75+,2025-08-10,4,Individual,Full
1347,Michael Hyde,SE,Uppsala,45-59,2022-10-30,4,Individual,Email only
1348,Jade Anderson,SE,Skåne,30-44,2024-04-27,6,Individual,Full
1349,Mrs Naomi Davies,FI,Pohjois-Pohjanmaa,60-74,2025-10-21,1,Individual,Full
1350,Adam Phillips-Sharp,DK,Syddanmark,30-44,2025-04-25,2,Individual,Full
1351,Annette Burke,FI,Uusimaa,45-59,2025-12-17,5,Individual,Full
1352,Christian Begum,NO,Rogaland,30-44,2023-12-06,3,Individual,Full
1353,Ms Bethan Smith,SE,Stockholm,45-59,2022-10-02,1,Individual,Full
1354,Lewis Martin,FI,Pirkanmaa,60-74,2025-08-06,2,Individual,Email only
1355,Allan Bailey,FI,Pirkanmaa,60-74,2024-10-30,1,Individual,Full
1356,Jane Bell,FI,Pirkanmaa,30-44,2022-10-10,2,Individual,Email only
1357,Rebecca Dunn-Knight,NO,Vestland,45-59,2023-04-18,2,Individual,Full
1358,Jade Parker,FI,Uusimaa,45-59,2023-07-13,2,Trust,Full
1359,Maurice Smith,FI,Varsinais-Suomi,45-59,2022-09-09,4,Individual,Email only
1360,Holly Pickering,FI,Varsinais-Suomi,30-44,2023-05-17,1,Individual,Post only
1361,Jodie Phillips,FI,Uusimaa,45-59,2025-12-16,6,Individual,Full
1362,Dr Rita Coleman,FI,Varsinais-Suomi,45-59,2025-03-08,2,Individual,Full
1363,Dr Maurice Turner,SE,Skåne,45-59,2022-12-16,7,Individual,Full
1364,Patricia Henderson,,Rogaland,45-59,2023-12-27,5,Individual,Full
1365,Malcolm Wright,FI,Pirkanmaa,18-29,2022-05-16,5,Trust,Email only
1366,Irene Parker,FI,Varsinais-Suomi,30-44,2022-12-08,5,Individual,Full
1367,Antony King,NO,Trøndelag,18-29,2022-04-26,4,Individual,Full
1368,Dylan Simpson,FI,Pohjois-Pohjanmaa,18-29,2025-10-21,2,Individual,Full
1369,Timothy Crawford,NO,Rogaland,60-74,2022-04-03,4,Individual,Email only
1370,Ms Bethan Morris,SE,Uppsala,60-74,2022-05-19,1,Individual,Email only
1371,Maria Williams,FI,Pirkanmaa,75+,2025-10-31,6,Individual,Post only
1372,Fiona Watson,SE,Uppsala,45-59,2022-10-06,2,Individual,Full
1373,Mrs Mandy Parker,FI,Pirkanmaa,60-74,2024-07-28,1,Individual,Full
1374,Mr Nicholas Harrison,FI,Pirkanmaa,30-44,2024-04-18,2,Individual,Email only
1375,Robin Wood,FI,Uusimaa,45-59,2022-02-20,5,Individual,Full
1376,Kenneth Wright,NO,Trøndelag,18-29,2025-12-18,1,Corporate,Full
1377,Stacey Roberts,SE,Uppsala,30-44,2025-12-06,1,Individual,Full
1378,Miss Anne Russell,NO,Oslo,18-29,2024-12-31,1,Individual,Full
1379,Stephen Davey,FI,Uusimaa,45-59,2024-09-23,1,Individual,Full
1380,Jonathan Evans,SE,Stockholm,30-44,2025-04-23,3,Individual,Full
1381,Anna Stephens-Burns,DK,Syddanmark,60-74,2023-03-18,1,Individual,Full
1382,Charlene Mills,SE,Uppsala,60-74,2023-06-20,2,Individual,Full
1383,Miss Jean Poole,NO,Vestland,45-59,2022-12-02,4,Individual,Email only
1384,Michelle Morris,NO,Rogaland,45-59,2022-12-08,1,Individual,Full
1385,Paige West-Collins,SE,Stockholm,45-59,2023-05-19,1,Individual,Email only
1386,Kirsty Cooper,FI,Uusimaa,75+,2022-10-12,1,Corporate,Full
1387,Jacqueline Green,FI,Pohjois-Pohjanmaa,45-59,2023-08-22,1,Individual,Full
1388,Jemma Hargreaves,NO,Rogaland,30-44,2024-12-14,5,Individual,Full
1389,Mitchell Taylor,NO,Trøndelag,18-29,2022-12-01,1,Individual,Full
1390,Dr John Brown,SE,Västra Götaland,30-44,2023-12-04,2,Individual,Full
1391,Michael Cook-Richardson,NO,Vestland,30-44,2023-03-01,1,Corporate,Email only
1392,Steven Hill,SE,Skåne,45-59,2024-12-09,5,Individual,Post only
1393,Wayne Martin,NO,Oslo,45-59,2022-12-26,2,Individual,Full
1394,Tracy Miller,NO,Vestland,30-44,2025-12-06,4,Corporate,Email only
1395,James Williams,DK,Hovedstaden,18-29,2023-02-13,3,Individual,Full
1396,George James,SE,Stockholm,60-74,2022-10-30,1,Individual,Email only
1397,Kenneth Day-Phillips,DK,Syddanmark,45-59,2023-11-08,1,Individual,Full
1398,James Stephens,NO,Oslo,30-44,2025-12-03,2,Individual,Full
1399,Dr Guy Yates,FI,Pohjois-Pohjanmaa,45-59,2023-11-24,1,Individual,Full
1400,Charlotte Anderson-Rhodes,,Trøndelag,60-74,2022-12-04,3,Individual,Full
1401,Janet Barber,FI,Uusimaa,30-44,2024-11-21,3,Individual,Full
1402,Conor Singh,NO,Trøndelag,75+,2022-12-28,1,Individual,Full
1403,Carl Spencer,SE,Stockholm,30-44,2023-10-04,3,Individual,Full
1404,Mr Charlie Harrison,NO,Rogaland,30-44,2023-09-23,1,Individual,Post only
1405,Andrew Clarke,NO,Oslo,60-74,2022-09-21,5,Individual,Email only
1406,Mr Karl Higgins,SE,Skåne,60-74,2023-06-11,1,Individual,Full
1407,Dr Daniel Harrison,FI,Pohjois-Pohjanmaa,18-29,2024-09-14,1,Individual,Full
1408,Mr Damian King,NO,Rogaland,45-59,2024-01-20,2,Individual,Full
1409,Keith Thomas,,Uppsala,30-44,2023-07-14,2,Individual,Full
1410,Kelly Marsh,FI,Pirkanmaa,45-59,2025-01-16,2,Individual,Full
1411,Sylvia Hale,FI,Pohjois-Pohjanmaa,18-29,2022-12-06,4,Individual,Full
1412,Christian James,FI,Pirkanmaa,60-74,2023-12-27,5,Individual,Full
1413,Mr Graeme Smith,FI,Varsinais-Suomi,45-59,2024-10-14,1,Individual,Full
1414,Carly Stokes,FI,Varsinais-Suomi,60-74,2022-10-23,5,Individual,Email only
1415,Dr Jayne Williams,SE,Västra Götaland,60-74,2024-12-06,6,Individual,Email only
1416,Dorothy Farrell,FI,Varsinais-Suomi,60-74,2024-04-25,2,Individual,Full
1417,Carly Foster,FI,Uusimaa,45-59,2023-06-06,4,Individual,Full
1418,Russell Dixon,DK,Hovedstaden,18-29,2024-10-03,5,Individual,Email only
1419,Robin Howells,NO,Oslo,45-59,2024-03-11,4,Individual,Full
1420,Nigel Simmons,FI,Pirkanmaa,45-59,2023-12-05,4,Individual,Email only
1421,Dr Valerie Bishop,FI,Pohjois-Pohjanmaa,18-29,2025-11-27,4,Individual,Full
1422,Miss June Roberts,NO,Trøndelag,30-44,2025-12-03,1,Individual,Full
1423,Harry Porter,FI,Pohjois-Pohjanmaa,30-44,2022-05-28,4,Individual,Full
1424,Dylan Morgan,SE,Västra Götaland,18-29,2023-02-20,1,Individual,Full
1425,Jake Pearce-Jones,DK,Sjælland,30-44,2024-08-19,2,Individual,Post only
1426,Callum Elliott,FI,Pohjois-Pohjanmaa,18-29,2022-05-19,1,Individual,Full
1427,Jane Smith,FI,Varsinais-Suomi,30-44,2025-12-29,3,Individual,Full
1428,Ms Ashleigh Ellis,FI,Varsinais-Suomi,60-74,2025-06-05,1,Individual,Full
1429,Sara Hammond-Chandler,NO,Rogaland,30-44,2025-11-30,1,Individual,Full
1430,Mr Geoffrey Watkins,FI,Uusimaa,45-59,2024-12-21,2,Individual,Full
1431,Anthony Edwards,DK,Midtjylland,30-44,2023-10-27,2,Individual,Full
1432,Alison Hall,FI,Uusimaa,18-29,2023-12-29,1,Individual,Full
1433,Mrs Ellie Hudson,SE,Uppsala,60-74,2023-08-30,1,Individual,Full
1434,Mr Ben Tomlinson,FI,Pirkanmaa,45-59,2023-10-06,7,Individual,Full
1435,Sean Hargreaves,NO,Rogaland,30-44,2025-04-02,2,Individual,Full
1436,Mr Daniel Thompson,DK,Hovedstaden,30-44,2022-12-20,1,Individual,Full
1437,Stuart Watson,FI,Pohjois-Pohjanmaa,30-44,2022-11-22,6,Individual,Full
1438,Sarah Hughes,FI,Pirkanmaa,45-59,2025-09-06,1,Individual,Full
1439,Joanne Hart,DK,Midtjylland,45-59,2025-10-11,2,Individual,Full
1440,Rachael Lynch,FI,Uusimaa,30-44,2023-12-21,6,Individual,Full
1441,Kyle Pollard,FI,Varsinais-Suomi,45-59,2024-11-30,4,Individual,Full
1442,Miss Eleanor Thompson,FI,Pirkanmaa,30-44,2024-12-26,2,Individual,Full
1443,June Peacock,SE,Skåne,60-74,2023-07-06,4,Individual,Post only
1444,Clifford Quinn,NO,Oslo,30-44,2024-12-08,1,Individual,Email only
1445,Janice Baker,NO,Vestland,75+,2023-11-28,2,Individual,Email only
1446,Dr Damian Parker,FI,Uusimaa,30-44,2023-12-07,2,Individual,Email only
1447,Danielle O'Brien,SE,Skåne,30-44,2022-12-07,2,Individual,Full
1448,Clive Thomas,SE,Västra Götaland,45-59,2023-12-20,3,Individual,Full
1449,Nathan Griffiths,SE,Skåne,30-44,2022-12-12,6,Individual,Full
1450,Julian Harris,FI,Uusimaa,18-29,2022-07-06,1,Individual,Full
1451,Henry Law,NO,Oslo,45-59,2023-02-19,1,Individual,Full
1452,Ms Paula Jackson,FI,Pohjois-Pohjanmaa,45-59,2023-06-13,1,Individual,Full
1453,Melissa O'Brien,NO,Oslo,30-44,2024-12-11,2,Individual,Email only
1454,Joe Wright,FI,Pirkanmaa,30-44,2023-12-09,5,Individual,Post only
1455,Teresa Shepherd,,Varsinais-Suomi,45-59,2023-03-02,1,Individual,Full
1456,Diana Booth,NO,Rogaland,45-59,2023-01-09,2,Individual,Full
1457,Jeremy Kemp,DK,Sjælland,45-59,2024-03-25,1,Individual,Full
1458,Luke Begum,DK,Midtjylland,18-29,2024-12-11,2,Individual,Full
1459,Norman Lewis-Baxter,FI,Uusimaa,30-44,2024-05-18,1,Individual,Full
1460,Fiona Williams,FI,Pohjois-Pohjanmaa,18-29,2024-12-04,1,Individual,Full
1461,Rosemary Harrison,FI,Uusimaa,30-44,2022-11-22,5,Individual,Email only
1462,Dr Terence Lord,DK,Syddanmark,18-29,2023-11-06,7,Individual,Full
1463,Tracey Wood,SE,Uppsala,60-74,2022-11-14,1,Individual,Email only
1464,Katie Barnett,NO,Rogaland,60-74,2022-11-15,3,Individual,Full
1465,Ms Ann Wilson,NO,Rogaland,45-59,2022-05-08,5,Individual,Full
1466,Mr Neil Thomas,NO,Oslo,30-44,2024-01-26,6,Individual,Full
1467,Henry Hussain,NO,Trøndelag,60-74,2025-11-22,1,Individual,Email only
1468,Marie Davies,FI,Uusimaa,30-44,2025-12-14,6,Individual,Email only
1469,Dr Antony Ward,NO,Trøndelag,60-74,2025-05-08,5,Individual,Full
1470,Miss Linda Joyce,FI,Uusimaa,45-59,2024-12-04,2,Individual,Email only
1471,Miss Donna Hunter,FI,Pirkanmaa,45-59,2022-07-11,1,Individual,Post only
1472,Mohammed Webster,SE,Västra Götaland,75+,2024-04-08,2,Individual,Full
1473,Miss Natalie Rice,SE,Stockholm,30-44,2025-11-15,1,Corporate,Full
1474,Garry Brookes-Whittaker,FI,Pohjois-Pohjanmaa,45-59,2024-12-13,2,Individual,Email only
1475,Tony Birch-Newman,FI,Pirkanmaa,75+,2022-08-10,3,Individual,Full
1476,Jack Holmes,FI,Varsinais-Suomi,45-59,2025-05-29,6,Individual,Full
1477,Ryan Preston,DK,Syddanmark,30-44,2022-12-04,2,Individual,Full
1478,Jessica Williams,SE,Stockholm,18-29,2024-12-20,2,Individual,Full
1479,Josh Newman,SE,Skåne,30-44,2025-01-29,2,Individual,Full
1480,Alan Harrison,NO,Vestland,60-74,2023-12-17,2,Individual,Full
1481,Molly Baker,SE,Västra Götaland,45-59,2022-03-28,1,Individual,Email only
1482,Wayne Collier,SE,Uppsala,45-59,2025-06-05,1,Individual,Email only
1483,Dawn Farmer,FI,Varsinais-Suomi,60-74,2023-07-22,3,Individual,Full
1484,Dr Eileen Simpson,FI,Varsinais-Suomi,60-74,2024-03-08,4,Individual,Full
1485,Miss Jessica King,FI,Uusimaa,30-44,2022-05-20,1,Individual,Full
1486,Dr Jeffrey Lawrence,FI,Pirkanmaa,60-74,2025-02-26,2,Individual,Email only
1487,Ann Carter,SE,Stockholm,30-44,2025-12-17,2,Individual,Full
1488,Jodie Holt,FI,Pirkanmaa,60-74,2023-05-22,4,Individual,Full
1489,Julian Ward,SE,Skåne,45-59,2025-12-21,1,Individual,Full
1490,Mrs Shirley Simmons,NO,Vestland,30-44,2025-06-02,1,Individual,Post only
1491,Kieran Walker,FI,Uusimaa,45-59,2023-01-24,4,Individual,Full
1492,Charlene Barrett,FI,Pohjois-Pohjanmaa,45-59,2025-12-16,1,Individual,Full
1493,Mitchell Morris,NO,Oslo,75+,2024-04-04,3,Individual,Post only
1494,Joan Harrison,DK,Syddanmark,30-44,2024-12-19,1,Individual,Full
1495,Mr Iain Watts,FI,Uusimaa,30-44,2024-12-08,3,Individual,Email only
1496,Dr Shirley Parsons,SE,Västra Götaland,30-44,2024-12-17,3,Corporate,Full
1497,Dr Graham Parry,FI,Pirkanmaa,30-44,2024-08-15,3,Individual,Email only
1498,Colin Wright,FI,Pohjois-Pohjanmaa,30-44,2024-12-22,1,Individual,Full
1499,Samantha Parry,NO,Trøndelag,75+,2024-04-15,1,Individual,Full
1500,Mr Jack Mitchell,FI,Varsinais-Suomi,45-59,2022-07-10,2,Individual,Email only
1501,Michelle Edwards,NO,Vestland,75+,2025-12-14,1,Individual,Full
1502,Christopher Palmer,SE,Västra Götaland,30-44,2022-12-31,4,Individual,Full
1503,Shaun Clarke-Davies,DK,Midtjylland,45-59,2022-12-07,1,Individual,Full
1504,Dr Aaron Burgess,FI,Varsinais-Suomi,45-59,2024-03-24,2,Individual,Full
1505,Jamie Lee,FI,Pohjois-Pohjanmaa,60-74,2023-03-22,2,Individual,Full
1506,Henry Ward,FI,Uusimaa,30-44,2023-06-19,2,Individual,Full
1507,Gavin Price,FI,Pohjois-Pohjanmaa,30-44,2024-04-24,4,Individual,Full
1508,Louise Smith,FI,Varsinais-Suomi,60-74,2023-03-26,3,Individual,Email only
1509,Christine Johnson,FI,Uusimaa,60-74,2023-06-08,3,Individual,Email only
1510,Miss Charlene Thompson,FI,Uusimaa,18-29,2024-09-01,4,Individual,Full
1511,Lauren Russell,FI,Uusimaa,30-44,2024-09-24,1,Individual,Full
1512,Albert Williams,SE,Västra Götaland,45-59,2024-03-04,4,Individual,Full
1513,Mr Jay Harrison,FI,Varsinais-Suomi,60-74,2024-04-27,4,Individual,Full
1514,Peter Hughes-Bennett,SE,Stockholm,75+,2023-12-10,1,Individual,Email only
1515,Christian Chamberlain,NO,Rogaland,45-59,2023-09-11,1,Individual,Email only
1516,Dr Bryan Doyle,FI,Pirkanmaa,45-59,2025-10-10,1,Individual,Full
1517,Ms Dawn Holt,FI,Uusimaa,75+,2023-07-10,3,Individual,Full
1518,Lydia Gray,SE,Uppsala,75+,2024-12-08,6,Individual,Full
1519,Dr Amelia Gregory,SE,Stockholm,60-74,2024-12-21,1,Individual,Full
1520,Lauren Jarvis-Jones,FI,Pohjois-Pohjanmaa,30-44,2024-12-02,1,Individual,Email only
1521,Arthur Davies-Gardiner,DK,Midtjylland,30-44,2025-05-10,4,Corporate,Email only
1522,Mitchell Patel,SE,Skåne,75+,2023-01-16,2,Individual,Full
1523,Geraldine Douglas,SE,Uppsala,45-59,2024-11-18,4,Individual,Full
1524,Bethan Wilson,NO,Trøndelag,30-44,2022-12-23,3,Individual,Email only
1525,Jessica Rogers,FI,Pohjois-Pohjanmaa,45-59,2025-12-23,1,Individual,Email only
1526,Linda Macdonald,FI,Uusimaa,45-59,2025-11-02,1,Individual,Full
1527,Sarah White,FI,Pirkanmaa,45-59,2022-12-16,4,Individual,Post only
1528,Dr Billy Ward,FI,Pohjois-Pohjanmaa,45-59,2024-12-10,1,Individual,Full
1529,Carol Curtis,FI,Uusimaa,18-29,2025-11-29,1,Individual,Email only
1530,Douglas Phillips,SE,Skåne,45-59,2023-08-05,3,Individual,Full
1531,Teresa Lowe,SE,Västra Götaland,60-74,2025-11-11,1,Individual,Email only
1532,Mark Johnson-Perry,FI,Pirkanmaa,30-44,2024-04-14,3,Individual,Post only
1533,Lynda Stone,FI,Pirkanmaa,60-74,2025-08-23,2,Individual,Email only
1534,Dr Debra Simmons,FI,Uusimaa,18-29,2024-09-22,2,Individual,Full
1535,Dr James Shepherd,NO,Trøndelag,45-59,2022-10-14,1,Individual,Full
1536,Beth Johnson,NO,Rogaland,60-74,2022-08-28,1,Individual,Full
1537,Sandra Williams,FI,Varsinais-Suomi,60-74,2023-12-17,4,Individual,Full
1538,Denis McDonald,SE,Stockholm,18-29,2022-01-13,1,Individual,Full
1539,Vincent Spencer,FI,Uusimaa,75+,2023-10-19,5,Individual,Full
1540,Frank Hunt,SE,Stockholm,30-44,2024-08-12,1,Individual,Full
1541,Dr Joel Ahmed,FI,Pirkanmaa,30-44,2025-06-22,3,Individual,Full
1542,Ms Alison Chapman,SE,Stockholm,75+,2023-12-10,2,Individual,Full
1543,Mr Bernard Ahmed,NO,Rogaland,45-59,2022-01-07,2,Individual,Full
1544,Harriet Dawson,SE,Uppsala,45-59,2022-09-07,1,Individual,Full
1545,Holly Giles,FI,Uusimaa,30-44,2023-12-07,1,Individual,Full
1546,Dennis Hussain,SE,Stockholm,45-59,2024-12-10,1,Individual,Email only
1547,Mr Mathew Green,FI,Uusimaa,30-44,2023-03-27,3,Corporate,Full
1548,Ms Joan Thomas,SE,Skåne,18-29,2025-12-04,1,Individual,Full
1549,Mrs Gemma Moore,FI,Pirkanmaa,60-74,2022-02-17,5,Individual,Full
1550,Hannah Lawson-Smith,SE,Västra Götaland,60-74,2022-10-20,2,Individual,Full
1551,Sara Woods,NO,Oslo,75+,2023-12-02,2,Individual,Full
1552,Jasmine Chandler,DK,Hovedstaden,45-59,2022-10-09,1,Individual,Full
1553,Sophie Collins,NO,Rogaland,45-59,2025-12-23,4,Individual,Full
1554,Abigail Howard,SE,Västra Götaland,30-44,2024-10-05,3,Individual,Post only
1555,Terry Weston,SE,Stockholm,30-44,2025-08-14,1,Individual,Email only
1556,Abigail Rowley,NO,Trøndelag,30-44,2025-09-13,1,Individual,Post only
1557,Mrs Tracy Kemp,FI,Pirkanmaa,60-74,2022-11-15,2,Individual,Full
1558,Emily Barnes,DK,Midtjylland,18-29,2023-12-09,4,Individual,Full
1559,Patricia Franklin,SE,Skåne,45-59,2025-05-28,1,Individual,Post only
1560,James Burns,FI,Pirkanmaa,30-44,2023-03-01,1,Corporate,Full
1561,Clifford O'Connor,FI,Varsinais-Suomi,45-59,2023-05-03,1,Individual,Full
1562,Ryan Atkins,NO,Trøndelag,45-59,2024-04-28,2,Individual,Full
1563,Leslie Khan-Evans,,Pohjois-Pohjanmaa,45-59,2023-12-30,6,Individual,Full
1564,Jeffrey Gill,FI,Uusimaa,60-74,2025-05-11,1,Individual,Full
1565,Mrs Hazel Webb,FI,Uusimaa,60-74,2024-09-02,1,Individual,Full
1566,Marion Wilkins-Thomas,FI,Varsinais-Suomi,75+,2024-04-21,1,Individual,Full
1567,Joseph Noble-Baldwin,FI,Uusimaa,30-44,2024-10-07,2,Individual,Full
1568,Suzanne Smith,DK,Syddanmark,60-74,2023-06-03,3,Individual,Full
1569,Trevor Chambers,NO,Vestland,45-59,2025-03-31,4,Individual,Full
1570,Ms Chloe Clarke,SE,Stockholm,45-59,2022-07-26,6,Individual,Full
1571,Beverley Khan,,Syddanmark,18-29,2025-06-18,1,Individual,Full
1572,Abigail Nicholson-Hart,SE,Skåne,75+,2024-08-15,1,Individual,Email only
1573,Lynda Jackson-McDonald,DK,Midtjylland,75+,2025-06-10,1,Individual,Email only
1574,Wendy Wilkinson,FI,Pohjois-Pohjanmaa,75+,2024-11-19,5,Individual,Full
1575,Amanda Edwards,FI,Pirkanmaa,60-74,2022-05-13,3,Individual,Full
1576,Tina Reynolds,FI,Pirkanmaa,45-59,2023-02-09,1,Individual,Full
1577,Ricky Harrison-Young,FI,Varsinais-Suomi,30-44,2025-09-23,1,Individual,Full
1578,Kim Wood,SE,Västra Götaland,30-44,2022-03-01,1,Individual,Full
1579,Dr Ryan Lane,DK,Midtjylland,60-74,2023-06-27,2,Individual,Full
1580,Charles Collins,,Pohjois-Pohjanmaa,60-74,2023-01-13,5,Individual,Full
1581,Danny Bradley-Burgess,FI,Uusimaa,60-74,2023-11-27,1,Individual,Full
1582,Marie Willis,SE,Uppsala,60-74,2023-10-04,1,Individual,Full
1583,Clifford Richardson,SE,Stockholm,60-74,2025-08-21,3,Individual,Full
1584,Mohammad Edwards,FI,Uusimaa,60-74,2024-09-20,1,Individual,Email only
1585,Ian Robinson-Jones,NO,Oslo,30-44,2025-12-24,1,Individual,Post only
1586,Carole Simpson-Hussain,FI,Pohjois-Pohjanmaa,30-44,2024-09-10,3,Individual,Email only
1587,Katie Smith,DK,Hovedstaden,30-44,2024-12-12,6,Individual,Full
1588,Sylvia Carter-Jones,FI,Pohjois-Pohjanmaa,18-29,2024-06-01,1,Individual,Full
1589,Ms Jemma Patel,NO,Vestland,60-74,2022-05-26,1,Corporate,Full
1590,Miss Katherine Ward,SE,Stockholm,30-44,2022-12-22,3,Individual,Full
1591,Nathan Khan-Hammond,NO,Trøndelag,30-44,2023-12-31,1,Individual,Full
1592,June Ryan,SE,Skåne,60-74,2025-03-02,2,Individual,Email only
1593,Rachel Hopkins,NO,Vestland,45-59,2022-02-27,5,Individual,Email only
1594,Michael Turner,NO,Trøndelag,60-74,2025-10-01,2,Individual,Full
1595,Josh Walton-Price,SE,Västra Götaland,60-74,2022-12-10,4,Individual,Full
1596,Miss Jean Thompson,DK,Midtjylland,60-74,2025-12-13,2,Individual,Full
1597,Max Connolly,NO,Oslo,45-59,2025-01-20,4,Individual,Email only
1598,Mr Colin Marshall,DK,Sjælland,18-29,2022-12-26,1,Individual,Full
1599,Patricia Farmer-Fisher,FI,Pohjois-Pohjanmaa,30-44,2025-02-25,5,Individual,Full
1600,Joan Thomas-Hopkins,DK,Midtjylland,18-29,2022-02-26,1,Individual,Full
1601,Norman Burton,FI,Varsinais-Suomi,60-74,2024-11-27,5,Individual,Post only
1602,Miss Nicole Stewart,SE,Stockholm,45-59,2025-12-30,1,Individual,Full
1603,Dr Jay Holmes,FI,Pirkanmaa,30-44,2025-11-10,1,Individual,Post only
1604,Alison Watson-Baldwin,FI,Pirkanmaa,45-59,2022-12-01,4,Individual,Full
1605,Derek Simpson,FI,Varsinais-Suomi,45-59,2022-02-01,3,Individual,Full
1606,Abigail Clarke,FI,Pirkanmaa,30-44,2022-12-29,2,Individual,Email only
1607,Colin Murphy-Collins,,Varsinais-Suomi,45-59,2025-11-01,1,Corporate,Full
1608,Leigh Chadwick,NO,Trøndelag,60-74,2025-04-27,1,Individual,Email only
1609,Mrs Ashleigh O'Connor,DK,Sjælland,18-29,2023-06-14,6,Individual,Full
1610,Jade Hooper,FI,Pirkanmaa,60-74,2022-06-25,5,Individual,Post only
1611,Nathan Sanders,NO,Oslo,30-44,2025-06-21,1,Individual,Full
1612,Dr Gerard Briggs,FI,Pirkanmaa,45-59,2023-11-12,2,Individual,Full
1613,Dr Sally Smith,FI,Uusimaa,18-29,2025-12-17,1,Individual,Full
1614,Tom Jones,DK,Syddanmark,30-44,2023-11-08,2,Individual,Post only
1615,Mr Hugh Nelson,NO,Trøndelag,30-44,2022-01-09,1,Individual,Full
1616,Douglas Williams,NO,Trøndelag,45-59,2025-02-14,4,Individual,Full
1617,Callum Smith,SE,Uppsala,30-44,2022-12-19,1,Individual,Post only
1618,Dale Middleton,NO,Trøndelag,45-59,2025-03-12,2,Individual,Full
1619,Craig Lucas,DK,Hovedstaden,30-44,2025-06-18,2,Individual,Full
1620,Ms Bethany Brooks,FI,Uusimaa,60-74,2025-11-20,4,Individual,Email only
1621,Duncan Walker,NO,Rogaland,30-44,2024-05-27,3,Individual,Email only
1622,Dr Bryan Watson,FI,Pohjois-Pohjanmaa,75+,2022-09-12,6,Individual,Full
1623,Dawn Clark,NO,Oslo,30-44,2024-12-05,6,Individual,Post only
1624,Elaine Newton,SE,Skåne,30-44,2023-11-06,1,Individual,Full
1625,Dr Gordon Gibson,FI,Uusimaa,45-59,2023-08-11,5,Individual,Email only
1626,Eileen Campbell,FI,Pohjois-Pohjanmaa,18-29,2023-08-18,3,Individual,Full
1627,Garry Perry-Phillips,SE,Uppsala,18-29,2023-05-07,1,Individual,Email only
1628,Bernard Brennan,SE,Stockholm,60-74,2025-03-07,1,Individual,Full
1629,Lauren Duncan,FI,Uusimaa,60-74,2025-12-09,3,Corporate,Full
1630,Frederick Wallace,SE,Uppsala,18-29,2022-06-06,1,Individual,Full
1631,Dr Dean Graham,FI,Pohjois-Pohjanmaa,45-59,2022-12-02,1,Individual,Full
1632,Joyce Evans,FI,Varsinais-Suomi,45-59,2024-10-20,3,Individual,Post only
1633,Mrs Julie Elliott,DK,Sjælland,45-59,2022-02-02,3,Individual,Email only
1634,Dr Callum White,FI,Pirkanmaa,30-44,2023-07-22,3,Individual,Full
1635,Reece Payne,NO,Oslo,30-44,2025-12-20,4,Individual,Post only
1636,Aaron King,SE,Uppsala,60-74,2023-12-09,1,Individual,Email only
1637,Georgina Nicholson,NO,Vestland,45-59,2025-01-02,2,Individual,Full
1638,Bryan White,FI,Varsinais-Suomi,45-59,2024-01-11,5,Individual,Full
1639,Annette Jones-Whittaker,SE,Stockholm,45-59,2023-03-10,3,Individual,Email only
1640,Holly Wilson-Stevens,FI,Pohjois-Pohjanmaa,18-29,2025-09-29,1,Individual,Post only
1641,Dr Brett Leonard,FI,Uusimaa,18-29,2022-05-17,1,Individual,Full
1642,Dean Mahmood,NO,Vestland,45-59,2022-03-31,2,Individual,Post only
1643,Ms Melanie Blake,FI,Pirkanmaa,60-74,2022-10-05,2,Individual,Full
1644,Mr Dominic Jennings,NO,Trøndelag,30-44,2023-12-13,5,Individual,Email only
1645,Pamela Ellis,SE,Stockholm,45-59,2024-09-18,4,Individual,Full
1646,Trevor Harrison,DK,Hovedstaden,75+,2022-12-08,4,Individual,Email only
1647,Vincent Reeves,SE,Skåne,18-29,2024-12-21,3,Individual,Full
1648,Dr Derek Lewis,FI,Pirkanmaa,60-74,2023-12-09,3,Individual,Full
1649,Ashleigh Hanson,DK,Midtjylland,75+,2023-10-25,2,Individual,Full
1650,Amanda Kelly,FI,Varsinais-Suomi,60-74,2023-03-26,1,Individual,Full
1651,Beverley Bates,DK,Syddanmark,45-59,2024-10-05,1,Individual,Email only
1652,Christine Oliver,SE,Skåne,45-59,2024-05-24,2,Individual,Email only
1653,Mr David Hart,DK,Hovedstaden,18-29,2025-07-02,1,Individual,Full
1654,Amelia Davies,NO,Vestland,60-74,2024-12-14,4,Individual,Email only
1655,Dr Justin O'Connor,FI,Varsinais-Suomi,45-59,2023-11-30,7,Individual,Full
1656,Leigh Jones,FI,Varsinais-Suomi,60-74,2022-12-05,1,Individual,Full
1657,Mr Dean Patel,DK,Midtjylland,18-29,2025-02-03,1,Individual,Full
1658,Dr Gemma Horton,SE,Västra Götaland,60-74,2025-06-06,1,Individual,Post only
1659,Dominic Simpson,SE,Västra Götaland,75+,2023-12-03,1,Individual,Full
1660,Mr Maurice Glover,FI,Pohjois-Pohjanmaa,18-29,2023-05-03,1,Individual,Full
1661,Malcolm Bailey,FI,Varsinais-Suomi,45-59,2025-05-26,1,Individual,Full
1662,Rachel Nelson,DK,Hovedstaden,30-44,2023-08-24,1,Individual,Email only
1663,Dominic Lewis,SE,Stockholm,60-74,2023-08-18,1,Individual,Full
1664,Donna James,DK,Midtjylland,30-44,2022-03-21,4,Individual,Full
1665,Rita Martin,FI,Pirkanmaa,75+,2023-09-22,2,Individual,Full
1666,Dr Joel Ryan,FI,Varsinais-Suomi,30-44,2024-11-08,7,Corporate,Full
1667,Shaun Morgan,FI,Pohjois-Pohjanmaa,60-74,2024-04-21,1,Individual,Post only
1668,Stephen Mills,SE,Stockholm,60-74,2025-02-06,1,Individual,Full
1669,Dr Martyn Ford,FI,Pirkanmaa,30-44,2025-01-01,1,Individual,Full
1670,Michael Morgan,SE,Uppsala,45-59,2024-02-21,1,Individual,Email only
1671,Mrs Maureen Chandler,FI,Uusimaa,30-44,2025-11-21,4,Individual,Email only
1672,Maria Fisher,FI,Pohjois-Pohjanmaa,60-74,2023-12-25,4,Individual,Full
1673,Lisa Griffiths,FI,Pirkanmaa,30-44,2023-10-26,2,Individual,Full
1674,Gordon Marsh-Taylor,FI,Pirkanmaa,30-44,2025-11-27,4,Individual,Email only
1675,Ms Karen Barker,FI,Pohjois-Pohjanmaa,60-74,2024-02-11,6,Individual,Full
1676,Amelia Fletcher,NO,Vestland,45-59,2024-03-19,5,Individual,Full
1677,Miss Marion Henderson,FI,Pohjois-Pohjanmaa,45-59,2023-11-26,2,Individual,Full
1678,Zoe Cooper,FI,Uusimaa,45-59,2022-08-16,3,Individual,Full
1679,Roger Hopkins,DK,Syddanmark,18-29,2024-12-30,1,Individual,Full
1680,Charlene Carter-Smith,FI,Pirkanmaa,30-44,2022-08-19,1,Individual,Email only
1681,Iain Blake-Haynes,NO,Trøndelag,45-59,2024-12-21,5,Individual,Full
1682,Martyn Lee,FI,Pohjois-Pohjanmaa,45-59,2022-05-07,4,Individual,Full
1683,Rachel Jackson,DK,Sjælland,30-44,2022-06-21,2,Individual,Full
1684,Aaron Harvey,,Pirkanmaa,45-59,2024-06-22,1,Individual,Full
1685,Olivia Joyce-Gardner,NO,Oslo,60-74,2023-05-08,2,Individual,Full
1686,Dr Frank Day,FI,Varsinais-Suomi,60-74,2023-07-26,2,Individual,Full
1687,Mrs Jodie Jones,SE,Skåne,30-44,2023-05-22,6,Individual,Full
1688,Ashley Holland,DK,Midtjylland,45-59,2025-07-12,1,Individual,Full
1689,Joshua Field,SE,Stockholm,45-59,2022-06-19,1,Individual,Full
1690,Emma Wood,DK,Sjælland,60-74,2022-09-11,1,Individual,Full
1691,Ross Turner,SE,Uppsala,18-29,2025-12-20,2,Individual,Full
1692,Dominic Davison,NO,Rogaland,60-74,2023-10-04,1,Individual,Full
1693,Derek West,,Oslo,30-44,2022-10-31,5,Individual,Email only
1694,Mr Jack Jordan,NO,Vestland,45-59,2025-12-22,2,Individual,Full
1695,Anna Wright,FI,Uusimaa,45-59,2025-08-07,1,Individual,Full
1696,Dennis Perkins-McKenzie,FI,Pohjois-Pohjanmaa,18-29,2024-04-18,4,Individual,Full
1697,Brett Kelly,FI,Varsinais-Suomi,45-59,2025-05-06,5,Individual,Full
1698,Leah Day,DK,Sjælland,60-74,2023-12-04,2,Individual,Full
1699,Ms Kimberley Williams,FI,Pirkanmaa,30-44,2024-11-21,1,Individual,Full
1700,Janet Tomlinson,FI,Uusimaa,75+,2023-11-01,2,Corporate,Full
1701,Linda Rogers,FI,Varsinais-Suomi,30-44,2024-10-20,4,Individual,Full
1702,Bradley Charlton-Coates,DK,Sjælland,45-59,2024-11-20,1,Individual,Full
1703,Ross Matthews,FI,Varsinais-Suomi,18-29,2025-12-28,1,Individual,Full
1704,Ryan Wright,SE,Skåne,45-59,2024-11-17,6,Individual,Full
1705,Claire Bennett,FI,Pirkanmaa,45-59,2023-05-25,7,Individual,Email only
1706,Carl White,DK,Midtjylland,45-59,2025-06-11,1,Individual,Full
1707,Fiona Saunders,DK,Syddanmark,30-44,2023-12-03,1,Individual,Full
1708,John Roberts,SE,Skåne,45-59,2025-12-30,1,Individual,Full
1709,Antony Fitzgerald,FI,Pohjois-Pohjanmaa,30-44,2022-10-27,3,Individual,Full
1710,Dr Julia Webb,FI,Pirkanmaa,30-44,2022-06-17,1,Individual,Full
1711,Pamela Jordan-Dyer,SE,Västra Götaland,30-44,2023-05-29,2,Individual,Full
1712,Dean Smith,NO,Rogaland,18-29,2022-06-17,1,Individual,Email only
1713,Paige Graham,NO,Trøndelag,45-59,2022-07-21,5,Individual,Email only
1714,Miss Victoria Myers,FI,Pirkanmaa,30-44,2024-05-16,2,Corporate,Full
1715,Stephanie Miah,FI,Uusimaa,30-44,2025-01-26,3,Individual,Full
1716,Teresa Simpson-Davidson,FI,Uusimaa,60-74,2024-12-20,1,Individual,Post only
1717,Chloe Craig,DK,Syddanmark,45-59,2024-07-28,2,Individual,Email only
1718,Tracy Cole,SE,Uppsala,45-59,2023-11-26,4,Individual,Email only
1719,Hilary Dean,SE,Stockholm,60-74,2023-09-20,2,Individual,Full
1720,Valerie Woods-Shepherd,,Trøndelag,60-74,2025-12-04,1,Individual,Full
1721,Olivia O'Connor,FI,Pirkanmaa,60-74,2022-08-02,2,Individual,Full
1722,Elliot Wilson,FI,Pohjois-Pohjanmaa,45-59,2023-12-04,1,Individual,Full
1723,Dr Grace Graham,NO,Vestland,30-44,2024-03-18,4,Individual,Full
1724,Suzanne Evans,SE,Västra Götaland,60-74,2023-03-03,1,Individual,Email only
1725,Alex Anderson,FI,Uusimaa,75+,2022-07-28,1,Individual,Full
1726,David Morgan,SE,Skåne,45-59,2024-11-13,1,Individual,Post only
1727,Lynn Ahmed,NO,Vestland,45-59,2024-11-26,4,Individual,Full
1728,Cameron Hill,FI,Varsinais-Suomi,30-44,2024-11-19,4,Individual,Full
1729,Nicholas Griffiths-Reynolds,SE,Stockholm,60-74,2025-04-28,1,Individual,Post only
1730,Mrs Ann Randall,SE,Uppsala,45-59,2025-02-06,1,Individual,Post only
1731,Mrs Yvonne Brown,SE,Uppsala,30-44,2024-10-25,2,Corporate,Full
1732,Bethany Hart,NO,Rogaland,60-74,2023-01-08,5,Individual,Full
1733,Albert Davies-White,,Skåne,30-44,2024-11-07,3,Individual,Full
1734,Dr Jeremy Jones,DK,Hovedstaden,30-44,2022-12-07,5,Individual,Post only
1735,Dr Alex Allen,FI,Pirkanmaa,45-59,2022-12-28,2,Individual,Full
1736,Graham Ahmed-Jones,SE,Stockholm,18-29,2025-03-19,5,Individual,Email only
1737,Kathryn Lyons,SE,Stockholm,45-59,2022-02-10,1,Individual,Full
1738,Mr Terry Jackson,SE,Västra Götaland,45-59,2025-06-30,1,Individual,Full
1739,Dr Henry Alexander,FI,Uusimaa,75+,2025-09-21,1,Individual,Post only
1740,Gareth Singh,FI,Uusimaa,45-59,2023-07-05,2,Individual,Full
1741,Dr Josephine Turner,FI,Uusimaa,30-44,2022-06-01,4,Individual,Full
1742,Elaine Chamberlain,FI,Pirkanmaa,75+,2022-11-13,2,Individual,Full
1743,Mr Douglas Spencer,DK,Hovedstaden,75+,2023-07-26,5,Individual,Email only
1744,Nicholas Patel-Watson,SE,Uppsala,60-74,2024-07-09,2,Individual,Full
1745,Victoria Blake,FI,Pohjois-Pohjanmaa,75+,2022-03-01,2,Individual,Full
1746,Ronald Chambers,SE,Uppsala,60-74,2022-12-26,1,Individual,Full
1747,Mr Josh Richards,NO,Oslo,75+,2022-12-05,3,Individual,Email only
1748,Dr Mohammad Patterson,FI,Pirkanmaa,18-29,2022-12-01,1,Individual,Email only
1749,Charlene Brookes-Smith,FI,Pohjois-Pohjanmaa,30-44,2022-07-07,3,Individual,Full
1750,Kayleigh Taylor,SE,Uppsala,45-59,2023-02-09,2,Individual,Full
1751,Sally Long,NO,Oslo,18-29,2023-10-04,5,Individual,Full
1752,Christine Spencer,FI,Uusimaa,45-59,2023-08-19,1,Individual,Full
1753,Brett Knight,SE,Västra Götaland,45-59,2024-10-20,2,Individual,Full
1754,Ms Rachael Palmer,NO,Trøndelag,60-74,2022-05-07,1,Individual,Full
1755,Irene Martin-Weston,SE,Västra Götaland,45-59,2022-08-10,1,Individual,Email only
1756,Miss Sally Bevan,FI,Pohjois-Pohjanmaa,60-74,2025-05-18,3,Individual,Post only
1757,Elliot Faulkner,FI,Varsinais-Suomi,18-29,2022-05-02,6,Individual,Full
1758,Roy Gallagher,FI,Uusimaa,60-74,2024-04-02,2,Corporate,Email only
1759,Francis Stokes,FI,Pohjois-Pohjanmaa,60-74,2023-09-30,1,Individual,Full
1760,Dr Julia Smith,FI,Varsinais-Suomi,45-59,2022-03-04,1,Individual,Full
1761,Eric Brown,DK,Hovedstaden,45-59,2023-12-10,3,Individual,Full
1762,Carol Jones,FI,Pohjois-Pohjanmaa,60-74,2025-10-10,2,Trust,Full
1763,Dr Glen Harper,FI,Pirkanmaa,30-44,2022-10-23,7,Individual,Full
1764,Lawrence Johnson,SE,Västra Götaland,60-74,2023-09-07,6,Individual,Full
1765,Graham Hussain,SE,Stockholm,18-29,2023-08-30,2,Individual,Full
1766,Alexandra Roberts,FI,Uusimaa,60-74,2023-11-03,1,Individual,Full
1767,Dr Albert Allen,SE,Skåne,60-74,2022-08-22,1,Individual,Full
1768,Lisa Watson-Brown,SE,Västra Götaland,30-44,2023-12-12,3,Individual,Full
1769,Dr Sean Coles,FI,Pohjois-Pohjanmaa,45-59,2022-10-27,4,Individual,Email only
1770,Kenneth Davies-Simpson,FI,Uusimaa,30-44,2023-12-18,1,Individual,Full
1771,Dr Arthur Jones,DK,Sjælland,18-29,2022-10-10,2,Individual,Full
1772,Donald Bailey,FI,Uusimaa,30-44,2022-10-26,2,Individual,Full
1773,Allan Arnold,FI,Pohjois-Pohjanmaa,18-29,2025-12-13,1,Individual,Full
1774,Lewis Smith,NO,Trøndelag,60-74,2023-08-21,1,Individual,Full
1775,Mohammed Price,SE,Stockholm,60-74,2025-12-02,1,Individual,Full
1776,Dawn Collins,SE,Skåne,30-44,2025-05-02,2,Individual,Full
1777,Ross Stone,SE,Skåne,60-74,2023-03-24,3,Individual,Full
1778,Mr Philip Johnson,,Rogaland,60-74,2022-12-19,4,Individual,Full
1779,Louise Wood,DK,Hovedstaden,75+,2024-04-20,3,Individual,Full
1780,Dylan Wilson,FI,Varsinais-Suomi,45-59,2024-01-19,1,Individual,Full
1781,Maria Gill,FI,Uusimaa,45-59,2023-10-22,1,Individual,Full
1782,Laura Ferguson,FI,Pohjois-Pohjanmaa,75+,2023-11-23,4,Individual,Email only
1783,Dr Joe Anderson,SE,Västra Götaland,45-59,2025-07-23,2,Individual,Full
1784,Elliot Ali,NO,Vestland,60-74,2022-01-15,6,Individual,Full
1785,Duncan Gill-Burke,SE,Uppsala,75+,2023-12-29,1,Individual,Full
1786,Mrs Brenda Andrews,SE,Skåne,60-74,2023-12-14,4,Individual,Post only
1787,Jenna Davies,DK,Sjælland,30-44,2024-11-06,4,Individual,Full
1788,Gerald Brady-Smith,SE,Skåne,45-59,2022-05-25,1,Individual,Full
1789,Dr Gail Taylor,SE,Stockholm,18-29,2025-09-29,2,Individual,Post only
1790,Dr Bryan Gordon,SE,Stockholm,18-29,2022-08-09,4,Individual,Full
1791,Ms Janet Brooks,SE,Uppsala,45-59,2022-11-27,6,Individual,Full
1792,Dylan Harris,DK,Sjælland,45-59,2024-05-04,1,Individual,Full
1793,Joan Stephenson-Cunningham,FI,Varsinais-Suomi,30-44,2023-08-16,1,Individual,Full
1794,Dr Jade Holmes,FI,Pohjois-Pohjanmaa,18-29,2025-12-27,2,Individual,Email only
1795,Mr Gareth Miles,SE,Västra Götaland,75+,2024-10-03,2,Individual,Email only
1796,Stacey Nicholson,FI,Pohjois-Pohjanmaa,18-29,2022-03-27,1,Individual,Full
1797,Sylvia Williams,FI,Pirkanmaa,30-44,2024-12-01,2,Individual,Full
1798,Catherine Foster,DK,Hovedstaden,45-59,2023-01-10,3,Individual,Full
1799,Grace Simpson,SE,Uppsala,60-74,2024-06-07,1,Individual,Full
1800,Kenneth Bell,DK,Midtjylland,60-74,2023-02-04,1,Individual,Full
1801,Elliot Smith,FI,Pohjois-Pohjanmaa,30-44,2025-12-15,3,Individual,Full
1802,Neil Jackson,SE,Västra Götaland,30-44,2025-05-07,1,Individual,Full
1803,Dr Liam Wright,FI,Uusimaa,60-74,2022-12-24,1,Individual,Full
1804,Anthony Barnes,NO,Rogaland,60-74,2024-01-24,1,Individual,Email only
1805,Bruce Bryant,NO,Oslo,75+,2022-06-26,2,Individual,Full
1806,Reece Glover,SE,Stockholm,60-74,2024-04-30,1,Individual,Full
1807,Zoe Robson,NO,Trøndelag,45-59,2025-12-08,2,Corporate,Email only
1808,Kelly Jarvis,SE,Skåne,45-59,2024-06-14,2,Individual,Email only
1809,Dr Rosie Baker,,Vestland,30-44,2024-08-25,4,Individual,Full
1810,Gerard Anderson,SE,Västra Götaland,75+,2023-11-19,1,Individual,Email only
1811,Miss Yvonne Morgan,DK,Syddanmark,45-59,2023-12-25,3,Individual,Full
1812,Sara Evans,FI,Varsinais-Suomi,30-44,2023-06-19,6,Individual,Email only
1813,Declan McDonald,SE,Stockholm,60-74,2022-03-07,1,Individual,Email only
1814,Stephen Barnes,NO,Vestland,30-44,2022-12-05,4,Individual,Full
1815,Emily Goodwin,NO,Trøndelag,45-59,2025-12-06,1,Individual,Full
1816,Heather Martin,SE,Västra Götaland,60-74,2022-02-14,1,Individual,Email only
1817,Henry Day,NO,Rogaland,60-74,2023-03-10,6,Individual,Full
1818,Ms Aimee Craig,NO,Trøndelag,45-59,2022-06-07,7,Individual,Full
1819,Connor Farmer,NO,Rogaland,30-44,2022-12-05,2,Individual,Email only
1820,Hayley Hill-Hall,SE,Skåne,18-29,2025-10-09,1,Individual,Email only
1821,Bethany Lewis-Nash,FI,Uusimaa,60-74,2023-12-29,4,Individual,Full
1822,Dr Joe Wall,NO,Trøndelag,30-44,2023-01-27,3,Individual,Full
1823,Terence Hunt,SE,Skåne,18-29,2023-12-06,1,Individual,Full
1824,Robert Carter,FI,Varsinais-Suomi,30-44,2023-09-20,1,Individual,Email only
1825,Dr Declan Murphy,NO,Oslo,75+,2025-10-17,1,Individual,Email only
1826,Ian Harris-Brown,FI,Pirkanmaa,30-44,2024-01-18,1,Individual,Full
1827,Ricky Taylor,,Hovedstaden,45-59,2024-10-23,1,Individual,Full
1828,Jamie Barrett-Begum,SE,Uppsala,18-29,2022-03-15,5,Individual,Full
1829,Nicholas Hill,SE,Uppsala,18-29,2025-05-19,1,Individual,Full
1830,Molly Davis,,Uppsala,30-44,2022-05-16,3,Individual,Full
1831,Miss Molly Armstrong,FI,Uusimaa,30-44,2023-09-17,1,Individual,Full
1832,Dr Beth Williams,NO,Vestland,75+,2024-05-24,4,Individual,Email only
1833,Dr Francis Miller,FI,Uusimaa,18-29,2025-09-26,2,Individual,Full
1834,Mr Jason Haynes,,Midtjylland,30-44,2025-12-17,2,Individual,Full
1835,Duncan Thompson-Chan,FI,Uusimaa,75+,2022-05-14,5,Individual,Full
1836,Chloe Murphy,SE,Skåne,60-74,2025-01-14,5,Individual,Post only
1837,Andrew Williams,DK,Hovedstaden,18-29,2024-05-23,2,Individual,Email only
1838,Daniel Allen,NO,Trøndelag,30-44,2024-12-25,3,Individual,Full
1839,Dr Ricky Warren,FI,Pirkanmaa,30-44,2022-04-23,3,Individual,Full
1840,Martin Baker,DK,Hovedstaden,30-44,2024-07-01,2,Individual,Email only
1841,Mrs Joanna Kelly,FI,Pirkanmaa,60-74,2022-04-11,1,Individual,Full
1842,Gillian Wilson-Barnes,SE,Skåne,18-29,2022-03-07,7,Individual,Post only
1843,Dr Elliott Williams,FI,Varsinais-Suomi,30-44,2024-11-21,2,Individual,Full
1844,Darren Burgess,FI,Pohjois-Pohjanmaa,75+,2022-02-05,1,Trust,Full
1845,Jennifer Thomson,NO,Oslo,18-29,2024-12-21,1,Individual,Full
1846,Charlie Blake,DK,Midtjylland,45-59,2025-12-19,1,Individual,Email only
1847,Jamie Wallace,NO,Rogaland,45-59,2024-12-03,3,Individual,Full
1848,Tom Anderson,NO,Vestland,75+,2024-05-01,4,Individual,Full
1849,Shaun Woodward,NO,Trøndelag,30-44,2024-09-19,2,Individual,Full
1850,Miss Hollie Watson,SE,Stockholm,60-74,2025-10-04,4,Individual,Full
1851,Brandon Lynch,NO,Trøndelag,45-59,2024-02-18,1,Individual,Email only
1852,Stephen Shaw,FI,Varsinais-Suomi,45-59,2025-01-07,1,Individual,Full
1853,Julie Palmer,FI,Pirkanmaa,45-59,2023-12-20,1,Individual,Full
1854,Carl Jenkins,NO,Trøndelag,30-44,2024-01-31,1,Corporate,Email only
1855,Mrs Alison Simpson,NO,Trøndelag,45-59,2023-11-14,2,Individual,Full
1856,Mrs Rachel Reed,DK,Sjælland,75+,2024-12-15,1,Individual,Full
1857,Daniel Kirby,SE,Stockholm,60-74,2023-12-22,4,Individual,Email only
1858,Edward Morton-Robinson,FI,Pirkanmaa,60-74,2025-12-21,1,Individual,Full
1859,Ann Spencer-Edwards,FI,Pirkanmaa,75+,2022-04-06,3,Individual,Full
1860,Ms Jennifer Moore,SE,Stockholm,45-59,2023-06-26,2,Individual,Full
1861,Anna Patel,SE,Uppsala,45-59,2023-04-04,1,Individual,Email only
1862,Janice Howard,SE,Stockholm,60-74,2023-05-19,1,Individual,Full
1863,Mr Shane Thomas,NO,Vestland,75+,2022-09-09,2,Individual,Full
1864,Mrs Rita Collins,FI,Varsinais-Suomi,30-44,2022-12-09,1,Individual,Full
1865,Mr Brett Hartley,NO,Oslo,45-59,2023-03-11,2,Individual,Post only
1866,Nicholas Begum,SE,Uppsala,30-44,2025-08-21,1,Individual,Full
1867,Dr Amber Edwards,SE,Skåne,18-29,2023-12-05,1,Corporate,Email only
1868,Christopher Morgan,FI,Pohjois-Pohjanmaa,60-74,2024-12-22,3,Individual,Full
1869,Dean Simpson,SE,Skåne,30-44,2023-10-20,4,Individual,Full
1870,Mr Russell Morgan,FI,Pohjois-Pohjanmaa,18-29,2022-10-25,1,Corporate,Full
1871,Debra Reynolds,FI,Uusimaa,30-44,2024-08-06,1,Individual,Full
1872,Naomi Ford,DK,Sjælland,30-44,2023-12-22,1,Individual,Full
1873,Joyce King,FI,Pirkanmaa,45-59,2024-04-15,1,Individual,Full
1874,Garry Young,FI,Pirkanmaa,18-29,2024-12-26,5,Individual,Full
1875,Kate Gibbs,SE,Stockholm,30-44,2025-12-23,1,Individual,Full
1876,Elliot Talbot,SE,Stockholm,60-74,2023-11-24,4,Individual,Full
1877,Mrs Carole Walker,SE,Stockholm,30-44,2023-09-03,2,Individual,Email only
1878,Kate Webster,NO,Oslo,30-44,2022-04-21,6,Individual,Email only
1879,Ian Edwards,FI,Pirkanmaa,45-59,2024-02-19,2,Individual,Full
1880,Mrs Cheryl Bailey,FI,Pirkanmaa,30-44,2025-12-22,1,Corporate,Full
1881,Emily Ball,NO,Rogaland,45-59,2023-03-24,3,Individual,Full
1882,Ms Chloe Jones,FI,Pirkanmaa,45-59,2022-08-07,1,Individual,Full
1883,Marion Oliver,NO,Trøndelag,60-74,2023-12-06,1,Individual,Full
1884,Jason McDonald,FI,Varsinais-Suomi,60-74,2024-03-26,6,Individual,Full
1885,Ms Kerry Phillips,FI,Pirkanmaa,18-29,2024-12-06,4,Individual,Email only
1886,Mr Gregory Green,NO,Vestland,45-59,2022-11-15,2,Individual,Full
1887,Lewis Yates-Matthews,FI,Pohjois-Pohjanmaa,45-59,2022-06-25,7,Individual,Email only
1888,Heather Jarvis,FI,Pirkanmaa,30-44,2023-10-29,2,Individual,Full
1889,Mr Graham Bentley,FI,Uusimaa,45-59,2024-02-10,3,Individual,Email only
1890,Jean Holmes-Hammond,DK,Sjælland,30-44,2022-07-14,2,Individual,Full
1891,Elizabeth Sullivan,NO,Trøndelag,30-44,2025-02-06,2,Individual,Post only
1892,Ms Tracey Brooks,NO,Trøndelag,30-44,2023-12-02,1,Individual,Full
1893,Mary King,SE,Skåne,60-74,2025-01-21,1,Individual,Full
1894,Ruth Hall,FI,Pohjois-Pohjanmaa,45-59,2023-06-01,1,Individual,Full
1895,Mr Barry Stokes,FI,Pirkanmaa,75+,2023-01-05,1,Individual,Full
1896,Melanie Marsden,NO,Trøndelag,30-44,2023-07-13,1,Individual,Full
1897,Max Clark,FI,Uusimaa,45-59,2024-01-26,4,Individual,Email only
1898,Alexander Murray,FI,Pirkanmaa,45-59,2023-01-27,1,Individual,Full
1899,Kayleigh Howard-White,DK,Sjælland,18-29,2022-12-11,6,Individual,Full
1900,Nicholas Murphy,FI,Varsinais-Suomi,75+,2022-12-18,1,Individual,Full
1901,Mr Martin Wood,SE,Stockholm,60-74,2022-12-19,2,Individual,Full
1902,Mr Mitchell Douglas,SE,Uppsala,30-44,2023-02-11,2,Individual,Full
1903,Steven Gill,FI,Varsinais-Suomi,45-59,2023-03-10,1,Individual,Email only
1904,Kirsty Fleming,SE,Stockholm,45-59,2025-03-21,3,Individual,Full
1905,Ms Sarah Armstrong,NO,Rogaland,30-44,2024-04-17,1,Corporate,Full
1906,Leonard Patterson,FI,Pirkanmaa,75+,2023-12-18,1,Individual,Full
1907,Norman John,SE,Skåne,18-29,2025-12-17,5,Individual,Email only
1908,Oliver Patel,FI,Pohjois-Pohjanmaa,45-59,2022-12-11,1,Individual,Full
1909,Dr Leslie Burrows,DK,Sjælland,30-44,2023-09-09,2,Corporate,Full
1910,Steven Parry-Freeman,FI,Pohjois-Pohjanmaa,18-29,2023-04-30,2,Individual,Full
1911,Katie Clarke,DK,Hovedstaden,60-74,2023-12-13,1,Individual,Email only
1912,Dr Cheryl Thomas,FI,Pirkanmaa,18-29,2022-04-14,3,Corporate,Full
1913,Pamela Nelson,,Västra Götaland,30-44,2023-02-09,4,Individual,Full
1914,Mohamed Williams-Carter,SE,Västra Götaland,30-44,2025-03-22,1,Individual,Full
1915,Ms Barbara King,SE,Skåne,45-59,2022-06-03,4,Individual,Full
1916,Miss Sarah Hussain,DK,Syddanmark,45-59,2024-11-28,3,Individual,Email only
1917,Dominic Thompson,SE,Västra Götaland,30-44,2024-11-27,1,Individual,Full
1918,Angela Barnes,SE,Stockholm,30-44,2023-01-21,2,Individual,Full
1919,Miss Harriet Lyons,FI,Varsinais-Suomi,45-59,2023-05-02,1,Individual,Full
1920,Robert Bradley,FI,Pirkanmaa,75+,2022-02-17,4,Individual,Full
1921,Jane Russell,FI,Uusimaa,60-74,2024-10-30,1,Individual,Full
1922,Jodie Cross,FI,Pirkanmaa,18-29,2023-08-13,4,Individual,Full
1923,Hazel White,FI,Pohjois-Pohjanmaa,30-44,2025-08-20,5,Individual,Full
1924,Benjamin Marsden-Ellis,DK,Syddanmark,60-74,2024-09-27,6,Individual,Email only
1925,Mrs Margaret Cole,FI,Pirkanmaa,45-59,2023-04-16,1,Individual,Full
1926,Dr Brandon Wells,NO,Rogaland,60-74,2023-05-28,2,Individual,Post only
1927,Hayley Byrne,NO,Rogaland,45-59,2022-09-22,1,Individual,Full
1928,Dr Charles Dale,FI,Pohjois-Pohjanmaa,45-59,2024-10-28,5,Individual,Email only
1929,Pamela Hicks,NO,Trøndelag,75+,2023-05-06,1,Individual,Full
1930,Karl Harding-Fisher,DK,Syddanmark,60-74,2023-01-12,4,Individual,Post only
1931,Simon McCarthy,FI,Pohjois-Pohjanmaa,30-44,2022-01-25,5,Individual,Full
1932,Marc Lowe,NO,Rogaland,30-44,2025-03-18,2,Individual,Email only
1933,Gillian O'Connor,SE,Västra Götaland,45-59,2024-12-07,1,Individual,Full
1934,Dr Howard Davison,SE,Västra Götaland,45-59,2022-01-02,4,Individual,Full
1935,Marcus Connolly-Smith,SE,Västra Götaland,60-74,2024-12-22,6,Individual,Full
1936,Yvonne Singh,SE,Uppsala,18-29,2023-12-16,1,Individual,Full
1937,Natasha Barker,SE,Västra Götaland,18-29,2025-12-05,2,Individual,Full
1938,Jordan Brown,FI,Pohjois-Pohjanmaa,75+,2023-12-01,6,Individual,Email only
1939,Pauline Thompson,FI,Pirkanmaa,18-29,2022-12-09,1,Individual,Full
1940,Patrick Thomas,SE,Uppsala,45-59,2023-12-30,1,Individual,Full
1941,Leigh Dixon,FI,Varsinais-Suomi,30-44,2024-05-03,2,Corporate,Full
1942,Mr Russell Smith,NO,Rogaland,45-59,2023-09-29,1,Individual,Post only
1943,Mrs Paige Black,SE,Uppsala,60-74,2024-12-12,2,Individual,Full
1944,Mr Elliot Henry,DK,Syddanmark,30-44,2023-11-18,1,Individual,Post only
1945,Dr Harry Hunt,SE,Uppsala,60-74,2025-09-15,2,Individual,Full
1946,Kirsty Perkins,FI,Pohjois-Pohjanmaa,30-44,2025-12-27,1,Individual,Full
1947,Dr Mohammad Rogers,DK,Syddanmark,45-59,2024-12-19,1,Individual,Post only
1948,Diana Peacock,FI,Uusimaa,18-29,2022-02-20,1,Individual,Full
1949,Bryan Mitchell,DK,Syddanmark,30-44,2024-08-02,1,Individual,Full
1950,Miss Leanne Jones,SE,Västra Götaland,60-74,2025-10-07,1,Individual,Post only
1951,Lynda Miller,FI,Pohjois-Pohjanmaa,60-74,2022-03-22,2,Individual,Full
1952,Bradley Wilson,SE,Uppsala,45-59,2023-12-09,1,Individual,Post only
1953,Mrs Denise Holt,FI,Varsinais-Suomi,18-29,2023-07-12,4,Individual,Full
1954,Ian Robinson,FI,Pirkanmaa,60-74,2024-06-05,1,Individual,Full
1955,Leonard Gill,FI,Pohjois-Pohjanmaa,60-74,2022-11-14,2,Corporate,Full
1956,Terry Brown,FI,Varsinais-Suomi,75+,2024-07-31,1,Individual,Email only
1957,Ms Laura Smith,FI,Varsinais-Suomi,45-59,2022-10-01,4,Individual,Full
1958,Jill Franklin,NO,Oslo,45-59,2022-08-02,4,Individual,Full
1959,Dr Norman Williams,FI,Pohjois-Pohjanmaa,60-74,2025-10-22,2,Individual,Email only
1960,Victor Robinson-Randall,NO,Vestland,60-74,2024-11-02,4,Individual,Full
1961,Dr Vincent Roberts,SE,Uppsala,30-44,2023-03-19,4,Individual,Full
1962,Holly Ward,FI,Varsinais-Suomi,30-44,2022-10-10,1,Individual,Full
1963,Maurice Payne,FI,Pohjois-Pohjanmaa,75+,2024-12-26,2,Individual,Post only
1964,Dr Gemma Smith,FI,Pohjois-Pohjanmaa,30-44,2023-03-15,5,Individual,Full
1965,Dr Sean Kaur,DK,Sjælland,18-29,2023-09-15,2,Individual,Full
1966,Georgia Hartley-McDonald,DK,Midtjylland,60-74,2023-12-06,2,Individual,Full
1967,Dean Cooper,SE,Uppsala,45-59,2022-02-22,2,Individual,Full
1968,Francesca Miles,,Skåne,45-59,2023-01-01,1,Individual,Full
1969,Christopher Yates,SE,Västra Götaland,45-59,2024-11-30,2,Individual,Full
1970,Andrea Smith-Thompson,SE,Uppsala,45-59,2022-04-14,2,Individual,Email only
1971,Miss Elaine Stone,SE,Uppsala,60-74,2022-08-08,3,Individual,Full
1972,Shaun Murphy,FI,Pirkanmaa,30-44,2023-04-12,5,Individual,Full
1973,Stanley Flynn,SE,Stockholm,75+,2022-03-26,2,Individual,Full
1974,Dr Shane Smith,FI,Uusimaa,18-29,2024-04-23,3,Individual,Full
1975,William Austin,FI,Pirkanmaa,18-29,2024-09-26,1,Individual,Full
1976,Deborah Bennett,FI,Pohjois-Pohjanmaa,30-44,2024-08-28,4,Individual,Full
1977,Dr Matthew Wade,FI,Uusimaa,30-44,2022-11-29,1,Individual,Full
1978,Holly Morgan-Kemp,NO,Oslo,60-74,2024-12-16,2,Individual,Full
1979,Leigh Young,FI,Varsinais-Suomi,60-74,2025-12-19,1,Individual,Email only
1980,Naomi Jones,FI,Pirkanmaa,60-74,2023-09-05,1,Individual,Full
1981,Sharon King,NO,Trøndelag,60-74,2023-11-13,6,Individual,Full
1982,Alex Webster,FI,Pirkanmaa,75+,2024-05-13,1,Corporate,Full
1983,Mr David Allen,SE,Uppsala,75+,2022-02-28,2,Individual,Full
1984,Bradley Herbert,NO,Oslo,60-74,2022-11-06,2,Individual,Email only
1985,Mrs Stephanie Jordan,FI,Varsinais-Suomi,30-44,2025-12-03,2,Individual,Full
1986,Dr Mary Arnold,SE,Västra Götaland,30-44,2023-08-16,1,Individual,Full
1987,Ross Baker,FI,Pohjois-Pohjanmaa,30-44,2024-03-23,2,Individual,Full
1988,Miss Amanda Haynes,FI,Varsinais-Suomi,75+,2024-08-07,3,Individual,Full
1989,Ms Annette Watkins,FI,Varsinais-Suomi,18-29,2022-03-28,1,Individual,Full
1990,Jacob Riley,FI,Pohjois-Pohjanmaa,75+,2024-11-25,2,Individual,Full
1991,Mrs Kim Griffin,FI,Pirkanmaa,60-74,2023-04-22,1,Individual,Email only
1992,Howard Evans,FI,Uusimaa,60-74,2023-01-30,3,Individual,Full
1993,Nigel Robson,FI,Uusimaa,45-59,2023-05-27,1,Individual,Email only
1994,Mr Wayne Hawkins,NO,Vestland,60-74,2023-03-15,2,Individual,Full
1995,Roy Smith,DK,Hovedstaden,75+,2022-08-08,1,Individual,Email only
1996,Abdul Hardy,FI,Pohjois-Pohjanmaa,18-29,2023-08-27,1,Individual,Full
1997,Miss Natasha Byrne,NO,Vestland,18-29,2024-12-10,2,Individual,Full
1998,Dr Angela Singh,NO,Oslo,60-74,2022-01-16,6,Individual,Full
1999,Mary Barker,FI,Pohjois-Pohjanmaa,45-59,2022-07-20,1,Individual,Full
2000,Mr Craig Field,FI,Pohjois-Pohjanmaa,18-29,2022-06-29,2,Individual,Email only
2001,Mrs Heather Blake,DK,Hovedstaden,18-29,2022-06-29,4,Individual,Full
2002,Dr Callum Wood,FI,Varsinais-Suomi,45-59,2023-12-12,2,Individual,Full
2003,Gerald Smith,NO,Rogaland,45-59,2025-10-17,1,Individual,Full
2004,Dr Georgina Ellis,FI,Varsinais-Suomi,30-44,2025-07-06,1,Individual,Full
2005,Francesca Cook-Brady,FI,Varsinais-Suomi,30-44,2024-12-29,1,Individual,Full
2006,Mrs Amy Parkes,NO,Oslo,30-44,2024-12-15,4,Individual,Full
2007,Annette Kemp,NO,Vestland,60-74,2024-05-12,1,Individual,Full
2008,Miss Maria Clarke,SE,Västra Götaland,30-44,2025-04-21,1,Individual,Full
2009,Yvonne Doyle,DK,Sjælland,45-59,2023-12-04,3,Individual,Post only
2010,Aimee Smith,NO,Rogaland,60-74,2023-01-25,1,Individual,Email only
2011,Ms Caroline Jones,FI,Varsinais-Suomi,30-44,2025-12-09,1,Individual,Full
2012,Henry Allen-Johnson,DK,Sjælland,18-29,2024-03-16,1,Individual,Full
2013,William Wong-Sharp,NO,Trøndelag,18-29,2023-12-12,1,Individual,Full
2014,Donald Cox,SE,Västra Götaland,60-74,2022-05-16,2,Individual,Post only
2015,Raymond Cole-Kerr,SE,Skåne,75+,2023-12-14,1,Individual,Full
2016,Dawn Clarke-Murphy,SE,Västra Götaland,45-59,2023-12-19,1,Individual,Email only
2017,Harry O'Brien,FI,Uusimaa,18-29,2023-09-26,1,Individual,Full
2018,Dr Benjamin Smith,FI,Varsinais-Suomi,60-74,2022-12-25,2,Individual,Full
2019,Owen Nicholson,NO,Oslo,18-29,2023-05-13,4,Corporate,Full
2020,Judith Robinson,FI,Pirkanmaa,45-59,2024-01-30,1,Individual,Full
2021,Sian Leonard,FI,Pohjois-Pohjanmaa,30-44,2022-12-23,2,Individual,Full
2022,Mrs Karen Horton,SE,Stockholm,45-59,2022-06-28,6,Individual,Full
2023,Heather Thomas-Miller,DK,Sjælland,60-74,2024-06-30,5,Individual,Post only
2024,Dr Aaron Thornton,NO,Trøndelag,75+,2025-01-27,1,Individual,Full
2025,Tina Jones,SE,Västra Götaland,60-74,2023-02-09,2,Individual,Post only
2026,Joanne Mason,FI,Uusimaa,30-44,2025-08-23,2,Corporate,Full
2027,Clive Walton,FI,Uusimaa,75+,2022-09-19,1,Individual,Email only
2028,Ms Jennifer Cooke,,Varsinais-Suomi,60-74,2024-12-07,6,Individual,Email only
2029,Louise Ward,FI,Pirkanmaa,45-59,2025-08-01,1,Individual,Full
2030,Mrs Irene Lewis,FI,Uusimaa,30-44,2024-10-29,1,Individual,Email only
2031,Edward Lee,FI,Varsinais-Suomi,75+,2025-07-25,2,Individual,Email only
2032,Annette Hall,FI,Uusimaa,18-29,2024-08-07,4,Individual,Full
2033,Graeme Griffin,FI,Uusimaa,75+,2024-01-25,1,Individual,Full
2034,Amelia Chamberlain,,Rogaland,45-59,2022-09-26,2,Individual,Full
2035,Catherine Richards,FI,Uusimaa,60-74,2024-12-06,4,Individual,Full
2036,Julia Taylor-Leonard,FI,Uusimaa,45-59,2024-12-13,2,Individual,Email only
2037,Luke Robinson,FI,Pirkanmaa,45-59,2023-04-11,1,Individual,Full
2038,Dr Gary Blackburn,NO,Vestland,30-44,2024-12-10,3,Individual,Full
2039,June Green,SE,Stockholm,30-44,2024-12-26,2,Individual,Full
2040,Mary Parker,SE,Uppsala,30-44,2022-08-18,2,Individual,Full
2041,Craig Barrett,FI,Pohjois-Pohjanmaa,30-44,2024-04-17,3,Individual,Full
2042,Jennifer Pritchard,NO,Rogaland,45-59,2024-04-24,1,Individual,Full
2043,Dr Simon Sheppard,SE,Uppsala,18-29,2024-05-02,3,Individual,Full
2044,Dr Stanley North,SE,Västra Götaland,75+,2023-12-05,2,Individual,Post only
2045,Bruce Patel,DK,Midtjylland,45-59,2023-06-25,4,Individual,Post only
2046,Melissa Allen,FI,Varsinais-Suomi,18-29,2022-04-14,1,Individual,Full
2047,Dr Scott Gibson,FI,Pirkanmaa,45-59,2024-12-09,2,Individual,Full
2048,Mr Garry Davies,SE,Skåne,75+,2025-12-26,1,Individual,Full
2049,Glenn Smith,DK,Syddanmark,45-59,2024-12-27,1,Individual,Full
2050,Natasha Wood,FI,Uusimaa,18-29,2025-12-13,6,Individual,Full
2051,Joanne Baker-Elliott,NO,Vestland,45-59,2025-11-07,3,Individual,Post only
2052,Dr Nicole Clark,SE,Skåne,45-59,2023-02-06,1,Individual,Email only
2053,Mr Howard Stevenson,FI,Varsinais-Suomi,75+,2022-12-09,6,Individual,Full
2054,Dr Glen James,NO,Oslo,60-74,2024-12-06,4,Trust,Full
2055,Kathryn Shepherd-Kennedy,SE,Stockholm,30-44,2025-05-06,2,Corporate,Full
2056,Sam Foster,SE,Uppsala,60-74,2022-12-12,5,Individual,Email only
2057,Mr Mohammad Williams,DK,Sjælland,30-44,2022-06-07,1,Individual,Full
2058,Mathew Jones,NO,Trøndelag,60-74,2025-12-06,4,Individual,Full
2059,Mr Leon Wright,SE,Västra Götaland,18-29,2025-11-13,1,Individual,Full
2060,Margaret Mann-Jones,NO,Vestland,60-74,2022-08-04,1,Individual,Full
2061,Laura Scott,NO,Rogaland,60-74,2025-10-09,1,Individual,Email only
2062,Ms Ann Harris,DK,Hovedstaden,18-29,2025-12-22,1,Individual,Full
2063,Mr Reece Miller,SE,Uppsala,45-59,2022-11-28,4,Individual,Email only
2064,Craig Holmes,FI,Uusimaa,75+,2024-12-10,1,Individual,Full
2065,Miss Jacqueline Walker,SE,Stockholm,30-44,2024-09-08,1,Individual,Full
2066,Brett Khan-Jones,FI,Uusimaa,30-44,2024-03-03,6,Individual,Full
2067,Jennifer Taylor,DK,Midtjylland,45-59,2024-12-30,5,Individual,Full
2068,Ms Hollie Harris,SE,Uppsala,45-59,2025-10-21,1,Individual,Full
2069,Lawrence Nash,FI,Varsinais-Suomi,75+,2022-12-28,1,Individual,Full
2070,Joseph Watts,,Oslo,60-74,2024-02-03,1,Corporate,Full
2071,Kerry Hughes-Edwards,NO,Oslo,30-44,2025-09-06,2,Individual,Full
2072,Marilyn Carr-Slater,DK,Sjælland,60-74,2024-12-26,2,Trust,Full
2073,Roger Butler-Young,FI,Pohjois-Pohjanmaa,45-59,2023-11-22,4,Individual,Full
2074,Miss Naomi Matthews,SE,Stockholm,18-29,2022-04-24,1,Individual,Full
2075,Dr Kenneth Stevens,FI,Uusimaa,75+,2025-12-27,4,Individual,Full
2076,Dr Lorraine Johnston,NO,Rogaland,30-44,2024-12-26,1,Individual,Email only
2077,Mary Wilkinson-Hodgson,NO,Oslo,45-59,2023-12-31,7,Corporate,Full
2078,Shirley White,NO,Vestland,60-74,2022-01-29,1,Individual,Full
2079,Mr Owen Gordon,FI,Uusimaa,30-44,2022-01-16,5,Individual,Full
2080,Damian Hall,SE,Stockholm,45-59,2025-03-30,1,Individual,Post only
2081,Miss Caroline Gibbs,DK,Syddanmark,60-74,2023-12-02,2,Individual,Full
2082,Dr Kieran Smith,FI,Uusimaa,60-74,2025-10-20,2,Individual,Full
2083,Vanessa Ali,SE,Skåne,45-59,2024-12-28,4,Individual,Full
2084,Russell Hall-Randall,SE,Stockholm,45-59,2025-05-06,2,Individual,Email only
2085,Kimberley Williams-Warren,FI,Pohjois-Pohjanmaa,45-59,2025-08-07,1,Individual,Post only
2086,Dr Martyn Clark,SE,Västra Götaland,18-29,2022-12-11,2,Individual,Full
2087,Heather Jones,FI,Varsinais-Suomi,60-74,2024-10-17,2,Individual,Full
2088,Gemma Smith,FI,Pohjois-Pohjanmaa,45-59,2023-11-11,2,Individual,Full
2089,Fiona Wallace,SE,Västra Götaland,30-44,2022-09-23,1,Individual,Full
2090,Ms Julie Smith,SE,Västra Götaland,30-44,2025-11-25,3,Individual,Full
2091,Miss Caroline Long,DK,Midtjylland,18-29,2022-02-09,1,Individual,Full
2092,Molly Fraser,SE,Stockholm,18-29,2023-11-07,4,Individual,Full
2093,Roy Davies-Clarke,DK,Sjælland,60-74,2023-08-15,5,Individual,Email only
2094,Joan Harvey,DK,Midtjylland,45-59,2024-04-27,2,Individual,Full
2095,Dr Samuel Smith,FI,Uusimaa,30-44,2024-03-19,1,Individual,Full
2096,Christopher O'Neill,SE,Stockholm,75+,2022-04-15,2,Individual,Full
2097,Kyle Leach,SE,Stockholm,30-44,2025-08-21,3,Individual,Full
2098,Dr Marie Gregory,,Uppsala,75+,2023-12-30,1,Corporate,Full
2099,Rebecca Marshall,FI,Uusimaa,18-29,2022-07-19,1,Individual,Full
2100,Stanley Williams,NO,Rogaland,30-44,2022-12-25,1,Corporate,Full
2101,Steven Smith,FI,Uusimaa,60-74,2022-02-22,3,Individual,Email only
2102,Allan Woods,FI,Uusimaa,18-29,2025-03-06,5,Individual,Full
2103,Ms Hollie Davis,FI,Uusimaa,30-44,2025-08-19,3,Individual,Email only
2104,Mark Nixon,FI,Varsinais-Suomi,18-29,2023-12-10,4,Individual,Email only
2105,Jean Hall-Price,SE,Stockholm,45-59,2023-12-06,1,Individual,Email only
2106,Mrs Deborah Allan,FI,Varsinais-Suomi,30-44,2022-05-26,4,Individual,Full
2107,Miss Chloe Smith,SE,Västra Götaland,30-44,2025-04-22,1,Individual,Full
2108,Dr Mary Lawrence,SE,Västra Götaland,45-59,2025-02-20,2,Trust,Full
2109,Ms Geraldine Butcher,NO,Rogaland,60-74,2025-06-17,1,Individual,Full
2110,Leigh Rogers,NO,Trøndelag,45-59,2023-04-21,6,Individual,Full
2111,Dr Julian Williams,FI,Uusimaa,18-29,2025-08-28,4,Individual,Email only
2112,Dr Jacob Harris,SE,Uppsala,75+,2025-10-22,2,Individual,Full
2113,Ms Brenda Barnett,SE,Stockholm,30-44,2025-05-22,1,Individual,Email only
2114,Dr Callum Wilkins,SE,Skåne,18-29,2025-12-29,1,Individual,Full
2115,Jeffrey Taylor,FI,Pirkanmaa,75+,2022-11-06,2,Individual,Full
2116,Dr Victor Murphy,NO,Oslo,75+,2022-12-26,6,Individual,Full
2117,Christopher Newton-Macdonald,SE,Skåne,30-44,2022-12-30,5,Corporate,Full
2118,Anne Sharp,FI,Varsinais-Suomi,45-59,2022-08-12,1,Individual,Full
2119,Francesca Alexander-Gibson,FI,Pirkanmaa,30-44,2023-08-26,3,Individual,Full
2120,Dr Jayne Thompson,FI,Uusimaa,18-29,2024-11-11,1,Individual,Full
2121,Dr Christopher Ellis,FI,Pirkanmaa,30-44,2022-09-13,2,Individual,Full
2122,Miss Karen Summers,DK,Midtjylland,45-59,2024-01-06,3,Individual,Full
2123,Ross Thomas,SE,Stockholm,30-44,2022-03-26,3,Individual,Full
2124,Francis Roberts,FI,Uusimaa,45-59,2022-01-05,4,Individual,Full
2125,Vincent Gould,SE,Stockholm,45-59,2025-10-26,3,Individual,Email only
2126,Duncan Howarth,FI,Pohjois-Pohjanmaa,45-59,2024-02-19,1,Individual,Full
2127,Mrs Jill Mason,SE,Uppsala,45-59,2024-12-22,2,Individual,Email only
2128,Mark Ward,NO,Vestland,60-74,2024-12-23,1,Individual,Full
2129,Victoria Harris-Davies,FI,Pirkanmaa,45-59,2023-03-02,6,Individual,Full
2130,Derek Baker-Ingram,NO,Oslo,45-59,2025-11-15,2,Individual,Post only
2131,Sally Hall,FI,Varsinais-Suomi,45-59,2025-12-07,5,Individual,Full
2132,Jasmine Sanders,FI,Uusimaa,45-59,2025-04-15,4,Individual,Email only
2133,Dr Melanie Kay,NO,Rogaland,60-74,2023-09-22,1,Individual,Full
2134,Helen Hughes,FI,Varsinais-Suomi,60-74,2023-10-04,1,Individual,Post only
2135,Leah Hobbs,NO,Trøndelag,18-29,2025-09-22,2,Individual,Email only
2136,Nicole Williams-Stevens,FI,Varsinais-Suomi,30-44,2024-05-28,4,Individual,Full
2137,Dr Derek Parkes,DK,Sjælland,30-44,2024-12-20,2,Individual,Full
2138,Leigh Wood,,Uppsala,18-29,2023-03-18,1,Individual,Full
2139,Katie Jones,FI,Pirkanmaa,60-74,2025-03-03,1,Individual,Full
2140,Christine Woods,FI,Uusimaa,18-29,2023-07-31,4,Individual,Full
2141,Paul Harper-Smith,FI,Varsinais-Suomi,30-44,2022-12-24,6,Individual,Full
2142,Melissa Johnson,FI,Varsinais-Suomi,75+,2022-12-01,6,Individual,Full
2143,Jacob Stewart-Bailey,NO,Trøndelag,75+,2024-12-06,4,Individual,Full
2144,Nicole Powell-Lee,FI,Pohjois-Pohjanmaa,75+,2023-08-06,1,Individual,Full
2145,Nigel Bryant,FI,Pohjois-Pohjanmaa,45-59,2022-10-18,2,Individual,Full
2146,Joanne Warner,FI,Pohjois-Pohjanmaa,18-29,2025-02-02,5,Individual,Full
2147,Terry Peacock,SE,Västra Götaland,45-59,2025-12-08,1,Individual,Full
2148,Lisa Davies,SE,Stockholm,45-59,2025-12-13,2,Individual,Post only
2149,Sylvia Jones,DK,Syddanmark,75+,2024-11-27,1,Individual,Full
2150,Gordon Bennett,SE,Skåne,60-74,2023-02-09,2,Individual,Full
2151,Leanne Owen-Slater,FI,Pohjois-Pohjanmaa,45-59,2023-03-10,2,Individual,Full
2152,Elizabeth Singh,NO,Trøndelag,60-74,2023-12-19,6,Individual,Full
2153,Rosie Davey,FI,Uusimaa,60-74,2022-03-11,4,Individual,Email only
2154,Diana Lynch,FI,Uusimaa,18-29,2023-10-08,1,Individual,Full
2155,Mr Justin Edwards,SE,Skåne,60-74,2022-01-16,2,Individual,Post only
2156,Clive Griffin,FI,Pirkanmaa,45-59,2023-02-04,4,Individual,Post only
2157,Ashleigh Williams,FI,Uusimaa,75+,2023-12-16,3,Individual,Full
2158,Albert Smith,SE,Uppsala,45-59,2024-07-19,2,Individual,Email only
2159,Mr Justin Thomson,FI,Pohjois-Pohjanmaa,60-74,2025-08-16,1,Individual,Post only
2160,Mrs Cheryl White,SE,Uppsala,30-44,2022-11-10,5,Individual,Full
2161,Patricia Allen,DK,Sjælland,60-74,2023-10-11,1,Individual,Email only
2162,Christine Carter,SE,Stockholm,45-59,2025-12-30,5,Individual,Post only
2163,Jenna Allen,SE,Uppsala,75+,2023-12-01,1,Individual,Full
2164,Shaun Daly,FI,Uusimaa,60-74,2025-09-02,1,Individual,Post only
2165,Valerie Cook,FI,Varsinais-Suomi,18-29,2022-08-20,4,Individual,Full
2166,Suzanne Evans-Day,NO,Rogaland,18-29,2023-04-15,1,Individual,Email only
2167,Allan Henderson,FI,Pohjois-Pohjanmaa,60-74,2023-10-23,6,Individual,Full
2168,Dr Robin Kerr,FI,Pohjois-Pohjanmaa,30-44,2022-09-06,3,Corporate,Full
2169,Ashleigh Davis,,Midtjylland,60-74,2022-09-24,2,Individual,Full
2170,Dale Smith-Morrison,FI,Uusimaa,60-74,2023-09-04,6,Individual,Post only
2171,Donald Smith,FI,Pirkanmaa,18-29,2022-12-29,1,Corporate,Email only
2172,Mr Damien Adams,FI,Varsinais-Suomi,45-59,2022-12-26,4,Individual,Post only
2173,Rachael Chambers,SE,Västra Götaland,60-74,2023-08-23,1,Individual,Full
2174,Dr Glen Turner,FI,Uusimaa,45-59,2023-12-23,1,Individual,Post only
2175,Sandra Kaur,SE,Västra Götaland,60-74,2024-12-03,4,Individual,Full
2176,Victoria Conway,NO,Trøndelag,60-74,2023-10-10,4,Individual,Full
2177,Mr Gregory Smith,SE,Stockholm,75+,2024-05-05,2,Individual,Full
2178,Kerry James,FI,Varsinais-Suomi,75+,2025-11-23,1,Individual,Full
2179,Gail Lee,,Västra Götaland,60-74,2023-01-22,3,Individual,Full
2180,Chelsea Macdonald,FI,Varsinais-Suomi,60-74,2022-12-08,1,Individual,Full
2181,Sandra Peters,SE,Uppsala,45-59,2024-10-16,2,Individual,Post only
2182,Trevor Cross-Turner,,Pohjois-Pohjanmaa,75+,2025-04-16,1,Individual,Email only
2183,Dr Wayne Sanderson,FI,Uusimaa,30-44,2023-03-27,1,Individual,Full
2184,Rhys Kay,FI,Pirkanmaa,30-44,2025-03-25,1,Individual,Post only
2185,Dr Geoffrey Perry,DK,Sjælland,30-44,2023-05-30,3,Individual,Full
2186,Mr Alexander Cox,SE,Uppsala,45-59,2022-12-08,2,Individual,Full
2187,Ryan Wilkins,SE,Uppsala,75+,2025-04-15,2,Individual,Full
2188,Victor McCarthy-Matthews,DK,Syddanmark,60-74,2025-02-15,3,Individual,Full
2189,Miss Joanne Thompson,FI,Pohjois-Pohjanmaa,30-44,2023-07-10,4,Individual,Full
2190,Simon Phillips,FI,Varsinais-Suomi,45-59,2023-05-02,4,Individual,Full
2191,Ms Diane Grant,FI,Uusimaa,75+,2025-08-04,4,Individual,Email only
2192,Miss Hannah Schofield,FI,Varsinais-Suomi,45-59,2025-06-16,4,Individual,Full
2193,Miss Nicole Perry,FI,Uusimaa,18-29,2024-10-15,4,Corporate,Full
2194,Dr Joel Green,NO,Oslo,45-59,2023-04-26,4,Individual,Post only
2195,Leon Harding,FI,Varsinais-Suomi,75+,2025-01-14,2,Individual,Full
2196,Richard Khan,FI,Uusimaa,18-29,2024-06-18,1,Individual,Email only
2197,Dr Christine Shepherd,FI,Pohjois-Pohjanmaa,60-74,2023-02-17,1,Individual,Post only
2198,Mr Michael Sharp,FI,Pohjois-Pohjanmaa,60-74,2024-10-05,4,Individual,Full
2199,Pamela Baxter,DK,Sjælland,75+,2023-09-30,4,Individual,Full
2200,Ashleigh Gibson-Jones,SE,Västra Götaland,45-59,2024-01-27,1,Individual,Full
2201,Gregory Dobson,,Oslo,45-59,2023-10-22,2,Individual,Full
2202,Liam Dickinson,DK,Sjælland,18-29,2024-11-18,2,Individual,Email only
2203,Lewis Taylor,NO,Trøndelag,30-44,2024-11-11,1,Individual,Full
2204,Mandy Richardson,SE,Stockholm,30-44,2023-11-16,4,Individual,Full
2205,Mr Thomas Webb,SE,Stockholm,45-59,2022-11-08,1,Individual,Full
2206,Sharon Edwards,FI,Varsinais-Suomi,60-74,2025-01-01,1,Individual,Full
2207,Douglas Bennett-Kelly,FI,Pirkanmaa,30-44,2022-04-03,2,Individual,Full
2208,Brett Daniels,SE,Skåne,60-74,2023-09-07,1,Individual,Post only
2209,Wayne Hunt,SE,Uppsala,45-59,2022-03-23,5,Individual,Full
2210,Roy Connor,SE,Skåne,60-74,2025-12-10,2,Individual,Full
2211,Megan Hunt,FI,Varsinais-Suomi,45-59,2025-04-21,6,Individual,Post only
2212,Leon Barnes,SE,Västra Götaland,18-29,2023-12-28,4,Individual,Full
2213,Brandon Bailey,FI,Uusimaa,30-44,2022-08-13,1,Individual,Email only
2214,Anna Kay,SE,Stockholm,18-29,2022-02-15,1,Individual,Full
2215,Mr Alex Jones,DK,Hovedstaden,60-74,2022-11-25,2,Individual,Full
2216,Gareth Bartlett,FI,Pohjois-Pohjanmaa,30-44,2024-12-25,4,Individual,Full
2217,Ms Stacey Taylor,FI,Pirkanmaa,30-44,2024-11-29,2,Individual,Full
2218,Annette Graham,NO,Rogaland,60-74,2024-07-20,2,Individual,Full
2219,Karl Fox,FI,Uusimaa,45-59,2025-10-03,1,Individual,Full
2220,Anne Moore-Doherty,SE,Västra Götaland,60-74,2023-01-17,1,Individual,Full
2221,Kevin Davison,SE,Skåne,30-44,2025-12-25,2,Individual,Post only
2222,Maria Wall,FI,Varsinais-Suomi,60-74,2023-04-13,1,Individual,Full
2223,Mrs Ellie King,SE,Stockholm,60-74,2022-11-16,1,Corporate,Post only
2224,Lynne Sutton,NO,Oslo,60-74,2023-12-22,1,Individual,Full
2225,Ms Dorothy Kemp,SE,Uppsala,30-44,2022-12-24,2,Individual,Full
2226,Mr Harry Robinson,SE,Stockholm,18-29,2023-01-05,3,Individual,Full
2227,Christian Ford,FI,Pohjois-Pohjanmaa,45-59,2022-12-10,2,Individual,Email only
2228,Carole Vaughan,,Varsinais-Suomi,30-44,2024-05-26,2,Corporate,Full
2229,Mr Trevor Collins,SE,Uppsala,18-29,2022-12-15,3,Individual,Email only
2230,Conor Kelly-Dale,SE,Skåne,75+,2023-04-03,1,Individual,Full
2231,Elaine Carr,FI,Uusimaa,18-29,2025-09-08,6,Individual,Full
2232,Miss Lauren Herbert,SE,Västra Götaland,60-74,2022-09-20,1,Individual,Full
2233,Stuart Buckley,SE,Uppsala,45-59,2025-01-07,7,Individual,Full
2234,Bethan Bennett,DK,Hovedstaden,60-74,2022-10-13,1,Trust,Full
2235,Stephen Davies,FI,Pirkanmaa,60-74,2025-08-30,5,Corporate,Email only
2236,Mohamed King-Ali,FI,Pirkanmaa,75+,2023-02-10,1,Individual,Full
2237,Carolyn Franklin-Pearce,SE,Uppsala,30-44,2025-12-26,1,Individual,Full
2238,Jodie Wood,NO,Oslo,60-74,2024-03-16,2,Individual,Full
2239,Mr Elliott Knight,DK,Sjælland,45-59,2025-12-29,1,Corporate,Full
2240,Caroline Evans-Humphreys,NO,Trøndelag,18-29,2022-12-28,1,Individual,Full
2241,Jayne Anderson,NO,Trøndelag,45-59,2023-02-08,1,Individual,Full
2242,Vincent Harding,SE,Stockholm,60-74,2025-06-14,6,Individual,Full
2243,Dr Marilyn Berry,SE,Västra Götaland,45-59,2023-12-28,4,Trust,Full
2244,Paul Norris-Roberts,SE,Skåne,45-59,2024-08-26,2,Individual,Full
2245,Rosie Walker-Wong,SE,Uppsala,45-59,2023-07-27,2,Individual,Full
2246,Joanne Carr,NO,Rogaland,30-44,2024-12-27,1,Individual,Full
2247,Dr Valerie Kerr,FI,Uusimaa,30-44,2025-11-10,1,Individual,Full
2248,Janice Parker,NO,Oslo,60-74,2025-07-15,6,Individual,Full
2249,Dr Vincent Sutton,SE,Skåne,45-59,2022-12-20,6,Corporate,Full
2250,Norman Edwards,SE,Skåne,60-74,2024-10-01,3,Individual,Email only
2251,Mr Clive Turner,FI,Pohjois-Pohjanmaa,30-44,2022-05-07,4,Individual,Full
2252,Mr Martyn Hawkins,NO,Rogaland,60-74,2024-01-16,1,Individual,Full
2253,Luke Parker,FI,Pohjois-Pohjanmaa,30-44,2022-01-09,2,Individual,Full
2254,Elaine Brown,FI,Pohjois-Pohjanmaa,30-44,2023-04-17,2,Individual,Post only
2255,Mr Eric Smith,FI,Uusimaa,30-44,2024-03-10,1,Individual,Email only
2256,Eileen Price-Wood,SE,Skåne,75+,2022-05-02,2,Individual,Full
2257,Amy Wyatt-Webb,NO,Rogaland,60-74,2023-04-19,1,Individual,Email only
2258,Dr Kirsty Hawkins,FI,Pohjois-Pohjanmaa,60-74,2024-08-19,5,Individual,Full
2259,Shaun Robinson,FI,Pohjois-Pohjanmaa,45-59,2024-03-30,1,Individual,Full
2260,Joyce Ahmed,FI,Varsinais-Suomi,75+,2022-06-12,2,Individual,Email only
2261,Phillip Thompson,DK,Syddanmark,45-59,2025-04-06,3,Trust,Full
2262,Mrs Jemma Evans,FI,Pohjois-Pohjanmaa,45-59,2023-04-13,5,Individual,Full
2263,Ruth Brown,FI,Varsinais-Suomi,45-59,2025-06-19,7,Corporate,Full
2264,Elliot Jones-Jones,DK,Hovedstaden,18-29,2025-03-25,1,Individual,Full
2265,Dr Mohammad Stevens,FI,Uusimaa,30-44,2024-12-17,1,Corporate,Email only
2266,Mrs Sheila Douglas,NO,Trøndelag,60-74,2025-09-13,1,Individual,Full
2267,Nicole Knowles,SE,Västra Götaland,60-74,2025-04-26,6,Individual,Full
2268,Lynn Hodgson,FI,Uusimaa,30-44,2022-11-17,2,Individual,Full
2269,Sarah Dunn-Williamson,DK,Sjælland,30-44,2025-12-19,1,Individual,Full
2270,Julian Schofield,FI,Uusimaa,18-29,2025-02-26,1,Individual,Email only
2271,Christine James,DK,Hovedstaden,18-29,2025-01-05,2,Individual,Full
2272,Vanessa Thomson,SE,Västra Götaland,30-44,2023-11-16,2,Trust,Full
2273,Susan Barry,SE,Uppsala,60-74,2023-09-17,6,Individual,Email only
2274,Teresa Shepherd,FI,Pirkanmaa,45-59,2023-05-04,4,Individual,Full
2275,Aaron Byrne,NO,Trøndelag,60-74,2025-11-07,4,Individual,Post only
2276,Margaret Morgan,SE,Skåne,60-74,2023-04-16,1,Individual,Full
2277,Grace Young-Griffiths,FI,Pohjois-Pohjanmaa,18-29,2022-02-01,2,Individual,Post only
2278,Owen Long,FI,Pohjois-Pohjanmaa,45-59,2025-01-03,6,Corporate,Full
2279,Miss Margaret Morgan,FI,Varsinais-Suomi,60-74,2024-03-21,1,Individual,Email only
2280,Jack Smith,FI,Varsinais-Suomi,30-44,2023-06-03,2,Individual,Full
2281,Connor Welch,NO,Rogaland,30-44,2023-12-13,2,Individual,Full
2282,Rachel Franklin-Gray,FI,Varsinais-Suomi,60-74,2023-07-28,2,Individual,Email only
2283,Dr Aaron Roberts,NO,Oslo,75+,2024-05-17,2,Individual,Email only
2284,Kyle Edwards-Kent,,Västra Götaland,30-44,2024-02-24,2,Trust,Email only
2285,Patricia Richardson,FI,Pirkanmaa,30-44,2025-04-20,1,Individual,Email only
2286,Shannon Hancock,SE,Stockholm,60-74,2024-12-26,4,Individual,Email only
2287,Dr Kim Holden,DK,Hovedstaden,45-59,2025-02-23,3,Individual,Full
2288,Aimee Lynch,NO,Vestland,45-59,2023-12-04,1,Individual,Full
2289,Melanie Wilkinson,FI,Pirkanmaa,18-29,2025-11-16,5,Individual,Full
2290,Mr James Wilson,NO,Rogaland,45-59,2023-04-12,1,Individual,Email only
2291,Mrs Suzanne Smith,SE,Stockholm,18-29,2024-03-31,3,Corporate,Full
2292,Dr Reece Wilkins,NO,Vestland,60-74,2022-05-16,4,Individual,Full
2293,Caroline Akhtar-Bennett,SE,Västra Götaland,60-74,2023-03-03,5,Individual,Email only
2294,Colin Jackson,FI,Varsinais-Suomi,45-59,2024-02-17,4,Individual,Full
2295,Aimee Dale,FI,Pirkanmaa,75+,2024-01-21,5,Individual,Email only
2296,Mrs Katherine Gray,FI,Pohjois-Pohjanmaa,45-59,2023-10-14,3,Individual,Full
2297,Wendy Gallagher-Hanson,SE,Stockholm,30-44,2023-06-04,1,Individual,Full
2298,Beth Ellis-Summers,SE,Stockholm,75+,2024-12-11,1,Individual,Full
2299,Mr Edward Holden,NO,Oslo,30-44,2024-05-13,6,Individual,Full
2300,Ross Ford-Roberts,,Uusimaa,18-29,2025-12-18,4,Individual,Full
2301,Mohammad Quinn,SE,Uppsala,60-74,2023-05-16,6,Individual,Full
2302,Billy Lambert,FI,Pohjois-Pohjanmaa,60-74,2024-12-25,2,Individual,Post only
2303,Francis Williams,SE,Stockholm,45-59,2023-12-28,4,Individual,Full
2304,Eric Atkins,SE,Skåne,45-59,2023-10-19,4,Individual,Post only
2305,Dr Peter Mahmood,SE,Västra Götaland,75+,2025-10-29,1,Individual,Full
2306,George Evans,NO,Oslo,45-59,2023-12-03,2,Individual,Full
2307,Ms Angela Johnson,NO,Trøndelag,60-74,2025-01-04,2,Individual,Email only
2308,Brandon Wilkinson,FI,Varsinais-Suomi,60-74,2022-05-28,2,Individual,Full
2309,Kate Goodwin,SE,Skåne,30-44,2025-08-03,5,Individual,Full
2310,Abigail Page,FI,Uusimaa,45-59,2024-11-29,4,Individual,Full
2311,Dr Louis Burgess,FI,Varsinais-Suomi,30-44,2025-11-29,1,Corporate,Full
2312,Brett Smith,SE,Stockholm,60-74,2025-12-01,4,Individual,Full
2313,Annette Joyce-Davidson,SE,Stockholm,18-29,2023-10-15,2,Individual,Email only
2314,Kenneth Jones-Newman,DK,Sjælland,45-59,2025-02-17,3,Individual,Email only
2315,Antony Parkinson,SE,Västra Götaland,60-74,2023-12-14,1,Individual,Full
2316,Helen Conway,NO,Rogaland,18-29,2023-12-09,1,Trust,Full
2317,Tracey Butler,NO,Trøndelag,30-44,2025-10-07,2,Individual,Full
2318,Mr Cameron Griffiths,NO,Oslo,60-74,2025-05-11,1,Corporate,Email only
2319,Sharon Wells,,Skåne,75+,2022-09-09,2,Trust,Full
2320,Deborah Parker,SE,Skåne,45-59,2025-12-25,2,Individual,Full
2321,Francis Harris,SE,Västra Götaland,18-29,2025-06-21,1,Individual,Full
2322,Kevin Cartwright,FI,Varsinais-Suomi,30-44,2025-06-25,1,Individual,Full
2323,Matthew Clark-Field,FI,Varsinais-Suomi,45-59,2025-04-12,3,Individual,Post only
2324,Lesley Gray-Hunt,NO,Vestland,75+,2024-04-22,6,Individual,Full
2325,Samuel Wood,FI,Pohjois-Pohjanmaa,18-29,2024-05-31,1,Trust,Full
2326,Suzanne Woodward-Smith,FI,Pirkanmaa,45-59,2025-10-09,1,Individual,Full
2327,Mr Alex Harvey,FI,Pirkanmaa,30-44,2022-06-08,1,Individual,Email only
2328,Rosie Collins,NO,Rogaland,30-44,2024-09-15,5,Individual,Full
2329,Dr Mohammed Allen,FI,Pirkanmaa,45-59,2024-07-12,1,Individual,Full
2330,Kerry Evans-Richardson,DK,Sjælland,60-74,2022-12-26,1,Individual,Full
2331,Ross Goddard-Buckley,,Uusimaa,18-29,2022-12-22,2,Individual,Full
2332,Patrick Green,FI,Varsinais-Suomi,60-74,2025-04-09,1,Individual,Full
2333,David Thomas,SE,Uppsala,45-59,2022-12-18,3,Individual,Full
2334,Leon Wilkinson,FI,Varsinais-Suomi,18-29,2022-02-02,5,Individual,Full
2335,Alexandra Fletcher,SE,Stockholm,60-74,2024-11-27,3,Individual,Full
2336,Dr Ryan O'Brien,SE,Västra Götaland,30-44,2022-07-14,3,Individual,Email only
2337,Tracy Crawford,DK,Sjælland,60-74,2022-04-16,1,Corporate,Full
2338,Linda Davis,FI,Varsinais-Suomi,45-59,2024-03-11,1,Individual,Full
2339,Judith Newton,NO,Rogaland,60-74,2024-10-15,6,Individual,Full
2340,Francesca Wallace,SE,Västra Götaland,30-44,2024-03-12,5,Individual,Email only
2341,Maurice Jenkins,FI,Uusimaa,60-74,2024-04-19,5,Individual,Email only
2342,Dr Jade Wall,SE,Stockholm,30-44,2023-03-16,3,Individual,Email only
2343,Ms Gemma Harris,FI,Pohjois-Pohjanmaa,30-44,2023-06-28,1,Individual,Full
2344,Edward Smith,SE,Uppsala,60-74,2023-12-25,1,Individual,Email only
2345,Pauline Edwards,NO,Trøndelag,45-59,2023-11-05,1,Individual,Full
2346,Clifford Watson,SE,Stockholm,18-29,2025-03-03,1,Individual,Full
2347,Ryan Townsend,DK,Syddanmark,45-59,2025-12-24,1,Individual,Email only
2348,Dr Kieran Harrison,SE,Stockholm,60-74,2022-12-02,6,Individual,Post only
2349,Emily Wright-Cook,SE,Skåne,60-74,2024-04-24,1,Individual,Full
2350,Christine Cole,FI,Uusimaa,60-74,2023-02-02,2,Individual,Full
2351,Ross Hartley,FI,Uusimaa,45-59,2023-06-21,2,Individual,Email only
2352,Charles Richards,DK,Syddanmark,18-29,2023-12-23,6,Trust,Email only
2353,Mr Adrian Griffiths,NO,Trøndelag,75+,2022-03-06,2,Individual,Full
2354,Mr Reece Clark,DK,Syddanmark,60-74,2025-03-14,1,Individual,Full
2355,Dr Rita Gill,SE,Stockholm,18-29,2024-12-14,1,Individual,Email only
2356,Hilary Wright,SE,Stockholm,18-29,2025-02-26,3,Individual,Full
2357,Amanda Begum,NO,Vestland,18-29,2024-12-22,4,Individual,Full
2358,Alison Roberts,FI,Pohjois-Pohjanmaa,75+,2025-12-27,5,Corporate,Full
2359,Mr Howard Nash,FI,Pirkanmaa,60-74,2023-06-12,4,Individual,Full
2360,Christopher Green,FI,Pohjois-Pohjanmaa,60-74,2024-01-07,6,Individual,Full
2361,Mr Oliver Stevenson,SE,Skåne,75+,2024-03-13,1,Individual,Full
2362,Natasha Carr,FI,Pirkanmaa,18-29,2022-12-05,6,Individual,Full
2363,Catherine Atkins,DK,Hovedstaden,45-59,2025-05-24,1,Individual,Full
2364,Ross Jones-Houghton,FI,Varsinais-Suomi,75+,2024-11-12,1,Individual,Full
2365,Graeme Davies-Nash,DK,Sjælland,45-59,2022-12-04,5,Individual,Full
2366,Bethany Wilson-Foster,DK,Syddanmark,18-29,2022-12-15,1,Individual,Post only
2367,Dr Joanne Jackson,NO,Vestland,75+,2022-09-13,1,Corporate,Full
2368,Dr Graham Gardiner,DK,Hovedstaden,30-44,2023-02-18,1,Individual,Full
2369,Kayleigh Johnson,FI,Varsinais-Suomi,75+,2024-02-06,1,Individual,Full
2370,Louise Kelly,FI,Uusimaa,18-29,2025-04-26,1,Individual,Email only
2371,Allan Fletcher,FI,Uusimaa,30-44,2025-06-08,2,Individual,Email only
2372,Stephen Patel,NO,Trøndelag,60-74,2024-04-01,1,Individual,Full
2373,Christine Ahmed,NO,Rogaland,30-44,2025-11-30,4,Individual,Email only
2374,Dr Howard Wallis,NO,Trøndelag,60-74,2022-11-20,1,Individual,Full
2375,Sandra Williams,DK,Hovedstaden,18-29,2022-09-07,1,Individual,Email only
2376,Hilary Dixon,DK,Sjælland,45-59,2023-03-15,2,Individual,Email only
2377,Gareth Collins,FI,Varsinais-Suomi,18-29,2025-12-26,2,Individual,Full
2378,Patricia Cunningham,SE,Uppsala,30-44,2024-12-14,2,Individual,Full
2379,Leslie Watts,SE,Stockholm,18-29,2024-02-13,3,Individual,Email only
2380,Dr Brian Burgess,SE,Västra Götaland,45-59,2022-08-18,2,Corporate,Full
2381,Thomas Brookes,NO,Vestland,45-59,2025-12-14,3,Individual,Full
2382,Joyce Carter,FI,Varsinais-Suomi,45-59,2023-12-26,2,Individual,Full
2383,Miss Naomi Pearce,FI,Pohjois-Pohjanmaa,60-74,2022-05-27,6,Corporate,Full
2384,Mr Brett Chan,SE,Stockholm,45-59,2024-12-15,2,Individual,Full
2385,Philip Armstrong,SE,Skåne,45-59,2022-08-05,2,Individual,Full
2386,Garry Pearson-Newton,FI,Uusimaa,60-74,2025-05-08,1,Individual,Email only
2387,Dr Jonathan Hammond,NO,Oslo,45-59,2023-04-11,4,Individual,Full
2388,Dennis Ryan-Shah,FI,Uusimaa,45-59,2024-12-31,3,Individual,Email only
2389,Hannah Whitehead,FI,Pohjois-Pohjanmaa,30-44,2022-11-05,6,Individual,Full
2390,Valerie Lynch,NO,Rogaland,30-44,2022-01-02,1,Individual,Email only
2391,Dylan Carr,FI,Varsinais-Suomi,30-44,2024-12-31,4,Individual,Email only
2392,Anne Doherty-White,NO,Vestland,60-74,2022-04-10,1,Individual,Email only
2393,Hazel Heath,SE,Uppsala,30-44,2025-04-24,1,Individual,Full
2394,Callum Walsh,,Oslo,45-59,2023-11-09,1,Individual,Email only
2395,Dr Declan Burton,FI,Pohjois-Pohjanmaa,60-74,2023-01-24,1,Individual,Full
2396,Kirsty Allen,NO,Vestland,60-74,2024-04-28,2,Individual,Post only
2397,Bradley Heath,FI,Varsinais-Suomi,75+,2022-03-20,3,Individual,Full
2398,Debra Tyler,FI,Varsinais-Suomi,45-59,2023-10-01,1,Individual,Full
2399,Ms Carolyn Smith,,Varsinais-Suomi,30-44,2025-04-16,1,Individual,Full
2400,Connor Buckley,FI,Uusimaa,45-59,2024-01-14,1,Individual,Full
2401,Charles Griffin-Lee,SE,Skåne,30-44,2022-12-07,1,Individual,Full
2402,Mrs Mary Harrison,SE,Skåne,30-44,2022-02-13,2,Individual,Full
2403,Sophie Cooper,FI,Uusimaa,60-74,2025-06-24,2,Individual,Email only
2404,Abigail Rogers,,Pirkanmaa,18-29,2025-12-02,1,Individual,Email only
2405,Dr Natasha Hall,FI,Pirkanmaa,60-74,2024-07-08,2,Individual,Full
2406,Cheryl Allen,FI,Uusimaa,18-29,2023-11-28,4,Individual,Email only
2407,Adam Nicholls,SE,Uppsala,30-44,2024-06-30,1,Individual,Full
2408,Dr Bryan Burke,NO,Oslo,75+,2022-03-17,3,Individual,Full
2409,Mrs Anne Ferguson,FI,Pirkanmaa,30-44,2024-12-25,2,Individual,Email only
2410,Miss Kerry Simmons,SE,Västra Götaland,18-29,2025-07-21,1,Individual,Email only
2411,Tony Griffiths,FI,Pirkanmaa,60-74,2025-04-17,1,Individual,Full
2412,Miss Alison Webb,NO,Oslo,30-44,2025-06-02,3,Individual,Full
2413,Victor Jones,SE,Västra Götaland,45-59,2025-03-03,1,Individual,Email only
2414,Andrew Williams-Rahman,SE,Västra Götaland,60-74,2025-05-06,2,Individual,Email only
2415,Graham Johnson-Jones,NO,Vestland,30-44,2022-12-12,1,Individual,Full
2416,Paula Ahmed,NO,Oslo,30-44,2025-05-24,3,Individual,Full
2417,Arthur Woods,FI,Varsinais-Suomi,60-74,2023-05-16,4,Individual,Email only
2418,Mr Kieran Wilkinson,DK,Midtjylland,30-44,2022-08-06,1,Individual,Full
2419,Jay Davis,FI,Pirkanmaa,45-59,2023-08-05,4,Individual,Full
2420,Timothy Davies,SE,Stockholm,18-29,2022-09-10,4,Individual,Full
2421,Emma Johnson,NO,Rogaland,60-74,2024-11-07,1,Individual,Full
2422,Dr Janet Smith,FI,Pohjois-Pohjanmaa,75+,2025-03-15,1,Individual,Post only
2423,Arthur Abbott,SE,Stockholm,75+,2022-09-20,2,Individual,Full
2424,Dr Damien Brown,NO,Trøndelag,45-59,2025-03-12,2,Individual,Full
2425,Alison Smith,FI,Uusimaa,30-44,2025-08-25,2,Individual,Full
2426,Maurice Morton,DK,Syddanmark,30-44,2023-10-23,1,Individual,Email only
2427,Elizabeth Harris,FI,Pirkanmaa,18-29,2023-07-06,1,Individual,Full
2428,Sandra Wright-Williams,SE,Stockholm,45-59,2022-07-05,3,Individual,Full
2429,Adam Stewart,FI,Pirkanmaa,60-74,2024-05-20,3,Individual,Full
2430,Mohammed Francis,FI,Pohjois-Pohjanmaa,60-74,2025-10-03,4,Individual,Full
2431,Marc Thompson-Howard,SE,Västra Götaland,18-29,2025-12-23,2,Individual,Full
2432,Ian Smith,NO,Rogaland,45-59,2022-05-05,3,Individual,Full
2433,Marc Wilson,SE,Västra Götaland,30-44,2024-08-06,3,Individual,Full
2434,Amanda Kelly-James,SE,Västra Götaland,30-44,2024-10-17,3,Individual,Post only
2435,Ian Joyce,FI,Pirkanmaa,45-59,2025-12-14,6,Individual,Full
2436,Mrs Lisa Robertson,DK,Midtjylland,45-59,2023-06-17,1,Individual,Full
2437,Abigail Lewis,FI,Uusimaa,30-44,2023-12-22,1,Individual,Email only
2438,Mr Dylan Bryant,,Pohjois-Pohjanmaa,30-44,2023-11-27,3,Individual,Full
2439,Danny Noble,DK,Hovedstaden,60-74,2022-12-07,3,Individual,Full
2440,Ann Rees,SE,Västra Götaland,18-29,2023-06-27,2,Individual,Email only
2441,Danny Cole-Patel,NO,Vestland,30-44,2025-10-31,1,Individual,Full
2442,Gemma Thomas,SE,Skåne,18-29,2023-03-04,3,Individual,Full
2443,Georgia Murphy,FI,Varsinais-Suomi,30-44,2022-12-25,1,Individual,Email only
2444,Timothy Harris,SE,Västra Götaland,60-74,2025-12-29,1,Individual,Full
2445,Harry Reid,SE,Västra Götaland,45-59,2024-10-07,3,Individual,Post only
2446,Ms Stephanie Clarke,NO,Oslo,60-74,2025-09-07,3,Individual,Full
2447,Fiona Payne,FI,Varsinais-Suomi,60-74,2024-02-04,3,Individual,Email only
2448,Tracey Barker-Edwards,SE,Uppsala,60-74,2025-04-20,5,Individual,Post only
2449,Nigel Short,DK,Sjælland,45-59,2022-10-10,1,Individual,Full
2450,Christopher Bennett,FI,Varsinais-Suomi,75+,2025-06-06,2,Individual,Full
2451,Dr Justin McKenzie,DK,Syddanmark,18-29,2023-03-19,7,Individual,Post only
2452,Emma Holmes,NO,Rogaland,60-74,2023-04-30,3,Individual,Email only
2453,Ms Hilary Bishop,FI,Varsinais-Suomi,75+,2025-01-13,3,Individual,Post only
2454,Dr Ricky Hill,SE,Stockholm,45-59,2023-10-26,2,Individual,Email only
2455,Mrs Jenna Stone,DK,Syddanmark,60-74,2022-12-15,4,Individual,Email only
2456,Sophie Young,FI,Pirkanmaa,45-59,2024-12-21,5,Individual,Post only
2457,Jason Smith,FI,Pirkanmaa,30-44,2025-03-27,1,Individual,Full
2458,Brandon Higgins-Gibson,SE,Västra Götaland,75+,2025-11-07,1,Individual,Email only
2459,Dr Karl Green,FI,Pirkanmaa,60-74,2022-12-07,1,Individual,Full
2460,Stewart O'Connor,FI,Varsinais-Suomi,60-74,2022-12-05,2,Individual,Post only
2461,Terry Young,FI,Pohjois-Pohjanmaa,60-74,2023-03-02,5,Individual,Full
2462,Vanessa Watson,DK,Sjælland,18-29,2024-03-04,4,Individual,Post only
2463,Deborah Barker,FI,Varsinais-Suomi,60-74,2023-11-21,2,Individual,Full
2464,Garry Jackson,FI,Pirkanmaa,75+,2024-04-14,4,Corporate,Full
2465,Chelsea Powell,SE,Stockholm,60-74,2023-05-11,6,Individual,Full
2466,Nigel Chapman,SE,Skåne,75+,2024-12-03,2,Corporate,Email only
2467,Mr Declan Jones,FI,Uusimaa,45-59,2025-12-01,2,Individual,Full
2468,David Green-Edwards,SE,Skåne,75+,2025-03-25,6,Individual,Email only
2469,Leanne Carter,FI,Uusimaa,30-44,2022-06-21,2,Individual,Full
2470,Mr Denis Cook,FI,Varsinais-Suomi,45-59,2024-09-07,1,Individual,Full
2471,Dr Philip Cooper,SE,Stockholm,30-44,2025-12-13,3,Individual,Full
2472,Julie Parkinson,NO,Vestland,30-44,2024-05-21,3,Corporate,Full
2473,Tony Shepherd,SE,Skåne,60-74,2023-06-24,1,Individual,Full
2474,Deborah Green,SE,Stockholm,60-74,2024-12-22,3,Individual,Full
2475,Ms Linda Walker,FI,Varsinais-Suomi,60-74,2024-12-28,6,Individual,Full
2476,Mrs Sophie Burns,SE,Skåne,60-74,2025-07-08,1,Corporate,Full
2477,Hayley Howard-Richards,FI,Pirkanmaa,45-59,2024-09-13,1,Individual,Full
2478,Ryan Butcher,SE,Uppsala,18-29,2024-10-24,1,Individual,Post only
2479,Clare George,FI,Pirkanmaa,75+,2025-08-07,2,Individual,Email only
2480,Kelly Barker,FI,Pohjois-Pohjanmaa,18-29,2023-12-16,1,Individual,Full
2481,Philip Dobson-Cook,FI,Uusimaa,60-74,2024-12-14,1,Individual,Full
2482,Dennis Gibbs-Frost,SE,Skåne,45-59,2025-11-30,2,Individual,Full
2483,Holly Mitchell,NO,Rogaland,75+,2024-09-10,2,Individual,Full
2484,Charles Allen-Thompson,FI,Pohjois-Pohjanmaa,30-44,2023-09-15,6,Individual,Full
2485,Julie Leach,DK,Syddanmark,60-74,2023-03-14,5,Individual,Full
2486,Miss Gail Baker,SE,Västra Götaland,75+,2023-09-09,2,Individual,Full
2487,Lesley Edwards,NO,Vestland,45-59,2025-12-08,3,Individual,Email only
2488,Sophie Waters,NO,Oslo,60-74,2025-12-23,1,Individual,Full
2489,Joanna Jones,FI,Pohjois-Pohjanmaa,30-44,2022-12-31,1,Individual,Email only
2490,Carolyn Pearce,DK,Hovedstaden,30-44,2022-06-28,3,Individual,Post only
2491,Beverley Parkes,FI,Pohjois-Pohjanmaa,45-59,2024-10-04,1,Individual,Post only
2492,Maureen West,FI,Varsinais-Suomi,45-59,2024-05-13,6,Individual,Full
2493,Mr Brandon Smith,FI,Varsinais-Suomi,30-44,2024-10-03,2,Individual,Full
2494,Michael Ferguson,DK,Midtjylland,60-74,2024-01-13,1,Individual,Full
2495,Chloe Mason,NO,Oslo,45-59,2023-01-13,2,Individual,Full
2496,Shannon Harrison-Burke,FI,Uusimaa,30-44,2024-09-19,4,Individual,Full
2497,Rachael Gardner,SE,Stockholm,18-29,2024-12-04,4,Individual,Full
2498,Dr Mohamed Hunt,DK,Syddanmark,45-59,2022-12-06,5,Individual,Email only
2499,Shaun Griffin-Giles,FI,Pirkanmaa,45-59,2022-12-23,2,Individual,Email only
2500,William Coles,DK,Sjælland,30-44,2023-01-28,1,Individual,Full
2501,Joyce Simpson,,Trøndelag,75+,2025-04-07,1,Individual,Full
2502,Sian Jenkins,FI,Pirkanmaa,60-74,2023-11-20,2,Individual,Email only
2503,Ryan Brennan,FI,Uusimaa,45-59,2023-05-31,1,Trust,Full
2504,Victor Harris,SE,Stockholm,45-59,2022-11-20,2,Individual,Full
2505,Michael Banks,SE,Västra Götaland,45-59,2024-09-29,1,Trust,Full
2506,Antony Cross,FI,Varsinais-Suomi,60-74,2025-07-10,3,Individual,Full
2507,Malcolm Clarke,FI,Pohjois-Pohjanmaa,60-74,2023-01-27,1,Corporate,Post only
2508,Mrs Chloe McDonald,NO,Oslo,30-44,2025-10-10,1,Individual,Full
2509,Annette Cox,NO,Trøndelag,18-29,2023-01-06,2,Individual,Email only
2510,Dr Elliot Mann,SE,Uppsala,45-59,2023-02-10,4,Corporate,Email only
2511,Paige Hughes,DK,Syddanmark,60-74,2024-11-29,1,Individual,Full
2512,Francesca Thompson,,Rogaland,60-74,2024-06-22,1,Individual,Email only
2513,Eleanor Evans,SE,Stockholm,18-29,2025-12-17,1,Corporate,Post only
2514,Pauline Holloway,NO,Oslo,18-29,2025-01-30,5,Individual,Full
2515,Dr Jodie Hall,SE,Uppsala,60-74,2024-12-15,1,Individual,Full
2516,Dr Jay Benson,FI,Varsinais-Suomi,75+,2022-04-05,5,Individual,Full
2517,Elliot Burns,FI,Pirkanmaa,18-29,2022-12-20,1,Individual,Full
2518,Christian Fisher,NO,Oslo,75+,2025-04-03,1,Individual,Full
2519,Danny Scott,SE,Uppsala,60-74,2024-12-08,2,Individual,Full
2520,Dr Allan Robinson,DK,Syddanmark,18-29,2025-04-21,1,Individual,Full
2521,Raymond Turner,DK,Midtjylland,30-44,2022-11-18,1,Individual,Email only
2522,Leah Jennings,FI,Uusimaa,18-29,2023-04-15,1,Individual,Email only
2523,Alexandra Oliver,FI,Pirkanmaa,45-59,2023-02-09,1,Individual,Full
2524,Dennis Watson,SE,Stockholm,18-29,2023-11-19,2,Individual,Full
2525,Joanne Mason-Mason,FI,Pirkanmaa,45-59,2025-11-09,2,Individual,Full
2526,Dr Kelly Ahmed,NO,Vestland,45-59,2022-01-23,3,Individual,Full
2527,Shirley Morris,FI,Varsinais-Suomi,60-74,2023-11-26,4,Individual,Full
2528,Jay Shah,SE,Uppsala,45-59,2024-11-09,1,Individual,Full
2529,Helen Williamson,DK,Syddanmark,30-44,2022-09-29,5,Individual,Email only
2530,Linda Wright,DK,Syddanmark,45-59,2024-01-30,5,Individual,Full
2531,Eric Anderson-Perry,FI,Varsinais-Suomi,18-29,2023-12-04,4,Individual,Full
2532,Steven Wright,NO,Vestland,45-59,2025-05-24,1,Individual,Post only
2533,Kayleigh Lamb,SE,Uppsala,60-74,2022-08-04,1,Individual,Full
2534,Ronald Davies,SE,Uppsala,18-29,2024-06-21,1,Individual,Post only
2535,Mr Jake Robinson,DK,Hovedstaden,30-44,2023-06-18,3,Individual,Full
2536,Dale Pugh-Thomas,DK,Hovedstaden,45-59,2025-12-29,2,Individual,Full
2537,Mr David Hodgson,SE,Stockholm,60-74,2022-03-15,6,Individual,Full
2538,Christian Smith,NO,Trøndelag,30-44,2024-11-01,1,Individual,Full
2539,Daniel Webb,SE,Stockholm,45-59,2024-08-22,4,Individual,Full
2540,Glenn Hall,FI,Pirkanmaa,30-44,2022-05-19,2,Individual,Full
2541,Mr Howard Anderson,FI,Varsinais-Suomi,30-44,2024-12-06,1,Individual,Email only
2542,Jennifer Graham-Houghton,FI,Uusimaa,30-44,2022-10-30,4,Individual,Full
2543,Joyce Carroll-Burgess,FI,Pohjois-Pohjanmaa,75+,2024-08-18,1,Individual,Full
2544,Dr Victor Holmes,FI,Varsinais-Suomi,18-29,2023-04-04,5,Individual,Full
2545,Mr Jason Marshall,SE,Stockholm,45-59,2023-12-28,2,Individual,Post only
2546,Mrs Kirsty Ahmed,NO,Oslo,45-59,2022-12-27,1,Individual,Email only
2547,Mr Roy Morgan,NO,Vestland,45-59,2023-10-12,1,Individual,Email only
2548,Bryan Griffiths-Watson,,Pohjois-Pohjanmaa,18-29,2024-10-21,1,Individual,Full
2549,Mr Trevor Wright,FI,Pirkanmaa,30-44,2022-11-08,1,Individual,Full
2550,Elaine Stephenson,DK,Hovedstaden,45-59,2024-09-30,1,Individual,Full
2551,Donna Matthews,FI,Varsinais-Suomi,75+,2025-04-19,3,Individual,Full
2552,Leah Russell,FI,Pohjois-Pohjanmaa,30-44,2024-02-11,1,Individual,Full
2553,Mr Damian Roberts,SE,Västra Götaland,45-59,2022-09-03,2,Corporate,Full
2554,Reece Brooks,FI,Pohjois-Pohjanmaa,60-74,2025-11-07,1,Individual,Email only
2555,Joan Mason,FI,Pohjois-Pohjanmaa,45-59,2022-12-28,1,Individual,Full
2556,Kate Smith,FI,Varsinais-Suomi,45-59,2025-06-30,4,Individual,Full
2557,Adam Lee,SE,Västra Götaland,60-74,2023-06-21,4,Individual,Full
2558,Daniel Shah,FI,Uusimaa,60-74,2022-04-13,1,Individual,Full
2559,Dr Mohammad Johnson,FI,Pirkanmaa,60-74,2022-12-02,4,Individual,Post only
2560,Laura Sanders,NO,Oslo,30-44,2025-10-07,1,Individual,Email only
2561,Tom Wright,SE,Västra Götaland,75+,2024-07-24,1,Individual,Full
2562,Dr Clare Dawson,SE,Västra Götaland,75+,2022-09-07,2,Individual,Full
2563,Dr Mitchell Thomas,FI,Varsinais-Suomi,45-59,2023-05-22,3,Individual,Email only
2564,Ms Bethany Wright,NO,Vestland,30-44,2022-12-07,2,Individual,Full
2565,Rachael Brown,FI,Varsinais-Suomi,75+,2023-03-07,3,Individual,Full
2566,Beverley Turnbull,FI,Varsinais-Suomi,45-59,2025-01-16,5,Individual,Post only
2567,Richard Walker,FI,Pirkanmaa,30-44,2022-12-14,1,Individual,Full
2568,Mr Matthew Watson,SE,Stockholm,60-74,2025-05-07,2,Individual,Full
2569,Mrs Jane Evans,SE,Skåne,45-59,2023-06-06,2,Individual,Full
2570,Abigail Fuller,SE,Uppsala,45-59,2022-02-27,1,Individual,Full
2571,Abigail O'Brien,SE,Västra Götaland,30-44,2023-11-16,2,Individual,Full
2572,Francis Holmes-Blake,NO,Trøndelag,30-44,2024-10-06,1,Individual,Email only
2573,Karl Carter-Richardson,FI,Uusimaa,75+,2022-04-16,1,Individual,Full
2574,Jay Hill,NO,Vestland,60-74,2024-12-17,1,Individual,Full
2575,Graeme Gibbs,FI,Uusimaa,60-74,2023-12-09,4,Individual,Email only
2576,Anne Benson,FI,Uusimaa,75+,2023-09-28,5,Individual,Full
2577,Rosemary O'Sullivan,SE,Stockholm,18-29,2024-07-13,2,Individual,Full
2578,Frank Carey,DK,Sjælland,60-74,2025-12-24,1,Individual,Full
2579,Ms Laura Dickinson,SE,Uppsala,30-44,2025-04-17,1,Individual,Full
2580,Kayleigh Knight,NO,Rogaland,45-59,2023-06-25,2,Individual,Full
2581,Andrew Simmons-Harrison,FI,Pohjois-Pohjanmaa,45-59,2022-03-21,1,Individual,Full
2582,Brenda Doyle-Preston,FI,Pirkanmaa,60-74,2023-11-13,2,Individual,Full
2583,Ben Potts-Page,NO,Oslo,18-29,2023-09-22,2,Individual,Full
2584,Paige Anderson,SE,Skåne,30-44,2025-02-01,1,Individual,Post only
2585,Terence Cook,FI,Uusimaa,30-44,2024-03-25,1,Individual,Full
2586,Mrs Tina Hughes,FI,Varsinais-Suomi,30-44,2024-10-03,3,Corporate,Post only
2587,Alice Harris,SE,Uppsala,45-59,2022-12-29,3,Corporate,Email only
2588,Jack Hurst,SE,Västra Götaland,60-74,2023-05-16,2,Individual,Full
2589,Jade Parkes-Evans,SE,Stockholm,30-44,2025-11-30,5,Individual,Full
2590,Glenn Adams-Brennan,FI,Pohjois-Pohjanmaa,75+,2022-08-07,3,Individual,Full
2591,Molly Hart,DK,Midtjylland,30-44,2023-09-19,4,Individual,Full
2592,Kerry Arnold,NO,Oslo,30-44,2023-10-01,2,Individual,Full
2593,Miss Andrea Mitchell,NO,Trøndelag,45-59,2025-05-23,1,Individual,Full
2594,Dr Gavin Woods,FI,Uusimaa,18-29,2023-12-06,1,Individual,Full
2595,Dr Elliott Goddard,NO,Rogaland,60-74,2025-12-01,5,Individual,Full
2596,Arthur Brady,FI,Uusimaa,60-74,2022-03-20,2,Individual,Email only
2597,Gemma Clarke,NO,Vestland,60-74,2023-10-11,6,Individual,Post only
2598,Stacey Watson,FI,Pirkanmaa,30-44,2025-10-21,5,Individual,Full
2599,Olivia Moore,FI,Uusimaa,18-29,2024-12-31,6,Individual,Full
2600,Bernard Richardson,FI,Pirkanmaa,18-29,2022-12-12,2,Individual,Email only
2601,Nathan Byrne-Dixon,NO,Trøndelag,18-29,2023-06-23,1,Individual,Full
2602,Barbara Murray,FI,Pirkanmaa,45-59,2024-12-04,5,Individual,Email only
2603,Mathew Williams,FI,Varsinais-Suomi,45-59,2024-12-21,1,Individual,Full
2604,Frederick Saunders,SE,Skåne,45-59,2022-09-05,3,Individual,Email only
2605,Dr Max Bishop,NO,Trøndelag,30-44,2022-12-24,2,Individual,Full
2606,Dean Turner,NO,Vestland,75+,2023-02-04,1,Individual,Email only
2607,Victor Turner-Shaw,NO,Trøndelag,30-44,2025-04-10,3,Trust,Full
2608,Kathryn Lloyd-Gibson,FI,Uusimaa,45-59,2022-12-07,2,Individual,Email only
2609,Paige Young,SE,Stockholm,45-59,2025-12-10,1,Individual,Post only
2610,Joel Taylor,NO,Vestland,45-59,2022-11-15,1,Individual,Email only
2611,Lawrence Martin,NO,Oslo,45-59,2023-05-05,1,Individual,Full
2612,Miss Bethany Parkes,NO,Vestland,75+,2024-06-27,4,Individual,Full
2613,Joe Middleton-Cameron,DK,Hovedstaden,75+,2025-06-08,1,Individual,Full
2614,Heather Williamson-Burton,NO,Vestland,18-29,2024-12-12,2,Individual,Full
2615,Mr Ronald Hammond,NO,Vestland,60-74,2023-12-10,1,Individual,Full
2616,Gemma Henry,SE,Uppsala,60-74,2023-11-04,2,Individual,Full
2617,Leonard Bull,FI,Pohjois-Pohjanmaa,45-59,2025-03-23,3,Individual,Full
2618,Ross Smart,NO,Rogaland,45-59,2025-01-13,1,Individual,Full
2619,Ms Tracy Charlton,FI,Varsinais-Suomi,30-44,2024-07-19,3,Individual,Post only
2620,Melissa Wilson,FI,Varsinais-Suomi,75+,2024-12-06,1,Individual,Email only
2621,Graeme Williams,NO,Vestland,45-59,2024-10-27,1,Individual,Email only
2622,Ashleigh Wood,SE,Västra Götaland,45-59,2022-04-06,1,Individual,Full
2623,Ronald Andrews,SE,Uppsala,30-44,2025-12-24,4,Individual,Full
2624,Dr Jodie Russell,DK,Sjælland,60-74,2024-03-21,7,Corporate,Full
2625,Gordon Hill,SE,Uppsala,45-59,2025-12-08,1,Individual,Full
2626,Amelia Khan,FI,Uusimaa,45-59,2025-10-28,2,Individual,Full
2627,Joel Tucker,FI,Pohjois-Pohjanmaa,30-44,2022-11-01,1,Individual,Full
2628,Maria Williams,SE,Uppsala,45-59,2025-02-22,5,Individual,Full
2629,Sharon Harrison,FI,Pirkanmaa,75+,2025-04-06,2,Individual,Full
2630,Katherine Chapman,FI,Varsinais-Suomi,45-59,2022-12-08,2,Individual,Full
2631,Jordan Sharp,SE,Stockholm,75+,2024-03-31,1,Individual,Full
2632,Dr Russell Jackson,NO,Trøndelag,45-59,2024-09-17,1,Individual,Full
2633,Josephine Reynolds-Douglas,FI,Pirkanmaa,30-44,2023-04-17,2,Corporate,Full
2634,Barbara Begum,FI,Pirkanmaa,45-59,2025-07-29,2,Individual,Post only
2635,Kelly Whittaker,DK,Midtjylland,60-74,2025-04-09,1,Individual,Full
2636,Gordon Fry-Barrett,FI,Uusimaa,30-44,2023-12-05,2,Individual,Full
2637,Dr Damian Fleming,FI,Uusimaa,45-59,2025-09-07,2,Individual,Post only
2638,Joanne McCarthy,SE,Uppsala,60-74,2022-03-16,1,Individual,Full
2639,Diane Archer,FI,Uusimaa,30-44,2022-05-20,1,Individual,Full
2640,Declan Ford,FI,Pirkanmaa,45-59,2022-03-15,3,Individual,Full
2641,Dr Charlie Robinson,NO,Vestland,30-44,2022-08-02,1,Individual,Full
2642,Lynn Finch,FI,Pirkanmaa,18-29,2022-02-01,6,Individual,Post only
2643,Jordan Stevenson,SE,Västra Götaland,18-29,2025-11-04,1,Individual,Full
2644,Stephen Daly-Patel,FI,Pohjois-Pohjanmaa,45-59,2025-12-24,4,Individual,Email only
2645,Natasha Burke,FI,Pirkanmaa,45-59,2022-12-28,1,Individual,Full
2646,Dr Hazel Kennedy,SE,Västra Götaland,60-74,2022-08-17,2,Individual,Full
2647,Josephine Johnson-Williams,SE,Västra Götaland,30-44,2022-11-23,6,Individual,Email only
2648,Dr Julian Hunt,SE,Västra Götaland,45-59,2025-09-03,2,Individual,Full
2649,Victor Taylor,DK,Hovedstaden,30-44,2025-12-11,1,Individual,Full
2650,Jill Smith-Jones,FI,Pohjois-Pohjanmaa,18-29,2024-04-08,7,Individual,Full
2651,Mr David Myers,SE,Västra Götaland,45-59,2024-04-22,5,Individual,Full
2652,Dr Clive Bennett,FI,Pohjois-Pohjanmaa,60-74,2023-10-21,3,Individual,Full
2653,Nicole Howard-Burton,FI,Varsinais-Suomi,30-44,2023-10-01,2,Individual,Full
2654,Jason Singh-Davies,SE,Västra Götaland,30-44,2022-06-22,4,Individual,Full
2655,Lynne Ford,SE,Stockholm,60-74,2022-07-01,3,Individual,Full
2656,Carolyn Taylor,DK,Sjælland,60-74,2025-12-15,1,Individual,Full
2657,Alice Finch,DK,Hovedstaden,30-44,2022-05-22,1,Individual,Full
2658,Mohammad Wright,SE,Stockholm,60-74,2025-09-09,1,Individual,Full
2659,Kim Moore,FI,Pirkanmaa,30-44,2023-11-04,1,Individual,Full
2660,Miss Tracy Henry,NO,Oslo,75+,2024-09-27,4,Individual,Email only
2661,Miss Claire Cunningham,FI,Pirkanmaa,30-44,2023-06-12,2,Individual,Full
2662,Damian Brown,DK,Hovedstaden,60-74,2022-01-29,4,Individual,Email only
2663,Jordan Hunt,NO,Vestland,60-74,2022-06-15,2,Individual,Full
2664,Ronald Morton,FI,Varsinais-Suomi,30-44,2023-01-08,1,Individual,Full
2665,Tony Stokes,DK,Syddanmark,60-74,2025-03-13,4,Individual,Email only
2666,Brandon Thomas,FI,Pirkanmaa,30-44,2025-11-12,1,Individual,Email only
2667,Ms Bethany White,SE,Västra Götaland,30-44,2022-03-22,2,Individual,Email only
2668,Melissa Hyde,FI,Pohjois-Pohjanmaa,60-74,2023-11-06,1,Individual,Full
2669,Ann Gill-Tomlinson,NO,Trøndelag,30-44,2025-11-13,3,Individual,Full
2670,Sean Holland,DK,Sjælland,60-74,2023-12-27,2,Individual,Full
2671,Callum Davidson,DK,Syddanmark,75+,2022-09-24,1,Individual,Full
2672,Dr Mary Bennett,SE,Stockholm,18-29,2023-03-12,1,Individual,Full
2673,Charlene Porter,FI,Varsinais-Suomi,60-74,2024-08-20,7,Individual,Full
2674,Natalie Allen,FI,Pirkanmaa,45-59,2025-04-07,3,Individual,Full
2675,Dr Sam Law,FI,Pohjois-Pohjanmaa,45-59,2022-08-20,1,Individual,Full
2676,Declan Savage,SE,Stockholm,60-74,2024-04-18,4,Corporate,Full
2677,Karen Smith,FI,Pirkanmaa,18-29,2024-10-19,4,Individual,Full
2678,James Graham,SE,Uppsala,45-59,2025-05-27,1,Individual,Full
2679,Holly Hyde-Todd,NO,Trøndelag,75+,2024-12-24,1,Individual,Full
2680,Albert Foster-Smith,FI,Uusimaa,45-59,2023-04-17,1,Individual,Email only
2681,Conor Powell,FI,Varsinais-Suomi,18-29,2022-05-05,5,Individual,Email only
2682,Julian Russell,FI,Pirkanmaa,60-74,2022-03-25,4,Individual,Full
2683,Kirsty Bradshaw,FI,Uusimaa,60-74,2022-04-19,2,Individual,Full
2684,Marian Oliver-Lowe,DK,Syddanmark,30-44,2023-03-15,1,Individual,Full
2685,Miss Jane Carr,FI,Varsinais-Suomi,60-74,2022-12-18,4,Individual,Full
2686,Mrs Hayley Davies,,Varsinais-Suomi,30-44,2025-06-11,2,Individual,Email only
2687,Ashleigh Dixon,SE,Västra Götaland,18-29,2022-08-20,2,Individual,Email only
2688,Dean Cox,SE,Västra Götaland,45-59,2025-09-07,1,Individual,Full
2689,Jeremy Brown-Morrison,FI,Uusimaa,45-59,2025-01-07,1,Individual,Full
2690,Ms Helen Collins,SE,Stockholm,75+,2023-06-13,1,Individual,Full
2691,Mr Joel Russell,FI,Uusimaa,30-44,2022-12-18,5,Individual,Full
2692,Mrs Eileen Kay,SE,Västra Götaland,60-74,2025-10-09,2,Individual,Full
2693,Dean Ball,FI,Uusimaa,30-44,2024-05-21,3,Individual,Post only
2694,Gillian Barnes,NO,Trøndelag,18-29,2024-12-25,6,Individual,Full
2695,Liam Reynolds,FI,Pirkanmaa,30-44,2024-12-05,2,Individual,Full
2696,Irene Smart,SE,Stockholm,45-59,2022-08-14,2,Individual,Full
2697,Dr Neil Palmer,SE,Stockholm,60-74,2024-01-21,2,Corporate,Full
2698,Annette Gilbert,NO,Rogaland,30-44,2025-06-25,1,Individual,Full
2699,Marilyn Shaw,NO,Oslo,30-44,2022-03-25,2,Individual,Post only
2700,Susan Thomas,NO,Trøndelag,45-59,2025-11-01,5,Individual,Full
2701,Dorothy Smart,NO,Oslo,45-59,2022-05-07,1,Corporate,Email only
2702,Miss Debra Lowe,NO,Oslo,18-29,2022-01-17,4,Corporate,Full
2703,Scott Barker,SE,Stockholm,75+,2023-12-04,1,Individual,Full
2704,Ms Abbie Patel,FI,Pohjois-Pohjanmaa,45-59,2023-04-05,1,Individual,Full
2705,Mrs Charlotte Miller,FI,Pohjois-Pohjanmaa,45-59,2022-12-17,1,Individual,Full
2706,Bradley Lucas,FI,Varsinais-Suomi,60-74,2024-06-18,4,Individual,Full
2707,Miss Ann Williams,SE,Skåne,45-59,2025-03-27,5,Individual,Email only
2708,Denis Ward-Barnett,SE,Västra Götaland,45-59,2023-11-21,1,Individual,Full
2709,Carolyn Martin,FI,Pohjois-Pohjanmaa,45-59,2023-11-30,4,Individual,Full
2710,Scott Jackson,NO,Vestland,75+,2024-07-01,2,Individual,Full
2711,Ellie Sharp-Simpson,FI,Pirkanmaa,45-59,2022-01-27,5,Individual,Full
2712,Bernard Moore,NO,Oslo,60-74,2025-05-04,1,Individual,Full
2713,Abdul Bennett,FI,Pirkanmaa,30-44,2023-12-17,4,Individual,Full
2714,Mitchell Marsden,FI,Uusimaa,45-59,2022-12-13,1,Individual,Full
2715,Kieran Pearson,FI,Pohjois-Pohjanmaa,30-44,2025-08-10,2,Individual,Full
2716,Ian Ross-Chandler,SE,Stockholm,45-59,2025-12-21,2,Individual,Email only
2717,Louise Green-Sutton,FI,Varsinais-Suomi,60-74,2024-04-08,2,Individual,Full
2718,Claire Lee,NO,Trøndelag,30-44,2024-12-15,1,Corporate,Full
2719,Valerie Benson,FI,Uusimaa,18-29,2023-03-15,1,Individual,Full
2720,Shaun Patel,DK,Sjælland,18-29,2024-10-08,1,Individual,Full
2721,Abbie Welch,SE,Skåne,18-29,2025-01-23,2,Individual,Full
2722,Dr Gemma Lowe,SE,Stockholm,60-74,2023-03-16,1,Individual,Full
2723,Clare Daly,SE,Uppsala,30-44,2025-05-17,6,Individual,Full
2724,Jack Bray,SE,Uppsala,75+,2024-04-28,2,Individual,Full
2725,Brandon Morris,SE,Stockholm,18-29,2023-02-17,2,Individual,Full
2726,Dr Conor Miller,FI,Varsinais-Suomi,60-74,2024-04-12,2,Individual,Email only
2727,Bethany Scott,FI,Pohjois-Pohjanmaa,45-59,2024-12-15,1,Individual,Full
2728,Ms Melanie Smith,FI,Varsinais-Suomi,30-44,2025-03-08,2,Individual,Full
2729,Darren Griffiths,FI,Pohjois-Pohjanmaa,30-44,2025-12-09,2,Individual,Full
2730,Lawrence Black,DK,Syddanmark,45-59,2025-06-23,1,Individual,Full
2731,Leonard Ahmed-Hargreaves,FI,Pirkanmaa,30-44,2022-07-07,2,Individual,Full
2732,Dominic Stewart,FI,Uusimaa,45-59,2025-08-08,4,Individual,Full
2733,Kimberley Nicholson,FI,Varsinais-Suomi,18-29,2022-05-17,6,Individual,Full
2734,Ms Mary Davis,SE,Stockholm,45-59,2024-09-16,3,Individual,Full
2735,Francis Jones-Clark,SE,Skåne,45-59,2025-09-15,1,Individual,Full
2736,Stewart Willis,SE,Stockholm,30-44,2022-06-24,2,Individual,Full
2737,Dr Grace Barnes,FI,Uusimaa,60-74,2022-11-02,5,Individual,Full
2738,Mr Joseph Jones,,Pirkanmaa,75+,2024-03-19,6,Individual,Full
2739,Wayne Gough,FI,Uusimaa,60-74,2025-12-19,2,Individual,Full
2740,Josephine Webb,FI,Pirkanmaa,30-44,2024-06-18,2,Individual,Post only
2741,Jake Bray,DK,Syddanmark,60-74,2022-12-13,2,Individual,Full
2742,Gordon White,,Pohjois-Pohjanmaa,30-44,2023-11-25,1,Individual,Email only
2743,Dr Damian Taylor,FI,Varsinais-Suomi,30-44,2025-07-09,2,Individual,Post only
2744,Diana Taylor,FI,Varsinais-Suomi,75+,2025-05-26,1,Individual,Full
2745,Alex Roberts,SE,Skåne,30-44,2025-11-29,2,Individual,Full
2746,Mr William Walker,NO,Vestland,18-29,2022-10-24,1,Individual,Full
2747,Toby Clarke,SE,Uppsala,60-74,2023-09-30,4,Individual,Full
2748,Nicholas Turner-Willis,SE,Uppsala,60-74,2023-12-05,4,Individual,Post only
2749,Ms Fiona Howells,NO,Vestland,60-74,2024-04-11,1,Individual,Full
2750,Mr Paul Crawford,SE,Uppsala,30-44,2023-06-19,1,Individual,Full
2751,Kerry Ross,FI,Uusimaa,75+,2022-06-27,6,Trust,Full
2752,Grace Metcalfe,FI,Varsinais-Suomi,18-29,2022-07-09,1,Individual,Email only
2753,Francis Harper,SE,Skåne,18-29,2022-12-06,1,Individual,Full
2754,Dr Henry Lees,FI,Uusimaa,30-44,2024-11-26,1,Individual,Email only
2755,Ms Heather Buckley,NO,Rogaland,60-74,2022-12-17,1,Individual,Full
2756,Scott Wallis,NO,Trøndelag,30-44,2025-12-28,2,Individual,Full
2757,Mr Kyle Anderson,NO,Vestland,75+,2022-12-04,2,Individual,Full
2758,George Buckley,NO,Vestland,45-59,2022-10-08,1,Individual,Email only
2759,Mr Bernard Ashton,NO,Rogaland,30-44,2022-03-07,1,Individual,Full
2760,Darren Hall,NO,Vestland,18-29,2022-02-18,2,Individual,Full
2761,Mohammed Sheppard,DK,Hovedstaden,45-59,2022-12-19,3,Individual,Full
2762,Claire Robinson,FI,Pohjois-Pohjanmaa,45-59,2023-10-03,4,Individual,Full
2763,Jenna Barnes-Dixon,SE,Skåne,60-74,2022-01-15,1,Individual,Email only
2764,Connor Adams,FI,Uusimaa,30-44,2022-01-23,3,Individual,Full
2765,Dr Andrea Foster,SE,Västra Götaland,75+,2025-06-01,5,Individual,Full
2766,Louise Sheppard,FI,Pohjois-Pohjanmaa,60-74,2022-11-05,4,Individual,Full
2767,Bethan Birch,NO,Oslo,45-59,2024-10-30,3,Individual,Full
2768,Dr Paul Simpson,FI,Uusimaa,45-59,2024-12-10,6,Individual,Email only
2769,Raymond Wright,FI,Pirkanmaa,45-59,2025-09-07,2,Individual,Email only
2770,Nigel Archer,DK,Syddanmark,60-74,2023-12-20,1,Individual,Full
2771,Brenda Carroll,FI,Varsinais-Suomi,30-44,2022-12-26,1,Trust,Full
2772,Catherine Gregory,,Varsinais-Suomi,18-29,2024-12-13,2,Individual,Full
2773,Jemma Wright-Bell,SE,Stockholm,30-44,2024-04-27,2,Individual,Full
2774,Thomas Daniels,FI,Varsinais-Suomi,30-44,2025-04-12,4,Individual,Full
2775,Katy Jackson,FI,Varsinais-Suomi,45-59,2024-06-11,4,Corporate,Full
2776,Dr Kirsty Brown,NO,Trøndelag,45-59,2023-12-05,2,Individual,Full
2777,Dr Lindsey Jones,SE,Stockholm,30-44,2025-08-20,5,Individual,Email only
2778,Hazel Clark,FI,Varsinais-Suomi,60-74,2022-05-29,2,Individual,Full
2779,Lewis Thomas,NO,Trøndelag,45-59,2025-12-12,3,Corporate,Post only
2780,Frederick Thomas,FI,Pohjois-Pohjanmaa,18-29,2025-12-15,1,Individual,Full
2781,Mrs Helen Preston,FI,Pohjois-Pohjanmaa,30-44,2022-12-29,3,Individual,Full
2782,Dr Jason Williams,FI,Pirkanmaa,75+,2024-05-06,1,Individual,Email only
2783,Dr Edward Chapman,SE,Västra Götaland,45-59,2024-06-12,4,Individual,Email only
2784,Gillian Atkinson,NO,Rogaland,45-59,2025-02-25,1,Individual,Full
2785,Andrew West,FI,Pohjois-Pohjanmaa,45-59,2024-08-03,1,Individual,Full
2786,Mr Guy Hudson,FI,Pohjois-Pohjanmaa,60-74,2023-10-28,1,Individual,Full
2787,Harriet Smith,SE,Skåne,45-59,2024-04-06,6,Individual,Full
2788,Rachel Watts,NO,Vestland,45-59,2023-12-02,5,Individual,Full
2789,Dr Lynne Hewitt,NO,Trøndelag,45-59,2022-07-23,4,Individual,Full
2790,Oliver Rice,FI,Pirkanmaa,18-29,2022-05-28,2,Individual,Full
2791,Mr Jay Henry,FI,Pirkanmaa,60-74,2023-12-08,4,Individual,Full
2792,Kimberley Baker,SE,Uppsala,30-44,2024-12-25,2,Individual,Full
2793,Barry Hopkins,FI,Varsinais-Suomi,45-59,2025-12-03,1,Individual,Full
2794,Jay Singh,NO,Trøndelag,60-74,2022-05-02,1,Individual,Full
2795,Holly Conway,SE,Uppsala,60-74,2022-12-13,5,Individual,Full
2796,Lee Kelly,FI,Uusimaa,45-59,2025-09-20,4,Individual,Email only
2797,Jamie White,SE,Uppsala,45-59,2023-12-19,3,Individual,Full
2798,Christian Wheeler,FI,Uusimaa,60-74,2022-03-03,1,Individual,Full
2799,Susan Brown,FI,Pirkanmaa,45-59,2023-11-09,4,Individual,Post only
2800,Dr Alan Wilkinson,DK,Midtjylland,30-44,2024-01-21,4,Individual,Full
2801,Abdul Stevens,DK,Hovedstaden,45-59,2022-09-12,1,Individual,Full
2802,Miss Ann Woods,FI,Pohjois-Pohjanmaa,30-44,2022-06-22,3,Individual,Post only
2803,Kyle Foster-Smith,FI,Pirkanmaa,75+,2024-08-13,1,Individual,Email only
2804,Jenna Brown,FI,Varsinais-Suomi,60-74,2025-05-04,4,Individual,Full
2805,Miss Anna Smith,FI,Pohjois-Pohjanmaa,30-44,2025-06-05,6,Individual,Full
2806,Jasmine Foster,FI,Pohjois-Pohjanmaa,45-59,2023-12-20,1,Individual,Full
2807,Rosemary Price-Smith,FI,Pohjois-Pohjanmaa,18-29,2023-03-30,1,Individual,Full
2808,Maureen Kirk,FI,Pohjois-Pohjanmaa,45-59,2022-04-21,2,Individual,Email only
2809,Daniel Rogers,SE,Stockholm,45-59,2025-03-13,4,Individual,Full
2810,Graeme Hooper-Chapman,DK,Sjælland,60-74,2024-09-03,3,Individual,Email only
2811,Dr Julia Reid,SE,Skåne,60-74,2023-12-27,1,Individual,Full
2812,Timothy Harvey-Nelson,NO,Vestland,45-59,2025-08-22,5,Individual,Full
2813,Rachel Gregory-Ellis,SE,Skåne,30-44,2024-12-28,6,Individual,Full
2814,Mrs Maria Harvey,FI,Pohjois-Pohjanmaa,30-44,2024-07-20,1,Individual,Full
2815,Mrs Kathryn Vaughan,FI,Varsinais-Suomi,60-74,2024-05-30,5,Individual,Email only
2816,Jonathan Wright,FI,Pirkanmaa,60-74,2022-06-17,3,Individual,Full
2817,Ms Tracy Macdonald,SE,Stockholm,45-59,2022-04-30,2,Individual,Post only
2818,Diane Lewis,FI,Varsinais-Suomi,45-59,2024-05-09,5,Individual,Post only
2819,Alan Gallagher,FI,Pirkanmaa,60-74,2025-10-09,6,Individual,Post only
2820,Conor Harding,SE,Västra Götaland,75+,2024-03-23,4,Individual,Email only
2821,Miss Jennifer Johnson,SE,Skåne,75+,2022-01-10,3,Individual,Full
2822,Mrs Lucy Nicholls,SE,Uppsala,60-74,2024-02-01,1,Individual,Email only
2823,Jacqueline Hyde-Nelson,NO,Rogaland,60-74,2024-06-20,5,Individual,Post only
2824,Dr Naomi Wilson,SE,Skåne,30-44,2022-12-03,1,Individual,Full
2825,Ben Smith,FI,Pohjois-Pohjanmaa,30-44,2022-12-04,1,Individual,Post only
2826,Dr Nicole Robinson,DK,Syddanmark,60-74,2023-11-02,2,Individual,Full
2827,Robert Smith,DK,Syddanmark,18-29,2023-04-29,2,Individual,Post only
2828,Mr Wayne Powell,NO,Oslo,45-59,2023-08-19,1,Individual,Full
2829,Mr Dominic Craig,FI,Pirkanmaa,18-29,2025-09-05,2,Individual,Full
2830,Dr Phillip Wilkinson,DK,Midtjylland,45-59,2023-01-06,1,Individual,Full
2831,Dr Stephen Davison,NO,Vestland,30-44,2022-10-08,1,Individual,Full
2832,Dr Cheryl Gilbert,SE,Västra Götaland,30-44,2024-10-20,1,Individual,Full
2833,Leslie Clarke,SE,Uppsala,30-44,2025-01-14,5,Individual,Full
2834,Amy Powell,FI,Varsinais-Suomi,45-59,2025-12-03,2,Individual,Post only
2835,Katie Chandler,SE,Västra Götaland,75+,2025-09-30,2,Individual,Full
2836,Dean Pritchard-Cook,FI,Uusimaa,60-74,2024-10-07,2,Individual,Email only
2837,Ashley Butler,FI,Uusimaa,60-74,2025-01-30,1,Individual,Email only
2838,Miss Melanie Cole,SE,Västra Götaland,45-59,2022-11-29,3,Individual,Full
2839,Scott Fox,NO,Rogaland,60-74,2022-11-08,2,Individual,Email only
2840,Miss Deborah Taylor,FI,Pirkanmaa,60-74,2023-12-14,2,Individual,Full
2841,Beth Kent-Porter,,Västra Götaland,60-74,2022-04-13,1,Individual,Email only
2842,Dr Nicholas Gibson,SE,Stockholm,30-44,2024-09-03,1,Individual,Full
2843,Christopher Sanderson-Brown,NO,Trøndelag,45-59,2024-07-21,1,Corporate,Full
2844,Dr Zoe Evans,FI,Uusimaa,30-44,2024-12-26,2,Individual,Full
2845,Melissa Roberts,FI,Uusimaa,75+,2023-01-17,2,Individual,Full
2846,Dr Duncan Knight,SE,Skåne,30-44,2023-03-12,2,Individual,Full
2847,Lewis Morgan-Davies,FI,Varsinais-Suomi,60-74,2023-04-29,4,Individual,Email only
2848,Darren Lucas,,Skåne,30-44,2022-12-13,2,Individual,Full
2849,Ms Bethany Kaur,FI,Varsinais-Suomi,18-29,2022-12-12,6,Individual,Full
2850,Mr Mohamed Spencer,SE,Västra Götaland,30-44,2023-03-02,3,Individual,Post only
2851,Amanda Gallagher,SE,Uppsala,60-74,2024-11-17,4,Individual,Email only
2852,Miss Shirley Saunders,DK,Sjælland,18-29,2022-12-18,1,Individual,Full
2853,Jodie Smith,FI,Uusimaa,60-74,2023-12-07,2,Individual,Full
2854,Joshua Davies,FI,Uusimaa,60-74,2022-02-22,1,Individual,Full
2855,Charlotte Woodward,DK,Syddanmark,30-44,2024-12-05,2,Individual,Full
2856,Dr Amanda O'Donnell,SE,Stockholm,45-59,2025-11-28,1,Individual,Full
2857,Conor Allen,SE,Uppsala,45-59,2022-09-05,2,Individual,Full
2858,Sam Hodgson,FI,Pirkanmaa,45-59,2023-12-22,2,Individual,Full
2859,Leanne Banks-Johnson,NO,Trøndelag,18-29,2025-02-17,1,Individual,Full
2860,Dr Elaine Lowe,SE,Västra Götaland,30-44,2023-03-15,1,Individual,Full
2861,Marie Rhodes-Kelly,SE,Skåne,30-44,2023-12-08,2,Individual,Full
2862,Joel Phillips,SE,Uppsala,30-44,2023-03-18,4,Individual,Email only
2863,Mr Tom Porter,FI,Varsinais-Suomi,18-29,2022-11-18,2,Individual,Full
2864,Dr Gerald Hill,DK,Sjælland,30-44,2024-10-02,1,Individual,Full
2865,Victor Parkes,SE,Skåne,45-59,2023-09-20,1,Individual,Full
2866,Oliver Hutchinson,NO,Trøndelag,30-44,2025-12-07,2,Corporate,Full
2867,Judith Holden,FI,Varsinais-Suomi,30-44,2024-12-26,7,Individual,Full
2868,Dr Frederick Farrell,SE,Västra Götaland,30-44,2023-12-30,4,Individual,Email only
2869,Jayne Patel,NO,Oslo,60-74,2023-05-31,5,Individual,Full
2870,Miss Sharon Lyons,SE,Västra Götaland,60-74,2024-12-24,1,Individual,Post only
2871,Nicole Adams-Atkinson,SE,Stockholm,30-44,2025-01-26,2,Individual,Full
2872,Dr David Bishop,FI,Uusimaa,30-44,2025-12-11,4,Corporate,Full
2873,Russell Lee,,Uppsala,60-74,2023-04-24,2,Individual,Full
2874,Shaun Parkes,DK,Sjælland,30-44,2024-08-06,1,Trust,Full
2875,Elaine Edwards,NO,Rogaland,45-59,2023-08-31,2,Individual,Full
2876,Dominic Turner,NO,Oslo,75+,2025-10-20,2,Individual,Full
2877,Vanessa Dyer,FI,Uusimaa,75+,2022-01-01,2,Individual,Full
2878,Elaine Robinson,SE,Västra Götaland,45-59,2025-08-10,3,Individual,Full
2879,Maurice Dennis,SE,Uppsala,45-59,2022-07-31,3,Individual,Full
2880,Rita Stephens,FI,Uusimaa,75+,2022-08-13,2,Individual,Full
2881,Miss Louise James,SE,Skåne,30-44,2022-12-10,2,Individual,Full
2882,Tom Smith,SE,Stockholm,45-59,2023-10-16,1,Trust,Email only
2883,Gerard Mitchell,SE,Västra Götaland,75+,2024-11-01,1,Individual,Email only
2884,Dr Fiona Lane,FI,Uusimaa,45-59,2025-03-16,1,Individual,Full
2885,Linda Frost,NO,Rogaland,45-59,2025-03-11,1,Individual,Full
2886,Philip Warren,SE,Uppsala,60-74,2024-08-31,1,Individual,Email only
2887,Ms Kimberley Gibbs,,Uppsala,30-44,2024-12-31,2,Individual,Full
2888,Terry Grant-Welch,SE,Stockholm,18-29,2024-11-28,3,Individual,Full
2889,Maria Clark,FI,Pirkanmaa,18-29,2022-12-07,1,Individual,Email only
2890,Owen Saunders,SE,Skåne,60-74,2025-07-17,1,Individual,Full
2891,Brian Ahmed,SE,Skåne,75+,2023-03-02,1,Individual,Full
2892,Francis Ward,FI,Uusimaa,75+,2025-11-06,1,Individual,Full
2893,Lynn Shaw,DK,Syddanmark,60-74,2025-12-20,1,Individual,Full
2894,Stephen Peacock,FI,Varsinais-Suomi,45-59,2022-02-01,5,Individual,Email only
2895,Ryan Butcher-Hart,FI,Uusimaa,45-59,2024-12-12,1,Individual,Full
2896,Pamela Sharp,NO,Oslo,30-44,2025-08-16,2,Individual,Full
2897,Tina May,SE,Uppsala,45-59,2024-11-02,2,Individual,Full
2898,Mr Liam Bennett,FI,Pohjois-Pohjanmaa,30-44,2024-12-12,2,Corporate,Post only
2899,Malcolm Shah,NO,Vestland,60-74,2025-02-04,5,Individual,Email only
2900,Miss Sylvia Mills,NO,Oslo,18-29,2023-04-26,2,Individual,Full
2901,Ms Tracey Cooper,SE,Västra Götaland,60-74,2023-12-16,2,Individual,Full
2902,Anna Stewart,NO,Vestland,60-74,2022-09-03,1,Corporate,Full
2903,Damian Brown,FI,Varsinais-Suomi,45-59,2022-08-25,2,Individual,Full
2904,Julie Hutchinson,DK,Syddanmark,45-59,2025-05-25,6,Individual,Full
2905,Julia Lee-Thompson,DK,Sjælland,60-74,2023-12-05,1,Individual,Full
2906,Mohamed Smith,FI,Varsinais-Suomi,18-29,2024-10-03,1,Individual,Full
2907,Carl Ball,DK,Syddanmark,18-29,2022-12-13,1,Individual,Email only
2908,William Cooper-Hall,FI,Varsinais-Suomi,75+,2025-03-20,1,Individual,Full
2909,Marc Cox,FI,Varsinais-Suomi,45-59,2025-07-22,1,Individual,Full
2910,Miss Linda Riley,,Pohjois-Pohjanmaa,30-44,2023-12-06,1,Individual,Full
2911,Abbie Norris,SE,Västra Götaland,60-74,2024-10-31,5,Individual,Email only
2912,Harry Rowe,FI,Varsinais-Suomi,30-44,2022-07-17,1,Individual,Full
2913,Ms Lynne Cox,SE,Skåne,30-44,2023-10-20,1,Individual,Full
2914,Debra Connor,FI,Varsinais-Suomi,18-29,2024-10-10,1,Individual,Full
2915,Liam Khan-Coleman,FI,Uusimaa,30-44,2024-03-16,1,Individual,Post only
2916,Robert Williams,FI,Pirkanmaa,30-44,2023-12-30,5,Corporate,Email only
2917,Dr Edward Smith,NO,Rogaland,45-59,2023-12-04,4,Individual,Full
2918,Miss Shirley Wood,FI,Uusimaa,30-44,2022-06-01,1,Individual,Post only
2919,Francis Jones,FI,Pirkanmaa,45-59,2025-11-06,1,Individual,Full
2920,Shirley Griffiths,SE,Västra Götaland,75+,2024-11-26,1,Individual,Email only
2921,Aaron Hudson,FI,Varsinais-Suomi,75+,2023-09-02,2,Individual,Full
2922,Paige Payne,NO,Oslo,45-59,2022-10-29,3,Individual,Full
2923,Clare Howarth,FI,Varsinais-Suomi,30-44,2023-05-13,4,Individual,Full
2924,Benjamin Martin,FI,Pohjois-Pohjanmaa,75+,2022-04-17,1,Individual,Email only
2925,Marcus Birch,NO,Vestland,30-44,2025-05-08,4,Individual,Full
2926,Alexandra Hunt,FI,Uusimaa,75+,2024-07-08,2,Individual,Email only
2927,Donna Dickinson-Griffiths,DK,Midtjylland,45-59,2025-12-27,1,Individual,Full
2928,Dr Gemma Hope,FI,Varsinais-Suomi,45-59,2024-04-16,6,Individual,Full
2929,Kayleigh Jackson,FI,Uusimaa,18-29,2023-11-20,1,Individual,Email only
2930,Mrs Anne Wall,FI,Pohjois-Pohjanmaa,45-59,2023-09-06,1,Individual,Full
2931,Colin Holt,NO,Trøndelag,60-74,2025-09-02,4,Individual,Full
2932,Mrs Lydia Pearce,SE,Uppsala,60-74,2022-11-09,1,Individual,Full
2933,Nicole Palmer,SE,Uppsala,30-44,2022-06-20,1,Individual,Email only
2934,Dr Tom Smith,NO,Rogaland,45-59,2024-12-12,1,Individual,Full
2935,Katie Wells,SE,Uppsala,45-59,2025-10-20,1,Individual,Full
2936,Jessica Smith,SE,Västra Götaland,45-59,2022-06-28,3,Individual,Full
2937,Mr Bryan Rees,FI,Varsinais-Suomi,60-74,2024-10-31,6,Individual,Full
2938,Miss Ruth Carter,FI,Uusimaa,30-44,2024-03-11,5,Individual,Full
2939,Cameron Hardy,,Uppsala,45-59,2024-06-09,1,Individual,Full
2940,Alex Brookes-Webb,NO,Rogaland,60-74,2023-09-13,4,Individual,Email only
2941,Catherine Berry,SE,Västra Götaland,60-74,2024-05-12,2,Individual,Full
2942,Albert Thomas-Webb,FI,Uusimaa,45-59,2023-08-04,2,Individual,Full
2943,Mr Lee Ward,SE,Skåne,45-59,2025-04-06,4,Individual,Full
2944,Beth Jordan,SE,Skåne,18-29,2025-09-08,1,Individual,Email only
2945,Clifford Jones-Barker,,Varsinais-Suomi,75+,2023-12-12,6,Individual,Full
2946,Louise Mann,NO,Vestland,45-59,2025-12-10,2,Individual,Full
2947,Keith Hart-Stephenson,FI,Varsinais-Suomi,45-59,2025-12-08,4,Individual,Full
2948,David Ward-Williamson,,Varsinais-Suomi,18-29,2023-10-22,1,Individual,Full
2949,Dr Kevin Jones,FI,Pirkanmaa,45-59,2022-06-15,1,Individual,Full
2950,Lawrence Smith,SE,Stockholm,45-59,2022-02-08,2,Individual,Full
2951,Annette Atkinson,NO,Trøndelag,45-59,2022-04-27,2,Individual,Full
2952,Laura Brooks-Skinner,FI,Pohjois-Pohjanmaa,45-59,2023-09-21,4,Individual,Full
2953,Mrs Maria O'Donnell,,Uusimaa,30-44,2025-04-30,2,Individual,Full
2954,Jeffrey Singh,NO,Trøndelag,60-74,2022-04-25,4,Individual,Full
2955,Anne Naylor,FI,Varsinais-Suomi,30-44,2024-04-02,2,Individual,Full
2956,Jemma Todd,FI,Pirkanmaa,30-44,2023-10-24,2,Individual,Full
2957,Kelly Watson,DK,Syddanmark,75+,2022-07-14,6,Individual,Full
2958,David Parkin,SE,Västra Götaland,18-29,2023-12-30,1,Individual,Full
2959,Mrs Ruth Peters,FI,Pohjois-Pohjanmaa,60-74,2024-03-17,2,Individual,Full
2960,Joyce Gibson,DK,Midtjylland,30-44,2024-06-12,1,Individual,Full
2961,Mrs Kirsty Chambers,FI,Pohjois-Pohjanmaa,18-29,2022-12-24,1,Individual,Email only
2962,Naomi Hardy-Iqbal,SE,Stockholm,30-44,2025-08-30,5,Individual,Full
2963,Mr Jeremy White,FI,Pohjois-Pohjanmaa,30-44,2024-05-22,3,Individual,Email only
2964,Mr Craig John,SE,Uppsala,60-74,2025-10-10,6,Individual,Full
2965,Abigail Walker,,Skåne,30-44,2024-10-24,3,Individual,Post only
2966,Lewis Conway,FI,Pirkanmaa,60-74,2023-12-18,5,Individual,Post only
2967,Timothy Singh,FI,Pirkanmaa,60-74,2023-11-12,4,Individual,Full
2968,Jack Robson,SE,Skåne,60-74,2025-12-27,2,Individual,Full
2969,Louis Pope,NO,Oslo,60-74,2025-09-16,2,Individual,Email only
2970,Maurice West,NO,Vestland,45-59,2023-06-08,4,Individual,Full
2971,Maureen Webb-Rogers,,Västra Götaland,18-29,2022-11-10,5,Individual,Full
2972,Carole Gardner-Edwards,SE,Västra Götaland,18-29,2024-04-19,5,Individual,Email only
2973,Emma Watson-Tyler,FI,Varsinais-Suomi,45-59,2024-01-01,1,Individual,Email only
2974,Joshua Price-Murray,SE,Västra Götaland,45-59,2025-12-17,4,Individual,Full
2975,Dr Dominic Wyatt,DK,Hovedstaden,75+,2022-08-01,1,Individual,Full
2976,Jemma Thomas,DK,Syddanmark,30-44,2024-04-18,1,Individual,Full
2977,Scott Elliott,FI,Varsinais-Suomi,60-74,2022-11-07,5,Individual,Full
2978,Sophie Brown,SE,Västra Götaland,75+,2022-12-24,2,Individual,Email only
2979,Marie Clayton,FI,Pohjois-Pohjanmaa,18-29,2024-10-10,1,Individual,Email only
2980,Dr Lawrence Rogers,FI,Pirkanmaa,30-44,2024-12-10,2,Individual,Full
2981,Francis Clark,FI,Varsinais-Suomi,18-29,2024-10-09,1,Individual,Full
2982,Deborah Walters,NO,Vestland,18-29,2023-11-17,5,Individual,Full
2983,Matthew Allen,FI,Varsinais-Suomi,60-74,2022-09-22,5,Individual,Full
2984,Robin Ali,SE,Uppsala,60-74,2022-05-10,1,Individual,Email only
2985,Robin Thomas-Gray,,Uppsala,75+,2024-12-27,1,Individual,Full
2986,Ricky George,FI,Uusimaa,18-29,2025-07-20,1,Individual,Email only
2987,Mrs Mary Humphreys,FI,Pohjois-Pohjanmaa,45-59,2024-02-13,4,Individual,Full
2988,Mr Adrian Baldwin,NO,Rogaland,45-59,2024-06-28,2,Individual,Email only
2989,Dr Ben Robertson,SE,Skåne,60-74,2023-06-28,6,Individual,Post only
2990,Katy Fisher,,Uusimaa,60-74,2023-11-27,4,Individual,Full
2991,Bruce Wilkinson,FI,Uusimaa,75+,2025-04-07,7,Individual,Full
2992,Jake Taylor-Evans,SE,Västra Götaland,30-44,2022-10-24,1,Individual,Full
2993,Joanna Cross,SE,Skåne,60-74,2023-06-07,6,Individual,Full
2994,Mr Lee Sanderson,,Oslo,18-29,2025-12-11,2,Individual,Full
2995,Clifford Myers,SE,Västra Götaland,30-44,2023-12-31,2,Individual,Email only
2996,Dr Natalie Baker,DK,Syddanmark,45-59,2025-04-30,1,Corporate,Full
2997,Jemma Pearson-Gregory,NO,Vestland,75+,2022-01-04,1,Individual,Full
2998,Kathleen Stevens,FI,Varsinais-Suomi,60-74,2023-12-03,1,Individual,Full
2999,George Murphy,FI,Uusimaa,45-59,2024-04-22,1,Individual,Full
3000,Amanda Lewis,DK,Sjælland,60-74,2022-12-02,4,Individual,Full
3001,Dr Sally Porter,FI,Uusimaa,18-29,2025-05-28,2,Individual,Full
3002,Kayleigh Banks-Bryant,FI,Uusimaa,45-59,2024-04-17,5,Individual,Email only
3003,Marcus Butler,FI,Varsinais-Suomi,45-59,2022-01-15,2,Individual,Full
3004,Dr Christopher Reed,FI,Uusimaa,18-29,2022-12-17,2,Individual,Full
3005,Mr Christian Lyons,SE,Uppsala,60-74,2022-03-04,2,Individual,Full
3006,Mrs Joanne Gallagher,SE,Stockholm,60-74,2023-04-09,1,Individual,Full
3007,Benjamin Brown,FI,Pirkanmaa,45-59,2023-12-21,2,Individual,Post only
3008,Jacob Burke,DK,Midtjylland,75+,2025-12-12,3,Individual,Full
3009,Maria Mistry-Ryan,FI,Varsinais-Suomi,45-59,2023-07-28,5,Individual,Full
3010,Scott Murphy,FI,Varsinais-Suomi,60-74,2025-03-05,2,Individual,Email only
3011,Graeme King,SE,Västra Götaland,18-29,2024-12-03,4,Individual,Email only
3012,Josh Smith,SE,Stockholm,45-59,2024-04-22,1,Individual,Email only
3013,Mohamed Singh,NO,Trøndelag,18-29,2024-09-15,1,Individual,Full
3014,Christine Hughes,FI,Varsinais-Suomi,30-44,2022-07-03,1,Individual,Full
3015,Dr Hugh Fitzgerald,SE,Stockholm,75+,2023-10-25,1,Individual,Full
3016,Ms Rachel King,FI,Pirkanmaa,45-59,2022-09-23,4,Individual,Full
3017,Ms Katie Fox,FI,Pohjois-Pohjanmaa,45-59,2023-10-06,2,Corporate,Full
3018,Francesca Shaw,SE,Västra Götaland,18-29,2024-11-07,1,Individual,Full
3019,Dr Norman Smith,FI,Pohjois-Pohjanmaa,60-74,2024-08-25,1,Individual,Full
3020,Dr Mohammad Walker,SE,Uppsala,60-74,2024-04-19,4,Individual,Full
3021,Carolyn Davis,FI,Uusimaa,30-44,2023-05-23,3,Individual,Post only
3022,Laura Ward-Hill,SE,Uppsala,30-44,2023-11-17,1,Trust,Full
3023,Dale Johnson,SE,Västra Götaland,45-59,2023-05-01,1,Individual,Email only
3024,Joel Williams,FI,Uusimaa,30-44,2022-12-10,3,Individual,Full
3025,Derek Myers-Richardson,NO,Trøndelag,18-29,2024-12-23,2,Individual,Full
3026,Aaron Hilton,SE,Uppsala,45-59,2022-07-05,2,Individual,Full
3027,Rebecca Bennett,DK,Hovedstaden,30-44,2022-10-08,1,Individual,Full
3028,Harriet Bryan,DK,Hovedstaden,45-59,2022-10-17,5,Individual,Post only
3029,Amy Powell,FI,Pohjois-Pohjanmaa,18-29,2025-04-25,2,Individual,Full
3030,Mr Victor Smith,FI,Uusimaa,60-74,2023-06-16,1,Individual,Post only
3031,Katherine Wilson,FI,Varsinais-Suomi,75+,2022-06-01,1,Individual,Full
3032,Mr Bryan Atkins,FI,Pohjois-Pohjanmaa,30-44,2024-09-18,3,Individual,Full
3033,Jonathan Davies,NO,Vestland,18-29,2022-12-31,7,Individual,Full
3034,Derek Thompson,SE,Uppsala,45-59,2023-07-12,1,Individual,Full
3035,Richard Rowe,FI,Varsinais-Suomi,30-44,2023-12-28,6,Individual,Email only
3036,Janet Parsons,NO,Vestland,60-74,2025-11-27,3,Individual,Full
3037,Dr Gregory Hobbs,DK,Midtjylland,45-59,2023-12-16,5,Individual,Email only
3038,Damian Hill,FI,Pohjois-Pohjanmaa,45-59,2025-12-27,4,Individual,Full
3039,Dr Jacqueline Webster,DK,Syddanmark,75+,2024-06-22,1,Individual,Email only
3040,David Lloyd-Adams,FI,Uusimaa,75+,2025-12-29,1,Individual,Full
3041,Rachael Smith-Cooper,DK,Syddanmark,45-59,2024-12-24,2,Individual,Full
3042,Beth Rowe,SE,Stockholm,18-29,2025-05-10,4,Individual,Full
3043,Duncan Smith,FI,Pirkanmaa,30-44,2024-01-20,2,Individual,Post only
3044,Elliot Smith-Bull,SE,Skåne,75+,2023-05-02,3,Individual,Full
3045,Abdul Simpson-Warren,SE,Stockholm,60-74,2024-04-15,3,Individual,Full
3046,Miss Wendy Woodward,SE,Stockholm,30-44,2024-03-13,1,Individual,Full
3047,Lindsey Howarth-Cunningham,FI,Pohjois-Pohjanmaa,45-59,2023-11-04,2,Individual,Full
3048,Amber Macdonald-Baker,FI,Varsinais-Suomi,45-59,2023-10-30,2,Individual,Full
3049,Dr Eric Faulkner,NO,Vestland,60-74,2024-01-28,1,Individual,Full
3050,Lucy Clarke,NO,Vestland,30-44,2024-11-17,1,Individual,Full
3051,Susan Dodd-Quinn,FI,Uusimaa,60-74,2024-12-12,4,Individual,Full
3052,Eileen Cartwright,SE,Västra Götaland,18-29,2025-02-27,1,Individual,Full
3053,Mr Denis Young,FI,Pirkanmaa,60-74,2023-12-05,3,Corporate,Post only
3054,Dr Benjamin Woods,FI,Uusimaa,45-59,2024-09-03,3,Individual,Email only
3055,Dr Gary Brooks,,Pirkanmaa,30-44,2024-04-14,2,Individual,Full
3056,Leon Murphy-Wyatt,FI,Uusimaa,30-44,2025-02-20,2,Individual,Full
3057,Dr Neil Wallace,SE,Stockholm,45-59,2025-02-06,1,Individual,Email only
3058,Megan Warren,FI,Uusimaa,45-59,2022-03-08,5,Individual,Full
3059,Aimee Clarke,SE,Västra Götaland,45-59,2024-11-11,2,Individual,Full
3060,Maurice Walker-Hussain,NO,Vestland,45-59,2023-06-03,1,Individual,Full
3061,Rachael Adams,SE,Västra Götaland,75+,2024-11-29,2,Corporate,Full
3062,Louise Bull,FI,Pohjois-Pohjanmaa,18-29,2022-11-17,1,Individual,Full
3063,Dr Lawrence Hawkins,NO,Oslo,45-59,2025-02-16,1,Individual,Post only
3064,Clive Cooke,SE,Stockholm,18-29,2023-03-26,5,Individual,Email only
3065,Dr Hannah Moore,SE,Skåne,30-44,2025-12-25,1,Individual,Full
3066,Jean Edwards,DK,Syddanmark,60-74,2022-05-24,1,Individual,Email only
3067,Jill Thompson,SE,Uppsala,30-44,2025-01-23,1,Individual,Full
3068,Ms Gemma Butcher,FI,Pohjois-Pohjanmaa,45-59,2022-10-05,2,Individual,Full
3069,Christine Preston,FI,Uusimaa,75+,2022-10-30,4,Individual,Full
3070,Carl Wilkinson,FI,Pirkanmaa,60-74,2025-10-11,2,Individual,Full
3071,Maureen Bell,FI,Varsinais-Suomi,60-74,2025-05-17,1,Corporate,Email only
3072,Elaine Anderson-Newman,NO,Trøndelag,30-44,2023-09-11,1,Individual,Full
3073,Sam Warren,NO,Oslo,60-74,2022-10-04,3,Individual,Email only
3074,Harriet Davis,SE,Västra Götaland,60-74,2023-04-25,4,Individual,Full
3075,Wendy Parkinson,DK,Sjælland,75+,2025-04-22,1,Corporate,Full
3076,Mrs Alison Smith,SE,Uppsala,45-59,2024-03-26,2,Individual,Full
3077,Judith Hall-Roberts,NO,Trøndelag,60-74,2024-10-23,2,Individual,Full
3078,Charlie Osborne,SE,Skåne,75+,2022-12-02,2,Individual,Full
3079,Scott Davies,NO,Rogaland,18-29,2025-08-04,1,Individual,Full
3080,Dawn Butler-Jenkins,,Vestland,45-59,2024-12-17,4,Individual,Full
3081,Harry Clayton,NO,Vestland,45-59,2023-09-26,1,Individual,Email only
3082,Miss Francesca Thorpe,NO,Vestland,45-59,2023-09-19,1,Individual,Full
3083,Christopher Davies,SE,Stockholm,45-59,2022-01-11,2,Individual,Full
3084,Mary Quinn,DK,Syddanmark,18-29,2025-07-02,3,Individual,Full
3085,Ms Sian Murphy,NO,Trøndelag,60-74,2025-05-25,1,Individual,Email only
3086,Leslie Kent,NO,Rogaland,45-59,2025-12-01,1,Individual,Full
3087,Mathew Richards,,Uusimaa,30-44,2023-11-16,4,Individual,Email only
3088,Maria Parsons,FI,Pohjois-Pohjanmaa,75+,2022-11-15,6,Individual,Full
3089,Jack Coleman,NO,Vestland,60-74,2025-12-08,5,Individual,Full
3090,Anna Phillips,NO,Trøndelag,18-29,2025-12-02,1,Individual,Full
3091,Heather Whitehouse,FI,Varsinais-Suomi,75+,2023-07-05,3,Individual,Email only
3092,Richard Collins,FI,Uusimaa,60-74,2022-07-21,2,Individual,Email only
3093,Dr Dylan Bell,SE,Skåne,18-29,2025-02-23,1,Individual,Post only
3094,Antony Barnes,SE,Uppsala,60-74,2022-01-18,1,Individual,Full
3095,Lisa Cross,SE,Västra Götaland,18-29,2025-08-07,1,Individual,Full
3096,Dawn Clements,SE,Stockholm,18-29,2024-01-13,1,Individual,Email only
3097,Dr Daniel Wood,SE,Skåne,60-74,2025-08-22,5,Individual,Full
3098,Leah Day,NO,Rogaland,18-29,2022-12-06,2,Individual,Full
3099,Scott Adams,FI,Pohjois-Pohjanmaa,30-44,2024-12-03,7,Individual,Full
3100,Bryan Cole,SE,Västra Götaland,75+,2024-12-17,2,Individual,Email only
3101,Joanne Farrell,FI,Pirkanmaa,75+,2024-11-22,3,Individual,Full
3102,Dr Shirley Morgan,SE,Stockholm,45-59,2024-12-01,1,Individual,Full
3103,Bruce Chambers,NO,Rogaland,60-74,2022-11-11,5,Individual,Full
3104,Reece Short-May,SE,Stockholm,30-44,2024-05-24,1,Individual,Email only
3105,Carol Reed,FI,Uusimaa,75+,2024-12-06,2,Individual,Full
3106,Jessica Harper,SE,Västra Götaland,30-44,2023-10-25,4,Individual,Email only
3107,Stuart Miller,SE,Skåne,45-59,2024-12-13,5,Individual,Full
3108,Nicola Russell,NO,Vestland,30-44,2024-01-11,2,Individual,Full
3109,Olivia Garner,NO,Oslo,30-44,2023-05-22,2,Individual,Full
3110,Steven White,FI,Pohjois-Pohjanmaa,45-59,2022-12-29,2,Individual,Full
3111,Christopher Field,DK,Syddanmark,45-59,2024-12-28,2,Corporate,Full
3112,Dr Valerie Thompson,FI,Uusimaa,60-74,2023-04-23,1,Individual,Full
3113,Norman Bull,NO,Trøndelag,60-74,2024-10-31,3,Individual,Full
3114,Kathryn Davies,NO,Trøndelag,60-74,2025-02-18,4,Individual,Full
3115,Ms Megan Sullivan,FI,Pohjois-Pohjanmaa,75+,2024-12-28,2,Individual,Full
3116,Carol O'Donnell,NO,Oslo,60-74,2025-10-11,4,Individual,Full
3117,Gillian Taylor,SE,Skåne,30-44,2025-12-26,2,Individual,Email only
3118,Amanda Davies,SE,Västra Götaland,30-44,2025-12-29,1,Individual,Full
3119,Colin Brown,,Skåne,30-44,2024-08-31,1,Individual,Email only
3120,Jeremy Smith-Ball,NO,Vestland,60-74,2024-03-09,1,Individual,Post only
3121,Miss Lynn Shah,FI,Pirkanmaa,18-29,2022-12-21,1,Individual,Full
3122,Dr John McLean,,Varsinais-Suomi,75+,2023-01-15,5,Individual,Full
3123,Roy Chambers-Cooke,DK,Sjælland,18-29,2025-07-08,1,Individual,Full
3124,Suzanne Harper,FI,Varsinais-Suomi,30-44,2024-12-17,6,Individual,Full
3125,Nathan Todd,SE,Skåne,45-59,2022-03-09,7,Individual,Full
3126,Dr Nigel Reynolds,NO,Rogaland,60-74,2022-03-20,2,Individual,Full
3127,Mr Dominic Wallis,NO,Vestland,60-74,2024-12-27,5,Individual,Full
3128,Hannah Ward,,Pirkanmaa,18-29,2023-02-08,1,Individual,Full
3129,Ms Francesca Kaur,FI,Uusimaa,45-59,2022-01-05,1,Individual,Full
3130,Joyce Simpson-Walker,FI,Uusimaa,18-29,2022-08-02,4,Individual,Full
3131,Iain Morgan,FI,Uusimaa,45-59,2023-11-21,5,Individual,Post only
3132,Kathleen George,FI,Uusimaa,18-29,2025-01-24,1,Individual,Full
3133,Emma Lee,FI,Varsinais-Suomi,60-74,2022-01-18,5,Individual,Full
3134,Mr Jeffrey Saunders,SE,Skåne,60-74,2022-08-29,1,Individual,Full
3135,Claire Lyons,DK,Syddanmark,60-74,2024-09-04,1,Individual,Full
3136,Bryan Green,NO,Oslo,60-74,2022-09-14,1,Individual,Full
3137,Miss Paula Fitzgerald,DK,Hovedstaden,60-74,2025-12-12,4,Individual,Email only
3138,Colin Taylor,FI,Pirkanmaa,60-74,2023-11-07,1,Individual,Full
3139,Mitchell Rose,NO,Trøndelag,75+,2022-05-10,2,Individual,Full
3140,Dennis Singh,NO,Oslo,60-74,2022-05-22,2,Individual,Full
3141,Alex Bartlett,FI,Pirkanmaa,45-59,2024-04-12,6,Individual,Full
3142,Jayne Phillips,FI,Varsinais-Suomi,45-59,2025-08-16,1,Individual,Full
3143,Brian Thompson,SE,Skåne,30-44,2022-11-12,6,Individual,Full
3144,Michelle Cooke,FI,Varsinais-Suomi,60-74,2024-10-07,1,Individual,Full
3145,Debra Richardson,NO,Vestland,30-44,2023-01-27,2,Individual,Full
3146,Dr Rachael Jones,FI,Pohjois-Pohjanmaa,30-44,2024-05-27,2,Individual,Full
3147,Elliott Smith,FI,Uusimaa,30-44,2022-07-08,1,Individual,Post only
3148,Rosemary McLean,SE,Stockholm,30-44,2023-12-13,1,Individual,Full
3149,Mr Connor Taylor,NO,Rogaland,60-74,2022-01-19,1,Individual,Email only
3150,Clare Hughes,FI,Pohjois-Pohjanmaa,45-59,2025-02-04,4,Individual,Full
3151,Kelly Mason-Franklin,DK,Hovedstaden,45-59,2025-05-23,2,Individual,Full
3152,Lucy Scott,FI,Pirkanmaa,18-29,2023-12-10,1,Individual,Email only
3153,Tina Wright,FI,Uusimaa,18-29,2025-06-07,1,Individual,Full
3154,Wendy Gardner,FI,Pohjois-Pohjanmaa,18-29,2024-11-30,3,Individual,Full
3155,Sophie Long,FI,Pohjois-Pohjanmaa,45-59,2025-12-19,5,Individual,Full
3156,Jayne Dean-Cook,DK,Hovedstaden,30-44,2024-12-08,4,Individual,Post only
3157,Deborah Rowley,DK,Sjælland,30-44,2025-10-06,1,Individual,Full
3158,Peter Cooper-Davidson,SE,Västra Götaland,60-74,2023-05-11,2,Individual,Full
3159,Paige Oliver,NO,Vestland,30-44,2022-01-07,2,Individual,Full
3160,Jeffrey Cook-Wade,FI,Pirkanmaa,30-44,2022-02-18,2,Individual,Full
3161,Mr Victor Bibi,FI,Pirkanmaa,45-59,2025-12-25,4,Individual,Email only
3162,Damian Wood,DK,Hovedstaden,30-44,2025-10-27,2,Individual,Email only
3163,Jean Powell-James,FI,Uusimaa,45-59,2022-10-03,1,Individual,Full
3164,Dr Dorothy Bennett,SE,Uppsala,60-74,2023-03-13,1,Individual,Full
3165,Kieran Lawson,,Pohjois-Pohjanmaa,60-74,2025-01-19,1,Individual,Full
3166,Eleanor Patterson-Allen,DK,Midtjylland,30-44,2023-10-03,1,Individual,Full
3167,Dr Gareth West,SE,Västra Götaland,18-29,2022-11-02,2,Individual,Full
3168,Chelsea Begum,NO,Rogaland,30-44,2024-11-29,1,Individual,Full
3169,Joan Watts-Fletcher,DK,Midtjylland,30-44,2024-12-10,2,Individual,Email only
3170,Kerry Johnson-Potts,SE,Stockholm,60-74,2025-05-25,3,Individual,Full
3171,Anthony Quinn,FI,Uusimaa,30-44,2025-05-20,1,Individual,Email only
3172,Abdul Lewis,FI,Uusimaa,45-59,2025-11-17,5,Individual,Full
3173,Jonathan Field,DK,Hovedstaden,18-29,2024-11-05,2,Individual,Post only
3174,Molly Stone-Wright,FI,Pirkanmaa,60-74,2022-05-30,5,Individual,Full
3175,Geoffrey Allan,FI,Pirkanmaa,30-44,2023-09-03,3,Individual,Full
3176,Richard Khan,FI,Uusimaa,30-44,2023-12-25,1,Individual,Full
3177,Richard Stephenson,SE,Uppsala,60-74,2023-12-29,4,Individual,Email only
3178,Yvonne Edwards-Bolton,NO,Rogaland,45-59,2023-02-05,1,Individual,Full
3179,Dr Ashley Brown,FI,Uusimaa,45-59,2023-12-09,1,Individual,Full
3180,Louis Lucas-Singh,FI,Varsinais-Suomi,45-59,2022-10-27,2,Individual,Full
3181,Bradley Hall-Barry,SE,Skåne,60-74,2022-05-22,4,Individual,Full
3182,Gerald Hill-Barrett,FI,Pohjois-Pohjanmaa,18-29,2022-10-21,3,Individual,Post only
3183,Mrs Georgina Harris,FI,Pirkanmaa,60-74,2025-12-29,1,Individual,Post only
3184,Sara Fowler,FI,Varsinais-Suomi,30-44,2024-05-22,5,Individual,Full
3185,Francis Wilson,FI,Uusimaa,30-44,2023-12-31,2,Individual,Full
3186,Denise Campbell,FI,Varsinais-Suomi,75+,2024-12-30,1,Individual,Full
3187,Natalie Smith,SE,Skåne,60-74,2022-02-17,5,Individual,Full
3188,Carly Garner,DK,Hovedstaden,18-29,2024-12-10,2,Individual,Post only
3189,Leanne Griffin,SE,Skåne,30-44,2023-12-22,5,Individual,Full
3190,Irene Tucker-Hodgson,DK,Midtjylland,30-44,2023-04-29,2,Individual,Full
3191,Glenn Wood,NO,Vestland,45-59,2022-12-31,5,Individual,Full
3192,Eric Mills-Holt,FI,Pirkanmaa,30-44,2024-12-17,2,Individual,Email only
3193,Anna Preston-Price,FI,Varsinais-Suomi,18-29,2023-06-19,1,Individual,Full
3194,Dr Christian Howarth,FI,Varsinais-Suomi,60-74,2024-12-26,6,Individual,Email only
3195,Leanne Graham,FI,Pohjois-Pohjanmaa,60-74,2024-09-17,1,Individual,Full
3196,Gary Knight,NO,Trøndelag,45-59,2025-09-03,1,Individual,Email only
3197,Samantha Ahmed,DK,Sjælland,18-29,2024-11-21,2,Individual,Full
3198,Dr Janet McLean,SE,Uppsala,75+,2023-12-29,5,Individual,Email only
3199,Henry Coleman-Carey,FI,Pohjois-Pohjanmaa,60-74,2023-12-13,2,Trust,Post only
3200,Ms Natalie Watson,SE,Uppsala,18-29,2025-05-19,2,Individual,Full
3201,Roy Jennings,NO,Oslo,30-44,2023-09-10,1,Individual,Full
3202,Aimee Hughes,SE,Uppsala,45-59,2022-04-18,4,Individual,Full
3203,Joanne Coates,FI,Pirkanmaa,75+,2022-01-23,1,Individual,Full
3204,Melanie Hill,FI,Varsinais-Suomi,60-74,2024-02-21,1,Individual,Post only
3205,Robert Davies,FI,Pohjois-Pohjanmaa,45-59,2025-08-27,6,Individual,Full
3206,Amy White,SE,Västra Götaland,60-74,2022-01-25,2,Individual,Full
3207,Katherine Smith-Cunningham,DK,Hovedstaden,30-44,2025-08-15,1,Individual,Full
3208,Barry Richards,FI,Varsinais-Suomi,45-59,2025-08-29,3,Individual,Full
3209,Mr Billy Patel,SE,Västra Götaland,30-44,2022-12-29,3,Individual,Full
3210,Elaine Cameron,FI,Varsinais-Suomi,45-59,2022-03-12,2,Individual,Full
3211,Mr Lawrence Woodward,SE,Västra Götaland,45-59,2022-12-16,3,Individual,Full
3212,Katherine Stevens,SE,Skåne,30-44,2025-09-21,1,Individual,Full
3213,Lauren Morgan,FI,Uusimaa,45-59,2022-12-15,2,Individual,Email only
3214,Miss June May,NO,Vestland,45-59,2024-09-05,4,Trust,Full
3215,Carly Berry,SE,Stockholm,75+,2024-03-07,4,Corporate,Full
3216,Damien Brown,NO,Oslo,30-44,2022-03-31,4,Individual,Post only
3217,Kate Sanders,,Varsinais-Suomi,60-74,2022-09-03,2,Individual,Full
3218,Francesca Wright,SE,Västra Götaland,60-74,2023-08-18,6,Individual,Full
3219,Teresa Davidson,FI,Pirkanmaa,60-74,2024-09-05,1,Individual,Email only
3220,Ross Smith,FI,Pirkanmaa,45-59,2025-01-08,2,Individual,Full
3221,Mary Hewitt,FI,Pirkanmaa,45-59,2025-05-23,2,Individual,Full
3222,Dr Robert Bennett,FI,Varsinais-Suomi,18-29,2024-12-13,1,Individual,Post only
3223,Leonard Mitchell,FI,Varsinais-Suomi,60-74,2023-04-19,2,Individual,Full
3224,Timothy Johnson,DK,Sjælland,75+,2022-02-24,5,Individual,Full
3225,Dr Shannon Brown,NO,Rogaland,60-74,2023-05-01,4,Individual,Full
3226,Albert Morgan,FI,Uusimaa,18-29,2022-11-05,6,Individual,Full
3227,Miss Lynne Marsden,DK,Sjælland,45-59,2025-12-09,1,Individual,Full
3228,Alison Martin,NO,Trøndelag,45-59,2024-11-05,4,Individual,Full
3229,Robert Williams,SE,Uppsala,60-74,2022-06-28,4,Individual,Email only
3230,Dr Samuel Wilson,SE,Stockholm,60-74,2023-10-19,4,Individual,Full
3231,Toby Campbell-Walsh,FI,Pirkanmaa,45-59,2025-12-26,5,Individual,Full
3232,Barbara Davis-Warner,SE,Uppsala,45-59,2023-12-29,1,Individual,Full
3233,Dr Ashleigh Hutchinson,FI,Uusimaa,75+,2025-12-07,4,Individual,Full
3234,Irene Lee,FI,Varsinais-Suomi,45-59,2024-10-22,2,Individual,Email only
3235,Mr Alexander Scott,FI,Uusimaa,45-59,2024-10-14,1,Individual,Email only
3236,Clare Bailey,FI,Varsinais-Suomi,45-59,2024-10-09,4,Individual,Email only
3237,Dr June Lees,NO,Rogaland,60-74,2024-03-06,1,Individual,Full
3238,Alex Patel,NO,Rogaland,18-29,2025-03-06,2,Individual,Full
3239,Ms Anne Jackson,SE,Skåne,30-44,2024-08-25,1,Individual,Full
3240,Mrs Leah Wilkins,SE,Uppsala,30-44,2023-12-10,3,Corporate,Full
3241,Natasha Moore,FI,Uusimaa,30-44,2024-10-04,2,Individual,Full
3242,Denis Simmons,DK,Syddanmark,30-44,2025-09-18,1,Individual,Email only
3243,Garry White,DK,Sjælland,45-59,2022-12-07,3,Individual,Full
3244,Diane Sharpe,SE,Västra Götaland,60-74,2024-12-24,4,Individual,Email only
3245,Kayleigh Jones,NO,Vestland,60-74,2024-04-15,1,Individual,Full
3246,Philip Watson,FI,Pirkanmaa,75+,2024-09-03,1,Individual,Full
3247,Roy Bond,NO,Vestland,60-74,2022-12-03,1,Individual,Full
3248,Dr Ronald Bennett,DK,Syddanmark,60-74,2023-05-01,1,Individual,Post only
3249,Dr Cameron Hill,SE,Stockholm,30-44,2022-05-21,2,Individual,Email only
3250,Ms Marian Kennedy,NO,Trøndelag,18-29,2023-12-02,1,Individual,Email only
3251,Glenn Hill,NO,Trøndelag,45-59,2024-12-18,1,Individual,Full
3252,Dr Wayne Smith,SE,Uppsala,45-59,2022-04-26,2,Individual,Full
3253,Vincent Phillips,FI,Pirkanmaa,45-59,2025-12-13,2,Individual,Full
3254,Dr Alison Bibi,FI,Pirkanmaa,60-74,2023-11-14,1,Individual,Full
3255,Miss Irene Thomas,FI,Pirkanmaa,30-44,2023-12-15,2,Individual,Full
3256,Ricky Ross,FI,Uusimaa,60-74,2025-10-31,4,Individual,Email only
3257,Mr Gavin Fisher,FI,Pirkanmaa,45-59,2025-01-13,3,Individual,Full
3258,Karl Turner,DK,Sjælland,18-29,2023-07-17,2,Individual,Full
3259,Amanda Lloyd,DK,Syddanmark,60-74,2022-11-21,4,Individual,Full
3260,Mr Paul Gough,SE,Uppsala,30-44,2025-12-02,2,Individual,Full
3261,Dr Mohamed Howard,,Stockholm,45-59,2023-01-29,5,Individual,Full
3262,Leigh Smith,FI,Varsinais-Suomi,60-74,2025-04-29,2,Individual,Full
3263,Dr James Wheeler,DK,Sjælland,60-74,2025-12-21,2,Individual,Full
3264,Anthony Davis,FI,Pohjois-Pohjanmaa,30-44,2023-02-08,5,Individual,Full
3265,Samantha Bennett,FI,Uusimaa,75+,2022-01-26,5,Individual,Full
3266,Katy Byrne,SE,Uppsala,18-29,2024-09-29,6,Individual,Full
3267,Conor Davies-Harris,FI,Pohjois-Pohjanmaa,45-59,2024-12-03,2,Individual,Email only
3268,Dean Grant,FI,Uusimaa,30-44,2025-09-10,2,Individual,Full
3269,Susan Potter,FI,Uusimaa,45-59,2024-02-03,2,Individual,Full
3270,Alice Wright,NO,Vestland,75+,2025-02-05,4,Corporate,Email only
3271,Julie Baker,SE,Uppsala,30-44,2022-01-05,6,Individual,Full
3272,Eileen Cole,NO,Vestland,45-59,2022-12-24,6,Individual,Full
3273,Cameron Moore,FI,Varsinais-Suomi,18-29,2024-09-06,4,Individual,Email only
3274,Dr Linda Taylor,NO,Oslo,18-29,2025-04-26,1,Corporate,Email only
3275,Dr Hugh Reed,SE,Västra Götaland,60-74,2022-05-19,4,Individual,Full
3276,Julie Hughes,FI,Pirkanmaa,45-59,2024-09-12,1,Individual,Full
3277,Max Yates,SE,Västra Götaland,30-44,2025-10-28,1,Individual,Full
3278,Nicola Fletcher-Gardiner,NO,Vestland,45-59,2023-12-13,3,Individual,Full
3279,Ronald Coates,FI,Varsinais-Suomi,45-59,2022-05-27,1,Individual,Email only
3280,Ashleigh Wright,DK,Sjælland,75+,2024-03-24,6,Individual,Email only
3281,Dr Toby Clarke,FI,Pohjois-Pohjanmaa,18-29,2023-12-05,1,Individual,Full
3282,Miss Cheryl Davies,DK,Sjælland,60-74,2022-10-08,4,Corporate,Full
3283,Joanna Turner-Chandler,FI,Varsinais-Suomi,18-29,2023-08-24,2,Individual,Full
3284,Frances Williams,DK,Sjælland,18-29,2023-03-03,1,Individual,Full
3285,Melanie Edwards,SE,Skåne,75+,2025-12-21,1,Individual,Full
3286,Mr Julian Martin,DK,Hovedstaden,45-59,2022-12-17,3,Individual,Full
3287,Nicole Dale-Cox,SE,Stockholm,18-29,2024-12-31,2,Individual,Post only
3288,Charlene Chapman,NO,Oslo,60-74,2025-08-22,5,Individual,Full
3289,Georgia Jenkins,SE,Uppsala,60-74,2023-12-23,2,Individual,Email only
3290,Callum Williams-Hall,FI,Pirkanmaa,30-44,2025-05-10,6,Individual,Full
3291,Ross Hopkins,DK,Syddanmark,30-44,2022-06-15,1,Individual,Full
3292,Dr Gemma Collins,FI,Pohjois-Pohjanmaa,75+,2024-04-26,1,Individual,Email only
3293,Katherine Wright,,Uppsala,45-59,2024-10-27,2,Individual,Full
3294,Dr Jessica Lucas,FI,Pohjois-Pohjanmaa,60-74,2025-12-28,1,Individual,Full
3295,Declan Gill,SE,Stockholm,30-44,2023-12-25,2,Individual,Full
3296,Mr Joshua French,NO,Oslo,45-59,2024-11-11,1,Individual,Full
3297,Emily Bell,NO,Oslo,45-59,2025-06-13,1,Individual,Full
3298,Mr Stewart Gibson,DK,Midtjylland,45-59,2024-05-24,4,Individual,Email only
3299,Francesca Macdonald,SE,Skåne,30-44,2025-12-26,1,Individual,Full
3300,Ms Kathryn McKenzie,NO,Trøndelag,45-59,2022-12-19,6,Individual,Full
3301,Harry O'Brien,NO,Rogaland,30-44,2022-10-04,2,Individual,Email only
3302,Lesley Law,SE,Västra Götaland,45-59,2024-05-23,1,Individual,Full
3303,Brandon Owen,FI,Varsinais-Suomi,75+,2023-03-01,4,Individual,Email only
3304,Ms Hollie John,FI,Uusimaa,30-44,2024-10-22,1,Individual,Full
3305,Danny Lewis-Wright,NO,Oslo,60-74,2022-08-11,1,Individual,Full
3306,Carol Fraser-Spencer,NO,Trøndelag,18-29,2024-07-29,1,Individual,Full
3307,Joyce Ward,FI,Varsinais-Suomi,45-59,2024-05-14,1,Individual,Full
3308,Dr Alexander John,DK,Midtjylland,18-29,2025-01-05,1,Individual,Full
3309,Miss Nicole Mann,FI,Pohjois-Pohjanmaa,45-59,2023-10-10,1,Corporate,Full
3310,Stephen O'Brien,DK,Sjælland,45-59,2022-11-26,2,Individual,Full
3311,Brett Parry-Taylor,NO,Oslo,45-59,2025-05-14,4,Individual,Email only
3312,Gerald Jones,NO,Rogaland,30-44,2025-05-27,1,Individual,Email only
3313,Dr Louis Smith,FI,Pirkanmaa,30-44,2025-02-19,2,Individual,Email only
3314,Dr Sally Wilkinson,NO,Trøndelag,60-74,2022-10-28,1,Individual,Full
3315,Ms Joanna Khan,FI,Pohjois-Pohjanmaa,30-44,2023-12-02,3,Individual,Full
3316,Carol Frost,DK,Sjælland,18-29,2022-12-25,2,Individual,Full
3317,Dr Dawn Coates,FI,Varsinais-Suomi,45-59,2025-07-31,1,Individual,Email only
3318,Brett Lynch-Wells,SE,Västra Götaland,18-29,2025-08-15,2,Individual,Full
3319,Mr Antony Willis,FI,Pohjois-Pohjanmaa,75+,2024-06-05,5,Individual,Email only
3320,Francesca Bradley,FI,Varsinais-Suomi,30-44,2024-12-08,4,Individual,Full
3321,Patrick Cooke,FI,Pirkanmaa,60-74,2023-06-18,7,Individual,Email only
3322,Eileen Begum,FI,Pirkanmaa,45-59,2025-12-12,4,Individual,Full
3323,Charlie Harrison,FI,Pohjois-Pohjanmaa,60-74,2022-07-11,2,Individual,Email only
3324,Nigel Reed,FI,Varsinais-Suomi,60-74,2024-12-14,1,Individual,Post only
3325,Sheila Cox-Wallis,FI,Uusimaa,18-29,2023-02-11,4,Individual,Full
3326,Dr Charlie Whitehead,,Pohjois-Pohjanmaa,18-29,2025-06-18,1,Individual,Full
3327,Hugh Brown,SE,Skåne,60-74,2022-01-29,1,Individual,Full
3328,Dr Eric Power,SE,Uppsala,30-44,2025-10-15,5,Individual,Post only
3329,June Fitzgerald,FI,Uusimaa,18-29,2022-12-16,4,Individual,Full
3330,Shirley Skinner,DK,Midtjylland,60-74,2022-12-23,2,Individual,Full
3331,Gail Fitzgerald,FI,Uusimaa,30-44,2024-02-15,2,Individual,Post only
3332,Hilary Williamson,DK,Hovedstaden,30-44,2023-11-06,1,Individual,Full
3333,Mr Joel Shah,FI,Pirkanmaa,60-74,2024-02-23,2,Individual,Full
3334,Howard Hammond-Turner,SE,Skåne,60-74,2022-01-27,2,Individual,Post only
3335,Mr Tony Moore,SE,Stockholm,18-29,2025-03-01,2,Individual,Email only
3336,Jemma Graham-Ahmed,DK,Hovedstaden,60-74,2024-08-28,2,Individual,Full
3337,Beverley Russell,FI,Varsinais-Suomi,45-59,2024-11-17,1,Individual,Full
3338,Stephanie Rogers,NO,Oslo,60-74,2024-12-26,2,Individual,Post only
3339,Naomi Watson,NO,Rogaland,45-59,2022-12-16,6,Individual,Full
3340,Ross Thompson,DK,Syddanmark,45-59,2024-08-02,2,Individual,Email only
3341,Miss Margaret O'Neill,NO,Oslo,60-74,2022-01-25,1,Individual,Full
3342,Cheryl Wood-Williams,FI,Uusimaa,18-29,2023-12-14,2,Individual,Full
3343,Bernard Hamilton,NO,Trøndelag,60-74,2023-08-03,1,Individual,Full
3344,Beth Smith,NO,Trøndelag,30-44,2025-05-30,1,Individual,Full
3345,Mrs Kelly Greenwood,NO,Vestland,60-74,2023-05-30,1,Individual,Full
3346,Ronald Sinclair,FI,Pohjois-Pohjanmaa,30-44,2023-12-23,2,Individual,Full
3347,Ms Sylvia Wilson,FI,Pirkanmaa,45-59,2024-10-12,6,Individual,Full
3348,Mr Ronald O'Connor,NO,Oslo,30-44,2024-12-21,1,Individual,Full
3349,Mr Gerard Green,SE,Skåne,45-59,2022-11-14,2,Individual,Email only
3350,Mrs Lauren Lee,FI,Pohjois-Pohjanmaa,30-44,2022-01-18,5,Individual,Full
3351,Miss Samantha Hussain,NO,Rogaland,18-29,2025-12-03,1,Individual,Full
3352,Dr Sean Williams,FI,Varsinais-Suomi,45-59,2023-04-30,2,Individual,Full
3353,Dr Andrea Miah,FI,Pohjois-Pohjanmaa,45-59,2023-10-15,2,Corporate,Full
3354,Ms Kathryn Booth,FI,Uusimaa,45-59,2024-10-17,1,Individual,Full
3355,Dean Bates,DK,Sjælland,18-29,2022-10-13,3,Individual,Full
3356,Alexandra Potts,SE,Uppsala,30-44,2025-05-17,5,Individual,Full
3357,Cameron Williams,NO,Vestland,45-59,2024-11-23,2,Individual,Email only
3358,Dr Wayne Rose,SE,Uppsala,30-44,2022-12-23,1,Individual,Email only
3359,Lesley Taylor-Grant,FI,Uusimaa,45-59,2023-09-04,1,Individual,Full
3360,Miss Maureen Barker,SE,Uppsala,60-74,2025-02-10,4,Individual,Full
3361,Leon Sharp,SE,Västra Götaland,18-29,2023-12-20,2,Individual,Full
3362,Mr Joshua Hughes,NO,Vestland,30-44,2025-05-19,1,Individual,Full
3363,Tracey Anderson-Wilson,NO,Rogaland,45-59,2023-11-25,2,Individual,Email only
3364,Matthew Griffiths,FI,Uusimaa,30-44,2023-09-20,1,Individual,Post only
3365,Ms Pamela Dennis,FI,Uusimaa,18-29,2024-02-04,2,Individual,Email only
3366,Dr Declan Clark,FI,Pohjois-Pohjanmaa,45-59,2024-07-13,3,Individual,Email only
3367,Dr Jason Palmer,DK,Syddanmark,60-74,2024-02-19,1,Individual,Email only
3368,Dr Hazel Jones,SE,Uppsala,30-44,2023-12-14,2,Individual,Full
3369,Clare Todd,SE,Skåne,60-74,2022-12-05,3,Individual,Full
3370,Rita Price,FI,Pohjois-Pohjanmaa,60-74,2025-12-12,4,Individual,Full
3371,Dr Kenneth Bull,SE,Västra Götaland,60-74,2025-12-24,2,Individual,Full
3372,Ms Abbie Bibi,DK,Syddanmark,60-74,2023-10-24,3,Individual,Full
3373,Karen Taylor,DK,Midtjylland,75+,2025-11-13,4,Individual,Email only
3374,Maria Ball,DK,Syddanmark,30-44,2023-12-25,1,Individual,Email only
3375,Shirley Shepherd-Hall,SE,Stockholm,60-74,2023-12-18,2,Individual,Full
3376,Mrs Kim Wilson,DK,Hovedstaden,18-29,2023-04-17,6,Individual,Full
3377,Stanley Gray,SE,Västra Götaland,30-44,2022-09-01,1,Corporate,Full
3378,Christine Chapman,,Pohjois-Pohjanmaa,30-44,2024-07-02,1,Individual,Email only
3379,Charles Patterson,SE,Uppsala,45-59,2023-11-05,1,Individual,Email only
3380,Aaron Barber-Hall,NO,Vestland,75+,2025-12-12,4,Individual,Full
3381,Terence Evans,FI,Uusimaa,18-29,2023-04-26,4,Individual,Email only
3382,Ms Hannah Ryan,FI,Pirkanmaa,30-44,2025-05-20,1,Individual,Full
3383,Carol White-Manning,SE,Skåne,60-74,2022-06-28,3,Individual,Full
3384,Geoffrey Wright,NO,Trøndelag,45-59,2023-05-13,1,Individual,Email only
3385,Brenda Walters,FI,Pirkanmaa,45-59,2025-12-07,2,Corporate,Full
3386,Mr Trevor Walsh,FI,Pohjois-Pohjanmaa,30-44,2025-12-27,3,Individual,Post only
3387,Marilyn Robertson-Murphy,DK,Midtjylland,30-44,2022-12-15,3,Individual,Full
3388,Deborah Price-Howell,SE,Skåne,45-59,2024-12-23,4,Corporate,Full
3389,Wayne Jones-Parkes,NO,Vestland,75+,2025-12-28,5,Individual,Full
3390,Mrs Amber Johnson,SE,Skåne,30-44,2025-07-10,3,Individual,Full
3391,Annette Jones-Russell,FI,Varsinais-Suomi,60-74,2022-01-05,4,Individual,Full
3392,Geraldine Owen,SE,Stockholm,30-44,2022-02-14,1,Individual,Full
3393,Joe Begum,NO,Oslo,18-29,2023-05-30,3,Individual,Full
3394,Elaine Marshall-Sanders,FI,Pohjois-Pohjanmaa,45-59,2024-06-27,1,Individual,Full
3395,Jade Harper,FI,Uusimaa,30-44,2022-12-22,2,Individual,Email only
3396,Dr Eric Barber,SE,Skåne,60-74,2025-11-15,3,Individual,Full
3397,Connor Mason,NO,Rogaland,30-44,2025-10-17,2,Individual,Post only
3398,Stacey Mann,DK,Midtjylland,30-44,2023-09-26,2,Individual,Full
3399,Katy Preston,NO,Vestland,60-74,2023-12-12,1,Individual,Post only
3400,Kieran Jones,NO,Rogaland,60-74,2024-01-06,4,Individual,Full
3401,Jonathan Taylor,FI,Pohjois-Pohjanmaa,18-29,2022-01-01,2,Individual,Full
3402,Matthew Potter,FI,Pohjois-Pohjanmaa,45-59,2022-12-03,1,Individual,Full
3403,Dr Sandra Rowe,SE,Västra Götaland,60-74,2025-01-18,2,Individual,Email only
3404,Mrs Gail Harvey,SE,Stockholm,45-59,2022-12-07,1,Individual,Full
3405,Samantha Fisher-Walker,FI,Uusimaa,30-44,2025-12-14,3,Individual,Email only
3406,Mr Mohammed White,FI,Pohjois-Pohjanmaa,30-44,2024-12-05,1,Individual,Full
3407,Adam O'Brien,SE,Stockholm,45-59,2024-05-07,3,Individual,Full
3408,Dr Stewart Kay,FI,Uusimaa,18-29,2024-10-10,1,Individual,Full
3409,Mr John Wright,FI,Uusimaa,18-29,2024-09-16,2,Individual,Full
3410,Emma Rogers,FI,Pirkanmaa,45-59,2025-05-31,3,Individual,Full
3411,Edward Kelly,DK,Midtjylland,75+,2025-06-05,4,Individual,Full
3412,Mrs Kathryn Hall,FI,Pirkanmaa,45-59,2022-12-01,1,Individual,Full
3413,Dr Paul Lord,FI,Uusimaa,45-59,2025-03-04,6,Individual,Full
3414,Mr Leigh Hicks,FI,Pirkanmaa,60-74,2024-01-05,2,Individual,Full
3415,Sian Smith,SE,Stockholm,60-74,2025-10-21,2,Individual,Email only
3416,Abbie Walters-Carroll,DK,Syddanmark,60-74,2025-10-12,4,Individual,Full
3417,Janice Long,DK,Syddanmark,75+,2025-10-25,1,Individual,Full
3418,Melanie Hart,FI,Pirkanmaa,30-44,2023-01-09,1,Individual,Email only
3419,Owen Thomson-Lowe,NO,Trøndelag,18-29,2023-09-01,2,Individual,Full
3420,Kevin Watson,FI,Pohjois-Pohjanmaa,60-74,2022-12-14,2,Individual,Full
3421,Hugh Harris-Noble,SE,Västra Götaland,30-44,2025-12-30,1,Individual,Full
3422,Michelle Thomas-Hudson,SE,Skåne,60-74,2024-10-07,6,Individual,Full
3423,Dr Cheryl Simpson,FI,Varsinais-Suomi,30-44,2025-08-06,1,Individual,Full
3424,Andrea Iqbal,NO,Trøndelag,30-44,2023-11-10,2,Individual,Full
3425,Tony Webster,DK,Sjælland,60-74,2024-02-14,1,Individual,Full
3426,Jay Chadwick,SE,Skåne,30-44,2024-07-31,2,Individual,Email only
3427,Miss Barbara Bond,SE,Uppsala,30-44,2025-12-04,5,Individual,Full
3428,Caroline Miller-Hooper,FI,Uusimaa,45-59,2022-12-03,1,Individual,Full
3429,Jacob Norman,NO,Rogaland,60-74,2025-12-24,2,Individual,Email only
3430,Miss Annette King,SE,Stockholm,45-59,2023-12-15,1,Individual,Full
3431,Ms Ann Wilson,DK,Syddanmark,18-29,2022-03-15,2,Individual,Post only
3432,Ruth Black,FI,Pohjois-Pohjanmaa,45-59,2023-12-07,4,Individual,Email only
3433,Lynne Wright,FI,Varsinais-Suomi,60-74,2025-09-27,4,Individual,Email only
3434,Brian Ross,SE,Skåne,45-59,2024-02-11,5,Individual,Full
3435,Kyle Patel,FI,Varsinais-Suomi,18-29,2025-02-06,1,Individual,Full
3436,Megan King,SE,Stockholm,45-59,2024-10-27,2,Individual,Full
3437,Denis Hamilton,DK,Sjælland,30-44,2025-12-06,1,Individual,Full
3438,Alan Fraser-Price,NO,Oslo,45-59,2025-12-25,3,Individual,Full
3439,Barbara Glover,FI,Pirkanmaa,18-29,2025-03-31,1,Individual,Full
3440,Lewis Short,SE,Västra Götaland,30-44,2024-09-22,1,Individual,Full
3441,Damien Smith,SE,Skåne,18-29,2022-12-08,3,Individual,Full
3442,Mr Dean Taylor,DK,Midtjylland,75+,2023-11-10,4,Corporate,Full
3443,Barbara Matthews,FI,Varsinais-Suomi,45-59,2025-12-29,5,Individual,Email only
3444,Mr Dennis Collins,,Sjælland,60-74,2023-12-09,4,Individual,Full
3445,Diane Robinson,FI,Pohjois-Pohjanmaa,30-44,2025-08-21,1,Individual,Full
3446,Jennifer Simpson-Cook,NO,Oslo,45-59,2022-12-12,2,Individual,Full
3447,Timothy Birch,NO,Rogaland,75+,2022-10-31,1,Individual,Full
3448,Chelsea Walker,FI,Pohjois-Pohjanmaa,30-44,2023-05-06,2,Individual,Full
3449,Clive Martin,FI,Uusimaa,60-74,2025-12-09,4,Individual,Full
3450,Mr Tony Wallace,SE,Stockholm,75+,2023-01-04,2,Individual,Email only
3451,Joanna Morton,NO,Trøndelag,18-29,2025-06-05,4,Individual,Full
3452,William Jordan,FI,Uusimaa,60-74,2022-12-01,4,Individual,Full
3453,Rachael Cole,FI,Pohjois-Pohjanmaa,60-74,2022-12-06,3,Individual,Full
3454,Sandra Lowe,NO,Oslo,30-44,2025-11-05,2,Individual,Full
3455,Paige Shaw,DK,Hovedstaden,60-74,2023-04-15,1,Individual,Email only
3456,Christopher Baxter,FI,Varsinais-Suomi,18-29,2025-03-15,1,Individual,Full
3457,Lesley Gallagher-Clark,,Stockholm,60-74,2022-12-03,3,Individual,Email only
3458,Clifford Wilkins,SE,Västra Götaland,18-29,2023-09-15,1,Individual,Full
3459,Sian Powell-Brown,DK,Hovedstaden,75+,2025-11-23,2,Individual,Full
3460,Stacey Thomas,FI,Uusimaa,60-74,2025-12-09,1,Individual,Full
3461,Mr Gordon Middleton,SE,Stockholm,45-59,2023-07-02,1,Individual,Full
3462,Dr Adrian Saunders,FI,Varsinais-Suomi,30-44,2023-12-24,1,Individual,Full
3463,Iain Stokes,FI,Pohjois-Pohjanmaa,45-59,2025-11-10,1,Individual,Email only
3464,Dr Louise Green,DK,Hovedstaden,60-74,2022-12-21,6,Individual,Full
3465,Jamie Reid,FI,Pohjois-Pohjanmaa,75+,2023-01-13,1,Individual,Full
3466,Mr Glen Jones,NO,Oslo,45-59,2025-09-10,1,Individual,Email only
3467,Carol Frost,SE,Uppsala,30-44,2022-07-28,1,Individual,Full
3468,Dr Vincent Parker,NO,Oslo,45-59,2023-11-25,1,Corporate,Email only
3469,Dr Heather Lamb,NO,Oslo,45-59,2024-06-06,1,Individual,Full
3470,Miss Christine Bailey,,Västra Götaland,30-44,2024-12-27,4,Individual,Full
3471,Fiona Howe,DK,Hovedstaden,30-44,2025-12-30,2,Individual,Full
3472,Shane Jackson,FI,Uusimaa,75+,2022-11-10,2,Individual,Full
3473,Marion Gray,FI,Pirkanmaa,45-59,2023-01-07,2,Individual,Full
3474,Mr Barry Reynolds,DK,Sjælland,75+,2025-12-18,5,Individual,Full
3475,Barbara Rogers,FI,Pohjois-Pohjanmaa,45-59,2023-11-07,2,Individual,Email only
3476,Kayleigh Butler,DK,Syddanmark,18-29,2022-06-10,1,Individual,Email only
3477,William Todd-Lyons,NO,Rogaland,45-59,2024-06-05,2,Individual,Full
3478,Joe Russell,DK,Midtjylland,30-44,2022-12-30,6,Individual,Full
3479,Jemma Fox,FI,Uusimaa,30-44,2024-12-27,5,Corporate,Email only
3480,Eleanor Mason,DK,Sjælland,30-44,2022-03-06,6,Individual,Full
3481,Mr George Bell,SE,Stockholm,60-74,2025-08-14,2,Individual,Full
3482,Ms Lesley Taylor,FI,Uusimaa,18-29,2023-11-24,1,Individual,Full
3483,Ms Susan Brown,SE,Uppsala,30-44,2023-12-07,1,Individual,Full
3484,Joanne Singh,FI,Pirkanmaa,45-59,2022-12-12,1,Individual,Full
3485,Georgia Stewart-Kaur,SE,Stockholm,75+,2024-09-24,2,Individual,Post only
3486,Graeme Field-Riley,FI,Varsinais-Suomi,75+,2024-01-02,1,Individual,Email only
3487,Barry Patel,DK,Sjælland,45-59,2023-11-22,2,Individual,Full
3488,Maurice Ryan,FI,Uusimaa,30-44,2025-04-13,2,Corporate,Full
3489,Gavin Perkins,SE,Skåne,45-59,2024-12-01,2,Individual,Full
3490,Mr Denis Williams,FI,Pirkanmaa,30-44,2023-12-05,1,Individual,Email only
3491,Hilary Ford,NO,Trøndelag,45-59,2022-12-22,4,Individual,Post only
3492,Patrick Owen,NO,Rogaland,30-44,2025-12-27,1,Individual,Email only
3493,Miss Nicole Scott,NO,Vestland,30-44,2024-05-14,3,Individual,Email only
3494,Shaun Brown-Francis,SE,Stockholm,60-74,2024-03-10,7,Individual,Full
3495,Kyle Smith,DK,Syddanmark,45-59,2025-11-23,4,Individual,Full
3496,Melanie Barton,DK,Sjælland,45-59,2023-02-08,1,Individual,Full
3497,Aaron Phillips,NO,Trøndelag,45-59,2023-09-30,4,Individual,Full
3498,William Randall-Slater,FI,Varsinais-Suomi,30-44,2023-12-31,2,Corporate,Full
3499,John Thomas,FI,Uusimaa,45-59,2023-12-10,1,Individual,Email only
3500,Eric Coleman,,Uppsala,18-29,2023-12-17,6,Individual,Full
3501,Lydia Ellis,NO,Trøndelag,60-74,2022-09-03,4,Individual,Full
3502,Trevor Henderson,FI,Pohjois-Pohjanmaa,45-59,2025-05-25,3,Individual,Full
3503,Alex Baker,NO,Rogaland,30-44,2023-08-22,1,Individual,Full
3504,Jonathan Cunningham,NO,Vestland,45-59,2023-06-25,2,Individual,Full
3505,Dr Donna Wood,SE,Västra Götaland,45-59,2024-05-28,1,Individual,Full
3506,Simon Smith,NO,Oslo,18-29,2025-05-14,1,Individual,Post only
3507,Lynne Moore,NO,Oslo,18-29,2022-12-12,1,Corporate,Full
3508,Mr Francis Lowe,,Syddanmark,18-29,2025-03-03,1,Individual,Full
3509,Mrs Georgia Berry,SE,Skåne,30-44,2024-08-16,1,Individual,Full
3510,Lynne Clements,DK,Midtjylland,30-44,2025-05-27,6,Individual,Email only
3511,Darren Richards,NO,Vestland,60-74,2025-06-06,3,Individual,Full
3512,Hayley Watkins,FI,Varsinais-Suomi,30-44,2025-11-06,5,Individual,Post only
3513,Jason Andrews,NO,Vestland,45-59,2023-09-07,2,Individual,Email only
3514,Annette Williams-Perkins,DK,Hovedstaden,18-29,2022-12-26,1,Individual,Full
3515,Nathan Adams,SE,Stockholm,30-44,2025-03-18,3,Individual,Full
3516,Mr Sam Richardson,FI,Varsinais-Suomi,18-29,2025-05-14,2,Trust,Full
3517,Dr Judith Barber,FI,Varsinais-Suomi,60-74,2023-02-09,3,Individual,Full
3518,Carly Peacock,SE,Skåne,45-59,2025-03-08,1,Individual,Full
3519,Mrs Margaret Arnold,DK,Hovedstaden,45-59,2024-09-30,5,Individual,Post only
3520,Dale Smith-Shaw,,Stockholm,75+,2023-07-19,1,Individual,Full
3521,Tracy Miller,NO,Oslo,30-44,2024-05-20,7,Individual,Full
3522,Ms Diane Forster,SE,Västra Götaland,18-29,2023-04-12,1,Individual,Full
3523,Shannon Williams,NO,Rogaland,45-59,2024-12-14,2,Individual,Full
3524,Billy Bradley,FI,Varsinais-Suomi,60-74,2022-12-20,5,Individual,Email only
3525,Thomas Richards,FI,Varsinais-Suomi,18-29,2023-06-01,2,Individual,Full
3526,Elliot Jackson,FI,Pirkanmaa,18-29,2025-12-05,1,Individual,Full
3527,Arthur Davies,FI,Varsinais-Suomi,18-29,2023-12-13,2,Individual,Full
3528,Miss Janice White,NO,Trøndelag,18-29,2024-07-29,2,Individual,Email only
3529,Roger Martin,FI,Uusimaa,18-29,2024-03-02,4,Individual,Email only
3530,Ms Emma Patel,FI,Pohjois-Pohjanmaa,18-29,2024-12-04,2,Individual,Full
3531,Timothy Newman,FI,Pohjois-Pohjanmaa,45-59,2023-12-20,2,Individual,Full
3532,Stewart Duncan-Moore,SE,Stockholm,60-74,2023-03-13,1,Individual,Full
3533,Bethan Boyle,FI,Varsinais-Suomi,18-29,2025-03-16,4,Individual,Full
3534,Miss Deborah Nelson,SE,Västra Götaland,45-59,2023-12-19,2,Individual,Full
3535,Damian Johnson,NO,Trøndelag,30-44,2024-08-17,2,Individual,Full
3536,Hayley Foster,DK,Syddanmark,75+,2024-03-14,2,Individual,Email only
3537,Mrs Samantha Price,FI,Varsinais-Suomi,60-74,2022-12-01,1,Individual,Full
3538,Tom Williams,SE,Skåne,30-44,2025-11-25,2,Corporate,Full
3539,Kate Johnson,FI,Pohjois-Pohjanmaa,45-59,2025-06-18,4,Individual,Email only
3540,Stephanie Brooks,FI,Pirkanmaa,45-59,2022-12-27,1,Individual,Full
3541,Gerard Reid,FI,Uusimaa,45-59,2023-08-10,3,Individual,Full
3542,Valerie Howarth,SE,Skåne,45-59,2023-11-08,2,Individual,Email only
3543,Naomi Byrne,FI,Uusimaa,45-59,2023-12-15,1,Trust,Full
3544,Dr Terry Harris,SE,Västra Götaland,60-74,2022-05-23,3,Individual,Email only
3545,Gemma Cooper-Smith,DK,Syddanmark,18-29,2023-12-11,2,Individual,Full
3546,Dr Iain Anderson,NO,Oslo,18-29,2024-02-19,6,Individual,Full
3547,Miss Julia Davies,FI,Varsinais-Suomi,30-44,2022-09-26,1,Individual,Email only
3548,Mrs Yvonne Brooks,DK,Syddanmark,30-44,2025-09-05,4,Individual,Full
3549,Dean Bradley,,Varsinais-Suomi,18-29,2024-01-19,2,Individual,Full
3550,Gary Cooper,SE,Skåne,45-59,2025-09-30,5,Individual,Full
3551,Ann Shepherd,FI,Uusimaa,60-74,2022-09-04,2,Individual,Full
3552,Dr Mathew Williamson,FI,Pohjois-Pohjanmaa,45-59,2022-09-04,5,Trust,Email only
3553,Ms Andrea Ford,FI,Uusimaa,30-44,2024-10-20,2,Individual,Email only
3554,Dr Anthony Baker,FI,Uusimaa,75+,2022-12-10,4,Individual,Full
3555,Miss Denise Stanley,NO,Vestland,45-59,2022-08-10,2,Individual,Full
3556,Mr Anthony Foster,NO,Rogaland,60-74,2022-04-05,6,Individual,Email only
3557,Harriet Robinson,SE,Stockholm,75+,2022-07-13,1,Individual,Full
3558,Julie Andrews,SE,Skåne,30-44,2025-11-11,1,Individual,Full
3559,Clive Walsh,SE,Västra Götaland,45-59,2024-12-03,2,Individual,Email only
3560,Adam Arnold,FI,Pohjois-Pohjanmaa,18-29,2025-10-26,1,Individual,Full
3561,Bethan Stokes,FI,Uusimaa,75+,2023-06-24,4,Individual,Full
3562,Miss Karen Evans,,Stockholm,75+,2024-10-26,1,Individual,Full
3563,Dominic Harris,SE,Stockholm,60-74,2024-11-23,4,Individual,Full
3564,Dr Francis Brady,FI,Pohjois-Pohjanmaa,75+,2025-12-02,4,Individual,Full
3565,Brett Anderson,FI,Pirkanmaa,60-74,2025-06-08,3,Individual,Full
3566,Mrs Lucy Field,NO,Rogaland,45-59,2024-12-03,2,Individual,Full
3567,Ms Gillian Watts,DK,Hovedstaden,75+,2022-06-22,1,Individual,Email only
3568,Aaron Baker,FI,Varsinais-Suomi,60-74,2023-03-27,1,Individual,Full
3569,Ms Hannah Turner,NO,Vestland,18-29,2022-12-30,4,Individual,Full
3570,Timothy Bull,FI,Uusimaa,45-59,2024-12-28,4,Individual,Full
3571,Dr Christian Smith,NO,Rogaland,45-59,2023-12-29,3,Individual,Email only
3572,Lauren Buckley,DK,Hovedstaden,18-29,2025-12-02,4,Individual,Full
3573,Jodie Field,FI,Pohjois-Pohjanmaa,60-74,2023-10-23,1,Individual,Full
3574,Tina Lewis,SE,Stockholm,45-59,2022-12-27,5,Individual,Full
3575,Edward Hicks,DK,Syddanmark,60-74,2023-03-16,2,Individual,Full
3576,Stephanie Baldwin,FI,Pirkanmaa,18-29,2023-06-11,1,Individual,Post only
3577,Gary Williams,NO,Vestland,18-29,2022-05-23,3,Individual,Full
3578,Dr Leigh Pugh,FI,Varsinais-Suomi,45-59,2025-10-08,2,Individual,Email only
3579,Suzanne Johnston-Simpson,SE,Uppsala,18-29,2024-11-14,4,Individual,Full
3580,Dr Nigel Cox,SE,Västra Götaland,30-44,2022-10-06,1,Individual,Email only
3581,Adrian Frost,FI,Pirkanmaa,30-44,2024-11-04,1,Individual,Full
3582,Owen Taylor,SE,Skåne,75+,2022-11-04,6,Individual,Email only
3583,Harriet Davey-Hawkins,FI,Uusimaa,30-44,2022-04-23,5,Individual,Post only
3584,Marie Graham,SE,Stockholm,60-74,2022-12-04,2,Individual,Email only
3585,Mrs Georgia Wilson,NO,Trøndelag,45-59,2025-09-15,1,Individual,Full
3586,Ben Johnson,NO,Vestland,45-59,2024-05-09,2,Individual,Full
3587,Jemma Whitehead,SE,Uppsala,45-59,2024-12-19,2,Individual,Full
3588,Lynn Wood,FI,Pirkanmaa,18-29,2024-03-24,5,Individual,Full
3589,Mrs Jill Foster,FI,Pirkanmaa,45-59,2022-09-20,5,Individual,Email only
3590,Holly Robinson-Johnson,SE,Stockholm,60-74,2025-09-19,4,Individual,Email only
3591,Eleanor Ross-Thomson,FI,Pohjois-Pohjanmaa,45-59,2023-03-31,4,Individual,Full
3592,Mr John Perkins,SE,Skåne,60-74,2022-11-08,1,Individual,Post only
3593,Miss Jean Bond,NO,Trøndelag,30-44,2023-04-12,1,Individual,Full
3594,Kate Morris,SE,Skåne,45-59,2023-12-14,4,Individual,Post only
3595,Dr Reece Jones,FI,Pirkanmaa,45-59,2023-01-25,1,Individual,Email only
3596,Robin Taylor-Richardson,FI,Pirkanmaa,18-29,2024-03-15,2,Individual,Post only
3597,Leigh Dunn,FI,Varsinais-Suomi,45-59,2022-06-29,1,Individual,Full
3598,Joel Coles,NO,Rogaland,45-59,2024-12-02,1,Individual,Full
3599,Jordan Grant,FI,Varsinais-Suomi,30-44,2024-02-02,6,Individual,Full
3600,Chelsea Lamb,FI,Uusimaa,45-59,2025-11-14,2,Individual,Full
3601,Linda Price,FI,Uusimaa,45-59,2022-09-01,2,Individual,Full
3602,Samuel Phillips,DK,Midtjylland,18-29,2023-04-15,1,Individual,Full
3603,Shane Martin,NO,Rogaland,30-44,2024-05-19,1,Individual,Full
3604,Mr Patrick Cooke,FI,Pohjois-Pohjanmaa,30-44,2023-12-19,2,Individual,Full
3605,Frances Hodgson,FI,Uusimaa,45-59,2023-05-30,1,Individual,Email only
3606,Josephine White,NO,Trøndelag,45-59,2023-12-30,2,Individual,Full
3607,Tom Wallace-Allen,SE,Skåne,60-74,2024-02-09,1,Individual,Email only
3608,Dr Jordan Anderson,SE,Uppsala,75+,2024-09-03,1,Individual,Full
3609,Shannon Wright,SE,Uppsala,45-59,2023-02-27,1,Individual,Full
3610,Mr Gerald Moore,FI,Uusimaa,45-59,2023-12-23,1,Individual,Full
3611,Rebecca Fowler,FI,Pohjois-Pohjanmaa,30-44,2023-03-19,2,Individual,Full
3612,Paula Townsend,,Uppsala,30-44,2024-02-02,2,Individual,Post only
3613,Mrs Donna Willis,NO,Trøndelag,30-44,2022-05-24,1,Individual,Full
3614,Martin Gray,FI,Pohjois-Pohjanmaa,45-59,2023-10-25,3,Individual,Post only
3615,Bruce Mills,SE,Stockholm,18-29,2023-08-08,4,Individual,Full
3616,Jeremy Yates,FI,Varsinais-Suomi,30-44,2023-03-27,3,Individual,Full
3617,Maureen Wallace-Hilton,DK,Syddanmark,75+,2023-08-09,1,Individual,Full
3618,Jacqueline Roberts-Browne,NO,Vestland,30-44,2023-11-21,2,Individual,Full
3619,Dr Ashleigh Webster,NO,Trøndelag,18-29,2024-03-21,2,Individual,Full
3620,Mr Elliott Lawson,FI,Pohjois-Pohjanmaa,60-74,2022-11-09,6,Individual,Full
3621,Bethan Ingram,FI,Pohjois-Pohjanmaa,45-59,2023-02-06,5,Individual,Full
3622,Conor Field,DK,Syddanmark,30-44,2023-06-22,1,Individual,Post only
3623,Mr Charlie Adams,NO,Rogaland,18-29,2022-09-29,3,Individual,Full
3624,Luke Hawkins-Hayward,FI,Pirkanmaa,30-44,2022-05-27,1,Individual,Post only
3625,Kathleen Smith,SE,Västra Götaland,18-29,2023-04-06,2,Individual,Post only
3626,Gareth Lloyd,SE,Stockholm,75+,2022-02-22,4,Individual,Full
3627,Mandy Hicks,FI,Uusimaa,30-44,2022-08-25,1,Individual,Full
3628,Laura Barlow,FI,Uusimaa,30-44,2023-10-09,2,Individual,Full
3629,Christian Gordon,FI,Varsinais-Suomi,30-44,2023-12-16,1,Individual,Full
3630,Lucy Horton,SE,Uppsala,45-59,2024-11-14,2,Individual,Full
3631,Anne Thompson,FI,Varsinais-Suomi,30-44,2023-04-14,1,Individual,Full
3632,Barry Noble,FI,Uusimaa,30-44,2025-04-08,2,Individual,Full
3633,James Porter,SE,Skåne,60-74,2022-12-09,2,Individual,Full
3634,Mr Brian Hunt,FI,Varsinais-Suomi,45-59,2023-12-17,1,Individual,Email only
3635,Mr Charlie Newman,FI,Uusimaa,60-74,2023-06-14,7,Individual,Full
3636,Jasmine Welch,FI,Pirkanmaa,45-59,2024-12-28,1,Individual,Full
3637,Bradley Richardson,SE,Stockholm,30-44,2023-05-13,2,Corporate,Full
3638,Jordan Moore,NO,Trøndelag,18-29,2023-10-14,3,Individual,Full
3639,Fiona Barrett,SE,Skåne,30-44,2023-12-31,4,Individual,Full
3640,Leslie Hughes,SE,Uppsala,60-74,2025-02-22,1,Corporate,Full
3641,Mr Joe Elliott,FI,Pirkanmaa,60-74,2024-11-11,1,Individual,Full
3642,Christian Moore,FI,Pohjois-Pohjanmaa,30-44,2023-10-06,2,Individual,Email only
3643,Judith Gray,SE,Stockholm,30-44,2025-03-20,2,Individual,Full
3644,Diana Gallagher,DK,Sjælland,18-29,2022-05-04,4,Individual,Full
3645,Jessica Butcher,FI,Pohjois-Pohjanmaa,30-44,2023-04-26,2,Individual,Full
3646,Brandon Bennett,NO,Vestland,45-59,2022-04-13,1,Individual,Full
3647,Frank Khan-Smith,DK,Hovedstaden,60-74,2022-04-02,6,Individual,Full
3648,Mr Keith Johnson,DK,Hovedstaden,18-29,2023-04-24,2,Individual,Full
3649,Dr Kelly Powell,NO,Rogaland,30-44,2024-09-29,2,Individual,Full
3650,Miss Francesca Jackson,SE,Västra Götaland,60-74,2025-05-22,4,Corporate,Full
3651,Brian Metcalfe,FI,Uusimaa,75+,2025-11-07,5,Individual,Full
3652,Mrs Julie Simpson,SE,Uppsala,75+,2022-08-31,4,Individual,Full
3653,Bethan White,FI,Uusimaa,60-74,2022-10-02,2,Individual,Email only
3654,Howard Jones,FI,Pohjois-Pohjanmaa,30-44,2024-12-25,5,Individual,Email only
3655,Benjamin Ingram-Lowe,NO,Rogaland,60-74,2023-03-30,2,Individual,Full
3656,Jeremy Newton-Gray,FI,Pirkanmaa,60-74,2024-09-10,2,Individual,Email only
3657,Ms Ann Mitchell,SE,Västra Götaland,30-44,2025-07-01,2,Individual,Full
3658,Elaine Perry,FI,Uusimaa,45-59,2023-09-22,2,Individual,Full
3659,Dr Marc Sykes,FI,Pirkanmaa,30-44,2025-06-30,1,Individual,Full
3660,Andrew McDonald,FI,Pirkanmaa,30-44,2025-12-28,1,Individual,Full
3661,Ryan Sutton,FI,Pirkanmaa,75+,2025-05-04,1,Individual,Full
3662,Dr Linda Evans,FI,Uusimaa,45-59,2024-10-03,5,Individual,Email only
3663,Reece Roberts,NO,Rogaland,60-74,2024-09-10,1,Individual,Full
3664,Jacob Wallis,DK,Sjælland,45-59,2025-12-09,3,Individual,Full
3665,Derek Allen,SE,Uppsala,75+,2022-11-17,4,Individual,Full
3666,Katherine Brady,SE,Stockholm,18-29,2022-03-27,2,Individual,Email only
3667,Alexandra Woods-Clark,DK,Syddanmark,60-74,2023-12-02,4,Individual,Full
3668,Lindsey Graham,DK,Sjælland,45-59,2025-08-11,1,Individual,Full
3669,Dr Gary Turner,SE,Skåne,30-44,2023-08-06,4,Individual,Email only
3670,Frank Osborne,NO,Oslo,75+,2025-12-14,2,Individual,Full
3671,Mr Roger Wilkins,FI,Varsinais-Suomi,30-44,2025-09-11,1,Individual,Full
3672,Jenna Wade,SE,Västra Götaland,30-44,2022-08-18,1,Individual,Full
3673,Bernard Doyle,NO,Trøndelag,18-29,2024-03-29,1,Individual,Full
3674,Stacey Read,DK,Hovedstaden,60-74,2025-09-01,1,Individual,Post only
3675,Patricia Morris,DK,Sjælland,45-59,2025-10-06,5,Individual,Full
3676,Dr Louise Taylor,SE,Skåne,75+,2023-08-26,4,Individual,Full
3677,Miss Marie Flynn,NO,Vestland,45-59,2023-05-12,6,Individual,Email only
3678,Ronald Berry-McKenzie,,Pirkanmaa,30-44,2023-01-26,1,Corporate,Full
3679,Glenn Sykes,SE,Västra Götaland,60-74,2023-07-21,4,Individual,Full
3680,Mrs Lorraine Coates,FI,Pohjois-Pohjanmaa,60-74,2023-09-25,1,Individual,Email only
3681,Julia Horton-Garner,FI,Varsinais-Suomi,18-29,2025-11-09,4,Individual,Full
3682,Clare Clarke,FI,Pohjois-Pohjanmaa,45-59,2023-09-14,1,Corporate,Full
3683,Lydia Powell,SE,Västra Götaland,60-74,2023-09-21,3,Trust,Full
3684,Antony Turner,FI,Uusimaa,30-44,2025-08-04,2,Individual,Full
3685,Miss Leah Lynch,,Oslo,45-59,2025-04-06,1,Individual,Full
3686,Miss Debra Johnson,SE,Västra Götaland,60-74,2022-12-15,6,Individual,Full
3687,Susan Hawkins,SE,Västra Götaland,30-44,2025-10-04,3,Individual,Full
3688,Joanne Lloyd,SE,Skåne,60-74,2023-05-26,1,Individual,Email only
3689,Mitchell Dobson,DK,Syddanmark,75+,2025-12-27,2,Individual,Full
3690,Mark Todd,FI,Varsinais-Suomi,60-74,2023-06-27,4,Individual,Full
3691,Leon Russell,,Uusimaa,60-74,2022-11-09,2,Individual,Full
3692,Victor Wood,FI,Pohjois-Pohjanmaa,18-29,2024-09-23,1,Individual,Full
3693,Lorraine Barber,NO,Rogaland,75+,2024-12-26,1,Individual,Full
3694,Victoria Richards,NO,Oslo,60-74,2024-12-04,1,Individual,Full
3695,Carl Francis,FI,Pirkanmaa,75+,2024-04-12,4,Individual,Full
3696,Christian Adams-Preston,FI,Uusimaa,18-29,2023-11-07,6,Individual,Email only
3697,Gary Wheeler-Jones,SE,Västra Götaland,60-74,2025-05-17,4,Individual,Full
3698,Jemma King-Bradley,FI,Uusimaa,18-29,2023-06-13,2,Individual,Full
3699,Owen Roberts,DK,Hovedstaden,60-74,2022-09-29,1,Individual,Full
3700,Amy Clarke,SE,Skåne,18-29,2024-12-19,4,Individual,Full
3701,Kelly Wong,FI,Uusimaa,45-59,2024-08-07,5,Individual,Full
3702,Gareth Gibbons-Walters,SE,Uppsala,45-59,2024-06-15,5,Individual,Full
3703,Barry Willis,NO,Vestland,60-74,2022-09-07,2,Individual,Post only
3704,Connor Cole,NO,Rogaland,45-59,2023-07-06,1,Individual,Full
3705,Diane Turnbull,NO,Vestland,60-74,2022-11-15,4,Individual,Full
3706,Christian Holland,FI,Uusimaa,75+,2023-10-31,4,Individual,Email only
3707,Sandra Reid,SE,Uppsala,30-44,2023-05-05,3,Individual,Full
3708,Steven Barber-Davies,DK,Syddanmark,45-59,2023-10-19,4,Individual,Full
3709,Judith Cook,SE,Skåne,30-44,2025-12-01,1,Individual,Full
3710,Damien Jackson-Ryan,FI,Varsinais-Suomi,18-29,2022-01-14,1,Individual,Full
3711,Norman Rose-Thomas,SE,Skåne,60-74,2023-10-12,3,Individual,Full
3712,Paul Thomson-Patel,SE,Stockholm,30-44,2024-05-26,5,Trust,Full
3713,David Walker-Smith,SE,Västra Götaland,18-29,2023-12-24,3,Individual,Post only
3714,Timothy Duncan,SE,Stockholm,30-44,2023-05-27,1,Individual,Email only
3715,Matthew Johnson,FI,Pirkanmaa,60-74,2023-10-15,4,Individual,Full
3716,Tina Hunt,SE,Västra Götaland,75+,2023-09-22,6,Individual,Full
3717,Margaret Parry,FI,Varsinais-Suomi,45-59,2025-10-27,3,Individual,Email only
3718,Dr Bradley Phillips,SE,Skåne,30-44,2025-01-21,1,Individual,Full
3719,Miss Holly Harrison,FI,Uusimaa,30-44,2023-12-24,1,Individual,Full
3720,Samantha Williams,NO,Vestland,45-59,2023-03-10,2,Individual,Full
3721,Dr Emily Booth,FI,Varsinais-Suomi,30-44,2023-01-13,1,Individual,Full
3722,Lewis O'Connor-Payne,NO,Oslo,30-44,2025-12-27,3,Individual,Full
3723,Sophie Todd,FI,Pirkanmaa,30-44,2024-12-04,1,Individual,Full
3724,Jodie Ellis,FI,Varsinais-Suomi,60-74,2025-03-24,1,Individual,Full
3725,Molly Morgan,DK,Hovedstaden,45-59,2023-10-08,6,Individual,Full
3726,Christine Lambert,SE,Skåne,18-29,2025-07-28,6,Individual,Email only
3727,Mr Ian Read,,Varsinais-Suomi,45-59,2022-06-10,1,Individual,Email only
3728,Mrs Helen Wright,NO,Oslo,60-74,2024-05-24,1,Individual,Full
3729,Dr Mohamed Williams,SE,Skåne,60-74,2022-04-16,1,Individual,Email only
3730,Hilary Walsh,FI,Varsinais-Suomi,18-29,2023-10-10,6,Individual,Post only
3731,Pamela Holland,FI,Varsinais-Suomi,30-44,2022-04-13,6,Individual,Full
3732,Mrs Jasmine Taylor,FI,Uusimaa,45-59,2025-08-21,1,Individual,Email only
3733,Denis Smith-Bull,NO,Vestland,60-74,2024-12-20,1,Individual,Post only
3734,Dr Dale Johnson,SE,Stockholm,60-74,2025-01-12,1,Individual,Email only
3735,Miss Andrea Burton,NO,Oslo,60-74,2022-10-14,3,Individual,Full
3736,Gavin Davis,SE,Västra Götaland,30-44,2023-06-13,5,Individual,Full
3737,Heather Morris-Hughes,DK,Sjælland,60-74,2024-10-01,3,Individual,Email only
3738,Claire Smith,FI,Varsinais-Suomi,45-59,2025-05-26,3,Individual,Full
3739,Mr David Johnson,FI,Varsinais-Suomi,60-74,2023-07-08,2,Individual,Full
3740,Kerry Wilson,FI,Pirkanmaa,18-29,2023-10-07,2,Individual,Full
3741,William Watts,FI,Varsinais-Suomi,30-44,2022-01-17,2,Individual,Full
3742,Heather Walker,SE,Uppsala,30-44,2023-12-20,1,Individual,Full
3743,Dr Bryan Francis,FI,Pohjois-Pohjanmaa,45-59,2024-12-06,1,Individual,Full
3744,Amanda King,SE,Skåne,45-59,2022-12-15,1,Individual,Full
3745,Georgia Gibson,FI,Pirkanmaa,45-59,2024-10-10,4,Individual,Full
3746,Jasmine Lewis,FI,Varsinais-Suomi,18-29,2025-12-15,1,Individual,Post only
3747,Mr Luke Kent,SE,Skåne,30-44,2022-03-10,1,Trust,Email only
3748,Jean King-Bell,FI,Pohjois-Pohjanmaa,45-59,2025-05-10,1,Individual,Full
3749,Bruce Jordan,SE,Västra Götaland,60-74,2024-04-18,5,Individual,Post only
3750,John Hughes,SE,Uppsala,60-74,2022-07-25,1,Individual,Full
3751,Wendy Moore,SE,Stockholm,60-74,2022-08-31,6,Trust,Email only
3752,Kim Martin-Davis,FI,Varsinais-Suomi,60-74,2025-10-13,4,Individual,Email only
3753,Dr Mark Kerr,FI,Pirkanmaa,45-59,2025-12-23,2,Individual,Full
3754,Jake Bennett,FI,Varsinais-Suomi,30-44,2024-12-24,4,Individual,Full
3755,Henry McDonald,SE,Västra Götaland,75+,2025-03-20,2,Individual,Full
3756,Ms Diane Graham,FI,Uusimaa,30-44,2025-04-16,1,Individual,Full
3757,Katie Freeman,SE,Skåne,45-59,2024-12-14,1,Individual,Email only
3758,Dr Toby Rees,NO,Vestland,45-59,2024-06-25,1,Corporate,Full
3759,Rebecca Reynolds,,Sjælland,45-59,2023-09-07,1,Individual,Full
3760,Elaine Gill,FI,Pohjois-Pohjanmaa,75+,2025-01-04,6,Individual,Full
3761,Pamela Armstrong-Allen,FI,Varsinais-Suomi,75+,2022-05-14,2,Individual,Full
3762,Mohamed Dickinson-Briggs,SE,Västra Götaland,60-74,2023-07-12,1,Individual,Full
3763,Rosemary Walters,FI,Uusimaa,75+,2022-08-22,6,Individual,Full
3764,Alice Allen,SE,Skåne,75+,2023-08-28,1,Individual,Email only
3765,Grace Nash-Howard,,Uusimaa,60-74,2025-11-01,2,Individual,Full
3766,Daniel Storey,FI,Pohjois-Pohjanmaa,18-29,2025-08-05,2,Individual,Full
3767,Mr Toby Smith,DK,Sjælland,45-59,2024-09-07,2,Individual,Full
3768,Mr Eric Cooke,FI,Pirkanmaa,60-74,2023-12-06,5,Individual,Full
3769,Victor Kirk,NO,Oslo,75+,2025-04-26,6,Individual,Full
3770,Leonard Hughes,SE,Uppsala,60-74,2025-03-26,6,Individual,Email only
3771,Mr Mohammed Dale,DK,Sjælland,75+,2023-12-27,6,Individual,Full
3772,Dale Lewis,SE,Uppsala,60-74,2025-07-08,2,Individual,Full
3773,Carol O'Connor,NO,Trøndelag,60-74,2025-07-21,1,Corporate,Full
3774,Mitchell White,FI,Pirkanmaa,18-29,2022-12-12,3,Corporate,Full
3775,Miss Elaine Hobbs,NO,Trøndelag,45-59,2024-11-13,2,Corporate,Full
3776,Mr Stewart Brown,NO,Vestland,60-74,2022-05-08,3,Corporate,Full
3777,Joanna Webb,NO,Oslo,60-74,2024-09-17,1,Individual,Full
3778,Andrew Walker,FI,Pohjois-Pohjanmaa,45-59,2025-12-03,2,Corporate,Full
3779,Bethany Johnson,NO,Oslo,18-29,2022-12-04,2,Individual,Full
3780,Mr Antony Holden,,Pohjois-Pohjanmaa,60-74,2024-12-06,3,Individual,Full
3781,Olivia Williams,NO,Rogaland,30-44,2023-01-31,1,Individual,Full
3782,Abdul Francis,FI,Pirkanmaa,30-44,2025-07-09,2,Individual,Email only
3783,Danielle John,SE,Uppsala,60-74,2023-10-19,3,Individual,Email only
3784,Natasha Humphreys,NO,Oslo,45-59,2023-05-17,2,Individual,Full
3785,Douglas Williams,SE,Västra Götaland,60-74,2024-09-04,6,Individual,Email only
3786,Tracey Lawrence-Taylor,NO,Vestland,18-29,2022-12-29,1,Individual,Full
3787,Tina Harris,NO,Oslo,30-44,2023-12-24,4,Corporate,Full
3788,Thomas Connor,FI,Pohjois-Pohjanmaa,30-44,2022-12-16,1,Individual,Post only
3789,Nicola Hussain,SE,Uppsala,60-74,2022-11-26,4,Individual,Full
3790,Jack Sutton,SE,Uppsala,60-74,2025-03-21,1,Individual,Email only
3791,Dr Caroline Gray,SE,Stockholm,45-59,2022-11-10,1,Individual,Full
3792,Natasha Cooper-Parker,SE,Västra Götaland,75+,2025-12-23,1,Individual,Full
3793,Joanna Butler,FI,Varsinais-Suomi,45-59,2025-03-26,4,Individual,Full
3794,Mr Abdul Hopkins,DK,Sjælland,18-29,2024-07-04,2,Individual,Email only
3795,Ruth Bevan-Bradley,SE,Västra Götaland,60-74,2022-12-28,2,Individual,Full
3796,Shaun Hughes,FI,Pirkanmaa,30-44,2024-11-23,2,Individual,Post only
3797,Sian Edwards,SE,Stockholm,75+,2022-06-18,1,Individual,Full
3798,Damien Baldwin-Law,DK,Sjælland,60-74,2024-12-05,5,Individual,Email only
3799,Miss Rebecca Nelson,FI,Pohjois-Pohjanmaa,45-59,2023-04-10,1,Individual,Email only
3800,Dr Benjamin Hanson,FI,Varsinais-Suomi,18-29,2022-01-26,5,Individual,Full
3801,Fiona Rhodes-Smith,FI,Uusimaa,75+,2025-07-11,1,Corporate,Full
3802,Mr Thomas Lees,FI,Pohjois-Pohjanmaa,18-29,2025-07-09,1,Individual,Email only
3803,Duncan Atkins,FI,Varsinais-Suomi,60-74,2024-03-28,5,Individual,Full
3804,Norman Dawson,NO,Oslo,18-29,2025-12-29,4,Individual,Full
3805,Olivia Morgan-Edwards,FI,Uusimaa,45-59,2024-01-30,3,Individual,Email only
3806,Rachael Bray-Wall,NO,Vestland,75+,2023-09-12,2,Individual,Email only
3807,Mr Brian Stevens,SE,Västra Götaland,30-44,2025-01-15,1,Individual,Full
3808,Nathan Cole,FI,Uusimaa,45-59,2023-01-23,1,Individual,Full
3809,Frances Owen,FI,Uusimaa,75+,2024-10-20,2,Individual,Full
3810,James Begum,SE,Skåne,45-59,2022-12-22,4,Individual,Post only
3811,Anna Bond,FI,Pirkanmaa,60-74,2023-09-24,2,Individual,Full
3812,Ms Sandra Bolton,SE,Västra Götaland,45-59,2025-12-16,4,Individual,Full
3813,Marilyn Wilkins,FI,Varsinais-Suomi,18-29,2025-04-28,3,Individual,Full
3814,Christine Thomas-Kemp,DK,Sjælland,30-44,2025-12-09,4,Individual,Full
3815,Garry Alexander,FI,Pirkanmaa,45-59,2024-10-21,2,Individual,Full
3816,Charlene Hill-Knight,FI,Uusimaa,30-44,2024-05-30,2,Individual,Full
3817,Dr Diana Fletcher,FI,Pirkanmaa,60-74,2025-10-19,1,Individual,Email only
3818,Dr Bruce White,NO,Vestland,45-59,2024-12-22,2,Individual,Full
3819,Katy Butcher-King,,Oslo,45-59,2023-12-03,1,Individual,Full
3820,Dr Bradley Marsh,,Sjælland,45-59,2023-09-19,5,Individual,Email only
3821,Dr Gareth Smith,SE,Stockholm,18-29,2022-06-06,5,Individual,Full
3822,Ross Wilson,DK,Syddanmark,45-59,2024-11-19,1,Individual,Email only
3823,Jacqueline Sullivan,FI,Pohjois-Pohjanmaa,75+,2023-10-16,2,Individual,Email only
3824,Mr Nathan Smith,SE,Västra Götaland,18-29,2024-08-09,2,Individual,Full
3825,Claire Hawkins,NO,Vestland,30-44,2022-10-27,1,Individual,Full
3826,Dr Jay Williams,,Stockholm,45-59,2025-11-19,4,Individual,Full
3827,Robert Ball-Bailey,SE,Västra Götaland,45-59,2024-11-27,5,Individual,Full
3828,Dr Kimberley Hunt,NO,Trøndelag,45-59,2023-12-08,1,Individual,Email only
3829,Dylan Reynolds,FI,Varsinais-Suomi,18-29,2023-12-06,1,Individual,Full
3830,Brenda Savage,FI,Varsinais-Suomi,60-74,2024-12-27,1,Individual,Full
3831,Ms Nicole Richards,NO,Vestland,45-59,2022-10-04,4,Trust,Full
3832,Albert Wells,SE,Skåne,45-59,2022-04-02,1,Individual,Email only
3833,Dr Lewis Oliver,FI,Uusimaa,60-74,2023-12-25,2,Individual,Full
3834,Lydia Forster,SE,Skåne,45-59,2022-06-12,1,Individual,Full
3835,Jordan Collins,SE,Uppsala,60-74,2022-02-17,6,Individual,Email only
3836,Mrs Sara Woods,SE,Uppsala,45-59,2022-10-22,1,Individual,Full
3837,Dr Emily Holland,FI,Pohjois-Pohjanmaa,30-44,2022-06-03,1,Individual,Full
3838,Mandy Davies,NO,Vestland,60-74,2024-08-23,2,Individual,Full
3839,Gary Cunningham,SE,Skåne,45-59,2023-01-19,1,Individual,Full
3840,Janice Cole,FI,Pirkanmaa,18-29,2025-09-07,3,Individual,Full
3841,Ruth Wood,NO,Oslo,60-74,2024-05-28,3,Individual,Email only
3842,Mary Spencer,SE,Stockholm,45-59,2025-12-06,2,Individual,Email only
3843,Judith Jones,FI,Varsinais-Suomi,18-29,2024-05-13,2,Individual,Full
3844,Mrs Tracy O'Brien,FI,Pirkanmaa,18-29,2022-12-05,4,Individual,Email only
3845,Nicola Butler,FI,Uusimaa,45-59,2025-12-12,1,Individual,Email only
3846,Caroline Harrison,SE,Stockholm,60-74,2023-12-23,4,Individual,Email only
3847,Gordon Dale,NO,Vestland,60-74,2022-10-22,2,Individual,Full
3848,Dr Reece Butler,FI,Varsinais-Suomi,60-74,2025-05-17,1,Individual,Full
3849,Frances Taylor,SE,Västra Götaland,45-59,2025-08-03,1,Corporate,Full
3850,Ms Fiona Stokes,SE,Stockholm,30-44,2025-02-08,3,Individual,Full
3851,Ryan Lawson,NO,Trøndelag,75+,2024-12-04,1,Individual,Full
3852,Alison Wilson,SE,Skåne,18-29,2022-12-23,3,Individual,Full
3853,Sandra Clarke-Allan,SE,Västra Götaland,60-74,2022-12-01,2,Individual,Email only
3854,Paul Barlow,SE,Skåne,45-59,2023-04-13,4,Individual,Full
3855,Danny Hammond,SE,Västra Götaland,60-74,2023-10-02,1,Individual,Full
3856,Miss Katie Hardy,FI,Uusimaa,30-44,2022-08-31,1,Individual,Full
3857,Kim Green,,Skåne,18-29,2024-06-04,5,Individual,Post only
3858,Dr Rita Davies,FI,Varsinais-Suomi,30-44,2024-04-10,4,Individual,Email only
3859,Kathleen Carter,FI,Pohjois-Pohjanmaa,18-29,2024-07-14,2,Individual,Full
3860,Mr Oliver Smith,SE,Stockholm,60-74,2023-04-07,2,Individual,Full
3861,Heather Kelly,SE,Västra Götaland,60-74,2022-04-23,2,Individual,Full
3862,Dr Jacob Brown,FI,Varsinais-Suomi,45-59,2023-06-21,2,Corporate,Full
3863,Dr Vincent Woods,FI,Varsinais-Suomi,45-59,2022-05-24,1,Individual,Full
3864,Timothy Brown-Hughes,SE,Skåne,45-59,2022-08-12,4,Individual,Full
3865,Brian Wells,SE,Uppsala,18-29,2023-12-17,4,Individual,Post only
3866,Debra Horton-Poole,FI,Pirkanmaa,18-29,2025-04-20,1,Individual,Full
3867,Melissa O'Connor,,Uusimaa,45-59,2025-05-07,2,Individual,Full
3868,Callum Johnson,DK,Syddanmark,45-59,2025-10-12,3,Individual,Full
3869,Ashley Fletcher-Andrews,NO,Trøndelag,45-59,2023-10-07,1,Corporate,Post only
3870,Debra Carter,FI,Pohjois-Pohjanmaa,60-74,2023-03-04,2,Individual,Full
3871,Mr Glen Pearce,SE,Uppsala,18-29,2022-12-20,1,Individual,Full
3872,Mr Samuel Arnold,NO,Trøndelag,45-59,2023-03-18,7,Individual,Full
3873,Mohamed Rowley-Howarth,SE,Stockholm,60-74,2025-12-23,3,Individual,Full
3874,Jean Armstrong,FI,Pirkanmaa,75+,2024-11-01,1,Individual,Full
3875,Lynne Townsend,SE,Skåne,30-44,2022-11-01,2,Individual,Email only
3876,Jasmine Giles-Brown,SE,Skåne,60-74,2023-06-14,3,Individual,Full
3877,Jay Freeman,DK,Syddanmark,30-44,2024-07-02,1,Individual,Post only
3878,Charlotte Shah,SE,Västra Götaland,75+,2022-09-15,3,Individual,Post only
3879,Linda Smith-Day,DK,Syddanmark,45-59,2022-11-11,1,Individual,Email only
3880,Daniel Price-Short,FI,Pohjois-Pohjanmaa,30-44,2023-12-01,4,Individual,Full
3881,Ricky King,FI,Pirkanmaa,60-74,2024-03-18,2,Individual,Full
3882,Kayleigh Cook,FI,Varsinais-Suomi,30-44,2024-09-24,1,Individual,Post only
3883,Carole Joyce,SE,Stockholm,45-59,2022-07-17,1,Individual,Full
3884,Damian Garner-Singh,SE,Uppsala,75+,2025-05-03,5,Individual,Full
3885,Marion Mason,SE,Skåne,60-74,2022-12-08,2,Individual,Email only
3886,Mrs Melanie James,FI,Uusimaa,45-59,2025-04-20,2,Individual,Email only
3887,Miss Eleanor Allan,NO,Rogaland,30-44,2022-02-09,2,Individual,Full
3888,Mandy Alexander,SE,Uppsala,75+,2024-01-13,1,Individual,Full
3889,Kathryn Collins,FI,Varsinais-Suomi,75+,2023-04-20,1,Individual,Full
3890,Jacqueline Morgan,SE,Skåne,45-59,2022-09-14,6,Individual,Email only
3891,Aaron Jackson-Jones,DK,Hovedstaden,45-59,2024-11-10,1,Individual,Full
3892,Mr Garry Carter,FI,Varsinais-Suomi,45-59,2022-11-02,5,Individual,Full
3893,Dr Dale Walker,SE,Skåne,30-44,2023-12-20,3,Individual,Email only
3894,Mr Donald Green,FI,Pohjois-Pohjanmaa,45-59,2022-05-21,1,Individual,Full
3895,Gail Dunn,FI,Varsinais-Suomi,18-29,2025-05-17,1,Individual,Full
3896,Paula Murray-Hart,FI,Uusimaa,60-74,2023-12-19,2,Individual,Full
3897,Megan Martin-Hancock,FI,Uusimaa,45-59,2022-06-27,4,Individual,Post only
3898,Debra Sharpe,FI,Pirkanmaa,18-29,2025-09-24,1,Individual,Full
3899,Charlene Kaur,SE,Västra Götaland,45-59,2023-11-24,1,Corporate,Full
3900,Phillip Giles,FI,Uusimaa,18-29,2025-11-11,5,Individual,Full
3901,Kim Williams,SE,Västra Götaland,60-74,2022-11-01,1,Individual,Full
3902,Dr Kenneth Smith,FI,Pohjois-Pohjanmaa,18-29,2022-09-26,2,Individual,Full
3903,Caroline Willis-Jackson,FI,Pohjois-Pohjanmaa,60-74,2023-12-23,1,Individual,Post only
3904,Nicola Stevenson,FI,Pohjois-Pohjanmaa,45-59,2022-10-15,1,Individual,Full
3905,Leah Matthews,DK,Midtjylland,60-74,2025-06-26,1,Individual,Full
3906,Michelle Knight,,Stockholm,45-59,2025-08-07,1,Individual,Post only
3907,Mr Luke Andrews,SE,Stockholm,30-44,2023-04-24,4,Individual,Full
3908,Gerard Smith-Francis,SE,Skåne,60-74,2022-08-02,1,Individual,Email only
3909,Liam Mellor,NO,Rogaland,18-29,2024-04-06,3,Individual,Full
3910,Clifford Lewis,FI,Uusimaa,60-74,2023-10-01,4,Individual,Email only
3911,Lindsey Garner,SE,Stockholm,30-44,2022-06-04,1,Individual,Full
3912,Charlotte Roberts-Thornton,SE,Stockholm,75+,2025-11-13,5,Individual,Email only
3913,Sheila Rogers,FI,Pirkanmaa,75+,2022-11-22,2,Individual,Full
3914,Dr Stewart Mistry,FI,Varsinais-Suomi,60-74,2024-04-25,1,Individual,Full
3915,Hilary Roberts,NO,Vestland,45-59,2023-01-29,6,Individual,Email only
3916,Dr Joshua Hurst,FI,Uusimaa,18-29,2022-09-06,1,Individual,Email only
3917,Terence Rogers,SE,Stockholm,18-29,2022-05-24,3,Individual,Full
3918,Gail Carter,FI,Pohjois-Pohjanmaa,45-59,2024-12-04,1,Individual,Email only
3919,Yvonne Wilson,SE,Skåne,30-44,2024-12-24,2,Individual,Email only
3920,Dr Scott Hanson,FI,Pohjois-Pohjanmaa,30-44,2025-02-02,2,Individual,Full
3921,Dr Louis Price,NO,Vestland,60-74,2023-07-09,3,Individual,Full
3922,Gerald Black,NO,Trøndelag,60-74,2024-12-18,3,Individual,Full
3923,Trevor Hall,DK,Midtjylland,45-59,2024-12-15,1,Individual,Post only
3924,Dr Kathleen Edwards,DK,Midtjylland,75+,2023-12-31,4,Individual,Full
3925,Jason Ferguson,DK,Midtjylland,60-74,2022-08-04,2,Individual,Full
3926,Mr Gareth Marshall,DK,Midtjylland,75+,2025-12-08,1,Individual,Post only
3927,Carolyn Phillips,SE,Uppsala,45-59,2023-11-27,2,Individual,Full
3928,Miss Jayne Reed,FI,Varsinais-Suomi,18-29,2025-12-19,1,Individual,Full
3929,Rachael Quinn,NO,Rogaland,18-29,2024-09-11,1,Individual,Full
3930,David Barnes,SE,Västra Götaland,60-74,2025-03-11,2,Individual,Full
3931,Adrian Harris,SE,Stockholm,45-59,2022-05-02,1,Individual,Full
3932,Dr Nathan Little,FI,Varsinais-Suomi,30-44,2024-09-15,4,Individual,Full
3933,Keith Bowen,FI,Pohjois-Pohjanmaa,60-74,2023-05-22,4,Individual,Full
3934,Margaret Patel,SE,Stockholm,30-44,2023-12-19,2,Individual,Full
3935,Benjamin Khan,FI,Pohjois-Pohjanmaa,60-74,2023-06-26,1,Individual,Post only
3936,Ms Hollie Flynn,FI,Varsinais-Suomi,60-74,2023-12-22,4,Individual,Email only
3937,Miss Lynne Daly,,Uppsala,75+,2024-12-23,1,Individual,Full
3938,Anna Stone,NO,Vestland,45-59,2025-11-06,2,Individual,Full
3939,Mr Gavin Freeman,SE,Stockholm,75+,2024-05-20,2,Individual,Full
3940,Hannah Watson,SE,Skåne,18-29,2025-12-17,5,Individual,Email only
3941,Callum O'Brien,FI,Varsinais-Suomi,45-59,2023-12-10,1,Individual,Full
3942,Jamie Brennan,NO,Oslo,45-59,2024-12-22,3,Individual,Email only
3943,Miss Laura Price,DK,Syddanmark,45-59,2024-10-06,4,Individual,Full
3944,Callum Freeman-Edwards,FI,Varsinais-Suomi,18-29,2022-12-09,1,Individual,Post only
3945,Mr Adam Buckley,DK,Sjælland,75+,2023-12-03,3,Individual,Post only
3946,Wayne Roberts,FI,Varsinais-Suomi,45-59,2024-10-06,3,Individual,Full
3947,Bernard Brennan,SE,Skåne,75+,2025-04-24,1,Individual,Full
3948,Graeme Thorpe,FI,Pirkanmaa,18-29,2025-05-15,5,Individual,Full
3949,Bethan Atkinson,SE,Stockholm,30-44,2023-05-26,1,Individual,Full
3950,Mary Wright,SE,Skåne,18-29,2022-05-04,1,Individual,Full
3951,Brenda Pope,FI,Pirkanmaa,60-74,2023-05-11,3,Individual,Email only
3952,Miss Natalie Rice,SE,Skåne,30-44,2023-11-22,2,Individual,Email only
3953,Dr Gerard Morris,FI,Pirkanmaa,18-29,2022-02-06,1,Individual,Full
3954,Suzanne Reed,NO,Rogaland,45-59,2022-08-22,3,Individual,Full
3955,Victoria Mann,FI,Varsinais-Suomi,30-44,2023-11-04,1,Individual,Full
3956,Kerry Parkes,FI,Pohjois-Pohjanmaa,18-29,2023-12-28,1,Individual,Email only
3957,Anthony Lee,NO,Trøndelag,30-44,2025-12-23,1,Individual,Email only
3958,Dr Nicholas Pearce,FI,Pohjois-Pohjanmaa,30-44,2022-12-27,6,Individual,Full
3959,Philip Watkins,NO,Oslo,18-29,2024-05-28,3,Individual,Full
3960,Mr Luke Davies,FI,Uusimaa,45-59,2022-10-07,1,Individual,Full
3961,Geoffrey Harrison,SE,Stockholm,45-59,2024-02-18,2,Individual,Full
3962,Mr Marcus Gilbert,FI,Pirkanmaa,60-74,2024-05-08,1,Individual,Email only
3963,Jeremy O'Donnell,SE,Uppsala,18-29,2022-04-26,6,Individual,Full
3964,Dr Lauren Harrison,FI,Pohjois-Pohjanmaa,60-74,2022-06-08,2,Individual,Full
3965,Clive Patel-Jones,FI,Pohjois-Pohjanmaa,30-44,2025-05-09,2,Individual,Full
3966,Albert Burton,SE,Skåne,30-44,2023-11-08,2,Individual,Full
3967,Dean Clark,FI,Uusimaa,45-59,2023-12-10,1,Individual,Full
3968,Miss Shirley Turner,FI,Uusimaa,45-59,2024-02-12,1,Individual,Full
3969,Tina Phillips,SE,Uppsala,30-44,2024-07-16,4,Individual,Email only
3970,Kenneth Hancock,FI,Pirkanmaa,45-59,2024-06-30,4,Individual,Full
3971,Mr Glen Brown,FI,Varsinais-Suomi,18-29,2024-10-06,4,Individual,Full
3972,Bernard Hale,NO,Rogaland,45-59,2024-09-10,3,Individual,Full
3973,Dr Peter Matthews,FI,Uusimaa,30-44,2024-09-18,6,Individual,Full
3974,Ms Tina Harvey,NO,Vestland,60-74,2022-05-19,5,Individual,Post only
3975,Melanie Thornton,DK,Syddanmark,75+,2025-12-21,3,Individual,Full
3976,Denis Gallagher,FI,Pohjois-Pohjanmaa,45-59,2023-09-28,2,Individual,Email only
3977,Chloe Morris,NO,Trøndelag,60-74,2024-04-05,4,Individual,Email only
3978,Mr Ricky Lambert,SE,Västra Götaland,60-74,2022-09-22,1,Individual,Post only
3979,Mr Charles Ali,DK,Sjælland,60-74,2023-01-17,2,Individual,Full
3980,Mr Elliott Davis,FI,Pirkanmaa,45-59,2024-02-12,1,Individual,Full
3981,Leanne Roberts-Howard,FI,Varsinais-Suomi,45-59,2024-05-18,2,Individual,Email only
3982,Harry Bryant-Martin,FI,Uusimaa,30-44,2025-10-25,2,Individual,Full
3983,Gemma Cole-Williams,NO,Oslo,18-29,2025-09-24,2,Individual,Email only
3984,Jacob Freeman,SE,Skåne,30-44,2022-12-10,1,Individual,Full
3985,Martin Stewart,SE,Västra Götaland,30-44,2024-10-25,4,Individual,Email only
3986,Jade Johnson,SE,Uppsala,75+,2022-12-15,1,Individual,Full
3987,Mr Bryan Allen,FI,Uusimaa,60-74,2022-10-05,2,Individual,Post only
3988,Glenn Garner-Simpson,NO,Rogaland,60-74,2022-11-11,2,Individual,Full
3989,Diane Wilson,SE,Västra Götaland,18-29,2024-12-01,1,Individual,Full
3990,Josephine Bishop,DK,Midtjylland,75+,2022-08-05,4,Individual,Full
3991,Jordan Brown,SE,Uppsala,30-44,2025-11-19,5,Individual,Full
3992,Dr Amelia Leach,SE,Skåne,18-29,2024-01-17,1,Individual,Post only
3993,Katie Hartley-Pearson,SE,Stockholm,18-29,2023-09-08,1,Individual,Full
3994,Dr Jordan Vincent,FI,Pirkanmaa,75+,2025-11-21,4,Corporate,Post only
3995,Adrian Davis,FI,Pohjois-Pohjanmaa,30-44,2022-05-30,2,Individual,Full
3996,Miss Sharon Gregory,FI,Pirkanmaa,30-44,2024-09-27,6,Individual,Full
3997,Mr Stanley Finch,FI,Uusimaa,30-44,2023-04-23,1,Individual,Full
3998,Jordan Nelson,NO,Vestland,60-74,2024-12-19,3,Individual,Full
3999,Ms Dorothy Byrne,FI,Uusimaa,45-59,2025-11-16,1,Individual,Full
4000,Jayne Stevenson,DK,Midtjylland,30-44,2022-08-31,3,Individual,Email only
4001,Dr Martyn Pugh,FI,Pohjois-Pohjanmaa,60-74,2025-10-11,3,Individual,Full
4002,Mr Benjamin Stevenson,DK,Midtjylland,18-29,2022-11-18,2,Individual,Full
4003,Glen Moore,NO,Trøndelag,60-74,2023-10-26,1,Individual,Full
4004,Mrs Lucy Walsh,FI,Pohjois-Pohjanmaa,45-59,2025-12-23,2,Individual,Email only
4005,Denis Price,FI,Pohjois-Pohjanmaa,30-44,2023-09-27,1,Individual,Full
4006,Leah Page,FI,Pirkanmaa,45-59,2025-12-26,3,Individual,Full
4007,Allan Jones,FI,Pirkanmaa,30-44,2022-08-21,2,Individual,Email only
4008,Garry Russell,NO,Oslo,30-44,2022-02-05,6,Individual,Email only
4009,Mr Jay Walsh,NO,Rogaland,60-74,2024-11-27,1,Individual,Full
4010,Miss Margaret Mills,NO,Oslo,30-44,2025-06-14,2,Individual,Email only
4011,Timothy Price,FI,Uusimaa,18-29,2025-10-01,2,Individual,Full
4012,Gary Wilson,FI,Uusimaa,45-59,2025-08-21,1,Individual,Full
4013,Dr Shane Spencer,NO,Vestland,60-74,2025-09-19,1,Individual,Full
4014,Lorraine Pearson,SE,Skåne,75+,2022-12-04,2,Individual,Full
4015,Connor Tucker,NO,Oslo,30-44,2022-12-01,2,Individual,Email only
4016,Jenna Hamilton,DK,Hovedstaden,45-59,2024-05-06,1,Individual,Full
4017,Stewart Webb,,Pohjois-Pohjanmaa,45-59,2025-09-04,1,Individual,Email only
4018,Douglas Lee,FI,Pirkanmaa,60-74,2022-12-09,3,Individual,Full
4019,Shirley Wilson,FI,Uusimaa,75+,2025-09-18,1,Individual,Full
4020,Samantha Murray,DK,Syddanmark,45-59,2023-08-24,1,Individual,Full
4021,Maurice Smith,SE,Stockholm,30-44,2024-08-09,1,Individual,Post only
4022,Edward Whitehouse,DK,Hovedstaden,18-29,2025-09-06,4,Individual,Full
4023,Bruce Lloyd,SE,Stockholm,45-59,2025-07-19,6,Individual,Full
4024,Dr Natasha Martin,SE,Uppsala,30-44,2024-06-27,1,Individual,Post only
4025,Kirsty Smith,SE,Västra Götaland,45-59,2023-12-01,1,Corporate,Full
4026,Mr Kyle Barnes,FI,Varsinais-Suomi,18-29,2022-08-07,4,Individual,Full
4027,Laura Stephenson,DK,Midtjylland,60-74,2022-11-09,5,Individual,Full
4028,Vanessa Harrison,NO,Vestland,75+,2025-02-27,5,Individual,Email only
4029,Pauline Burns,FI,Uusimaa,60-74,2025-03-20,5,Individual,Full
4030,Iain Young,DK,Syddanmark,30-44,2025-12-19,1,Individual,Post only
4031,Dr Clifford Hartley,FI,Uusimaa,30-44,2025-02-19,1,Individual,Full
4032,Ms Kimberley Bates,SE,Stockholm,45-59,2024-09-25,1,Individual,Full
4033,Kerry Kelly,FI,Varsinais-Suomi,60-74,2024-03-07,2,Individual,Full
4034,Terence Wade,SE,Skåne,60-74,2022-09-13,2,Corporate,Full
4035,Edward Atkins,NO,Vestland,60-74,2022-01-06,2,Individual,Full
4036,Ms Harriet Gibson,NO,Vestland,60-74,2025-05-05,1,Individual,Post only
4037,Mr Lewis Manning,NO,Trøndelag,75+,2022-02-08,3,Individual,Email only
4038,Miss Gemma White,SE,Västra Götaland,60-74,2024-05-06,4,Individual,Email only
4039,Ms Zoe Winter,FI,Pohjois-Pohjanmaa,75+,2022-12-14,1,Individual,Full
4040,Owen Griffiths-Lynch,NO,Oslo,60-74,2025-05-13,2,Individual,Full
4041,Andrea Mitchell,FI,Pohjois-Pohjanmaa,30-44,2022-06-12,1,Individual,Full
4042,Terence Lane,SE,Uppsala,60-74,2023-06-01,4,Individual,Full
4043,Dr Alison Kerr,FI,Pirkanmaa,45-59,2023-08-17,1,Individual,Post only
4044,Ms Amy Craig,SE,Västra Götaland,18-29,2024-02-13,1,Individual,Full
4045,Frederick Weston,DK,Hovedstaden,60-74,2025-12-13,4,Individual,Full
4046,Dorothy Miller,NO,Trøndelag,45-59,2023-06-03,1,Individual,Email only
4047,Frank Hooper,DK,Syddanmark,60-74,2025-04-20,3,Individual,Full
4048,Ms Diane Wilson,FI,Uusimaa,75+,2023-07-23,1,Individual,Full
4049,Paula Bibi-Middleton,FI,Varsinais-Suomi,60-74,2023-01-12,1,Individual,Full
4050,Mr Joshua Anderson,DK,Syddanmark,45-59,2022-01-09,2,Individual,Email only
4051,Dr Francesca Wilson,NO,Vestland,60-74,2024-12-26,2,Individual,Post only
4052,Miss Lydia Watts,FI,Varsinais-Suomi,30-44,2023-12-09,1,Individual,Full
4053,Mr Kenneth Roberts,,Varsinais-Suomi,30-44,2023-09-26,5,Corporate,Full
4054,Luke Miles,SE,Skåne,60-74,2024-07-17,1,Individual,Full
4055,Josephine Thomas,NO,Trøndelag,60-74,2022-08-22,2,Individual,Full
4056,Dr Declan James,SE,Västra Götaland,60-74,2024-12-20,1,Individual,Full
4057,Karl Rice-Atkins,FI,Uusimaa,18-29,2025-12-28,2,Individual,Full
4058,Kieran Shepherd-Browne,DK,Midtjylland,45-59,2025-03-11,2,Individual,Full
4059,Dr Dean Nelson,SE,Uppsala,45-59,2023-09-26,1,Individual,Full
4060,Mrs June Thomas,FI,Pirkanmaa,60-74,2024-12-17,2,Individual,Full
4061,Mr Allan Barker,NO,Trøndelag,45-59,2025-12-21,6,Individual,Email only
4062,Ms Katy Kelly,FI,Uusimaa,18-29,2025-12-23,5,Individual,Post only
4063,Mandy Turner,FI,Pohjois-Pohjanmaa,18-29,2025-02-11,1,Corporate,Email only
4064,Stewart Pratt,SE,Skåne,45-59,2022-12-25,4,Individual,Full
4065,Claire Rose,SE,Uppsala,75+,2022-02-26,3,Individual,Full
4066,Antony Brown-Bennett,SE,Uppsala,18-29,2025-10-11,2,Individual,Full
4067,Jean Brown,FI,Pirkanmaa,75+,2024-05-12,4,Individual,Full
4068,Paula Slater,NO,Trøndelag,60-74,2024-12-03,4,Individual,Full
4069,Nigel Fisher,SE,Skåne,60-74,2024-06-17,4,Individual,Full
4070,Alice Kerr,FI,Varsinais-Suomi,18-29,2022-07-28,1,Individual,Full
4071,Rachael Palmer,FI,Varsinais-Suomi,30-44,2024-07-14,1,Individual,Full
4072,Roger Thomas,SE,Stockholm,30-44,2024-02-26,6,Individual,Full
4073,Benjamin Harris,,Vestland,18-29,2022-04-23,3,Individual,Full
4074,Arthur Farrell-Douglas,FI,Pirkanmaa,18-29,2023-06-08,2,Individual,Email only
4075,Dale Griffiths,FI,Pohjois-Pohjanmaa,45-59,2024-11-07,1,Individual,Full
4076,Jason Baker,SE,Västra Götaland,45-59,2022-03-22,1,Individual,Full
4077,Mohammad Ryan,SE,Skåne,60-74,2022-06-01,1,Corporate,Full
4078,Owen Hewitt,NO,Trøndelag,30-44,2023-07-05,2,Individual,Full
4079,Charlotte Morgan,DK,Syddanmark,60-74,2024-11-01,5,Corporate,Email only
4080,Sharon Harris,DK,Hovedstaden,30-44,2024-12-09,6,Trust,Post only
4081,Howard Holland,FI,Varsinais-Suomi,30-44,2023-12-10,1,Individual,Full
4082,Danny Payne,SE,Uppsala,60-74,2024-03-26,1,Individual,Full
4083,Miss Janet Jones,NO,Trøndelag,30-44,2022-05-11,6,Individual,Full
4084,Mohammed King,FI,Pohjois-Pohjanmaa,60-74,2024-10-03,3,Individual,Full
4085,Judith Hobbs,NO,Vestland,45-59,2022-09-27,1,Individual,Full
4086,Grace Townsend,SE,Uppsala,45-59,2024-05-30,3,Individual,Email only
4087,Mr Joel Harrison,SE,Västra Götaland,18-29,2024-12-13,1,Individual,Full
4088,Lewis Moore,FI,Pohjois-Pohjanmaa,30-44,2024-02-24,1,Individual,Post only
4089,Jeremy Davis-Moore,FI,Pirkanmaa,60-74,2022-09-07,2,Individual,Full
4090,Lawrence Fletcher-Cooper,SE,Uppsala,75+,2025-12-18,6,Individual,Full
4091,Josephine Williams,SE,Skåne,45-59,2022-05-06,5,Individual,Full
4092,Julie Blake,SE,Västra Götaland,45-59,2023-10-28,2,Individual,Full
4093,Lydia Dean,FI,Varsinais-Suomi,30-44,2022-10-04,2,Individual,Full
4094,Mohammed Kent-Davies,NO,Trøndelag,45-59,2022-06-09,3,Individual,Email only
4095,Ms Mary Rahman,SE,Skåne,30-44,2025-10-07,5,Individual,Full
4096,Mr Roy French,SE,Västra Götaland,45-59,2023-12-10,4,Individual,Full
4097,Carolyn Porter,FI,Pohjois-Pohjanmaa,60-74,2024-06-22,1,Individual,Email only
4098,Ms Hollie Johnson,NO,Rogaland,18-29,2022-09-09,1,Individual,Post only
4099,Hannah Ellis,NO,Vestland,45-59,2022-01-05,6,Individual,Post only
4100,Miss Leah Hutchinson,FI,Varsinais-Suomi,45-59,2024-09-05,1,Individual,Full
4101,Lawrence Porter,SE,Västra Götaland,18-29,2025-11-08,1,Individual,Email only
4102,Mr Kieran Patel,FI,Uusimaa,60-74,2022-02-04,2,Individual,Full
4103,Dr Olivia Rowley,FI,Varsinais-Suomi,45-59,2024-11-06,1,Individual,Full
4104,Eric Knight,FI,Pohjois-Pohjanmaa,60-74,2024-07-27,5,Individual,Full
4105,Jennifer Henderson,NO,Rogaland,60-74,2023-09-06,6,Individual,Full
4106,Colin Cooper,NO,Rogaland,45-59,2025-09-10,1,Corporate,Email only
4107,Reece Richards,FI,Varsinais-Suomi,60-74,2022-05-17,6,Individual,Full
4108,Mrs Sandra Smith,,Rogaland,75+,2025-12-06,1,Individual,Full
4109,Nigel Lambert,FI,Varsinais-Suomi,30-44,2025-01-22,1,Individual,Full
4110,Mr Sean Ball,NO,Oslo,60-74,2022-05-16,2,Corporate,Full
4111,Bethan Martin,DK,Hovedstaden,45-59,2023-09-11,2,Individual,Full
4112,Miss Katy Yates,DK,Midtjylland,30-44,2024-01-25,2,Individual,Email only
4113,Olivia Smith,NO,Trøndelag,18-29,2022-03-19,4,Individual,Full
4114,Judith Watson-Cooper,SE,Skåne,18-29,2024-03-30,3,Individual,Full
4115,Josephine Wilson,NO,Vestland,60-74,2023-12-13,3,Individual,Full
4116,Jean Martin,SE,Uppsala,75+,2025-11-13,5,Individual,Post only
4117,Christopher Hill,SE,Skåne,18-29,2022-01-31,6,Individual,Full
4118,Charlotte Henderson,,Pohjois-Pohjanmaa,18-29,2023-12-11,1,Individual,Full
4119,Mr Callum Cooper,FI,Pohjois-Pohjanmaa,45-59,2025-09-06,2,Individual,Email only
4120,Kelly Taylor,,Pirkanmaa,30-44,2024-01-30,4,Individual,Full
4121,Megan Harvey,SE,Skåne,30-44,2022-12-03,1,Individual,Full
4122,Dr Jamie Turner,NO,Vestland,30-44,2025-12-02,1,Individual,Full
4123,Miss Amber Thomson,FI,Varsinais-Suomi,45-59,2023-09-18,1,Individual,Full
4124,Leah King,FI,Uusimaa,60-74,2025-12-05,1,Individual,Email only
4125,George Rice-Shaw,NO,Vestland,30-44,2023-12-14,2,Individual,Full
4126,Gerard Hughes,SE,Västra Götaland,75+,2023-05-29,3,Individual,Email only
4127,Mrs Debra Ali,SE,Skåne,60-74,2025-01-10,1,Individual,Email only
4128,Andrea Whitehouse-Shah,SE,Stockholm,45-59,2025-05-11,6,Individual,Full
4129,Melanie Ward-Bailey,SE,Västra Götaland,18-29,2024-04-18,1,Individual,Full
4130,Marian Singh,NO,Vestland,18-29,2024-05-09,1,Individual,Full
4131,James Williams,DK,Hovedstaden,30-44,2024-05-06,3,Individual,Full
4132,Mrs Grace Grant,NO,Oslo,30-44,2023-09-26,2,Individual,Full
4133,Mark Smith,FI,Varsinais-Suomi,30-44,2023-04-27,1,Individual,Full
4134,Mrs Michelle Murphy,NO,Rogaland,60-74,2024-09-14,3,Individual,Full
4135,Jessica Franklin,DK,Midtjylland,75+,2023-02-13,1,Individual,Full
4136,Dr Michael Bradley,FI,Pohjois-Pohjanmaa,18-29,2023-12-12,1,Corporate,Email only
4137,Brandon Woods,FI,Varsinais-Suomi,18-29,2022-08-23,3,Individual,Full
4138,Stephanie Davies,FI,Pohjois-Pohjanmaa,45-59,2023-09-20,1,Individual,Full
4139,Miss Irene Webb,NO,Rogaland,60-74,2022-11-01,1,Individual,Full
4140,Kathryn Holmes,SE,Stockholm,60-74,2022-06-26,2,Individual,Full
4141,Janet Doherty,NO,Vestland,30-44,2024-11-22,2,Individual,Post only
4142,Josh Smith,NO,Vestland,45-59,2023-05-24,2,Individual,Full
4143,Miss Lynda Davidson,SE,Uppsala,18-29,2024-09-07,1,Individual,Post only
4144,Dr Carl Davidson,DK,Syddanmark,30-44,2025-08-24,6,Individual,Email only
4145,Gemma Thompson-Johnson,SE,Uppsala,45-59,2024-05-27,3,Individual,Email only
4146,Julian Hutchinson-Robson,FI,Pirkanmaa,30-44,2025-10-25,2,Individual,Email only
4147,Dr Dennis Kemp,FI,Pirkanmaa,18-29,2025-05-26,2,Individual,Full
4148,Pamela Clarke,SE,Stockholm,60-74,2023-09-20,1,Individual,Full
4149,Bethany Charlton,FI,Varsinais-Suomi,18-29,2025-11-11,2,Individual,Post only
4150,Mr Henry Power,DK,Midtjylland,45-59,2023-12-22,1,Individual,Full
4151,Mr Shane Moore,FI,Pohjois-Pohjanmaa,75+,2022-03-18,4,Individual,Full
4152,Alan Lane,FI,Pirkanmaa,18-29,2022-09-05,1,Individual,Full
4153,Jessica Begum-Bibi,NO,Oslo,60-74,2022-10-05,3,Individual,Full
4154,Ms Lynda Edwards,SE,Västra Götaland,60-74,2022-11-28,1,Individual,Full
4155,Margaret Anderson,SE,Stockholm,75+,2024-05-31,2,Individual,Post only
4156,Bradley Gill,SE,Västra Götaland,30-44,2024-09-02,1,Individual,Full
4157,Ms Leah Collins,FI,Pohjois-Pohjanmaa,45-59,2022-05-31,1,Individual,Full
4158,Miss Georgina Carpenter,SE,Uppsala,18-29,2023-04-12,2,Individual,Full
4159,Ann Parsons,NO,Oslo,30-44,2024-10-25,2,Individual,Email only
4160,Sylvia Hartley,DK,Syddanmark,45-59,2025-12-14,4,Individual,Full
4161,Ms Deborah Wright,SE,Skåne,75+,2022-09-04,1,Corporate,Post only
4162,Reece Davies,SE,Skåne,60-74,2022-06-03,3,Trust,Full
4163,Katherine Booth,DK,Sjælland,45-59,2022-12-20,4,Individual,Full
4164,Scott Warren,SE,Västra Götaland,45-59,2025-12-14,5,Individual,Full
4165,Rachel Woods,NO,Rogaland,60-74,2024-12-06,5,Individual,Email only
4166,Dr Ricky Donnelly,SE,Västra Götaland,45-59,2023-05-01,1,Individual,Full
4167,Gerard Morgan,DK,Hovedstaden,30-44,2024-07-22,1,Individual,Full
4168,Josh Bennett,FI,Pohjois-Pohjanmaa,45-59,2024-12-08,1,Individual,Full
4169,Dr Tony Farmer,DK,Midtjylland,30-44,2024-12-07,5,Individual,Full
4170,Charles Dawson,SE,Västra Götaland,30-44,2022-12-16,2,Individual,Full
4171,Jill Potter,DK,Midtjylland,60-74,2024-04-08,4,Individual,Full
4172,Geoffrey Potter-Lowe,NO,Rogaland,30-44,2024-03-01,1,Individual,Full
4173,Georgia Porter,SE,Uppsala,45-59,2023-10-25,2,Individual,Full
4174,Dr Dylan Yates,SE,Västra Götaland,30-44,2023-10-03,4,Individual,Post only
4175,Stephanie Johnson,NO,Oslo,60-74,2022-03-30,1,Individual,Full
4176,Iain Turner,DK,Midtjylland,18-29,2022-12-25,3,Corporate,Email only
4177,Dr Zoe Patterson,DK,Sjælland,75+,2024-03-04,5,Individual,Post only
4178,Edward Gibson,SE,Västra Götaland,75+,2022-09-22,6,Individual,Post only
4179,Dr Alex Rowe,FI,Varsinais-Suomi,60-74,2023-03-27,5,Individual,Email only
4180,Tracey Walsh,NO,Oslo,30-44,2022-12-18,2,Individual,Full
4181,Joshua Norman,SE,Västra Götaland,45-59,2022-12-11,1,Corporate,Full
4182,Danny Clayton,DK,Sjælland,45-59,2025-03-29,1,Individual,Full
4183,Christian Gibbs-Butler,NO,Trøndelag,45-59,2024-12-28,4,Individual,Full
4184,Dr Clive Wallis,SE,Skåne,30-44,2024-12-28,2,Individual,Full
4185,Miss Kerry Hope,FI,Varsinais-Suomi,30-44,2023-10-22,1,Individual,Full
4186,Kirsty Holmes,SE,Stockholm,30-44,2022-05-26,4,Individual,Email only
4187,Chelsea Nelson,DK,Midtjylland,30-44,2022-06-18,1,Individual,Post only
4188,Ruth Knowles-Bradley,FI,Uusimaa,30-44,2022-12-18,6,Individual,Full
4189,Ben Bryan,FI,Pirkanmaa,30-44,2025-04-01,1,Individual,Full
4190,Bradley Stephens,FI,Pohjois-Pohjanmaa,60-74,2023-05-17,1,Individual,Email only
4191,Antony Day,NO,Oslo,30-44,2022-09-10,1,Individual,Email only
4192,Miss Irene Rhodes,FI,Uusimaa,30-44,2022-10-24,1,Individual,Email only
4193,Katy Taylor,SE,Västra Götaland,60-74,2023-08-07,1,Individual,Full
4194,Rita Hancock,,Trøndelag,75+,2023-12-23,1,Individual,Email only
4195,Dr Richard Baxter,SE,Skåne,60-74,2022-11-30,5,Individual,Full
4196,Christian Wilson,NO,Trøndelag,30-44,2025-06-09,2,Corporate,Email only
4197,Janet Pearson,FI,Pohjois-Pohjanmaa,60-74,2024-06-23,1,Individual,Email only
4198,Abdul Harris,FI,Uusimaa,30-44,2025-01-12,2,Individual,Full
4199,Maria Fry,,Pohjois-Pohjanmaa,30-44,2024-12-14,2,Individual,Email only
4200,Paula Jenkins,,Syddanmark,45-59,2022-12-19,1,Individual,Full
4201,Arthur Gill,FI,Uusimaa,45-59,2023-03-15,1,Individual,Full
4202,Ms Lucy Dunn,NO,Rogaland,60-74,2025-07-04,2,Individual,Email only
4203,Rosemary Powell,FI,Uusimaa,75+,2022-11-29,7,Individual,Email only
4204,Roy Henderson-Flynn,SE,Västra Götaland,30-44,2025-12-11,1,Corporate,Full
4205,Bryan Hooper,FI,Pohjois-Pohjanmaa,30-44,2023-12-26,1,Individual,Full
4206,Tracey Pritchard-Rogers,DK,Midtjylland,30-44,2024-03-17,2,Individual,Full
4207,Bethan Carr,FI,Uusimaa,60-74,2023-11-02,4,Corporate,Post only
4208,Gemma Giles,,Syddanmark,60-74,2025-10-11,2,Individual,Post only
4209,Deborah Smith,FI,Pohjois-Pohjanmaa,45-59,2023-07-12,1,Individual,Full
4210,Linda Gregory,FI,Pirkanmaa,75+,2025-12-19,4,Individual,Full
4211,Miss Eileen Jones,SE,Västra Götaland,30-44,2023-12-30,1,Corporate,Full
4212,Declan Metcalfe,FI,Pohjois-Pohjanmaa,45-59,2024-12-07,1,Individual,Full
4213,Bradley Butler,FI,Pirkanmaa,45-59,2024-10-18,1,Individual,Email only
4214,Joseph Hill,SE,Uppsala,75+,2022-07-10,2,Individual,Email only
4215,Daniel Wong,DK,Sjælland,18-29,2022-11-27,5,Individual,Full
4216,Dr Ross Abbott,DK,Midtjylland,45-59,2024-05-27,1,Individual,Full
4217,William Parker,FI,Uusimaa,60-74,2025-03-10,1,Individual,Email only
4218,Cheryl Dawson,FI,Varsinais-Suomi,45-59,2023-12-24,1,Individual,Email only
4219,Shaun Smith-Hussain,FI,Uusimaa,30-44,2022-12-01,4,Individual,Full
4220,Terence Walton,NO,Oslo,45-59,2022-11-19,1,Individual,Full
4221,Josh Turnbull,FI,Uusimaa,30-44,2022-09-23,1,Individual,Full
4222,Ms Sara Taylor,DK,Midtjylland,30-44,2023-11-25,3,Individual,Email only
4223,Kate Thompson,,Trøndelag,60-74,2025-12-09,3,Individual,Full
4224,Dr Mohammed Carey,NO,Vestland,60-74,2025-05-01,2,Individual,Full
4225,Marcus Wallis,FI,Uusimaa,30-44,2023-06-18,2,Individual,Full
4226,Mr Roger Williams,SE,Västra Götaland,60-74,2024-12-11,2,Individual,Full
4227,Dr Glenn Porter,FI,Pirkanmaa,18-29,2023-11-27,3,Individual,Email only
4228,Miss Holly Spencer,SE,Västra Götaland,18-29,2025-07-13,4,Individual,Full
4229,Pauline Brown-Shepherd,FI,Pohjois-Pohjanmaa,30-44,2023-03-14,6,Individual,Email only
4230,Dean Pickering,SE,Skåne,30-44,2025-02-08,1,Individual,Post only
4231,Dr Jade Hardy,SE,Stockholm,18-29,2024-11-23,1,Individual,Full
4232,Jill Williams,FI,Pohjois-Pohjanmaa,60-74,2024-05-10,5,Individual,Email only
4233,Gillian Lamb,SE,Västra Götaland,45-59,2023-04-03,6,Individual,Email only
4234,Ryan McLean,SE,Skåne,60-74,2022-12-15,5,Individual,Full
4235,Mr Jack Leach,,Stockholm,75+,2024-04-27,2,Individual,Full
4236,Marian Heath,FI,Pohjois-Pohjanmaa,30-44,2023-02-08,1,Individual,Full
4237,Martyn Marshall,NO,Oslo,30-44,2022-12-16,2,Individual,Email only
4238,Sandra Burke-Taylor,FI,Pohjois-Pohjanmaa,30-44,2023-11-11,3,Individual,Full
4239,Karl Harris-Smith,FI,Varsinais-Suomi,45-59,2023-06-18,6,Individual,Email only
4240,Ben Bull,SE,Västra Götaland,30-44,2024-04-19,1,Individual,Full
4241,Hugh Brown,FI,Varsinais-Suomi,18-29,2022-12-22,1,Individual,Full
4242,Mrs Kathleen Harris,NO,Vestland,75+,2023-11-11,3,Individual,Full
4243,Jill Power-Bell,FI,Pirkanmaa,18-29,2025-03-08,2,Individual,Email only
4244,Miss Lydia Lane,SE,Uppsala,60-74,2024-07-16,5,Individual,Post only
4245,Dr Gillian Clarke,SE,Stockholm,18-29,2023-03-11,6,Individual,Full
4246,Dale Blackburn,FI,Pirkanmaa,18-29,2022-01-26,6,Individual,Post only
4247,Dale Price,FI,Pirkanmaa,60-74,2025-05-18,1,Individual,Full
4248,Brenda Bentley,SE,Stockholm,45-59,2024-03-20,2,Individual,Email only
4249,Miss Sandra White,SE,Uppsala,45-59,2025-08-01,1,Individual,Email only
4250,Mrs Tina Jones,SE,Stockholm,60-74,2025-07-14,2,Individual,Full
4251,Leon Clark,,Skåne,60-74,2023-08-30,1,Individual,Full
4252,Ben Hayes,FI,Varsinais-Suomi,60-74,2023-11-02,4,Individual,Email only
4253,Ms Jemma Doyle,FI,Pirkanmaa,45-59,2025-05-20,2,Individual,Full
4254,Rhys Williams,FI,Varsinais-Suomi,45-59,2022-06-25,1,Individual,Full
4255,Mrs Vanessa McCarthy,FI,Pohjois-Pohjanmaa,30-44,2025-07-05,1,Individual,Post only
4256,Howard Gilbert,FI,Uusimaa,60-74,2025-08-04,3,Individual,Email only
4257,Mr Mathew Taylor,FI,Pohjois-Pohjanmaa,30-44,2024-12-18,3,Individual,Email only
4258,Shirley Wilkinson,SE,Uppsala,75+,2024-07-02,5,Individual,Full
4259,Donald Smith,SE,Skåne,30-44,2022-01-23,1,Individual,Full
4260,Lynda Taylor-Hurst,FI,Uusimaa,30-44,2023-02-03,2,Individual,Full
4261,Mr Derek Williams,SE,Västra Götaland,75+,2025-10-13,1,Individual,Full
4262,Francis Thornton,DK,Hovedstaden,45-59,2024-01-03,5,Individual,Full
4263,Dr Charlene Fuller,NO,Trøndelag,30-44,2025-01-08,1,Individual,Full
4264,Dr Stanley Jones,FI,Pirkanmaa,30-44,2025-03-16,2,Individual,Post only
4265,Alexander Martin,FI,Pirkanmaa,60-74,2023-03-22,2,Individual,Full
4266,Dr Craig Smith,DK,Midtjylland,60-74,2024-04-10,3,Individual,Full
4267,Paige Price,DK,Midtjylland,30-44,2022-10-27,2,Individual,Full
4268,Dr Alison Hartley,SE,Skåne,18-29,2025-02-27,1,Individual,Full
4269,Mr Ricky Mills,SE,Västra Götaland,45-59,2023-02-18,1,Individual,Full
4270,Joanne Bryan-Slater,FI,Pirkanmaa,18-29,2023-11-19,1,Individual,Full
4271,Sylvia King,FI,Uusimaa,30-44,2024-11-25,2,Individual,Full
4272,Shaun Kelly,SE,Stockholm,18-29,2024-12-24,4,Individual,Full
4273,Sam Williams,NO,Rogaland,45-59,2022-12-27,2,Individual,Full
4274,Stephen Knight-Pope,SE,Skåne,18-29,2023-05-05,1,Individual,Email only
4275,Nigel Gibson,,Pohjois-Pohjanmaa,30-44,2023-10-31,2,Corporate,Full
4276,Sean Richardson,SE,Stockholm,45-59,2025-09-06,4,Individual,Full
4277,Kimberley Thomas,FI,Pirkanmaa,60-74,2023-10-28,4,Individual,Full
4278,Norman Frost,FI,Pohjois-Pohjanmaa,30-44,2025-12-02,1,Individual,Email only
4279,Ms Chloe Adams,FI,Pirkanmaa,18-29,2025-12-28,1,Individual,Full
4280,Sarah Marshall-Booth,,Hovedstaden,60-74,2022-12-04,2,Trust,Full
4281,Josh Harris,FI,Pohjois-Pohjanmaa,18-29,2024-06-17,1,Individual,Full
4282,Jayne Turnbull,SE,Stockholm,75+,2025-12-27,1,Individual,Full
4283,Leslie Kemp,SE,Uppsala,60-74,2025-12-17,1,Corporate,Full
4284,Mohammad Morris,FI,Varsinais-Suomi,75+,2023-12-11,5,Individual,Full
4285,Dr Marie Shaw,NO,Oslo,45-59,2023-12-29,1,Individual,Full
4286,Gerard Young,NO,Oslo,30-44,2025-04-14,1,Individual,Full
4287,Dr Max Barnett,DK,Midtjylland,45-59,2025-06-21,4,Individual,Full
4288,Dr Amelia Oliver,DK,Hovedstaden,60-74,2023-06-17,2,Individual,Full
4289,Mrs Sophie Jones,SE,Uppsala,30-44,2023-12-05,1,Individual,Full
4290,Mr Adam Gibson,DK,Hovedstaden,60-74,2025-11-27,2,Individual,Email only
4291,Dr Leonard Allen,FI,Pohjois-Pohjanmaa,30-44,2024-11-09,4,Individual,Email only
4292,Maureen Thomas,NO,Rogaland,45-59,2022-08-14,7,Individual,Full
4293,David Taylor,FI,Uusimaa,45-59,2023-05-10,6,Individual,Email only
4294,Abbie Greenwood-Hill,SE,Västra Götaland,18-29,2024-09-19,5,Individual,Email only
4295,Colin Taylor,DK,Midtjylland,60-74,2022-12-06,2,Individual,Email only
4296,Rosie Lane-Young,NO,Oslo,18-29,2024-08-04,4,Individual,Email only
4297,Linda Ball,,Skåne,60-74,2023-01-29,1,Individual,Full
4298,Miss Alexandra Simpson,NO,Vestland,45-59,2023-03-31,1,Individual,Full
4299,Jonathan Thompson,SE,Uppsala,45-59,2023-10-03,1,Individual,Full
4300,Kerry Stephens,FI,Varsinais-Suomi,75+,2023-07-06,1,Individual,Full
4301,Laura Lewis,,Syddanmark,60-74,2025-10-28,1,Individual,Full
4302,Shane Powell-Forster,NO,Trøndelag,60-74,2023-12-23,1,Individual,Post only
4303,Hilary Hewitt,FI,Pirkanmaa,30-44,2023-12-15,1,Individual,Email only
4304,Jade Newman,DK,Syddanmark,60-74,2024-09-10,1,Individual,Post only
4305,Kathleen Pickering,FI,Pohjois-Pohjanmaa,60-74,2025-02-01,2,Individual,Full
4306,Hugh Turner,NO,Oslo,30-44,2023-04-20,1,Individual,Full
4307,Emily Smith,SE,Uppsala,60-74,2024-02-04,5,Individual,Email only
4308,Clive Singh-Dodd,FI,Varsinais-Suomi,75+,2022-12-27,5,Individual,Full
4309,Ms Beverley Poole,NO,Vestland,30-44,2023-04-29,3,Individual,Post only
4310,Miss Samantha Smith,FI,Pirkanmaa,18-29,2022-12-23,4,Individual,Post only
4311,Alan Russell,FI,Pohjois-Pohjanmaa,45-59,2025-11-20,1,Individual,Full
4312,Benjamin Forster,FI,Pirkanmaa,60-74,2023-05-22,1,Individual,Full
4313,Kyle Harding-Nolan,SE,Skåne,60-74,2025-02-12,1,Individual,Full
4314,Dennis Howard,SE,Stockholm,18-29,2025-07-12,1,Individual,Full
4315,Ben Jennings,,Stockholm,18-29,2023-12-05,2,Corporate,Full
4316,Jennifer Slater,FI,Pirkanmaa,60-74,2024-09-02,6,Individual,Post only
4317,Jacob Hudson,SE,Skåne,45-59,2025-12-06,5,Corporate,Full
4318,Wayne Berry,DK,Sjælland,60-74,2022-02-03,1,Individual,Post only
4319,Sean Evans,FI,Pirkanmaa,30-44,2023-11-28,4,Individual,Full
4320,Mr Lewis Stephenson,SE,Västra Götaland,75+,2024-09-09,4,Individual,Email only
4321,Kimberley Kent,SE,Stockholm,30-44,2024-06-20,1,Individual,Full
4322,Kieran Clark,NO,Trøndelag,30-44,2025-02-27,3,Individual,Post only
4323,Carole Shaw,SE,Skåne,18-29,2023-12-22,4,Individual,Full
4324,Lauren Davies,DK,Sjælland,60-74,2023-05-25,1,Individual,Email only
4325,Conor Brooks,FI,Pohjois-Pohjanmaa,60-74,2025-10-19,4,Individual,Full
4326,Ms Karen Evans,FI,Uusimaa,45-59,2023-12-17,3,Corporate,Full
4327,Sara Sykes-Bevan,FI,Uusimaa,18-29,2025-05-27,5,Individual,Full
4328,Andrew Scott,FI,Varsinais-Suomi,60-74,2024-08-14,5,Individual,Full
4329,Max Ahmed,SE,Stockholm,45-59,2024-10-23,1,Individual,Email only
4330,Andrea Clarke,FI,Uusimaa,45-59,2024-12-21,1,Individual,Full
4331,Jonathan Hughes,FI,Pirkanmaa,45-59,2024-07-26,4,Individual,Full
4332,Mrs Tina Williamson,FI,Varsinais-Suomi,45-59,2022-12-23,3,Individual,Full
4333,Pamela Morris,FI,Uusimaa,18-29,2024-12-22,2,Individual,Email only
4334,Vanessa Jones,NO,Trøndelag,60-74,2023-12-13,2,Individual,Full
4335,Edward Williams,FI,Pirkanmaa,45-59,2022-10-20,1,Individual,Full
4336,Adrian Gallagher,DK,Sjælland,60-74,2024-10-05,2,Individual,Full
4337,Allan Cooper-Gibson,DK,Midtjylland,30-44,2022-09-03,1,Individual,Full
4338,Joanne Gill,SE,Västra Götaland,30-44,2025-04-29,1,Individual,Email only
4339,Julie Barnett,FI,Pirkanmaa,45-59,2025-12-18,2,Individual,Full
4340,Gillian Scott-Taylor,FI,Varsinais-Suomi,60-74,2022-06-03,2,Individual,Post only
4341,Daniel Banks-Lewis,FI,Uusimaa,18-29,2022-08-12,1,Individual,Full
4342,Dale James,FI,Varsinais-Suomi,60-74,2023-03-18,1,Individual,Full
4343,Luke Payne,NO,Vestland,60-74,2024-09-01,4,Individual,Full
4344,Kathryn Newman,FI,Varsinais-Suomi,30-44,2025-04-15,3,Individual,Email only
4345,Fiona Coleman-James,NO,Rogaland,60-74,2024-12-03,2,Trust,Email only
4346,Mr Leonard Poole,FI,Pirkanmaa,60-74,2024-12-03,1,Individual,Full
4347,Frances Godfrey,FI,Uusimaa,45-59,2024-12-21,2,Individual,Full
4348,Mr Cameron Simpson,NO,Rogaland,60-74,2025-10-29,1,Individual,Post only
4349,Eric Clements,FI,Pohjois-Pohjanmaa,60-74,2025-12-12,1,Individual,Email only
4350,Damian Edwards,DK,Sjælland,60-74,2022-09-18,2,Individual,Full
4351,Dale Holland,SE,Stockholm,18-29,2025-03-16,2,Individual,Full
4352,Patricia Johnson,FI,Pohjois-Pohjanmaa,30-44,2022-12-21,2,Individual,Full
4353,Zoe Ward,NO,Oslo,45-59,2022-09-07,4,Individual,Full
4354,Ruth Andrews-North,NO,Vestland,60-74,2025-02-28,2,Individual,Full
4355,Malcolm Stevens-Evans,SE,Västra Götaland,30-44,2025-09-19,1,Individual,Full
4356,Rachael Middleton-Boyle,SE,Västra Götaland,75+,2024-09-02,6,Corporate,Full
4357,Andrea Dixon,SE,Uppsala,60-74,2025-06-16,1,Individual,Full
4358,Shirley Robinson,NO,Rogaland,45-59,2025-11-16,4,Individual,Email only
4359,Mr Jamie Chapman,SE,Skåne,30-44,2023-02-27,1,Individual,Full
4360,Joanna Smith,FI,Pirkanmaa,45-59,2025-09-22,5,Individual,Full
4361,Miss Amelia Kelly,FI,Uusimaa,60-74,2022-09-23,3,Individual,Full
4362,Brett Turner,FI,Uusimaa,18-29,2025-08-24,2,Individual,Full
4363,Sian Butcher,FI,Uusimaa,45-59,2024-12-08,1,Individual,Full
4364,Nicola Dawson,SE,Skåne,45-59,2024-10-07,1,Individual,Full
4365,Russell Williams,FI,Pohjois-Pohjanmaa,60-74,2022-12-25,1,Individual,Full
4366,Mrs Dorothy Johnston,FI,Varsinais-Suomi,18-29,2023-12-09,1,Individual,Full
4367,Jacob Watkins-Miles,DK,Hovedstaden,18-29,2024-12-06,5,Individual,Full
4368,Mr George Cross,FI,Varsinais-Suomi,45-59,2022-12-05,5,Individual,Full
4369,Mr Wayne Fletcher,SE,Uppsala,18-29,2022-03-25,1,Individual,Email only
4370,Hazel Watkins,FI,Varsinais-Suomi,45-59,2022-01-14,2,Individual,Email only
4371,Phillip Taylor,DK,Sjælland,75+,2025-08-17,2,Individual,Email only
4372,Ms Shannon Lyons,SE,Stockholm,30-44,2023-11-27,3,Individual,Email only
4373,Ricky Jones,FI,Uusimaa,30-44,2024-12-10,5,Individual,Full
4374,Ronald Scott,FI,Uusimaa,30-44,2024-07-02,3,Individual,Full
4375,Mrs Janet Edwards,NO,Vestland,30-44,2022-08-14,1,Corporate,Full
4376,Dr Ashley Davies,NO,Oslo,60-74,2024-04-05,5,Individual,Full
4377,Stephen Burgess,NO,Trøndelag,18-29,2025-10-13,1,Individual,Full
4378,Geraldine Smith,SE,Stockholm,75+,2025-08-30,1,Individual,Full
4379,Fiona Taylor,FI,Uusimaa,30-44,2025-09-29,1,Corporate,Full
4380,Dr Trevor Hill,SE,Uppsala,18-29,2022-12-11,1,Individual,Full
4381,Samantha Rogers,FI,Uusimaa,18-29,2022-11-06,4,Individual,Full
4382,Linda Doherty,FI,Varsinais-Suomi,30-44,2024-07-30,5,Individual,Full
4383,Shane Smith,FI,Varsinais-Suomi,75+,2023-11-23,3,Individual,Email only
4384,Mohammed Dickinson,DK,Sjælland,30-44,2024-07-22,1,Individual,Full
4385,Ms Brenda Waters,NO,Oslo,60-74,2025-12-09,1,Individual,Full
4386,Dr Paul Bennett,NO,Vestland,45-59,2022-10-16,2,Individual,Full
4387,Christian Short,FI,Pohjois-Pohjanmaa,30-44,2022-05-21,1,Individual,Email only
4388,Ann Wright,SE,Västra Götaland,75+,2025-04-30,3,Individual,Email only
4389,Gavin Hardy,SE,Stockholm,30-44,2025-07-24,3,Individual,Email only
4390,Ms Julia Green,SE,Uppsala,45-59,2022-01-19,1,Individual,Email only
4391,Dr Emily Davidson,DK,Midtjylland,60-74,2023-12-31,4,Individual,Email only
4392,Mr Leslie Smith,SE,Stockholm,18-29,2023-12-25,1,Individual,Email only
4393,Suzanne Roberts,FI,Pirkanmaa,45-59,2023-10-19,1,Individual,Full
4394,Ann Page-Thorpe,FI,Varsinais-Suomi,45-59,2023-09-07,6,Individual,Full
4395,Marie Carr,SE,Västra Götaland,60-74,2022-04-26,1,Individual,Full
4396,Carly Pearce,NO,Vestland,30-44,2023-09-24,1,Trust,Email only
4397,Dr Jessica Shaw,FI,Pirkanmaa,75+,2023-09-19,1,Individual,Full
4398,Leigh Harris-Khan,SE,Uppsala,60-74,2023-10-25,1,Individual,Full
4399,Chloe Hughes,DK,Hovedstaden,30-44,2022-09-25,1,Individual,Full
4400,Wendy Lawson-Potter,SE,Uppsala,30-44,2023-03-05,1,Individual,Email only
4401,Guy Mitchell,SE,Skåne,30-44,2025-11-30,2,Individual,Email only
4402,Howard Clark,FI,Pirkanmaa,45-59,2022-06-23,1,Individual,Email only
4403,Dr Chloe O'Connor,NO,Vestland,18-29,2023-03-18,2,Individual,Email only
4404,Mrs Irene Watson,SE,Västra Götaland,18-29,2024-11-22,3,Individual,Full
4405,Cameron McLean,FI,Varsinais-Suomi,45-59,2025-08-25,1,Individual,Full
4406,Sarah James,NO,Oslo,60-74,2025-01-07,2,Individual,Full
4407,Graham Anderson,NO,Vestland,18-29,2025-10-09,1,Individual,Full
4408,Ms Frances Thompson,FI,Varsinais-Suomi,45-59,2022-12-31,1,Individual,Full
4409,Tony Nicholls,FI,Varsinais-Suomi,45-59,2023-03-06,4,Individual,Email only
4410,Gareth Murphy,FI,Varsinais-Suomi,30-44,2022-10-28,1,Individual,Full
4411,Dr Stuart Quinn,NO,Oslo,45-59,2023-12-20,2,Corporate,Email only
4412,Mrs Christine Cole,FI,Varsinais-Suomi,60-74,2024-11-16,2,Individual,Full
4413,Marcus Fisher,FI,Pohjois-Pohjanmaa,18-29,2024-08-29,2,Corporate,Full
4414,Natasha Davidson-Bell,FI,Uusimaa,75+,2025-12-05,3,Individual,Email only
4415,Mrs Clare Smith,FI,Pohjois-Pohjanmaa,60-74,2023-09-10,4,Individual,Full
4416,Dr Leanne Barnett,FI,Uusimaa,45-59,2023-12-15,1,Individual,Full
4417,Grace Schofield,SE,Stockholm,75+,2022-10-19,1,Individual,Full
4418,Kevin Bryan,FI,Pirkanmaa,30-44,2024-11-04,4,Individual,Full
4419,Lee Campbell,NO,Rogaland,45-59,2024-02-04,1,Individual,Full
4420,Gerard Chapman-Richardson,FI,Uusimaa,60-74,2023-04-06,1,Individual,Full
4421,Linda Clark,SE,Skåne,30-44,2023-01-11,3,Individual,Full
4422,Allan Wilson,DK,Midtjylland,45-59,2025-12-30,2,Individual,Full
4423,Alexander Mann,FI,Pohjois-Pohjanmaa,75+,2025-03-10,2,Corporate,Full
4424,Claire Wilkinson-Davies,FI,Uusimaa,60-74,2024-07-18,2,Individual,Email only
4425,Scott Marsden,SE,Västra Götaland,30-44,2023-03-08,2,Individual,Email only
4426,Janice Roberts-Arnold,NO,Vestland,18-29,2022-06-18,1,Individual,Full
4427,Liam Begum-Miller,NO,Trøndelag,30-44,2025-04-04,1,Individual,Full
4428,Sophie Graham,SE,Uppsala,18-29,2024-05-01,1,Individual,Full
4429,Russell Gardner,DK,Sjælland,60-74,2023-03-03,3,Individual,Full
4430,Margaret Mason-Johnson,NO,Vestland,18-29,2023-12-31,1,Individual,Full
4431,Robin Mitchell,FI,Uusimaa,60-74,2024-06-07,1,Individual,Full
4432,Dr Charlie Poole,FI,Uusimaa,18-29,2024-03-19,1,Individual,Full
4433,Mrs Marilyn Anderson,NO,Oslo,18-29,2023-12-27,4,Individual,Full
4434,Robert Harris,SE,Skåne,18-29,2023-11-29,1,Individual,Full
4435,Guy Roberts,FI,Pirkanmaa,18-29,2025-12-16,1,Individual,Full
4436,Aaron Humphreys,SE,Stockholm,30-44,2022-06-12,2,Individual,Post only
4437,Mr Antony Harrison,SE,Västra Götaland,75+,2023-04-22,3,Individual,Email only
4438,Bruce Mills,NO,Rogaland,18-29,2025-03-18,2,Individual,Full
4439,Kimberley Walton,,Rogaland,75+,2024-12-11,6,Individual,Full
4440,Lauren Khan,FI,Pohjois-Pohjanmaa,30-44,2023-08-18,1,Individual,Full
4441,Mr Dean Lowe,FI,Pohjois-Pohjanmaa,45-59,2025-05-25,1,Individual,Email only
4442,Kevin Bowen,FI,Varsinais-Suomi,30-44,2025-02-20,2,Individual,Full
4443,Ricky Adams,SE,Stockholm,30-44,2023-12-01,2,Individual,Full
4444,Callum Collier,SE,Uppsala,45-59,2023-03-31,2,Individual,Full
4445,Bethany Hope,SE,Skåne,45-59,2022-10-14,1,Individual,Email only
4446,Maureen Thompson,FI,Pirkanmaa,30-44,2024-10-13,1,Individual,Email only
4447,Kayleigh Butler,SE,Stockholm,45-59,2023-12-14,1,Individual,Full
4448,Lynn Nelson,FI,Uusimaa,45-59,2023-09-06,3,Individual,Full
4449,Lauren Jones-Shepherd,FI,Uusimaa,75+,2023-05-06,6,Individual,Full
4450,Mr Maurice Smith,NO,Rogaland,45-59,2025-10-02,3,Individual,Full
4451,Shannon Allen,NO,Trøndelag,60-74,2022-12-07,2,Individual,Full
4452,Sandra Marshall,NO,Trøndelag,30-44,2024-12-28,2,Individual,Full
4453,Mr Ronald Bryant,FI,Varsinais-Suomi,18-29,2024-11-11,6,Individual,Full
4454,Mr Wayne Payne,NO,Rogaland,30-44,2023-12-10,1,Individual,Full
4455,Melanie Walsh,FI,Varsinais-Suomi,45-59,2022-12-09,2,Individual,Full
4456,Henry Harris,FI,Uusimaa,30-44,2024-05-07,1,Individual,Post only
4457,Jennifer Harvey,FI,Pohjois-Pohjanmaa,45-59,2025-10-30,1,Individual,Full
4458,Nicole Cunningham,SE,Skåne,30-44,2025-10-12,5,Individual,Email only
4459,Jade Richardson,NO,Trøndelag,30-44,2022-11-07,2,Individual,Full
4460,Natalie Owen-Smith,FI,Pohjois-Pohjanmaa,45-59,2023-10-05,1,Individual,Full
4461,Dr Brandon Harrison,FI,Uusimaa,18-29,2023-12-15,2,Individual,Post only
4462,Tina Williams-Wilson,SE,Stockholm,45-59,2025-12-26,5,Individual,Post only
4463,Bethan Lambert,SE,Skåne,45-59,2025-02-14,3,Individual,Full
4464,Dr Dominic Steele,SE,Uppsala,30-44,2024-09-08,5,Individual,Full
4465,Jacqueline Daly,SE,Stockholm,45-59,2022-06-16,1,Trust,Full
4466,Geoffrey Spencer,FI,Pohjois-Pohjanmaa,18-29,2025-07-18,1,Individual,Full
4467,Mrs Dawn Brown,FI,Pohjois-Pohjanmaa,60-74,2022-03-09,2,Individual,Full
4468,Dr Jake Watson,FI,Varsinais-Suomi,30-44,2025-02-09,1,Individual,Full
4469,Maria Saunders,FI,Pirkanmaa,45-59,2024-04-10,1,Individual,Full
4470,Geoffrey Lawrence,SE,Uppsala,60-74,2022-12-07,1,Individual,Email only
4471,Gerald Field,FI,Pohjois-Pohjanmaa,60-74,2025-08-08,5,Corporate,Full
4472,Mitchell Holmes,NO,Vestland,45-59,2022-12-03,2,Individual,Email only
4473,Francis Allen,FI,Pirkanmaa,18-29,2023-05-08,1,Individual,Full
4474,Miss Louise Skinner,FI,Pirkanmaa,75+,2024-11-27,1,Individual,Full
4475,Shirley Evans,NO,Oslo,18-29,2022-04-30,1,Individual,Full
4476,Dr Antony Burke,FI,Varsinais-Suomi,30-44,2024-09-09,6,Individual,Full
4477,Reece Smith-Smith,FI,Uusimaa,75+,2022-06-29,1,Individual,Post only
4478,Edward Martin,NO,Oslo,45-59,2025-05-30,1,Individual,Full
4479,Dr Grace Bond,DK,Hovedstaden,45-59,2023-09-07,1,Individual,Post only
4480,Sara Preston,SE,Uppsala,45-59,2023-12-11,2,Corporate,Full
4481,Joseph Carroll,FI,Pohjois-Pohjanmaa,30-44,2022-06-30,1,Individual,Full
4482,Jane Scott,FI,Pirkanmaa,30-44,2025-10-09,1,Individual,Email only
4483,Leah Fry,FI,Pirkanmaa,30-44,2022-12-06,4,Individual,Full
4484,Rosie Davies,NO,Rogaland,18-29,2024-12-15,2,Individual,Full
4485,Kenneth Wallace,FI,Uusimaa,45-59,2025-07-19,2,Individual,Email only
4486,Miss Teresa Hammond,NO,Rogaland,30-44,2022-12-10,1,Individual,Full
4487,Lorraine Evans-Cole,FI,Pohjois-Pohjanmaa,60-74,2023-12-26,1,Individual,Full
4488,Mr Josh Edwards,SE,Uppsala,60-74,2025-07-07,2,Individual,Full
4489,Jay Murphy,,Vestland,45-59,2024-06-06,2,Individual,Email only
4490,Ricky Kelly,SE,Västra Götaland,30-44,2024-05-25,1,Individual,Full
4491,Kathleen Turner,FI,Pirkanmaa,45-59,2022-10-20,3,Individual,Full
4492,Charlie Bartlett,FI,Pirkanmaa,75+,2024-12-06,3,Individual,Email only
4493,Jessica Davies,SE,Uppsala,18-29,2025-06-10,5,Individual,Email only
4494,Tracy Gibson,FI,Pohjois-Pohjanmaa,30-44,2025-11-23,5,Individual,Full
4495,Julie Gray,FI,Uusimaa,18-29,2025-12-23,2,Individual,Full
4496,Mrs Andrea Harding,FI,Pohjois-Pohjanmaa,60-74,2023-12-13,2,Individual,Email only
4497,Dr Victoria Fox,FI,Pirkanmaa,30-44,2024-12-03,1,Individual,Post only
4498,Mrs Hannah Marshall,DK,Midtjylland,18-29,2022-09-16,1,Individual,Full
4499,Martin Walters,FI,Varsinais-Suomi,30-44,2024-12-31,4,Corporate,Full
4500,Dr Mandy May,FI,Pohjois-Pohjanmaa,60-74,2025-11-16,1,Individual,Full
4501,Victor Scott,NO,Rogaland,18-29,2022-01-04,1,Individual,Full
4502,Christian Brooks,FI,Pirkanmaa,60-74,2023-04-21,2,Individual,Full
4503,Peter Bennett,SE,Stockholm,30-44,2024-04-19,1,Individual,Email only
4504,Keith Porter,NO,Trøndelag,18-29,2024-03-14,4,Individual,Full
4505,Miss Joanna Burton,FI,Pirkanmaa,60-74,2025-10-07,2,Individual,Full
4506,Laura Fisher-Law,NO,Vestland,30-44,2025-11-18,1,Individual,Email only
4507,Gordon Day-Davies,DK,Sjælland,45-59,2022-11-04,1,Individual,Email only
4508,Amelia Young,FI,Varsinais-Suomi,30-44,2023-12-16,2,Corporate,Full
4509,Rosie Powell,SE,Skåne,60-74,2024-09-12,1,Individual,Full
4510,Olivia Phillips,DK,Syddanmark,45-59,2023-03-08,6,Individual,Full
4511,Mr Robin Bailey,FI,Varsinais-Suomi,45-59,2023-10-17,2,Individual,Full
4512,Catherine Douglas,DK,Midtjylland,45-59,2025-10-08,3,Individual,Full
4513,Chelsea Ward,FI,Pirkanmaa,60-74,2022-08-16,6,Individual,Full
4514,Ms Stacey Bibi,FI,Pirkanmaa,75+,2022-12-18,4,Individual,Full
4515,Hannah Edwards,FI,Uusimaa,30-44,2022-08-12,1,Individual,Full
4516,Rebecca Day,SE,Stockholm,75+,2025-10-15,1,Individual,Full
4517,Jill Mann,SE,Skåne,30-44,2025-12-28,3,Individual,Full
4518,Kyle Wade,SE,Stockholm,45-59,2025-05-30,1,Individual,Full
4519,Charlotte Barker-Chapman,FI,Uusimaa,75+,2023-12-16,2,Individual,Full
4520,Sean King,NO,Trøndelag,60-74,2025-05-29,2,Corporate,Full
4521,Lorraine Morris,SE,Uppsala,60-74,2023-12-16,1,Corporate,Full
4522,Ms Tracy Taylor,SE,Skåne,60-74,2023-12-27,1,Individual,Full
4523,Ms Beverley Pearce,NO,Oslo,60-74,2022-10-31,3,Individual,Email only
4524,Kathleen Davies,NO,Trøndelag,60-74,2023-12-13,1,Individual,Full
4525,Damian Anderson,NO,Trøndelag,30-44,2022-08-26,1,Individual,Full
4526,Tina Patterson-Smith,SE,Västra Götaland,60-74,2022-12-04,2,Individual,Post only
4527,Nicola Steele,FI,Uusimaa,45-59,2023-12-21,1,Individual,Full
4528,William Nixon,NO,Oslo,18-29,2022-12-12,2,Individual,Full
4529,Alan Green,FI,Pirkanmaa,30-44,2023-08-02,1,Individual,Full
4530,Mr Sean Lawrence,FI,Varsinais-Suomi,45-59,2022-08-27,3,Individual,Email only
4531,Rosie Jackson,NO,Vestland,45-59,2023-11-18,1,Individual,Full
4532,Aimee Barber,SE,Uppsala,30-44,2024-11-20,1,Individual,Full
4533,Heather Porter,NO,Oslo,45-59,2025-11-17,2,Individual,Full
4534,Amber Kemp,SE,Västra Götaland,60-74,2024-06-22,3,Individual,Full
4535,Dr Ryan Cross,DK,Hovedstaden,18-29,2022-09-09,1,Individual,Full
4536,Mrs Karen Lewis,DK,Hovedstaden,60-74,2023-12-20,2,Individual,Email only
4537,Miss Katy Myers,NO,Vestland,30-44,2024-06-29,6,Individual,Full
4538,Charlotte Cross,NO,Trøndelag,45-59,2022-02-21,4,Individual,Full
4539,Mr Alexander George,FI,Pirkanmaa,30-44,2025-08-31,1,Individual,Full
4540,Sandra Johnston-Patel,FI,Uusimaa,30-44,2024-12-28,3,Individual,Full
4541,Dr Emma Hurst,,Uusimaa,45-59,2023-01-19,1,Individual,Full
4542,Dr Melanie Brown,FI,Uusimaa,60-74,2025-08-30,1,Individual,Full
4543,Dr Mathew Taylor,FI,Pirkanmaa,45-59,2025-04-19,1,Individual,Email only
4544,Brenda Green,SE,Uppsala,75+,2024-05-14,3,Individual,Full
4545,Dr Joseph Hayes,FI,Pohjois-Pohjanmaa,45-59,2023-12-23,2,Individual,Full
4546,Kim Roberts,FI,Pirkanmaa,45-59,2024-09-22,1,Individual,Full
4547,Howard Chapman-Barnes,NO,Rogaland,45-59,2025-12-20,2,Individual,Full
4548,Leah Evans,SE,Uppsala,75+,2024-07-25,1,Individual,Email only
4549,Georgia Payne,FI,Varsinais-Suomi,45-59,2025-10-08,1,Individual,Full
4550,Mrs Patricia Webb,DK,Syddanmark,30-44,2025-03-17,2,Individual,Full
4551,Francesca Edwards,FI,Uusimaa,75+,2024-12-31,4,Individual,Full
4552,Miss Holly Cole,FI,Pohjois-Pohjanmaa,75+,2022-12-01,1,Individual,Full
4553,Shirley Ellis,NO,Rogaland,45-59,2025-08-23,4,Individual,Full
4554,Marc Pearson,NO,Rogaland,45-59,2023-06-09,3,Individual,Full
4555,Connor Wright,NO,Oslo,45-59,2024-12-07,4,Individual,Full
4556,Stewart Dickinson,FI,Pirkanmaa,30-44,2025-04-27,5,Individual,Full
4557,Annette Perry-Jones,SE,Stockholm,75+,2024-10-15,5,Individual,Full
4558,Mr Aaron Williams,FI,Pirkanmaa,30-44,2023-11-19,1,Individual,Full
4559,Carole Harrison,NO,Vestland,45-59,2022-10-19,1,Individual,Full
4560,Rosemary Smith,FI,Pohjois-Pohjanmaa,30-44,2022-09-11,2,Individual,Post only
4561,Nicholas Gordon,DK,Hovedstaden,18-29,2023-10-09,2,Individual,Full
4562,Ellie Evans,DK,Syddanmark,45-59,2025-05-07,3,Individual,Full
4563,Patricia Stanley,SE,Stockholm,18-29,2025-09-30,3,Individual,Full
4564,Dr Shaun Brown,FI,Varsinais-Suomi,60-74,2024-05-27,2,Individual,Full
4565,Chelsea Freeman,NO,Rogaland,30-44,2025-12-19,4,Individual,Full
4566,Louise Davidson,NO,Trøndelag,30-44,2023-09-24,1,Individual,Full
4567,Ms Georgia Duffy,FI,Uusimaa,30-44,2024-12-27,2,Individual,Email only
4568,Gemma Brown,FI,Pirkanmaa,30-44,2025-06-29,2,Individual,Full
4569,Ms Clare Brown,SE,Stockholm,45-59,2025-03-25,6,Individual,Full
4570,Marilyn Price,FI,Uusimaa,30-44,2025-03-08,4,Individual,Full
4571,Jacqueline Clarke,SE,Skåne,30-44,2023-10-17,3,Individual,Full
4572,Jade Allen,NO,Trøndelag,45-59,2023-10-09,1,Individual,Email only
4573,Irene Clark,FI,Pohjois-Pohjanmaa,30-44,2025-12-20,1,Individual,Email only
4574,Clive West-Parker,SE,Västra Götaland,30-44,2024-01-18,2,Individual,Full
4575,Sophie Wells,NO,Rogaland,60-74,2022-01-26,2,Individual,Full
4576,Ms Alexandra O'Neill,DK,Hovedstaden,30-44,2023-03-22,1,Individual,Full
4577,Mr Damien Foster,SE,Stockholm,45-59,2025-08-27,3,Individual,Full
4578,Rachel Newman,NO,Vestland,18-29,2022-12-16,1,Individual,Full
4579,Dr Louis Peacock,SE,Uppsala,18-29,2025-10-31,5,Individual,Full
4580,Thomas Kelly,FI,Pirkanmaa,75+,2022-09-02,1,Individual,Post only
4581,Joyce Mason,NO,Vestland,60-74,2023-10-12,2,Individual,Full
4582,Natasha Davies,DK,Midtjylland,30-44,2022-03-05,1,Individual,Full
4583,Andrea King,FI,Pirkanmaa,30-44,2025-12-06,1,Individual,Email only
4584,Christine Phillips,NO,Oslo,30-44,2023-03-29,3,Individual,Full
4585,Dr Rosemary Jones,NO,Vestland,60-74,2025-04-05,1,Individual,Full
4586,Alex Murray,FI,Pohjois-Pohjanmaa,30-44,2023-08-16,5,Individual,Email only
4587,Adrian Cook,FI,Uusimaa,30-44,2025-12-15,1,Individual,Full
4588,Mrs Paula Thompson,FI,Pirkanmaa,60-74,2023-09-02,1,Individual,Full
4589,Dr Jacob Davis,FI,Pirkanmaa,60-74,2022-02-15,2,Individual,Full
4590,Miss Lisa Burns,FI,Pohjois-Pohjanmaa,75+,2022-12-21,2,Individual,Email only
4591,Leon Walker,,Stockholm,60-74,2024-09-08,1,Individual,Full
4592,Dr Debra Webster,NO,Rogaland,30-44,2025-12-01,2,Individual,Full
4593,Alex Goddard,FI,Pohjois-Pohjanmaa,30-44,2023-01-20,4,Individual,Email only
4594,Nicholas Jones-Parry,FI,Pohjois-Pohjanmaa,45-59,2024-05-29,3,Individual,Post only
4595,Philip Wilson,FI,Pirkanmaa,60-74,2025-12-06,1,Individual,Full
4596,Rosemary Dixon-Haynes,SE,Stockholm,75+,2023-03-15,4,Trust,Email only
4597,Mr Dominic Spencer,SE,Uppsala,30-44,2023-12-26,1,Individual,Full
4598,Gail Smith,SE,Västra Götaland,18-29,2024-01-08,1,Individual,Full
4599,Mr Jordan Harrison,NO,Trøndelag,45-59,2025-05-17,1,Individual,Full
4600,Dr Gary Williams,SE,Västra Götaland,45-59,2022-05-11,3,Individual,Full
4601,Frank Stokes,DK,Midtjylland,30-44,2024-05-08,4,Individual,Email only
4602,Mark Fisher,SE,Stockholm,75+,2025-12-17,1,Individual,Post only
4603,Ms Lynda Higgins,NO,Oslo,75+,2022-05-02,1,Individual,Full
4604,Miss Shannon Phillips,FI,Uusimaa,45-59,2025-12-09,2,Individual,Full
4605,Lynn Robinson,NO,Vestland,45-59,2024-02-07,5,Individual,Full
4606,Gary Thomas-Lee,NO,Trøndelag,18-29,2022-03-09,1,Individual,Full
4607,Rachel Read,FI,Pirkanmaa,18-29,2023-12-18,1,Individual,Email only
4608,Miss Janet Gray,FI,Pohjois-Pohjanmaa,18-29,2023-10-16,3,Individual,Post only
4609,Hayley Richardson,DK,Sjælland,45-59,2022-10-27,1,Individual,Full
4610,Louis Griffin-Cooper,FI,Uusimaa,60-74,2023-11-07,4,Individual,Full
4611,Shaun Miller,FI,Uusimaa,45-59,2025-08-25,2,Individual,Full
4612,Lewis Martin,FI,Uusimaa,45-59,2025-12-26,2,Individual,Full
4613,Mrs Nicole Walker,DK,Syddanmark,45-59,2022-01-08,1,Individual,Full
4614,Danny Brown,FI,Pohjois-Pohjanmaa,45-59,2023-12-05,5,Individual,Full
4615,Derek Ali,NO,Rogaland,60-74,2025-04-23,1,Individual,Full
4616,Mr Patrick Richardson,FI,Pohjois-Pohjanmaa,30-44,2023-12-01,2,Individual,Full
4617,Alan Osborne,SE,Skåne,75+,2024-11-22,4,Individual,Full
4618,Alexandra Green,FI,Pirkanmaa,45-59,2023-10-26,2,Individual,Post only
4619,Hollie Green,FI,Varsinais-Suomi,45-59,2025-12-12,3,Individual,Email only
4620,Mr Kieran Nash,SE,Skåne,45-59,2024-12-17,4,Individual,Full
4621,Shane Burke,SE,Stockholm,60-74,2024-12-07,1,Individual,Full
4622,Julie Simmons-Atkinson,DK,Sjælland,75+,2023-11-16,3,Individual,Email only
4623,Miss Eileen Roberts,FI,Varsinais-Suomi,30-44,2023-10-09,3,Individual,Email only
4624,Mr Kieran Lambert,NO,Trøndelag,45-59,2022-04-25,1,Individual,Full
4625,Deborah Collins,SE,Västra Götaland,60-74,2024-12-02,1,Individual,Full
4626,Georgia Williams,NO,Vestland,45-59,2024-05-22,6,Individual,Full
4627,Ms Carol Davey,SE,Uppsala,45-59,2025-07-20,1,Individual,Full
4628,Neil Thomas,SE,Stockholm,45-59,2025-07-14,4,Individual,Full
4629,Damian Brown,SE,Uppsala,30-44,2023-12-21,4,Individual,Full
4630,Ms Naomi Hobbs,SE,Uppsala,60-74,2022-02-26,2,Individual,Full
4631,Henry Howells,NO,Vestland,75+,2025-12-13,4,Individual,Email only
4632,Paul Mills,DK,Syddanmark,45-59,2022-02-12,5,Individual,Post only
4633,Sylvia Anderson,,Uppsala,45-59,2025-12-03,2,Individual,Full
4634,Nicole Norton,SE,Västra Götaland,18-29,2022-12-27,1,Individual,Full
4635,Lynn Bennett,FI,Pirkanmaa,45-59,2022-12-21,1,Individual,Full
4636,Dr Kate Turner,FI,Varsinais-Suomi,30-44,2025-07-05,1,Individual,Full
4637,Rosemary Wade,FI,Varsinais-Suomi,30-44,2024-10-24,1,Individual,Email only
4638,Nicole Edwards,SE,Stockholm,60-74,2023-08-01,1,Individual,Full
4639,Kerry Robinson,SE,Uppsala,18-29,2023-12-06,3,Individual,Full
4640,Frances Marshall,SE,Stockholm,18-29,2024-12-15,1,Individual,Full
4641,Dr Cheryl Perry,DK,Midtjylland,45-59,2022-01-15,1,Individual,Full
4642,Adrian Cross,FI,Pohjois-Pohjanmaa,45-59,2024-10-29,2,Individual,Full
4643,Dr Brenda Joyce,FI,Uusimaa,30-44,2022-12-07,6,Individual,Full
4644,Shaun Buckley,SE,Stockholm,30-44,2024-02-23,1,Individual,Full
4645,Victoria Wilkinson,SE,Skåne,60-74,2022-11-09,2,Individual,Full
4646,Dr Leslie Smith,FI,Pohjois-Pohjanmaa,30-44,2024-11-28,1,Individual,Email only
4647,Susan Williamson,,Midtjylland,75+,2023-01-14,4,Individual,Full
4648,Simon Palmer,NO,Oslo,60-74,2023-12-13,6,Individual,Full
4649,Dr Dylan Cooper,FI,Uusimaa,45-59,2025-12-12,2,Corporate,Email only
4650,Harry Smith,FI,Pirkanmaa,30-44,2023-01-17,4,Individual,Full
4651,Ronald Brown,FI,Varsinais-Suomi,45-59,2022-11-29,1,Individual,Post only
4652,Paula Wilson-Humphreys,NO,Trøndelag,30-44,2024-12-09,5,Individual,Full
4653,Adrian Hardy-Wilkinson,SE,Stockholm,45-59,2022-12-15,1,Individual,Email only
4654,Benjamin Taylor-Fisher,FI,Pirkanmaa,30-44,2024-09-27,3,Individual,Full
4655,Adrian Williams-Miller,FI,Pirkanmaa,60-74,2023-12-30,2,Corporate,Full
4656,Leslie Bartlett,DK,Midtjylland,30-44,2023-11-28,1,Individual,Email only
4657,Gregory Kelly,FI,Pohjois-Pohjanmaa,18-29,2024-04-17,1,Individual,Full
4658,Dr Anna Wilson,SE,Västra Götaland,60-74,2023-12-07,1,Individual,Full
4659,Judith Carter,NO,Rogaland,45-59,2023-07-17,1,Individual,Full
4660,Paula Stephenson,NO,Rogaland,45-59,2025-07-12,4,Individual,Full
4661,Mr Garry Lee,SE,Västra Götaland,60-74,2023-05-08,4,Individual,Email only
4662,Mr Jonathan Blake,FI,Pirkanmaa,30-44,2022-10-23,2,Individual,Full
4663,Mr Steven Waters,FI,Varsinais-Suomi,18-29,2023-03-10,1,Individual,Full
4664,Fiona Jones,FI,Pohjois-Pohjanmaa,18-29,2022-12-14,6,Individual,Full
4665,Dr Kyle Law,SE,Västra Götaland,30-44,2022-11-26,1,Individual,Full
4666,Stephen Brooks,FI,Pohjois-Pohjanmaa,45-59,2022-04-13,1,Individual,Full
4667,Mr Nicholas Thomas,FI,Varsinais-Suomi,30-44,2022-08-24,2,Individual,Full
4668,Ben Lewis,FI,Uusimaa,60-74,2022-12-02,1,Individual,Full
4669,Marilyn Clarke,SE,Västra Götaland,18-29,2025-03-30,4,Trust,Post only
4670,Lynda Watson,SE,Stockholm,45-59,2025-09-11,5,Individual,Email only
4671,Peter Sykes,,Skåne,60-74,2024-12-28,4,Individual,Email only
4672,Simon Jackson,SE,Uppsala,45-59,2024-04-22,5,Individual,Email only
4673,Louis Williams,NO,Trøndelag,45-59,2023-12-26,1,Individual,Full
4674,Nicola Evans,SE,Stockholm,60-74,2024-01-05,3,Individual,Full
4675,Tracy Wells,FI,Uusimaa,30-44,2023-03-31,5,Individual,Full
4676,Ms Clare Cross,,Västra Götaland,30-44,2025-05-17,4,Individual,Post only
4677,Ms Elaine Black,SE,Stockholm,18-29,2025-03-21,2,Individual,Full
4678,Harriet Graham,DK,Sjælland,60-74,2025-08-13,1,Individual,Full
4679,Dr Nigel Harper,FI,Pohjois-Pohjanmaa,18-29,2022-12-02,4,Individual,Full
4680,Dr Ronald Dean,DK,Syddanmark,60-74,2022-12-23,1,Individual,Full
4681,Edward West,NO,Vestland,60-74,2024-06-03,1,Individual,Full
4682,Mrs Rachel Dickinson,FI,Varsinais-Suomi,30-44,2023-10-14,2,Individual,Email only
4683,Elizabeth Spencer-Wright,DK,Hovedstaden,75+,2023-12-04,1,Individual,Full
4684,Clare Hill-Lewis,SE,Skåne,75+,2025-09-01,1,Individual,Full
4685,Dr Dominic Wilkins,FI,Pohjois-Pohjanmaa,75+,2022-12-07,1,Individual,Full
4686,Stacey Ward,SE,Västra Götaland,45-59,2022-04-29,2,Individual,Full
4687,Beverley Smith,FI,Varsinais-Suomi,45-59,2024-06-15,1,Individual,Full
4688,Gerald Baxter-Vaughan,SE,Västra Götaland,60-74,2024-11-26,1,Individual,Email only
4689,Paul Kerr,FI,Pirkanmaa,60-74,2024-06-09,1,Individual,Post only
4690,Justin Hughes,NO,Vestland,60-74,2025-11-03,1,Individual,Full
4691,Ms Valerie Robinson,FI,Pohjois-Pohjanmaa,45-59,2023-12-30,5,Individual,Full
4692,Jemma Robinson,DK,Sjælland,18-29,2023-11-27,3,Individual,Email only
4693,Mr Alexander Booth,SE,Uppsala,60-74,2025-12-22,1,Individual,Full
4694,Glenn Welch,SE,Stockholm,60-74,2025-12-20,3,Individual,Full
4695,Peter Edwards,FI,Uusimaa,18-29,2025-12-16,1,Individual,Full
4696,Mr Russell O'Brien,FI,Pirkanmaa,45-59,2023-11-06,3,Individual,Full
4697,Sarah Browne,FI,Pirkanmaa,30-44,2023-12-23,1,Individual,Full
4698,Ms Susan Robertson,DK,Midtjylland,60-74,2023-04-22,6,Individual,Full
4699,Nicola Wright,FI,Pohjois-Pohjanmaa,18-29,2024-05-27,1,Individual,Email only
4700,Mr Adam James,DK,Midtjylland,75+,2024-08-11,4,Individual,Full
4701,Nathan Johnson,NO,Rogaland,60-74,2025-12-30,2,Individual,Full
4702,Mathew Thompson,FI,Uusimaa,30-44,2025-05-17,1,Individual,Email only
4703,Mr Anthony Pearce,FI,Varsinais-Suomi,60-74,2023-09-14,2,Corporate,Full
4704,Carly O'Brien,FI,Uusimaa,45-59,2022-12-16,1,Individual,Full
4705,Angela Richardson,FI,Pohjois-Pohjanmaa,45-59,2024-05-12,1,Individual,Full
4706,Alexander Brown,SE,Skåne,18-29,2022-06-07,3,Individual,Email only
4707,Howard Holmes-Brown,NO,Oslo,30-44,2025-10-08,1,Individual,Full
4708,Mr Callum Brown,NO,Rogaland,60-74,2025-09-15,5,Individual,Full
4709,Guy Bates,FI,Varsinais-Suomi,60-74,2025-08-12,5,Individual,Full
4710,Jemma Smith,FI,Varsinais-Suomi,30-44,2022-05-15,1,Individual,Email only
4711,Cheryl Bray,SE,Stockholm,45-59,2023-05-07,3,Individual,Full
4712,Colin James-O'Brien,SE,Västra Götaland,60-74,2022-06-19,1,Individual,Full
4713,Vincent Collier,SE,Västra Götaland,45-59,2025-03-06,6,Individual,Full
4714,Christopher Holmes,SE,Skåne,30-44,2025-01-25,6,Individual,Full
4715,Aaron Martin,SE,Skåne,30-44,2025-02-22,1,Individual,Post only
4716,Mr Kenneth Dixon,SE,Uppsala,30-44,2024-03-27,2,Individual,Post only
4717,Jill Parker,SE,Västra Götaland,60-74,2023-10-11,1,Individual,Email only
4718,Sam Greenwood,NO,Trøndelag,75+,2024-06-20,3,Individual,Full
4719,Francis Miller,FI,Varsinais-Suomi,30-44,2023-12-26,2,Individual,Email only
4720,Dr Jemma Peters,SE,Skåne,60-74,2022-04-25,3,Individual,Full
4721,Max Wallace,DK,Sjælland,18-29,2023-07-31,2,Corporate,Post only
4722,Ms Maureen Pritchard,FI,Varsinais-Suomi,30-44,2025-10-26,1,Individual,Email only
4723,Miss Molly Wilkinson,SE,Uppsala,75+,2022-10-06,1,Individual,Full
4724,Zoe Richardson-Smith,SE,Stockholm,30-44,2025-02-28,1,Corporate,Post only
4725,Paige Parry,FI,Pohjois-Pohjanmaa,45-59,2025-10-02,2,Individual,Post only
4726,Ann Kelly,DK,Midtjylland,18-29,2024-07-05,2,Individual,Email only
4727,Trevor Talbot-Williams,FI,Varsinais-Suomi,60-74,2025-11-12,2,Individual,Full
4728,Paula Williams-Stanley,DK,Sjælland,30-44,2023-12-16,2,Individual,Full
4729,Nicola White,NO,Oslo,60-74,2024-10-24,2,Individual,Full
4730,Dr Jade Ball,SE,Stockholm,75+,2023-11-26,1,Individual,Full
4731,Pauline Smith,DK,Sjælland,60-74,2023-09-06,4,Individual,Full
4732,Ross Knowles,SE,Uppsala,18-29,2023-12-01,3,Individual,Email only
4733,Kieran George,NO,Oslo,45-59,2025-05-10,1,Individual,Full
4734,Lindsey Wyatt,SE,Skåne,60-74,2022-11-25,2,Individual,Full
4735,Dr Scott Carpenter,SE,Uppsala,30-44,2025-12-02,5,Individual,Email only
4736,Dr Sam Jones,FI,Uusimaa,45-59,2024-01-12,1,Corporate,Full
4737,Brian Cook-Humphries,FI,Varsinais-Suomi,60-74,2022-12-03,2,Individual,Full
4738,Leslie Reed,NO,Rogaland,30-44,2024-12-06,6,Individual,Full
4739,Frank Baker,NO,Trøndelag,30-44,2024-12-10,1,Individual,Email only
4740,Roy McDonald,SE,Stockholm,30-44,2024-05-30,3,Individual,Post only
4741,Francesca Anderson,SE,Uppsala,30-44,2022-08-11,1,Corporate,Full
4742,Kayleigh Whittaker,FI,Varsinais-Suomi,60-74,2022-09-20,1,Individual,Post only
4743,Matthew Kirby,FI,Pohjois-Pohjanmaa,75+,2025-11-04,2,Individual,Full
4744,Mrs Alison Simpson,SE,Västra Götaland,60-74,2023-10-22,6,Individual,Email only
4745,Mary Brooks,FI,Pirkanmaa,18-29,2023-06-04,1,Individual,Email only
4746,Iain Tomlinson,SE,Uppsala,60-74,2022-07-19,2,Individual,Email only
4747,Guy Turner,NO,Oslo,75+,2023-07-12,1,Individual,Full
4748,Scott Freeman,FI,Pohjois-Pohjanmaa,30-44,2022-02-06,2,Trust,Full
4749,Miss Deborah Walton,SE,Västra Götaland,30-44,2022-11-13,1,Individual,Email only
4750,Beth Cook,NO,Trøndelag,75+,2025-12-15,2,Individual,Email only
4751,Guy Owen,SE,Västra Götaland,30-44,2025-09-16,1,Individual,Full
4752,Joyce Barker,SE,Skåne,18-29,2022-08-20,4,Individual,Full
4753,William Powell,SE,Västra Götaland,30-44,2022-06-10,3,Individual,Full
4754,Mr Norman Burns,FI,Uusimaa,30-44,2024-10-03,5,Individual,Email only
4755,Stanley Stevens,FI,Pirkanmaa,60-74,2025-02-17,1,Individual,Full
4756,Lydia Hussain,FI,Varsinais-Suomi,45-59,2025-06-08,4,Individual,Full
4757,Yvonne Carroll,SE,Västra Götaland,30-44,2024-12-23,2,Individual,Full
4758,Holly Whitehead-Burns,NO,Trøndelag,30-44,2025-12-12,3,Individual,Full
4759,Ricky Kaur,DK,Midtjylland,75+,2025-02-03,3,Individual,Full
4760,Josh Edwards,FI,Uusimaa,75+,2025-12-18,1,Individual,Full
4761,Dr Ellie Marshall,NO,Rogaland,60-74,2022-08-20,1,Individual,Full
4762,Mr Declan Brennan,NO,Vestland,18-29,2022-10-15,4,Individual,Full
4763,Gary Smith,NO,Oslo,75+,2022-05-24,6,Individual,Full
4764,Dr Guy Harrison,FI,Varsinais-Suomi,60-74,2024-11-02,2,Individual,Full
4765,Mrs Kayleigh Wood,,Uusimaa,18-29,2022-12-05,1,Individual,Email only
4766,Maurice Harrison,DK,Hovedstaden,30-44,2023-03-27,4,Individual,Full
4767,Jordan Townsend,SE,Stockholm,45-59,2024-08-21,1,Individual,Full
4768,Thomas Burke,NO,Vestland,60-74,2023-10-27,5,Individual,Full
4769,Jodie Jones,FI,Pirkanmaa,18-29,2023-09-20,4,Individual,Email only
4770,Scott Taylor,NO,Trøndelag,30-44,2022-01-05,7,Individual,Full
4771,Georgina Murray,NO,Rogaland,45-59,2022-10-08,2,Individual,Full
4772,Mr Stuart Patel,NO,Vestland,75+,2022-09-05,4,Individual,Post only
4773,Clive Stevens,SE,Uppsala,75+,2024-05-21,6,Individual,Full
4774,Elizabeth Holmes-O'Neill,FI,Uusimaa,18-29,2022-03-08,1,Individual,Full
4775,Mandy Perry,FI,Uusimaa,60-74,2023-12-14,1,Individual,Full
4776,Dr Graham Williams,FI,Varsinais-Suomi,18-29,2025-12-10,3,Individual,Full
4777,Dr Louise Wood,SE,Stockholm,60-74,2023-04-01,1,Individual,Full
4778,Darren Norton,SE,Västra Götaland,45-59,2023-07-18,1,Individual,Full
4779,Maureen Bird,SE,Skåne,30-44,2023-03-25,1,Individual,Full
4780,Valerie Freeman-Watts,DK,Syddanmark,75+,2022-05-22,1,Individual,Full
4781,Dr Carl Wade,FI,Varsinais-Suomi,30-44,2023-11-25,2,Individual,Full
4782,Ms Abbie Adams,NO,Trøndelag,60-74,2025-10-26,6,Individual,Full
4783,Miss Andrea Cox,DK,Sjælland,30-44,2025-09-27,1,Individual,Full
4784,Dr Louise Anderson,DK,Syddanmark,18-29,2023-10-11,6,Individual,Full
4785,Kevin Williams-Bentley,SE,Uppsala,60-74,2023-08-11,4,Individual,Full
4786,Philip Manning,,Pirkanmaa,18-29,2025-12-17,1,Individual,Full
4787,Matthew Brennan,SE,Stockholm,45-59,2024-06-20,5,Individual,Email only
4788,Steven Allen-Hale,FI,Varsinais-Suomi,60-74,2023-06-01,1,Individual,Full
4789,Grace Gibson,SE,Skåne,30-44,2025-11-05,1,Corporate,Full
4790,Mr Neil Owen,FI,Pohjois-Pohjanmaa,45-59,2025-05-22,5,Individual,Full
4791,Katie Davies,FI,Varsinais-Suomi,75+,2025-11-23,2,Individual,Full
4792,Dr Martin Watson,FI,Varsinais-Suomi,60-74,2023-11-01,3,Individual,Full
4793,Dr Alex Webb,NO,Rogaland,45-59,2024-02-10,5,Individual,Email only
4794,Gerald Clark,FI,Pirkanmaa,60-74,2025-03-15,1,Individual,Post only
4795,Douglas Evans,NO,Oslo,45-59,2024-03-09,6,Individual,Email only
4796,Dr Laura Spencer,,Stockholm,30-44,2025-05-19,2,Individual,Full
4797,Mrs Pauline Martin,SE,Stockholm,45-59,2024-05-17,2,Individual,Full
4798,Malcolm Green,FI,Uusimaa,60-74,2025-08-26,7,Individual,Full
4799,Emily Evans,FI,Uusimaa,60-74,2025-04-12,1,Individual,Full
4800,Dr Dominic Mitchell,NO,Trøndelag,60-74,2024-04-10,1,Individual,Full
4801,Stephanie Evans,NO,Trøndelag,45-59,2025-11-28,4,Individual,Email only
4802,Alan Smith-Taylor,SE,Uppsala,60-74,2022-09-26,2,Individual,Post only
4803,Robert Green,SE,Västra Götaland,45-59,2025-12-24,2,Individual,Full
4804,Dr Lynda Dyer,DK,Midtjylland,60-74,2023-03-09,1,Individual,Post only
4805,Annette Stephenson,SE,Uppsala,45-59,2025-12-01,4,Individual,Full
4806,Tony Richards,SE,Stockholm,45-59,2022-12-12,1,Individual,Full
4807,Vanessa Thomas,NO,Vestland,45-59,2024-10-17,1,Individual,Full
4808,Mr Oliver Townsend,SE,Stockholm,18-29,2024-10-25,6,Individual,Full
4809,Mr Allan Mitchell,DK,Hovedstaden,60-74,2025-10-27,1,Individual,Full
4810,Mrs Anne Hussain,FI,Uusimaa,45-59,2023-11-28,6,Individual,Full
4811,Mr Liam Hussain,SE,Västra Götaland,60-74,2025-12-02,1,Corporate,Full
4812,Jasmine Williams,NO,Vestland,30-44,2024-07-21,6,Individual,Full
4813,Josephine Elliott,FI,Uusimaa,45-59,2023-01-29,3,Individual,Full
4814,Paul Dale,FI,Varsinais-Suomi,45-59,2022-01-06,5,Individual,Full
4815,Leon Bryan,SE,Västra Götaland,60-74,2025-09-21,3,Individual,Email only
4816,Ellie Hudson-Mason,DK,Sjælland,60-74,2023-03-05,1,Individual,Full
4817,Mrs Lauren Tucker,FI,Pirkanmaa,30-44,2024-11-09,5,Individual,Full
4818,Jean Stephenson-Phillips,SE,Västra Götaland,30-44,2023-08-20,2,Individual,Email only
4819,Marcus Davies,SE,Stockholm,18-29,2025-03-03,7,Individual,Full
4820,Mrs Joanna Law,SE,Skåne,60-74,2025-07-03,1,Individual,Email only
4821,Gail Murphy,FI,Pirkanmaa,45-59,2024-11-11,3,Individual,Full
4822,Joanna Burke,DK,Sjælland,18-29,2023-11-10,2,Individual,Full
4823,Lynn Humphreys-White,FI,Pohjois-Pohjanmaa,45-59,2025-02-04,5,Individual,Full
4824,Tony Kennedy,NO,Trøndelag,75+,2023-12-08,2,Individual,Email only
4825,Josh Hooper,FI,Uusimaa,18-29,2022-12-21,4,Individual,Full
4826,Leslie Davison,SE,Västra Götaland,18-29,2024-06-29,1,Individual,Full
4827,Nicola Cooper,DK,Sjælland,45-59,2024-04-27,2,Individual,Full
4828,Oliver Webster,SE,Skåne,60-74,2025-06-28,4,Individual,Email only
4829,Mrs Sheila Hayward,FI,Pirkanmaa,30-44,2022-12-22,1,Individual,Full
4830,Benjamin O'Sullivan,FI,Pohjois-Pohjanmaa,45-59,2025-09-05,5,Individual,Full
4831,Jeffrey Sutton-Johnson,NO,Trøndelag,60-74,2022-12-21,1,Individual,Full
4832,Sean Thompson,DK,Midtjylland,60-74,2022-10-13,1,Individual,Email only
4833,Diane Murray,NO,Vestland,45-59,2025-08-04,1,Individual,Email only
4834,Cheryl Robinson,SE,Stockholm,45-59,2022-05-01,2,Individual,Full
4835,Dr Leon Wright,FI,Varsinais-Suomi,18-29,2025-08-17,4,Individual,Full
4836,Alexandra Gilbert,DK,Midtjylland,45-59,2023-02-02,3,Individual,Full
4837,Hazel Taylor,FI,Pohjois-Pohjanmaa,60-74,2022-04-11,1,Individual,Full
4838,Rosemary Davies,,Pohjois-Pohjanmaa,18-29,2024-01-03,2,Individual,Email only
4839,Connor King,SE,Västra Götaland,60-74,2025-05-14,1,Individual,Post only
4840,Helen Bennett,FI,Uusimaa,30-44,2024-12-13,2,Individual,Email only
4841,Dennis Moran-Wilson,NO,Rogaland,75+,2025-09-02,3,Individual,Email only
4842,Donald Dodd,FI,Varsinais-Suomi,30-44,2023-02-27,2,Individual,Full
4843,Dr David Wright,NO,Oslo,60-74,2022-03-31,6,Individual,Full
4844,Janice Parsons,FI,Uusimaa,30-44,2022-02-26,2,Individual,Email only
4845,Carly Curtis,FI,Pohjois-Pohjanmaa,30-44,2025-09-10,1,Individual,Full
4846,Rhys Wilson-Holt,FI,Pirkanmaa,75+,2025-12-01,1,Individual,Full
4847,Joyce Dodd,FI,Varsinais-Suomi,60-74,2022-03-22,1,Individual,Email only
4848,Carol Patel-Mitchell,NO,Oslo,30-44,2024-12-23,2,Individual,Email only
4849,Nathan Porter,FI,Uusimaa,60-74,2025-10-11,3,Individual,Email only
4850,Mr Trevor Miller,NO,Rogaland,45-59,2024-02-08,1,Individual,Full
4851,Mr Norman Cross,SE,Skåne,30-44,2025-11-23,1,Individual,Full
4852,Peter Kelly,NO,Oslo,60-74,2025-07-10,1,Individual,Full
4853,Carolyn Willis,SE,Skåne,18-29,2024-05-31,3,Individual,Full
4854,Dr Sarah Khan,SE,Västra Götaland,45-59,2025-01-05,1,Individual,Full
4855,Dr Leigh Hughes,DK,Midtjylland,60-74,2022-05-10,1,Individual,Full
4856,Clive Parkes,FI,Pirkanmaa,30-44,2025-01-18,4,Individual,Email only
4857,Amy Kerr,FI,Pirkanmaa,60-74,2022-12-23,1,Corporate,Full
4858,Sean Thompson,FI,Pohjois-Pohjanmaa,45-59,2023-12-24,2,Individual,Full
4859,Charlene Howard,SE,Skåne,60-74,2023-07-04,2,Individual,Full
4860,Aaron Begum,SE,Uppsala,60-74,2023-11-25,2,Individual,Email only
4861,Marilyn Wilkinson,SE,Stockholm,45-59,2022-09-16,2,Individual,Email only
4862,Ms Joanne Wilkinson,FI,Varsinais-Suomi,60-74,2024-07-06,2,Individual,Full
4863,Barry Bolton,DK,Sjælland,60-74,2023-10-15,4,Individual,Full
4864,Mr Joshua Richardson,SE,Uppsala,60-74,2024-09-28,3,Individual,Full
4865,Nigel Bowen,FI,Pirkanmaa,75+,2024-02-06,1,Individual,Full
4866,Philip Cunningham,NO,Rogaland,30-44,2023-12-12,1,Individual,Full
4867,Katherine Williams,FI,Pirkanmaa,45-59,2024-11-03,1,Individual,Full
4868,Dr Jake Riley,FI,Varsinais-Suomi,45-59,2023-09-27,2,Individual,Email only
4869,Clive Jackson,DK,Syddanmark,45-59,2025-04-21,2,Individual,Full
4870,Sharon Bowen,FI,Pohjois-Pohjanmaa,45-59,2023-12-25,2,Individual,Full
4871,Miss Jean Browne,NO,Oslo,30-44,2025-11-14,1,Individual,Full
4872,Sandra Wallace-Robson,FI,Varsinais-Suomi,30-44,2022-02-21,2,Individual,Post only
4873,Barbara Pearce-Davies,SE,Stockholm,45-59,2023-05-08,1,Corporate,Email only
4874,Mr Connor Miles,FI,Pirkanmaa,45-59,2024-04-25,1,Individual,Post only
4875,Ryan Matthews,SE,Skåne,30-44,2025-12-04,1,Individual,Full
4876,Barbara Fuller-Barker,NO,Rogaland,45-59,2023-08-29,1,Individual,Full
4877,Catherine Hall-Hart,DK,Midtjylland,30-44,2022-03-10,1,Individual,Full
4878,Jordan Hudson,SE,Uppsala,75+,2025-02-03,5,Individual,Full
4879,Mr Tony Ferguson,SE,Skåne,75+,2025-12-04,6,Individual,Full
4880,Dr Hugh Morley,SE,Stockholm,45-59,2025-11-02,2,Individual,Full
4881,Kimberley Edwards,FI,Varsinais-Suomi,30-44,2025-03-24,1,Individual,Email only
4882,Jayne Reed,SE,Stockholm,30-44,2022-05-03,1,Individual,Post only
4883,Arthur Kaur,DK,Sjælland,75+,2024-02-15,1,Individual,Full
4884,Victoria Cox,SE,Stockholm,18-29,2025-01-20,5,Individual,Full
4885,Guy Pearson,FI,Pirkanmaa,18-29,2023-08-11,2,Individual,Full
4886,Ms Francesca Pickering,FI,Varsinais-Suomi,30-44,2024-05-11,1,Individual,Full
4887,Paige Rees,FI,Pirkanmaa,30-44,2023-04-26,4,Individual,Full
4888,Joan Brown-Evans,FI,Uusimaa,75+,2025-11-09,1,Trust,Full
4889,Arthur Griffiths-Mitchell,SE,Uppsala,30-44,2025-01-21,4,Individual,Full
4890,Dr Kelly Willis,FI,Uusimaa,18-29,2024-09-15,3,Individual,Full
4891,Mathew Jackson,FI,Pirkanmaa,45-59,2025-03-20,1,Individual,Post only
4892,Billy Green,FI,Pirkanmaa,60-74,2024-12-12,2,Individual,Post only
4893,Dr Cameron Edwards,NO,Vestland,75+,2023-05-19,1,Individual,Post only
4894,Margaret Preston,DK,Hovedstaden,60-74,2024-04-22,3,Individual,Full
4895,Harry Jones,FI,Pirkanmaa,60-74,2022-04-23,4,Individual,Full
4896,Charlene Woodward-Holmes,SE,Uppsala,18-29,2024-11-23,5,Individual,Email only
4897,Lee Smith,SE,Stockholm,30-44,2023-03-05,1,Individual,Email only
4898,Cheryl Hodgson,FI,Pohjois-Pohjanmaa,18-29,2023-12-12,2,Individual,Email only
4899,Harry James-Moran,FI,Varsinais-Suomi,30-44,2025-12-10,2,Corporate,Full
4900,David Birch,NO,Rogaland,45-59,2022-03-25,4,Individual,Full
4901,Lauren Bevan-Turner,DK,Midtjylland,45-59,2025-12-17,1,Individual,Full
4902,Miss Linda Harding,SE,Uppsala,75+,2022-05-10,6,Individual,Post only
4903,Danielle Burton,NO,Oslo,18-29,2022-11-15,1,Individual,Full
4904,Mathew Cox,NO,Oslo,45-59,2023-05-02,2,Individual,Email only
4905,Dr Abbie Flynn,DK,Midtjylland,30-44,2025-09-29,3,Individual,Full
4906,Craig Bennett,FI,Pohjois-Pohjanmaa,45-59,2023-06-24,1,Individual,Full
4907,Lisa Armstrong,DK,Midtjylland,45-59,2023-04-15,1,Individual,Full
4908,Jonathan Newman,FI,Pirkanmaa,45-59,2025-12-14,4,Individual,Full
4909,Clive Francis,SE,Uppsala,45-59,2023-09-28,1,Individual,Post only
4910,Ms Carolyn Atkinson,NO,Rogaland,18-29,2023-12-20,1,Individual,Full
4911,Miss Melanie James,FI,Pirkanmaa,18-29,2022-12-24,1,Individual,Full
4912,Trevor Price,NO,Vestland,30-44,2025-02-20,1,Individual,Full
4913,Joanna Walker,SE,Västra Götaland,18-29,2024-12-08,3,Individual,Email only
4914,Mrs Sarah Collins,NO,Trøndelag,18-29,2022-10-11,2,Individual,Email only
4915,Charlie O'Neill,DK,Syddanmark,30-44,2023-12-19,1,Individual,Post only
4916,Kyle Richards-Vaughan,FI,Pohjois-Pohjanmaa,45-59,2022-12-04,3,Individual,Full
4917,Denis Robinson,DK,Hovedstaden,30-44,2022-10-29,2,Individual,Email only
4918,Dr Kevin Harding,DK,Hovedstaden,45-59,2024-10-21,2,Individual,Full
4919,Sarah Sullivan-Ward,SE,Uppsala,75+,2024-10-03,1,Individual,Full
4920,Yvonne Jackson,DK,Midtjylland,30-44,2022-08-25,2,Individual,Post only
4921,Aaron Johnston,NO,Oslo,45-59,2024-11-30,2,Individual,Full
4922,Angela Welch,FI,Pohjois-Pohjanmaa,45-59,2024-12-26,1,Individual,Full
4923,Miss Georgina Clark,FI,Pirkanmaa,45-59,2025-06-14,5,Individual,Post only
4924,Dr Georgia Smith,SE,Stockholm,60-74,2023-11-21,6,Individual,Full
4925,Dennis Patel,FI,Pohjois-Pohjanmaa,45-59,2024-04-22,1,Individual,Full
4926,Zoe Campbell,FI,Uusimaa,60-74,2024-12-15,2,Individual,Full
4927,Glenn Martin,SE,Uppsala,30-44,2024-02-18,1,Individual,Email only
4928,Dr Ricky Webb,DK,Syddanmark,60-74,2025-06-06,3,Individual,Full
4929,Leonard O'Connor,FI,Uusimaa,30-44,2023-12-08,4,Individual,Email only
4930,Bethany Norton,NO,Vestland,60-74,2025-06-25,2,Individual,Email only
4931,Mr Thomas Dennis,NO,Rogaland,45-59,2024-02-11,3,Individual,Email only
4932,Shaun Doyle,FI,Pohjois-Pohjanmaa,60-74,2022-12-13,1,Individual,Email only
4933,Dr Rachael Smith,NO,Trøndelag,45-59,2024-12-20,6,Individual,Full
4934,Wendy Evans-Lloyd,SE,Uppsala,45-59,2022-12-11,5,Corporate,Full
4935,Timothy Barry,FI,Varsinais-Suomi,75+,2023-03-08,6,Trust,Post only
4936,Ms Jennifer Morgan,DK,Midtjylland,45-59,2023-12-09,2,Corporate,Email only
4937,Mr Vincent Whittaker,DK,Syddanmark,18-29,2022-06-26,1,Individual,Full
4938,Henry Graham,SE,Västra Götaland,60-74,2023-12-05,2,Individual,Full
4939,Yvonne Wright-Talbot,NO,Rogaland,45-59,2024-08-18,1,Individual,Full
4940,Jason Kennedy,DK,Hovedstaden,18-29,2024-04-28,2,Individual,Full
4941,Dr Jeffrey Barrett,NO,Vestland,30-44,2025-08-23,3,Individual,Email only
4942,Lawrence Clark-Robinson,SE,Stockholm,30-44,2024-08-23,2,Individual,Email only
4943,Jodie Watkins,NO,Vestland,45-59,2025-02-23,3,Individual,Full
4944,Dr Adrian White,FI,Varsinais-Suomi,18-29,2023-11-04,2,Individual,Full
4945,Dr Colin Cunningham,DK,Hovedstaden,30-44,2024-11-28,1,Individual,Full
4946,Francesca Sutton,NO,Trøndelag,75+,2024-11-07,1,Individual,Full
4947,Jonathan Gilbert-Martin,DK,Hovedstaden,18-29,2022-12-17,1,Individual,Full
4948,Miss Joanne Pearce,FI,Pohjois-Pohjanmaa,60-74,2022-09-11,2,Individual,Full
4949,Bryan Rhodes-Johnson,SE,Uppsala,45-59,2022-09-17,3,Individual,Full
4950,Mrs Chloe Yates,FI,Varsinais-Suomi,45-59,2022-09-30,4,Individual,Full
4951,Dr Alan Gregory,NO,Vestland,60-74,2025-08-11,1,Individual,Full
4952,Neil Brown,DK,Syddanmark,45-59,2023-09-26,1,Individual,Email only
4953,Michael Williams,SE,Västra Götaland,60-74,2023-06-09,2,Individual,Full
4954,Ms Annette Brown,FI,Uusimaa,45-59,2022-03-02,3,Individual,Full
4955,Mrs Gail Walton,FI,Varsinais-Suomi,30-44,2022-09-06,4,Individual,Full
4956,Dr Harriet Bell,DK,Sjælland,18-29,2025-01-02,6,Individual,Full
4957,Naomi Houghton,DK,Midtjylland,30-44,2025-12-22,1,Individual,Full
4958,Julian Robson,FI,Uusimaa,75+,2025-10-28,3,Individual,Email only
4959,Miss Alexandra Wright,FI,Pirkanmaa,60-74,2025-10-07,1,Individual,Full
4960,Joe Alexander,SE,Skåne,30-44,2023-12-06,4,Individual,Full
4961,Mathew Sutton,DK,Syddanmark,60-74,2025-01-13,1,Individual,Full
4962,Louis Evans,FI,Varsinais-Suomi,30-44,2022-09-15,4,Individual,Full
4963,Clare Davies-O'Connor,SE,Uppsala,75+,2024-06-09,1,Individual,Full
4964,Mr Clive Nelson,FI,Varsinais-Suomi,45-59,2023-04-24,3,Individual,Full
4965,Gareth King,NO,Rogaland,30-44,2022-01-14,1,Individual,Email only
4966,Mr Gregory Rose,SE,Uppsala,45-59,2022-12-01,2,Individual,Post only
4967,Jade Duncan,FI,Pirkanmaa,75+,2025-11-21,2,Individual,Full
4968,Bethan Williamson-Dixon,NO,Rogaland,45-59,2023-09-01,2,Individual,Email only
4969,Bradley Young,FI,Uusimaa,75+,2022-02-05,2,Individual,Full
4970,Ms Eileen Long,FI,Pohjois-Pohjanmaa,60-74,2024-09-16,1,Individual,Post only
4971,Edward Wright,SE,Uppsala,60-74,2022-11-15,2,Corporate,Email only
4972,Linda Begum,NO,Oslo,45-59,2022-11-22,2,Individual,Full
4973,Wayne Gill,FI,Varsinais-Suomi,45-59,2025-07-11,1,Individual,Email only
4974,George Smith,FI,Varsinais-Suomi,45-59,2022-06-01,1,Individual,Full
4975,Danny Jennings,FI,Pohjois-Pohjanmaa,75+,2024-01-16,1,Individual,Full
4976,James Webster,SE,Västra Götaland,30-44,2023-03-17,1,Individual,Full
4977,Scott Goodwin,FI,Pohjois-Pohjanmaa,45-59,2024-12-27,1,Individual,Full
4978,Danielle Perry,NO,Trøndelag,75+,2025-03-17,1,Individual,Full
4979,Harriet Patel,FI,Varsinais-Suomi,45-59,2022-03-22,4,Individual,Full
4980,Ms Lucy Jones,FI,Pohjois-Pohjanmaa,30-44,2024-11-08,1,Trust,Full
4981,Alice Marsh,SE,Västra Götaland,45-59,2024-06-26,1,Individual,Email only
4982,Dr Julian Myers,FI,Pirkanmaa,18-29,2024-12-28,3,Individual,Full
4983,Dr Karen O'Neill,SE,Skåne,60-74,2022-11-15,2,Corporate,Full
4984,Amy Houghton,FI,Pirkanmaa,75+,2022-12-30,1,Individual,Full
4985,Jordan Atkins,FI,Pohjois-Pohjanmaa,45-59,2023-12-05,2,Individual,Full
4986,Richard Kirk,SE,Stockholm,18-29,2025-10-24,5,Individual,Email only
4987,Dr Dorothy Ball,SE,Västra Götaland,60-74,2024-08-04,5,Individual,Full
4988,Dr Melanie O'Brien,DK,Syddanmark,30-44,2022-10-02,2,Individual,Full
4989,Dr Max Little,FI,Pohjois-Pohjanmaa,60-74,2023-12-29,3,Individual,Full
4990,John Fleming-Duffy,FI,Pohjois-Pohjanmaa,75+,2024-02-24,2,Individual,Full
4991,Dr Antony Barnett,SE,Stockholm,60-74,2023-04-06,5,Individual,Email only
4992,Miss Stephanie Reed,SE,Skåne,60-74,2024-01-08,1,Individual,Post only
4993,Dr Megan McDonald,SE,Skåne,75+,2023-09-02,3,Individual,Full
4994,Eric Parsons,FI,Pirkanmaa,60-74,2024-12-04,1,Individual,Email only
4995,Stuart Carr,FI,Pirkanmaa,30-44,2022-08-02,3,Individual,Full
4996,Martin Parkin,SE,Skåne,18-29,2025-11-27,2,Individual,Full
4997,Stephen Stephens,SE,Skåne,30-44,2024-05-16,2,Individual,Email only
4998,Lindsey Barker,FI,Pohjois-Pohjanmaa,30-44,2022-06-28,1,Individual,Full
4999,Paula Collins,FI,Varsinais-Suomi,30-44,2025-10-17,1,Individual,Email only
5000,Ricky Hall,FI,Varsinais-Suomi,75+,2023-12-17,4,Individual,Full
5001,Sandra Khan,SE,Västra Götaland,45-59,2023-02-25,2,Individual,Full
5002,Alice White,FI,Pohjois-Pohjanmaa,60-74,2022-12-19,2,Individual,Full
5003,June Jackson,NO,Rogaland,30-44,2022-03-24,3,Individual,Full
5004,Mrs Sarah Lee,FI,Varsinais-Suomi,60-74,2023-11-04,1,Individual,Email only
5005,Clifford Mitchell,SE,Uppsala,75+,2024-06-26,6,Individual,Email only
5006,Paige Giles,DK,Sjælland,30-44,2024-07-08,1,Individual,Full
5007,Mrs Georgina Oliver,DK,Midtjylland,60-74,2025-05-05,1,Individual,Full
5008,Dr David Conway,FI,Pohjois-Pohjanmaa,45-59,2023-02-08,2,Individual,Email only
5009,Jeffrey Wilkinson-Clayton,SE,Skåne,18-29,2022-04-15,6,Individual,Full
5010,Pamela Myers,SE,Stockholm,75+,2022-01-01,4,Individual,Email only
5011,Tina Godfrey,NO,Rogaland,45-59,2023-11-03,1,Individual,Full
5012,John Jones,SE,Uppsala,18-29,2024-12-28,1,Individual,Full
5013,Mrs Anne Thompson,SE,Skåne,75+,2024-02-20,1,Individual,Full
5014,Leonard James-Miah,NO,Oslo,60-74,2024-04-08,1,Individual,Post only
5015,Geraldine Pritchard-Gibson,SE,Västra Götaland,75+,2023-03-07,2,Individual,Full
5016,Stanley Moss-Taylor,FI,Uusimaa,30-44,2025-08-27,1,Individual,Full
5017,Joseph Pugh-Russell,DK,Hovedstaden,60-74,2022-09-29,2,Individual,Full
5018,Raymond Horton,FI,Pohjois-Pohjanmaa,30-44,2024-12-05,1,Individual,Full
5019,Hazel Harris,FI,Pohjois-Pohjanmaa,60-74,2024-12-07,1,Individual,Full
5020,Elizabeth Parkinson,NO,Vestland,60-74,2023-08-19,2,Individual,Full
5021,Ruth Cox,NO,Oslo,60-74,2025-02-18,6,Individual,Full
5022,Ms Kirsty Hartley,FI,Uusimaa,60-74,2024-02-27,3,Individual,Full
5023,Jayne McDonald,FI,Varsinais-Suomi,45-59,2023-03-21,1,Individual,Full
5024,Billy Evans,FI,Uusimaa,18-29,2022-12-15,2,Individual,Full
5025,Kathleen Chadwick,SE,Stockholm,45-59,2022-12-15,2,Individual,Email only
5026,Valerie Morgan-Lewis,SE,Skåne,30-44,2023-09-22,3,Individual,Full
5027,Ryan Cunningham,SE,Stockholm,60-74,2025-03-28,2,Individual,Full
5028,Mitchell Watts,FI,Pirkanmaa,60-74,2024-02-01,1,Individual,Full
5029,Mr Albert Walters,FI,Varsinais-Suomi,18-29,2025-01-15,1,Corporate,Full
5030,Dr Beverley Holmes,FI,Pirkanmaa,60-74,2024-06-03,1,Individual,Full
5031,Nathan Kay,FI,Uusimaa,60-74,2024-05-02,2,Individual,Full
5032,Catherine Berry,NO,Oslo,45-59,2024-03-20,1,Individual,Full
5033,Molly Davies,SE,Skåne,45-59,2022-05-10,1,Individual,Full
5034,Janice Gibson,NO,Vestland,30-44,2025-12-05,1,Individual,Full
5035,Clifford Harris,NO,Rogaland,30-44,2025-10-07,3,Individual,Full
5036,Miss Carolyn Bruce,SE,Västra Götaland,45-59,2023-11-20,6,Individual,Full
5037,Roger Clarke-Smith,SE,Skåne,60-74,2024-12-06,1,Individual,Full
5038,Mr Sam Jenkins,FI,Uusimaa,30-44,2022-08-07,1,Individual,Full
5039,Mathew Fitzgerald-Hewitt,SE,Stockholm,18-29,2022-12-27,1,Individual,Email only
5040,Henry Richardson-Bradley,FI,Uusimaa,18-29,2023-09-07,2,Individual,Full
5041,Alice Morris,NO,Oslo,45-59,2025-08-31,2,Individual,Full
5042,Georgia Harrison,NO,Rogaland,60-74,2023-08-27,2,Individual,Full
5043,Dr Shane Newman,NO,Vestland,45-59,2023-11-30,6,Individual,Full
5044,Lorraine Smith,SE,Västra Götaland,60-74,2025-06-02,4,Individual,Full
5045,Kelly Day,FI,Varsinais-Suomi,75+,2022-12-06,2,Individual,Full
5046,Laura Ali,NO,Vestland,45-59,2024-09-15,4,Individual,Full
5047,Miss Geraldine Elliott,NO,Trøndelag,30-44,2025-11-16,5,Individual,Full
5048,Jake Ali,NO,Trøndelag,30-44,2024-12-03,3,Individual,Email only
5049,Jordan George-Green,FI,Pohjois-Pohjanmaa,30-44,2022-07-25,3,Individual,Full
5050,Dr Hazel Bell,FI,Pirkanmaa,60-74,2023-05-18,1,Individual,Full
5051,Mrs Deborah Adams,FI,Uusimaa,45-59,2024-11-21,1,Individual,Full
5052,Marie Walton,SE,Uppsala,60-74,2025-02-09,1,Individual,Full
5053,June Williams,DK,Syddanmark,18-29,2024-09-01,2,Individual,Full
5054,Dr Bryan Smith,FI,Varsinais-Suomi,75+,2023-11-15,1,Trust,Full
5055,Stacey Holt-Parker,DK,Syddanmark,45-59,2024-12-28,2,Individual,Full
5056,Lorraine Johnson-Wilkinson,FI,Pohjois-Pohjanmaa,18-29,2023-06-30,1,Individual,Full
5057,Miss Irene Holland,FI,Pirkanmaa,60-74,2025-10-07,2,Individual,Email only
5058,Rebecca Watson,SE,Uppsala,30-44,2022-09-27,1,Individual,Full
5059,Lesley Richards,NO,Trøndelag,45-59,2025-08-06,2,Individual,Email only
5060,Gary Jones-Pritchard,DK,Syddanmark,30-44,2022-01-26,3,Individual,Full
5061,Georgia Jones,FI,Pirkanmaa,45-59,2022-12-05,2,Individual,Full
5062,Christian Russell,FI,Uusimaa,30-44,2023-03-20,6,Individual,Full
5063,Mrs Lynda Brooks,NO,Oslo,45-59,2024-11-15,1,Individual,Email only
5064,Ms Christine Burke,FI,Pohjois-Pohjanmaa,45-59,2023-12-02,4,Individual,Email only
5065,Philip Shaw,NO,Vestland,18-29,2022-03-08,1,Individual,Full
5066,Mitchell Thompson,FI,Pohjois-Pohjanmaa,60-74,2022-12-10,3,Individual,Email only
5067,Brenda Price,FI,Pirkanmaa,60-74,2025-05-07,4,Individual,Post only
5068,Nathan Pritchard,NO,Rogaland,18-29,2025-11-03,1,Individual,Post only
5069,Mr Peter Harper,SE,Stockholm,60-74,2023-09-16,2,Individual,Email only
5070,Annette Kelly,SE,Uppsala,30-44,2024-11-26,1,Individual,Email only
5071,Dr Shaun Bates,SE,Uppsala,60-74,2023-11-17,1,Individual,Email only
5072,Hollie Dixon,SE,Skåne,75+,2024-05-16,2,Individual,Email only
5073,Ms Abbie Osborne,SE,Skåne,30-44,2023-02-02,1,Individual,Post only
5074,Angela Powell,FI,Varsinais-Suomi,18-29,2025-12-14,4,Individual,Full
5075,Kevin Warren,NO,Vestland,30-44,2025-12-21,1,Individual,Full
5076,Rita Wood-Wilson,NO,Vestland,60-74,2024-12-27,3,Individual,Full
5077,Brian Ball-Harvey,FI,Varsinais-Suomi,18-29,2023-12-22,2,Individual,Full
5078,Mr Henry Powell,FI,Pohjois-Pohjanmaa,45-59,2023-02-04,3,Individual,Post only
5079,Charlie Begum,SE,Stockholm,18-29,2025-04-29,6,Individual,Full
5080,Sally Wood,SE,Västra Götaland,30-44,2022-06-06,1,Individual,Full
5081,Mrs Yvonne White,NO,Rogaland,45-59,2025-10-03,1,Individual,Email only
5082,Callum Howell,NO,Trøndelag,45-59,2022-12-22,1,Individual,Post only
5083,Michael Robinson,SE,Västra Götaland,45-59,2025-05-28,1,Individual,Post only
5084,Roy Chapman,NO,Vestland,60-74,2022-08-19,1,Individual,Post only
5085,Dennis Jones,DK,Syddanmark,30-44,2025-02-13,2,Individual,Email only
5086,Katherine Davis,SE,Västra Götaland,18-29,2025-07-23,1,Individual,Full
5087,Sharon Bibi-Weston,FI,Uusimaa,45-59,2025-05-17,2,Individual,Email only
5088,Lisa Patel,FI,Varsinais-Suomi,60-74,2022-06-25,7,Individual,Email only
5089,Mohamed Mitchell,NO,Trøndelag,45-59,2024-03-12,2,Individual,Full
5090,Dr Edward Powell,SE,Stockholm,75+,2025-05-14,1,Individual,Email only
5091,Marie Hall,FI,Pirkanmaa,45-59,2024-12-03,5,Corporate,Email only
5092,Lindsey Morgan-Forster,SE,Västra Götaland,30-44,2022-01-06,1,Individual,Full
5093,Dr Gillian Cross,SE,Skåne,30-44,2023-01-12,3,Individual,Full
5094,Elliot Bennett,SE,Västra Götaland,30-44,2025-12-29,5,Individual,Full
5095,Leonard Parry,,Stockholm,60-74,2023-08-18,4,Individual,Full
5096,Dr Connor Yates,FI,Pirkanmaa,18-29,2024-02-27,1,Individual,Full
5097,Mrs Alice Walker,SE,Skåne,60-74,2023-04-12,2,Individual,Full
5098,Mr Callum Chambers,SE,Uppsala,18-29,2024-09-14,5,Individual,Full
5099,Kelly Hall,FI,Pohjois-Pohjanmaa,60-74,2022-12-28,2,Individual,Full
5100,Elizabeth Bryan-Savage,FI,Varsinais-Suomi,18-29,2023-12-31,1,Individual,Full
5101,Henry Cox-Thomas,FI,Varsinais-Suomi,60-74,2023-10-05,5,Individual,Full
5102,Alex Roberts,,Rogaland,45-59,2025-12-16,1,Individual,Full
5103,Tom Stewart-Barnes,NO,Rogaland,30-44,2024-01-12,2,Individual,Full
5104,Dr Tom Jackson,FI,Pohjois-Pohjanmaa,18-29,2024-10-17,5,Individual,Post only
5105,Dr Arthur Hall,DK,Sjælland,45-59,2024-09-29,1,Individual,Full
5106,Nigel Hobbs,FI,Uusimaa,75+,2024-12-01,2,Individual,Email only
5107,Mr Wayne Wood,FI,Pirkanmaa,45-59,2025-01-26,1,Individual,Full
5108,Dawn Ward,FI,Pirkanmaa,60-74,2024-05-08,3,Individual,Email only
5109,Kathryn Humphreys-Bennett,FI,Pohjois-Pohjanmaa,30-44,2023-12-25,2,Individual,Email only
5110,Ashleigh Bull,SE,Västra Götaland,60-74,2022-06-26,2,Individual,Full
5111,Dr Donald Scott,FI,Varsinais-Suomi,75+,2024-03-08,5,Individual,Email only
5112,Mr Conor Thompson,DK,Sjælland,30-44,2025-07-12,1,Individual,Full
5113,Sophie Clayton,SE,Stockholm,60-74,2024-11-28,1,Individual,Full
5114,Jane Patel,SE,Skåne,45-59,2025-12-16,1,Individual,Full
5115,Mohamed Francis,SE,Västra Götaland,45-59,2025-05-11,1,Individual,Full
5116,Carol Wilson,FI,Pirkanmaa,60-74,2022-11-17,5,Individual,Full
5117,Judith Hughes-Newman,FI,Pirkanmaa,45-59,2022-09-30,1,Individual,Full
5118,Miss Tina Jones,FI,Pirkanmaa,18-29,2022-06-02,3,Individual,Full
5119,Hollie Davies-Pollard,SE,Stockholm,60-74,2025-07-01,1,Individual,Full
5120,Jeffrey Cooper,SE,Uppsala,45-59,2022-11-01,4,Individual,Full
5121,Dr Emily Williams,FI,Pirkanmaa,30-44,2023-05-15,1,Individual,Full
5122,Justin Parry-Waters,SE,Stockholm,18-29,2023-04-16,1,Individual,Full
5123,Jonathan Burrows,FI,Varsinais-Suomi,60-74,2023-04-24,1,Individual,Full
5124,Alexandra Berry,FI,Varsinais-Suomi,30-44,2025-09-29,5,Individual,Email only
5125,Leah Richards,DK,Midtjylland,60-74,2023-11-23,1,Individual,Full
5126,Lawrence Riley,FI,Uusimaa,45-59,2025-10-05,2,Individual,Full
5127,Reece Ford-Bell,FI,Uusimaa,45-59,2024-03-10,1,Individual,Full
5128,Rosemary Shaw,FI,Pirkanmaa,45-59,2024-01-04,2,Individual,Full
5129,Graham Nixon,SE,Västra Götaland,18-29,2022-06-30,2,Individual,Email only
5130,Colin Hunt-Butler,FI,Varsinais-Suomi,75+,2023-11-20,1,Individual,Full
5131,Kathleen Reed,NO,Trøndelag,75+,2025-10-16,2,Individual,Full
5132,Joanne Donnelly,,Varsinais-Suomi,60-74,2022-07-15,1,Corporate,Full
5133,Jessica Wells-Thompson,FI,Pohjois-Pohjanmaa,45-59,2022-03-07,3,Individual,Full
5134,Ms Alison Kay,SE,Skåne,30-44,2024-12-10,1,Corporate,Full
5135,Dorothy Ahmed,NO,Oslo,18-29,2025-12-22,4,Individual,Full
5136,Matthew Gordon-Clarke,FI,Uusimaa,45-59,2022-09-09,1,Individual,Full
5137,Mrs Anne Harris,FI,Pirkanmaa,45-59,2022-09-27,6,Individual,Full
5138,Dale Lee,SE,Stockholm,60-74,2023-06-24,1,Individual,Full
5139,Danny Turner-Roberts,SE,Uppsala,60-74,2023-11-27,2,Individual,Email only
5140,Denise Davies,FI,Pirkanmaa,75+,2022-02-02,2,Individual,Full
5141,Ben Thompson,FI,Pirkanmaa,30-44,2022-04-23,2,Individual,Full
5142,Harriet Waters,FI,Pohjois-Pohjanmaa,60-74,2022-11-07,4,Individual,Email only
5143,Lindsey Nicholls,FI,Pohjois-Pohjanmaa,45-59,2025-12-22,3,Individual,Full
5144,Dr Katy Wells,NO,Vestland,60-74,2025-12-02,1,Individual,Email only
5145,Dr Jessica Wilson,SE,Stockholm,45-59,2024-11-30,1,Individual,Full
5146,Glen Young-Stephens,FI,Pirkanmaa,18-29,2022-12-21,2,Individual,Full
5147,Mr Bradley Hamilton,FI,Uusimaa,30-44,2025-10-22,6,Individual,Email only
5148,Dr Darren Andrews,SE,Stockholm,30-44,2024-12-21,4,Individual,Full
5149,Dr Wayne Graham,SE,Skåne,18-29,2024-04-29,2,Individual,Full
5150,Mr Colin Barnes,FI,Pohjois-Pohjanmaa,45-59,2022-12-21,1,Individual,Email only
5151,Helen Marshall,FI,Varsinais-Suomi,60-74,2022-07-25,6,Individual,Full
5152,Amanda Morley-Edwards,NO,Vestland,75+,2025-07-17,1,Individual,Full
5153,Timothy Pearson,SE,Västra Götaland,60-74,2023-08-15,1,Individual,Full
5154,Dr Ryan Miller,SE,Stockholm,30-44,2024-08-08,1,Individual,Full
5155,Mrs Clare Marshall,NO,Trøndelag,30-44,2025-10-02,5,Individual,Full
5156,Mitchell Clark,SE,Skåne,60-74,2022-09-29,2,Individual,Full
5157,Josh Jones,,Pirkanmaa,75+,2024-01-01,1,Individual,Email only
5158,Alice Jones-Simpson,FI,Uusimaa,30-44,2025-12-01,1,Individual,Full
5159,Emily Bishop,FI,Pohjois-Pohjanmaa,30-44,2025-10-03,1,Individual,Full
5160,Beverley Jackson,SE,Västra Götaland,45-59,2022-12-11,1,Individual,Post only
5161,Kerry Wilson,NO,Rogaland,60-74,2022-11-13,1,Individual,Full
5162,Elizabeth Kaur,SE,Skåne,75+,2025-04-30,1,Individual,Full
5163,Sara Edwards,FI,Pohjois-Pohjanmaa,60-74,2022-09-30,2,Individual,Full
5164,Georgia Wood,FI,Varsinais-Suomi,30-44,2025-03-07,2,Individual,Post only
5165,Mrs Stacey Parker,NO,Oslo,75+,2024-08-13,4,Individual,Full
5166,Kenneth Page,FI,Varsinais-Suomi,60-74,2024-02-23,2,Individual,Full
5167,Dr Adrian Payne,NO,Trøndelag,30-44,2022-06-07,2,Individual,Full
5168,Clive Brown,NO,Oslo,45-59,2025-08-15,1,Individual,Full
5169,Lucy Buckley,SE,Stockholm,45-59,2024-06-12,3,Individual,Full
5170,Lesley Jones,FI,Pirkanmaa,45-59,2023-03-27,1,Individual,Email only
5171,Frances Davies,NO,Oslo,60-74,2022-07-20,2,Individual,Post only
5172,Ricky Glover,FI,Uusimaa,45-59,2025-07-14,6,Individual,Email only
5173,Antony Evans,FI,Pirkanmaa,60-74,2025-12-29,4,Individual,Full
5174,Alexander Pollard,FI,Uusimaa,60-74,2022-08-29,2,Individual,Full
5175,Ms Sandra Francis,FI,Pirkanmaa,60-74,2025-05-13,1,Individual,Email only
5176,Philip Smith,SE,Uppsala,30-44,2025-03-15,1,Individual,Full
5177,Mrs Chloe Williams,SE,Västra Götaland,60-74,2022-03-05,1,Individual,Full
5178,Trevor Kelly-Chamberlain,DK,Midtjylland,60-74,2022-12-20,1,Individual,Email only
5179,Miss Hayley Page,FI,Pohjois-Pohjanmaa,30-44,2024-08-01,1,Individual,Full
5180,Mr Tom Williams,DK,Sjælland,45-59,2022-04-05,4,Individual,Email only
5181,Sian Jenkins-Stewart,SE,Stockholm,30-44,2022-12-15,4,Individual,Email only
5182,Mr Brandon Rowe,FI,Pirkanmaa,30-44,2022-07-12,6,Individual,Email only
5183,Joan Greenwood,FI,Pirkanmaa,30-44,2025-12-30,5,Individual,Full
5184,Alex Reeves-Patel,SE,Stockholm,45-59,2023-04-14,1,Individual,Full
5185,Barry James,FI,Varsinais-Suomi,45-59,2022-01-17,1,Individual,Email only
5186,Suzanne Adams,SE,Uppsala,18-29,2025-12-10,4,Individual,Full
5187,Miss Valerie Adams,,Stockholm,45-59,2025-05-18,3,Individual,Full
5188,Miss Diane Moore,SE,Stockholm,45-59,2024-01-24,2,Individual,Full
5189,Mr Robert Taylor,NO,Vestland,30-44,2022-09-10,1,Individual,Email only
5190,Barry Lee-Wood,NO,Rogaland,45-59,2024-06-14,4,Individual,Full
5191,Philip Jenkins,FI,Varsinais-Suomi,30-44,2025-02-13,1,Individual,Full
5192,Dr Gordon Pratt,FI,Pohjois-Pohjanmaa,45-59,2022-01-10,2,Individual,Full
5193,Julia Day,FI,Uusimaa,30-44,2024-06-27,3,Individual,Full
5194,Elizabeth Kirby,NO,Oslo,75+,2025-02-23,3,Individual,Email only
5195,Roger Holloway,FI,Pirkanmaa,45-59,2024-04-27,2,Individual,Full
5196,Ms Marilyn Ashton,FI,Pohjois-Pohjanmaa,75+,2023-10-29,2,Individual,Email only
5197,Abdul Cunningham,SE,Skåne,60-74,2022-09-19,2,Individual,Email only
5198,Joshua Connor,FI,Pirkanmaa,45-59,2023-12-13,2,Individual,Full
5199,Miss Christine Green,SE,Skåne,30-44,2022-03-03,3,Individual,Email only
5200,Mr Shane Davies,NO,Rogaland,60-74,2025-07-27,4,Individual,Full
5201,Andrea Ford,,Vestland,60-74,2024-10-19,1,Corporate,Full
5202,Mr Richard Foster,SE,Skåne,45-59,2024-11-11,1,Individual,Full
5203,Eleanor Moran,DK,Syddanmark,60-74,2025-09-16,1,Individual,Full
5204,Joseph Mills-Allen,FI,Pirkanmaa,30-44,2022-01-11,1,Individual,Full
5205,Ann Lee-Daniels,SE,Stockholm,45-59,2025-06-28,1,Corporate,Full
5206,Gordon Kerr,,Skåne,60-74,2025-12-29,1,Individual,Full
5207,Shirley Cook,FI,Varsinais-Suomi,45-59,2024-04-17,3,Individual,Full
5208,Dr Carole Baker,NO,Rogaland,75+,2022-09-02,1,Individual,Full
5209,Mr Sean Edwards,FI,Pohjois-Pohjanmaa,45-59,2022-07-17,3,Individual,Full
5210,Geraldine Nelson,DK,Midtjylland,45-59,2023-02-01,1,Individual,Full
5211,Dr Owen Smith,DK,Sjælland,60-74,2022-12-30,2,Individual,Email only
5212,Miss Heather Charlton,FI,Pohjois-Pohjanmaa,18-29,2024-12-11,5,Individual,Full
5213,Mrs Carolyn Banks,NO,Rogaland,18-29,2023-03-02,2,Individual,Full
5214,Rachael Roberts,SE,Västra Götaland,60-74,2023-09-21,6,Individual,Full
5215,Clifford Birch-Faulkner,FI,Pohjois-Pohjanmaa,18-29,2024-06-22,5,Individual,Full
5216,Dr Dale Williams,FI,Varsinais-Suomi,18-29,2025-08-11,4,Individual,Full
5217,Tracy Thompson,DK,Hovedstaden,60-74,2022-02-10,1,Individual,Full
5218,Ms Diane Stevens,FI,Pohjois-Pohjanmaa,45-59,2024-01-03,2,Individual,Full
5219,Mrs Tracey Jones,DK,Sjælland,75+,2024-02-25,2,Individual,Post only
5220,Mr Ashley Hall,NO,Rogaland,60-74,2024-08-12,3,Individual,Full
5221,Samantha Barnes,FI,Pohjois-Pohjanmaa,75+,2023-08-13,1,Individual,Email only
5222,Ms Alexandra Hobbs,NO,Trøndelag,30-44,2022-11-14,2,Individual,Full
5223,Jay Davies,FI,Uusimaa,45-59,2024-02-09,5,Individual,Email only
5224,Lesley Wood,SE,Västra Götaland,45-59,2025-10-09,3,Individual,Full
5225,Martyn Allen,NO,Oslo,30-44,2025-10-25,2,Individual,Full
5226,Eric Francis,FI,Uusimaa,30-44,2022-09-07,3,Individual,Email only
5227,Caroline Smith,FI,Pohjois-Pohjanmaa,18-29,2024-12-25,2,Trust,Full
5228,Miss Yvonne Cooke,SE,Skåne,45-59,2024-09-29,4,Individual,Full
5229,Caroline Griffiths,FI,Pohjois-Pohjanmaa,45-59,2023-12-30,1,Individual,Full
5230,Dr Kathleen Gibbs,SE,Uppsala,45-59,2022-10-01,6,Individual,Full
5231,Jeffrey Jenkins,SE,Stockholm,45-59,2024-09-27,2,Individual,Email only
5232,Ryan Parker-Jackson,SE,Skåne,30-44,2022-09-20,2,Individual,Full
5233,Jeffrey Sanders,FI,Pohjois-Pohjanmaa,60-74,2023-07-04,1,Individual,Full
5234,Dr Ronald Scott,FI,Varsinais-Suomi,60-74,2023-03-30,2,Individual,Full
5235,Mr Leonard Owens,NO,Rogaland,60-74,2025-10-04,1,Individual,Full
5236,Victor Byrne,NO,Trøndelag,45-59,2022-04-18,3,Individual,Full
5237,Dr Philip Williams,FI,Pirkanmaa,60-74,2025-04-05,1,Individual,Email only
5238,Dr Marcus Hayes,FI,Pirkanmaa,18-29,2025-11-09,3,Individual,Full
5239,Ms Susan Franklin,NO,Oslo,45-59,2025-08-03,1,Individual,Full
5240,Katie Hurst,,Västra Götaland,18-29,2023-05-28,3,Individual,Full
5241,Dr Helen Thomas,FI,Pohjois-Pohjanmaa,30-44,2022-12-27,1,Individual,Email only
5242,Trevor Robson,FI,Uusimaa,60-74,2023-02-22,4,Individual,Post only
5243,Kimberley Green,FI,Uusimaa,30-44,2022-03-02,4,Individual,Email only
5244,Marc Atkinson,DK,Hovedstaden,60-74,2025-09-20,2,Individual,Email only
5245,Dr Craig Khan,FI,Pohjois-Pohjanmaa,45-59,2022-08-08,6,Individual,Full
5246,Craig Bibi,SE,Uppsala,60-74,2022-06-06,6,Individual,Full
5247,Carly Booth,FI,Varsinais-Suomi,30-44,2025-07-09,4,Individual,Email only
5248,Ms Emily Ryan,NO,Oslo,45-59,2023-02-13,1,Individual,Email only
5249,Mrs Heather Hudson,SE,Skåne,45-59,2022-06-02,1,Individual,Full
5250,Gerard Dixon,FI,Pirkanmaa,75+,2023-10-19,3,Individual,Email only
5251,Patrick Turnbull,NO,Trøndelag,60-74,2023-12-22,1,Individual,Full
5252,Kieran Taylor-Davidson,FI,Uusimaa,30-44,2022-12-19,1,Individual,Full
5253,Donna Jones,FI,Varsinais-Suomi,45-59,2024-12-29,2,Individual,Full
5254,Jack Smith-Hyde,FI,Pohjois-Pohjanmaa,30-44,2024-12-22,2,Individual,Full
5255,Michelle Bell,DK,Sjælland,60-74,2025-09-04,4,Individual,Email only
5256,Henry Bray,DK,Hovedstaden,18-29,2023-09-07,4,Individual,Email only
5257,Sean Lawrence,FI,Varsinais-Suomi,60-74,2022-12-08,1,Individual,Full
5258,Joanna Ali-Cross,FI,Varsinais-Suomi,60-74,2025-02-03,4,Individual,Full
5259,Peter Bates,FI,Varsinais-Suomi,30-44,2023-12-20,4,Individual,Full
5260,Mathew Houghton-Wilson,FI,Uusimaa,30-44,2023-12-08,1,Individual,Full
5261,Alexandra James,SE,Västra Götaland,45-59,2025-12-15,1,Individual,Full
5262,Ian Davies,SE,Skåne,18-29,2023-03-04,1,Individual,Full
5263,Mr Damian Cole,SE,Stockholm,30-44,2022-12-02,2,Individual,Full
5264,Joel Fisher,FI,Pohjois-Pohjanmaa,30-44,2023-04-03,3,Individual,Full
5265,Mohammed Richardson,SE,Skåne,75+,2023-09-06,2,Individual,Full
5266,Barry Hewitt,FI,Uusimaa,60-74,2025-04-04,4,Individual,Full
5267,Dr Stephen McDonald,FI,Varsinais-Suomi,45-59,2024-05-14,2,Individual,Full
5268,Dr Philip Whitehead,SE,Stockholm,30-44,2022-02-12,1,Individual,Full
5269,Mark Allan,FI,Uusimaa,30-44,2023-04-01,3,Individual,Email only
5270,Harriet King,FI,Pohjois-Pohjanmaa,60-74,2024-06-23,4,Individual,Full
5271,Dr Colin Harris,,Pirkanmaa,75+,2022-11-17,3,Individual,Full
5272,Wendy Peters,NO,Vestland,30-44,2023-12-26,6,Individual,Full
5273,Clare Bull,,Syddanmark,60-74,2024-03-14,1,Individual,Full
5274,Leah Holt,DK,Syddanmark,30-44,2024-05-03,3,Individual,Full
5275,Olivia Watkins,FI,Pohjois-Pohjanmaa,60-74,2023-04-06,5,Individual,Full
5276,Mr Louis Wilkinson,SE,Uppsala,18-29,2025-11-16,1,Individual,Full
5277,Claire Potter,FI,Pirkanmaa,45-59,2025-04-30,1,Individual,Full
5278,Rachael Shaw,SE,Uppsala,45-59,2022-12-25,3,Individual,Full
5279,Mr Lewis Cross,FI,Uusimaa,60-74,2022-04-01,2,Individual,Email only
5280,Dr Scott Carpenter,FI,Varsinais-Suomi,60-74,2022-02-05,1,Individual,Email only
5281,Ellie Palmer,FI,Pohjois-Pohjanmaa,45-59,2025-12-28,1,Individual,Email only
5282,Ronald Harvey,FI,Pohjois-Pohjanmaa,75+,2023-08-31,2,Individual,Full
5283,Cameron Morton,FI,Pirkanmaa,30-44,2023-05-24,1,Individual,Full
5284,Dr Stanley Bailey,NO,Oslo,18-29,2024-01-10,1,Corporate,Full
5285,Kyle Harvey-Wood,FI,Varsinais-Suomi,60-74,2024-10-26,2,Individual,Email only
5286,Rosie Morrison,,Skåne,45-59,2022-11-02,2,Individual,Email only
5287,Ms Kayleigh McKenzie,FI,Pohjois-Pohjanmaa,18-29,2024-11-23,4,Individual,Full
5288,Mrs Shirley Baxter,FI,Varsinais-Suomi,18-29,2024-10-19,1,Individual,Post only
5289,Mr Sam James,FI,Uusimaa,30-44,2024-08-19,6,Individual,Post only
5290,Graham Harris,FI,Varsinais-Suomi,30-44,2025-10-14,4,Individual,Email only
5291,Mrs Joanne Price,NO,Trøndelag,30-44,2022-06-26,2,Individual,Email only
5292,Mr Steven Smith,NO,Trøndelag,45-59,2024-12-08,4,Individual,Full
5293,Mr Samuel Payne,SE,Västra Götaland,60-74,2024-11-06,1,Individual,Email only
5294,Caroline Russell,DK,Syddanmark,30-44,2024-10-30,1,Individual,Full
5295,Dr Bethany Hudson,NO,Trøndelag,75+,2022-11-20,5,Corporate,Full
5296,Marcus Smith,FI,Pohjois-Pohjanmaa,60-74,2025-10-17,6,Individual,Post only
5297,Mrs Janice Field,FI,Uusimaa,45-59,2022-10-07,1,Individual,Post only
5298,Claire Archer,SE,Västra Götaland,30-44,2023-02-26,1,Trust,Full
5299,Maurice Chadwick,FI,Pohjois-Pohjanmaa,18-29,2025-05-04,1,Individual,Full
5300,Jordan Williams,FI,Varsinais-Suomi,60-74,2022-04-04,4,Individual,Full
5301,Pamela Wood,FI,Pirkanmaa,30-44,2022-12-05,6,Individual,Full
5302,Bruce O'Brien-Murphy,FI,Pohjois-Pohjanmaa,18-29,2022-03-14,1,Individual,Full
5303,Mr Russell Richardson,NO,Rogaland,18-29,2022-08-16,3,Individual,Full
5304,Anthony Bolton-Johnston,NO,Rogaland,30-44,2023-11-17,1,Individual,Full
5305,Dr Damian Thompson,FI,Uusimaa,18-29,2023-10-31,1,Individual,Full
5306,Abdul Jarvis,SE,Stockholm,75+,2023-06-21,6,Individual,Full
5307,Dr Damien Morley,SE,Stockholm,60-74,2023-02-09,1,Individual,Full
5308,Dr Nicholas Wood,FI,Pohjois-Pohjanmaa,75+,2023-12-30,7,Individual,Full
5309,Henry Murphy,SE,Uppsala,18-29,2022-04-03,1,Individual,Full
5310,Mrs Maria Greenwood,FI,Uusimaa,75+,2024-12-07,5,Individual,Post only
5311,Dorothy Jones-Cooper,NO,Trøndelag,30-44,2025-12-08,2,Individual,Email only
5312,Toby Smith,FI,Varsinais-Suomi,30-44,2024-12-19,2,Individual,Full
5313,Louise Pope,FI,Pirkanmaa,18-29,2025-08-07,4,Individual,Full
5314,Kerry Porter-Smith,NO,Trøndelag,60-74,2023-08-25,5,Individual,Full
5315,Dale Abbott,FI,Uusimaa,30-44,2022-05-02,1,Individual,Email only
5316,Ms Hayley Rose,FI,Pohjois-Pohjanmaa,18-29,2023-11-21,2,Individual,Full
5317,Diana Blake-Phillips,FI,Pohjois-Pohjanmaa,60-74,2025-12-05,6,Individual,Full
5318,Dr Daniel Turner,NO,Rogaland,60-74,2024-03-24,7,Individual,Full
5319,Mr Kyle Manning,DK,Sjælland,45-59,2024-04-04,6,Individual,Full
5320,Abdul Fuller-Russell,NO,Trøndelag,30-44,2023-04-17,1,Individual,Full
5321,Bethany Grant,DK,Syddanmark,60-74,2023-03-18,3,Individual,Post only
5322,Jeffrey Sanders,FI,Uusimaa,45-59,2025-06-20,4,Corporate,Email only
5323,Craig Baldwin,FI,Varsinais-Suomi,30-44,2023-10-01,2,Individual,Full
5324,Lorraine Baker,SE,Stockholm,30-44,2023-11-11,1,Individual,Full
5325,Mr Max Bishop,SE,Västra Götaland,30-44,2023-09-23,1,Individual,Full
5326,Nigel Oliver,FI,Uusimaa,30-44,2022-01-04,2,Individual,Full
5327,Sean Ellis,NO,Trøndelag,30-44,2025-12-15,2,Individual,Full
5328,Jason Scott,FI,Pirkanmaa,45-59,2022-02-17,1,Individual,Full
5329,Brandon Miles,NO,Oslo,30-44,2024-12-26,5,Individual,Full
5330,Scott Sharp-Reid,NO,Oslo,45-59,2025-11-10,1,Individual,Full
5331,Victoria Williams,FI,Uusimaa,30-44,2023-10-23,1,Individual,Post only
5332,Sophie Bond-Gregory,,Uppsala,60-74,2022-05-17,1,Individual,Email only
5333,Dr William Webster,NO,Rogaland,45-59,2025-10-14,3,Individual,Email only
5334,Elliot Martin,FI,Uusimaa,60-74,2022-04-05,1,Individual,Full
5335,Dr Peter Dunn,FI,Uusimaa,18-29,2022-01-06,6,Individual,Full
5336,Patrick Rose,FI,Uusimaa,60-74,2025-04-20,2,Individual,Full
5337,Howard Watson,FI,Pirkanmaa,30-44,2023-12-16,1,Individual,Full
5338,Mr Justin Davies,SE,Skåne,60-74,2024-02-10,1,Corporate,Full
5339,Alan McDonald,NO,Vestland,75+,2025-01-11,4,Individual,Post only
5340,Max Mitchell,DK,Syddanmark,75+,2024-03-20,1,Individual,Full
5341,Geoffrey Reed-Wilson,SE,Uppsala,45-59,2023-08-05,1,Individual,Full
5342,Bernard Summers,FI,Uusimaa,45-59,2022-02-03,2,Individual,Full
5343,Shannon Mahmood,FI,Varsinais-Suomi,60-74,2024-10-27,4,Individual,Full
5344,Dr Lawrence Pritchard,NO,Oslo,60-74,2022-08-12,2,Individual,Email only
5345,Dr Russell Edwards,SE,Uppsala,30-44,2023-07-22,1,Individual,Full
5346,Miss Gillian Davey,SE,Västra Götaland,60-74,2025-10-15,2,Individual,Full
5347,Sean Robinson,FI,Pohjois-Pohjanmaa,30-44,2022-03-17,1,Individual,Full
5348,Dr Clive Thompson,DK,Hovedstaden,18-29,2024-10-20,2,Individual,Full
5349,Ross Hayes-Wheeler,SE,Västra Götaland,18-29,2023-11-06,1,Individual,Full
5350,Kate Robinson-Parsons,NO,Oslo,30-44,2022-06-05,1,Individual,Full
5351,Anne Murray,SE,Skåne,60-74,2024-01-22,3,Individual,Full
5352,Mohammed Walker,DK,Sjælland,30-44,2025-12-11,3,Trust,Full
5353,Trevor Rice-Jenkins,NO,Oslo,45-59,2024-11-19,1,Individual,Email only
5354,Dr Anthony Nelson,FI,Uusimaa,30-44,2025-01-09,4,Corporate,Email only
5355,Luke Arnold,FI,Varsinais-Suomi,60-74,2022-11-28,2,Individual,Post only
5356,Sandra Stevenson,FI,Varsinais-Suomi,45-59,2024-12-16,1,Individual,Full
5357,Karl Ashton,SE,Västra Götaland,75+,2024-08-05,1,Individual,Full
5358,Dr Gregory Lewis,SE,Stockholm,60-74,2024-12-16,2,Individual,Email only
5359,Anne Black-Potter,FI,Pirkanmaa,75+,2023-10-31,1,Individual,Full
5360,Mr Nathan Pugh,SE,Västra Götaland,45-59,2022-10-09,1,Individual,Post only
5361,Simon Lawson,,Oslo,45-59,2024-01-01,1,Individual,Full
5362,Albert Sharp-Smith,SE,Västra Götaland,30-44,2025-08-20,5,Individual,Email only
5363,Alex Patel,SE,Stockholm,60-74,2024-09-18,2,Individual,Full
5364,Marie Cole,SE,Skåne,75+,2022-09-05,4,Individual,Full
5365,Lucy Marshall,SE,Västra Götaland,30-44,2023-10-31,2,Individual,Full
5366,Lewis Martin-Ryan,NO,Trøndelag,75+,2025-10-06,2,Individual,Full
5367,Mr Graeme Yates,FI,Uusimaa,18-29,2024-12-04,5,Individual,Full
5368,Mrs Dorothy Brown,SE,Stockholm,60-74,2022-03-24,5,Individual,Email only
5369,Alexander Richards,FI,Pohjois-Pohjanmaa,75+,2024-10-14,1,Individual,Full
5370,Dr Jane Hall,SE,Uppsala,18-29,2024-02-07,1,Individual,Full
5371,Wayne Hargreaves,FI,Pohjois-Pohjanmaa,45-59,2023-06-07,1,Individual,Full
5372,Mr Norman Reeves,SE,Västra Götaland,75+,2023-11-20,2,Individual,Full
5373,Jayne Carter,FI,Uusimaa,45-59,2025-03-07,4,Individual,Email only
5374,Mr Charlie Booth,SE,Västra Götaland,18-29,2023-12-29,2,Individual,Full
5375,Ross Brown,DK,Sjælland,30-44,2022-12-05,1,Individual,Full
5376,Shirley Hewitt,FI,Uusimaa,75+,2025-12-22,1,Individual,Full
5377,Bruce Young,DK,Sjælland,45-59,2023-12-11,1,Corporate,Full
5378,Leon Hale,SE,Skåne,18-29,2024-11-05,4,Individual,Full
5379,Dr Damien Bailey,SE,Skåne,60-74,2025-07-21,2,Individual,Full
5380,Gerard O'Brien,FI,Uusimaa,30-44,2025-12-23,1,Individual,Full
5381,Oliver Adams-Martin,FI,Uusimaa,75+,2023-05-04,4,Individual,Full
5382,Deborah Warner,FI,Uusimaa,75+,2022-04-12,3,Individual,Post only
5383,Mr Oliver Mitchell,SE,Stockholm,30-44,2025-09-07,4,Individual,Post only
5384,Dr Melissa Graham,SE,Skåne,60-74,2022-11-17,5,Individual,Post only
5385,Maria Grant,SE,Uppsala,75+,2022-12-22,1,Individual,Full
5386,Gavin Elliott,SE,Västra Götaland,30-44,2022-12-19,6,Individual,Full
5387,Bernard Gray-Hunter,SE,Västra Götaland,45-59,2023-01-10,2,Individual,Full
5388,Mr Justin Murphy,SE,Västra Götaland,75+,2023-12-05,2,Individual,Full
5389,Anthony Knight,SE,Uppsala,18-29,2025-11-23,1,Individual,Post only
5390,Kelly Kerr,SE,Västra Götaland,18-29,2023-04-26,2,Individual,Full
5391,Elliot Davies,FI,Uusimaa,45-59,2025-12-06,1,Individual,Full
5392,Miss Karen Williams,SE,Skåne,60-74,2024-10-29,1,Individual,Email only
5393,Wendy Bates,DK,Syddanmark,75+,2025-12-02,2,Individual,Full
5394,Jacqueline Knight,NO,Vestland,75+,2025-12-24,6,Individual,Full
5395,Keith Cooper,DK,Hovedstaden,45-59,2023-06-13,5,Individual,Full
5396,Luke Evans,SE,Uppsala,30-44,2022-09-19,3,Individual,Full
5397,Claire Khan,SE,Västra Götaland,60-74,2024-07-08,5,Individual,Email only
5398,Christine Harper-Brown,FI,Pirkanmaa,45-59,2023-11-09,1,Individual,Full
5399,Mrs Jenna Hughes,NO,Trøndelag,60-74,2025-05-28,3,Individual,Full
5400,Mr Lee Jackson,FI,Varsinais-Suomi,18-29,2025-12-02,1,Individual,Email only
5401,Cameron Day,FI,Pirkanmaa,60-74,2024-02-05,7,Individual,Full
5402,Stephanie Higgins,NO,Oslo,45-59,2025-05-05,2,Individual,Full
5403,Wendy Williams,SE,Skåne,75+,2025-06-04,2,Individual,Full
5404,Dr Deborah Young,NO,Oslo,45-59,2024-02-09,6,Individual,Email only
5405,Dr Daniel Rees,SE,Västra Götaland,18-29,2024-08-26,5,Individual,Full
5406,Miss Kayleigh Williams,SE,Uppsala,45-59,2022-03-29,1,Individual,Full
5407,Mr Ryan Wilson,FI,Varsinais-Suomi,45-59,2024-01-14,1,Individual,Post only
5408,Donna French,FI,Pohjois-Pohjanmaa,30-44,2025-01-06,1,Corporate,Post only
5409,Yvonne Donnelly-Stephens,FI,Uusimaa,45-59,2025-05-07,6,Individual,Full
5410,Rita Burrows,FI,Pirkanmaa,60-74,2022-03-19,1,Individual,Full
5411,Suzanne Lowe-Matthews,FI,Pirkanmaa,18-29,2022-03-31,5,Individual,Full
5412,Rachael Smith,NO,Rogaland,60-74,2022-02-04,2,Individual,Post only
5413,Dorothy Reed,DK,Sjælland,18-29,2024-12-21,1,Individual,Email only
5414,Marian Andrews-Humphreys,NO,Vestland,75+,2022-04-21,1,Individual,Full
5415,Dr Rosemary Scott,DK,Syddanmark,30-44,2022-12-28,2,Individual,Email only
5416,Ms June Reid,SE,Skåne,30-44,2022-05-22,7,Individual,Full
5417,Joanna Gilbert,SE,Västra Götaland,60-74,2025-03-01,2,Individual,Email only
5418,Jayne Harris,NO,Vestland,30-44,2025-12-27,1,Individual,Email only
5419,Dean White,NO,Trøndelag,18-29,2022-11-02,1,Individual,Full
5420,Pamela Grant,DK,Sjælland,45-59,2024-05-22,1,Individual,Full
5421,Carly Morris,SE,Uppsala,30-44,2022-10-12,5,Individual,Full
5422,Brett Evans-King,FI,Varsinais-Suomi,60-74,2022-10-26,6,Individual,Full
5423,Marilyn Greenwood-Griffin,SE,Stockholm,30-44,2022-07-15,1,Individual,Full
5424,Dr Dominic Anderson,FI,Pohjois-Pohjanmaa,75+,2025-07-18,2,Individual,Full
5425,Mrs Rachael Smith,FI,Pohjois-Pohjanmaa,30-44,2023-12-30,3,Individual,Full
5426,Alexander Roberts,FI,Pohjois-Pohjanmaa,18-29,2025-12-15,1,Individual,Full
5427,Miss Jenna Singh,FI,Uusimaa,60-74,2025-03-10,1,Individual,Post only
5428,Andrea Gregory,FI,Uusimaa,60-74,2024-03-17,1,Corporate,Email only
5429,Ellie Taylor,NO,Rogaland,30-44,2023-10-03,1,Individual,Full
5430,Connor Dixon,DK,Hovedstaden,18-29,2024-12-25,2,Individual,Email only
5431,Alexander Carroll,FI,Uusimaa,45-59,2023-01-01,1,Individual,Email only
5432,Brandon Cook,FI,Uusimaa,45-59,2022-08-01,5,Individual,Full
5433,Stewart Scott,FI,Varsinais-Suomi,60-74,2022-12-12,6,Individual,Full
5434,Stephanie Todd,NO,Rogaland,60-74,2023-12-11,2,Individual,Full
5435,Jeremy Smith,DK,Hovedstaden,30-44,2023-09-11,2,Individual,Full
5436,Marie Pugh,FI,Pohjois-Pohjanmaa,18-29,2022-08-06,4,Individual,Full
5437,Louis Dale,SE,Västra Götaland,75+,2022-02-21,1,Individual,Post only
5438,Hazel Stevens,SE,Stockholm,45-59,2025-10-27,1,Individual,Email only
5439,Neil Hussain,NO,Trøndelag,18-29,2024-12-21,1,Individual,Post only
5440,Sylvia Hill-Wilson,SE,Skåne,45-59,2024-10-14,1,Corporate,Full
5441,Dr Ann Smith,FI,Uusimaa,60-74,2025-11-12,1,Individual,Full
5442,Mitchell Bailey,DK,Midtjylland,60-74,2025-12-19,4,Individual,Full
5443,Jamie McDonald-Williams,SE,Skåne,45-59,2022-11-03,1,Individual,Full
5444,Samantha Wilson,NO,Rogaland,18-29,2025-04-04,2,Individual,Full
5445,Carl King,SE,Stockholm,45-59,2025-11-03,5,Individual,Full
5446,Mohammed Scott,SE,Skåne,75+,2023-04-11,2,Individual,Email only
5447,Ryan Kelly,FI,Pohjois-Pohjanmaa,60-74,2025-12-18,1,Individual,Email only
5448,Nicola Jones-Baker,NO,Rogaland,30-44,2024-02-06,2,Individual,Full
5449,Paul O'Sullivan,NO,Trøndelag,30-44,2024-04-30,1,Individual,Full
5450,Jasmine Townsend,FI,Pirkanmaa,30-44,2024-12-02,1,Individual,Full
5451,Barry Clarke,FI,Pirkanmaa,60-74,2022-08-22,2,Individual,Email only
5452,Mr Henry Crawford,NO,Trøndelag,60-74,2022-01-01,5,Individual,Full
5453,Elliott Jones-Knight,NO,Vestland,30-44,2022-09-13,2,Individual,Email only
5454,Elliot Smith,NO,Oslo,60-74,2024-07-17,2,Individual,Post only
5455,Marion Webb-Hunt,FI,Varsinais-Suomi,30-44,2025-08-23,2,Individual,Full
5456,Mrs Joanne McDonald,FI,Pirkanmaa,45-59,2023-07-23,1,Corporate,Email only
5457,Mrs Georgia Stanley,FI,Uusimaa,45-59,2022-08-27,2,Individual,Full
5458,Josephine Elliott,FI,Uusimaa,18-29,2022-08-27,1,Individual,Full
5459,James Fraser-Chapman,FI,Pirkanmaa,45-59,2024-12-09,1,Individual,Full
5460,Lydia Buckley,NO,Vestland,18-29,2023-09-14,1,Individual,Email only
5461,Hannah Roberts,FI,Varsinais-Suomi,18-29,2022-05-22,4,Individual,Full
5462,Jason Murphy,FI,Pirkanmaa,75+,2022-06-15,1,Individual,Email only
5463,Tracy Bradley-Green,FI,Pirkanmaa,30-44,2024-02-11,1,Individual,Full
5464,Bethan Walker,SE,Skåne,30-44,2024-01-11,4,Individual,Email only
5465,Stephanie Thorpe,SE,Skåne,60-74,2025-06-20,5,Individual,Full
5466,Shirley Randall,SE,Stockholm,45-59,2025-08-01,4,Individual,Full
5467,Gary Mills,NO,Vestland,30-44,2025-08-27,3,Corporate,Post only
5468,Gareth Joyce,DK,Syddanmark,45-59,2022-09-17,3,Individual,Email only
5469,Stacey Fox,FI,Varsinais-Suomi,30-44,2025-05-06,5,Individual,Full
5470,Tina Kaur,FI,Pirkanmaa,60-74,2022-02-27,1,Individual,Post only
5471,Megan Douglas,SE,Stockholm,45-59,2025-11-08,2,Individual,Full
5472,Nicola Mahmood,FI,Varsinais-Suomi,30-44,2023-06-20,1,Individual,Full
5473,Cheryl Walker-Turner,DK,Hovedstaden,60-74,2023-06-10,2,Corporate,Full
5474,Dr Marcus Read,FI,Pohjois-Pohjanmaa,30-44,2023-05-07,3,Individual,Email only
5475,Ms Shirley Mellor,SE,Uppsala,75+,2022-11-17,4,Individual,Full
5476,Frederick Chan,FI,Varsinais-Suomi,18-29,2023-11-21,1,Individual,Full
5477,Mr Owen Barnett,NO,Oslo,30-44,2022-12-25,1,Individual,Email only
5478,Elizabeth Slater,NO,Oslo,18-29,2023-02-02,5,Individual,Full
5479,Ms Sylvia Brown,DK,Sjælland,75+,2023-11-19,2,Individual,Full
5480,Mrs Carol Mitchell,SE,Skåne,60-74,2025-03-29,7,Individual,Email only
5481,Lindsey Ahmed,SE,Stockholm,30-44,2024-06-26,1,Individual,Full
5482,Paige Roberts,DK,Midtjylland,30-44,2025-12-21,1,Individual,Full
5483,Colin Marshall,NO,Rogaland,45-59,2025-12-27,1,Individual,Full
5484,Dr Aaron Patel,SE,Uppsala,75+,2022-06-04,1,Individual,Full
5485,Aaron Byrne,FI,Varsinais-Suomi,30-44,2024-10-11,1,Individual,Full
5486,Ms Holly Robson,FI,Pirkanmaa,18-29,2025-05-10,1,Individual,Full
5487,Lynda Adams-Lee,FI,Pohjois-Pohjanmaa,18-29,2025-12-28,2,Individual,Full
5488,Nicholas Kennedy,FI,Pohjois-Pohjanmaa,45-59,2022-10-13,3,Individual,Full
5489,Denise Fisher,DK,Sjælland,60-74,2024-12-28,5,Individual,Full
5490,Bradley Morris,FI,Pohjois-Pohjanmaa,18-29,2024-12-25,6,Individual,Full
5491,Mr Dean Curtis,NO,Rogaland,60-74,2024-02-05,2,Individual,Full
5492,Tracey Morrison,NO,Oslo,18-29,2022-12-27,4,Individual,Email only
5493,Georgina Fletcher,FI,Pirkanmaa,60-74,2024-10-25,1,Individual,Full
5494,Pamela Wells,SE,Skåne,45-59,2022-02-18,2,Individual,Full
5495,Tony Clarke,DK,Hovedstaden,30-44,2024-12-15,1,Individual,Email only
5496,Danny Ali-Sheppard,DK,Syddanmark,45-59,2023-03-13,2,Individual,Email only
5497,Denis Ahmed,NO,Oslo,75+,2024-12-13,1,Individual,Full
5498,Denis Smith,FI,Varsinais-Suomi,30-44,2025-12-23,1,Individual,Full
5499,Wayne Holmes,DK,Hovedstaden,60-74,2024-12-29,1,Individual,Email only
5500,Bruce Williams-Murray,SE,Uppsala,60-74,2025-12-14,5,Individual,Full
5501,Sharon Kennedy,FI,Pirkanmaa,75+,2024-03-21,2,Individual,Email only
5502,Ellie Smith,NO,Trøndelag,18-29,2022-12-16,1,Individual,Email only
5503,Kayleigh Parkin-Akhtar,DK,Sjælland,75+,2023-10-08,3,Individual,Full
5504,Mrs Gail Reynolds,NO,Rogaland,30-44,2024-03-11,1,Individual,Full
5505,Mr Edward Miller,SE,Västra Götaland,60-74,2024-01-12,4,Corporate,Full
5506,Miss Holly Dixon,FI,Pirkanmaa,45-59,2023-08-04,4,Individual,Full
5507,Anne Thomas,NO,Rogaland,30-44,2025-01-31,2,Individual,Post only
5508,Miss Sharon Payne,FI,Varsinais-Suomi,30-44,2022-02-07,4,Individual,Full
5509,Ms Stephanie Whitehouse,FI,Uusimaa,30-44,2025-03-09,3,Individual,Full
5510,Kim Vaughan,SE,Stockholm,75+,2022-12-16,4,Individual,Full
5511,Joanne Lewis,NO,Trøndelag,18-29,2022-03-27,1,Individual,Post only
5512,Mrs Grace Arnold,SE,Västra Götaland,30-44,2024-11-07,4,Individual,Email only
5513,Georgia Webster-Thomson,SE,Uppsala,45-59,2023-12-22,6,Individual,Email only
5514,Graeme Ward-Manning,NO,Trøndelag,75+,2022-03-27,3,Individual,Email only
5515,Dylan Morrison,FI,Uusimaa,60-74,2024-02-27,2,Individual,Full
5516,Benjamin Bell,DK,Sjælland,60-74,2025-12-03,3,Individual,Full
5517,Jeremy Pearson,NO,Oslo,18-29,2022-12-24,6,Individual,Post only
5518,Daniel Goddard,FI,Varsinais-Suomi,45-59,2023-06-18,7,Individual,Full
5519,Nicole Harrison-Harris,NO,Vestland,60-74,2023-12-02,1,Individual,Email only
5520,Graham Wood,DK,Sjælland,30-44,2022-01-17,3,Individual,Post only
5521,Mr Leslie Brown,SE,Stockholm,30-44,2022-03-25,1,Individual,Full
5522,Mrs Teresa Thompson,FI,Uusimaa,30-44,2023-09-29,5,Individual,Full
5523,Tom Patel,FI,Pohjois-Pohjanmaa,45-59,2023-10-02,2,Individual,Email only
5524,Mr Reece Stewart,DK,Midtjylland,60-74,2025-12-04,1,Individual,Full
5525,Lucy White-Smith,NO,Rogaland,30-44,2024-05-30,1,Individual,Full
5526,Alex Adams-Bradshaw,FI,Uusimaa,60-74,2024-04-27,3,Individual,Full
5527,Terry O'Neill,FI,Uusimaa,60-74,2024-11-14,4,Individual,Full
5528,Mr Tom Jennings,NO,Rogaland,75+,2022-12-26,1,Individual,Email only
5529,Karl Evans-Smith,,Midtjylland,45-59,2023-05-09,2,Individual,Post only
5530,Mohammed Bishop,NO,Trøndelag,45-59,2025-02-20,2,Individual,Email only
5531,Miss Eleanor Begum,SE,Uppsala,60-74,2022-03-30,4,Individual,Full
5532,Denis Smith,SE,Skåne,30-44,2024-11-04,2,Individual,Email only
5533,Miss Rosie Singh,SE,Skåne,30-44,2023-07-08,1,Individual,Full
5534,Miss Christine Jones,SE,Uppsala,75+,2025-05-07,1,Individual,Full
5535,Frederick Williams,FI,Uusimaa,45-59,2022-09-03,2,Individual,Full
5536,Marie Ashton,SE,Uppsala,75+,2025-03-11,4,Individual,Full
5537,Allan Watson,FI,Pirkanmaa,60-74,2022-04-15,2,Corporate,Full
5538,Patricia Goodwin,FI,Pirkanmaa,30-44,2023-07-03,1,Individual,Full
5539,Mr Brett Hart,FI,Pohjois-Pohjanmaa,30-44,2024-11-07,1,Individual,Full
5540,Ms Jenna Thomas,SE,Skåne,30-44,2022-10-11,4,Individual,Email only
5541,Jay Hunt,,Varsinais-Suomi,18-29,2025-08-08,1,Individual,Full
5542,Jane Gray-Evans,DK,Sjælland,60-74,2022-12-01,5,Individual,Email only
5543,Sam Bartlett,FI,Uusimaa,18-29,2024-12-02,1,Individual,Full
5544,Danielle Stevenson,FI,Uusimaa,60-74,2023-10-12,1,Individual,Email only
5545,Norman Naylor,SE,Västra Götaland,18-29,2022-02-14,1,Individual,Full
5546,Duncan Ali,DK,Hovedstaden,45-59,2024-10-27,1,Individual,Full
5547,Teresa Watts,DK,Midtjylland,18-29,2024-12-31,5,Individual,Full
5548,Tony Foster-Morgan,DK,Hovedstaden,45-59,2022-07-20,2,Individual,Full
5549,Sarah Harris-Moore,FI,Pirkanmaa,75+,2023-08-01,1,Individual,Full
5550,Sam Wilson,,Skåne,30-44,2024-10-07,6,Individual,Full
5551,Harriet Hall,FI,Uusimaa,75+,2025-07-16,1,Individual,Full
5552,Joel Chan,SE,Uppsala,60-74,2024-02-15,1,Corporate,Full
5553,Philip Osborne,NO,Trøndelag,30-44,2023-12-29,1,Individual,Full
5554,Keith Robinson,FI,Pirkanmaa,45-59,2025-11-04,1,Individual,Full
5555,Rita Woodward-Day,SE,Stockholm,45-59,2024-07-30,4,Individual,Full
5556,Stacey Thomas,SE,Skåne,18-29,2024-12-15,1,Individual,Full
5557,Mr Keith Chapman,SE,Uppsala,60-74,2024-10-20,1,Individual,Full
5558,Annette Collins-Palmer,NO,Rogaland,45-59,2025-04-21,4,Individual,Full
5559,Mr Gavin Sullivan,NO,Vestland,30-44,2022-11-14,4,Individual,Email only
5560,Glenn Humphries-Anderson,NO,Vestland,60-74,2024-04-14,2,Individual,Full
5561,Ms Julia Nash,DK,Sjælland,30-44,2024-12-02,3,Individual,Full
5562,Christian Williams,NO,Oslo,60-74,2025-12-05,4,Individual,Full
5563,Andrew Day,,Pohjois-Pohjanmaa,18-29,2025-01-07,2,Individual,Post only
5564,Christine Lee,FI,Varsinais-Suomi,45-59,2024-12-16,1,Individual,Full
5565,Lesley Hill,FI,Pirkanmaa,30-44,2022-04-05,1,Individual,Email only
5566,Julia Saunders,SE,Skåne,30-44,2023-11-29,2,Individual,Full
5567,Stanley Turner,NO,Rogaland,75+,2024-11-22,5,Individual,Email only
5568,Mr Eric Atkins,NO,Rogaland,18-29,2025-03-28,1,Individual,Email only
5569,Bethan Morris,FI,Pohjois-Pohjanmaa,60-74,2022-02-23,2,Trust,Full
5570,Dr Maria Hale,NO,Rogaland,60-74,2025-12-01,5,Individual,Post only
5571,Jade Gill,FI,Pirkanmaa,60-74,2025-12-30,2,Individual,Email only
5572,Margaret Thomas-Brookes,FI,Uusimaa,18-29,2024-09-21,2,Trust,Full
5573,Geraldine Jones,SE,Skåne,18-29,2022-08-01,1,Individual,Full
5574,Mrs June James,NO,Vestland,30-44,2023-12-13,1,Individual,Email only
5575,Neil Hughes,FI,Pirkanmaa,75+,2025-02-23,1,Individual,Full
5576,Robin Walters,SE,Stockholm,60-74,2025-10-10,2,Individual,Email only
5577,Dr Timothy Peters,SE,Skåne,18-29,2023-12-11,2,Individual,Full
5578,Danny Marsden-Gibbons,FI,Uusimaa,60-74,2025-04-25,1,Individual,Email only
5579,Dr Jason Morris,SE,Västra Götaland,18-29,2025-10-14,1,Individual,Full
5580,Dr Norman Walton,FI,Varsinais-Suomi,30-44,2023-11-16,1,Individual,Post only
5581,Leanne Brown,FI,Pohjois-Pohjanmaa,30-44,2024-11-23,1,Individual,Full
5582,Damien May,FI,Pohjois-Pohjanmaa,30-44,2025-04-08,1,Individual,Post only
5583,Grace Thomas,SE,Stockholm,30-44,2022-02-28,6,Individual,Full
5584,Harriet Cox,FI,Pirkanmaa,45-59,2023-12-16,3,Individual,Post only
5585,Melissa Moore,DK,Hovedstaden,45-59,2024-06-08,5,Individual,Email only
5586,Mr Tom Briggs,NO,Rogaland,45-59,2022-12-25,4,Individual,Full
5587,Dr Allan Ahmed,FI,Uusimaa,45-59,2025-11-07,6,Individual,Email only
5588,Pamela Cooke,FI,Uusimaa,30-44,2025-10-29,2,Individual,Full
5589,Dr Bethan Wallis,SE,Uppsala,75+,2023-09-17,4,Individual,Full
5590,Billy Butler,SE,Västra Götaland,60-74,2022-03-28,4,Individual,Full
5591,Miss Dorothy Owen,DK,Hovedstaden,30-44,2023-04-11,2,Individual,Email only
5592,Dr Sandra Wright,FI,Pohjois-Pohjanmaa,30-44,2023-05-12,1,Corporate,Full
5593,Dr Anthony Hunt,FI,Uusimaa,30-44,2024-10-19,2,Trust,Full
5594,Douglas Marsh,FI,Pohjois-Pohjanmaa,60-74,2024-08-30,1,Individual,Full
5595,Abigail Green,FI,Uusimaa,30-44,2023-12-25,1,Individual,Full
5596,Tracy Wilson,NO,Rogaland,30-44,2023-09-13,1,Individual,Full
5597,Daniel Riley,SE,Västra Götaland,18-29,2024-08-11,1,Individual,Full
5598,Katy Cook,SE,Uppsala,30-44,2024-01-07,1,Individual,Full
5599,Natasha Watson,SE,Västra Götaland,60-74,2022-10-12,1,Individual,Email only
5600,Billy Coleman,FI,Uusimaa,45-59,2023-07-27,1,Individual,Full
5601,Mr Liam Stephens,SE,Västra Götaland,60-74,2025-09-30,1,Individual,Full
5602,Mrs Barbara Lamb,DK,Hovedstaden,30-44,2023-12-05,6,Individual,Full
5603,Gregory Johnston-Thomson,,Rogaland,60-74,2025-11-19,5,Individual,Full
5604,Sheila Thomas,FI,Uusimaa,60-74,2025-02-10,1,Corporate,Full
5605,Kyle Thornton,DK,Sjælland,45-59,2024-04-10,5,Individual,Full
5606,Conor Brooks,FI,Varsinais-Suomi,60-74,2023-09-09,1,Corporate,Post only
5607,Mr Antony Roberts,DK,Sjælland,60-74,2024-09-02,5,Individual,Post only
5608,Lisa Jones,FI,Varsinais-Suomi,45-59,2022-09-26,4,Individual,Full
5609,Martin James,FI,Varsinais-Suomi,45-59,2025-04-25,1,Individual,Full
5610,Frances Fisher-Martin,DK,Midtjylland,45-59,2024-09-27,1,Individual,Full
5611,Joseph Clark,FI,Uusimaa,60-74,2025-02-11,3,Individual,Full
5612,Craig Davies,FI,Pohjois-Pohjanmaa,75+,2022-04-12,2,Individual,Full
5613,Clifford Hayward-McCarthy,FI,Uusimaa,45-59,2023-12-22,5,Individual,Full
5614,Suzanne Jackson,DK,Midtjylland,30-44,2023-03-15,3,Trust,Email only
5615,Linda Russell,,Oslo,30-44,2023-12-16,1,Individual,Full
5616,Mr Mark Harvey,FI,Pirkanmaa,45-59,2023-01-10,2,Individual,Full
5617,Ms Charlotte Giles,SE,Västra Götaland,30-44,2024-02-13,1,Individual,Full
5618,Leah Robinson,NO,Trøndelag,60-74,2025-09-07,4,Individual,Full
5619,Ms Susan Myers,FI,Pohjois-Pohjanmaa,45-59,2024-09-05,3,Individual,Post only
5620,Ashleigh Pugh,,Pohjois-Pohjanmaa,30-44,2024-12-19,2,Individual,Full
5621,Olivia Dean,DK,Hovedstaden,45-59,2023-10-29,2,Individual,Full
5622,Clare Johnson,DK,Midtjylland,60-74,2024-12-08,2,Individual,Email only
5623,Karen Norton,DK,Syddanmark,30-44,2022-12-05,1,Individual,Full
5624,Phillip Farrell,SE,Stockholm,30-44,2025-03-12,2,Individual,Email only
5625,Miss Denise Webb,SE,Skåne,30-44,2023-12-18,5,Individual,Full
5626,Mr William McDonald,FI,Varsinais-Suomi,60-74,2025-09-08,2,Individual,Full
5627,Dr Oliver Wood,NO,Oslo,75+,2023-12-01,2,Individual,Full
5628,Paula Powell,FI,Uusimaa,30-44,2024-05-13,1,Individual,Email only
5629,Connor King,DK,Midtjylland,60-74,2022-01-24,4,Individual,Full
5630,Ian Berry,FI,Pirkanmaa,30-44,2024-08-31,2,Individual,Full
5631,Beth Knight,NO,Trøndelag,30-44,2025-09-11,1,Individual,Full
5632,Abigail Lee,FI,Uusimaa,45-59,2022-12-27,3,Individual,Full
5633,Megan Smith,FI,Varsinais-Suomi,45-59,2023-04-06,1,Individual,Email only
5634,Dr Margaret Robson,FI,Pirkanmaa,18-29,2025-03-01,5,Individual,Email only
5635,Ashley Newton,FI,Varsinais-Suomi,45-59,2024-06-01,4,Individual,Full
5636,Nicholas Cooper,FI,Uusimaa,60-74,2022-03-02,1,Individual,Full
5637,Dr Alan Williams,SE,Stockholm,45-59,2025-12-21,3,Individual,Full
5638,Charlie Ward,SE,Uppsala,30-44,2025-11-21,1,Individual,Full
5639,Antony Gibbs,,Stockholm,30-44,2022-04-27,6,Individual,Full
5640,Abdul Atkinson,DK,Syddanmark,18-29,2022-01-01,3,Individual,Full
5641,Mrs Lynda Francis,SE,Stockholm,60-74,2024-06-15,5,Individual,Full
5642,Caroline Hopkins,FI,Uusimaa,60-74,2025-10-15,5,Individual,Full
5643,Annette Phillips,FI,Pohjois-Pohjanmaa,60-74,2022-06-16,3,Individual,Post only
5644,Connor Ryan,,Stockholm,60-74,2024-12-09,1,Individual,Email only
5645,Mary Davies,FI,Pohjois-Pohjanmaa,60-74,2024-10-13,5,Individual,Full
5646,Mr Patrick Matthews,FI,Pirkanmaa,75+,2024-12-26,3,Individual,Email only
5647,Irene Robinson,FI,Pohjois-Pohjanmaa,45-59,2025-12-12,1,Individual,Full
5648,Justin Kirby-White,FI,Uusimaa,45-59,2025-07-15,2,Individual,Email only
5649,Jean Slater,SE,Stockholm,45-59,2023-01-16,4,Individual,Post only
5650,Raymond Lawrence,FI,Pohjois-Pohjanmaa,60-74,2023-01-19,2,Individual,Email only
5651,Miss Claire Francis,FI,Pohjois-Pohjanmaa,60-74,2022-12-31,1,Individual,Email only
5652,Katherine Johnson,DK,Hovedstaden,18-29,2022-12-02,1,Individual,Full
5653,Dr Elliott Hart,SE,Uppsala,45-59,2025-06-07,1,Corporate,Full
5654,Robert Evans,SE,Uppsala,18-29,2022-05-17,3,Individual,Post only
5655,Dr Lauren Taylor,SE,Västra Götaland,45-59,2024-06-12,4,Individual,Full
5656,Dr Shaun Hughes,SE,Stockholm,30-44,2025-06-13,1,Individual,Full
5657,Geraldine White-Davis,SE,Uppsala,45-59,2025-11-30,1,Individual,Full
5658,Ms Danielle Cook,NO,Trøndelag,60-74,2025-02-16,1,Individual,Email only
5659,Mrs Carly Hussain,SE,Stockholm,45-59,2023-07-02,1,Individual,Full
5660,Ms Lynn Hutchinson,FI,Pohjois-Pohjanmaa,60-74,2022-02-02,1,Individual,Full
5661,Susan Wood-Rhodes,SE,Västra Götaland,30-44,2024-07-28,3,Individual,Full
5662,Mr Denis Chadwick,NO,Vestland,45-59,2023-05-07,1,Individual,Full
5663,Kimberley Barry,SE,Skåne,60-74,2022-03-08,2,Individual,Full
5664,Amy Andrews-Glover,FI,Pirkanmaa,75+,2024-12-30,5,Individual,Email only
5665,Katherine May,NO,Vestland,30-44,2022-08-03,1,Corporate,Full
5666,Mary Jackson,SE,Uppsala,45-59,2025-04-09,1,Individual,Full
5667,Donna Atkins-Ball,NO,Trøndelag,45-59,2023-12-13,1,Individual,Post only
5668,Gemma Marshall,SE,Stockholm,75+,2022-10-13,2,Individual,Full
5669,Holly Bryan,FI,Pirkanmaa,30-44,2025-03-01,5,Individual,Email only
5670,Dr Carole Johnson,SE,Stockholm,18-29,2024-08-14,2,Individual,Email only
5671,Helen Turner,NO,Oslo,30-44,2024-05-15,1,Individual,Post only
5672,Mr Abdul Baker,NO,Vestland,75+,2022-12-22,6,Trust,Full
5673,Eric Hall,SE,Stockholm,18-29,2022-11-21,2,Individual,Full
5674,Yvonne Grant,SE,Västra Götaland,45-59,2025-02-15,1,Individual,Full
5675,Dr Elliott Cook,SE,Uppsala,30-44,2022-12-31,5,Individual,Email only
5676,Ross Elliott,SE,Stockholm,30-44,2024-12-26,4,Individual,Full
5677,Mrs Ruth Smith,SE,Stockholm,60-74,2024-10-23,1,Individual,Full
5678,Ashley Barnett,FI,Pohjois-Pohjanmaa,45-59,2025-07-10,3,Individual,Full
5679,Philip Khan,FI,Pirkanmaa,60-74,2023-12-04,1,Individual,Post only
5680,Sophie Brown,SE,Uppsala,60-74,2025-06-14,2,Individual,Full
5681,Jamie Robson,FI,Varsinais-Suomi,30-44,2024-10-26,2,Individual,Full
5682,Miss Jasmine West,SE,Uppsala,45-59,2024-05-25,1,Individual,Full
5683,Dr Joan John,NO,Oslo,60-74,2022-07-16,3,Individual,Post only
5684,Jennifer Webster-Shaw,FI,Pohjois-Pohjanmaa,30-44,2023-03-09,2,Individual,Email only
5685,Leon Thompson-Simpson,FI,Pohjois-Pohjanmaa,60-74,2025-12-26,1,Individual,Full
5686,Dr Garry Knight,FI,Pirkanmaa,30-44,2024-02-09,1,Individual,Full
5687,Charlene Andrews,SE,Västra Götaland,60-74,2024-12-16,2,Individual,Full
5688,Charles Riley,FI,Pirkanmaa,45-59,2022-12-07,6,Individual,Full
5689,Irene Green,FI,Pirkanmaa,60-74,2024-12-08,4,Individual,Email only
5690,Dr Sally Burns,NO,Rogaland,60-74,2023-08-29,2,Individual,Full
5691,Damien Carr,FI,Varsinais-Suomi,45-59,2023-07-18,1,Individual,Full
5692,Eileen Parker-Rose,FI,Uusimaa,30-44,2023-10-09,5,Individual,Post only
5693,Bradley Harper,FI,Pohjois-Pohjanmaa,18-29,2025-12-02,2,Individual,Post only
5694,Terence Butler,SE,Uppsala,18-29,2025-05-25,2,Individual,Full
5695,Stephen Powell-Day,DK,Sjælland,30-44,2024-12-10,2,Individual,Post only
5696,Ryan Allen-George,DK,Syddanmark,30-44,2025-06-03,1,Individual,Full
5697,Abdul Johnston,DK,Midtjylland,45-59,2023-11-27,1,Individual,Full
5698,Melanie Berry-Fisher,FI,Varsinais-Suomi,45-59,2022-03-04,2,Individual,Full
5699,Dr Mohammed Page,DK,Sjælland,18-29,2023-02-18,1,Individual,Full
5700,Gavin Taylor,DK,Syddanmark,30-44,2022-12-21,1,Individual,Full
5701,Kieran Holmes,FI,Varsinais-Suomi,60-74,2022-06-02,1,Individual,Post only
5702,Wayne Giles,FI,Pirkanmaa,30-44,2024-12-08,1,Individual,Email only
5703,Donald Harris,FI,Pirkanmaa,30-44,2025-12-15,3,Individual,Email only
5704,Leigh Collins,DK,Midtjylland,45-59,2025-04-26,2,Individual,Full
5705,Mr Liam Cole,DK,Hovedstaden,60-74,2024-11-15,2,Individual,Full
5706,Ricky Pritchard-Cox,NO,Vestland,60-74,2025-09-01,4,Individual,Email only
5707,Rhys Ingram,,Uppsala,45-59,2023-07-11,2,Individual,Post only
5708,Francesca Smith,DK,Midtjylland,30-44,2024-08-22,5,Corporate,Full
5709,Miss Frances Lynch,SE,Västra Götaland,30-44,2022-12-10,1,Corporate,Full
5710,Dr Georgia Scott,FI,Pohjois-Pohjanmaa,45-59,2024-07-01,4,Individual,Post only
5711,Melissa Thompson,FI,Uusimaa,18-29,2025-07-07,5,Individual,Full
5712,Susan Bennett-Gilbert,FI,Pirkanmaa,60-74,2022-12-20,2,Trust,Full
5713,Ricky Wallis,SE,Västra Götaland,60-74,2024-12-12,1,Individual,Email only
5714,Charlie Willis,FI,Pohjois-Pohjanmaa,60-74,2024-11-14,1,Individual,Full
5715,Joshua Russell,FI,Pohjois-Pohjanmaa,45-59,2023-05-15,3,Corporate,Full
5716,Scott Bailey,SE,Västra Götaland,45-59,2025-03-21,1,Individual,Full
5717,Clare Rogers,SE,Uppsala,45-59,2023-05-16,1,Individual,Post only
5718,Grace Richards,DK,Sjælland,45-59,2023-07-11,3,Individual,Full
5719,Melissa Evans,NO,Vestland,18-29,2022-01-08,2,Individual,Full
5720,Thomas Brown,FI,Uusimaa,45-59,2022-06-23,1,Individual,Full
5721,Kate Fraser,SE,Västra Götaland,30-44,2022-03-07,2,Individual,Full
5722,Mr Steven Bird,FI,Pirkanmaa,30-44,2025-09-10,4,Individual,Full
5723,Rhys Butler,FI,Pirkanmaa,45-59,2023-03-10,2,Individual,Email only
5724,Mrs Katy Walters,FI,Pirkanmaa,60-74,2024-12-19,1,Individual,Full
5725,Geraldine Wood-Roberts,FI,Pirkanmaa,45-59,2025-11-07,4,Individual,Email only
5726,Garry Wong-Jackson,NO,Trøndelag,30-44,2024-10-14,4,Individual,Full
5727,Simon Lawson-Baxter,FI,Pohjois-Pohjanmaa,75+,2022-12-01,1,Individual,Full
5728,Hugh Hussain,FI,Pirkanmaa,60-74,2024-02-15,1,Corporate,Full
5729,Jason Collins,FI,Pohjois-Pohjanmaa,60-74,2022-02-01,2,Individual,Email only
5730,Ms Sylvia Weston,NO,Oslo,45-59,2022-11-13,2,Individual,Full
5731,Mr Mohammed Smith,FI,Uusimaa,30-44,2024-02-15,1,Trust,Full
5732,Barbara Taylor,DK,Syddanmark,30-44,2023-07-03,2,Individual,Full
5733,Charlene Murray,SE,Uppsala,30-44,2023-08-28,2,Individual,Post only
5734,Ms Elaine Robinson,,Sjælland,60-74,2023-01-09,1,Individual,Full
5735,Dr Hannah Robinson,SE,Skåne,18-29,2023-05-12,1,Corporate,Email only
5736,George Sharpe,FI,Pirkanmaa,75+,2023-12-21,4,Individual,Email only
5737,Ms Rosie Brown,NO,Rogaland,60-74,2022-04-09,1,Individual,Full
5738,Mohamed Lee,SE,Skåne,60-74,2024-03-24,1,Individual,Post only
5739,Chloe Baker,FI,Pirkanmaa,60-74,2023-04-24,1,Individual,Post only
5740,Dr Bruce Smith,NO,Oslo,30-44,2023-11-22,1,Individual,Full
5741,Mr Lawrence Spencer,SE,Stockholm,45-59,2023-03-31,1,Individual,Full
5742,Glenn Kirk-Page,FI,Pohjois-Pohjanmaa,18-29,2025-05-21,5,Individual,Email only
5743,Lorraine Ahmed,SE,Västra Götaland,30-44,2024-02-02,4,Individual,Full
5744,Ms Ashleigh Griffiths,FI,Varsinais-Suomi,30-44,2023-12-14,4,Individual,Full
5745,Ashleigh Ward,SE,Västra Götaland,45-59,2024-05-29,1,Individual,Full
5746,Geoffrey Turner,FI,Uusimaa,30-44,2024-06-17,2,Individual,Email only
5747,Kenneth Richardson,FI,Pirkanmaa,45-59,2022-06-01,2,Individual,Email only
5748,Matthew Kaur,SE,Uppsala,45-59,2023-05-20,5,Individual,Email only
5749,Cameron Cooper,FI,Pohjois-Pohjanmaa,18-29,2023-07-06,1,Individual,Full
5750,Dr Pauline Hopkins,NO,Vestland,45-59,2024-03-11,1,Individual,Full
5751,Jean Duncan-Martin,DK,Syddanmark,60-74,2024-10-22,2,Individual,Full
5752,Luke Davis,SE,Skåne,75+,2022-12-01,6,Individual,Email only
5753,Valerie Scott,,Trøndelag,75+,2024-12-21,3,Individual,Full
5754,Neil Smith,FI,Uusimaa,45-59,2024-12-28,3,Individual,Email only
5755,Dr Rebecca Hall,FI,Uusimaa,30-44,2023-03-30,2,Individual,Email only
5756,Dr Tracey Brown,FI,Pirkanmaa,45-59,2023-12-20,1,Individual,Full
5757,Kimberley Roberts,FI,Pirkanmaa,45-59,2025-02-21,1,Individual,Full
5758,Peter Chandler,NO,Rogaland,30-44,2022-12-07,3,Individual,Full
5759,Dr Pamela Lewis,DK,Midtjylland,75+,2025-01-14,2,Individual,Full
5760,Dr Terry Singh,DK,Midtjylland,30-44,2025-12-30,4,Individual,Full
5761,Ms Barbara Davies,FI,Pirkanmaa,18-29,2024-03-01,3,Individual,Full
5762,Alice Dawson,FI,Pohjois-Pohjanmaa,60-74,2025-04-27,1,Individual,Full
5763,Alex Williamson,FI,Pohjois-Pohjanmaa,45-59,2022-09-30,1,Individual,Full
5764,Dr Roger James,FI,Uusimaa,45-59,2024-09-03,3,Individual,Post only
5765,Ian Butler,SE,Västra Götaland,30-44,2022-01-19,2,Individual,Email only
5766,Craig Johnson,NO,Trøndelag,30-44,2022-01-18,1,Individual,Full
5767,Dr Neil Jones,SE,Skåne,60-74,2025-10-01,1,Individual,Email only
5768,Wayne Brown,FI,Pirkanmaa,18-29,2023-11-11,2,Individual,Post only
5769,David Brown,DK,Sjælland,45-59,2025-08-14,6,Individual,Full
5770,Jane Hargreaves,NO,Trøndelag,60-74,2023-12-30,1,Individual,Full
5771,Helen Wells,FI,Uusimaa,75+,2023-12-18,1,Individual,Post only
5772,Linda Harris,FI,Pirkanmaa,60-74,2024-12-31,1,Individual,Email only
5773,Mrs Laura Wells,DK,Midtjylland,45-59,2023-07-23,4,Individual,Full
5774,Steven Anderson,FI,Uusimaa,45-59,2022-10-27,2,Individual,Email only
5775,Marion Daniels-Wells,FI,Varsinais-Suomi,60-74,2022-12-01,2,Individual,Full
5776,Bethan Morgan-Holt,NO,Oslo,45-59,2022-06-19,1,Individual,Full
5777,Kimberley Mills,SE,Västra Götaland,60-74,2023-09-27,3,Individual,Full
5778,Conor Dunn,FI,Pohjois-Pohjanmaa,45-59,2025-09-29,6,Individual,Full
5779,Rosemary Douglas-Price,FI,Pirkanmaa,45-59,2022-01-05,2,Individual,Full
5780,Wendy Davey,DK,Hovedstaden,30-44,2022-08-18,1,Individual,Email only
5781,Zoe Harper,SE,Stockholm,60-74,2022-11-18,5,Individual,Full
5782,Susan Wilson,NO,Trøndelag,30-44,2022-12-29,7,Individual,Full
5783,Annette Clarke,NO,Trøndelag,18-29,2024-04-26,2,Individual,Email only
5784,Dean Gardiner,FI,Pohjois-Pohjanmaa,60-74,2023-12-20,1,Individual,Full
5785,Miss Denise Parkin,FI,Pohjois-Pohjanmaa,30-44,2024-09-24,2,Individual,Full
5786,Leslie Rahman,FI,Pirkanmaa,30-44,2023-08-26,1,Individual,Full
5787,Tracey Hill,SE,Uppsala,60-74,2023-03-22,2,Individual,Email only
5788,Gordon Smith,,Pohjois-Pohjanmaa,75+,2023-05-24,3,Individual,Email only
5789,Dominic Brown,SE,Västra Götaland,60-74,2023-11-18,2,Individual,Email only
5790,Dr Tom Cooper,,Oslo,30-44,2023-05-31,2,Individual,Full
5791,Terence Miller,SE,Västra Götaland,30-44,2023-11-27,3,Individual,Full
5792,Cheryl Phillips-Peters,FI,Varsinais-Suomi,60-74,2022-09-26,2,Individual,Full
5793,Jasmine Welch-Ryan,DK,Hovedstaden,18-29,2023-11-14,1,Individual,Email only
5794,Tom Williamson-Hale,NO,Vestland,45-59,2022-07-03,1,Individual,Post only
5795,Miss Jean Bennett,FI,Varsinais-Suomi,60-74,2024-10-27,4,Individual,Full
5796,Stacey Khan-Harrison,NO,Rogaland,45-59,2022-05-27,1,Individual,Full
5797,Mr Mohammad Wilkinson,NO,Rogaland,45-59,2023-04-26,1,Individual,Email only
5798,Mr Terence Yates,SE,Västra Götaland,75+,2025-01-24,2,Individual,Email only
5799,Lynne Woods,SE,Skåne,45-59,2022-12-03,2,Individual,Full
5800,Phillip Edwards-Hutchinson,DK,Hovedstaden,30-44,2023-11-06,4,Individual,Email only
5801,Stanley Fletcher,DK,Sjælland,30-44,2025-12-02,4,Individual,Post only
5802,Jasmine Lamb-Norris,NO,Oslo,75+,2025-11-20,6,Individual,Email only
5803,Bethany Shepherd,DK,Sjælland,45-59,2024-12-22,1,Individual,Email only
5804,Ms Paige Norris,FI,Pirkanmaa,30-44,2024-12-01,6,Individual,Email only
5805,Mr Antony Conway,FI,Uusimaa,30-44,2023-08-27,2,Individual,Full
5806,Mr Denis Collier,FI,Uusimaa,45-59,2023-09-26,2,Individual,Post only
5807,Gail Hall-Moore,SE,Stockholm,30-44,2025-12-26,1,Individual,Post only
5808,Billy Barker,NO,Vestland,30-44,2025-05-05,2,Individual,Full
5809,Joshua Spencer,FI,Varsinais-Suomi,60-74,2022-07-04,1,Individual,Full
5810,Joanne Barlow,SE,Stockholm,45-59,2022-01-22,6,Individual,Email only
5811,Ms Nicole Hopkins,SE,Västra Götaland,30-44,2023-12-24,2,Individual,Full
5812,Damien Humphreys,FI,Pirkanmaa,30-44,2024-11-07,2,Individual,Full
5813,Amanda Shaw,SE,Skåne,60-74,2024-03-05,2,Individual,Full
5814,Lynda Brown,SE,Skåne,18-29,2022-01-05,5,Individual,Full
5815,Sophie Griffiths,NO,Oslo,60-74,2024-04-29,2,Individual,Full
5816,Lynda Phillips-Ali,NO,Oslo,30-44,2024-06-03,1,Individual,Full
5817,Miss Sarah King,FI,Pohjois-Pohjanmaa,45-59,2023-05-24,6,Individual,Full
5818,Dr Sheila Lee,NO,Oslo,18-29,2022-06-25,1,Individual,Full
5819,Mr Reece King,,Stockholm,30-44,2023-12-07,1,Individual,Full
5820,Mrs Helen Skinner,FI,Pirkanmaa,45-59,2023-11-25,5,Individual,Full
5821,Darren Walters,FI,Varsinais-Suomi,60-74,2024-12-27,2,Individual,Full
5822,Miss Katy Davies,SE,Västra Götaland,18-29,2022-03-12,1,Individual,Full
5823,Dr Hannah Richardson,SE,Västra Götaland,30-44,2025-10-02,2,Individual,Email only
5824,Ian Parker,FI,Pohjois-Pohjanmaa,60-74,2022-03-30,2,Individual,Post only
5825,Phillip Begum,FI,Pirkanmaa,45-59,2023-09-19,1,Individual,Email only
5826,Toby Harris,SE,Skåne,60-74,2025-06-15,1,Individual,Full
5827,Mrs Gemma Perry,SE,Stockholm,30-44,2023-09-26,3,Individual,Email only
5828,Kerry Cook,SE,Skåne,30-44,2022-11-01,1,Individual,Full
5829,Jasmine McCarthy,FI,Pirkanmaa,30-44,2022-12-24,3,Individual,Full
5830,Adam Pratt-Price,NO,Vestland,30-44,2022-05-02,2,Individual,Email only
5831,Mr Leonard Payne,NO,Trøndelag,18-29,2024-04-02,2,Trust,Full
5832,Lucy Scott,SE,Uppsala,30-44,2024-03-01,1,Individual,Full
5833,Emily Matthews,NO,Trøndelag,30-44,2024-09-19,1,Individual,Full
5834,Mr Gavin Gough,NO,Vestland,30-44,2024-11-17,3,Individual,Full
5835,Karl Spencer,FI,Varsinais-Suomi,75+,2024-12-31,6,Individual,Full
5836,Wayne Robson,NO,Rogaland,30-44,2022-03-16,1,Individual,Post only
5837,Mark Bates,SE,Skåne,18-29,2025-08-03,4,Individual,Full
5838,Elliott Smith,FI,Pirkanmaa,30-44,2025-04-17,1,Individual,Full
5839,Adam Baker,SE,Skåne,30-44,2025-11-20,2,Trust,Full
5840,Amanda Rowe-Parker,FI,Uusimaa,45-59,2023-12-03,3,Individual,Email only
5841,Ashleigh Morrison,FI,Pirkanmaa,60-74,2024-09-09,6,Individual,Full
5842,Bethany Hargreaves-Holland,SE,Västra Götaland,30-44,2024-12-26,6,Individual,Full
5843,Melissa Campbell,FI,Uusimaa,30-44,2022-03-08,2,Individual,Email only
5844,Andrew Moss,FI,Uusimaa,75+,2025-09-25,4,Individual,Full
5845,Geraldine White,SE,Västra Götaland,30-44,2022-12-21,4,Individual,Email only
5846,Stanley Davies-Jones,FI,Pohjois-Pohjanmaa,45-59,2025-12-15,1,Individual,Full
5847,Dr Gerald Young,FI,Uusimaa,45-59,2023-10-11,1,Trust,Full
5848,Julian Hall,NO,Rogaland,45-59,2024-12-16,2,Individual,Full
5849,Dr Gary Graham,SE,Skåne,45-59,2024-12-09,1,Individual,Email only
5850,Lee Gray,NO,Rogaland,75+,2023-06-17,6,Individual,Full
5851,Charlie Lane-Hunt,NO,Rogaland,30-44,2024-01-14,3,Corporate,Full
5852,Irene Gilbert,FI,Varsinais-Suomi,45-59,2023-11-02,2,Individual,Full
5853,Mr Robert Gibson,FI,Varsinais-Suomi,45-59,2025-06-04,6,Individual,Full
5854,Emily Davies,FI,Uusimaa,30-44,2024-12-07,2,Individual,Email only
5855,Gerard Evans-Chapman,,Uusimaa,18-29,2025-12-14,5,Individual,Full
5856,Sally Myers,DK,Syddanmark,60-74,2025-08-23,1,Individual,Full
5857,Mrs Melissa Carter,FI,Pohjois-Pohjanmaa,60-74,2025-01-31,2,Individual,Email only
5858,Anne Robson,FI,Varsinais-Suomi,75+,2025-03-22,1,Individual,Email only
5859,Kevin Smith-Lawrence,NO,Trøndelag,45-59,2025-10-24,1,Individual,Post only
5860,Ian George-Riley,SE,Skåne,60-74,2022-10-03,1,Individual,Full
5861,Leigh McKenzie-North,SE,Skåne,30-44,2023-12-05,5,Individual,Email only
5862,Mrs Holly Potter,DK,Midtjylland,30-44,2023-05-05,1,Individual,Email only
5863,Harriet George,NO,Rogaland,60-74,2023-12-29,1,Individual,Full
5864,Dr Nicholas Francis,SE,Västra Götaland,18-29,2025-05-21,4,Individual,Email only
5865,Georgia Walsh,SE,Uppsala,30-44,2024-06-02,1,Individual,Email only
5866,Linda Farrell,SE,Skåne,30-44,2023-01-30,1,Individual,Full
5867,Ashleigh Cox,NO,Oslo,60-74,2022-05-18,3,Individual,Full
5868,Ms Frances Hunt,FI,Pirkanmaa,30-44,2022-11-10,1,Individual,Full
5869,Jean Davison,NO,Rogaland,60-74,2022-10-06,5,Corporate,Full
5870,Mr Joseph O'Neill,FI,Varsinais-Suomi,45-59,2022-12-17,1,Individual,Full
5871,Zoe Roberts,FI,Uusimaa,60-74,2024-12-29,4,Individual,Full
5872,Kerry Cooper,NO,Vestland,60-74,2025-01-18,4,Individual,Full
5873,Jake Barry,FI,Varsinais-Suomi,60-74,2025-12-09,6,Individual,Full
5874,Rebecca Phillips,DK,Sjælland,45-59,2025-07-08,2,Individual,Full
5875,Stanley Parry,NO,Rogaland,18-29,2022-10-18,1,Individual,Email only
5876,Elizabeth Hall-Woodward,DK,Midtjylland,45-59,2025-10-22,5,Individual,Full
5877,Abbie Hewitt,NO,Rogaland,45-59,2022-09-15,1,Individual,Full
5878,Miss Carolyn Murphy,SE,Skåne,30-44,2022-03-21,7,Individual,Email only
5879,Mrs Hazel Jenkins,FI,Pohjois-Pohjanmaa,45-59,2025-04-13,4,Individual,Full
5880,Damien Thorpe,SE,Skåne,18-29,2023-06-30,1,Individual,Full
5881,Joel Hughes-Curtis,FI,Uusimaa,30-44,2022-03-29,7,Individual,Full
5882,Norman Hunt,FI,Uusimaa,30-44,2023-06-19,4,Individual,Full
5883,Vincent Cox-Rees,FI,Uusimaa,30-44,2025-01-17,2,Individual,Email only
5884,Dr Bernard Hill,NO,Trøndelag,45-59,2024-04-10,2,Individual,Full
5885,Callum Mills,SE,Stockholm,30-44,2023-08-05,5,Individual,Email only
5886,Margaret Harvey,FI,Pohjois-Pohjanmaa,60-74,2024-08-26,2,Individual,Full
5887,Ben Evans,FI,Pohjois-Pohjanmaa,45-59,2023-07-07,2,Individual,Full
5888,Mrs Joanne Johnson,FI,Uusimaa,45-59,2022-01-24,1,Individual,Full
5889,Terence Goddard,FI,Pirkanmaa,60-74,2025-12-17,2,Individual,Full
5890,Brett Whitehouse,FI,Varsinais-Suomi,45-59,2023-03-26,1,Individual,Full
5891,Hilary Grant,FI,Pirkanmaa,30-44,2024-09-29,1,Individual,Full
5892,Dr Janet Morley,FI,Uusimaa,18-29,2024-12-05,2,Individual,Full
5893,Ashleigh Wright-Griffin,NO,Oslo,30-44,2022-10-06,3,Individual,Email only
5894,Mr Jamie Short,FI,Pirkanmaa,45-59,2023-03-07,1,Individual,Full
5895,Dr Karl Bradley,DK,Syddanmark,60-74,2025-03-23,1,Individual,Full
5896,Heather Marshall,FI,Varsinais-Suomi,30-44,2023-03-03,5,Individual,Post only
5897,Miss Carolyn Newton,NO,Vestland,30-44,2022-06-26,5,Individual,Full
5898,Carly Pollard,FI,Pirkanmaa,60-74,2025-10-26,2,Individual,Email only
5899,Clive Potter,SE,Skåne,30-44,2023-12-16,4,Individual,Full
5900,Mr Norman Lewis,SE,Stockholm,18-29,2023-07-23,2,Individual,Full
5901,Josh Evans-Smith,FI,Pohjois-Pohjanmaa,60-74,2025-12-18,2,Individual,Full
5902,Ms Hilary Kelly,FI,Varsinais-Suomi,60-74,2023-12-01,2,Individual,Post only
5903,Ellie Wilson,NO,Rogaland,30-44,2025-11-17,1,Individual,Full
5904,Shane Ryan,FI,Varsinais-Suomi,60-74,2022-12-19,4,Individual,Email only
5905,Dr Samantha Gill,FI,Uusimaa,60-74,2022-12-01,2,Individual,Full
5906,Mr Jeffrey Smith,SE,Uppsala,45-59,2024-05-29,3,Individual,Email only
5907,Hilary Franklin,NO,Rogaland,18-29,2025-07-26,1,Individual,Full
5908,Jasmine Ellis,SE,Stockholm,30-44,2023-12-31,2,Corporate,Full
5909,Trevor Mitchell-Harris,SE,Stockholm,60-74,2024-09-06,5,Individual,Full
5910,Miss Molly Taylor,SE,Uppsala,45-59,2025-12-18,4,Individual,Post only
5911,Tom Allan,FI,Pirkanmaa,60-74,2025-04-23,1,Individual,Email only
5912,Glen Graham,FI,Varsinais-Suomi,30-44,2025-11-05,5,Individual,Email only
5913,Mrs Hollie Taylor,SE,Stockholm,75+,2024-12-22,1,Individual,Full
5914,Bethany White,FI,Uusimaa,60-74,2025-09-13,2,Individual,Full
5915,Francesca Stevenson,DK,Sjælland,45-59,2023-12-11,2,Individual,Full
5916,Miss Emma Storey,FI,Pirkanmaa,45-59,2022-07-16,1,Individual,Full
5917,Denis Davies,DK,Sjælland,30-44,2023-05-11,1,Individual,Full
5918,Mrs Kathleen Davies,FI,Varsinais-Suomi,45-59,2022-12-19,4,Individual,Full
5919,Ricky Morton,FI,Pohjois-Pohjanmaa,60-74,2024-05-16,1,Individual,Post only
5920,Dr Raymond White,NO,Vestland,45-59,2022-08-31,4,Individual,Full
5921,Mary Hudson,FI,Varsinais-Suomi,30-44,2024-04-30,6,Individual,Full
5922,Dr Carol Harrison,DK,Midtjylland,18-29,2025-02-05,1,Individual,Full
5923,Joseph Hale,NO,Vestland,45-59,2022-01-02,2,Individual,Full
5924,Paige Watkins,SE,Uppsala,30-44,2025-12-30,2,Individual,Full
5925,Dr Benjamin Evans,NO,Oslo,60-74,2022-11-06,1,Individual,Full
5926,Samuel Hunt,NO,Trøndelag,30-44,2023-04-05,1,Individual,Full
5927,Mrs Joan Patterson,FI,Pirkanmaa,18-29,2024-12-17,1,Individual,Full
5928,Dr Lawrence French,NO,Vestland,60-74,2022-12-09,2,Individual,Full
5929,Dr Edward Brown,NO,Oslo,18-29,2022-12-16,2,Individual,Email only
5930,Debra Shaw-Pugh,FI,Pohjois-Pohjanmaa,30-44,2025-12-05,4,Individual,Email only
5931,Ann Quinn,SE,Stockholm,75+,2022-01-22,4,Individual,Email only
5932,Alexandra Barnes,FI,Uusimaa,60-74,2022-04-20,6,Individual,Full
5933,Gareth Evans,FI,Pohjois-Pohjanmaa,75+,2022-07-03,4,Individual,Full
5934,Dr Marc Shaw,FI,Pohjois-Pohjanmaa,75+,2025-01-13,6,Individual,Full
5935,Dr Garry Gardiner,FI,Pohjois-Pohjanmaa,60-74,2025-07-27,1,Individual,Email only
5936,Mr Rhys Frost,NO,Rogaland,30-44,2025-12-17,1,Individual,Full
5937,Mr Vincent Howard,,Hovedstaden,60-74,2023-02-08,2,Individual,Full
5938,Dr Debra Patel,FI,Pohjois-Pohjanmaa,60-74,2023-09-18,1,Individual,Full
5939,Philip Watson,FI,Pohjois-Pohjanmaa,30-44,2024-03-24,4,Individual,Full
5940,Jenna Turner,SE,Västra Götaland,30-44,2023-01-11,3,Individual,Post only
5941,Kathleen Ford,SE,Uppsala,30-44,2024-06-27,5,Individual,Post only
5942,Dr Joan Lynch,DK,Sjælland,60-74,2022-03-15,1,Individual,Full
5943,Declan Evans,SE,Västra Götaland,60-74,2024-09-17,3,Individual,Email only
5944,Dr Amber Smith,FI,Varsinais-Suomi,18-29,2025-12-27,1,Individual,Full
5945,Aaron Cooper,,Skåne,30-44,2024-01-12,2,Individual,Email only
5946,Mrs Donna Thomas,FI,Pirkanmaa,60-74,2025-01-08,5,Individual,Full
5947,Eric Knight,FI,Pohjois-Pohjanmaa,60-74,2024-03-02,3,Trust,Full
5948,Maria Fry,SE,Stockholm,60-74,2024-07-28,1,Individual,Post only
5949,Diana Hill,NO,Trøndelag,45-59,2025-04-09,2,Individual,Full
5950,Craig Cooke,FI,Varsinais-Suomi,18-29,2025-12-24,6,Individual,Full
5951,Abigail Humphries,FI,Pirkanmaa,75+,2022-02-14,4,Individual,Full
5952,Ms Kathleen Davis,DK,Midtjylland,30-44,2024-10-31,3,Individual,Full
5953,Mohammad Rogers,SE,Skåne,18-29,2023-12-22,2,Individual,Full
5954,Julie Potts,FI,Pirkanmaa,45-59,2022-05-24,2,Individual,Full
5955,Aaron Green,SE,Stockholm,75+,2024-12-22,2,Individual,Full
5956,Dr Arthur Edwards,FI,Pirkanmaa,45-59,2023-03-14,3,Individual,Post only
5957,Gemma Adams,FI,Pohjois-Pohjanmaa,30-44,2022-03-26,5,Individual,Full
5958,Dr Vanessa Foster,FI,Uusimaa,75+,2025-12-02,2,Individual,Email only
5959,Nicole Davies-Palmer,,Uppsala,30-44,2023-04-08,5,Individual,Full
5960,Joe Hughes,SE,Uppsala,45-59,2022-01-26,4,Corporate,Email only
5961,Mathew King,SE,Skåne,60-74,2024-04-22,1,Individual,Email only
5962,Jeremy Fowler,NO,Vestland,75+,2024-11-16,2,Individual,Full
5963,Damien Evans,FI,Uusimaa,75+,2022-09-08,2,Individual,Full
5964,Dennis Cox,FI,Pohjois-Pohjanmaa,60-74,2023-10-03,1,Individual,Email only
5965,Mary Green,DK,Midtjylland,60-74,2025-12-20,1,Individual,Post only
5966,Natalie Ali-Edwards,NO,Oslo,30-44,2023-12-07,4,Individual,Email only
5967,Amy Johnson,FI,Pirkanmaa,30-44,2023-01-09,2,Individual,Full
5968,Carolyn Stone,FI,Pohjois-Pohjanmaa,75+,2025-08-08,3,Individual,Post only
5969,Dr Mark Wright,FI,Varsinais-Suomi,30-44,2023-05-19,4,Individual,Full
5970,Mr Scott Thomas,SE,Stockholm,75+,2022-12-11,1,Individual,Email only
5971,Dr Yvonne Jennings,SE,Stockholm,30-44,2022-03-11,4,Individual,Full
5972,Debra Robinson,SE,Stockholm,45-59,2022-05-08,2,Individual,Full
5973,Anne Thomson-Jones,SE,Stockholm,30-44,2023-12-19,1,Individual,Full
5974,Frances Taylor,FI,Pohjois-Pohjanmaa,75+,2023-05-19,6,Individual,Full
5975,Amanda Carpenter,FI,Pohjois-Pohjanmaa,45-59,2025-05-09,7,Individual,Full
5976,Hugh Little,FI,Pirkanmaa,60-74,2024-05-11,3,Individual,Full
5977,Dr George James,SE,Stockholm,30-44,2022-04-06,1,Individual,Full
5978,Dr Hollie Davis,FI,Pohjois-Pohjanmaa,18-29,2025-03-30,3,Individual,Email only
5979,Carl Bryant,FI,Varsinais-Suomi,60-74,2024-08-29,3,Individual,Full
5980,Miss Angela Wallis,FI,Pirkanmaa,30-44,2022-12-04,2,Individual,Post only
5981,Mr Dale Hunt,FI,Uusimaa,75+,2023-12-02,3,Corporate,Post only
5982,Ben Gray,SE,Västra Götaland,75+,2022-03-30,2,Individual,Full
5983,Cameron O'Neill,SE,Västra Götaland,30-44,2025-02-26,5,Corporate,Full
5984,Mr Gordon Potter,FI,Varsinais-Suomi,60-74,2024-03-27,2,Individual,Full
5985,Ashleigh Gardner-Skinner,FI,Pirkanmaa,30-44,2023-04-25,1,Individual,Full
5986,Amy Edwards,,Pohjois-Pohjanmaa,75+,2025-12-05,1,Individual,Email only
5987,Leanne Ward,SE,Västra Götaland,60-74,2023-05-29,1,Individual,Full
5988,Toby Morgan,NO,Rogaland,60-74,2024-11-25,4,Individual,Full
5989,Julian Roberts-Osborne,FI,Pirkanmaa,45-59,2023-12-09,2,Individual,Full
5990,Rosemary Bradshaw-Harding,DK,Sjælland,18-29,2023-12-16,3,Individual,Full
5991,Jamie Henderson,SE,Västra Götaland,45-59,2025-03-30,5,Individual,Full
5992,Dr Katie Thomas,FI,Pohjois-Pohjanmaa,18-29,2025-01-28,1,Individual,Full
5993,Dr Kimberley Kelly,FI,Uusimaa,45-59,2025-05-12,3,Individual,Full
5994,Frederick Wright,DK,Hovedstaden,75+,2022-11-09,1,Individual,Full
5995,Ms Rachel Hobbs,FI,Pirkanmaa,60-74,2025-12-10,1,Individual,Full
5996,Mrs Lynda Barton,DK,Hovedstaden,60-74,2023-12-26,1,Individual,Full
5997,Marcus Williams-Norris,NO,Oslo,75+,2023-12-10,1,Individual,Full
5998,Paige Sullivan,FI,Uusimaa,30-44,2025-10-10,5,Individual,Full
5999,Julia Hart,SE,Uppsala,45-59,2025-04-30,1,Individual,Full
6000,Kimberley Hughes,FI,Pirkanmaa,18-29,2023-10-18,1,Individual,Full
6001,Jodie Gilbert,DK,Syddanmark,75+,2023-04-14,4,Individual,Full
6002,Mr Mohammad Porter,FI,Uusimaa,60-74,2025-06-02,1,Individual,Email only
6003,Kerry Walsh,FI,Pirkanmaa,30-44,2024-11-03,1,Individual,Post only
6004,Mr Neil Anderson,SE,Västra Götaland,60-74,2023-01-18,1,Individual,Email only
6005,Oliver Morris-Lewis,FI,Pohjois-Pohjanmaa,30-44,2023-12-24,4,Individual,Full
6006,Sophie Moore,SE,Skåne,75+,2025-03-29,1,Individual,Full
6007,Mr Tom Hill,NO,Rogaland,18-29,2023-06-26,4,Individual,Post only
6008,Miss Tracy Brown,FI,Pohjois-Pohjanmaa,45-59,2024-08-26,5,Individual,Full
6009,Mr Nathan John,DK,Syddanmark,60-74,2023-06-10,1,Individual,Full
6010,Raymond Ferguson,DK,Sjælland,60-74,2022-01-10,2,Individual,Full
6011,Dr Connor Harper,NO,Rogaland,30-44,2024-09-21,5,Individual,Email only
6012,Gemma Newton,SE,Skåne,18-29,2022-12-03,2,Corporate,Post only
6013,Ms Naomi Holmes,DK,Sjælland,30-44,2024-12-15,3,Individual,Email only
6014,Brenda Evans-Green,NO,Oslo,60-74,2022-03-28,3,Individual,Full
6015,Dale Carter,FI,Pohjois-Pohjanmaa,18-29,2022-03-01,2,Individual,Email only
6016,Yvonne Bell,FI,Pohjois-Pohjanmaa,45-59,2025-03-13,2,Individual,Full
6017,Anna Harper,FI,Uusimaa,60-74,2022-09-04,1,Individual,Email only
6018,Damian Craig,FI,Uusimaa,30-44,2025-08-09,2,Individual,Email only
6019,Andrew Allan,SE,Uppsala,75+,2024-09-24,3,Individual,Post only
6020,Mr Marc Gregory,NO,Trøndelag,18-29,2024-05-02,3,Individual,Full
6021,Ms Donna Smith,DK,Sjælland,45-59,2024-09-18,4,Individual,Full
6022,Dr Douglas Murray,DK,Sjælland,60-74,2022-12-28,3,Individual,Full
6023,Beverley Dawson,NO,Oslo,60-74,2023-08-30,1,Individual,Full
6024,Iain Jones,FI,Varsinais-Suomi,45-59,2025-07-07,2,Individual,Email only
6025,Lee Thomas-Noble,SE,Stockholm,45-59,2025-05-30,5,Individual,Full
6026,Paula Hopkins,SE,Stockholm,75+,2022-12-27,2,Individual,Email only
6027,Mr Bruce Davidson,DK,Syddanmark,30-44,2025-10-14,6,Individual,Post only
6028,Stephanie Holmes,FI,Pohjois-Pohjanmaa,45-59,2024-04-08,6,Individual,Post only
6029,Dominic Norman-Carter,FI,Uusimaa,45-59,2024-04-24,2,Individual,Email only
6030,Glenn Cross,DK,Hovedstaden,45-59,2022-04-29,5,Individual,Full
6031,Mandy Harrison,DK,Syddanmark,30-44,2022-07-10,1,Individual,Full
6032,Beverley Bailey,SE,Västra Götaland,30-44,2024-12-28,1,Individual,Full
6033,Mitchell Phillips,NO,Vestland,18-29,2024-05-28,1,Individual,Full
6034,Mr Abdul Evans,FI,Pohjois-Pohjanmaa,45-59,2023-03-01,5,Individual,Email only
6035,Dr Conor Clarke,DK,Midtjylland,45-59,2023-11-24,1,Individual,Email only
6036,Gavin Iqbal,NO,Trøndelag,18-29,2025-12-20,5,Individual,Full
6037,Damien Davis,NO,Rogaland,60-74,2023-09-15,2,Individual,Full
6038,Bethany Webb,DK,Syddanmark,60-74,2025-05-10,1,Individual,Full
6039,Sophie Stevenson,SE,Uppsala,45-59,2022-08-02,1,Individual,Email only
6040,Sharon Middleton,SE,Västra Götaland,60-74,2022-06-19,2,Individual,Full
6041,Chelsea Watson,NO,Rogaland,30-44,2025-02-02,7,Individual,Full
6042,Tina Carter,NO,Trøndelag,75+,2025-09-06,1,Individual,Full
6043,Toby Leonard,FI,Pirkanmaa,30-44,2024-11-10,1,Individual,Email only
6044,Guy Barnett,SE,Västra Götaland,75+,2022-02-19,4,Individual,Post only
6045,Dr Jill Lees,NO,Oslo,45-59,2024-02-26,1,Individual,Full
6046,Dr Bruce Baker,SE,Uppsala,18-29,2023-10-07,1,Individual,Full
6047,Douglas Bevan,FI,Varsinais-Suomi,30-44,2025-07-15,1,Individual,Email only
6048,Mark Harris,FI,Varsinais-Suomi,60-74,2023-05-02,1,Individual,Post only
6049,Joyce Fry,FI,Pirkanmaa,75+,2025-12-02,3,Individual,Full
6050,Stuart Smith,SE,Stockholm,45-59,2022-02-18,1,Individual,Email only
6051,Dr Christian Jones,FI,Pirkanmaa,30-44,2022-01-13,2,Individual,Full
6052,Glen Johnson-Gray,FI,Uusimaa,60-74,2024-11-02,2,Individual,Post only
6053,Mr Jason Iqbal,DK,Sjælland,60-74,2025-09-28,2,Individual,Full
6054,Rita Lee,FI,Pohjois-Pohjanmaa,60-74,2025-12-22,1,Individual,Email only
6055,Mr Jason Burke,SE,Uppsala,30-44,2024-12-27,2,Individual,Email only
6056,Sandra Williams,FI,Pirkanmaa,18-29,2025-11-11,7,Individual,Full
6057,Dr Joe Smith,DK,Sjælland,45-59,2022-11-01,3,Individual,Full
6058,Ian Johnson-Walker,FI,Pohjois-Pohjanmaa,18-29,2023-12-11,1,Corporate,Full
6059,Gregory Marsh-Lewis,NO,Oslo,45-59,2022-12-22,3,Individual,Full
6060,Miss Cheryl Davis,DK,Syddanmark,18-29,2022-05-21,2,Corporate,Full
6061,Dr Benjamin Jordan,DK,Syddanmark,60-74,2024-12-06,1,Individual,Email only
6062,Samuel Richardson,FI,Uusimaa,60-74,2025-02-18,1,Individual,Email only
6063,Grace Lawson,DK,Sjælland,60-74,2024-02-23,2,Individual,Full
6064,Rita Adams,NO,Oslo,60-74,2024-05-25,4,Corporate,Full
6065,Charles Thompson-Arnold,FI,Varsinais-Suomi,30-44,2024-11-14,4,Individual,Full
6066,Bethan Harding,DK,Midtjylland,18-29,2023-01-25,4,Individual,Email only
6067,Samantha Griffin,SE,Uppsala,18-29,2024-12-19,5,Individual,Email only
6068,Dr Catherine Kemp,SE,Uppsala,60-74,2023-05-05,1,Individual,Full
6069,Dr Charlotte Simpson,FI,Pohjois-Pohjanmaa,45-59,2025-12-14,2,Individual,Full
6070,Joe Sullivan-Mitchell,SE,Uppsala,45-59,2023-12-08,1,Individual,Full
6071,Francesca Marshall,FI,Uusimaa,30-44,2024-12-25,2,Individual,Full
6072,Simon Jackson,,Rogaland,45-59,2023-04-15,2,Individual,Full
6073,Ms Rita Whittaker,FI,Varsinais-Suomi,60-74,2024-10-13,6,Individual,Email only
6074,Mr Ashley Webb,FI,Uusimaa,60-74,2023-08-24,6,Individual,Full
6075,Georgina Lynch,NO,Rogaland,30-44,2022-11-11,4,Individual,Email only
6076,Dr Tony Thompson,NO,Oslo,30-44,2025-08-02,4,Individual,Full
6077,Jack Hughes,DK,Syddanmark,75+,2024-06-09,3,Individual,Full
6078,Joe Coleman,SE,Uppsala,45-59,2025-08-11,2,Individual,Full
6079,Alexander Banks,FI,Pohjois-Pohjanmaa,18-29,2023-03-14,1,Individual,Full
6080,Bryan Harper,SE,Skåne,45-59,2025-12-12,1,Individual,Full
6081,Gregory Davison,SE,Stockholm,18-29,2023-12-08,1,Individual,Full
6082,Josh Hamilton,DK,Syddanmark,75+,2024-11-19,1,Individual,Full
6083,David Harris,FI,Uusimaa,75+,2025-12-02,1,Individual,Full
6084,Rosie Wong-Price,SE,Skåne,18-29,2025-05-29,1,Individual,Full
6085,Elliott Thomas,SE,Stockholm,30-44,2022-07-16,1,Individual,Full
6086,Simon Hart,FI,Pirkanmaa,18-29,2023-12-09,2,Individual,Full
6087,Chelsea Patel-Walsh,FI,Pohjois-Pohjanmaa,30-44,2024-07-08,5,Individual,Full
6088,Shirley Moore,NO,Rogaland,30-44,2022-12-29,1,Corporate,Post only
6089,Ms Natalie Clayton,FI,Pohjois-Pohjanmaa,18-29,2024-08-16,2,Individual,Email only
6090,Dr Gareth Cross,FI,Uusimaa,45-59,2022-02-18,1,Individual,Post only
6091,Dr Claire Robinson,FI,Uusimaa,45-59,2023-08-23,6,Individual,Full
6092,Marion Robson,FI,Uusimaa,75+,2023-02-19,1,Individual,Full
6093,Duncan Miller,FI,Pirkanmaa,60-74,2022-04-26,2,Individual,Full
6094,Sara Roberts-O'Neill,NO,Rogaland,60-74,2023-10-26,2,Individual,Post only
6095,Mr Nigel Marshall,NO,Trøndelag,30-44,2022-09-06,5,Individual,Full
6096,Mrs Lydia Barlow,SE,Stockholm,60-74,2025-12-03,4,Individual,Full
6097,Linda Arnold-Law,NO,Vestland,45-59,2022-11-09,2,Individual,Full
6098,Cameron White,DK,Sjælland,45-59,2023-08-28,6,Individual,Full
6099,Miss Lydia Walton,SE,Skåne,45-59,2022-04-12,1,Individual,Email only
6100,Sheila Sykes,FI,Varsinais-Suomi,45-59,2025-12-10,1,Individual,Email only
6101,Dr Sam Evans,FI,Uusimaa,30-44,2025-02-23,2,Individual,Full
6102,Megan Jarvis,FI,Uusimaa,45-59,2023-04-05,4,Individual,Full
6103,Kyle Shaw,SE,Skåne,45-59,2024-10-15,2,Corporate,Full
6104,Miss Helen Haynes,SE,Stockholm,60-74,2024-08-19,1,Individual,Full
6105,Carole Parkinson,FI,Varsinais-Suomi,30-44,2025-02-08,3,Corporate,Full
6106,Billy Simmons,FI,Pohjois-Pohjanmaa,18-29,2024-01-22,6,Individual,Post only
6107,Alice Chapman-Harvey,SE,Stockholm,18-29,2024-05-01,1,Individual,Full
6108,Mr Mohamed Poole,FI,Uusimaa,45-59,2023-08-24,2,Individual,Full
6109,Russell Wilkinson,SE,Västra Götaland,45-59,2025-05-25,1,Individual,Full
6110,Mr Gerald Harvey,DK,Syddanmark,30-44,2024-12-11,1,Individual,Full
6111,Norman Grant,SE,Uppsala,60-74,2022-01-04,4,Individual,Full
6112,Roger Martin,NO,Trøndelag,30-44,2022-07-02,4,Individual,Full
6113,Toby Banks-Wilson,SE,Stockholm,30-44,2024-02-16,4,Corporate,Email only
6114,Douglas Thompson,NO,Rogaland,60-74,2022-12-14,1,Individual,Full
6115,Dr Mark Baker,SE,Västra Götaland,45-59,2023-09-15,4,Individual,Full
6116,Miss Charlene Howell,,Skåne,18-29,2022-12-15,3,Individual,Full
6117,Thomas Stevenson,SE,Skåne,30-44,2023-09-22,3,Individual,Email only
6118,Dr Conor Parkes,NO,Vestland,45-59,2023-12-09,1,Individual,Full
6119,Marian Thompson,FI,Uusimaa,30-44,2023-12-06,1,Individual,Post only
6120,Grace Russell-Davies,,Uusimaa,45-59,2023-05-15,2,Individual,Full
6121,Harry Marsden,FI,Pirkanmaa,60-74,2025-11-08,1,Individual,Full
6122,Gillian Taylor,SE,Stockholm,45-59,2023-09-23,4,Individual,Email only
6123,Kathryn Willis,SE,Stockholm,30-44,2024-07-12,1,Individual,Full
6124,Rachael Quinn,DK,Hovedstaden,60-74,2023-12-21,6,Individual,Full
6125,Mr Clifford Blake,FI,Uusimaa,75+,2023-09-08,2,Individual,Email only
6126,Wendy Charlton,NO,Rogaland,18-29,2024-05-17,6,Individual,Full
6127,Cheryl Wilson,FI,Varsinais-Suomi,75+,2025-06-06,2,Individual,Email only
6128,Frederick Gibson,SE,Västra Götaland,60-74,2023-01-17,1,Individual,Email only
6129,Damien Johnson,SE,Uppsala,18-29,2022-12-31,2,Individual,Email only
6130,Clive Potter-Dawson,FI,Varsinais-Suomi,60-74,2023-07-12,2,Individual,Full
6131,Jemma Brown,FI,Pohjois-Pohjanmaa,30-44,2025-05-16,4,Individual,Full
6132,Dawn Howell,SE,Skåne,30-44,2023-05-30,1,Individual,Full
6133,Dr Toby Watts,FI,Uusimaa,30-44,2024-05-03,2,Individual,Email only
6134,Denise Dobson,FI,Pirkanmaa,30-44,2024-12-01,3,Individual,Full
6135,Timothy Gibbs,FI,Varsinais-Suomi,75+,2024-12-03,1,Individual,Full
6136,Ms Emily John,DK,Hovedstaden,45-59,2024-10-30,1,Individual,Full
6137,Dr Frederick Harper,SE,Västra Götaland,30-44,2022-11-13,6,Individual,Email only
6138,Miss Michelle Ellis,SE,Stockholm,30-44,2022-02-24,1,Individual,Post only
6139,Duncan Fraser,SE,Stockholm,60-74,2025-05-09,4,Individual,Email only
6140,Kim Leach,SE,Skåne,18-29,2023-11-15,1,Individual,Full
6141,Natalie Willis-Jones,SE,Stockholm,60-74,2025-09-17,2,Individual,Full
6142,Alice Dale,NO,Vestland,75+,2023-12-10,1,Individual,Full
6143,Ms Bethan Gibbons,NO,Oslo,30-44,2025-06-09,1,Individual,Full
6144,Craig Armstrong,SE,Stockholm,45-59,2023-12-07,5,Individual,Full
6145,Jennifer Austin-Morris,FI,Uusimaa,45-59,2022-04-06,1,Individual,Post only
6146,Martyn Griffiths-Austin,FI,Varsinais-Suomi,30-44,2025-04-08,1,Individual,Full
6147,Clare Lewis,FI,Uusimaa,18-29,2025-04-19,4,Individual,Full
6148,Nigel Lamb,NO,Oslo,60-74,2022-05-22,2,Individual,Email only
6149,Ms Lynne Marshall,SE,Västra Götaland,30-44,2023-07-11,1,Corporate,Full
6150,Rosemary Archer,SE,Västra Götaland,30-44,2022-07-19,4,Individual,Full
6151,Mr Brett Reynolds,FI,Varsinais-Suomi,60-74,2024-08-27,1,Individual,Full
6152,James Bevan,DK,Midtjylland,18-29,2024-05-16,6,Individual,Full
6153,Kim Johnson-Jackson,SE,Skåne,45-59,2024-10-31,4,Individual,Email only
6154,Dr Antony Gill,SE,Stockholm,60-74,2023-03-18,4,Individual,Full
6155,Claire Ali,FI,Varsinais-Suomi,18-29,2025-12-27,2,Individual,Full
6156,Mrs Wendy Anderson,DK,Hovedstaden,45-59,2022-10-27,1,Individual,Post only
6157,Sophie Carroll,FI,Varsinais-Suomi,45-59,2025-08-31,1,Individual,Full
6158,Ms Jean Wood,FI,Pohjois-Pohjanmaa,30-44,2024-07-24,2,Individual,Email only
6159,Dr Billy Price,FI,Pohjois-Pohjanmaa,45-59,2024-05-23,3,Individual,Full
6160,Glen Turner,FI,Pohjois-Pohjanmaa,75+,2024-11-04,1,Individual,Email only
6161,Tom Powell,FI,Uusimaa,75+,2024-10-17,2,Individual,Full
6162,Colin Stevens,FI,Varsinais-Suomi,45-59,2022-06-07,4,Individual,Email only
6163,Jacqueline Jenkins,SE,Stockholm,60-74,2024-12-20,1,Individual,Email only
6164,Hugh Collins,SE,Västra Götaland,45-59,2022-05-17,2,Individual,Full
6165,Jacob Baker,DK,Hovedstaden,30-44,2023-05-31,2,Individual,Post only
6166,Nigel Gardner-Curtis,DK,Syddanmark,18-29,2022-05-01,1,Individual,Full
6167,Lorraine Taylor,DK,Hovedstaden,60-74,2024-03-28,7,Individual,Full
6168,Roy Harding,NO,Trøndelag,45-59,2022-09-09,2,Individual,Full
6169,Gary Harrison-Brown,NO,Trøndelag,45-59,2022-08-29,1,Individual,Full
6170,Leslie Green,FI,Varsinais-Suomi,30-44,2024-12-14,2,Individual,Email only
6171,Francis Cooke,NO,Trøndelag,60-74,2024-12-29,5,Individual,Full
6172,James Ford,FI,Varsinais-Suomi,18-29,2025-03-22,1,Individual,Full
6173,Mr Marcus White,SE,Västra Götaland,45-59,2023-07-03,1,Individual,Post only
6174,Mr Danny Saunders,SE,Västra Götaland,45-59,2023-05-16,1,Individual,Full
6175,Graeme Chadwick,FI,Varsinais-Suomi,30-44,2023-02-26,1,Individual,Email only
6176,Beth Ashton,NO,Trøndelag,30-44,2025-06-22,2,Individual,Email only
6177,Eileen Holland,SE,Uppsala,45-59,2022-03-15,4,Individual,Full
6178,Bruce Singh,SE,Skåne,75+,2025-12-24,1,Individual,Full
6179,Conor Williams,SE,Västra Götaland,45-59,2022-01-03,1,Individual,Full
6180,Mary Stephens,SE,Uppsala,30-44,2024-07-03,2,Individual,Email only
6181,Mrs Amelia Connolly,FI,Pirkanmaa,30-44,2025-10-18,2,Individual,Email only
6182,Joseph Smith,NO,Oslo,30-44,2022-12-26,1,Individual,Full
6183,Maurice Allen,FI,Pirkanmaa,60-74,2024-03-23,2,Individual,Full
6184,Lynn Robinson,FI,Pohjois-Pohjanmaa,30-44,2024-04-01,1,Individual,Full
6185,Gerald Read,FI,Uusimaa,45-59,2022-04-29,2,Individual,Full
6186,Kate Parsons,FI,Pirkanmaa,45-59,2024-06-19,4,Individual,Full
6187,Jodie Rees,FI,Pohjois-Pohjanmaa,18-29,2024-12-29,1,Individual,Full
6188,Mr Trevor Lee,FI,Uusimaa,18-29,2024-09-19,1,Individual,Full
6189,George Ellis,FI,Varsinais-Suomi,18-29,2022-09-24,1,Individual,Post only
6190,Ms Stacey Allen,FI,Pirkanmaa,45-59,2024-06-21,5,Corporate,Full
6191,Ian Ellis,,Uppsala,30-44,2022-09-12,1,Individual,Email only
6192,Gillian Brown,NO,Trøndelag,30-44,2025-02-11,1,Corporate,Full
6193,Ms Melissa Walters,FI,Varsinais-Suomi,30-44,2025-10-28,3,Individual,Full
6194,Mr Gerard Turner,NO,Rogaland,60-74,2023-09-11,1,Individual,Post only
6195,Dr Lewis Walker,NO,Rogaland,18-29,2022-03-30,4,Individual,Full
6196,Julian Brown,FI,Varsinais-Suomi,45-59,2023-08-11,1,Individual,Full
6197,Jason Hughes,FI,Pohjois-Pohjanmaa,30-44,2024-12-12,1,Individual,Full
6198,Mohammad Hawkins,,Pohjois-Pohjanmaa,30-44,2024-12-07,1,Individual,Full
6199,Leslie Miles,FI,Pirkanmaa,45-59,2025-11-19,4,Individual,Full
6200,Glenn Cook,FI,Pirkanmaa,45-59,2022-10-24,1,Individual,Full
6201,Beth Sanders,SE,Uppsala,30-44,2024-10-10,1,Individual,Full
6202,Sian Williams,DK,Sjælland,60-74,2023-06-13,2,Individual,Full
6203,Katy Warren-Hussain,DK,Sjælland,30-44,2023-02-08,2,Individual,Post only
6204,Glen Owens,SE,Västra Götaland,18-29,2023-05-27,2,Individual,Full
6205,Ross Bailey,FI,Uusimaa,30-44,2023-02-22,2,Individual,Full
6206,Lee Hanson,SE,Stockholm,60-74,2023-08-02,5,Individual,Full
6207,Kyle Williams,NO,Oslo,60-74,2025-12-16,1,Individual,Email only
6208,Ms Alison Parker,SE,Skåne,30-44,2023-06-25,2,Individual,Full
6209,Gail Clarke-Morris,FI,Pirkanmaa,45-59,2022-12-07,1,Individual,Full
6210,Russell Bevan-Porter,FI,Pohjois-Pohjanmaa,30-44,2023-11-14,1,Individual,Full
6211,Glen Brown,SE,Västra Götaland,45-59,2023-04-06,4,Individual,Full
6212,Darren Chapman-Morgan,SE,Uppsala,30-44,2025-09-09,2,Individual,Full
6213,Alex Richardson,FI,Uusimaa,30-44,2025-04-28,1,Individual,Email only
6214,Connor Welch,FI,Pohjois-Pohjanmaa,30-44,2022-06-15,6,Corporate,Full
6215,Ms Grace Thompson,SE,Uppsala,45-59,2022-12-29,2,Individual,Full
6216,Maria Bartlett,NO,Trøndelag,60-74,2023-01-24,7,Individual,Email only
6217,Dr Natasha Yates,FI,Pirkanmaa,60-74,2024-08-31,2,Individual,Full
6218,Mohammed Freeman,NO,Rogaland,60-74,2022-11-07,5,Individual,Full
6219,Marc Campbell,NO,Vestland,18-29,2024-11-24,1,Individual,Full
6220,Donna Murphy,FI,Pohjois-Pohjanmaa,45-59,2025-01-19,1,Individual,Full
6221,Fiona Cartwright,FI,Pohjois-Pohjanmaa,60-74,2023-10-10,2,Individual,Full
6222,Mr Vincent Martin,NO,Vestland,45-59,2025-09-15,1,Individual,Full
6223,Gail Pritchard,SE,Västra Götaland,30-44,2024-08-20,1,Individual,Full
6224,Mr Daniel McKenzie,FI,Uusimaa,45-59,2023-09-11,2,Individual,Email only
6225,Dr Arthur Scott,FI,Pohjois-Pohjanmaa,18-29,2022-12-21,1,Individual,Post only
6226,Brenda Bibi-Smith,FI,Pirkanmaa,75+,2025-07-24,3,Individual,Full
6227,Mr Bernard Payne,SE,Skåne,75+,2023-12-07,2,Individual,Full
6228,Maureen Davis-Hobbs,NO,Rogaland,45-59,2023-01-04,1,Individual,Full
6229,Sophie Bennett-Thompson,SE,Skåne,30-44,2024-12-04,2,Individual,Full
6230,Dr Martin O'Brien,FI,Pohjois-Pohjanmaa,75+,2022-05-07,1,Individual,Full
6231,Ricky Richardson,SE,Västra Götaland,45-59,2024-06-19,3,Individual,Email only
6232,Hannah Baxter,FI,Pohjois-Pohjanmaa,30-44,2022-12-30,4,Individual,Full
6233,Eleanor Hooper,FI,Pirkanmaa,30-44,2025-05-05,4,Individual,Email only
6234,Rita Hammond,FI,Uusimaa,45-59,2022-07-07,1,Individual,Full
6235,Jeffrey Bailey,FI,Uusimaa,75+,2024-06-01,2,Individual,Full
6236,Dr Louise Fisher,NO,Vestland,60-74,2023-07-01,1,Individual,Full
6237,Dr Donald Wilson,FI,Pohjois-Pohjanmaa,60-74,2024-11-14,2,Individual,Full
6238,Julia Hill-Grant,SE,Stockholm,60-74,2023-11-04,4,Individual,Full
6239,Ms Laura Richardson,SE,Uppsala,18-29,2023-12-16,1,Trust,Full
6240,Barbara Blackburn,NO,Trøndelag,18-29,2022-05-28,2,Individual,Email only
6241,Gary Barrett,SE,Uppsala,75+,2023-12-29,1,Individual,Email only
6242,Mr Bruce Stokes,FI,Pohjois-Pohjanmaa,45-59,2022-08-25,6,Individual,Post only
6243,Mr Mark Ellis,SE,Uppsala,45-59,2025-09-13,2,Individual,Full
6244,Helen Dixon,NO,Vestland,30-44,2023-12-29,4,Individual,Full
6245,Simon Bailey,FI,Varsinais-Suomi,60-74,2025-02-06,3,Individual,Email only
6246,Christine Newton,FI,Pohjois-Pohjanmaa,30-44,2025-12-07,2,Individual,Full
6247,Dr Bernard Smith,SE,Stockholm,75+,2025-12-20,2,Individual,Full
6248,Mr Roger Jones,FI,Varsinais-Suomi,45-59,2022-04-30,3,Individual,Full
6249,Mr Allan Simpson,FI,Pirkanmaa,30-44,2025-09-15,1,Individual,Full
6250,Mohammad Smith,FI,Uusimaa,60-74,2023-12-28,3,Individual,Full
6251,Alice Richards,SE,Västra Götaland,18-29,2025-09-23,2,Individual,Full
6252,Elliott Wood,SE,Skåne,45-59,2024-05-04,3,Individual,Full
6253,Timothy Henderson,NO,Oslo,30-44,2024-11-10,1,Corporate,Full
6254,Dr Garry Andrews,FI,Pirkanmaa,75+,2024-06-28,1,Individual,Full
6255,Mrs Diane Middleton,NO,Vestland,30-44,2024-12-18,1,Individual,Email only
6256,Kathryn Cole-Townsend,FI,Pohjois-Pohjanmaa,75+,2024-01-21,2,Individual,Full
6257,Mathew Dawson,,Pohjois-Pohjanmaa,45-59,2025-05-26,3,Individual,Post only
6258,Graham Sykes,FI,Pirkanmaa,45-59,2025-12-08,4,Individual,Full
6259,Mr Dennis Turner,NO,Vestland,45-59,2024-10-11,1,Individual,Full
6260,Jacqueline Perry,FI,Pohjois-Pohjanmaa,18-29,2025-01-04,1,Individual,Post only
6261,Francis Robinson-Holden,FI,Varsinais-Suomi,18-29,2025-10-19,3,Individual,Email only
6262,Brenda Walsh,NO,Rogaland,60-74,2023-05-21,1,Individual,Full
6263,Graham Roberts,FI,Uusimaa,45-59,2023-10-24,1,Individual,Email only
6264,Dr Clifford Mitchell,FI,Varsinais-Suomi,30-44,2023-09-17,2,Individual,Full
6265,Fiona Wilkinson,FI,Varsinais-Suomi,45-59,2025-03-21,4,Individual,Email only
6266,Mathew Bartlett-Evans,FI,Pohjois-Pohjanmaa,75+,2023-12-05,6,Individual,Email only
6267,Mark Robinson,SE,Uppsala,60-74,2023-12-12,1,Individual,Email only
6268,Miss Jenna Harvey,FI,Uusimaa,45-59,2023-12-14,1,Individual,Email only
6269,Amelia Baker-Grant,SE,Stockholm,75+,2025-08-31,1,Individual,Full
6270,Joseph Wells,NO,Rogaland,45-59,2022-12-22,4,Individual,Email only
6271,Diane Harvey,SE,Uppsala,60-74,2024-11-11,3,Individual,Full
6272,Antony Baxter-Stokes,SE,Uppsala,30-44,2024-08-08,6,Individual,Email only
6273,Liam Richardson,SE,Skåne,60-74,2022-03-20,1,Individual,Full
6274,Jamie Austin,SE,Stockholm,45-59,2022-01-03,5,Individual,Post only
6275,Gavin Moore,SE,Västra Götaland,30-44,2024-11-29,1,Individual,Full
6276,Ms Harriet Smith,FI,Pohjois-Pohjanmaa,30-44,2025-12-23,1,Individual,Full
6277,Glenn James,SE,Uppsala,45-59,2025-03-07,2,Corporate,Email only
6278,Terry Dean,FI,Pohjois-Pohjanmaa,60-74,2023-07-26,2,Individual,Full
6279,Jill Lane-Cooper,FI,Uusimaa,45-59,2025-07-09,1,Individual,Full
6280,Dr Heather James,FI,Pirkanmaa,60-74,2023-09-15,6,Individual,Full
6281,Paula Johnson,NO,Vestland,75+,2023-12-09,6,Individual,Full
6282,Eric Payne-Bryant,SE,Uppsala,75+,2024-07-22,5,Individual,Full
6283,Amy Bell,FI,Uusimaa,45-59,2022-12-20,1,Individual,Post only
6284,Abdul Richards,FI,Pohjois-Pohjanmaa,30-44,2024-04-15,1,Individual,Full
6285,Declan Fox,FI,Pirkanmaa,60-74,2022-08-14,4,Individual,Full
6286,Charlene Taylor,NO,Trøndelag,45-59,2022-02-10,1,Individual,Full
6287,Kimberley Wood,SE,Skåne,60-74,2024-10-24,2,Individual,Full
6288,Leigh Berry,FI,Uusimaa,45-59,2024-09-02,1,Individual,Full
6289,Alexander Chandler,FI,Uusimaa,60-74,2024-03-09,1,Individual,Full
6290,Dr Rosie Hopkins,FI,Varsinais-Suomi,75+,2024-12-13,1,Trust,Full
6291,Joseph Dennis,FI,Varsinais-Suomi,18-29,2023-12-19,6,Individual,Full
6292,Melanie Cook,SE,Stockholm,45-59,2023-11-08,1,Individual,Email only
6293,Sophie Jarvis-Hobbs,NO,Oslo,30-44,2023-02-25,1,Individual,Full
6294,Paul Bennett-Bennett,SE,Uppsala,18-29,2024-12-04,2,Individual,Full
6295,Rachel Storey,NO,Oslo,30-44,2023-12-12,2,Individual,Full
6296,Tony Murphy,NO,Oslo,45-59,2023-05-26,4,Individual,Full
6297,Henry Page,DK,Syddanmark,30-44,2022-04-19,5,Individual,Full
6298,Ashley Jackson,FI,Uusimaa,45-59,2022-02-15,1,Individual,Full
6299,Miss Margaret Vaughan,SE,Uppsala,60-74,2023-12-24,4,Individual,Full
6300,Josephine Hughes,SE,Stockholm,45-59,2023-11-06,5,Individual,Full
6301,Olivia Barber,FI,Varsinais-Suomi,45-59,2023-05-29,4,Individual,Full
6302,Lee Lewis,SE,Stockholm,45-59,2025-12-28,3,Corporate,Full
6303,Ms Kimberley Smith,DK,Midtjylland,60-74,2022-12-11,4,Individual,Full
6304,Mr Oliver Simpson,NO,Trøndelag,60-74,2022-07-14,1,Individual,Full
6305,Annette Barker,NO,Oslo,30-44,2023-04-29,4,Individual,Full
6306,Ashley Rees,SE,Uppsala,45-59,2022-07-03,1,Individual,Full
6307,Brett Vaughan,DK,Hovedstaden,30-44,2023-09-22,4,Individual,Email only
6308,Pauline Harris,NO,Trøndelag,60-74,2022-12-06,2,Trust,Full
6309,Dr Donna Woods,FI,Pirkanmaa,60-74,2024-12-03,2,Individual,Full
6310,Mrs Lorraine Burgess,FI,Uusimaa,18-29,2023-12-22,1,Individual,Email only
6311,Mr Eric Khan,DK,Midtjylland,45-59,2025-06-30,2,Individual,Post only
6312,Mrs Natasha Carter,SE,Skåne,60-74,2024-10-09,2,Individual,Full
6313,Tom Hughes,SE,Västra Götaland,60-74,2024-08-28,1,Individual,Email only
6314,Miss Chloe Davies,FI,Uusimaa,60-74,2023-03-30,4,Individual,Full
6315,Jodie Butcher,FI,Pirkanmaa,60-74,2022-06-29,3,Individual,Full
6316,Terence Ellis,SE,Stockholm,60-74,2025-12-23,2,Individual,Full
6317,Mrs Abigail Turner,NO,Rogaland,30-44,2024-12-24,1,Individual,Full
6318,Alan Davies,FI,Pirkanmaa,18-29,2023-10-29,1,Individual,Full
6319,Mrs Julia Taylor,FI,Pirkanmaa,45-59,2022-04-18,2,Individual,Full
6320,Beth Evans,SE,Uppsala,75+,2024-04-10,4,Individual,Full
6321,Denis McCarthy,FI,Uusimaa,75+,2023-04-01,1,Individual,Full
6322,Janice Williams,FI,Pohjois-Pohjanmaa,75+,2025-07-21,1,Individual,Full
6323,Ruth Harper,SE,Uppsala,30-44,2025-10-21,3,Individual,Full
6324,Carolyn Griffiths,FI,Uusimaa,30-44,2025-10-25,4,Corporate,Full
6325,Jennifer Taylor,FI,Uusimaa,45-59,2024-12-21,2,Individual,Full
6326,Mr Joel Porter,NO,Oslo,45-59,2025-10-27,5,Individual,Full
6327,Charles Carter-Harris,NO,Trøndelag,45-59,2023-09-17,6,Individual,Full
6328,Molly Grant,FI,Pohjois-Pohjanmaa,18-29,2025-04-09,1,Individual,Full
6329,Mr Glen Weston,DK,Syddanmark,60-74,2022-05-11,1,Individual,Full
6330,Ruth Brown,NO,Vestland,45-59,2024-12-21,1,Individual,Full
6331,Miss Rachel Schofield,FI,Varsinais-Suomi,60-74,2025-04-21,6,Individual,Post only
6332,Jane Foster,DK,Midtjylland,60-74,2023-12-14,1,Corporate,Full
6333,Hilary Lambert,FI,Pohjois-Pohjanmaa,45-59,2025-04-17,1,Individual,Full
6334,Michael Bell-Walters,FI,Varsinais-Suomi,45-59,2024-02-28,5,Individual,Full
6335,Justin Gilbert,SE,Västra Götaland,18-29,2024-05-29,4,Corporate,Full
6336,Stanley Fraser,NO,Vestland,45-59,2025-05-29,1,Individual,Full
6337,Mohamed Clarke,,Syddanmark,60-74,2022-12-27,1,Individual,Full
6338,Andrew Farmer,FI,Uusimaa,45-59,2022-10-08,1,Individual,Full
6339,Terry Cooper,NO,Trøndelag,75+,2023-03-30,1,Individual,Full
6340,Dr James Bruce,SE,Uppsala,60-74,2022-12-10,5,Individual,Full
6341,Joanna Shaw,FI,Varsinais-Suomi,75+,2022-03-03,3,Individual,Full
6342,Mr Robin Roberts,NO,Vestland,60-74,2023-12-27,3,Individual,Full
6343,Cheryl Green,SE,Västra Götaland,45-59,2025-05-23,1,Individual,Full
6344,Mr Iain Morgan,FI,Varsinais-Suomi,30-44,2025-03-21,1,Individual,Full
6345,Dr Mathew Thomas,FI,Pohjois-Pohjanmaa,30-44,2025-11-19,1,Individual,Full
6346,Michael Fowler-McKenzie,DK,Syddanmark,45-59,2025-12-15,1,Individual,Full
6347,Yvonne Jarvis-Martin,SE,Västra Götaland,18-29,2023-07-22,1,Trust,Full
6348,Donald Davies,SE,Stockholm,18-29,2023-12-18,2,Individual,Full
6349,Cheryl Kaur,FI,Varsinais-Suomi,18-29,2024-12-06,1,Individual,Full
6350,Angela Smith,FI,Uusimaa,30-44,2024-05-16,2,Individual,Full
6351,Catherine Lee-Holt,NO,Rogaland,45-59,2024-11-22,2,Individual,Full
6352,Christian Peters,NO,Oslo,30-44,2022-06-21,1,Individual,Email only
6353,Kenneth Waters,DK,Syddanmark,30-44,2022-07-14,4,Individual,Full
6354,Gillian Middleton,FI,Uusimaa,45-59,2023-03-12,2,Individual,Full
6355,Reece Doherty-Shah,FI,Pohjois-Pohjanmaa,45-59,2023-09-20,3,Individual,Full
6356,Bryan Baker,FI,Pirkanmaa,45-59,2022-05-02,1,Individual,Full
6357,Lynda Sharpe,SE,Skåne,45-59,2022-10-19,1,Individual,Email only
6358,Daniel Walters,SE,Uppsala,60-74,2025-11-25,3,Individual,Full
6359,Kieran Murphy,FI,Pirkanmaa,60-74,2025-12-13,5,Individual,Email only
6360,Martyn Payne,SE,Uppsala,60-74,2023-12-20,1,Individual,Full
6361,Dr Tom Evans,FI,Pirkanmaa,30-44,2025-09-24,3,Individual,Full
6362,Dr Jasmine Reid,SE,Skåne,18-29,2025-10-31,2,Individual,Full
6363,Lynda Fowler-Winter,NO,Rogaland,30-44,2024-12-15,4,Individual,Full
6364,Dr Chloe Hardy,FI,Uusimaa,60-74,2025-12-16,1,Individual,Full
6365,Dr Sam Lloyd,SE,Uppsala,45-59,2022-10-12,3,Individual,Email only
6366,Mr Dean Moore,FI,Varsinais-Suomi,60-74,2022-05-26,6,Trust,Full
6367,Dr Damien Donnelly,DK,Hovedstaden,30-44,2024-12-16,4,Individual,Full
6368,Keith Davis,FI,Pohjois-Pohjanmaa,60-74,2023-12-27,1,Individual,Email only
6369,Marie Barrett-Watson,SE,Västra Götaland,45-59,2022-05-27,2,Corporate,Full
6370,Robert Thomas,DK,Syddanmark,30-44,2023-04-04,3,Individual,Full
6371,Alexander Mitchell,DK,Hovedstaden,18-29,2025-06-19,5,Individual,Full
6372,Dr Frank Smith,NO,Oslo,30-44,2024-05-17,6,Individual,Full
6373,Naomi Finch,SE,Skåne,60-74,2022-07-16,1,Individual,Full
6374,Dr Jean Ali,SE,Uppsala,18-29,2025-12-24,1,Individual,Email only
6375,Dr Shane Farrell,SE,Västra Götaland,30-44,2024-08-07,1,Trust,Full
6376,Diana Baxter,NO,Rogaland,45-59,2025-01-08,2,Individual,Full
6377,Paula Smith,DK,Hovedstaden,18-29,2023-12-05,5,Individual,Full
6378,Vincent Hall,SE,Skåne,45-59,2023-12-26,1,Individual,Full
6379,Laura Wilson,SE,Västra Götaland,45-59,2024-11-20,1,Individual,Email only
6380,Frederick Haynes,FI,Pirkanmaa,30-44,2025-03-13,6,Individual,Post only
6381,Ms Jayne Owen,FI,Pohjois-Pohjanmaa,30-44,2025-05-02,1,Individual,Full
6382,Jean Macdonald,FI,Varsinais-Suomi,45-59,2023-12-10,4,Corporate,Post only
6383,Steven Dawson,SE,Skåne,18-29,2022-06-27,1,Individual,Email only
6384,Mr Bryan Smith,NO,Trøndelag,30-44,2023-08-25,2,Corporate,Full
6385,Elizabeth Sykes-White,FI,Pohjois-Pohjanmaa,60-74,2025-12-01,2,Individual,Full
6386,Dr Kyle Cooper,NO,Rogaland,75+,2024-12-07,3,Individual,Full
6387,Denis Thompson,SE,Uppsala,45-59,2025-05-18,1,Individual,Email only
6388,Keith Norris,FI,Uusimaa,45-59,2025-10-31,2,Individual,Full
6389,Shirley Chapman,FI,Pohjois-Pohjanmaa,45-59,2025-01-10,2,Individual,Full
6390,Patrick Pollard,FI,Pohjois-Pohjanmaa,60-74,2025-12-25,4,Individual,Full
6391,Marian Stevens,SE,Skåne,45-59,2025-06-04,5,Individual,Full
6392,Matthew Williams,DK,Midtjylland,45-59,2022-09-28,3,Individual,Full
6393,Naomi Middleton,NO,Oslo,18-29,2025-12-09,3,Individual,Full
6394,Oliver Spencer-Barry,NO,Oslo,18-29,2025-08-16,5,Individual,Full
6395,Justin Reynolds,SE,Skåne,18-29,2022-02-15,1,Individual,Full
6396,Frank Bird,FI,Varsinais-Suomi,30-44,2025-01-14,2,Individual,Full
6397,Kevin Roberts-Harris,FI,Pohjois-Pohjanmaa,30-44,2022-03-13,2,Individual,Full
6398,Paige Ali,NO,Rogaland,45-59,2022-01-09,4,Individual,Full
6399,Iain Buckley,FI,Pohjois-Pohjanmaa,45-59,2025-05-25,1,Individual,Full
6400,Charlie White,NO,Rogaland,60-74,2022-12-28,1,Individual,Post only
6401,Gillian Fry,SE,Västra Götaland,30-44,2023-08-07,1,Individual,Full
6402,Jeffrey Lee,FI,Pohjois-Pohjanmaa,60-74,2024-10-19,2,Individual,Email only
6403,Donna Moore,SE,Västra Götaland,60-74,2025-08-10,4,Individual,Full
6404,Abigail Howard-Sutton,SE,Skåne,30-44,2022-12-01,1,Individual,Full
6405,Suzanne Gray,SE,Stockholm,30-44,2025-11-13,1,Individual,Post only
6406,Donald Swift,NO,Vestland,30-44,2022-12-07,5,Individual,Email only
6407,Carl Bennett,NO,Oslo,60-74,2025-11-03,1,Individual,Full
6408,Phillip Gould,SE,Västra Götaland,75+,2025-08-01,2,Corporate,Full
6409,Bethan Robinson,NO,Rogaland,60-74,2024-04-29,2,Individual,Email only
6410,Clare Hobbs-Mistry,FI,Uusimaa,18-29,2024-03-20,2,Individual,Full
6411,Victor Morgan,FI,Varsinais-Suomi,45-59,2025-12-29,2,Individual,Email only
6412,Malcolm Cox,FI,Pirkanmaa,30-44,2025-05-08,1,Individual,Full
6413,Graham Noble,FI,Pirkanmaa,60-74,2023-01-12,4,Individual,Email only
6414,Ms Jasmine Stevenson,SE,Stockholm,30-44,2025-12-30,4,Individual,Post only
6415,Derek Tomlinson,SE,Stockholm,60-74,2025-12-03,3,Individual,Full
6416,Joel McLean,FI,Uusimaa,60-74,2022-11-22,2,Individual,Full
6417,Eric Smith,FI,Pohjois-Pohjanmaa,45-59,2022-04-06,5,Individual,Email only
6418,Phillip Hodgson,FI,Pirkanmaa,45-59,2024-01-11,2,Individual,Full
6419,Miss Beverley Stephens,SE,Skåne,45-59,2023-09-22,2,Individual,Full
6420,Lindsey Kelly-Davidson,FI,Pohjois-Pohjanmaa,45-59,2024-12-13,3,Individual,Full
6421,Maria Jarvis,FI,Varsinais-Suomi,30-44,2023-08-21,4,Individual,Full
6422,Ms Barbara Parsons,SE,Västra Götaland,30-44,2025-12-23,1,Individual,Full
6423,Francesca Pearce-Young,FI,Pirkanmaa,18-29,2023-07-16,3,Individual,Full
6424,Susan Kennedy,FI,Uusimaa,45-59,2022-08-11,1,Individual,Email only
6425,Scott Williams,SE,Uppsala,30-44,2022-12-15,1,Corporate,Email only
6426,Dr Iain Murphy,FI,Pohjois-Pohjanmaa,45-59,2023-08-21,1,Individual,Post only
6427,Scott Simmons,DK,Midtjylland,60-74,2025-10-28,5,Individual,Full
6428,Yvonne Brady,SE,Skåne,75+,2024-02-08,1,Individual,Full
6429,Jenna Simmons,NO,Oslo,60-74,2022-02-25,3,Individual,Full
6430,Leonard Cunningham-Allen,DK,Sjælland,60-74,2024-06-06,1,Individual,Full
6431,Hazel Parkinson,DK,Midtjylland,60-74,2024-04-26,4,Individual,Full
6432,Mrs Carol Murray,SE,Skåne,30-44,2024-09-23,1,Individual,Email only
6433,Martin Newton,SE,Skåne,30-44,2025-05-22,6,Individual,Full
6434,Ms Sandra Murphy,SE,Skåne,30-44,2025-04-26,2,Individual,Full
6435,Neil Jones,FI,Uusimaa,45-59,2022-06-01,2,Individual,Email only
6436,Miss Marion Gibbs,DK,Syddanmark,30-44,2022-12-16,6,Individual,Full
6437,Charlie Williams,NO,Trøndelag,30-44,2023-12-05,1,Individual,Email only
6438,Reece Thomas,FI,Pirkanmaa,45-59,2023-11-22,2,Individual,Full
6439,Caroline Wood-Patel,SE,Västra Götaland,45-59,2022-11-12,1,Individual,Full
6440,Jordan Coleman-Baker,NO,Trøndelag,45-59,2025-06-30,1,Individual,Post only
6441,Pamela Marshall,FI,Pirkanmaa,30-44,2022-12-19,2,Individual,Full
6442,Dr Jenna Davison,FI,Uusimaa,18-29,2022-09-05,2,Individual,Full
6443,Mr Mohammed Holland,DK,Hovedstaden,30-44,2024-08-17,3,Individual,Full
6444,Mrs Hilary King,FI,Pirkanmaa,60-74,2024-12-26,2,Corporate,Full
6445,Carol Chapman,NO,Vestland,45-59,2022-06-29,2,Individual,Full
6446,Ms Jenna Lee,NO,Oslo,75+,2025-09-01,1,Individual,Post only
6447,Kevin Harrison,SE,Stockholm,75+,2024-12-03,1,Individual,Full
6448,Ms Clare Wood,SE,Uppsala,75+,2024-12-01,2,Individual,Full
6449,Kelly Brown,NO,Oslo,45-59,2025-08-12,4,Individual,Email only
6450,Rosemary Noble,FI,Pohjois-Pohjanmaa,45-59,2022-02-14,5,Individual,Full
6451,Charles Smith,FI,Uusimaa,18-29,2025-06-17,1,Individual,Email only
6452,Emily Hall,FI,Varsinais-Suomi,45-59,2024-06-24,4,Individual,Email only
6453,Patricia Cox,FI,Uusimaa,60-74,2024-11-16,2,Individual,Full
6454,Martyn Brown-Taylor,SE,Uppsala,60-74,2023-11-22,2,Individual,Full
6455,Mr Adrian Wallis,FI,Pirkanmaa,18-29,2023-10-13,2,Individual,Full
6456,Dr Derek Burton,DK,Midtjylland,30-44,2024-10-26,3,Individual,Full
6457,Terry Hicks,NO,Vestland,30-44,2024-09-25,1,Individual,Email only
6458,Dr Roy Daniels,DK,Syddanmark,60-74,2023-09-26,1,Individual,Email only
6459,Leslie Wood-Kay,NO,Rogaland,75+,2022-10-19,2,Individual,Email only
6460,Mr Conor Brown,FI,Pohjois-Pohjanmaa,60-74,2025-11-05,2,Individual,Email only
6461,Kathryn Young,DK,Hovedstaden,18-29,2023-04-02,1,Individual,Email only
6462,Mr Martin Adams,,Oslo,30-44,2023-10-04,2,Individual,Email only
6463,Gerald Hall,FI,Uusimaa,60-74,2025-10-11,2,Individual,Full
6464,Kim Birch,DK,Sjælland,45-59,2022-10-21,5,Corporate,Full
6465,Dr Stanley Preston,FI,Pohjois-Pohjanmaa,75+,2022-12-30,1,Individual,Email only
6466,Eileen Davey,FI,Varsinais-Suomi,45-59,2022-11-28,5,Individual,Email only
6467,Mr Gareth Mason,,Västra Götaland,18-29,2022-12-16,2,Individual,Post only
6468,Marie Kemp,SE,Stockholm,30-44,2024-10-07,2,Individual,Full
6469,Mr Dennis Davies,FI,Uusimaa,18-29,2022-11-16,1,Individual,Full
6470,Dr Lawrence Taylor,SE,Uppsala,75+,2022-11-29,4,Individual,Post only
6471,Mr Keith McDonald,SE,Stockholm,60-74,2024-12-27,1,Individual,Full
6472,Wendy Jones-Williamson,DK,Syddanmark,30-44,2022-06-21,1,Individual,Email only
6473,Mark Brown,SE,Skåne,30-44,2023-12-03,1,Individual,Full
6474,Dr Jay Bentley,NO,Vestland,45-59,2023-04-03,2,Individual,Full
6475,Hollie Wright,SE,Uppsala,18-29,2023-12-06,2,Individual,Email only
6476,Gavin Page,FI,Varsinais-Suomi,18-29,2022-12-11,2,Individual,Full
6477,Christine Walker,SE,Uppsala,30-44,2023-12-17,2,Individual,Full
6478,Mary Morris,SE,Västra Götaland,30-44,2023-11-12,1,Individual,Email only
6479,Kieran Finch,SE,Västra Götaland,45-59,2022-02-27,6,Trust,Full
6480,Miss Helen Hutchinson,FI,Varsinais-Suomi,45-59,2024-04-01,2,Individual,Full
6481,Kieran Holmes-Francis,FI,Pirkanmaa,18-29,2022-12-30,3,Individual,Full
6482,Naomi Scott,DK,Syddanmark,18-29,2022-10-27,5,Individual,Email only
6483,Tracy Parker,DK,Syddanmark,75+,2025-01-29,3,Individual,Email only
6484,Allan Richards-O'Brien,SE,Västra Götaland,18-29,2023-10-11,1,Individual,Full
6485,Dr Gary Bond,FI,Varsinais-Suomi,18-29,2025-03-01,6,Individual,Full
6486,Rita Taylor,NO,Rogaland,45-59,2022-10-14,4,Individual,Full
6487,Dr Emily Griffiths,NO,Trøndelag,30-44,2024-12-24,2,Individual,Full
6488,Gail Morris-Clarke,FI,Pohjois-Pohjanmaa,60-74,2022-12-20,1,Individual,Full
6489,Miss Ann Bray,FI,Pohjois-Pohjanmaa,18-29,2024-11-06,3,Individual,Email only
6490,Jonathan Gardiner,FI,Varsinais-Suomi,60-74,2022-08-06,2,Individual,Post only
6491,Dr Vincent Burton,FI,Pohjois-Pohjanmaa,30-44,2025-12-08,1,Individual,Full
6492,John Pearce,DK,Syddanmark,18-29,2023-12-08,1,Individual,Full
6493,Janet Thompson-Berry,FI,Pirkanmaa,75+,2022-06-08,4,Individual,Full
6494,Paige Hilton,DK,Syddanmark,45-59,2023-05-03,1,Individual,Email only
6495,Dr Albert Walker,FI,Varsinais-Suomi,75+,2025-02-08,2,Individual,Email only
6496,Samantha James,NO,Trøndelag,45-59,2022-12-04,4,Individual,Post only
6497,Gerard Davies-Anderson,FI,Varsinais-Suomi,60-74,2022-09-23,2,Individual,Full
6498,Mrs Alexandra Martin,FI,Varsinais-Suomi,30-44,2025-10-03,2,Individual,Full
6499,Dr Maurice Page,FI,Pirkanmaa,18-29,2024-04-21,2,Individual,Full
6500,Gordon Gould,FI,Varsinais-Suomi,30-44,2022-06-22,2,Individual,Email only
6501,Dr Ross Powell,FI,Uusimaa,18-29,2022-05-31,1,Individual,Email only
6502,Jason Clark,DK,Hovedstaden,75+,2023-12-09,2,Individual,Full
6503,Emma Lord,FI,Uusimaa,45-59,2024-12-24,3,Individual,Email only
6504,Mr Ashley Anderson,FI,Pohjois-Pohjanmaa,45-59,2025-03-17,2,Individual,Email only
6505,Francis Campbell-Hardy,FI,Varsinais-Suomi,45-59,2024-12-24,1,Individual,Full
6506,Mrs Rosemary North,FI,Varsinais-Suomi,60-74,2022-09-06,1,Individual,Post only
6507,Ms Kim Singh,FI,Uusimaa,75+,2022-10-10,1,Individual,Full
6508,Barbara Wood,FI,Varsinais-Suomi,60-74,2024-08-20,2,Individual,Full
6509,Owen Hanson,FI,Pohjois-Pohjanmaa,45-59,2025-02-05,5,Individual,Full
6510,Charlotte Sheppard-Smith,SE,Stockholm,60-74,2023-07-12,1,Individual,Full
6511,Miss Vanessa Foster,FI,Pirkanmaa,60-74,2025-12-21,4,Individual,Full
6512,Diana Spencer,FI,Varsinais-Suomi,45-59,2022-12-24,6,Individual,Full
6513,Dr Yvonne Smith,SE,Skåne,30-44,2022-10-15,1,Individual,Full
6514,Ms Helen King,SE,Uppsala,45-59,2024-06-07,5,Individual,Full
6515,Phillip Howells,FI,Uusimaa,45-59,2022-04-21,2,Trust,Full
6516,Ruth Mistry,NO,Rogaland,30-44,2024-05-18,1,Individual,Post only
6517,Dr Caroline Perry,FI,Pirkanmaa,18-29,2023-03-11,3,Individual,Full
6518,Amanda Brown,FI,Pohjois-Pohjanmaa,60-74,2024-10-05,1,Individual,Email only
6519,Roy Watts,,Uusimaa,18-29,2023-10-28,6,Individual,Full
6520,Cheryl Riley,NO,Oslo,75+,2024-11-18,3,Individual,Email only
6521,Ms Donna Cooper,SE,Västra Götaland,60-74,2025-12-09,1,Individual,Full
6522,Martyn Freeman-Brooks,SE,Uppsala,60-74,2025-08-01,3,Individual,Post only
6523,Jamie Patel-Jones,FI,Varsinais-Suomi,18-29,2024-02-07,5,Individual,Full
6524,Helen Wright,NO,Trøndelag,75+,2022-07-21,1,Individual,Full
6525,Francis Morris,FI,Pohjois-Pohjanmaa,45-59,2024-04-02,3,Individual,Full
6526,Mr Howard Hall,SE,Skåne,60-74,2023-09-19,3,Individual,Full
6527,Josephine Benson-Gray,FI,Uusimaa,30-44,2025-08-28,2,Individual,Full
6528,Dr Rachel Curtis,SE,Västra Götaland,60-74,2023-07-03,1,Individual,Email only
6529,Catherine Brookes-Read,FI,Uusimaa,60-74,2024-02-10,1,Individual,Full
6530,Marian Gill,FI,Uusimaa,18-29,2024-05-10,1,Individual,Full
6531,Caroline Kirby-Bennett,SE,Stockholm,45-59,2022-08-05,3,Individual,Post only
6532,Lawrence Evans,FI,Pirkanmaa,18-29,2025-01-27,6,Individual,Email only
6533,Philip Johnston,DK,Sjælland,18-29,2022-07-25,1,Individual,Full
6534,Heather Hopkins,FI,Uusimaa,45-59,2022-10-10,1,Trust,Full
6535,Jacqueline Burgess-Moore,SE,Västra Götaland,30-44,2022-08-25,5,Individual,Email only
6536,June Barlow,FI,Pohjois-Pohjanmaa,45-59,2022-12-21,2,Trust,Full
6537,Deborah Dixon,SE,Stockholm,45-59,2024-06-03,1,Individual,Post only
6538,Andrew Davies,NO,Rogaland,30-44,2024-05-03,2,Individual,Full
6539,Wayne Jones,FI,Pirkanmaa,30-44,2024-03-16,1,Individual,Full
6540,Mr Darren Harding,FI,Pohjois-Pohjanmaa,45-59,2025-07-23,1,Individual,Full
6541,Kirsty Baker-Fraser,SE,Skåne,18-29,2022-03-14,2,Individual,Full
6542,Dr Catherine Turner,NO,Trøndelag,45-59,2024-04-29,1,Individual,Email only
6543,Chelsea Roberts-Johnson,FI,Pohjois-Pohjanmaa,30-44,2025-10-03,2,Individual,Email only
6544,Dr Norman Bailey,DK,Syddanmark,60-74,2023-12-24,3,Individual,Email only
6545,Miss Annette Evans,SE,Skåne,18-29,2025-11-16,1,Individual,Post only
6546,Charles Smith-O'Sullivan,FI,Pohjois-Pohjanmaa,30-44,2025-06-20,4,Individual,Full
6547,Henry Singh,NO,Oslo,60-74,2023-09-19,2,Individual,Post only
6548,Heather Dodd-Robinson,DK,Syddanmark,60-74,2022-08-17,4,Individual,Full
6549,Dr Emma James,SE,Uppsala,60-74,2022-06-19,1,Individual,Full
6550,Rebecca Wright,SE,Västra Götaland,18-29,2022-05-12,2,Individual,Full
6551,Zoe Sullivan,FI,Varsinais-Suomi,60-74,2025-08-17,1,Individual,Full
6552,Denise Gibbons,SE,Stockholm,60-74,2023-09-24,2,Individual,Email only
6553,Ashleigh Shaw,NO,Oslo,75+,2022-06-23,5,Individual,Full
6554,Rhys Briggs,SE,Uppsala,75+,2024-12-18,1,Individual,Full
6555,Christian Akhtar,FI,Pohjois-Pohjanmaa,18-29,2023-11-12,6,Individual,Full
6556,Mrs Amelia Marshall,FI,Varsinais-Suomi,75+,2022-12-26,2,Individual,Full
6557,Bruce Smith,SE,Uppsala,75+,2024-10-12,3,Individual,Full
6558,Tracy Robinson,NO,Rogaland,60-74,2025-03-20,4,Individual,Full
6559,Stanley Lynch-Hayward,NO,Vestland,45-59,2024-10-02,1,Individual,Full
6560,Sara Power-Bibi,,Västra Götaland,60-74,2022-12-08,5,Individual,Email only
6561,Ashleigh Clark,FI,Pohjois-Pohjanmaa,30-44,2024-12-05,3,Individual,Full
6562,Iain Hurst-Dobson,FI,Uusimaa,30-44,2025-09-11,3,Individual,Post only
6563,Dr Margaret Bentley,FI,Uusimaa,60-74,2022-12-13,5,Individual,Full
6564,Katherine Townsend-Morris,FI,Uusimaa,60-74,2023-10-20,3,Individual,Full
6565,Antony Ahmed,DK,Sjælland,75+,2025-12-24,4,Individual,Full
6566,Catherine Bell,SE,Västra Götaland,30-44,2023-11-08,1,Individual,Full
6567,Mr Allan Hudson,SE,Uppsala,60-74,2025-10-05,1,Individual,Post only
6568,Jack Long,NO,Trøndelag,45-59,2025-10-18,4,Individual,Full
6569,Elliot Owen,NO,Rogaland,60-74,2023-04-26,1,Individual,Email only
6570,Abbie Hayward,SE,Västra Götaland,75+,2023-12-17,2,Individual,Post only
6571,Allan Patel,DK,Sjælland,45-59,2024-10-04,2,Individual,Full
6572,Miss Lynn Vaughan,NO,Vestland,45-59,2024-01-27,2,Individual,Full
6573,Shane Booth,FI,Pirkanmaa,30-44,2025-04-22,1,Individual,Full
6574,Karl King,FI,Pirkanmaa,75+,2024-08-09,1,Individual,Full
6575,Dr Rita West,FI,Uusimaa,45-59,2024-06-08,1,Individual,Full
6576,Danielle Robinson,SE,Skåne,60-74,2025-12-21,4,Individual,Full
6577,Gordon Thompson,FI,Pohjois-Pohjanmaa,30-44,2024-12-01,1,Individual,Email only
6578,Natalie Porter,SE,Skåne,30-44,2024-12-07,6,Individual,Full
6579,Mr Leslie Bradley,FI,Uusimaa,18-29,2024-05-11,5,Individual,Full
6580,Dr Julia Walsh,FI,Varsinais-Suomi,75+,2023-08-19,4,Individual,Full
6581,Keith Woods,FI,Pirkanmaa,45-59,2025-03-02,1,Individual,Full
6582,Lisa Wyatt,FI,Pohjois-Pohjanmaa,45-59,2025-02-23,1,Individual,Email only
6583,Ann Evans,DK,Hovedstaden,45-59,2025-12-10,2,Individual,Full
6584,Barbara Morgan-Butcher,SE,Stockholm,75+,2023-04-21,2,Individual,Full
6585,Cameron Newton-Gilbert,SE,Stockholm,45-59,2024-12-01,1,Individual,Email only
6586,Ms Charlotte Hunter,FI,Pirkanmaa,60-74,2025-12-17,1,Individual,Email only
6587,Ms Gillian Evans,FI,Pohjois-Pohjanmaa,18-29,2024-12-17,1,Individual,Email only
6588,Abbie Mason,SE,Stockholm,45-59,2025-10-23,1,Individual,Post only
6589,Annette Harris-Gregory,DK,Syddanmark,30-44,2022-05-02,7,Individual,Full
6590,Eleanor Owen,SE,Stockholm,18-29,2024-07-15,5,Individual,Full
6591,Tina Bartlett,FI,Uusimaa,30-44,2022-07-11,2,Individual,Full
6592,Anne Barton,FI,Pirkanmaa,60-74,2022-12-30,1,Individual,Full
6593,Eleanor Doyle,FI,Pirkanmaa,30-44,2023-04-21,5,Individual,Full
6594,Lynn Hawkins,SE,Västra Götaland,60-74,2024-02-25,1,Individual,Full
6595,Danny Lawson-Hunter,DK,Midtjylland,30-44,2024-02-14,1,Individual,Full
6596,Henry Jones,FI,Pirkanmaa,45-59,2025-04-23,2,Individual,Full
6597,Hayley Young,DK,Sjælland,45-59,2025-12-08,1,Individual,Post only
6598,Barbara Page,SE,Stockholm,30-44,2022-05-19,2,Individual,Full
6599,Clifford Dawson,FI,Pohjois-Pohjanmaa,45-59,2022-12-29,2,Individual,Email only
6600,Mohammed Johnson-Howell,NO,Trøndelag,60-74,2024-10-04,3,Individual,Email only
6601,Valerie Woods,FI,Uusimaa,45-59,2023-05-30,4,Individual,Email only
6602,Charlotte Jones,DK,Midtjylland,30-44,2022-02-21,1,Individual,Full
6603,Kathleen Hughes,SE,Stockholm,18-29,2025-09-06,2,Individual,Post only
6604,Allan Parker,NO,Trøndelag,18-29,2025-12-02,4,Individual,Post only
6605,Gemma Wong,SE,Uppsala,30-44,2023-02-17,1,Individual,Full
6606,Mr Julian Wright,SE,Skåne,60-74,2024-09-29,3,Individual,Full
6607,Dr Graeme Norman,SE,Stockholm,60-74,2022-07-03,1,Corporate,Full
6608,Ms Olivia Taylor,DK,Syddanmark,30-44,2023-12-13,1,Individual,Full
6609,Nathan Payne-Ellis,NO,Trøndelag,45-59,2022-01-19,1,Individual,Full
6610,Dr Sara Williams,NO,Vestland,30-44,2025-05-30,4,Individual,Full
6611,Marc Clarke,FI,Pohjois-Pohjanmaa,18-29,2022-09-17,2,Individual,Full
6612,Irene Miller,SE,Västra Götaland,60-74,2022-11-25,2,Individual,Full
6613,Miss Maria Dickinson,FI,Pohjois-Pohjanmaa,45-59,2022-12-13,2,Individual,Full
6614,Mohamed Davies,FI,Pohjois-Pohjanmaa,30-44,2023-01-23,2,Individual,Full
6615,Ian Hope,SE,Uppsala,45-59,2025-05-02,1,Individual,Full
6616,Ms Carole Richards,FI,Pohjois-Pohjanmaa,45-59,2024-01-17,3,Individual,Full
6617,Dr Susan Whitehead,FI,Varsinais-Suomi,45-59,2025-05-17,1,Corporate,Full
6618,Carole Booth-Saunders,FI,Pohjois-Pohjanmaa,30-44,2025-04-25,2,Individual,Full
6619,Denis Nash,FI,Pirkanmaa,45-59,2024-08-08,3,Individual,Full
6620,Jason Winter,NO,Oslo,60-74,2023-01-19,1,Individual,Full
6621,Mr Conor Ward,FI,Pohjois-Pohjanmaa,75+,2024-11-02,5,Individual,Full
6622,Miss Caroline Bray,NO,Trøndelag,30-44,2022-05-17,1,Individual,Full
6623,Mrs Jasmine Wall,,Sjælland,60-74,2024-06-09,6,Individual,Full
6624,Denise Sanders-Walker,FI,Pohjois-Pohjanmaa,18-29,2025-03-17,1,Individual,Full
6625,Karen Wright-Davies,NO,Trøndelag,18-29,2023-11-10,1,Individual,Full
6626,Jayne Gardner,NO,Vestland,30-44,2022-08-16,4,Individual,Full
6627,Lee Turner,NO,Rogaland,30-44,2023-12-01,3,Individual,Full
6628,Mohamed Cooke,NO,Oslo,30-44,2022-09-06,1,Individual,Email only
6629,Jodie Smith,SE,Skåne,45-59,2023-12-09,7,Individual,Full
6630,Dr Charles Chambers,NO,Trøndelag,30-44,2023-10-10,4,Individual,Email only
6631,Mr Duncan Blake,NO,Oslo,45-59,2024-02-09,1,Corporate,Full
6632,Amy Jones,NO,Trøndelag,45-59,2025-12-28,7,Individual,Email only
6633,Jay Bartlett-Thompson,FI,Pohjois-Pohjanmaa,60-74,2025-06-28,1,Individual,Full
6634,Henry Bennett,SE,Uppsala,30-44,2023-12-14,4,Individual,Full
6635,Susan North,FI,Uusimaa,60-74,2024-09-21,2,Individual,Full
6636,Aimee Brady-Davis,NO,Oslo,30-44,2022-08-27,2,Trust,Full
6637,Dale Kemp,NO,Rogaland,30-44,2025-07-08,1,Individual,Full
6638,Sarah Barnes,FI,Uusimaa,30-44,2023-03-23,2,Individual,Full
6639,Bradley Hunt,SE,Västra Götaland,18-29,2024-03-19,4,Individual,Post only
6640,Dr Kieran Day,FI,Pirkanmaa,45-59,2024-02-05,1,Individual,Email only
6641,Mr Raymond Ward,SE,Uppsala,18-29,2023-04-14,2,Corporate,Email only
6642,Mr George Sharp,NO,Vestland,18-29,2023-02-07,4,Individual,Email only
6643,Geraldine Middleton-Mason,SE,Stockholm,60-74,2023-02-20,2,Individual,Post only
6644,Kimberley Parker,FI,Varsinais-Suomi,45-59,2024-10-09,2,Individual,Post only
6645,Sam Miah,SE,Skåne,45-59,2024-12-14,5,Individual,Full
6646,Mrs Lesley Stone,DK,Syddanmark,60-74,2024-06-07,1,Individual,Full
6647,Ellie Walsh-Gardner,SE,Uppsala,30-44,2023-06-26,1,Individual,Post only
6648,Dominic Price,FI,Uusimaa,60-74,2022-02-24,1,Individual,Full
6649,Jean Bell,SE,Stockholm,18-29,2022-04-17,4,Individual,Email only
6650,Adrian Pearce-Saunders,,Stockholm,45-59,2024-12-06,1,Individual,Email only
6651,Mr Hugh O'Brien,FI,Pohjois-Pohjanmaa,45-59,2022-03-31,5,Individual,Full
6652,Christopher Hart,SE,Västra Götaland,30-44,2024-12-04,2,Individual,Email only
6653,Grace Smith,SE,Uppsala,30-44,2022-06-01,1,Individual,Email only
6654,Joanne Hooper,NO,Rogaland,18-29,2023-01-11,1,Individual,Post only
6655,Ruth Carr-Brown,FI,Pohjois-Pohjanmaa,30-44,2022-10-05,3,Corporate,Full
6656,Mr Andrew Bennett,DK,Midtjylland,18-29,2023-12-14,2,Individual,Full
6657,Glenn Morris-Robertson,NO,Vestland,18-29,2024-10-22,6,Individual,Full
6658,Elliott Holland,FI,Pohjois-Pohjanmaa,30-44,2023-06-26,3,Individual,Full
6659,Michelle Smith,SE,Västra Götaland,45-59,2022-02-22,6,Individual,Full
6660,Aaron Singh,FI,Varsinais-Suomi,60-74,2025-11-10,5,Individual,Full
6661,Michael Williams,SE,Uppsala,45-59,2025-04-18,4,Corporate,Email only
6662,Natasha Wall,NO,Trøndelag,30-44,2025-08-08,1,Individual,Full
6663,Mr Maurice Manning,SE,Stockholm,18-29,2024-05-20,1,Individual,Post only
6664,Mr Arthur Thomas,FI,Varsinais-Suomi,18-29,2022-04-20,4,Individual,Email only
6665,Barbara Mann,SE,Västra Götaland,30-44,2024-05-07,4,Individual,Full
6666,Ms Hannah Lewis,FI,Varsinais-Suomi,75+,2022-11-03,1,Individual,Email only
6667,Lynn Begum,DK,Midtjylland,75+,2025-12-25,3,Individual,Full
6668,June McCarthy,FI,Varsinais-Suomi,60-74,2024-08-04,1,Individual,Full
6669,Mr Damian Ali,NO,Trøndelag,45-59,2022-12-29,3,Individual,Full
6670,Samantha Ashton,DK,Midtjylland,45-59,2024-12-30,1,Individual,Post only
6671,Hollie Manning,,Rogaland,45-59,2022-12-26,4,Individual,Email only
6672,Susan Taylor,FI,Uusimaa,60-74,2023-09-23,6,Individual,Full
6673,Stacey Perry,SE,Västra Götaland,60-74,2023-10-05,1,Individual,Email only
6674,Natasha Wilson,FI,Varsinais-Suomi,30-44,2023-12-02,2,Individual,Email only
6675,Mr Toby Green,NO,Oslo,75+,2023-12-29,1,Individual,Email only
6676,Dr Philip Robinson,FI,Varsinais-Suomi,60-74,2024-12-07,1,Individual,Full
6677,Rita Martin,FI,Pohjois-Pohjanmaa,30-44,2024-09-05,7,Individual,Email only
6678,Jake Wilson,SE,Skåne,30-44,2024-02-22,2,Individual,Full
6679,Josh Brown,NO,Vestland,30-44,2023-12-14,4,Individual,Full
6680,William Martin,FI,Pirkanmaa,45-59,2022-09-22,3,Individual,Email only
6681,Dennis Coleman,SE,Skåne,18-29,2025-03-12,2,Individual,Full
6682,Christine Cole,FI,Uusimaa,45-59,2023-01-14,1,Individual,Full
6683,Miss Amanda Wood,FI,Pohjois-Pohjanmaa,45-59,2025-02-04,1,Individual,Email only
6684,Dawn Jones,SE,Skåne,45-59,2025-02-03,2,Individual,Full
6685,Miss Beth Bailey,SE,Skåne,60-74,2022-12-12,4,Corporate,Email only
6686,Phillip Ferguson,SE,Västra Götaland,45-59,2022-12-19,1,Individual,Full
6687,Miss Deborah Gallagher,SE,Skåne,18-29,2023-03-02,4,Individual,Full
6688,Alex Burgess-Griffiths,FI,Uusimaa,30-44,2024-07-01,3,Individual,Post only
6689,Stanley Marsh,FI,Varsinais-Suomi,18-29,2023-12-22,1,Individual,Email only
6690,Miss Beverley Carr,DK,Syddanmark,75+,2024-12-05,2,Individual,Email only
6691,Dr Ann Ferguson,SE,Västra Götaland,30-44,2025-02-18,1,Individual,Full
6692,Bernard Wood,SE,Västra Götaland,18-29,2023-12-06,1,Individual,Email only
6693,Joanna Powell,FI,Uusimaa,60-74,2022-09-03,4,Individual,Email only
6694,Dr Anna Pritchard,FI,Pirkanmaa,45-59,2022-12-29,3,Individual,Full
6695,Tony Phillips,FI,Pirkanmaa,45-59,2024-12-14,5,Individual,Email only
6696,William Hooper,SE,Skåne,30-44,2025-07-28,1,Individual,Post only
6697,Kenneth Booth,NO,Vestland,30-44,2023-01-19,1,Individual,Full
6698,Ms Teresa Smith,SE,Stockholm,75+,2023-12-31,5,Individual,Full
6699,Dr Dorothy Yates,DK,Hovedstaden,30-44,2023-12-05,1,Individual,Full
6700,Jeffrey Watkins,SE,Uppsala,60-74,2022-12-10,3,Individual,Full
6701,Julie Nicholson,SE,Västra Götaland,45-59,2023-05-16,1,Individual,Full
6702,Terry Gibson,SE,Uppsala,75+,2025-12-17,1,Individual,Full
6703,Dr Dean Edwards,NO,Trøndelag,75+,2023-04-13,2,Individual,Email only
6704,Ian Wallace,FI,Pohjois-Pohjanmaa,45-59,2024-03-05,1,Individual,Email only
6705,Melissa Morris,FI,Pohjois-Pohjanmaa,30-44,2025-12-26,2,Corporate,Email only
6706,Lorraine Bradley,,Syddanmark,60-74,2023-08-22,1,Individual,Full
6707,Joseph Evans,,Pohjois-Pohjanmaa,18-29,2023-01-19,1,Individual,Full
6708,Pamela Glover,DK,Sjælland,60-74,2023-04-03,5,Individual,Email only
6709,Sheila Martin-Smith,FI,Pohjois-Pohjanmaa,30-44,2024-11-12,2,Individual,Email only
6710,Marcus Stevens,,Pirkanmaa,45-59,2024-03-15,4,Individual,Full
6711,Bethany Pugh,DK,Sjælland,60-74,2023-03-17,1,Individual,Full
6712,Shane Moore,FI,Varsinais-Suomi,75+,2022-08-11,5,Individual,Full
6713,Beth Wyatt,DK,Hovedstaden,30-44,2022-09-28,1,Individual,Full
6714,Mr Vincent Ellis,NO,Vestland,75+,2024-12-19,1,Individual,Full
6715,Hannah Chadwick,FI,Uusimaa,60-74,2024-03-27,5,Individual,Full
6716,Owen Williams-Fletcher,FI,Uusimaa,60-74,2024-12-08,3,Individual,Full
6717,Judith Bradshaw,SE,Skåne,18-29,2024-07-30,5,Individual,Email only
6718,Carole Sutton,SE,Stockholm,60-74,2023-02-10,2,Individual,Full
6719,Mr Thomas Gordon,SE,Västra Götaland,45-59,2023-06-29,3,Individual,Full
6720,Lydia Nelson,NO,Rogaland,60-74,2025-12-18,2,Individual,Post only
6721,Miss Amanda Gibbs,DK,Hovedstaden,45-59,2023-11-28,1,Individual,Full
6722,Jacqueline Hussain,NO,Rogaland,30-44,2025-09-24,5,Individual,Email only
6723,Sian Kelly,SE,Västra Götaland,18-29,2023-09-26,2,Individual,Full
6724,Molly Simpson,NO,Rogaland,45-59,2023-12-01,6,Individual,Full
6725,Mr Gerald Jones,SE,Uppsala,30-44,2022-07-11,4,Individual,Full
6726,Joanne Simpson-Robinson,DK,Midtjylland,60-74,2022-05-24,4,Individual,Full
6727,Elliott Hunter-Bruce,NO,Oslo,45-59,2024-12-07,1,Individual,Full
6728,Callum Knight,SE,Uppsala,30-44,2023-02-04,1,Individual,Email only
6729,Nicholas Williams,SE,Stockholm,60-74,2024-12-16,1,Individual,Post only
6730,Matthew Holmes-Coleman,SE,Västra Götaland,18-29,2025-09-30,1,Individual,Full
6731,Brett Wright,FI,Varsinais-Suomi,45-59,2022-12-23,2,Corporate,Full
6732,Dr Megan Bennett,FI,Uusimaa,60-74,2025-07-06,2,Individual,Email only
6733,Mr Callum Burton,FI,Pohjois-Pohjanmaa,45-59,2025-03-24,6,Individual,Full
6734,Lawrence Bennett,FI,Pohjois-Pohjanmaa,45-59,2025-12-30,1,Individual,Full
6735,Mr Christopher Townsend,FI,Varsinais-Suomi,60-74,2022-08-12,1,Individual,Full
6736,Miss June Wells,FI,Uusimaa,45-59,2022-11-27,1,Individual,Full
6737,Christine Oliver,DK,Hovedstaden,30-44,2023-12-20,5,Individual,Email only
6738,Henry Matthews,SE,Skåne,30-44,2023-02-17,2,Individual,Full
6739,Marc Scott,FI,Pirkanmaa,75+,2025-09-06,2,Individual,Full
6740,Martin Gilbert-Roberts,NO,Rogaland,60-74,2025-05-22,4,Individual,Full
6741,Dr Patrick Gray,NO,Oslo,60-74,2025-05-16,1,Individual,Full
6742,Catherine Morris,FI,Varsinais-Suomi,45-59,2022-02-23,3,Individual,Full
6743,Dorothy Nelson-Harris,FI,Uusimaa,18-29,2025-11-10,1,Individual,Email only
6744,Francesca Taylor-Mahmood,NO,Oslo,45-59,2023-12-03,4,Individual,Full
6745,Max Mills,DK,Hovedstaden,60-74,2022-02-19,2,Individual,Full
6746,Miss Samantha Dixon,FI,Pirkanmaa,30-44,2025-12-07,2,Individual,Full
6747,Miss Chelsea Thomas,SE,Uppsala,30-44,2023-09-27,1,Corporate,Full
6748,Kim Godfrey,SE,Västra Götaland,60-74,2022-11-08,1,Individual,Full
6749,Marian Shaw,,Stockholm,60-74,2022-06-12,2,Individual,Post only
6750,Jayne Phillips,FI,Pirkanmaa,75+,2022-06-03,2,Individual,Full
6751,Ms Victoria Hicks,NO,Rogaland,60-74,2025-12-19,4,Individual,Full
6752,Suzanne Davies,NO,Vestland,45-59,2024-12-14,1,Individual,Full
6753,Miss Lynne Griffiths,FI,Uusimaa,60-74,2025-03-03,6,Individual,Full
6754,Jacqueline Winter,SE,Uppsala,30-44,2022-12-30,2,Individual,Post only
6755,Connor Lambert,SE,Stockholm,60-74,2024-09-10,1,Individual,Full
6756,Mr Max James,DK,Midtjylland,45-59,2022-12-17,1,Individual,Full
6757,Christine Carroll,SE,Stockholm,45-59,2024-09-22,1,Individual,Email only
6758,Dr Joshua Edwards,NO,Oslo,45-59,2023-12-21,2,Individual,Email only
6759,Mrs Vanessa Lloyd,FI,Varsinais-Suomi,18-29,2022-03-10,1,Individual,Email only
6760,Victoria Porter,FI,Varsinais-Suomi,60-74,2025-04-19,1,Individual,Full
6761,Jade Knowles,FI,Uusimaa,60-74,2024-12-27,2,Individual,Email only
6762,Mr Adrian Kennedy,FI,Varsinais-Suomi,45-59,2024-10-12,1,Individual,Full
6763,Samantha Singh,FI,Uusimaa,30-44,2023-09-23,4,Individual,Full
6764,Connor Anderson,DK,Sjælland,18-29,2023-12-22,1,Individual,Full
6765,Jonathan Curtis-Robinson,FI,Varsinais-Suomi,30-44,2025-01-01,1,Individual,Full
6766,Trevor Byrne,FI,Uusimaa,45-59,2025-08-20,1,Individual,Full
6767,Dr Charlene White,FI,Pirkanmaa,45-59,2022-04-08,1,Individual,Full
6768,Louise Webster-Booth,FI,Pirkanmaa,18-29,2023-03-13,5,Individual,Full
6769,Denis Hunt,FI,Uusimaa,30-44,2025-10-01,2,Individual,Email only
6770,Elliot Brady-Chapman,FI,Pohjois-Pohjanmaa,60-74,2023-11-18,6,Individual,Post only
6771,Brett Woodward,SE,Västra Götaland,60-74,2022-12-01,1,Individual,Full
6772,Marc Perry,FI,Pirkanmaa,30-44,2024-11-04,2,Individual,Full
6773,Dr Mohamed Fraser,SE,Uppsala,45-59,2025-04-01,4,Individual,Full
6774,Mr Iain Curtis,NO,Rogaland,60-74,2025-07-26,2,Individual,Full
6775,Mr Garry Jordan,DK,Sjælland,60-74,2024-04-17,3,Individual,Full
6776,Mrs Heather Bevan,NO,Vestland,75+,2022-05-08,2,Individual,Full
6777,Jade Hayes,FI,Uusimaa,45-59,2022-04-06,2,Individual,Full
6778,Ms Natalie Davidson,SE,Stockholm,30-44,2024-11-11,1,Individual,Full
6779,Carole Higgins,FI,Pirkanmaa,60-74,2024-01-24,1,Individual,Full
6780,Glenn Davies,FI,Pohjois-Pohjanmaa,30-44,2024-01-11,2,Individual,Full
6781,Emily Johnston,DK,Hovedstaden,45-59,2022-12-31,2,Individual,Email only
6782,Mohammed Coates-Morris,NO,Trøndelag,60-74,2022-12-14,1,Individual,Full
6783,Melanie Thompson,SE,Uppsala,75+,2023-09-09,4,Individual,Full
6784,Mrs Kimberley Robinson,NO,Vestland,45-59,2023-11-01,4,Individual,Full
6785,Ms Charlotte Lloyd,SE,Skåne,60-74,2022-08-31,4,Individual,Email only
6786,Mitchell Pearce,,Hovedstaden,30-44,2022-08-06,3,Individual,Full
6787,Leslie Tyler,SE,Stockholm,30-44,2022-10-22,1,Individual,Full
6788,Marion Phillips,FI,Pohjois-Pohjanmaa,18-29,2025-12-27,4,Individual,Full
6789,Leah Wilson,SE,Västra Götaland,45-59,2025-09-19,1,Individual,Full
6790,Bruce Hicks-Watts,NO,Oslo,45-59,2022-06-04,1,Individual,Full
6791,Hugh Smith-Evans,SE,Västra Götaland,75+,2023-07-29,2,Individual,Full
6792,Miss Molly Shaw,NO,Oslo,45-59,2024-10-23,5,Individual,Full
6793,Mr Kyle Brown,NO,Vestland,75+,2022-11-05,2,Individual,Full
6794,Shane Winter,FI,Pirkanmaa,18-29,2022-12-25,4,Individual,Full
6795,Miss Bethany Hart,FI,Uusimaa,18-29,2022-04-23,4,Individual,Full
6796,Ms Tracy Harris,SE,Västra Götaland,45-59,2025-08-07,1,Individual,Full
6797,Tina Williams,SE,Stockholm,60-74,2025-04-28,1,Individual,Full
6798,Mrs Suzanne Wright,SE,Uppsala,45-59,2025-04-26,2,Individual,Full
6799,Russell Moran,DK,Hovedstaden,75+,2023-09-25,1,Individual,Post only
6800,Dylan Preston,FI,Pirkanmaa,18-29,2024-12-29,3,Individual,Full
6801,Mr Simon Ellis,FI,Varsinais-Suomi,60-74,2023-01-15,6,Individual,Full
6802,Dr Anne Morgan,NO,Vestland,45-59,2023-09-03,2,Individual,Full
6803,Jennifer Johnson,SE,Stockholm,45-59,2024-11-29,4,Individual,Full
6804,Neil Kelly,NO,Oslo,30-44,2022-10-10,6,Individual,Full
6805,Valerie Owen,FI,Pirkanmaa,60-74,2024-08-29,5,Individual,Email only
6806,Ms Sian Bell,DK,Syddanmark,45-59,2024-11-08,1,Individual,Email only
6807,Dr Susan Jones,DK,Midtjylland,30-44,2022-08-03,4,Individual,Post only
6808,Dorothy Watson,DK,Syddanmark,30-44,2023-01-31,1,Individual,Post only
6809,Jasmine Stevens,FI,Varsinais-Suomi,30-44,2024-12-18,4,Individual,Email only
6810,Dawn Robinson,SE,Stockholm,75+,2023-05-27,3,Individual,Full
6811,Megan Foster-Bishop,DK,Sjælland,45-59,2022-04-04,6,Individual,Full
6812,Eric Watts,NO,Oslo,30-44,2022-12-10,3,Individual,Full
6813,Margaret Williams,FI,Pohjois-Pohjanmaa,45-59,2024-12-20,2,Individual,Post only
6814,Gemma Roberts,SE,Stockholm,60-74,2023-12-13,2,Individual,Post only
6815,Lydia Burton,SE,Skåne,75+,2023-09-27,1,Individual,Email only
6816,Dr Frederick Robinson,SE,Stockholm,45-59,2025-03-16,3,Individual,Full
6817,Ms Caroline Thompson,NO,Rogaland,18-29,2025-11-27,6,Individual,Post only
6818,Ms Eileen Carter,NO,Trøndelag,30-44,2022-12-31,4,Individual,Full
6819,Dr Joe Fuller,SE,Stockholm,75+,2024-11-16,1,Corporate,Email only
6820,Ms Anne Williamson,FI,Pohjois-Pohjanmaa,45-59,2024-08-24,1,Individual,Post only
6821,Gareth Morris,,Trøndelag,18-29,2022-08-25,1,Individual,Full
6822,Rachel Hobbs-Franklin,FI,Pirkanmaa,60-74,2022-04-27,1,Individual,Full
6823,Maureen Newman,FI,Uusimaa,60-74,2025-07-30,1,Individual,Full
6824,Jean Willis,SE,Skåne,30-44,2022-03-05,1,Individual,Full
6825,Dr Christian Murray,FI,Uusimaa,75+,2023-12-24,4,Individual,Full
6826,Sophie Smith,FI,Varsinais-Suomi,45-59,2025-05-06,5,Individual,Full
6827,Chloe Alexander,SE,Stockholm,18-29,2025-12-21,4,Individual,Full
6828,Leslie Hyde-Rowe,NO,Vestland,60-74,2024-06-28,2,Individual,Post only
6829,Barry Turner,SE,Västra Götaland,45-59,2022-12-09,2,Individual,Full
6830,Scott Lewis,DK,Sjælland,60-74,2022-01-06,5,Individual,Full
6831,Brett Brown,SE,Västra Götaland,30-44,2023-04-14,4,Individual,Full
6832,Victor Burke,NO,Trøndelag,30-44,2025-09-25,2,Individual,Full
6833,Dr Darren Johnson,SE,Skåne,30-44,2025-08-03,5,Individual,Full
6834,Dr Allan Smith,NO,Rogaland,18-29,2022-03-07,2,Individual,Full
6835,Gerard Pratt-Clarke,FI,Varsinais-Suomi,75+,2025-05-08,1,Individual,Email only
6836,Ronald Davis-Henderson,SE,Uppsala,30-44,2022-12-01,5,Individual,Full
6837,Miss Bethan Harrison,FI,Pohjois-Pohjanmaa,30-44,2022-10-07,1,Individual,Full
6838,Kerry Lewis,FI,Uusimaa,30-44,2022-12-09,3,Individual,Full
6839,Dr Elizabeth Ball,SE,Skåne,45-59,2022-06-27,2,Individual,Full
6840,Miss Sian Gallagher,FI,Varsinais-Suomi,45-59,2025-08-25,5,Individual,Full
6841,Colin Hale,DK,Hovedstaden,60-74,2022-12-13,3,Individual,Post only
6842,Miss Molly Clements,FI,Pirkanmaa,75+,2023-03-21,4,Individual,Full
6843,Ms Alexandra Evans,SE,Skåne,45-59,2024-12-29,4,Individual,Full
6844,Dr Samuel Reeves,FI,Uusimaa,30-44,2025-12-01,4,Individual,Full
6845,Ms Lauren Berry,SE,Stockholm,30-44,2025-12-13,3,Individual,Full
6846,Paul Williams,SE,Skåne,30-44,2024-07-27,5,Individual,Full
6847,Danielle Ahmed,SE,Västra Götaland,75+,2025-04-29,1,Individual,Full
6848,Michelle Evans,SE,Uppsala,30-44,2024-11-18,2,Individual,Full
6849,Dr Jake Allen,FI,Pohjois-Pohjanmaa,30-44,2022-12-06,7,Individual,Post only
6850,Stuart White,FI,Pirkanmaa,45-59,2023-02-13,1,Individual,Full
6851,Brandon Murray,SE,Stockholm,30-44,2023-08-30,1,Individual,Full
6852,Olivia Shaw,SE,Stockholm,18-29,2025-07-10,1,Individual,Full
6853,Declan Murray,FI,Varsinais-Suomi,45-59,2025-04-17,4,Individual,Full
6854,Miss Amelia Morgan,FI,Pirkanmaa,30-44,2023-11-15,2,Individual,Full
6855,Sara Greenwood-Berry,SE,Västra Götaland,30-44,2022-12-06,1,Individual,Full
6856,Mr Roger Smith,NO,Oslo,75+,2022-10-31,1,Individual,Post only
6857,Catherine Watkins,FI,Pirkanmaa,60-74,2022-06-04,1,Individual,Post only
6858,Kimberley Smith,SE,Uppsala,60-74,2023-12-22,1,Individual,Full
6859,Sophie Faulkner,FI,Pohjois-Pohjanmaa,75+,2023-12-20,2,Individual,Full
6860,June Hall,FI,Uusimaa,30-44,2023-03-16,1,Individual,Full
6861,Natasha Thompson-Clayton,NO,Vestland,75+,2022-06-23,2,Individual,Full
6862,Bernard Pollard,SE,Uppsala,30-44,2025-08-10,4,Individual,Post only
6863,Kelly Palmer,SE,Skåne,30-44,2024-09-28,1,Individual,Email only
6864,Emily Hill,SE,Uppsala,45-59,2022-12-27,5,Individual,Full
6865,Raymond Cooper,FI,Varsinais-Suomi,60-74,2023-11-22,4,Individual,Post only
6866,Dr Mitchell Chandler,FI,Varsinais-Suomi,30-44,2023-12-17,4,Individual,Email only
6867,Ms Natalie Naylor,FI,Varsinais-Suomi,45-59,2024-11-24,5,Individual,Full
6868,Sara Robinson,FI,Varsinais-Suomi,30-44,2022-04-04,1,Individual,Full
6869,Beverley Mitchell,SE,Stockholm,45-59,2025-12-24,1,Individual,Full
6870,Carolyn Birch,NO,Rogaland,30-44,2025-12-21,1,Individual,Email only
6871,Dean Robinson,SE,Uppsala,45-59,2022-01-01,1,Individual,Full
6872,Hayley Warren,DK,Hovedstaden,75+,2024-06-11,4,Individual,Email only
6873,Garry Bennett,SE,Stockholm,45-59,2023-12-01,1,Individual,Full
6874,Rosie Smith,FI,Uusimaa,18-29,2023-11-30,2,Individual,Full
6875,Ms Nicole Poole,DK,Midtjylland,60-74,2025-04-01,5,Individual,Full
6876,Ashley Patel-Fisher,SE,Stockholm,60-74,2024-11-11,1,Individual,Post only
6877,Ms Pamela Clarke,FI,Pohjois-Pohjanmaa,45-59,2024-03-18,1,Individual,Post only
6878,Terence Reed,SE,Stockholm,60-74,2024-12-04,2,Individual,Post only
6879,Claire Phillips,SE,Stockholm,45-59,2025-08-02,1,Individual,Full
6880,Ross Green,FI,Uusimaa,75+,2025-12-03,1,Individual,Full
6881,Robin Elliott,FI,Pohjois-Pohjanmaa,60-74,2025-01-22,3,Individual,Full
6882,Ian Fuller,,Pohjois-Pohjanmaa,30-44,2024-03-30,1,Individual,Email only
6883,Glenn Thomas,FI,Pohjois-Pohjanmaa,45-59,2024-02-02,3,Individual,Full
6884,Mr Jacob Jones,FI,Uusimaa,60-74,2022-01-22,1,Individual,Full
6885,Arthur Bradshaw,SE,Uppsala,45-59,2023-02-18,1,Individual,Full
6886,Dr Martyn Johnson,FI,Pirkanmaa,75+,2024-11-05,5,Individual,Full
6887,Ben Parsons,FI,Pohjois-Pohjanmaa,30-44,2023-04-02,1,Individual,Email only
6888,Natalie Miller,NO,Rogaland,30-44,2023-12-01,4,Individual,Full
6889,Amy Green,FI,Pohjois-Pohjanmaa,45-59,2024-12-09,1,Individual,Email only
6890,Frederick Harrison,SE,Skåne,60-74,2024-06-30,6,Individual,Full
6891,Lynda Jackson,SE,Uppsala,60-74,2023-10-26,3,Individual,Full
6892,Molly Butler,FI,Pohjois-Pohjanmaa,30-44,2024-05-14,2,Individual,Full
6893,Mrs Shannon Smith,FI,Pohjois-Pohjanmaa,30-44,2022-12-28,1,Individual,Full
6894,Wendy Bradley,FI,Pirkanmaa,60-74,2022-10-13,1,Individual,Full
6895,Patricia Lee,NO,Vestland,45-59,2024-10-10,7,Individual,Email only
6896,Georgina Morris,SE,Uppsala,18-29,2025-05-08,4,Individual,Email only
6897,Dr Marcus Knight,FI,Pirkanmaa,30-44,2024-10-21,1,Individual,Full
6898,Ronald Marshall-Bowen,FI,Uusimaa,18-29,2025-05-26,3,Individual,Full
6899,Abbie James,FI,Pohjois-Pohjanmaa,60-74,2023-04-03,1,Individual,Full
6900,Dorothy Conway,FI,Varsinais-Suomi,45-59,2023-03-03,3,Individual,Full
6901,Patricia Howard,SE,Uppsala,30-44,2022-11-08,1,Individual,Post only
6902,Frances Murray-Carr,SE,Uppsala,18-29,2023-10-31,2,Corporate,Post only
6903,Terry Coates,SE,Västra Götaland,60-74,2024-03-02,6,Individual,Full
6904,Mr Bradley Bradley,SE,Västra Götaland,30-44,2024-12-14,1,Individual,Email only
6905,Josephine Smith,NO,Trøndelag,30-44,2024-03-06,2,Corporate,Full
6906,Leslie Rees,SE,Västra Götaland,75+,2023-07-08,3,Individual,Full
6907,Luke Hurst,SE,Skåne,18-29,2024-01-05,1,Individual,Post only
6908,Mr Kenneth Peacock,NO,Rogaland,30-44,2024-12-15,3,Individual,Full
6909,Dr Gerald Morrison,NO,Rogaland,45-59,2023-06-19,2,Individual,Email only
6910,Tony Reid,SE,Skåne,45-59,2022-06-18,1,Individual,Email only
6911,Gareth Robinson,SE,Uppsala,45-59,2022-12-14,2,Individual,Email only
6912,Joseph Wilson,,Pirkanmaa,30-44,2025-06-23,3,Individual,Full
6913,Amber Preston,FI,Pohjois-Pohjanmaa,18-29,2022-02-15,2,Individual,Full
6914,Liam Douglas,FI,Varsinais-Suomi,45-59,2025-02-19,2,Individual,Full
6915,Rebecca Thomas,FI,Pohjois-Pohjanmaa,30-44,2024-06-11,5,Individual,Full
6916,Simon Taylor,FI,Pohjois-Pohjanmaa,45-59,2025-08-19,1,Individual,Full
6917,Mrs Rita Barker,FI,Varsinais-Suomi,45-59,2023-03-30,2,Individual,Full
6918,Elaine Morgan,FI,Pirkanmaa,45-59,2024-10-19,1,Individual,Full
6919,Gareth Evans,FI,Pirkanmaa,60-74,2024-12-30,1,Individual,Email only
6920,Miss Leanne Francis,NO,Rogaland,75+,2024-11-11,1,Individual,Full
6921,Tina Kerr,SE,Stockholm,45-59,2023-10-07,4,Individual,Full
6922,Claire Hutchinson,FI,Pirkanmaa,30-44,2024-12-01,1,Individual,Full
6923,Simon Baker,FI,Uusimaa,45-59,2022-01-15,2,Individual,Post only
6924,Mr Jeffrey Dean,NO,Vestland,60-74,2025-07-29,6,Individual,Post only
6925,Liam Knight,NO,Trøndelag,60-74,2023-10-11,4,Individual,Full
6926,Dr Gillian Smith,FI,Pirkanmaa,60-74,2023-12-13,4,Individual,Email only
6927,Sharon Marshall,FI,Uusimaa,45-59,2023-11-02,1,Individual,Full
6928,Miss Kathryn Williams,FI,Uusimaa,30-44,2024-06-23,3,Individual,Full
6929,Sarah Walsh,FI,Pohjois-Pohjanmaa,60-74,2022-05-11,3,Individual,Full
6930,Dorothy Thomas-Bell,,Sjælland,45-59,2025-02-27,1,Individual,Full
6931,Mrs Jean Palmer,SE,Stockholm,60-74,2025-02-22,2,Individual,Full
6932,Norman Harrison-Watson,FI,Varsinais-Suomi,45-59,2024-05-13,2,Individual,Full
6933,Ann Morton,FI,Uusimaa,30-44,2024-01-18,5,Individual,Full
6934,Rita Hayward-Wilkinson,FI,Pirkanmaa,45-59,2022-11-19,2,Individual,Full
6935,Rebecca Roberts,NO,Oslo,60-74,2022-09-04,4,Individual,Full
6936,Bernard Barnes,FI,Varsinais-Suomi,18-29,2024-04-26,1,Individual,Full
6937,Elizabeth Lee-Simpson,FI,Uusimaa,45-59,2024-04-13,2,Individual,Full
6938,Dr Paul Williams,NO,Oslo,60-74,2022-12-29,2,Individual,Full
6939,Susan Phillips-Wood,SE,Stockholm,18-29,2024-10-22,3,Individual,Full
6940,Geraldine Glover,SE,Uppsala,60-74,2024-12-10,5,Individual,Post only
6941,Christopher Pearson,SE,Uppsala,30-44,2022-11-03,1,Individual,Full
6942,Tracey Haynes-Thomas,SE,Skåne,30-44,2024-10-02,1,Individual,Full
6943,Beth Pearson,,Oslo,30-44,2024-12-13,4,Individual,Full
6944,Pamela Moss,NO,Trøndelag,30-44,2022-02-03,1,Individual,Full
6945,Jodie Waters,FI,Pohjois-Pohjanmaa,30-44,2024-08-23,5,Individual,Full
6946,Miss Christine Mitchell,SE,Uppsala,45-59,2024-03-09,1,Individual,Full
6947,Vincent Bull,FI,Varsinais-Suomi,30-44,2024-12-24,2,Individual,Full
6948,Aaron Sutton,SE,Uppsala,30-44,2024-10-15,5,Individual,Full
6949,Mr Shaun Birch,DK,Hovedstaden,45-59,2023-12-22,3,Individual,Full
6950,Derek Clark,FI,Uusimaa,45-59,2025-12-12,1,Individual,Full
6951,Gemma Smith,FI,Varsinais-Suomi,60-74,2024-07-09,3,Individual,Email only
6952,Gordon Pearce-Campbell,FI,Pirkanmaa,18-29,2023-02-28,5,Individual,Post only
6953,Charlie Robinson,FI,Pirkanmaa,30-44,2024-01-10,1,Individual,Email only
6954,Megan Newton,FI,Pirkanmaa,60-74,2023-08-30,2,Individual,Full
6955,Harry Young-King,FI,Uusimaa,30-44,2023-01-03,1,Individual,Email only
6956,Peter Anderson,NO,Rogaland,30-44,2022-01-25,1,Individual,Full
6957,Mitchell Smith,NO,Rogaland,18-29,2023-10-13,1,Individual,Post only
6958,Julian Williamson,DK,Sjælland,18-29,2024-08-18,3,Individual,Full
6959,Mr Andrew Morley,NO,Vestland,18-29,2022-12-14,1,Individual,Email only
6960,Dr Darren James,DK,Sjælland,60-74,2023-12-21,3,Individual,Full
6961,Mrs Clare Bull,NO,Oslo,30-44,2024-05-09,2,Individual,Full
6962,Gerard White,SE,Uppsala,30-44,2024-12-22,1,Individual,Full
6963,Mr Eric Johnson,,Uppsala,45-59,2025-04-30,6,Individual,Full
6964,Ryan Curtis,NO,Vestland,75+,2022-10-16,1,Individual,Full
6965,Mrs Rebecca Chapman,NO,Oslo,30-44,2025-02-16,1,Individual,Full
6966,Dr Lewis Reid,FI,Pirkanmaa,45-59,2022-07-10,2,Individual,Full
6967,James Nicholson,DK,Syddanmark,30-44,2023-11-10,4,Individual,Full
6968,Leah Harrison,NO,Rogaland,60-74,2025-02-03,2,Individual,Full
6969,Amber Taylor,SE,Skåne,45-59,2022-08-24,2,Individual,Full
6970,Colin Giles,FI,Uusimaa,30-44,2024-10-13,2,Corporate,Email only
6971,Joan Tomlinson,FI,Varsinais-Suomi,60-74,2025-10-17,1,Individual,Full
6972,Sam Hill,FI,Uusimaa,60-74,2023-11-23,2,Individual,Full
6973,Justin Matthews,FI,Varsinais-Suomi,30-44,2024-02-14,1,Individual,Full
6974,Russell Jarvis,SE,Stockholm,60-74,2023-03-31,6,Individual,Post only
6975,Ricky Bradley,FI,Pohjois-Pohjanmaa,30-44,2022-08-19,4,Individual,Full
6976,Howard Goodwin,NO,Trøndelag,18-29,2022-08-04,7,Corporate,Full
6977,Craig Edwards,DK,Sjælland,75+,2025-08-25,1,Individual,Full
6978,Hazel Hunt-Reid,DK,Syddanmark,75+,2024-11-04,2,Individual,Full
6979,Colin Stephenson,SE,Skåne,30-44,2022-12-31,4,Individual,Full
6980,Yvonne Green,FI,Varsinais-Suomi,45-59,2025-12-06,3,Individual,Full
6981,Ms Maureen Iqbal,SE,Uppsala,18-29,2024-12-07,2,Individual,Email only
6982,Gareth Morris,FI,Varsinais-Suomi,45-59,2025-12-25,5,Individual,Full
6983,Kevin Allen,SE,Skåne,60-74,2024-11-28,1,Individual,Full
6984,Ms Joanna Carter,FI,Varsinais-Suomi,45-59,2022-12-22,1,Individual,Email only
6985,Lewis Hall,FI,Uusimaa,45-59,2024-05-25,1,Individual,Full
6986,Ms Chelsea Miller,SE,Uppsala,30-44,2024-09-23,1,Individual,Full
6987,Megan Edwards,SE,Uppsala,18-29,2022-03-22,4,Individual,Full
6988,Brandon French,NO,Oslo,30-44,2022-05-27,1,Individual,Full
6989,Justin Cooper,NO,Vestland,45-59,2022-11-01,1,Individual,Full
6990,Amanda Davis-Davies,SE,Västra Götaland,45-59,2022-12-29,6,Individual,Full
6991,Joel Blackburn,FI,Pirkanmaa,60-74,2024-02-07,6,Individual,Full
6992,Dr Brian Lane,SE,Uppsala,18-29,2022-05-06,2,Individual,Email only
6993,Mr Liam Adams,NO,Oslo,60-74,2023-11-14,4,Individual,Email only
6994,Vanessa Lewis,FI,Varsinais-Suomi,60-74,2022-12-17,2,Individual,Full
6995,Nicole Clarke,FI,Pirkanmaa,60-74,2022-05-03,1,Individual,Full
6996,Albert Newton,SE,Skåne,60-74,2022-12-27,4,Individual,Full
6997,Dylan Stevenson,FI,Pohjois-Pohjanmaa,30-44,2022-07-05,4,Individual,Full
6998,Ms Molly Kaur,FI,Pirkanmaa,30-44,2023-03-30,1,Individual,Post only
6999,Mrs Anne Brooks,FI,Uusimaa,30-44,2023-12-25,2,Individual,Email only
7000,Phillip Greenwood-Austin,DK,Sjælland,60-74,2024-11-29,1,Corporate,Email only
7001,Gemma Davis,SE,Västra Götaland,45-59,2025-02-07,2,Individual,Email only
7002,Mr Iain Weston,DK,Midtjylland,60-74,2025-04-15,2,Individual,Full
7003,Miss Helen Williams,FI,Pirkanmaa,45-59,2024-05-14,1,Individual,Full
7004,Caroline Burton,FI,Varsinais-Suomi,18-29,2024-12-02,1,Individual,Full
7005,Miss Maria Cox,FI,Uusimaa,60-74,2025-12-20,2,Individual,Full
7006,Ms Charlene Gould,FI,Uusimaa,60-74,2023-12-29,5,Individual,Full
7007,Alexandra Brown,SE,Västra Götaland,75+,2023-11-02,1,Individual,Full
7008,Cheryl Knowles,DK,Midtjylland,30-44,2025-10-03,6,Individual,Full
7009,Leah Mitchell,FI,Uusimaa,60-74,2024-06-06,1,Individual,Email only
7010,Ms Diana Smith,FI,Uusimaa,45-59,2022-12-10,2,Individual,Full
7011,Katie Gardiner,FI,Pohjois-Pohjanmaa,45-59,2023-05-11,5,Individual,Full
7012,Garry O'Brien,FI,Varsinais-Suomi,30-44,2025-12-01,6,Individual,Full
7013,Amanda Watts,NO,Vestland,75+,2022-12-10,1,Individual,Post only
7014,Nigel Young,SE,Skåne,18-29,2023-10-29,1,Individual,Full
7015,Mrs Deborah Humphries,FI,Pohjois-Pohjanmaa,45-59,2023-11-30,1,Individual,Full
7016,Dale Weston,FI,Uusimaa,45-59,2023-10-27,1,Individual,Full
7017,Kelly White-Jones,NO,Oslo,18-29,2023-01-28,2,Individual,Full
7018,Mr Graham Adams,,Skåne,30-44,2025-06-25,2,Corporate,Full
7019,Mitchell Norman,SE,Skåne,60-74,2023-03-14,1,Individual,Email only
7020,Geoffrey Smart,DK,Hovedstaden,30-44,2023-12-09,1,Individual,Full
7021,Shaun Martin,FI,Uusimaa,30-44,2025-12-17,5,Individual,Full
7022,Joanna Cunningham,FI,Uusimaa,30-44,2024-09-07,3,Individual,Email only
7023,Mr Edward Porter,SE,Västra Götaland,30-44,2024-10-29,1,Individual,Email only
7024,Lewis Robinson,FI,Pohjois-Pohjanmaa,60-74,2022-12-14,1,Individual,Post only
7025,Cameron Miller-McKenzie,NO,Oslo,75+,2025-08-27,4,Individual,Full
7026,Mr Albert Perry,FI,Varsinais-Suomi,75+,2022-04-19,5,Individual,Post only
7027,Dr Duncan Ryan,SE,Västra Götaland,18-29,2025-01-02,4,Individual,Full
7028,Mr Robin Hicks,SE,Västra Götaland,30-44,2024-12-16,2,Individual,Post only
7029,Louise McLean-Parry,NO,Trøndelag,30-44,2025-07-16,1,Individual,Full
7030,Miss Jemma Jones,NO,Vestland,75+,2025-04-08,1,Individual,Full
7031,Dr Elliot Williams,FI,Pohjois-Pohjanmaa,45-59,2023-12-29,6,Individual,Full
7032,Mrs Shirley Roberts,NO,Oslo,45-59,2024-12-11,2,Individual,Email only
7033,Natasha Goodwin-Ingram,NO,Oslo,45-59,2023-11-05,2,Individual,Post only
7034,Jill Ford,SE,Skåne,18-29,2025-09-27,4,Individual,Full
7035,Mrs Jasmine Shah,SE,Skåne,45-59,2025-09-06,1,Individual,Post only
7036,Gary Sullivan-Murphy,FI,Varsinais-Suomi,75+,2024-03-26,2,Corporate,Email only
7037,Timothy Stevens,NO,Trøndelag,30-44,2024-12-04,2,Individual,Email only
7038,Jean Davies,SE,Stockholm,75+,2023-06-23,1,Individual,Email only
7039,Ms Janet Jones,FI,Uusimaa,60-74,2025-12-22,1,Individual,Email only
7040,Maureen Wilson,FI,Uusimaa,30-44,2022-07-09,1,Individual,Full
7041,Harriet Young-Mills,NO,Oslo,18-29,2024-04-07,4,Individual,Email only
7042,Hazel Clark,FI,Uusimaa,30-44,2022-06-09,1,Individual,Email only
7043,Denise Walker,DK,Hovedstaden,30-44,2023-04-19,1,Individual,Full
7044,Miss Hilary Scott,NO,Trøndelag,60-74,2022-10-25,1,Individual,Full
7045,Liam Bibi,SE,Skåne,60-74,2023-05-02,2,Individual,Email only
7046,Dr Charles Stevens,FI,Pirkanmaa,30-44,2024-09-15,6,Individual,Email only
7047,Julie Holmes,FI,Varsinais-Suomi,60-74,2023-12-07,4,Individual,Full
7048,Dr Julie Morley,FI,Varsinais-Suomi,30-44,2022-12-09,2,Individual,Full
7049,Mr Alexander Powell,SE,Skåne,60-74,2022-01-05,4,Individual,Post only
7050,Stuart French,SE,Stockholm,75+,2023-11-30,3,Individual,Full
7051,Oliver White-Mills,FI,Varsinais-Suomi,75+,2025-12-14,1,Individual,Post only
7052,Katy Lee-Wood,SE,Västra Götaland,30-44,2022-12-17,3,Individual,Email only
7053,Mrs Victoria Parkinson,SE,Västra Götaland,45-59,2024-11-11,1,Individual,Email only
7054,Mr Sean Griffiths,SE,Stockholm,60-74,2024-12-21,6,Individual,Full
7055,Mr Callum Murray,SE,Uppsala,60-74,2024-12-02,5,Individual,Email only
7056,Mr Wayne Young,FI,Varsinais-Suomi,45-59,2024-11-08,2,Individual,Post only
7057,Justin Ward,FI,Pohjois-Pohjanmaa,75+,2024-12-28,3,Individual,Full
7058,Ms Kelly Moss,SE,Västra Götaland,60-74,2024-11-04,1,Individual,Full
7059,Robert Palmer-Douglas,FI,Varsinais-Suomi,18-29,2023-12-05,3,Individual,Email only
7060,Hugh Kirk,SE,Västra Götaland,30-44,2024-08-12,1,Individual,Full
7061,Jeremy Williams-Fletcher,FI,Uusimaa,45-59,2023-12-09,2,Corporate,Full
7062,Amber Holland-Walker,NO,Vestland,45-59,2024-12-22,1,Individual,Full
7063,Clive Dawson-Baxter,NO,Vestland,60-74,2022-06-23,1,Individual,Full
7064,Lynne Jones,NO,Oslo,45-59,2023-04-28,3,Individual,Full
7065,Carol Hudson-Roberts,FI,Pirkanmaa,30-44,2024-03-07,6,Individual,Full
7066,Dr Joshua Edwards,NO,Trøndelag,45-59,2024-02-16,1,Corporate,Full
7067,Ms Frances Potter,FI,Uusimaa,75+,2024-01-18,4,Individual,Full
7068,Keith Brown,NO,Trøndelag,18-29,2022-09-29,1,Individual,Post only
7069,Linda Gibson,SE,Stockholm,30-44,2022-11-04,5,Individual,Full
7070,Carl Cartwright-Bennett,FI,Pirkanmaa,60-74,2025-08-29,1,Individual,Full
7071,Linda Yates,FI,Uusimaa,45-59,2022-07-04,4,Individual,Full
7072,Marc Lowe,DK,Midtjylland,60-74,2024-11-16,1,Individual,Email only
7073,Francis Sharp,FI,Pohjois-Pohjanmaa,60-74,2022-03-11,3,Individual,Full
7074,Mathew Hall,NO,Trøndelag,18-29,2023-06-21,1,Corporate,Full
7075,Catherine Walton,SE,Skåne,30-44,2025-04-30,1,Individual,Full
7076,Steven Johnson,FI,Uusimaa,75+,2022-03-05,1,Individual,Full
7077,Steven Allen,DK,Sjælland,30-44,2023-05-26,4,Individual,Full
7078,Patricia Hilton,FI,Pohjois-Pohjanmaa,60-74,2025-08-19,1,Individual,Full
7079,Mathew Davies,FI,Uusimaa,45-59,2023-08-24,2,Individual,Post only
7080,Steven Phillips-Hodgson,NO,Oslo,60-74,2024-12-21,1,Individual,Full
7081,Wendy Middleton,FI,Pirkanmaa,30-44,2022-10-06,1,Individual,Full
7082,Alan Hudson,NO,Vestland,45-59,2025-12-12,3,Individual,Post only
7083,Mr Glenn Wallace,FI,Uusimaa,60-74,2024-04-23,1,Individual,Full
7084,Jacqueline Flynn,SE,Västra Götaland,18-29,2023-01-02,6,Individual,Full
7085,Miss Anne Harris,SE,Uppsala,60-74,2024-05-22,1,Individual,Email only
7086,Amelia Smith-Moss,NO,Rogaland,18-29,2022-12-25,1,Individual,Full
7087,Joanna Scott-Shah,FI,Pohjois-Pohjanmaa,45-59,2025-09-25,1,Individual,Full
7088,Martyn Hall-Turnbull,FI,Varsinais-Suomi,45-59,2023-05-19,1,Individual,Full
7089,Mr Leslie Wells,SE,Uppsala,30-44,2022-12-07,1,Individual,Full
7090,Kathleen Jones,NO,Rogaland,45-59,2025-01-22,2,Individual,Email only
7091,Carl Greenwood-Gardner,SE,Stockholm,45-59,2024-08-09,4,Individual,Full
7092,Mr Gordon Clarke,SE,Västra Götaland,30-44,2022-04-23,3,Individual,Email only
7093,Ruth Lees,NO,Vestland,60-74,2024-11-23,4,Individual,Full
7094,Jessica Tomlinson,FI,Varsinais-Suomi,45-59,2024-12-19,1,Individual,Full
7095,Garry Patel,FI,Varsinais-Suomi,75+,2024-07-14,3,Corporate,Full
7096,Mrs Maureen Hughes,NO,Rogaland,75+,2023-09-14,4,Individual,Full
7097,Geoffrey Johnston,FI,Pirkanmaa,30-44,2025-05-04,1,Individual,Full
7098,Anna Williams,SE,Västra Götaland,18-29,2025-04-12,2,Individual,Full
7099,Teresa Harris-Walker,SE,Uppsala,30-44,2024-12-23,4,Individual,Email only
7100,Henry Smith,DK,Midtjylland,30-44,2023-06-20,6,Individual,Full
7101,Nigel Dodd,FI,Varsinais-Suomi,45-59,2024-10-30,2,Individual,Email only
7102,Tracy Woods,FI,Pirkanmaa,60-74,2022-03-10,2,Individual,Email only
7103,Mrs Abbie Wright,NO,Vestland,18-29,2025-03-23,3,Individual,Full
7104,Dr Duncan Andrews,FI,Varsinais-Suomi,30-44,2022-04-22,1,Individual,Full
7105,Dr Sam Wells,DK,Sjælland,30-44,2024-03-11,1,Individual,Full
7106,Ms Jean Warner,DK,Midtjylland,60-74,2022-03-09,1,Individual,Full
7107,Richard Roberts,SE,Västra Götaland,60-74,2025-12-03,1,Individual,Full
7108,Helen Turner,FI,Uusimaa,60-74,2024-06-26,3,Individual,Full
7109,Rebecca Lowe-Powell,DK,Syddanmark,60-74,2022-12-03,2,Individual,Full
7110,Dr Nathan Ali,NO,Trøndelag,45-59,2022-12-29,1,Individual,Full
7111,Georgina Taylor-Jones,NO,Rogaland,18-29,2024-07-08,1,Individual,Full
7112,Naomi Morris,FI,Pirkanmaa,30-44,2022-04-28,1,Individual,Post only
7113,Anthony Hudson,FI,Varsinais-Suomi,18-29,2025-05-26,3,Individual,Full
7114,Barbara Parkin,NO,Rogaland,30-44,2024-11-13,3,Individual,Full
7115,Ruth Khan-Ford,FI,Uusimaa,45-59,2024-12-20,5,Individual,Email only
7116,Dr Michelle Johnson,SE,Skåne,18-29,2022-11-13,2,Individual,Full
7117,Dr Phillip Robinson,DK,Sjælland,18-29,2023-05-16,1,Individual,Post only
7118,Graham Webster,SE,Skåne,75+,2023-11-27,1,Individual,Full
7119,Miss Deborah Francis,SE,Uppsala,30-44,2024-12-07,5,Individual,Full
7120,Lawrence Miles,FI,Pirkanmaa,45-59,2022-04-15,1,Individual,Full
7121,Christian Austin,NO,Rogaland,18-29,2024-11-24,4,Individual,Full
7122,Jade Bradley,NO,Rogaland,30-44,2023-10-09,1,Individual,Post only
7123,Liam Brown,FI,Pirkanmaa,30-44,2024-12-10,2,Individual,Full
7124,Mr Joe Humphries,FI,Pirkanmaa,30-44,2023-02-01,6,Individual,Post only
7125,Mr Leon Barnett,SE,Skåne,45-59,2024-03-15,3,Individual,Full
7126,Ellie Archer,SE,Stockholm,75+,2023-05-28,2,Individual,Full
7127,Mrs Denise Khan,SE,Stockholm,45-59,2025-12-21,2,Individual,Email only
7128,Billy Evans,SE,Uppsala,45-59,2023-12-19,2,Individual,Full
7129,Sally Wilson,NO,Oslo,45-59,2025-06-24,5,Corporate,Email only
7130,Mrs Gail Bell,FI,Varsinais-Suomi,45-59,2023-10-27,1,Individual,Full
7131,Brian Harris-Kelly,FI,Uusimaa,45-59,2023-04-16,1,Individual,Full
7132,Danielle Collins,FI,Pirkanmaa,30-44,2023-08-21,1,Individual,Post only
7133,Bruce Williams-Owen,FI,Pohjois-Pohjanmaa,75+,2023-10-11,5,Individual,Full
7134,Angela Harvey,DK,Sjælland,60-74,2023-10-04,1,Individual,Full
7135,Rachel Jones,FI,Uusimaa,45-59,2024-10-16,1,Individual,Full
7136,Jayne Williamson,DK,Syddanmark,45-59,2024-07-10,1,Individual,Full
7137,Nigel Scott,,Rogaland,30-44,2022-12-09,3,Individual,Full
7138,Dr Marion Connor,SE,Stockholm,18-29,2024-12-12,4,Individual,Full
7139,Jack Gallagher,NO,Oslo,45-59,2024-10-03,2,Individual,Email only
7140,Alice Boyle,SE,Stockholm,45-59,2025-02-18,1,Individual,Full
7141,Kathryn Henderson-Hughes,FI,Uusimaa,45-59,2024-08-01,1,Corporate,Full
7142,Jemma Walker,FI,Pirkanmaa,60-74,2025-09-16,3,Individual,Full
7143,David Donnelly,FI,Uusimaa,75+,2025-05-09,3,Individual,Full
7144,Mrs Amanda Baker,SE,Skåne,30-44,2024-12-04,3,Corporate,Full
7145,Gerald West,FI,Pohjois-Pohjanmaa,45-59,2025-09-22,1,Individual,Full
7146,Danny Gibbs,FI,Varsinais-Suomi,18-29,2024-04-30,3,Individual,Full
7147,Angela Reynolds,FI,Uusimaa,45-59,2022-03-31,5,Individual,Full
7148,Robert Bell,FI,Uusimaa,60-74,2024-10-08,5,Individual,Post only
7149,Mr Barry Clark,FI,Pohjois-Pohjanmaa,18-29,2025-05-27,1,Individual,Full
7150,Christine Kelly-Roberts,SE,Skåne,60-74,2022-08-19,1,Individual,Full
7151,Maurice Hall,FI,Uusimaa,60-74,2023-12-01,2,Individual,Full
7152,Shane Baker,FI,Varsinais-Suomi,45-59,2025-11-01,1,Individual,Email only
7153,Timothy Adams-Carroll,DK,Hovedstaden,30-44,2024-06-21,4,Individual,Full
7154,Dr Charlie Smith,DK,Sjælland,45-59,2022-11-19,1,Individual,Full
7155,Kerry Wright,NO,Trøndelag,18-29,2023-12-21,5,Individual,Full
7156,Zoe Morris,FI,Pohjois-Pohjanmaa,75+,2025-09-02,4,Individual,Full
7157,Cheryl Gray,FI,Varsinais-Suomi,30-44,2022-06-28,5,Individual,Email only
7158,Conor Holmes,SE,Uppsala,45-59,2022-12-27,4,Individual,Full
7159,Lesley Haynes-Nicholls,SE,Uppsala,60-74,2025-10-04,4,Individual,Full
7160,Ms Jemma Simmons,SE,Uppsala,30-44,2023-04-28,2,Individual,Full
7161,Dr Zoe Cole,NO,Rogaland,75+,2025-09-04,2,Individual,Full
7162,Caroline Hunt-Godfrey,SE,Skåne,30-44,2023-12-03,1,Individual,Full
7163,Lydia Thompson,NO,Vestland,30-44,2023-12-15,3,Individual,Full
7164,Ms Sandra Jenkins,NO,Vestland,45-59,2024-02-20,1,Individual,Full
7165,Rachel Hopkins,FI,Uusimaa,60-74,2022-07-28,2,Individual,Post only
7166,Janice Saunders,FI,Varsinais-Suomi,45-59,2025-11-23,1,Corporate,Full
7167,Mrs Gemma Rhodes,FI,Varsinais-Suomi,45-59,2022-12-21,2,Trust,Full
7168,Hollie Collins,FI,Varsinais-Suomi,60-74,2024-01-14,2,Individual,Full
7169,Dr Maria Mason,NO,Trøndelag,30-44,2022-07-19,2,Individual,Full
7170,Danielle Elliott,SE,Stockholm,45-59,2024-12-24,2,Corporate,Full
7171,Vanessa Houghton-Byrne,NO,Rogaland,45-59,2023-08-12,6,Individual,Full
7172,Josh Scott,DK,Syddanmark,45-59,2022-04-15,1,Individual,Full
7173,Dr Leslie Ward,FI,Pohjois-Pohjanmaa,30-44,2025-09-14,1,Individual,Full
7174,Caroline Burton,SE,Uppsala,30-44,2023-03-09,6,Individual,Full
7175,Claire Smith,NO,Vestland,30-44,2025-12-22,2,Individual,Full
7176,Dr Beth Owens,DK,Sjælland,45-59,2022-06-16,5,Individual,Email only
7177,Clifford Williams-Gardiner,FI,Pohjois-Pohjanmaa,45-59,2024-12-09,2,Corporate,Full
7178,Ryan Stone,DK,Sjælland,75+,2023-06-30,1,Individual,Full
7179,Dr Ann Anderson,NO,Oslo,18-29,2023-12-15,4,Individual,Full
7180,Iain Preston,FI,Uusimaa,45-59,2025-04-29,3,Individual,Full
7181,Katie Elliott,NO,Oslo,30-44,2023-05-29,1,Individual,Full
7182,Donald Campbell,FI,Uusimaa,45-59,2025-10-16,2,Trust,Full
7183,Sally Watson-Rose,FI,Pohjois-Pohjanmaa,60-74,2023-05-28,2,Individual,Full
7184,Dr Stewart Brookes,SE,Uppsala,45-59,2025-06-13,1,Individual,Full
7185,Mr Luke Hall,SE,Uppsala,45-59,2025-12-21,4,Individual,Full
7186,Jeremy Carroll,SE,Skåne,60-74,2024-05-11,2,Individual,Full
7187,Benjamin Smith-Price,NO,Trøndelag,60-74,2022-12-17,2,Individual,Full
7188,Irene May,FI,Uusimaa,18-29,2022-12-22,4,Individual,Full
7189,Carole Heath,NO,Rogaland,45-59,2024-06-20,2,Individual,Full
7190,Miss Alice Morris,NO,Trøndelag,45-59,2024-02-10,6,Corporate,Full
7191,Dr Katherine Murphy,FI,Pirkanmaa,30-44,2025-11-14,2,Individual,Email only
7192,Mr Hugh Newman,SE,Skåne,30-44,2023-08-06,1,Individual,Full
7193,Dr Alison Ali,DK,Sjælland,45-59,2024-10-02,2,Individual,Full
7194,Andrew Dean,SE,Skåne,30-44,2024-12-22,4,Individual,Full
7195,Patrick Edwards,SE,Stockholm,75+,2022-01-26,6,Individual,Full
7196,Chloe White,FI,Uusimaa,60-74,2023-12-15,3,Individual,Email only
7197,Martyn Hartley,FI,Uusimaa,30-44,2025-10-12,2,Individual,Post only
7198,Mrs Christine Hughes,NO,Rogaland,60-74,2024-10-07,4,Individual,Full
7199,Max Hanson,SE,Västra Götaland,30-44,2023-05-28,3,Individual,Full
7200,Mr Declan Davies,FI,Pirkanmaa,60-74,2022-01-17,1,Individual,Full
7201,Damien Walker,DK,Syddanmark,60-74,2023-06-11,2,Individual,Full
7202,Joe Jackson-Bell,DK,Sjælland,18-29,2024-12-12,2,Individual,Full
7203,Joan Hopkins,SE,Skåne,30-44,2025-12-02,1,Individual,Full
7204,Joanna Khan,FI,Pirkanmaa,30-44,2024-12-29,5,Individual,Full
7205,Mrs Claire Davis,FI,Pirkanmaa,30-44,2024-11-14,2,Corporate,Full
7206,Raymond Bates,FI,Pirkanmaa,75+,2022-04-17,2,Individual,Email only
7207,Louise Pritchard,FI,Pohjois-Pohjanmaa,30-44,2024-12-23,1,Individual,Post only
7208,Billy Berry,FI,Pohjois-Pohjanmaa,60-74,2025-02-19,2,Individual,Full
7209,Maurice Higgins,SE,Västra Götaland,60-74,2023-09-02,6,Individual,Full
7210,Mr Clifford Richardson,FI,Varsinais-Suomi,30-44,2023-12-31,2,Individual,Full
7211,Mr David Turner,FI,Varsinais-Suomi,60-74,2024-01-17,5,Individual,Full
7212,Jennifer Turner,DK,Sjælland,45-59,2024-12-14,4,Individual,Full
7213,Mr Dennis Morgan,NO,Vestland,30-44,2022-08-16,4,Individual,Email only
7214,Henry Akhtar,FI,Varsinais-Suomi,60-74,2022-12-04,2,Individual,Email only
7215,Denise Ward,NO,Rogaland,45-59,2023-12-15,5,Individual,Email only
7216,Daniel Lewis,SE,Skåne,30-44,2022-12-09,4,Individual,Full
7217,Anthony Stone-Palmer,FI,Uusimaa,75+,2023-06-10,2,Individual,Post only
7218,Daniel Smith,SE,Uppsala,30-44,2023-09-15,2,Individual,Email only
7219,Judith Conway,NO,Oslo,45-59,2024-06-04,1,Corporate,Full
7220,Dr Sandra Smith,SE,Uppsala,30-44,2024-12-17,2,Individual,Email only
7221,Sandra Edwards,NO,Rogaland,75+,2025-03-10,1,Individual,Email only
7222,Patrick Cooper,SE,Västra Götaland,60-74,2023-12-11,1,Individual,Full
7223,Adrian Howell,NO,Rogaland,60-74,2023-09-19,5,Individual,Full
7224,Gerard Williams-Kelly,SE,Skåne,18-29,2022-05-30,2,Individual,Full
7225,Lewis Taylor-Perry,FI,Varsinais-Suomi,18-29,2024-08-07,4,Individual,Post only
7226,Gail Lawson-Peacock,FI,Uusimaa,45-59,2024-06-10,1,Individual,Full
7227,Jenna Middleton,FI,Pirkanmaa,45-59,2025-07-14,3,Individual,Full
7228,Norman Hardy,FI,Uusimaa,30-44,2023-04-20,1,Individual,Email only
7229,Aimee Dodd,SE,Stockholm,60-74,2022-03-31,6,Individual,Full
7230,Ashleigh Fletcher,NO,Vestland,45-59,2024-01-11,1,Individual,Full
7231,Dr Patrick Shah,DK,Hovedstaden,45-59,2022-11-07,2,Individual,Full
7232,Oliver Evans,NO,Trøndelag,60-74,2022-11-18,4,Individual,Post only
7233,Dr Owen Walker,DK,Sjælland,30-44,2024-08-12,1,Individual,Full
7234,Jennifer Smith,NO,Oslo,45-59,2023-10-02,7,Individual,Full
7235,Christian Jones,DK,Midtjylland,45-59,2025-05-20,3,Individual,Email only
7236,Maureen Baker,FI,Varsinais-Suomi,30-44,2022-05-22,4,Individual,Full
7237,Tracy Adams,DK,Sjælland,60-74,2024-02-11,5,Individual,Full
7238,Janice Bolton,DK,Sjælland,30-44,2022-06-18,1,Individual,Email only
7239,Hollie Holland,,Vestland,45-59,2024-10-27,3,Individual,Full
7240,Victor Williams,FI,Varsinais-Suomi,45-59,2022-03-29,6,Individual,Full
7241,Christine Bennett,FI,Uusimaa,30-44,2022-01-03,1,Individual,Full
7242,Elaine Brady,NO,Oslo,18-29,2024-08-16,1,Individual,Full
7243,Ms Helen Williams,DK,Sjælland,60-74,2022-01-31,4,Individual,Email only
7244,Dr Ian Fletcher,FI,Uusimaa,75+,2024-05-01,1,Individual,Full
7245,Hazel Cooke-Ford,FI,Uusimaa,18-29,2022-12-23,5,Individual,Email only
7246,Mrs Shannon Moore,,Varsinais-Suomi,60-74,2024-11-29,1,Individual,Full
7247,Mrs Irene Jackson,FI,Pirkanmaa,45-59,2023-04-12,1,Individual,Post only
7248,Mr Timothy Smart,SE,Västra Götaland,18-29,2024-12-12,1,Individual,Full
7249,James Thomas,SE,Skåne,60-74,2022-06-23,2,Individual,Email only
7250,Mrs Charlene Poole,SE,Stockholm,60-74,2024-12-20,2,Individual,Email only
7251,Marilyn Parker,FI,Varsinais-Suomi,30-44,2022-12-11,2,Individual,Full
7252,Miss Angela Howell,,Pirkanmaa,45-59,2023-12-19,3,Individual,Full
7253,Gerald Patel-Lane,FI,Uusimaa,60-74,2022-12-08,2,Individual,Full
7254,Rebecca Fry,FI,Pohjois-Pohjanmaa,18-29,2025-09-02,2,Individual,Full
7255,Susan Taylor,DK,Sjælland,60-74,2025-09-21,1,Individual,Full
7256,Beth Payne,SE,Stockholm,60-74,2023-07-06,1,Individual,Full
7257,Andrea Walker,FI,Pirkanmaa,45-59,2025-01-01,1,Individual,Full
7258,Miss Victoria Hardy,SE,Stockholm,45-59,2025-09-13,1,Individual,Full
7259,Ronald Clayton,NO,Trøndelag,60-74,2022-08-24,2,Individual,Full
7260,Stephen Hardy,SE,Skåne,18-29,2022-12-07,2,Individual,Post only
7261,Dr Vincent Matthews,FI,Pohjois-Pohjanmaa,45-59,2022-04-27,2,Individual,Full
7262,Dr Charles Evans,SE,Skåne,60-74,2025-01-05,5,Individual,Full
7263,Roger Smith,SE,Västra Götaland,60-74,2022-04-15,1,Individual,Post only
7264,Stephen Hart,DK,Syddanmark,30-44,2024-07-15,2,Individual,Full
7265,Mr Mark West,SE,Skåne,30-44,2022-11-26,1,Individual,Email only
7266,Nathan Kemp,SE,Skåne,60-74,2022-12-21,2,Individual,Post only
7267,Mr Howard Phillips,FI,Uusimaa,75+,2024-12-15,2,Individual,Full
7268,Jemma Tyler,FI,Pirkanmaa,60-74,2024-12-20,1,Individual,Full
7269,Elizabeth West,DK,Sjælland,75+,2023-08-07,1,Individual,Full
7270,Rosemary Taylor,FI,Pohjois-Pohjanmaa,45-59,2023-12-27,2,Individual,Full
7271,Darren Jenkins,FI,Pirkanmaa,18-29,2024-12-20,3,Individual,Post only
7272,Samuel Evans,SE,Västra Götaland,30-44,2025-12-23,1,Individual,Full
7273,Patricia Thomas-Singh,FI,Varsinais-Suomi,75+,2023-10-02,1,Individual,Full
7274,Alice James,SE,Stockholm,45-59,2024-11-23,3,Individual,Full
7275,Miss Jenna Coles,FI,Varsinais-Suomi,30-44,2022-12-30,1,Corporate,Full
7276,Mr Sean Murphy,FI,Uusimaa,60-74,2022-12-22,1,Individual,Full
7277,Dr Raymond Clarke,SE,Skåne,30-44,2023-03-12,2,Individual,Full
7278,Mr Charles Patel,SE,Skåne,18-29,2024-10-13,2,Individual,Full
7279,Miss Sylvia Nelson,DK,Syddanmark,45-59,2023-04-24,2,Individual,Full
7280,Aimee Welch,FI,Uusimaa,18-29,2023-12-06,2,Individual,Full
7281,Dr Donald Baker,FI,Varsinais-Suomi,30-44,2022-12-01,3,Individual,Full
7282,Kathleen Hughes,SE,Västra Götaland,18-29,2022-08-18,6,Individual,Full
7283,Ms Joanne Brown,NO,Rogaland,45-59,2022-03-16,4,Individual,Full
7284,Georgia Parry,NO,Vestland,30-44,2024-10-19,5,Individual,Full
7285,Elizabeth Gordon,FI,Pohjois-Pohjanmaa,60-74,2023-12-04,3,Individual,Email only
7286,Lesley Daly,NO,Oslo,60-74,2022-12-15,1,Corporate,Full
7287,Mrs Carly Adams,SE,Uppsala,60-74,2023-09-27,2,Individual,Email only
7288,Aimee Brown,FI,Pirkanmaa,30-44,2024-05-21,2,Individual,Full
7289,Rebecca Parry-Gibson,FI,Pirkanmaa,75+,2023-12-13,1,Individual,Email only
7290,Heather Hill,SE,Uppsala,45-59,2022-02-19,4,Individual,Full
7291,Elizabeth Andrews,NO,Trøndelag,30-44,2023-05-11,1,Trust,Full
7292,Aimee Goddard,DK,Midtjylland,60-74,2022-12-04,1,Individual,Full
7293,Scott Preston,SE,Skåne,60-74,2024-12-22,1,Individual,Email only
7294,Roger Wilkinson,FI,Varsinais-Suomi,60-74,2022-09-14,2,Individual,Full
7295,Chloe Davies-Walker,DK,Hovedstaden,75+,2023-06-17,6,Individual,Full
7296,Lorraine Mitchell-Walker,NO,Oslo,45-59,2023-07-18,2,Individual,Email only
7297,Christian Richards,DK,Midtjylland,30-44,2025-06-17,3,Individual,Full
7298,Robin Smith,SE,Stockholm,45-59,2024-08-21,1,Individual,Full
7299,Mark Reynolds,DK,Syddanmark,18-29,2024-12-09,1,Individual,Post only
7300,Mrs Emma Brennan,FI,Pirkanmaa,18-29,2025-07-12,5,Individual,Full
7301,Wendy Shah,DK,Sjælland,30-44,2023-11-23,4,Individual,Full
7302,Cameron Davies,FI,Pohjois-Pohjanmaa,30-44,2022-11-05,3,Individual,Email only
7303,Andrea Read,FI,Pohjois-Pohjanmaa,60-74,2024-11-07,4,Individual,Post only
7304,Dr Barbara Dobson,FI,Pohjois-Pohjanmaa,18-29,2022-09-28,1,Individual,Email only
7305,Kayleigh Fisher-Whitehead,SE,Skåne,30-44,2023-04-04,4,Individual,Full
7306,Mr Leon Smith,NO,Oslo,45-59,2022-12-24,4,Individual,Full
7307,Allan Williams,DK,Hovedstaden,75+,2025-10-18,2,Individual,Full
7308,Mrs Lauren Allen,NO,Rogaland,75+,2025-12-04,3,Individual,Full
7309,Dr Laura Taylor,SE,Uppsala,75+,2024-11-19,2,Individual,Full
7310,Jordan Wright,FI,Varsinais-Suomi,30-44,2024-12-21,5,Individual,Full
7311,Lynn Campbell,SE,Västra Götaland,30-44,2025-12-02,7,Individual,Full
7312,Jordan Manning,FI,Uusimaa,60-74,2023-03-18,2,Individual,Full
7313,Mr Abdul Williams,FI,Pirkanmaa,30-44,2023-12-12,1,Individual,Full
7314,Dorothy Campbell-Thompson,FI,Pohjois-Pohjanmaa,75+,2023-02-10,1,Individual,Full
7315,Sian West,FI,Pirkanmaa,60-74,2022-12-29,6,Individual,Full
7316,Rebecca Robinson-King,NO,Rogaland,18-29,2025-07-02,1,Individual,Full
7317,Gemma Richardson,FI,Uusimaa,75+,2025-01-29,1,Individual,Email only
7318,Miss Carole Evans,FI,Pirkanmaa,75+,2022-11-29,4,Individual,Full
7319,Mr Terence White,NO,Vestland,75+,2025-07-18,4,Individual,Full
7320,Margaret Khan,SE,Skåne,60-74,2024-12-14,3,Individual,Full
7321,Ian Townsend,SE,Västra Götaland,18-29,2025-04-15,1,Individual,Full
7322,Miss Sian Lewis,FI,Uusimaa,45-59,2022-02-25,1,Individual,Full
7323,Miss Lydia Jones,FI,Uusimaa,30-44,2025-09-17,1,Individual,Email only
7324,Jemma Reynolds,FI,Pohjois-Pohjanmaa,75+,2025-10-26,2,Individual,Post only
7325,Maureen Clarke-Naylor,SE,Uppsala,45-59,2023-01-21,2,Individual,Full
7326,Mrs Anne Wilson,SE,Uppsala,75+,2025-01-03,1,Individual,Full
7327,Molly Hamilton,FI,Varsinais-Suomi,45-59,2022-10-19,7,Individual,Full
7328,Trevor Sharpe,SE,Skåne,18-29,2023-10-17,1,Individual,Full
7329,Lesley Brady,FI,Uusimaa,60-74,2025-12-20,2,Corporate,Full
7330,Eleanor Waters,SE,Skåne,45-59,2025-11-12,6,Individual,Full
7331,Steven Begum-Perry,DK,Syddanmark,60-74,2022-03-07,6,Individual,Full
7332,Raymond Price-Kelly,DK,Syddanmark,30-44,2024-09-03,2,Individual,Full
7333,Mrs Victoria Johnston,FI,Uusimaa,60-74,2025-12-17,1,Individual,Post only
7334,Denise Lewis-Williams,FI,Uusimaa,30-44,2025-12-20,5,Individual,Email only
7335,Mathew Evans-Evans,SE,Skåne,45-59,2024-04-10,5,Individual,Email only
7336,Simon Baker-Wright,,Pirkanmaa,75+,2023-05-12,6,Individual,Full
7337,Miss Frances Robertson,FI,Pohjois-Pohjanmaa,18-29,2024-09-14,1,Individual,Full
7338,Marcus Miles-Robson,NO,Vestland,30-44,2024-12-04,1,Individual,Full
7339,Mr Martyn Wyatt,FI,Pohjois-Pohjanmaa,18-29,2022-04-10,2,Individual,Post only
7340,Shirley Smith,FI,Pirkanmaa,30-44,2023-09-05,1,Individual,Email only
7341,Eleanor Jones,,Midtjylland,45-59,2024-12-16,2,Individual,Full
7342,Kayleigh Page,DK,Hovedstaden,45-59,2023-10-27,5,Individual,Full
7343,Sarah Norris,FI,Pirkanmaa,18-29,2025-07-17,1,Individual,Full
7344,Ms Lisa Turner,FI,Varsinais-Suomi,18-29,2025-12-28,5,Individual,Full
7345,Mr Callum Gibson,FI,Pohjois-Pohjanmaa,45-59,2025-04-15,1,Individual,Full
7346,Megan Jones,FI,Pirkanmaa,30-44,2025-11-26,1,Individual,Full
7347,Dr Kieran Martin,SE,Skåne,45-59,2024-02-24,2,Individual,Full
7348,Lewis Hilton,SE,Skåne,30-44,2023-12-18,1,Individual,Full
7349,Mohammed Payne-Ross,FI,Pirkanmaa,45-59,2023-11-08,7,Individual,Full
7350,Mark Leonard,NO,Rogaland,45-59,2022-05-04,4,Individual,Full
7351,Yvonne Wright,SE,Stockholm,75+,2025-08-27,1,Individual,Full
7352,Deborah Williams-Lawson,SE,Skåne,45-59,2024-05-19,1,Individual,Email only
7353,Cheryl Harris,SE,Uppsala,75+,2024-08-24,5,Individual,Full
7354,Lynne Smith,SE,Västra Götaland,60-74,2023-04-10,1,Individual,Full
7355,Miss Emily Hart,SE,Stockholm,45-59,2023-09-30,5,Individual,Full
7356,Mr Ben Lynch,SE,Uppsala,45-59,2022-03-05,5,Individual,Full
7357,Carolyn Fletcher-Short,SE,Stockholm,75+,2022-09-25,1,Individual,Post only
7358,Charlotte Jordan,SE,Västra Götaland,30-44,2024-12-22,3,Individual,Full
7359,Ian Brooks,FI,Pohjois-Pohjanmaa,30-44,2023-06-19,1,Individual,Full
7360,Bruce Begum,DK,Syddanmark,30-44,2024-10-09,2,Individual,Post only
7361,Samuel Johnson,NO,Trøndelag,18-29,2023-04-26,2,Individual,Full
7362,Lisa Mitchell,SE,Skåne,30-44,2024-06-08,2,Individual,Full
7363,Clifford Jones,DK,Hovedstaden,30-44,2025-12-26,4,Individual,Full
7364,Mrs Jean White,NO,Trøndelag,30-44,2022-12-16,1,Individual,Full
7365,Mr Stanley Humphreys,FI,Pirkanmaa,45-59,2022-03-19,1,Individual,Full
7366,Mr Marc Higgins,FI,Uusimaa,18-29,2025-10-18,1,Individual,Full
7367,Leigh Read,FI,Uusimaa,60-74,2025-12-21,6,Corporate,Full
7368,Dr Danielle Armstrong,NO,Rogaland,60-74,2025-12-27,1,Individual,Email only
7369,Eric Lewis,FI,Varsinais-Suomi,30-44,2025-11-28,6,Individual,Full
7370,Joyce Middleton,FI,Varsinais-Suomi,18-29,2022-12-09,2,Individual,Full
7371,Mr Leigh Parkinson,SE,Skåne,75+,2022-11-01,3,Individual,Email only
7372,Dr Donald Wheeler,SE,Skåne,18-29,2023-12-17,5,Individual,Email only
7373,Emma Hancock,FI,Pirkanmaa,60-74,2022-09-23,1,Individual,Post only
7374,Adam Wood,SE,Stockholm,60-74,2023-06-05,2,Individual,Email only
7375,Hollie Wood-Jackson,NO,Rogaland,45-59,2024-08-09,1,Individual,Email only
7376,Mrs Leah Murray,FI,Pirkanmaa,60-74,2023-05-14,3,Individual,Full
7377,Justin Owen,FI,Pohjois-Pohjanmaa,60-74,2025-03-04,1,Individual,Post only
7378,Diane Morris,NO,Vestland,45-59,2023-07-05,2,Individual,Email only
7379,Stephanie Wilson,NO,Vestland,60-74,2023-12-18,1,Individual,Full
7380,Dr David Walker,SE,Västra Götaland,45-59,2025-05-21,1,Individual,Email only
7381,Hollie Berry-Thomas,SE,Skåne,60-74,2023-09-28,1,Individual,Full
7382,Samantha Carroll,SE,Skåne,45-59,2022-08-30,1,Individual,Full
7383,Elliott Hunter,FI,Pohjois-Pohjanmaa,45-59,2025-02-21,2,Individual,Email only
7384,Leon Gilbert,FI,Pirkanmaa,75+,2023-12-01,3,Individual,Full
7385,Mrs Catherine Watson,FI,Pirkanmaa,45-59,2023-08-09,2,Individual,Email only
7386,Russell Mitchell,FI,Pirkanmaa,60-74,2025-12-14,1,Individual,Full
7387,Brett Carr-Sutton,DK,Hovedstaden,75+,2024-02-27,2,Individual,Email only
7388,Carl John,DK,Sjælland,18-29,2025-06-09,6,Individual,Full
7389,Harry Hayward,SE,Skåne,60-74,2025-12-11,1,Individual,Full
7390,Bradley Jackson-Smith,DK,Hovedstaden,30-44,2024-02-19,3,Individual,Full
7391,Brenda Dean,FI,Uusimaa,75+,2024-08-10,1,Individual,Post only
7392,Colin Gregory,SE,Västra Götaland,30-44,2022-04-23,3,Individual,Full
7393,Owen Knight,FI,Varsinais-Suomi,30-44,2022-05-07,5,Individual,Email only
7394,Dr Craig Johnson,FI,Pohjois-Pohjanmaa,45-59,2023-05-13,4,Individual,Post only
7395,Lisa Kaur,DK,Syddanmark,75+,2024-06-21,4,Individual,Full
7396,Jake Kemp,NO,Rogaland,30-44,2025-05-03,2,Individual,Post only
7397,Luke Singh-Pritchard,,Uppsala,75+,2025-04-16,4,Individual,Email only
7398,Ms Leah Green,FI,Pirkanmaa,60-74,2025-12-07,1,Individual,Full
7399,Lisa Parker,SE,Skåne,18-29,2023-12-26,4,Individual,Email only
7400,Elliott Fox,NO,Oslo,30-44,2024-11-26,5,Individual,Email only
7401,Marcus Green,DK,Sjælland,75+,2022-06-20,6,Individual,Email only
7402,Oliver Thornton-Douglas,DK,Syddanmark,60-74,2024-12-17,2,Individual,Email only
7403,Brett Fletcher-Nicholson,DK,Hovedstaden,60-74,2024-10-15,4,Individual,Email only
7404,Norman Smith-Hicks,FI,Varsinais-Suomi,60-74,2024-05-16,1,Individual,Full
7405,Ryan Green,SE,Västra Götaland,30-44,2025-11-13,2,Individual,Email only
7406,Janice Clarke-Griffiths,FI,Pirkanmaa,30-44,2023-11-09,4,Individual,Full
7407,Charlie Mason,SE,Skåne,45-59,2022-08-30,2,Corporate,Full
7408,Marion Wallace,FI,Pohjois-Pohjanmaa,45-59,2025-09-07,2,Individual,Full
7409,Matthew Hughes-Long,FI,Varsinais-Suomi,45-59,2023-01-28,1,Individual,Full
7410,Joseph Cooper,DK,Sjælland,45-59,2025-06-15,4,Individual,Email only
7411,Kate Morris,NO,Oslo,30-44,2023-06-10,5,Individual,Full
7412,Pauline James,FI,Uusimaa,75+,2022-12-21,3,Individual,Full
7413,Julian Summers,DK,Syddanmark,60-74,2023-11-14,1,Individual,Post only
7414,Ms Harriet Greenwood,NO,Vestland,30-44,2025-08-28,1,Individual,Full
7415,George Green,FI,Varsinais-Suomi,30-44,2025-11-24,4,Individual,Full
7416,Dr Jeffrey Baker,SE,Stockholm,60-74,2022-10-17,1,Individual,Full
7417,Mr Gordon O'Donnell,FI,Pirkanmaa,60-74,2023-01-21,4,Individual,Full
7418,Clifford Wells,SE,Uppsala,75+,2024-07-15,1,Individual,Full
7419,Francesca Nolan,FI,Uusimaa,30-44,2025-10-18,3,Individual,Full
7420,Donald Harvey,DK,Syddanmark,60-74,2023-03-11,2,Individual,Full
7421,Stephanie Lowe,NO,Rogaland,30-44,2023-03-09,1,Individual,Full
7422,Mrs Andrea Watson,NO,Oslo,60-74,2025-03-30,2,Individual,Full
7423,Arthur Anderson,NO,Rogaland,75+,2025-05-04,4,Individual,Post only
7424,Dr Jordan Fowler,FI,Pohjois-Pohjanmaa,45-59,2023-12-31,1,Individual,Full
7425,Leonard Leonard,SE,Skåne,45-59,2025-12-28,2,Individual,Email only
7426,Gail Martin,DK,Hovedstaden,45-59,2025-12-21,1,Individual,Full
7427,Trevor Patel-Townsend,FI,Pohjois-Pohjanmaa,30-44,2024-09-24,1,Individual,Full
7428,Leonard Dennis,FI,Pohjois-Pohjanmaa,60-74,2023-12-04,3,Individual,Email only
7429,Bethany Davis-Barrett,SE,Skåne,45-59,2023-03-02,1,Individual,Full
7430,Sophie Austin,DK,Sjælland,45-59,2023-05-11,3,Individual,Full
7431,Mohammad Smith-Smith,FI,Pirkanmaa,18-29,2022-12-01,3,Individual,Full
7432,Jenna Norris,SE,Skåne,30-44,2023-06-25,2,Corporate,Full
7433,Fiona Middleton-Jones,SE,Västra Götaland,60-74,2025-03-12,1,Individual,Full
7434,Miss Vanessa Bailey,SE,Stockholm,45-59,2024-08-11,2,Individual,Full
7435,Dr Mitchell Miles,SE,Stockholm,30-44,2025-06-01,4,Individual,Email only
7436,Ms Dorothy Young,NO,Oslo,18-29,2025-12-13,1,Individual,Full
7437,Danielle Wood,NO,Oslo,30-44,2023-08-15,2,Individual,Email only
7438,Simon Brown,NO,Oslo,45-59,2025-05-14,4,Individual,Full
7439,Stephanie Walker,FI,Pohjois-Pohjanmaa,45-59,2024-12-30,1,Individual,Post only
7440,Jasmine Jones,DK,Midtjylland,45-59,2025-10-15,2,Individual,Full
7441,Alison Moore-Lewis,FI,Varsinais-Suomi,30-44,2023-06-29,1,Individual,Post only
7442,Elaine Phillips,NO,Trøndelag,60-74,2023-07-24,1,Corporate,Full
7443,Deborah Woods-Lewis,FI,Pohjois-Pohjanmaa,45-59,2024-12-26,6,Individual,Email only
7444,Andrew Daniels,NO,Trøndelag,18-29,2024-11-07,1,Individual,Email only
7445,Elizabeth Humphries,FI,Pirkanmaa,60-74,2023-09-18,3,Individual,Full
7446,Dr Charles Lewis,,Pohjois-Pohjanmaa,18-29,2022-06-14,2,Individual,Full
7447,Roger Cunningham,FI,Pohjois-Pohjanmaa,60-74,2023-09-15,1,Individual,Email only
7448,Mr Shaun Waters,FI,Pirkanmaa,45-59,2023-12-04,1,Individual,Full
7449,Josh Robinson,SE,Skåne,18-29,2025-11-26,6,Individual,Email only
7450,Beth Singh,FI,Uusimaa,30-44,2022-05-31,2,Individual,Full
7451,Ms Margaret Patterson,FI,Pirkanmaa,60-74,2025-09-12,2,Individual,Full
7452,Lesley Richards,FI,Pirkanmaa,30-44,2025-10-28,5,Individual,Email only
7453,Carly Carr,FI,Pirkanmaa,45-59,2025-08-29,2,Individual,Post only
7454,Kimberley Barlow,NO,Vestland,30-44,2023-09-08,3,Individual,Full
7455,Sylvia Sims,DK,Hovedstaden,30-44,2025-11-02,1,Individual,Full
7456,Ms Kayleigh Taylor,NO,Vestland,30-44,2023-12-27,2,Individual,Full
7457,Dr Alan Powell,SE,Västra Götaland,18-29,2022-04-29,1,Individual,Full
7458,Kimberley Archer,SE,Stockholm,30-44,2022-08-27,2,Individual,Full
7459,Irene Gray,SE,Västra Götaland,60-74,2022-10-15,1,Individual,Full
7460,Ms Deborah White,FI,Pirkanmaa,30-44,2024-05-27,2,Individual,Full
7461,Roger Carter,DK,Syddanmark,30-44,2022-01-28,1,Individual,Full
7462,Mr Maurice Reid,FI,Pirkanmaa,45-59,2024-12-08,4,Individual,Full
7463,Claire Cooke,FI,Pirkanmaa,60-74,2025-06-28,2,Individual,Full
7464,Dr Georgina Brooks,FI,Pirkanmaa,30-44,2024-10-03,1,Individual,Full
7465,Alison Bond,FI,Uusimaa,75+,2024-03-09,4,Individual,Full
7466,Margaret Kirby-Jones,FI,Pirkanmaa,45-59,2023-04-29,2,Individual,Email only
7467,Geraldine Holmes,FI,Pirkanmaa,18-29,2022-08-15,6,Individual,Post only
7468,Dr Gerald Harper,NO,Trøndelag,60-74,2022-02-14,7,Individual,Full
7469,Gregory Lee,SE,Uppsala,45-59,2023-12-24,2,Individual,Full
7470,Barry Page,FI,Pirkanmaa,18-29,2024-10-15,2,Individual,Full
7471,Sylvia Palmer,FI,Pohjois-Pohjanmaa,60-74,2022-12-01,1,Individual,Email only
7472,Luke Kennedy,NO,Oslo,45-59,2023-03-09,4,Individual,Full
7473,Hazel Lawrence,SE,Stockholm,60-74,2025-10-24,4,Individual,Email only
7474,Kerry Kirby,NO,Trøndelag,45-59,2022-11-09,2,Individual,Full
7475,Amy Russell,FI,Uusimaa,30-44,2024-12-16,5,Individual,Full
7476,Mr Danny Quinn,NO,Vestland,60-74,2023-04-21,2,Individual,Full
7477,Robin Doyle-Noble,FI,Varsinais-Suomi,18-29,2025-12-16,1,Individual,Email only
7478,Brian Reynolds,SE,Skåne,18-29,2022-02-23,1,Individual,Full
7479,Lewis Martin-Jones,FI,Uusimaa,18-29,2024-08-09,1,Individual,Full
7480,Hilary Lawson,FI,Varsinais-Suomi,60-74,2023-12-27,1,Individual,Post only
7481,Ms Tracy Saunders,SE,Västra Götaland,30-44,2025-06-30,1,Individual,Full
7482,Dr Phillip Powell,DK,Hovedstaden,30-44,2024-09-04,1,Individual,Full
7483,Molly Gregory,SE,Skåne,60-74,2022-10-05,1,Individual,Full
7484,Max Wright,,Varsinais-Suomi,75+,2024-09-06,3,Individual,Post only
7485,James Ford,FI,Varsinais-Suomi,18-29,2022-12-29,1,Individual,Email only
7486,Tony Roberts-Murray,FI,Pohjois-Pohjanmaa,45-59,2023-10-19,2,Individual,Full
7487,Paul McKenzie-Taylor,FI,Pirkanmaa,30-44,2025-05-17,2,Trust,Email only
7488,Victoria Lee,FI,Uusimaa,45-59,2024-12-18,2,Individual,Post only
7489,Beth Mann,DK,Hovedstaden,60-74,2023-12-07,5,Individual,Email only
7490,Mr Wayne Bell,SE,Stockholm,45-59,2025-07-06,3,Individual,Full
7491,Simon Kaur,SE,Uppsala,30-44,2023-12-19,2,Individual,Full
7492,Ryan Edwards,FI,Pohjois-Pohjanmaa,45-59,2022-12-27,1,Individual,Post only
7493,Mr Abdul Lewis,DK,Midtjylland,30-44,2022-12-17,1,Individual,Full
7494,Hayley Greenwood,FI,Uusimaa,30-44,2023-12-27,6,Individual,Email only
7495,Adam Stewart-Parsons,FI,Uusimaa,45-59,2025-03-27,4,Individual,Email only
7496,Mr Gerard Webb,NO,Rogaland,30-44,2025-08-20,2,Individual,Full
7497,Barry Clarke,SE,Skåne,30-44,2025-08-26,1,Individual,Post only
7498,Leanne Pearce,FI,Varsinais-Suomi,18-29,2023-12-14,1,Individual,Full
7499,Ms Kelly Miller,FI,Pirkanmaa,45-59,2023-04-12,2,Individual,Full
7500,Karl Wilson,NO,Trøndelag,30-44,2022-02-24,1,Individual,Full
7501,Dr Kerry Harris,FI,Pirkanmaa,30-44,2024-05-27,4,Individual,Full
7502,Julie Palmer,DK,Sjælland,45-59,2022-11-12,2,Individual,Full
7503,Alex Hall,NO,Oslo,60-74,2023-12-03,1,Individual,Full
7504,Reece Powell-Lewis,SE,Skåne,18-29,2023-12-15,4,Trust,Full
7505,Trevor Mason-Shaw,SE,Uppsala,75+,2022-08-10,1,Trust,Post only
7506,Mr Colin Ahmed,NO,Trøndelag,45-59,2023-07-24,2,Individual,Full
7507,Dr Julian Miah,FI,Pirkanmaa,45-59,2022-05-08,7,Individual,Full
7508,John Gibbs,DK,Syddanmark,45-59,2023-12-03,4,Corporate,Full
7509,Carole Parker,FI,Pirkanmaa,75+,2025-12-20,1,Individual,Email only
7510,Lisa Fowler,NO,Oslo,30-44,2022-12-05,2,Individual,Email only
7511,Philip Harding-Davies,FI,Varsinais-Suomi,60-74,2025-11-27,3,Individual,Full
7512,Dr Stacey Brown,NO,Vestland,75+,2025-12-30,2,Individual,Full
7513,Kayleigh Wilkinson-Murphy,SE,Stockholm,45-59,2022-12-07,4,Corporate,Full
7514,Mrs Stephanie Jones,FI,Pohjois-Pohjanmaa,60-74,2025-10-25,1,Individual,Full
7515,Leonard Dean,SE,Västra Götaland,18-29,2025-10-19,1,Individual,Full
7516,Declan Ward,FI,Pirkanmaa,45-59,2024-12-19,3,Individual,Full
7517,Maria Willis,SE,Västra Götaland,45-59,2025-02-20,5,Individual,Full
7518,Jake Watson-Young,FI,Uusimaa,60-74,2024-09-15,1,Individual,Email only
7519,Dr Heather Clayton,NO,Oslo,45-59,2022-08-03,2,Individual,Full
7520,Stanley Daniels,FI,Pohjois-Pohjanmaa,60-74,2022-12-10,6,Individual,Email only
7521,Clive Watts,FI,Varsinais-Suomi,45-59,2025-10-18,2,Individual,Full
7522,Nicole Elliott,FI,Uusimaa,30-44,2024-06-02,1,Individual,Full
7523,Dr Aaron Walker,SE,Stockholm,45-59,2025-12-11,2,Individual,Full
7524,Ms Valerie Morgan,DK,Syddanmark,60-74,2025-12-16,3,Individual,Full
7525,Katherine Mitchell,SE,Stockholm,45-59,2023-09-16,1,Individual,Full
7526,Samantha Slater,FI,Pirkanmaa,45-59,2024-04-24,1,Individual,Full
7527,Grace Martin,NO,Rogaland,60-74,2025-12-07,1,Individual,Full
7528,Joe Chamberlain,FI,Pohjois-Pohjanmaa,18-29,2023-12-03,2,Individual,Full
7529,Megan Saunders,FI,Pirkanmaa,45-59,2024-10-02,1,Individual,Email only
7530,Mr Graham Morris,FI,Pohjois-Pohjanmaa,30-44,2024-07-08,2,Individual,Full
7531,Mr Nathan Williams,NO,Rogaland,45-59,2023-04-14,2,Individual,Full
7532,Dr Edward Taylor,FI,Varsinais-Suomi,30-44,2023-12-18,1,Individual,Full
7533,Damian Jones,FI,Pirkanmaa,45-59,2023-05-04,2,Individual,Full
7534,Hazel Morrison,SE,Stockholm,45-59,2024-02-17,1,Individual,Full
7535,Anthony Brown,DK,Syddanmark,30-44,2023-12-31,2,Individual,Full
7536,Megan Andrews,FI,Varsinais-Suomi,75+,2022-02-06,5,Individual,Full
7537,Mr Stewart Williams,FI,Uusimaa,18-29,2024-12-15,1,Individual,Full
7538,Douglas Young-Simmons,SE,Stockholm,45-59,2024-12-09,1,Individual,Full
7539,Mrs Josephine Day,NO,Oslo,45-59,2023-11-21,1,Individual,Full
7540,Danny Wilson,SE,Stockholm,45-59,2024-01-19,1,Individual,Full
7541,Jeffrey Leonard-Atkinson,NO,Rogaland,18-29,2025-06-02,2,Individual,Full
7542,Miss Ellie Horton,DK,Syddanmark,30-44,2023-09-23,5,Individual,Full
7543,Ms Pauline Williams,FI,Varsinais-Suomi,30-44,2024-12-17,1,Individual,Email only
7544,Sylvia Dickinson,DK,Syddanmark,18-29,2024-10-17,3,Individual,Full
7545,Sean Webb-Hughes,SE,Västra Götaland,30-44,2022-05-17,1,Individual,Full
7546,Mrs Grace Waters,DK,Syddanmark,30-44,2023-08-29,1,Individual,Full
7547,Bryan Edwards,DK,Syddanmark,75+,2025-11-24,2,Individual,Full
7548,Suzanne Hardy,DK,Sjælland,30-44,2025-04-11,2,Individual,Full
7549,Ashley Holland-Sanders,FI,Varsinais-Suomi,75+,2024-11-14,4,Individual,Full
7550,Paige Morris-Randall,FI,Pirkanmaa,30-44,2023-10-23,4,Individual,Full
7551,Dr Phillip Humphries,DK,Sjælland,60-74,2022-12-18,3,Individual,Full
7552,Mrs Bethan Cooper,FI,Uusimaa,18-29,2023-08-29,1,Individual,Full
7553,Ms Beverley Cooke,FI,Uusimaa,30-44,2022-08-16,5,Individual,Full
7554,Iain Barnes,SE,Västra Götaland,18-29,2023-05-29,1,Individual,Post only
7555,Leonard Williams,SE,Västra Götaland,18-29,2023-04-22,5,Individual,Email only
7556,Shane Patel,SE,Västra Götaland,30-44,2025-06-03,3,Individual,Email only
7557,Mrs Kelly Campbell,SE,Västra Götaland,18-29,2025-12-13,2,Individual,Email only
7558,Dr Stewart King,FI,Pohjois-Pohjanmaa,30-44,2025-04-09,2,Individual,Full
7559,Dr Marc Wood,FI,Pohjois-Pohjanmaa,75+,2024-02-20,2,Individual,Email only
7560,Oliver Barker,FI,Pohjois-Pohjanmaa,18-29,2022-09-15,2,Trust,Email only
7561,Max Davies,FI,Pohjois-Pohjanmaa,45-59,2025-03-27,1,Individual,Full
7562,Matthew Hudson,FI,Pirkanmaa,45-59,2025-11-08,2,Individual,Full
7563,Katy Chapman,SE,Västra Götaland,45-59,2023-02-27,1,Individual,Full
7564,Ellie Walker,NO,Oslo,45-59,2024-02-09,4,Individual,Full
7565,Lesley Scott-Taylor,DK,Hovedstaden,60-74,2024-01-18,1,Trust,Full
7566,Damien Sanders,FI,Pohjois-Pohjanmaa,18-29,2023-08-02,2,Individual,Full
7567,Dr Raymond Smith,FI,Pohjois-Pohjanmaa,45-59,2025-12-02,1,Individual,Full
7568,Dr Jordan Morgan,SE,Västra Götaland,60-74,2022-03-01,4,Individual,Email only
7569,Vincent Carr,NO,Rogaland,60-74,2022-07-27,1,Corporate,Full
7570,Kim Collins,SE,Uppsala,30-44,2023-05-17,2,Individual,Email only
7571,Damien Warren,DK,Hovedstaden,60-74,2022-05-12,1,Individual,Full
7572,Phillip Pope,FI,Pirkanmaa,30-44,2025-11-30,2,Individual,Full
7573,Cheryl Walker,SE,Stockholm,45-59,2025-12-10,1,Individual,Full
7574,Marilyn Henry,FI,Varsinais-Suomi,75+,2023-09-05,4,Individual,Post only
7575,Ms Hilary Jennings,SE,Västra Götaland,60-74,2025-10-26,1,Individual,Email only
7576,Jordan Baker,DK,Midtjylland,30-44,2023-01-04,2,Individual,Email only
7577,Adrian Moore-Young,NO,Oslo,18-29,2022-12-15,2,Individual,Full
7578,Jemma Pritchard,DK,Sjælland,30-44,2024-12-16,1,Individual,Post only
7579,Josephine Perkins,FI,Varsinais-Suomi,75+,2023-12-28,1,Individual,Full
7580,Grace Williams,SE,Västra Götaland,75+,2023-12-12,1,Individual,Post only
7581,Andrew Fox,DK,Hovedstaden,75+,2022-05-24,2,Individual,Email only
7582,Heather Kirk,NO,Rogaland,18-29,2023-01-28,2,Individual,Full
7583,Howard Henderson,FI,Pirkanmaa,45-59,2024-12-12,1,Individual,Email only
7584,Tracy Lewis,FI,Varsinais-Suomi,45-59,2023-10-20,4,Individual,Post only
7585,Miss Samantha Dawson,SE,Västra Götaland,30-44,2025-10-18,1,Individual,Full
7586,Charlie Howarth-Heath,FI,Pirkanmaa,30-44,2022-04-19,1,Individual,Full
7587,Margaret Walters-White,NO,Trøndelag,30-44,2025-12-03,5,Individual,Full
7588,Mrs Holly Metcalfe,FI,Varsinais-Suomi,60-74,2024-11-22,2,Individual,Full
7589,Reece Jackson,SE,Stockholm,75+,2023-09-18,2,Corporate,Email only
7590,Stephanie Ward,NO,Oslo,60-74,2025-04-08,1,Individual,Email only
7591,Kyle Williams,FI,Pohjois-Pohjanmaa,75+,2023-11-21,2,Trust,Full
7592,Anne Campbell-Bell,FI,Varsinais-Suomi,75+,2023-05-14,1,Individual,Full
7593,Frederick Ingram,SE,Stockholm,45-59,2024-12-01,5,Corporate,Full
7594,Sylvia Wilkinson,SE,Stockholm,30-44,2022-12-12,2,Individual,Full
7595,Mr Allan Lloyd,SE,Skåne,30-44,2024-11-14,6,Individual,Full
7596,Anthony Smith,FI,Pirkanmaa,45-59,2024-12-24,5,Individual,Full
7597,Dr Stuart Singh,NO,Rogaland,18-29,2023-02-12,2,Individual,Full
7598,Denise Morgan-Conway,DK,Midtjylland,75+,2024-12-14,1,Individual,Full
7599,Geraldine Burrows,SE,Skåne,60-74,2023-08-11,2,Individual,Post only
7600,Hannah Chapman,FI,Uusimaa,45-59,2024-12-09,1,Individual,Email only
7601,Bryan Johnson,FI,Uusimaa,45-59,2022-06-25,1,Individual,Full
7602,Antony Noble,FI,Varsinais-Suomi,18-29,2022-09-08,6,Individual,Full
7603,Francesca Allen,SE,Uppsala,30-44,2024-11-08,2,Individual,Full
7604,Natalie Jones,NO,Oslo,18-29,2025-04-06,4,Individual,Full
7605,Nicole Singh,FI,Uusimaa,30-44,2023-12-30,4,Individual,Email only
7606,Dr Mark Johnson,DK,Sjælland,18-29,2022-01-29,1,Individual,Full
7607,Dr Francis Morris,SE,Uppsala,60-74,2025-06-21,1,Individual,Full
7608,Molly Fowler,FI,Pohjois-Pohjanmaa,18-29,2022-05-04,4,Individual,Full
7609,Dr Geoffrey Hodgson,NO,Oslo,60-74,2024-05-29,2,Individual,Full
7610,Timothy Burton,DK,Sjælland,18-29,2022-11-14,1,Individual,Full
7611,Andrea Edwards-Parker,FI,Pohjois-Pohjanmaa,30-44,2025-12-08,2,Individual,Email only
7612,Ben Shepherd-Hamilton,FI,Uusimaa,60-74,2022-11-24,1,Individual,Full
7613,Denise Bray,FI,Pohjois-Pohjanmaa,60-74,2024-09-23,1,Individual,Full
7614,Neil Lewis,SE,Västra Götaland,45-59,2022-09-07,4,Individual,Post only
7615,Dr Steven Thomson,FI,Pohjois-Pohjanmaa,60-74,2024-09-01,2,Individual,Email only
7616,Dr Gavin Parker,FI,Uusimaa,18-29,2023-09-12,2,Individual,Post only
7617,Eleanor Jackson,FI,Varsinais-Suomi,30-44,2022-09-06,5,Individual,Post only
7618,Lynne Reid,FI,Pohjois-Pohjanmaa,30-44,2025-11-09,1,Individual,Email only
7619,Max Brooks,DK,Syddanmark,60-74,2025-08-03,1,Individual,Email only
7620,Jenna Thompson-Barrett,FI,Uusimaa,30-44,2025-01-15,5,Individual,Full
7621,Mr Jonathan Walker,SE,Uppsala,18-29,2022-12-02,2,Individual,Full
7622,Denis Richardson,FI,Uusimaa,30-44,2023-01-19,6,Individual,Full
7623,Carl Pearce-Foster,NO,Vestland,45-59,2024-12-18,4,Individual,Post only
7624,Karl Hunt,NO,Oslo,30-44,2023-12-27,2,Individual,Full
7625,Joanne Dickinson-Smith,SE,Stockholm,75+,2024-08-24,4,Individual,Full
7626,Jill Cooke,NO,Rogaland,30-44,2022-12-26,1,Individual,Post only
7627,Robin Akhtar,FI,Uusimaa,30-44,2022-04-20,2,Individual,Full
7628,Charles Perry-Jackson,FI,Pohjois-Pohjanmaa,18-29,2024-12-14,4,Individual,Post only
7629,Gail Iqbal,NO,Rogaland,60-74,2024-02-19,2,Individual,Full
7630,Dr Ian Richards,FI,Varsinais-Suomi,45-59,2024-12-08,1,Individual,Full
7631,Hayley Mellor,FI,Pirkanmaa,75+,2025-10-10,1,Individual,Full
7632,Joan Russell,SE,Västra Götaland,75+,2025-12-11,1,Individual,Full
7633,Dawn Rose,SE,Uppsala,75+,2024-01-13,3,Individual,Post only
7634,Clare Parkinson,NO,Oslo,60-74,2025-10-29,1,Individual,Full
7635,Mr Timothy Lees,SE,Skåne,60-74,2022-12-26,2,Corporate,Full
7636,Mr Clifford Williams,DK,Midtjylland,30-44,2024-12-03,1,Individual,Full
7637,Susan Lewis-Waters,SE,Västra Götaland,60-74,2024-05-02,4,Individual,Full
7638,Patrick Smith-Nixon,FI,Pohjois-Pohjanmaa,18-29,2025-03-25,1,Individual,Full
7639,Dr Jessica Parker,NO,Trøndelag,60-74,2022-02-12,1,Individual,Email only
7640,Glen Barnes-Cox,FI,Pohjois-Pohjanmaa,45-59,2025-12-13,5,Individual,Full
7641,Dr Connor Moran,FI,Uusimaa,60-74,2022-10-10,2,Individual,Post only
7642,Kenneth Mistry-Fitzgerald,SE,Västra Götaland,60-74,2024-07-29,1,Individual,Full
7643,John Field,FI,Pirkanmaa,45-59,2025-06-26,2,Individual,Full
7644,Dr Stanley Duncan,FI,Varsinais-Suomi,18-29,2025-12-11,4,Individual,Full
7645,Callum Bishop,SE,Uppsala,18-29,2024-12-07,6,Individual,Email only
7646,Irene Graham,,Uusimaa,30-44,2023-04-02,1,Individual,Post only
7647,Wayne Walker-Smith,NO,Oslo,60-74,2023-12-11,3,Individual,Full
7648,Dr Derek Robinson,SE,Västra Götaland,45-59,2022-01-04,1,Individual,Full
7649,William Moran,SE,Västra Götaland,45-59,2022-02-26,5,Individual,Full
7650,Elaine Stewart,NO,Oslo,45-59,2023-12-04,1,Individual,Full
7651,Kathryn Wallace,FI,Pirkanmaa,60-74,2023-11-30,1,Individual,Post only
7652,Gareth Manning,FI,Pirkanmaa,45-59,2025-06-16,2,Individual,Post only
7653,Leslie Edwards-Foster,SE,Stockholm,45-59,2022-04-04,1,Individual,Full
7654,Anthony Richardson,DK,Syddanmark,30-44,2022-08-15,2,Individual,Full
7655,Dennis Moore,NO,Trøndelag,18-29,2022-12-24,5,Individual,Post only
7656,Katherine Matthews-Higgins,SE,Uppsala,60-74,2022-10-28,2,Individual,Email only
7657,Jennifer Steele,FI,Pohjois-Pohjanmaa,18-29,2025-06-27,2,Individual,Full
7658,Shaun Edwards,FI,Uusimaa,30-44,2024-11-14,2,Individual,Full
7659,Mr Luke Wade,SE,Västra Götaland,60-74,2023-06-10,1,Individual,Email only
7660,William Jennings,FI,Pirkanmaa,45-59,2022-10-28,1,Individual,Full
7661,Tina Smith-Hobbs,SE,Skåne,45-59,2024-09-11,4,Individual,Email only
7662,Megan Harris,SE,Västra Götaland,45-59,2024-12-08,3,Individual,Full
7663,Dr Hayley Williams,NO,Trøndelag,60-74,2025-12-23,1,Individual,Email only
7664,Dr Carly Patel,SE,Västra Götaland,60-74,2023-08-03,2,Individual,Full
7665,Hayley Roberts-Baker,SE,Stockholm,60-74,2024-11-22,1,Corporate,Email only
7666,Aaron Wilson-Lloyd,SE,Uppsala,45-59,2023-04-28,1,Individual,Full
7667,Mohammed Bull,SE,Skåne,60-74,2022-09-26,1,Individual,Email only
7668,Dr Mitchell Hutchinson,FI,Pohjois-Pohjanmaa,60-74,2023-12-30,2,Individual,Full
7669,Mrs Jade Harding,SE,Västra Götaland,30-44,2022-12-02,2,Individual,Full
7670,Hugh Duncan,SE,Uppsala,45-59,2025-02-26,1,Individual,Full
7671,Mr Leigh Todd,FI,Pohjois-Pohjanmaa,30-44,2025-04-02,2,Individual,Full
7672,Hazel Horton,FI,Pirkanmaa,18-29,2023-11-07,7,Individual,Email only
7673,Robin Long-Richards,FI,Uusimaa,60-74,2022-05-03,2,Individual,Email only
7674,Gerald Powell,FI,Pirkanmaa,30-44,2023-12-14,1,Individual,Full
7675,Paul Jones,FI,Varsinais-Suomi,60-74,2022-07-06,2,Individual,Post only
7676,Malcolm Bates,SE,Skåne,60-74,2022-02-13,2,Individual,Full
7677,Trevor Brown,SE,Stockholm,30-44,2023-11-07,5,Individual,Full
7678,Dr Bernard Davies,FI,Pohjois-Pohjanmaa,75+,2022-09-02,2,Individual,Full
7679,Sandra Lee,FI,Uusimaa,30-44,2024-02-01,1,Individual,Full
7680,Ms Beth Crawford,FI,Uusimaa,45-59,2025-11-07,1,Individual,Full
7681,Miss Amelia Singh,,Uppsala,45-59,2025-10-03,1,Individual,Post only
7682,Miss Jayne Morris,DK,Hovedstaden,30-44,2022-08-10,3,Individual,Full
7683,Lynn Jennings,FI,Varsinais-Suomi,30-44,2024-10-18,1,Individual,Full
7684,Stanley Davies,NO,Vestland,18-29,2024-04-01,2,Corporate,Full
7685,Laura Williams,SE,Skåne,18-29,2025-10-04,1,Individual,Full
7686,Mr Bryan Bailey,NO,Rogaland,60-74,2024-12-31,1,Corporate,Email only
7687,Ben Bond,SE,Skåne,18-29,2022-10-18,1,Trust,Full
7688,Lindsey Harrison,FI,Uusimaa,75+,2024-11-20,5,Individual,Email only
7689,Dr Beth Jackson,DK,Hovedstaden,60-74,2024-04-04,4,Individual,Full
7690,Dr Hugh Burrows,SE,Skåne,30-44,2022-07-21,1,Individual,Full
7691,Georgina Kaur,FI,Varsinais-Suomi,18-29,2025-12-30,2,Individual,Full
7692,Mr Ian Akhtar,DK,Syddanmark,75+,2022-04-17,4,Individual,Full
7693,Aimee Harris,NO,Vestland,45-59,2023-02-04,1,Individual,Full
7694,Ms Joan Saunders,DK,Syddanmark,75+,2024-12-21,1,Individual,Full
7695,Katherine Evans-White,NO,Vestland,18-29,2025-02-09,1,Individual,Full
7696,Gavin Murphy,DK,Syddanmark,60-74,2022-05-09,4,Individual,Full
7697,Louis Chambers,DK,Midtjylland,30-44,2022-09-16,2,Individual,Post only
7698,Joe Bradley,NO,Trøndelag,60-74,2025-01-19,2,Individual,Email only
7699,Janice Shaw,FI,Varsinais-Suomi,75+,2025-05-14,1,Individual,Email only
7700,Dr Matthew Cole,DK,Syddanmark,60-74,2022-06-06,1,Individual,Full
7701,Ms Rachael Spencer,FI,Pirkanmaa,60-74,2023-03-13,3,Individual,Full
7702,Holly Taylor,SE,Skåne,30-44,2023-05-04,6,Individual,Full
7703,Mr William Frost,SE,Västra Götaland,30-44,2022-07-06,2,Individual,Full
7704,Ms Judith Metcalfe,FI,Pirkanmaa,45-59,2025-01-14,1,Individual,Full
7705,Sharon Jordan,FI,Pohjois-Pohjanmaa,30-44,2025-08-24,1,Individual,Full
7706,Roger Fisher,FI,Uusimaa,45-59,2023-02-28,1,Individual,Full
7707,Vanessa Jones,FI,Varsinais-Suomi,75+,2022-09-18,1,Individual,Email only
7708,Sam Ali,DK,Sjælland,60-74,2025-04-28,1,Individual,Full
7709,Katherine Rees,SE,Skåne,60-74,2022-08-03,1,Individual,Email only
7710,Brett Benson,,Uppsala,75+,2025-12-04,1,Individual,Full
7711,Geraldine Hill,NO,Trøndelag,18-29,2024-03-25,2,Corporate,Full
7712,Ms Kate Clarke,FI,Pohjois-Pohjanmaa,30-44,2024-09-25,1,Trust,Email only
7713,Ann Davison,NO,Rogaland,45-59,2025-10-08,1,Individual,Full
7714,Dr Geoffrey Richards,FI,Pohjois-Pohjanmaa,45-59,2022-10-22,2,Individual,Full
7715,Samuel Carr,NO,Vestland,45-59,2024-07-31,1,Corporate,Full
7716,Valerie Cox,SE,Stockholm,60-74,2023-05-26,2,Individual,Full
7717,Jake Ahmed-Johnson,FI,Pohjois-Pohjanmaa,75+,2022-09-08,4,Individual,Full
7718,Eric Graham,SE,Stockholm,30-44,2022-01-04,2,Individual,Full
7719,Jacqueline Lambert,FI,Varsinais-Suomi,60-74,2024-07-29,4,Individual,Full
7720,Colin Thompson,FI,Varsinais-Suomi,30-44,2023-04-14,2,Individual,Email only
7721,Mrs Alexandra Nicholls,DK,Hovedstaden,18-29,2023-12-22,1,Individual,Full
7722,Mr Frank Baker,NO,Trøndelag,30-44,2025-03-19,3,Individual,Full
7723,Douglas Reed,SE,Västra Götaland,30-44,2025-06-04,1,Individual,Email only
7724,Josephine Howells,SE,Skåne,60-74,2023-05-22,1,Individual,Full
7725,Lindsey Lewis,SE,Skåne,60-74,2025-12-01,5,Individual,Full
7726,Brett Walsh,FI,Uusimaa,30-44,2023-09-11,1,Corporate,Full
7727,Dr Iain Pearson,DK,Hovedstaden,75+,2022-06-08,3,Individual,Full
7728,Lewis Wong,DK,Midtjylland,75+,2022-12-23,4,Individual,Full
7729,Dr Andrew Green,SE,Uppsala,30-44,2024-08-11,3,Individual,Full
7730,Nicholas Sheppard,FI,Pirkanmaa,30-44,2023-03-10,3,Individual,Full
7731,Mohammed Smith,FI,Pohjois-Pohjanmaa,18-29,2022-08-07,7,Individual,Full
7732,Dr Mitchell Finch,FI,Pirkanmaa,60-74,2023-09-01,1,Individual,Post only
7733,Gordon Howard,FI,Uusimaa,30-44,2024-10-17,1,Individual,Email only
7734,Elaine Carr,SE,Stockholm,45-59,2024-10-02,3,Individual,Full
7735,Sean Thomas,FI,Pohjois-Pohjanmaa,45-59,2025-12-02,1,Individual,Full
7736,Mrs Janet Spencer,NO,Oslo,60-74,2024-12-09,3,Individual,Full
7737,Miss Brenda Cooke,FI,Pohjois-Pohjanmaa,60-74,2023-12-28,1,Individual,Full
7738,Shirley Wilson,DK,Sjælland,18-29,2022-11-21,1,Individual,Full
7739,Dr Dominic Bradley,SE,Uppsala,60-74,2024-12-21,1,Individual,Email only
7740,Dr Jacob Ball,FI,Pirkanmaa,60-74,2023-09-04,1,Individual,Full
7741,Caroline Chadwick,NO,Vestland,75+,2023-12-26,2,Individual,Full
7742,Molly Parker,SE,Skåne,45-59,2024-08-22,1,Individual,Post only
7743,Ms Suzanne Smith,SE,Uppsala,18-29,2024-07-24,1,Individual,Full
7744,Lorraine Smith,FI,Pirkanmaa,60-74,2022-07-10,4,Individual,Full
7745,Miss Lindsey Cook,FI,Pohjois-Pohjanmaa,60-74,2025-02-11,3,Individual,Full
7746,Rhys Griffiths,FI,Varsinais-Suomi,30-44,2025-11-16,1,Individual,Email only
7747,Mrs Paula Murphy,FI,Varsinais-Suomi,45-59,2023-02-06,1,Individual,Full
7748,Iain Smith,SE,Uppsala,18-29,2023-06-06,3,Individual,Full
7749,Henry Atkins,DK,Midtjylland,60-74,2023-08-26,4,Individual,Email only
7750,Rachel Clarke,NO,Rogaland,60-74,2023-12-28,2,Individual,Full
7751,Dr Donald Waters,FI,Pirkanmaa,45-59,2024-01-05,1,Individual,Full
7752,Georgia Field,DK,Sjælland,75+,2024-02-13,4,Individual,Full
7753,Mrs Zoe Morley,DK,Syddanmark,75+,2024-03-31,5,Individual,Full
7754,Mr Adrian Bray,FI,Pirkanmaa,30-44,2022-10-22,6,Individual,Full
7755,Josh Wright,FI,Varsinais-Suomi,18-29,2022-09-11,2,Individual,Email only
7756,Dr Alan Harris,FI,Pohjois-Pohjanmaa,45-59,2023-07-24,1,Individual,Full
7757,Wendy Williams,SE,Uppsala,45-59,2024-12-12,1,Trust,Full
7758,Trevor Fisher,NO,Vestland,45-59,2023-12-08,1,Individual,Email only
7759,Ms Susan Hammond,FI,Pohjois-Pohjanmaa,30-44,2025-12-24,1,Individual,Email only
7760,Peter Brown-Thomson,FI,Pirkanmaa,45-59,2022-07-14,1,Individual,Full
7761,Raymond Davies,NO,Trøndelag,45-59,2023-08-22,1,Individual,Full
7762,Dr Iain Walker,SE,Uppsala,45-59,2022-05-18,1,Individual,Post only
7763,Catherine Vaughan,FI,Varsinais-Suomi,18-29,2023-02-07,4,Individual,Full
7764,Gerald Owen,FI,Varsinais-Suomi,45-59,2022-11-17,1,Individual,Full
7765,Danny Brown-Randall,FI,Pirkanmaa,60-74,2024-04-11,6,Individual,Full
7766,Rosemary Lane,SE,Uppsala,30-44,2025-12-05,1,Individual,Full
7767,Joyce Rhodes,FI,Pohjois-Pohjanmaa,30-44,2024-11-05,1,Individual,Email only
7768,Frank Jones-Owen,FI,Pohjois-Pohjanmaa,45-59,2024-04-28,1,Individual,Email only
7769,Jennifer Harding-Holland,FI,Pohjois-Pohjanmaa,45-59,2022-05-24,2,Individual,Email only
7770,Norman Carroll,FI,Pohjois-Pohjanmaa,45-59,2025-03-21,3,Individual,Full
7771,Lewis Murphy,SE,Skåne,18-29,2023-06-04,1,Individual,Full
7772,Elliott Evans,FI,Pirkanmaa,75+,2023-02-04,2,Individual,Email only
7773,Ms Dawn Morrison,FI,Varsinais-Suomi,18-29,2022-12-21,2,Individual,Full
7774,Wayne Fox,FI,Uusimaa,75+,2025-12-04,3,Individual,Full
7775,Jasmine Ryan,FI,Pohjois-Pohjanmaa,45-59,2022-12-04,2,Individual,Full
7776,Antony Fox,NO,Oslo,75+,2024-08-15,1,Individual,Full
7777,Louise Saunders-Rogers,NO,Rogaland,45-59,2022-05-24,2,Individual,Full
7778,Dr Connor Francis,FI,Varsinais-Suomi,60-74,2025-05-02,1,Trust,Email only
7779,Jack Crawford,FI,Uusimaa,45-59,2022-10-19,1,Corporate,Full
7780,Jasmine Skinner,SE,Skåne,30-44,2025-03-04,1,Individual,Full
7781,Miss Lauren Marsh,DK,Syddanmark,18-29,2023-11-11,5,Individual,Full
7782,Dr Bryan Brooks,NO,Trøndelag,30-44,2023-11-19,5,Individual,Post only
7783,Derek Pratt-Marshall,FI,Varsinais-Suomi,30-44,2023-08-07,1,Individual,Full
7784,Gareth Clayton,SE,Västra Götaland,75+,2024-04-16,1,Individual,Email only
7785,Christian Abbott,SE,Skåne,60-74,2025-12-19,4,Individual,Full
7786,Joan Quinn-Thomas,DK,Hovedstaden,45-59,2022-09-02,1,Individual,Email only
7787,Charlie Hughes,NO,Rogaland,18-29,2025-10-10,1,Individual,Full
7788,Janice Harris,FI,Varsinais-Suomi,45-59,2024-10-11,1,Individual,Full
7789,Hannah Walters,DK,Syddanmark,30-44,2022-05-17,6,Individual,Email only
7790,Ronald Jackson,DK,Syddanmark,30-44,2022-02-11,1,Individual,Full
7791,Mathew James,DK,Hovedstaden,30-44,2022-01-27,1,Individual,Full
7792,Amy Brown,FI,Uusimaa,45-59,2024-10-15,1,Individual,Email only
7793,Valerie O'Sullivan-Brown,,Stockholm,18-29,2023-10-17,6,Individual,Full
7794,Natasha Morgan,FI,Varsinais-Suomi,18-29,2025-03-29,1,Individual,Full
7795,Mitchell Burton,FI,Pohjois-Pohjanmaa,60-74,2024-07-08,2,Individual,Full
7796,Joanna Collins,DK,Hovedstaden,60-74,2022-12-07,2,Individual,Post only
7797,Dr Simon Chambers,NO,Vestland,30-44,2025-05-04,4,Individual,Full
7798,Dr Katherine Haynes,NO,Rogaland,60-74,2025-09-06,3,Individual,Full
7799,Ben Brady-Miller,FI,Uusimaa,45-59,2022-08-21,4,Individual,Full
7800,Ms Katie Bailey,SE,Västra Götaland,60-74,2025-01-27,2,Individual,Full
7801,Miss Tina Hargreaves,NO,Trøndelag,18-29,2025-04-02,6,Individual,Full
7802,Janet Alexander,FI,Pirkanmaa,60-74,2024-11-17,1,Individual,Full
7803,Mr Guy Thomas,DK,Midtjylland,75+,2025-05-24,2,Individual,Email only
7804,Ann Booth,FI,Pohjois-Pohjanmaa,30-44,2025-07-09,2,Individual,Full
7805,Miss Elaine Taylor,DK,Sjælland,45-59,2024-12-05,5,Individual,Full
7806,Ms Geraldine Jones,FI,Uusimaa,60-74,2022-10-23,3,Individual,Full
7807,Ms Abigail Barrett,SE,Uppsala,45-59,2022-12-08,1,Individual,Full
7808,Hannah Smith,FI,Pirkanmaa,30-44,2024-11-01,4,Individual,Full
7809,Joanne Burton-Smith,NO,Vestland,60-74,2022-12-02,2,Individual,Full
7810,Dr Maureen Hunt,FI,Uusimaa,18-29,2024-06-21,1,Individual,Full
7811,Mr Ricky Jones,SE,Västra Götaland,45-59,2022-12-13,2,Individual,Full
7812,Alison Lane,FI,Pohjois-Pohjanmaa,75+,2024-05-18,1,Individual,Full
7813,Diane Smith,NO,Vestland,45-59,2025-07-08,5,Individual,Full
7814,Lynne Miles,NO,Vestland,75+,2024-12-26,1,Individual,Full
7815,Mrs Joanna Walker,FI,Pohjois-Pohjanmaa,60-74,2024-12-02,3,Individual,Full
7816,Carolyn Craig-Nicholson,NO,Rogaland,60-74,2022-04-30,1,Individual,Full
7817,Wayne Jones,NO,Oslo,45-59,2023-12-04,2,Corporate,Full
7818,Bernard Howell,SE,Stockholm,30-44,2025-08-11,5,Individual,Post only
7819,Mr Phillip James,SE,Stockholm,60-74,2023-06-13,1,Individual,Full
7820,Miss Margaret Davies,FI,Uusimaa,30-44,2024-12-30,6,Individual,Full
7821,Lee Mason,DK,Sjælland,75+,2022-04-13,3,Individual,Email only
7822,Shaun Stone-Rogers,,Oslo,60-74,2022-11-04,2,Individual,Full
7823,Teresa Duncan,NO,Oslo,75+,2025-11-15,5,Individual,Full
7824,Miss Leanne Brown,FI,Pirkanmaa,60-74,2024-11-06,3,Individual,Full
7825,Mr Martyn Jones,FI,Pohjois-Pohjanmaa,30-44,2023-09-23,2,Individual,Email only
7826,Geraldine Riley,DK,Syddanmark,60-74,2022-02-16,2,Individual,Full
7827,Helen Freeman,SE,Skåne,30-44,2024-11-21,4,Individual,Full
7828,Lynn Brown,FI,Uusimaa,60-74,2025-01-23,5,Individual,Full
7829,Joanna Reed,,Pohjois-Pohjanmaa,30-44,2022-12-07,2,Individual,Full
7830,Martyn Ford,FI,Varsinais-Suomi,45-59,2023-05-26,3,Individual,Full
7831,Matthew Roberts,FI,Pohjois-Pohjanmaa,18-29,2025-03-29,6,Individual,Email only
7832,Henry Osborne,SE,Uppsala,30-44,2024-02-04,2,Individual,Full
7833,Marian Baker,DK,Syddanmark,45-59,2022-07-15,4,Individual,Full
7834,Shaun White-Banks,DK,Midtjylland,45-59,2024-08-16,2,Individual,Post only
7835,Ms Dawn Talbot,DK,Sjælland,45-59,2025-12-25,1,Individual,Full
7836,Miss Hollie Harris,FI,Pohjois-Pohjanmaa,45-59,2023-06-09,5,Corporate,Full
7837,Brian Andrews,FI,Pohjois-Pohjanmaa,18-29,2022-12-17,2,Individual,Full
7838,Leslie Bradley,NO,Oslo,60-74,2024-03-27,1,Individual,Full
7839,Dr Bryan Patel,FI,Pohjois-Pohjanmaa,45-59,2025-02-06,2,Individual,Full
7840,Dr Gerald Moore,FI,Varsinais-Suomi,60-74,2024-05-15,1,Individual,Full
7841,Dr Billy Clark,SE,Skåne,45-59,2024-11-28,1,Individual,Full
7842,Diana Martin,DK,Syddanmark,60-74,2024-03-28,6,Corporate,Post only
7843,Hugh Law,FI,Varsinais-Suomi,60-74,2023-12-05,2,Individual,Full
7844,Richard Evans-Bell,DK,Hovedstaden,30-44,2022-01-24,1,Individual,Full
7845,Lynda Robertson-White,NO,Vestland,60-74,2023-12-04,1,Individual,Full
7846,Sally Lyons,DK,Syddanmark,30-44,2025-03-16,2,Individual,Email only
7847,Ms Melissa Fox,DK,Hovedstaden,30-44,2022-12-05,1,Individual,Email only
7848,Mr Conor Hooper,FI,Varsinais-Suomi,45-59,2022-10-12,2,Individual,Email only
7849,Mr Anthony Edwards,FI,Pohjois-Pohjanmaa,60-74,2024-07-18,2,Individual,Full
7850,Iain Smith-Hill,NO,Rogaland,45-59,2025-12-24,3,Individual,Full
7851,Dr Sheila Wyatt,SE,Stockholm,45-59,2022-04-25,4,Individual,Full
7852,Donald Robinson,FI,Varsinais-Suomi,60-74,2023-12-06,1,Individual,Full
7853,Miss Susan Bolton,FI,Pirkanmaa,75+,2022-04-26,1,Individual,Full
7854,Mrs Tina Rahman,DK,Midtjylland,60-74,2025-12-30,1,Individual,Full
7855,Roy Howarth-Newton,NO,Vestland,18-29,2022-06-04,2,Individual,Full
7856,Mr Jeremy Griffiths,FI,Varsinais-Suomi,30-44,2025-03-17,4,Corporate,Email only
7857,Tracey Jones,SE,Västra Götaland,75+,2024-10-19,2,Individual,Full
7858,Geraldine Evans,FI,Pirkanmaa,60-74,2024-11-07,3,Corporate,Full
7859,Melissa Ward,FI,Varsinais-Suomi,45-59,2022-04-06,3,Individual,Full
7860,Conor Davies,FI,Uusimaa,45-59,2023-11-26,2,Individual,Email only
7861,Dr Samantha Dickinson,NO,Rogaland,30-44,2025-12-30,2,Individual,Full
7862,Dr Neil Evans,FI,Pirkanmaa,18-29,2023-11-18,2,Individual,Full
7863,Dr Anthony Martin,NO,Vestland,45-59,2024-12-26,1,Individual,Full
7864,Justin Williams,SE,Skåne,18-29,2025-09-21,2,Individual,Email only
7865,Joshua Whitehead,FI,Varsinais-Suomi,75+,2022-03-15,1,Individual,Full
7866,Mr Danny Gray,FI,Uusimaa,30-44,2023-01-05,1,Individual,Full
7867,Bryan Tomlinson-Jones,FI,Uusimaa,60-74,2025-04-17,5,Individual,Full
7868,Anna Thompson,NO,Trøndelag,45-59,2025-06-01,1,Individual,Email only
7869,Charlene Jackson-Davies,SE,Uppsala,30-44,2022-11-10,6,Corporate,Post only
7870,Glen Porter,NO,Vestland,60-74,2024-04-11,4,Individual,Full
7871,Aaron Watkins,FI,Pohjois-Pohjanmaa,18-29,2024-07-11,5,Individual,Email only
7872,Christian Henderson,FI,Varsinais-Suomi,45-59,2024-02-02,3,Individual,Full
7873,Dr Louise Vaughan,SE,Uppsala,30-44,2023-12-18,2,Individual,Full
7874,Suzanne King,FI,Pohjois-Pohjanmaa,75+,2025-04-13,2,Individual,Email only
7875,Sylvia Stevens,NO,Oslo,60-74,2025-07-01,4,Individual,Full
7876,Ms Julia Evans,FI,Uusimaa,45-59,2022-06-29,1,Trust,Email only
7877,Maureen Smith-Wright,NO,Trøndelag,60-74,2024-12-10,1,Corporate,Post only
7878,Luke Sharp-Evans,SE,Stockholm,45-59,2024-12-18,1,Individual,Full
7879,Hilary Wheeler,DK,Sjælland,18-29,2023-10-25,1,Individual,Full
7880,Stanley Graham,FI,Varsinais-Suomi,45-59,2025-12-15,4,Individual,Post only
7881,Lee Kay,SE,Skåne,45-59,2024-11-21,2,Corporate,Full
7882,Eleanor Tucker,SE,Västra Götaland,30-44,2023-05-13,2,Individual,Full
7883,Patrick Wallace-Hartley,SE,Skåne,45-59,2025-06-11,1,Individual,Full
7884,Brenda Fisher,SE,Skåne,60-74,2022-04-02,5,Corporate,Full
7885,Dr Leonard Hawkins,NO,Trøndelag,30-44,2022-12-24,3,Individual,Email only
7886,Janet Smith,FI,Pirkanmaa,45-59,2022-11-05,1,Individual,Email only
7887,Mrs Sophie Davey,DK,Sjælland,30-44,2025-03-18,1,Individual,Full
7888,Hilary Lewis-Stone,FI,Varsinais-Suomi,30-44,2023-05-21,3,Individual,Full
7889,Georgina Glover-Edwards,FI,Varsinais-Suomi,45-59,2025-10-13,1,Individual,Full
7890,Ellie Ball-Bentley,NO,Oslo,18-29,2022-12-16,1,Individual,Email only
7891,Dr John Grant,NO,Rogaland,45-59,2022-09-29,4,Individual,Full
7892,Eleanor Reed,NO,Rogaland,18-29,2024-12-02,4,Individual,Full
7893,Dr Elizabeth Green,FI,Uusimaa,45-59,2025-03-14,2,Individual,Full
7894,Andrew Thompson-Davies,NO,Rogaland,75+,2025-05-31,6,Individual,Full
7895,Dr William Goddard,SE,Uppsala,45-59,2025-12-18,1,Individual,Full
7896,Damian Roberts,NO,Oslo,60-74,2024-09-18,1,Individual,Email only
7897,Kathryn Edwards,SE,Västra Götaland,30-44,2025-11-05,3,Individual,Full
7898,Yvonne Fisher,DK,Sjælland,18-29,2022-06-06,5,Individual,Email only
7899,Liam Myers-Bailey,DK,Hovedstaden,30-44,2022-07-23,5,Individual,Full
7900,Nathan Williams-Clark,NO,Trøndelag,30-44,2022-10-21,6,Individual,Email only
7901,Hannah Rees,NO,Trøndelag,60-74,2025-12-13,6,Individual,Full
7902,Ms Lydia Morgan,NO,Trøndelag,30-44,2022-03-31,1,Individual,Full
7903,Victoria Atkinson-Carey,SE,Uppsala,45-59,2025-11-05,2,Individual,Full
7904,Benjamin Conway,FI,Uusimaa,45-59,2023-09-07,5,Individual,Full
7905,Molly Clarke,NO,Trøndelag,45-59,2023-11-19,1,Individual,Full
7906,Raymond Lee,DK,Sjælland,45-59,2025-07-12,4,Individual,Full
7907,Billy Davidson,SE,Stockholm,60-74,2025-03-22,1,Individual,Full
7908,Marc Butler,SE,Skåne,30-44,2022-04-02,3,Individual,Full
7909,Howard Briggs,NO,Oslo,60-74,2023-10-14,1,Individual,Full
7910,Douglas Smith,DK,Sjælland,30-44,2025-12-05,6,Individual,Full
7911,Ms Nicole Dunn,FI,Pirkanmaa,30-44,2023-08-14,2,Individual,Full
7912,Connor Khan,NO,Rogaland,30-44,2022-12-06,1,Individual,Full
7913,Marion Holden-Miles,FI,Uusimaa,30-44,2023-02-08,2,Individual,Full
7914,Georgia Walker,SE,Stockholm,45-59,2024-03-03,4,Individual,Full
7915,Dale Hunter,SE,Stockholm,60-74,2025-02-01,7,Individual,Email only
7916,Dr Mark Miller,SE,Västra Götaland,60-74,2024-12-10,1,Individual,Full
7917,Georgina Kirby,FI,Uusimaa,45-59,2025-12-22,3,Individual,Full
7918,George Miller,FI,Pirkanmaa,60-74,2022-12-19,2,Individual,Email only
7919,Irene Harris-Bishop,FI,Pohjois-Pohjanmaa,30-44,2025-10-13,1,Individual,Full
7920,Josh Smith,FI,Uusimaa,60-74,2024-05-02,2,Individual,Full
7921,Dr Brett Jones,SE,Västra Götaland,45-59,2023-01-31,6,Individual,Post only
7922,Eleanor Law,SE,Skåne,30-44,2024-03-12,2,Individual,Full
7923,Mrs Eleanor Bennett,SE,Stockholm,30-44,2024-09-13,3,Individual,Full
7924,Dr William Walker,FI,Varsinais-Suomi,45-59,2025-03-12,1,Individual,Email only
7925,Dr Louise Dodd,NO,Vestland,45-59,2023-04-05,5,Individual,Full
7926,Harriet Rees,FI,Pohjois-Pohjanmaa,30-44,2024-03-30,1,Individual,Email only
7927,Lynda Cook-Dale,SE,Västra Götaland,30-44,2025-09-12,2,Individual,Full
7928,Billy Wong,DK,Syddanmark,60-74,2025-05-31,1,Individual,Full
7929,Olivia Foster,SE,Skåne,45-59,2022-01-17,5,Individual,Full
7930,Charles Davies-O'Neill,SE,Västra Götaland,18-29,2024-05-16,1,Individual,Full
7931,Andrea Rogers,DK,Syddanmark,60-74,2024-06-10,5,Individual,Full
7932,Mrs Beverley Davies,NO,Vestland,60-74,2023-12-02,1,Individual,Full
7933,Arthur Summers,,Uppsala,45-59,2023-06-22,1,Individual,Email only
7934,Dr Iain Coleman,FI,Pohjois-Pohjanmaa,30-44,2025-09-04,1,Individual,Full
7935,Anna Young,FI,Uusimaa,45-59,2022-06-10,4,Individual,Full
7936,Nicole Noble,SE,Uppsala,45-59,2024-08-13,2,Individual,Full
7937,Dr Lynn Miller,SE,Västra Götaland,75+,2023-03-19,1,Individual,Full
7938,Mohammed King,NO,Trøndelag,18-29,2023-12-23,1,Individual,Full
7939,Shaun Harper,SE,Skåne,60-74,2024-11-06,1,Individual,Full
7940,Gavin Lewis,FI,Pohjois-Pohjanmaa,30-44,2024-12-17,2,Individual,Full
7941,Jake Noble,SE,Stockholm,45-59,2023-07-26,1,Individual,Full
7942,Mr Dylan Todd,DK,Sjælland,18-29,2023-12-10,2,Individual,Post only
7943,Nicole Parker-Smith,NO,Vestland,75+,2023-04-08,1,Individual,Email only
7944,Dr Mohammad Smith,SE,Skåne,18-29,2022-03-22,1,Individual,Full
7945,Amber Williams,SE,Uppsala,45-59,2025-06-19,2,Corporate,Email only
7946,Allan Grant,FI,Pohjois-Pohjanmaa,60-74,2023-07-15,1,Individual,Full
7947,Victoria Elliott,FI,Pohjois-Pohjanmaa,75+,2024-09-10,2,Individual,Post only
7948,Craig Hussain,SE,Uppsala,75+,2023-07-13,1,Individual,Full
7949,Rebecca Kelly,SE,Skåne,30-44,2025-11-01,1,Individual,Full
7950,Dr Julian Harding,FI,Varsinais-Suomi,60-74,2022-12-23,1,Individual,Email only
7951,Barbara Phillips,FI,Pohjois-Pohjanmaa,60-74,2025-12-20,2,Individual,Full
7952,Mrs Hollie Jones,NO,Vestland,18-29,2023-03-06,1,Individual,Full
7953,Bryan Wade,FI,Pohjois-Pohjanmaa,18-29,2022-05-27,1,Individual,Full
7954,Frank Morgan,FI,Varsinais-Suomi,75+,2024-04-28,2,Individual,Full
7955,Jordan Hall,NO,Trøndelag,75+,2024-03-09,1,Individual,Email only
7956,Ms Abigail Mitchell,FI,Varsinais-Suomi,45-59,2022-12-31,1,Individual,Full
7957,Mrs Georgia Thompson,FI,Varsinais-Suomi,45-59,2023-05-16,4,Individual,Full
7958,Terry Dixon,FI,Varsinais-Suomi,60-74,2023-07-05,1,Individual,Full
7959,Tom Powell,DK,Sjælland,60-74,2023-12-03,1,Individual,Full
7960,Joshua Baker,DK,Midtjylland,60-74,2023-07-01,2,Individual,Email only
7961,Ms Margaret Burton,FI,Varsinais-Suomi,45-59,2023-12-18,3,Individual,Email only
7962,Damian Davis-Bibi,FI,Varsinais-Suomi,45-59,2025-06-24,4,Individual,Full
7963,Marian Hawkins-Lewis,FI,Uusimaa,45-59,2025-03-22,4,Individual,Full
7964,Frederick Yates,NO,Trøndelag,60-74,2022-09-25,2,Individual,Full
7965,Carolyn Hancock,FI,Pirkanmaa,60-74,2023-08-29,3,Individual,Full
7966,Elliott Wilson,DK,Syddanmark,45-59,2022-03-08,3,Individual,Email only
7967,Catherine Payne-Harris,SE,Skåne,30-44,2023-04-02,1,Individual,Email only
7968,Gordon Watkins,SE,Uppsala,30-44,2022-09-11,5,Individual,Full
7969,Mr Alexander Horton,SE,Uppsala,18-29,2025-08-19,3,Corporate,Full
7970,Louis Stewart,NO,Oslo,60-74,2023-12-08,2,Individual,Full
7971,Dr Lynda Parker,NO,Oslo,45-59,2023-11-21,1,Individual,Full
7972,Mrs Amelia Winter,SE,Uppsala,18-29,2024-12-19,1,Individual,Full
7973,Declan Hammond,DK,Midtjylland,60-74,2024-11-12,6,Individual,Full
7974,Jonathan Gardner,NO,Vestland,30-44,2024-02-01,1,Individual,Full
7975,Dr Gerald Thomson,DK,Syddanmark,60-74,2022-12-08,1,Individual,Full
7976,Dr Julie Hawkins,FI,Varsinais-Suomi,75+,2025-05-04,1,Individual,Full
7977,Callum Davison,FI,Pohjois-Pohjanmaa,30-44,2025-09-24,1,Individual,Full
7978,Sian Connor,FI,Varsinais-Suomi,45-59,2025-12-20,1,Individual,Full
7979,Holly Willis,FI,Varsinais-Suomi,60-74,2022-02-13,2,Individual,Full
7980,James Ali,SE,Skåne,45-59,2024-10-25,1,Individual,Full
7981,Sylvia Greenwood,FI,Pirkanmaa,60-74,2023-12-25,2,Individual,Full
7982,Robert Allen,NO,Rogaland,45-59,2022-12-28,3,Individual,Full
7983,Guy O'Connor,SE,Västra Götaland,45-59,2025-06-12,2,Individual,Post only
7984,Paige Jenkins,NO,Trøndelag,45-59,2022-03-27,4,Individual,Post only
7985,Annette Barker,NO,Trøndelag,75+,2025-10-03,2,Individual,Full
7986,Aaron Bray,NO,Trøndelag,45-59,2025-11-18,4,Individual,Email only
7987,Marian Hall,SE,Uppsala,60-74,2024-09-08,1,Individual,Full
7988,Ryan Barber-Chan,NO,Rogaland,60-74,2025-01-17,5,Individual,Full
7989,Kimberley Phillips,DK,Sjælland,75+,2022-11-14,1,Individual,Full
7990,Kelly Reeves-Williams,FI,Varsinais-Suomi,60-74,2024-08-05,5,Individual,Full
7991,Amy Hawkins-Godfrey,NO,Rogaland,18-29,2023-05-29,1,Individual,Post only
7992,Dr Janet Cook,FI,Pohjois-Pohjanmaa,30-44,2023-04-12,3,Individual,Email only
7993,Dr Leonard Edwards,DK,Sjælland,60-74,2022-11-23,1,Individual,Full
7994,Jacqueline Richardson,FI,Uusimaa,30-44,2024-08-27,1,Individual,Full
7995,Francis Howard,SE,Uppsala,30-44,2023-12-16,1,Individual,Email only
7996,Teresa Skinner-Taylor,NO,Trøndelag,30-44,2024-03-14,2,Individual,Email only
7997,Jamie Hill,FI,Varsinais-Suomi,30-44,2025-04-09,1,Individual,Email only
7998,Sian Burke,NO,Rogaland,45-59,2023-12-22,1,Individual,Email only
7999,Declan Howells-Heath,DK,Sjælland,30-44,2025-01-23,4,Individual,Full
8000,Russell O'Neill,SE,Västra Götaland,30-44,2022-12-01,5,Individual,Full
8001,Dr Mathew Burns,SE,Stockholm,30-44,2025-09-13,1,Individual,Email only
8002,Dorothy Singh,DK,Hovedstaden,75+,2024-12-19,1,Individual,Full
8003,Hayley Jackson,SE,Stockholm,75+,2025-12-04,2,Individual,Full
8004,Keith Smith,DK,Syddanmark,45-59,2023-10-24,2,Individual,Email only
8005,Tracey Evans-Parker,FI,Varsinais-Suomi,60-74,2024-04-04,1,Individual,Full
8006,Josh Pearce,FI,Uusimaa,75+,2023-06-22,1,Individual,Full
8007,Mr Karl Morgan,FI,Pohjois-Pohjanmaa,60-74,2023-09-16,2,Individual,Full
8008,Alexander Fraser,FI,Varsinais-Suomi,60-74,2024-02-27,2,Individual,Full
8009,Judith Richards-Clarke,FI,Pohjois-Pohjanmaa,60-74,2024-11-25,3,Individual,Full
8010,James Wilkins,FI,Pohjois-Pohjanmaa,18-29,2024-07-29,5,Individual,Full
8011,Brenda Middleton,SE,Uppsala,75+,2022-10-03,1,Individual,Full
8012,Dr Aaron Brown,FI,Varsinais-Suomi,18-29,2022-12-28,2,Individual,Full
8013,Bernard Jones,NO,Oslo,75+,2023-03-21,1,Individual,Email only
8014,Andrew Ellis,NO,Vestland,45-59,2022-03-22,3,Individual,Full
8015,Toby Craig,FI,Varsinais-Suomi,60-74,2025-10-10,3,Individual,Email only
8016,Lee Foster,DK,Hovedstaden,18-29,2025-02-24,6,Individual,Full
8017,Dennis King,SE,Uppsala,18-29,2022-04-18,5,Individual,Full
8018,Kim Wood,,Uppsala,75+,2025-11-12,3,Individual,Full
8019,Owen Simmons,SE,Uppsala,18-29,2025-12-25,4,Individual,Full
8020,Peter Pugh-Cunningham,DK,Midtjylland,60-74,2024-08-07,2,Individual,Full
8021,Declan Fleming,NO,Vestland,60-74,2023-08-29,2,Individual,Email only
8022,Olivia Jones,NO,Trøndelag,30-44,2024-04-14,4,Individual,Full
8023,Dr Angela Harris,SE,Västra Götaland,45-59,2025-01-26,3,Individual,Full
8024,Nathan Thompson,FI,Pirkanmaa,75+,2023-09-29,2,Individual,Full
8025,Mr Marcus Woodward,DK,Sjælland,75+,2022-12-28,1,Trust,Full
8026,Amanda Cox,DK,Sjælland,45-59,2024-12-22,6,Individual,Full
8027,Carolyn Hall,NO,Vestland,30-44,2023-11-04,1,Individual,Full
8028,Dr Mohamed Stanley,FI,Varsinais-Suomi,18-29,2022-01-03,1,Individual,Email only
8029,Christian Walton,FI,Pohjois-Pohjanmaa,60-74,2023-11-27,4,Individual,Full
8030,Ashley Burton,SE,Västra Götaland,30-44,2022-01-17,4,Individual,Email only
8031,Ms Deborah Craig,FI,Pirkanmaa,75+,2023-01-04,1,Corporate,Full
8032,Jay Griffiths,FI,Pirkanmaa,45-59,2025-12-15,2,Individual,Full
8033,Hannah Patel,FI,Varsinais-Suomi,45-59,2023-11-27,1,Individual,Full
8034,Terence Jones,FI,Varsinais-Suomi,60-74,2024-11-13,1,Individual,Full
8035,Stanley Jackson,FI,Pirkanmaa,60-74,2022-12-25,3,Individual,Full
8036,Wendy Pollard,NO,Vestland,30-44,2024-12-20,4,Individual,Full
8037,Terry Gilbert,,Trøndelag,45-59,2022-05-10,1,Individual,Email only
8038,Miss Angela Dunn,SE,Stockholm,45-59,2024-09-13,1,Individual,Full
8039,Steven Hill,SE,Uppsala,30-44,2025-06-13,2,Individual,Full
8040,Leon Jones,FI,Pirkanmaa,75+,2025-10-08,5,Individual,Email only
8041,Dr Ruth Jones,SE,Västra Götaland,18-29,2022-03-25,2,Individual,Full
8042,Mrs Teresa Thomas,FI,Pirkanmaa,45-59,2024-04-12,4,Individual,Full
8043,Jack Bates,NO,Vestland,75+,2023-12-19,4,Individual,Full
8044,Vincent Fletcher,SE,Uppsala,45-59,2023-12-08,5,Individual,Full
8045,Kathryn Smith,NO,Rogaland,75+,2024-12-17,5,Individual,Email only
8046,Liam Hart,FI,Varsinais-Suomi,30-44,2022-03-29,1,Individual,Post only
8047,Gail Price,FI,Pirkanmaa,75+,2025-12-19,1,Individual,Post only
8048,Liam Newman,FI,Pirkanmaa,18-29,2023-05-27,3,Individual,Post only
8049,Mr Jack Woods,NO,Rogaland,45-59,2025-12-12,5,Individual,Full
8050,Abigail Archer,DK,Syddanmark,60-74,2025-10-05,1,Individual,Full
8051,Katie Hawkins,FI,Varsinais-Suomi,75+,2022-09-14,3,Individual,Full
8052,Jonathan Evans-Hughes,FI,Varsinais-Suomi,60-74,2024-09-20,1,Individual,Email only
8053,Marie Austin,NO,Trøndelag,30-44,2024-03-08,3,Individual,Full
8054,Allan Scott,NO,Rogaland,30-44,2023-12-05,5,Individual,Full
8055,Mrs Nicole Cooper,,Uppsala,60-74,2025-09-15,1,Individual,Email only
8056,Mohammad Bennett-Bird,FI,Pirkanmaa,30-44,2023-07-01,3,Individual,Full
8057,Damian Barnett,DK,Syddanmark,45-59,2022-10-01,1,Individual,Full
8058,Mr Josh Fuller,FI,Uusimaa,45-59,2024-07-17,1,Individual,Full
8059,Miss Jessica Mitchell,,Uppsala,60-74,2022-02-08,6,Individual,Post only
8060,Emma Parry,DK,Hovedstaden,18-29,2025-10-14,1,Individual,Full
8061,Molly Campbell,NO,Trøndelag,18-29,2022-03-23,1,Individual,Full
8062,Maureen Davies,,Västra Götaland,30-44,2022-12-09,4,Individual,Full
8063,Dennis Walton,NO,Rogaland,30-44,2024-07-27,1,Individual,Full
8064,Max Rogers,FI,Pohjois-Pohjanmaa,45-59,2023-12-26,2,Individual,Email only
8065,Kim Stewart,SE,Stockholm,60-74,2023-01-01,1,Corporate,Full
8066,Shannon Smith,SE,Västra Götaland,45-59,2023-04-05,2,Individual,Full
8067,Chelsea Rowe,FI,Pohjois-Pohjanmaa,45-59,2022-08-26,5,Individual,Full
8068,Ms Melanie Jones,FI,Pirkanmaa,45-59,2022-11-12,2,Individual,Full
8069,Raymond McKenzie,FI,Pohjois-Pohjanmaa,45-59,2025-12-15,4,Individual,Email only
8070,Miss Charlene Browne,FI,Varsinais-Suomi,30-44,2025-03-20,1,Individual,Full
8071,Billy Lowe,FI,Pohjois-Pohjanmaa,18-29,2024-12-05,1,Individual,Full
8072,Luke Carter,FI,Uusimaa,45-59,2022-12-11,2,Individual,Full
8073,Harriet Parker,FI,Pohjois-Pohjanmaa,30-44,2023-11-05,4,Trust,Email only
8074,Dr Lawrence Banks,NO,Rogaland,45-59,2024-12-20,4,Individual,Post only
8075,Clive White,SE,Uppsala,30-44,2024-09-09,1,Individual,Full
8076,Francesca Evans,NO,Oslo,18-29,2024-12-01,1,Individual,Full
8077,Chelsea Smith,DK,Midtjylland,30-44,2024-12-14,1,Individual,Email only
8078,Mr Tom Kirk,NO,Vestland,30-44,2023-11-15,2,Individual,Full
8079,Toby Hall,FI,Pohjois-Pohjanmaa,60-74,2024-09-14,1,Individual,Full
8080,Zoe Wright-Jones,,Rogaland,45-59,2022-06-25,1,Individual,Full
8081,Mr Albert Edwards,SE,Skåne,45-59,2025-07-23,1,Individual,Full
8082,Scott Ball,SE,Uppsala,45-59,2024-02-14,3,Individual,Full
8083,Joan Oliver,SE,Västra Götaland,45-59,2024-06-29,2,Individual,Email only
8084,Robert Smith,FI,Varsinais-Suomi,45-59,2024-12-10,2,Individual,Full
8085,Ms Tina Carr,FI,Pirkanmaa,60-74,2025-03-31,2,Individual,Full
8086,Tracey Gilbert,FI,Uusimaa,60-74,2025-08-09,1,Individual,Full
8087,Ellie Davies,FI,Varsinais-Suomi,45-59,2025-09-26,1,Individual,Full
8088,Frank Edwards,FI,Pohjois-Pohjanmaa,75+,2023-09-13,5,Individual,Full
8089,Mr Hugh Brown,SE,Stockholm,30-44,2024-01-09,2,Individual,Full
8090,Julia Arnold,FI,Pirkanmaa,60-74,2025-09-14,1,Individual,Full
8091,Victoria Griffin,,Uppsala,75+,2022-12-15,4,Individual,Full
8092,Aaron Wilkinson,SE,Uppsala,60-74,2025-12-29,1,Individual,Full
8093,Gail Hussain,FI,Varsinais-Suomi,30-44,2023-02-18,4,Individual,Post only
8094,Alison Ashton,SE,Uppsala,30-44,2023-10-04,4,Individual,Email only
8095,Alex Jones,FI,Uusimaa,30-44,2022-04-07,5,Individual,Full
8096,Miss Jennifer Moore,FI,Pirkanmaa,30-44,2023-09-29,1,Individual,Full
8097,Billy Butler,FI,Uusimaa,60-74,2022-04-09,1,Individual,Full
8098,Mrs Julie Ingram,NO,Trøndelag,45-59,2023-12-23,1,Individual,Full
8099,Charlene Akhtar-Lynch,SE,Stockholm,18-29,2024-04-03,1,Individual,Full
8100,Albert George,,Västra Götaland,18-29,2024-08-06,4,Individual,Full
8101,Mr Richard Brown,FI,Varsinais-Suomi,18-29,2023-02-16,1,Individual,Email only
8102,Mr Rhys Stephenson,NO,Trøndelag,60-74,2025-12-24,5,Individual,Full
8103,Mr Arthur Kemp,DK,Hovedstaden,30-44,2025-03-31,1,Corporate,Full
8104,Rachael Allen,SE,Stockholm,75+,2022-08-24,2,Individual,Full
8105,Mr Phillip Hudson,FI,Pirkanmaa,18-29,2025-12-13,4,Individual,Full
8106,Joanne Brown,FI,Varsinais-Suomi,60-74,2024-10-31,5,Individual,Full
8107,Miss Pamela Parker,FI,Uusimaa,18-29,2023-12-18,1,Individual,Full
8108,Victor Walker,NO,Oslo,45-59,2023-11-25,1,Individual,Full
8109,Sylvia Clark,SE,Uppsala,60-74,2024-12-27,4,Corporate,Full
8110,Daniel Williamson,FI,Pirkanmaa,60-74,2025-02-24,3,Individual,Email only
8111,Joanna Palmer,NO,Oslo,45-59,2023-05-30,1,Individual,Full
8112,Alice Clark,SE,Stockholm,45-59,2024-04-25,2,Individual,Full
8113,Ashley Miller,FI,Uusimaa,45-59,2023-03-12,4,Individual,Full
8114,Andrea Shaw,NO,Oslo,45-59,2024-08-28,5,Individual,Email only
8115,Jamie Harrison,DK,Midtjylland,18-29,2024-05-12,1,Individual,Full
8116,Miss Paula McDonald,SE,Västra Götaland,30-44,2022-11-27,2,Individual,Email only
8117,Mr Jeremy Burton,FI,Pirkanmaa,18-29,2023-02-23,5,Individual,Post only
8118,Conor Cross,FI,Varsinais-Suomi,30-44,2022-12-06,1,Individual,Full
8119,Alice Austin,SE,Stockholm,45-59,2025-12-04,1,Individual,Full
8120,Julia Poole,FI,Pohjois-Pohjanmaa,30-44,2024-01-04,1,Individual,Full
8121,Miss Jennifer Bevan,FI,Pirkanmaa,45-59,2025-09-11,1,Corporate,Full
8122,Mr Elliot Fry,DK,Hovedstaden,18-29,2023-12-07,1,Corporate,Full
8123,Natasha Bibi-King,NO,Oslo,60-74,2025-06-23,6,Individual,Full
8124,Mrs Harriet Walker,DK,Hovedstaden,75+,2023-12-10,2,Individual,Full
8125,Ms Catherine Bryant,NO,Rogaland,30-44,2023-08-18,2,Individual,Full
8126,Elliott Woods,SE,Stockholm,18-29,2023-10-21,2,Individual,Full
8127,Adrian Benson,DK,Midtjylland,60-74,2024-12-17,5,Individual,Full
8128,Mr Edward Martin,SE,Uppsala,30-44,2022-04-17,4,Individual,Full
8129,Leslie Wood,SE,Skåne,18-29,2025-12-15,4,Individual,Full
8130,Mrs Amber Kirby,SE,Skåne,60-74,2022-12-24,1,Individual,Full
8131,Alexander Parry-Smith,FI,Varsinais-Suomi,30-44,2022-09-23,3,Individual,Full
8132,Mr Elliot Fox,FI,Varsinais-Suomi,45-59,2025-02-15,4,Individual,Full
8133,Miss Rosie Brown,DK,Hovedstaden,45-59,2025-12-29,2,Individual,Email only
8134,Georgia Johnson,SE,Stockholm,75+,2022-12-26,2,Individual,Full
8135,Joshua Clark,SE,Uppsala,60-74,2022-10-30,1,Individual,Full
8136,Sophie Thorpe,FI,Pohjois-Pohjanmaa,45-59,2024-12-31,1,Individual,Full
8137,Anthony Simpson-Fox,DK,Syddanmark,30-44,2025-11-29,1,Individual,Email only
8138,Eileen Abbott-Hammond,FI,Uusimaa,30-44,2022-07-30,1,Individual,Email only
8139,Howard Thomas,NO,Oslo,18-29,2025-12-08,1,Individual,Email only
8140,Tina Allen,SE,Skåne,60-74,2024-11-26,1,Corporate,Full
8141,Ms Jessica Jones,FI,Pohjois-Pohjanmaa,30-44,2025-09-21,1,Individual,Full
8142,Dr Jason White,SE,Uppsala,75+,2025-03-17,2,Individual,Full
8143,Deborah Bradshaw,SE,Skåne,60-74,2025-05-31,1,Individual,Full
8144,Jane Matthews,SE,Uppsala,60-74,2025-10-19,2,Individual,Full
8145,Mr Graham Norris,FI,Uusimaa,30-44,2022-12-08,6,Individual,Full
8146,Ashleigh Phillips,FI,Pohjois-Pohjanmaa,75+,2025-08-29,1,Corporate,Post only
8147,Mr Graham Wall,SE,Västra Götaland,60-74,2022-11-06,2,Individual,Full
8148,Mrs Joanna Shaw,,Uppsala,60-74,2023-11-11,2,Individual,Full
8149,Maria Evans,SE,Skåne,45-59,2025-12-06,1,Individual,Email only
8150,Antony Burrows,SE,Skåne,75+,2024-05-27,7,Individual,Email only
8151,Marilyn O'Connor,SE,Skåne,18-29,2023-12-18,2,Individual,Full
8152,Aaron Clark-Johnson,SE,Västra Götaland,60-74,2024-12-21,1,Individual,Email only
8153,Katherine Carter,FI,Pirkanmaa,60-74,2025-12-30,1,Individual,Full
8154,Brett Whitehead,SE,Stockholm,30-44,2024-10-28,3,Individual,Full
8155,Abigail Jenkins-Butler,FI,Uusimaa,45-59,2022-06-12,1,Individual,Full
8156,Deborah Perry,FI,Varsinais-Suomi,60-74,2022-12-15,3,Corporate,Email only
8157,Laura Chadwick,SE,Skåne,30-44,2024-10-09,2,Individual,Post only
8158,Mohamed Carter,NO,Trøndelag,45-59,2024-05-31,3,Individual,Full
8159,Alexander Howells,SE,Uppsala,60-74,2022-10-06,5,Individual,Full
8160,Natasha Bailey,FI,Pohjois-Pohjanmaa,45-59,2022-12-02,1,Individual,Full
8161,Linda Wallace,NO,Vestland,60-74,2022-03-05,1,Individual,Full
8162,Gregory Middleton,SE,Uppsala,45-59,2023-12-16,1,Individual,Full
8163,Max Morton,,Västra Götaland,30-44,2022-02-11,2,Individual,Full
8164,Julia White,FI,Varsinais-Suomi,60-74,2022-06-08,1,Individual,Full
8165,Jake Miller,FI,Uusimaa,30-44,2025-12-03,1,Individual,Full
8166,Miss Carolyn Hicks,DK,Hovedstaden,60-74,2024-12-15,1,Individual,Full
8167,Sandra Vincent,NO,Rogaland,30-44,2022-05-22,2,Individual,Full
8168,Ashleigh Stewart,SE,Skåne,75+,2024-12-19,1,Individual,Email only
8169,Sally Hill,FI,Varsinais-Suomi,60-74,2022-12-22,1,Individual,Email only
8170,Dominic Slater,NO,Oslo,60-74,2025-03-22,6,Individual,Full
8171,Tina Slater,SE,Skåne,75+,2022-08-31,3,Individual,Full
8172,Amber Cox,FI,Pohjois-Pohjanmaa,45-59,2025-10-20,3,Individual,Full
8173,Georgina Rogers,FI,Varsinais-Suomi,75+,2022-10-11,2,Individual,Full
8174,Denis Carr,FI,Pirkanmaa,18-29,2023-09-17,1,Corporate,Full
8175,Benjamin Williams,SE,Stockholm,30-44,2023-06-15,1,Individual,Full
8176,Malcolm Bishop,SE,Stockholm,75+,2022-12-12,5,Individual,Full
8177,Francis Hall-Hunt,DK,Sjælland,45-59,2024-11-23,4,Individual,Full
8178,Margaret Gardner,SE,Skåne,30-44,2024-03-07,3,Individual,Full
8179,Lorraine Edwards,DK,Sjælland,18-29,2025-01-11,4,Individual,Full
8180,Molly Henry,NO,Trøndelag,30-44,2022-01-15,2,Individual,Post only
8181,Max Davidson,DK,Syddanmark,45-59,2024-12-18,6,Individual,Full
8182,Alexandra Taylor,FI,Varsinais-Suomi,60-74,2023-12-09,2,Individual,Email only
8183,Graeme Farmer,NO,Vestland,30-44,2025-12-29,1,Individual,Post only
8184,Sean Gray,FI,Pirkanmaa,45-59,2025-11-23,5,Individual,Full
8185,Dominic Brown-Smith,NO,Rogaland,60-74,2024-10-22,2,Individual,Full
8186,Dr Jake Hunter,SE,Stockholm,45-59,2025-12-14,4,Individual,Full
8187,Rosemary Cole,FI,Pohjois-Pohjanmaa,75+,2024-12-06,5,Corporate,Full
8188,Dr Sara Ellis,FI,Varsinais-Suomi,30-44,2024-12-17,5,Individual,Full
8189,Bernard Gibbs,SE,Västra Götaland,30-44,2023-04-26,1,Individual,Full
8190,Andrew Hudson,DK,Midtjylland,45-59,2023-01-29,5,Individual,Full
8191,Dr Norman Murphy,DK,Sjælland,30-44,2023-12-09,1,Individual,Post only
8192,Leah Russell,DK,Syddanmark,45-59,2022-03-17,5,Individual,Email only
8193,Lisa Hammond,NO,Vestland,30-44,2024-10-14,1,Individual,Full
8194,Stewart Nolan-Cook,FI,Varsinais-Suomi,45-59,2023-10-09,3,Corporate,Email only
8195,Paige Ball,DK,Midtjylland,45-59,2025-06-05,4,Individual,Full
8196,Grace Ali,FI,Pohjois-Pohjanmaa,45-59,2022-06-16,4,Individual,Full
8197,Debra Davies-Ross,FI,Pohjois-Pohjanmaa,18-29,2022-12-05,1,Individual,Post only
8198,Joanna Watts,SE,Stockholm,60-74,2024-12-15,2,Individual,Full
8199,Dr Kenneth Walker,NO,Vestland,30-44,2024-10-16,2,Individual,Full
8200,Hayley Naylor,DK,Sjælland,30-44,2022-08-15,5,Individual,Full
8201,Jason Hooper,SE,Skåne,30-44,2024-12-08,7,Individual,Full
8202,Dr Robin Reynolds,FI,Pohjois-Pohjanmaa,30-44,2024-02-28,1,Corporate,Full
8203,Wendy McLean,SE,Skåne,60-74,2023-03-24,1,Individual,Post only
8204,Dr Alex Clarke,SE,Uppsala,45-59,2024-12-06,5,Individual,Email only
8205,Richard Hamilton,NO,Trøndelag,45-59,2025-04-21,1,Individual,Full
8206,Julie Richards,FI,Pohjois-Pohjanmaa,75+,2023-01-23,2,Individual,Email only
8207,Darren Ellis,SE,Västra Götaland,30-44,2025-09-05,1,Corporate,Email only
8208,Denise Jenkins-Francis,SE,Stockholm,18-29,2024-04-25,2,Individual,Full
8209,Thomas Hughes,FI,Pohjois-Pohjanmaa,45-59,2024-08-13,2,Individual,Full
8210,George Field,FI,Pirkanmaa,45-59,2023-10-28,4,Individual,Full
8211,Dr Andrew Morley,NO,Trøndelag,18-29,2023-04-21,4,Individual,Full
8212,Mrs Mary Wall,DK,Hovedstaden,60-74,2022-11-22,2,Individual,Full
8213,Nigel Baker,DK,Sjælland,18-29,2023-12-10,1,Individual,Full
8214,Debra Thompson-West,FI,Pirkanmaa,75+,2024-12-06,5,Individual,Full
8215,Mr Mathew Clarke,NO,Trøndelag,75+,2024-01-24,2,Individual,Full
8216,Kelly Holmes-Brown,DK,Midtjylland,60-74,2024-12-18,1,Individual,Full
8217,Dr Norman Parker,FI,Pirkanmaa,18-29,2023-06-17,4,Individual,Full
8218,Dr Charles Stevens,FI,Pohjois-Pohjanmaa,18-29,2025-11-15,2,Individual,Full
8219,Pauline Smith,FI,Uusimaa,30-44,2024-03-22,2,Individual,Full
8220,Kayleigh Turner-Hutchinson,FI,Pohjois-Pohjanmaa,30-44,2022-12-02,1,Individual,Full
8221,Dr Dylan Craig,DK,Midtjylland,45-59,2022-05-29,6,Individual,Full
8222,Eric Hudson,SE,Stockholm,30-44,2023-09-03,3,Individual,Full
8223,Danny Newman-Kerr,FI,Uusimaa,30-44,2025-02-21,4,Individual,Full
8224,Mrs Joan Reed,NO,Oslo,30-44,2022-11-30,2,Individual,Full
8225,Luke Potts,DK,Sjælland,45-59,2025-12-05,1,Individual,Full
8226,Jordan Turner,SE,Skåne,45-59,2024-04-06,1,Individual,Full
8227,Sylvia Jennings,DK,Sjælland,30-44,2022-10-19,1,Individual,Full
8228,Julia Taylor,SE,Västra Götaland,60-74,2025-03-06,5,Individual,Full
8229,Marian Sutton,FI,Pohjois-Pohjanmaa,60-74,2025-02-06,4,Individual,Full
8230,Mr Mark Taylor,FI,Varsinais-Suomi,18-29,2025-09-06,2,Individual,Email only
8231,Miss Pamela Taylor,FI,Pirkanmaa,75+,2023-05-27,1,Individual,Full
8232,Julia King,NO,Vestland,45-59,2024-04-27,1,Individual,Full
8233,Victor Finch,NO,Trøndelag,60-74,2025-12-26,2,Individual,Full
8234,Christine Power,SE,Västra Götaland,60-74,2022-09-07,1,Individual,Full
8235,Amy Barrett,FI,Pohjois-Pohjanmaa,30-44,2022-06-26,3,Individual,Email only
8236,Dr Simon Johnson,DK,Midtjylland,60-74,2024-12-14,2,Individual,Email only
8237,Clive Webb,DK,Syddanmark,75+,2022-12-16,2,Individual,Full
8238,Dr Liam Murphy,DK,Hovedstaden,75+,2024-09-24,1,Individual,Full
8239,Hollie Robinson,DK,Sjælland,30-44,2023-04-23,4,Individual,Full
8240,Olivia Williams,FI,Varsinais-Suomi,75+,2023-07-01,1,Individual,Full
8241,Derek McCarthy,SE,Skåne,60-74,2024-10-07,6,Individual,Full
8242,Nicola McCarthy-Williams,NO,Oslo,18-29,2025-02-27,3,Individual,Email only
8243,Mr Craig Ward,SE,Stockholm,30-44,2023-05-02,6,Individual,Full
8244,Alison Bull,FI,Varsinais-Suomi,60-74,2025-12-18,2,Individual,Full
8245,Mr Ashley Hall,FI,Varsinais-Suomi,60-74,2025-05-04,5,Individual,Post only
8246,Eileen Allen,FI,Uusimaa,18-29,2025-12-07,1,Individual,Full
8247,Dr Arthur Porter,FI,Pohjois-Pohjanmaa,45-59,2022-12-24,6,Individual,Full
8248,Vanessa Lloyd,FI,Varsinais-Suomi,18-29,2024-12-09,2,Individual,Full
8249,Dr Trevor Bird,FI,Uusimaa,60-74,2025-12-10,1,Individual,Email only
8250,Mrs Maureen Davies,DK,Sjælland,30-44,2025-09-13,1,Individual,Email only
8251,Mandy Barnes,DK,Hovedstaden,45-59,2023-01-05,4,Individual,Full
8252,Dr Denise Fletcher,FI,Pohjois-Pohjanmaa,45-59,2022-12-18,5,Individual,Full
8253,Mr Ashley Johnson,SE,Västra Götaland,60-74,2022-02-03,3,Individual,Full
8254,Albert Wood-Davies,FI,Pirkanmaa,45-59,2025-02-05,1,Individual,Full
8255,Mr Josh Duncan,SE,Uppsala,30-44,2024-02-07,3,Individual,Full
8256,Amy Knowles,SE,Stockholm,45-59,2022-05-09,1,Individual,Full
8257,Geoffrey Knight-Lewis,DK,Hovedstaden,45-59,2025-05-10,6,Individual,Full
8258,Dr Robin Jones,NO,Trøndelag,18-29,2022-12-22,3,Individual,Full
8259,Ben Talbot,SE,Uppsala,45-59,2023-06-03,1,Individual,Email only
8260,Miss Ashleigh Donnelly,FI,Pirkanmaa,30-44,2023-12-25,1,Individual,Full
8261,Albert Smith,FI,Pirkanmaa,45-59,2022-12-21,2,Individual,Email only
8262,Amber Barton,FI,Pohjois-Pohjanmaa,18-29,2023-03-02,3,Individual,Email only
8263,Ms Kim Jones,SE,Uppsala,30-44,2023-10-30,1,Individual,Email only
8264,Dr Jennifer Watson,,Midtjylland,75+,2024-08-20,5,Individual,Email only
8265,Miss Elizabeth Johnson,FI,Pirkanmaa,45-59,2025-12-03,2,Corporate,Full
8266,Graham Rogers,SE,Västra Götaland,45-59,2024-03-04,1,Individual,Full
8267,Malcolm Weston,,Varsinais-Suomi,60-74,2023-10-30,1,Individual,Full
8268,Mr Craig Mitchell,FI,Pirkanmaa,75+,2024-08-01,1,Individual,Full
8269,Natasha Jenkins-Joyce,FI,Varsinais-Suomi,45-59,2023-11-09,4,Individual,Post only
8270,Mrs Lesley Lewis,FI,Pirkanmaa,45-59,2024-10-24,1,Trust,Email only
8271,Mrs Donna Mitchell,SE,Västra Götaland,30-44,2023-12-18,2,Individual,Full
8272,Jason Johnston,SE,Stockholm,75+,2025-12-01,1,Trust,Full
8273,Joe Ryan,SE,Stockholm,45-59,2023-09-26,2,Individual,Full
8274,Dorothy Brooks,FI,Uusimaa,45-59,2025-11-19,7,Individual,Full
8275,Mr Phillip Cox,SE,Västra Götaland,18-29,2024-12-11,1,Individual,Full
8276,Malcolm Carter,SE,Skåne,18-29,2022-10-04,2,Individual,Full
8277,Mrs Pauline King,DK,Hovedstaden,45-59,2023-12-26,5,Individual,Full
8278,Kathryn Skinner,NO,Rogaland,30-44,2024-09-08,1,Individual,Full
8279,Clare Kelly,NO,Rogaland,45-59,2025-12-11,1,Individual,Full
8280,Kevin Cameron,FI,Pohjois-Pohjanmaa,18-29,2024-10-19,3,Individual,Email only
8281,Andrew Carr-Morton,FI,Uusimaa,45-59,2022-10-22,3,Trust,Full
8282,Joanne Norris,SE,Uppsala,60-74,2023-09-21,1,Individual,Full
8283,Cameron Roberts,SE,Skåne,60-74,2023-03-09,2,Individual,Full
8284,Dr Sandra Richards,DK,Syddanmark,30-44,2025-12-23,2,Individual,Full
8285,Owen Watts,FI,Pirkanmaa,45-59,2023-01-09,1,Individual,Full
8286,Connor Webster,SE,Stockholm,18-29,2022-08-30,3,Individual,Full
8287,Jacqueline Marshall,FI,Pirkanmaa,45-59,2025-12-28,1,Individual,Full
8288,Damien Smith,NO,Vestland,30-44,2025-01-21,1,Individual,Full
8289,Rhys Butler,FI,Pirkanmaa,45-59,2025-09-18,5,Individual,Full
8290,Leanne Hayes,SE,Stockholm,30-44,2022-09-06,2,Individual,Full
8291,Jean West,SE,Stockholm,60-74,2022-12-21,4,Individual,Full
8292,William Lawson,SE,Uppsala,45-59,2025-08-25,2,Individual,Full
8293,Hilary Smith-Green,FI,Pirkanmaa,30-44,2025-09-24,1,Individual,Full
8294,Ms Ashleigh Coleman,NO,Oslo,30-44,2023-12-17,3,Individual,Email only
8295,Mr Kyle Sinclair,SE,Skåne,60-74,2024-09-04,2,Individual,Full
8296,Jamie Harvey,DK,Syddanmark,60-74,2024-12-16,6,Corporate,Full
8297,Mr Robin Evans,,Vestland,30-44,2023-11-18,1,Individual,Full
8298,Jane Gilbert,DK,Sjælland,45-59,2023-02-01,1,Individual,Full
8299,Katie Ali-Booth,FI,Uusimaa,30-44,2024-10-25,1,Individual,Full
8300,Gregory Williams,SE,Västra Götaland,45-59,2022-12-31,4,Individual,Full
8301,Nicola Donnelly,SE,Västra Götaland,30-44,2024-04-07,1,Corporate,Full
8302,Declan Palmer,FI,Uusimaa,45-59,2024-05-30,1,Individual,Full
8303,Mrs Jennifer Wade,SE,Skåne,45-59,2024-12-21,2,Individual,Full
8304,Joan Cook,SE,Uppsala,75+,2025-12-16,2,Individual,Full
8305,Gerald Murphy,DK,Syddanmark,30-44,2025-11-25,4,Corporate,Full
8306,Ms Joanna Jones,DK,Midtjylland,75+,2022-02-04,1,Individual,Full
8307,Dr Joanne Heath,NO,Oslo,45-59,2022-10-26,1,Trust,Full
8308,Gemma Berry,NO,Vestland,75+,2024-09-29,5,Individual,Full
8309,Benjamin Davison,SE,Uppsala,30-44,2022-12-24,1,Individual,Email only
8310,Mr Matthew Kennedy,SE,Uppsala,60-74,2023-10-04,1,Individual,Email only
8311,Jake Sharpe,FI,Pirkanmaa,18-29,2023-11-26,2,Individual,Full
8312,Victor Cooper-Sharp,FI,Uusimaa,30-44,2022-08-18,7,Individual,Full
8313,Dr Tom Preston,FI,Uusimaa,30-44,2022-11-13,1,Individual,Full
8314,Melissa Patel-Mitchell,NO,Trøndelag,18-29,2024-04-05,1,Individual,Post only
8315,Martin Williams,FI,Pohjois-Pohjanmaa,60-74,2023-10-27,3,Trust,Post only
8316,Frederick Walton,FI,Uusimaa,30-44,2024-05-13,4,Individual,Email only
8317,Dean Taylor,NO,Oslo,45-59,2023-12-11,3,Individual,Full
8318,Mrs Carly Gray,NO,Oslo,45-59,2025-09-09,4,Individual,Full
8319,Elaine Webb-Austin,FI,Varsinais-Suomi,30-44,2025-12-27,1,Individual,Full
8320,Dr Stanley Davies,DK,Sjælland,30-44,2023-12-24,4,Individual,Full
8321,Mrs Julia Gould,FI,Pirkanmaa,45-59,2024-12-21,2,Individual,Full
8322,Mr Douglas Foster,FI,Varsinais-Suomi,60-74,2022-12-13,1,Individual,Full
8323,Lee Henry-Evans,FI,Pohjois-Pohjanmaa,30-44,2024-12-15,1,Individual,Full
8324,Hazel Jones-Ferguson,FI,Pohjois-Pohjanmaa,60-74,2023-04-14,1,Individual,Full
8325,Malcolm Holt,NO,Vestland,30-44,2025-11-04,2,Individual,Post only
8326,Dr Rachel North,SE,Uppsala,75+,2022-11-01,3,Individual,Email only
8327,Lisa Stanley-Marshall,FI,Varsinais-Suomi,30-44,2022-11-22,3,Individual,Full
8328,Dr Gordon Jones,FI,Varsinais-Suomi,30-44,2024-01-10,1,Individual,Full
8329,Grace Williams-Smith,,Stockholm,75+,2023-03-05,4,Trust,Full
8330,Mr Barry Clements,SE,Uppsala,75+,2022-11-17,1,Individual,Full
8331,Cheryl Thomas,FI,Pirkanmaa,45-59,2022-07-16,1,Individual,Full
8332,Joanna Hall-Lowe,FI,Uusimaa,45-59,2022-12-29,2,Individual,Full
8333,Lynda Wallis,FI,Pohjois-Pohjanmaa,30-44,2022-11-16,2,Individual,Full
8334,Dr Ruth Brooks,NO,Vestland,75+,2023-02-26,1,Individual,Email only
8335,Harriet Robinson,SE,Västra Götaland,30-44,2025-07-12,1,Individual,Email only
8336,Olivia Baxter,SE,Stockholm,75+,2022-12-16,1,Individual,Full
8337,Natalie Bradley,SE,Stockholm,30-44,2024-04-23,2,Individual,Email only
8338,Leah Edwards,SE,Skåne,18-29,2024-10-26,3,Individual,Full
8339,Leslie Cooper,SE,Skåne,30-44,2024-04-03,4,Trust,Email only
8340,Hilary Wright,SE,Uppsala,45-59,2023-03-29,2,Individual,Full
8341,Olivia Johnson-Clarke,NO,Vestland,45-59,2025-07-25,4,Individual,Full
8342,Liam Ross,SE,Skåne,60-74,2025-12-20,7,Individual,Post only
8343,Kenneth O'Brien,FI,Uusimaa,30-44,2025-11-18,5,Individual,Email only
8344,Jessica Harris,DK,Syddanmark,45-59,2024-12-31,1,Individual,Full
8345,Nicole Sheppard,,Pohjois-Pohjanmaa,30-44,2022-04-14,1,Individual,Full
8346,Stanley Turner,NO,Oslo,60-74,2023-12-02,1,Individual,Full
8347,Robin Lowe,FI,Uusimaa,30-44,2023-12-31,1,Individual,Full
8348,Anna Evans,SE,Uppsala,30-44,2023-10-27,1,Individual,Full
8349,Dr Neil Lloyd,FI,Pohjois-Pohjanmaa,75+,2022-03-30,3,Individual,Full
8350,Cameron Nicholls,NO,Oslo,45-59,2022-12-12,5,Individual,Full
8351,Damien Hope-Taylor,SE,Skåne,45-59,2022-08-12,1,Individual,Full
8352,Victoria Hardy-Gordon,FI,Pirkanmaa,45-59,2023-12-20,1,Individual,Full
8353,Kayleigh Page,SE,Västra Götaland,45-59,2024-08-30,3,Corporate,Full
8354,Janice Spencer-Turner,NO,Rogaland,30-44,2024-09-11,1,Individual,Full
8355,Mrs Beverley Collins,FI,Varsinais-Suomi,60-74,2022-12-16,3,Individual,Full
8356,Cameron Hutchinson,FI,Uusimaa,60-74,2023-12-24,4,Individual,Full
8357,Terry Hall,FI,Uusimaa,30-44,2022-04-29,2,Individual,Full
8358,Margaret Roberts,SE,Uppsala,45-59,2022-11-28,1,Individual,Post only
8359,Simon Brown,,Trøndelag,45-59,2025-08-18,5,Individual,Full
8360,Dr Malcolm Ali,FI,Varsinais-Suomi,30-44,2023-10-29,1,Individual,Full
8361,Mandy Sanderson,FI,Uusimaa,45-59,2024-12-13,2,Individual,Post only
8362,Ms Valerie Brown,FI,Varsinais-Suomi,60-74,2024-04-01,1,Individual,Post only
8363,Henry Williams,FI,Pohjois-Pohjanmaa,30-44,2025-03-01,2,Individual,Full
8364,Ashley Power,NO,Vestland,30-44,2023-12-25,1,Corporate,Full
8365,Kimberley Akhtar-Riley,FI,Pohjois-Pohjanmaa,60-74,2024-12-12,2,Individual,Full
8366,Ms Diane Green,SE,Uppsala,60-74,2023-09-28,2,Individual,Full
8367,Clifford Carter,FI,Varsinais-Suomi,60-74,2022-12-18,1,Individual,Email only
8368,Mrs Lydia Sanders,FI,Pirkanmaa,30-44,2023-04-23,1,Individual,Full
8369,Mr Carl Richardson,NO,Rogaland,45-59,2023-12-17,5,Individual,Full
8370,Abdul Green-Saunders,FI,Pirkanmaa,45-59,2024-04-05,6,Individual,Full
8371,Ms Andrea Herbert,DK,Sjælland,75+,2022-03-26,2,Individual,Full
8372,Paul Henderson,NO,Trøndelag,30-44,2022-02-14,2,Individual,Full
8373,Julie Rose-Stevenson,DK,Midtjylland,30-44,2024-12-02,1,Individual,Post only
8374,Dr Gavin Lambert,SE,Uppsala,30-44,2023-11-11,2,Individual,Full
8375,Craig Hobbs-Jackson,FI,Varsinais-Suomi,60-74,2023-05-06,2,Individual,Full
8376,Gillian Barton,NO,Trøndelag,18-29,2025-08-24,5,Individual,Full
8377,Kelly Hewitt,SE,Västra Götaland,30-44,2022-10-02,1,Individual,Full
8378,Georgina Lewis,SE,Skåne,30-44,2023-11-02,5,Individual,Full
8379,Mr Bryan Ball,FI,Uusimaa,18-29,2022-06-24,4,Trust,Full
8380,Dr Maria Hussain,SE,Uppsala,75+,2022-12-04,2,Trust,Email only
8381,Mr Iain Macdonald,SE,Skåne,60-74,2023-01-06,3,Individual,Full
8382,Zoe Griffiths,SE,Uppsala,60-74,2024-12-25,3,Individual,Full
8383,Mr Mohammed Collins,SE,Västra Götaland,30-44,2025-04-06,3,Individual,Full
8384,Elliott Storey-Pritchard,SE,Stockholm,45-59,2024-12-28,4,Individual,Full
8385,Iain Hill,FI,Uusimaa,60-74,2023-12-16,5,Individual,Full
8386,Teresa Frost,DK,Syddanmark,75+,2022-12-30,1,Individual,Full
8387,Mr Guy Thomas,DK,Hovedstaden,75+,2022-03-24,1,Individual,Post only
8388,Lindsey Williams,FI,Varsinais-Suomi,75+,2022-09-06,7,Individual,Full
8389,Alex Wilkinson,SE,Stockholm,18-29,2025-07-08,1,Individual,Email only
8390,Jill Collins,SE,Västra Götaland,45-59,2025-12-18,6,Individual,Email only
8391,Ben Arnold-Lloyd,SE,Skåne,45-59,2023-06-30,4,Individual,Full
8392,Mohammad Burton,NO,Rogaland,60-74,2023-12-05,6,Individual,Full
8393,Chelsea Williams-Allen,SE,Västra Götaland,60-74,2024-12-03,1,Individual,Full
8394,Mrs Anna Hewitt,,Uppsala,30-44,2024-12-15,2,Corporate,Post only
8395,Ms Jacqueline Jackson,FI,Pohjois-Pohjanmaa,45-59,2022-08-14,2,Individual,Full
8396,Damien Davies,NO,Vestland,45-59,2025-01-21,2,Individual,Full
8397,Justin Fitzgerald,SE,Västra Götaland,75+,2024-06-23,3,Trust,Full
8398,Dr Glenn Rose,SE,Stockholm,60-74,2023-02-14,2,Individual,Email only
8399,Mitchell Graham,FI,Uusimaa,30-44,2023-12-07,1,Individual,Email only
8400,Carol Bentley,SE,Uppsala,30-44,2022-02-04,2,Individual,Full
8401,Miss Anna Collier,DK,Hovedstaden,45-59,2022-11-08,5,Individual,Full
8402,Dr Ross Waters,FI,Pohjois-Pohjanmaa,18-29,2025-09-22,5,Individual,Email only
8403,Sandra Archer,FI,Uusimaa,60-74,2023-07-23,1,Individual,Full
8404,George Brooks,FI,Uusimaa,60-74,2024-12-21,5,Individual,Full
8405,Janet Oliver,SE,Stockholm,45-59,2023-12-15,4,Corporate,Full
8406,Jeremy Johnson,NO,Trøndelag,45-59,2024-11-21,4,Individual,Full
8407,Grace Cox,FI,Pirkanmaa,45-59,2025-07-01,3,Individual,Full
8408,Joe Wilson-Cole,FI,Pohjois-Pohjanmaa,30-44,2025-03-23,1,Individual,Full
8409,Bradley Savage,FI,Pohjois-Pohjanmaa,30-44,2022-10-27,4,Individual,Full
8410,Tom Walker,NO,Rogaland,30-44,2025-02-16,1,Individual,Full
8411,Dr Clive Miles,NO,Vestland,60-74,2022-01-01,2,Individual,Full
8412,Ms Hilary O'Neill,DK,Hovedstaden,60-74,2023-08-05,4,Individual,Full
8413,Dr Harry Smith,NO,Rogaland,30-44,2025-03-24,4,Individual,Post only
8414,Jenna Burton,SE,Västra Götaland,60-74,2022-10-31,4,Individual,Full
8415,Valerie Marsh-Parker,DK,Hovedstaden,30-44,2022-12-29,5,Individual,Post only
8416,Dr Derek Harris,NO,Trøndelag,75+,2024-09-02,7,Individual,Post only
8417,Bethan Hayward-Ahmed,NO,Oslo,30-44,2023-08-17,4,Individual,Full
8418,Joyce Green,SE,Västra Götaland,18-29,2022-12-16,3,Individual,Email only
8419,Andrea Harper,FI,Pirkanmaa,18-29,2024-11-06,1,Individual,Post only
8420,Donna Berry,DK,Sjælland,45-59,2022-12-09,5,Individual,Email only
8421,Ms Kathryn Wilkinson,SE,Västra Götaland,45-59,2024-01-14,5,Individual,Email only
8422,Abigail Potter,SE,Stockholm,45-59,2022-05-08,1,Individual,Post only
8423,Mrs Carole Walker,DK,Sjælland,45-59,2022-09-21,6,Individual,Post only
8424,Denis Morrison,FI,Pohjois-Pohjanmaa,60-74,2022-12-12,4,Individual,Full
8425,Sarah Coleman,FI,Uusimaa,30-44,2023-05-08,1,Individual,Full
8426,Cameron Stanley-Hart,DK,Midtjylland,18-29,2023-05-16,1,Individual,Full
8427,Miss Jasmine Watson,FI,Uusimaa,30-44,2022-11-04,4,Individual,Full
8428,Mr Gerard Smart,FI,Varsinais-Suomi,45-59,2023-10-14,4,Individual,Full
8429,Stephen Harrison,NO,Rogaland,75+,2025-07-09,6,Individual,Full
8430,Ronald Lewis,FI,Pirkanmaa,30-44,2025-12-15,1,Individual,Full
8431,Ben Norton,FI,Varsinais-Suomi,30-44,2024-12-12,5,Individual,Full
8432,Dawn Evans-Stewart,SE,Skåne,30-44,2023-12-28,1,Individual,Full
8433,Mr Brandon James,FI,Pirkanmaa,30-44,2024-11-25,4,Individual,Full
8434,Mr Ian Metcalfe,SE,Uppsala,18-29,2024-10-16,5,Individual,Post only
8435,Clare O'Neill,FI,Uusimaa,18-29,2023-11-16,1,Individual,Full
8436,Lydia Perkins,SE,Uppsala,45-59,2024-12-01,1,Individual,Full
8437,Miss Rosie Walters,FI,Uusimaa,30-44,2022-09-28,1,Individual,Full
8438,Maria Dobson,FI,Pohjois-Pohjanmaa,60-74,2025-10-24,3,Individual,Full
8439,Holly Jones-Baxter,NO,Trøndelag,60-74,2023-03-25,3,Individual,Email only
8440,Guy James,SE,Stockholm,75+,2023-04-29,2,Individual,Full
8441,Dr Heather Crawford,SE,Stockholm,45-59,2022-12-24,5,Individual,Full
8442,Beverley Hunt-Thomas,FI,Pohjois-Pohjanmaa,60-74,2023-09-15,4,Individual,Email only
8443,Carly McDonald,NO,Trøndelag,30-44,2024-12-19,1,Individual,Full
8444,Amy Brown,NO,Trøndelag,60-74,2023-08-08,1,Individual,Full
8445,Dr William Bolton,FI,Pirkanmaa,60-74,2024-05-17,4,Individual,Full
8446,Rachael Bartlett,FI,Pirkanmaa,30-44,2023-12-29,5,Trust,Email only
8447,Trevor Slater,FI,Pohjois-Pohjanmaa,30-44,2023-09-26,6,Individual,Email only
8448,Jessica Thorpe-Hammond,SE,Skåne,18-29,2024-11-22,1,Individual,Full
8449,Amy Hunt,DK,Syddanmark,45-59,2025-05-04,4,Individual,Email only
8450,George Williams,FI,Pohjois-Pohjanmaa,60-74,2025-12-10,2,Individual,Full
8451,Ian Marsden,FI,Pirkanmaa,45-59,2022-12-20,2,Trust,Full
8452,Mr Trevor Walker,,Pohjois-Pohjanmaa,45-59,2024-09-10,5,Individual,Email only
8453,Miss Kayleigh Brown,FI,Uusimaa,45-59,2024-07-31,2,Individual,Full
8454,Albert Gray,FI,Pohjois-Pohjanmaa,30-44,2023-02-03,3,Individual,Email only
8455,Eleanor Kaur,DK,Hovedstaden,60-74,2024-04-19,5,Corporate,Full
8456,Mr Kevin Wood,FI,Varsinais-Suomi,60-74,2022-05-29,1,Individual,Email only
8457,Mr Russell Morris,SE,Stockholm,60-74,2022-02-04,2,Individual,Email only
8458,Sean Ball,SE,Stockholm,60-74,2024-07-27,3,Individual,Post only
8459,Dr Susan John,FI,Uusimaa,30-44,2022-12-25,2,Individual,Full
8460,Jeremy Kemp-Thomas,NO,Trøndelag,18-29,2025-12-15,1,Individual,Full
8461,Dale Fletcher,DK,Midtjylland,45-59,2025-12-08,3,Individual,Full
8462,Jenna Morton,FI,Pohjois-Pohjanmaa,30-44,2022-12-01,4,Individual,Full
8463,Kate Lee,FI,Uusimaa,30-44,2024-12-25,1,Trust,Email only
8464,Ms Teresa Hall,FI,Pohjois-Pohjanmaa,45-59,2025-10-18,1,Individual,Full
8465,Richard Walsh,FI,Uusimaa,45-59,2024-12-04,1,Individual,Email only
8466,Luke Talbot,SE,Uppsala,45-59,2025-04-15,3,Individual,Full
8467,Mr Jack Phillips,NO,Vestland,30-44,2023-12-20,1,Individual,Full
8468,Guy Young,FI,Pirkanmaa,60-74,2022-01-31,1,Individual,Post only
8469,Luke Reynolds,SE,Stockholm,60-74,2023-10-19,1,Individual,Email only
8470,Eileen Stephenson-Jones,NO,Oslo,60-74,2023-12-19,1,Individual,Email only
8471,Damien Walker,SE,Skåne,18-29,2022-12-19,2,Individual,Full
8472,Denis Sinclair,SE,Västra Götaland,60-74,2024-04-26,5,Individual,Full
8473,Brett Taylor,SE,Skåne,75+,2023-01-18,4,Individual,Full
8474,Dale Gallagher,DK,Hovedstaden,30-44,2022-12-27,5,Individual,Full
8475,Jasmine Clarke,SE,Västra Götaland,30-44,2022-11-21,3,Individual,Full
8476,Ms Gemma Thomas,SE,Stockholm,18-29,2024-09-23,5,Individual,Full
8477,Hannah Roberts,FI,Pirkanmaa,60-74,2022-05-07,3,Individual,Full
8478,Mathew Elliott-Barnes,SE,Västra Götaland,30-44,2023-04-30,3,Individual,Email only
8479,Clifford Brown,FI,Pirkanmaa,45-59,2025-10-29,4,Individual,Full
8480,Shaun Green-Hunt,SE,Västra Götaland,60-74,2023-12-20,1,Individual,Full
8481,Mr Mark Woodward,FI,Varsinais-Suomi,45-59,2025-02-24,3,Individual,Full
8482,Ronald Marsh,SE,Stockholm,45-59,2022-12-30,3,Individual,Full
8483,Dr Gemma Carr,SE,Skåne,30-44,2025-12-15,2,Individual,Full
8484,Damien Rogers,SE,Skåne,30-44,2025-09-03,1,Individual,Email only
8485,Dr Jeffrey Barnes,FI,Varsinais-Suomi,18-29,2022-12-27,2,Individual,Post only
8486,Nicola Brooks,DK,Midtjylland,60-74,2022-12-07,2,Individual,Full
8487,Jamie Moss,NO,Oslo,30-44,2024-09-08,1,Individual,Full
8488,Ian Rowley,SE,Stockholm,30-44,2022-05-29,1,Individual,Full
8489,Dr Gerald Green,FI,Varsinais-Suomi,30-44,2022-01-11,2,Individual,Full
8490,Elizabeth Goodwin,NO,Rogaland,75+,2025-07-21,6,Individual,Full
8491,Julia O'Neill-Moore,SE,Uppsala,60-74,2025-05-25,1,Corporate,Full
8492,Jane Smith,NO,Oslo,45-59,2023-11-08,1,Individual,Full
8493,Mary Patel,FI,Varsinais-Suomi,45-59,2024-05-31,1,Individual,Full
8494,Jay Cooper,FI,Varsinais-Suomi,45-59,2024-06-26,1,Individual,Email only
8495,Mr Mitchell Wilson,FI,Pohjois-Pohjanmaa,45-59,2025-09-05,3,Individual,Email only
8496,Jake Barnes,SE,Uppsala,30-44,2023-03-30,1,Individual,Full
8497,Joanna Bryan,FI,Pirkanmaa,45-59,2022-10-27,2,Individual,Post only
8498,Brenda Winter,NO,Trøndelag,60-74,2024-10-02,2,Individual,Full
8499,Carole Jones,NO,Oslo,45-59,2024-11-12,1,Individual,Full
8500,Dr Kyle Vincent,FI,Pohjois-Pohjanmaa,45-59,2023-12-23,7,Individual,Full
8501,Harry Clarke,NO,Trøndelag,18-29,2025-08-09,6,Individual,Full
8502,Jordan Scott,SE,Skåne,45-59,2022-12-21,1,Individual,Email only
8503,Dr Shaun Gordon,DK,Syddanmark,45-59,2025-04-07,2,Individual,Full
8504,Ruth Watson,FI,Uusimaa,75+,2022-11-03,1,Individual,Email only
8505,Ms Beverley Lloyd,DK,Hovedstaden,45-59,2025-12-17,5,Individual,Full
8506,Joanna Turner,,Pirkanmaa,45-59,2023-08-01,2,Individual,Post only
8507,Ryan Burke-Whittaker,SE,Västra Götaland,18-29,2023-02-24,1,Individual,Full
8508,Jill Nolan,NO,Rogaland,30-44,2025-12-18,2,Individual,Full
8509,Mr Gerald Pearson,SE,Västra Götaland,45-59,2025-04-02,1,Individual,Email only
8510,Joanne Marshall-Griffiths,FI,Pohjois-Pohjanmaa,30-44,2023-10-14,2,Individual,Full
8511,Mr Martyn White,FI,Pohjois-Pohjanmaa,18-29,2025-02-13,2,Individual,Email only
8512,Anthony Wilkins,FI,Pirkanmaa,60-74,2022-02-19,6,Individual,Post only
8513,Ben Moss,SE,Skåne,45-59,2023-07-14,2,Individual,Full
8514,Lynn Richardson,SE,Uppsala,45-59,2025-05-21,1,Individual,Full
8515,Gary Graham-Begum,DK,Syddanmark,30-44,2024-09-01,1,Individual,Full
8516,Peter Watson-Barnett,FI,Varsinais-Suomi,45-59,2022-05-09,2,Individual,Full
8517,Hollie Gibbs,SE,Uppsala,75+,2023-12-28,1,Individual,Full
8518,Mr Jonathan Jones,FI,Pirkanmaa,30-44,2022-10-18,1,Individual,Full
8519,Barry Hayes,SE,Västra Götaland,45-59,2025-03-14,2,Individual,Full
8520,Vincent Peacock,FI,Pohjois-Pohjanmaa,45-59,2025-12-09,2,Individual,Post only
8521,Melanie Morgan,FI,Pirkanmaa,45-59,2023-12-27,1,Individual,Full
8522,Rachel Harrison,FI,Uusimaa,75+,2025-02-18,4,Individual,Full
8523,Vanessa Baldwin,FI,Pirkanmaa,75+,2025-06-16,1,Individual,Email only
8524,Dr Aaron Atkins,FI,Pirkanmaa,75+,2023-05-14,2,Individual,Full
8525,Karen James,NO,Vestland,18-29,2025-01-10,3,Individual,Email only
8526,Mathew Farrell,NO,Vestland,30-44,2025-07-27,1,Individual,Full
8527,Elaine Barton,NO,Trøndelag,60-74,2025-12-12,5,Individual,Full
8528,Dr Leah Fowler,FI,Uusimaa,45-59,2023-09-30,1,Individual,Email only
8529,Anne Chambers,NO,Oslo,18-29,2024-12-14,1,Individual,Post only
8530,Ms Helen Blake,SE,Uppsala,60-74,2024-01-02,3,Individual,Full
8531,Bruce Webster,SE,Skåne,30-44,2022-05-26,2,Individual,Post only
8532,Caroline Smith,NO,Oslo,45-59,2022-11-20,1,Individual,Full
8533,Owen Wood,FI,Varsinais-Suomi,18-29,2025-12-16,4,Individual,Full
8534,Mrs Andrea Cox,SE,Uppsala,60-74,2025-01-11,5,Individual,Email only
8535,Liam Lawrence,NO,Rogaland,75+,2023-08-02,4,Individual,Email only
8536,Shannon Bailey,SE,Skåne,30-44,2023-03-12,2,Individual,Full
8537,Aimee Smith-Knight,DK,Syddanmark,45-59,2023-12-06,3,Individual,Email only
8538,Mr Malcolm Burns,DK,Syddanmark,60-74,2023-02-07,2,Individual,Email only
8539,Deborah Walker,FI,Varsinais-Suomi,30-44,2025-12-22,1,Individual,Full
8540,Shannon Turner-Scott,FI,Pohjois-Pohjanmaa,75+,2024-04-04,5,Corporate,Full
8541,Kerry Dixon,FI,Pohjois-Pohjanmaa,60-74,2023-02-19,2,Individual,Email only
8542,Kelly Matthews,SE,Skåne,75+,2023-12-14,4,Individual,Full
8543,Victoria Walker,FI,Pohjois-Pohjanmaa,60-74,2022-12-31,4,Individual,Full
8544,Denis Dean,FI,Pohjois-Pohjanmaa,30-44,2024-11-23,1,Individual,Full
8545,Mrs Melissa Jones,NO,Vestland,30-44,2023-12-28,5,Individual,Full
8546,Jamie Hill,FI,Varsinais-Suomi,18-29,2023-10-25,2,Individual,Full
8547,Gregory Lewis-Smith,FI,Varsinais-Suomi,60-74,2023-12-11,1,Individual,Email only
8548,Kevin Payne,DK,Syddanmark,30-44,2024-10-21,2,Individual,Email only
8549,Timothy Bell,DK,Hovedstaden,75+,2022-08-24,2,Corporate,Full
8550,Charlotte Shaw-Thomas,SE,Stockholm,60-74,2024-11-16,3,Individual,Full
8551,Miss Sarah Thomas,NO,Rogaland,75+,2024-06-24,2,Individual,Full
8552,Ms Amber Johnson,FI,Pirkanmaa,30-44,2023-12-12,1,Individual,Post only
8553,Brett Hicks,FI,Pirkanmaa,30-44,2024-11-06,4,Individual,Full
8554,Mr Joseph Robson,DK,Midtjylland,45-59,2022-10-18,6,Individual,Full
8555,Paul Saunders,SE,Skåne,30-44,2023-12-18,1,Corporate,Full
8556,Dr Dennis Green,SE,Uppsala,45-59,2022-12-11,1,Individual,Full
8557,Mrs Margaret Hughes,,Uusimaa,60-74,2024-11-23,1,Individual,Full
8558,Gerard Collins,FI,Uusimaa,30-44,2022-09-22,4,Individual,Full
8559,Robert Davis,DK,Sjælland,18-29,2025-12-21,5,Individual,Full
8560,Dylan Owens,FI,Uusimaa,60-74,2022-12-20,2,Individual,Full
8561,Kelly Duncan,DK,Midtjylland,60-74,2023-04-16,1,Corporate,Full
8562,Miss Tracy Todd,SE,Skåne,60-74,2022-07-04,2,Individual,Post only
8563,Chloe Jones,FI,Varsinais-Suomi,30-44,2025-09-26,5,Corporate,Full
8564,Kieran Green-Ahmed,,Syddanmark,75+,2024-11-11,4,Corporate,Full
8565,Peter Austin,FI,Uusimaa,45-59,2024-11-03,2,Individual,Full
8566,Beverley Russell,FI,Pirkanmaa,45-59,2023-05-30,1,Individual,Full
8567,Miss Marilyn Fisher,DK,Sjælland,18-29,2023-10-31,5,Individual,Full
8568,Bradley Singh-Pollard,FI,Varsinais-Suomi,45-59,2024-03-11,1,Individual,Full
8569,Dr Kevin Hammond,,Vestland,18-29,2025-04-25,1,Individual,Post only
8570,Cheryl Holt,NO,Vestland,30-44,2024-12-16,2,Corporate,Full
8571,Darren Stevens,SE,Uppsala,60-74,2022-06-23,2,Individual,Full
8572,Julie Curtis,FI,Pirkanmaa,45-59,2023-12-18,1,Individual,Full
8573,Dr Garry Bryan,DK,Hovedstaden,45-59,2024-06-09,2,Individual,Full
8574,Jason Williams-Allen,SE,Stockholm,30-44,2024-03-26,3,Individual,Full
8575,Hayley Powell,DK,Sjælland,45-59,2025-08-30,1,Individual,Full
8576,Amelia Stanley-Francis,SE,Uppsala,45-59,2023-08-26,1,Individual,Full
8577,Dr Denis Parsons,FI,Pohjois-Pohjanmaa,18-29,2022-03-06,5,Individual,Full
8578,Leah Thomas,FI,Varsinais-Suomi,45-59,2025-12-29,1,Individual,Full
8579,Dr Ronald Phillips,SE,Uppsala,60-74,2022-04-01,1,Individual,Email only
8580,Mr Patrick Sharpe,DK,Syddanmark,60-74,2022-12-22,2,Individual,Full
8581,Dr Charles Williams,FI,Pirkanmaa,18-29,2023-12-08,3,Individual,Full
8582,Kimberley Myers-Barrett,DK,Hovedstaden,18-29,2025-06-27,4,Individual,Email only
8583,Naomi Fisher,DK,Midtjylland,45-59,2024-11-07,1,Corporate,Full
8584,Dr Nathan Schofield,SE,Västra Götaland,30-44,2025-11-29,1,Individual,Full
8585,Sylvia Humphreys,FI,Uusimaa,60-74,2023-12-20,1,Individual,Email only
8586,Gillian Burns,FI,Varsinais-Suomi,30-44,2023-12-09,3,Individual,Post only
8587,Francis Harrison,SE,Uppsala,60-74,2023-12-12,1,Individual,Full
8588,Dean Lloyd,FI,Uusimaa,18-29,2024-02-07,1,Individual,Email only
8589,Ian Patel,FI,Pohjois-Pohjanmaa,30-44,2023-09-29,4,Individual,Full
8590,Mr Dean Bruce,SE,Skåne,18-29,2025-12-24,1,Individual,Full
8591,Jodie Gordon,FI,Uusimaa,75+,2024-12-25,3,Individual,Full
8592,Thomas Phillips,FI,Pirkanmaa,60-74,2023-02-24,5,Individual,Full
8593,Richard Owens,SE,Skåne,60-74,2023-09-30,4,Individual,Full
8594,Chelsea Bennett,NO,Trøndelag,45-59,2022-09-03,1,Individual,Full
8595,Christine Ford,SE,Stockholm,30-44,2024-12-22,3,Individual,Full
8596,Bethany Thompson,FI,Varsinais-Suomi,60-74,2025-12-24,3,Individual,Full
8597,Mr Timothy Warren,NO,Vestland,60-74,2024-04-29,1,Individual,Full
8598,Alexander Wallace-Thomson,SE,Stockholm,60-74,2022-08-31,1,Individual,Full
8599,Peter Jones,NO,Trøndelag,30-44,2022-04-28,3,Individual,Full
8600,Conor Peacock,FI,Pirkanmaa,18-29,2023-05-25,1,Individual,Post only
8601,Ms Lauren Jones,FI,Pirkanmaa,18-29,2022-02-02,3,Individual,Full
8602,Rachel Knight,,Stockholm,45-59,2025-12-25,2,Individual,Full
8603,Judith Jones,SE,Västra Götaland,60-74,2022-01-14,2,Individual,Email only
8604,Dr Andrea Bryant,SE,Stockholm,45-59,2024-03-06,1,Corporate,Email only
8605,Alan Macdonald,DK,Sjælland,60-74,2022-11-24,2,Individual,Full
8606,Barry Riley,FI,Varsinais-Suomi,45-59,2023-06-22,1,Individual,Full
8607,Mrs Jemma Evans,FI,Pohjois-Pohjanmaa,60-74,2024-11-12,1,Individual,Full
8608,Terence Coles-Day,FI,Varsinais-Suomi,60-74,2025-12-01,3,Individual,Full
8609,Dr Natalie Taylor,NO,Trøndelag,45-59,2024-04-17,5,Individual,Full
8610,Mohammed Khan,FI,Pirkanmaa,75+,2023-12-09,2,Individual,Full
8611,Mrs Leanne Henderson,SE,Skåne,18-29,2025-12-23,1,Individual,Full
8612,Allan Duffy,SE,Skåne,45-59,2024-04-01,4,Corporate,Post only
8613,Ms Kimberley Dale,DK,Hovedstaden,75+,2023-11-17,1,Individual,Full
8614,Bruce Webster,FI,Pirkanmaa,60-74,2022-08-02,5,Individual,Email only
8615,Donald Howard,NO,Rogaland,45-59,2025-01-17,2,Individual,Post only
8616,Anne Whittaker-Gray,FI,Uusimaa,60-74,2022-10-02,4,Individual,Full
8617,Mr Alan Hill,,Oslo,45-59,2025-12-17,5,Individual,Full
8618,Toby Saunders,SE,Skåne,60-74,2023-03-21,1,Individual,Email only
8619,Dr Rachael Taylor,FI,Pohjois-Pohjanmaa,60-74,2022-11-12,4,Trust,Full
8620,Lynne Mellor,FI,Uusimaa,60-74,2022-08-11,2,Individual,Full
8621,Judith Hopkins,NO,Vestland,60-74,2025-10-01,1,Individual,Email only
8622,Luke Evans,FI,Varsinais-Suomi,30-44,2022-06-03,2,Individual,Full
8623,Dr Lorraine Osborne,FI,Pirkanmaa,18-29,2025-04-20,2,Individual,Full
8624,Mr Brett Knight,NO,Vestland,60-74,2023-11-05,1,Individual,Email only
8625,Mr Roy Evans,FI,Pirkanmaa,30-44,2023-10-15,3,Individual,Full
8626,Lauren Watts,SE,Skåne,60-74,2025-07-15,2,Individual,Full
8627,Brian Simpson,FI,Uusimaa,30-44,2025-05-23,4,Individual,Full
8628,Elizabeth Davies,FI,Pirkanmaa,60-74,2023-01-22,3,Individual,Email only
8629,Mr Jeremy Webster,SE,Västra Götaland,18-29,2024-05-27,1,Corporate,Full
8630,Lynne Barton,NO,Vestland,30-44,2022-03-16,5,Individual,Full
8631,Dr Joel Smith,SE,Skåne,45-59,2023-06-29,2,Individual,Full
8632,Dr Dominic Wright,NO,Vestland,75+,2025-04-15,1,Individual,Full
8633,Bradley Young,DK,Hovedstaden,45-59,2022-07-16,1,Trust,Full
8634,Elliott Adams-Kaur,FI,Pohjois-Pohjanmaa,45-59,2024-12-15,1,Individual,Full
8635,Kayleigh Peters,SE,Skåne,75+,2024-04-19,4,Individual,Email only
8636,Naomi Burns,FI,Pirkanmaa,45-59,2025-10-25,5,Individual,Post only
8637,Rebecca Yates,DK,Hovedstaden,30-44,2023-12-02,2,Individual,Full
8638,Gemma Thompson-Murray,SE,Uppsala,60-74,2023-11-22,6,Individual,Full
8639,Ms Mary Dunn,SE,Uppsala,45-59,2024-05-25,4,Individual,Email only
8640,Dr Francis Hall,FI,Pirkanmaa,45-59,2024-07-08,1,Corporate,Full
8641,Simon O'Connor,NO,Trøndelag,18-29,2024-12-11,4,Individual,Full
8642,Mr Cameron Baker,FI,Varsinais-Suomi,45-59,2022-10-21,4,Individual,Full
8643,Irene Sutton-Taylor,DK,Syddanmark,18-29,2025-12-16,1,Individual,Full
8644,Diana Smith,FI,Pirkanmaa,18-29,2023-06-14,1,Individual,Full
8645,Dr Stanley Baxter,FI,Pohjois-Pohjanmaa,45-59,2022-06-30,4,Individual,Full
8646,Dr Russell Curtis,SE,Skåne,45-59,2023-04-20,1,Individual,Full
8647,Ruth Murphy-Barber,SE,Stockholm,30-44,2023-08-01,1,Individual,Full
8648,Lydia Allen,SE,Västra Götaland,18-29,2023-01-16,1,Individual,Email only
8649,Miss Deborah Wilson,,Pirkanmaa,30-44,2022-12-23,1,Individual,Full
8650,Jordan Williams,DK,Hovedstaden,75+,2022-02-18,1,Individual,Full
8651,Melanie Newman,SE,Västra Götaland,75+,2025-10-12,5,Individual,Full
8652,Dr Clive Bibi,SE,Skåne,45-59,2024-01-24,2,Individual,Full
8653,Dr Damien Begum,SE,Skåne,30-44,2022-12-03,1,Trust,Full
8654,Miss Irene Clark,NO,Oslo,75+,2022-03-07,4,Individual,Full
8655,Jennifer Waters,NO,Oslo,60-74,2023-10-09,1,Individual,Email only
8656,Heather Smith,FI,Varsinais-Suomi,60-74,2023-12-13,2,Individual,Full
8657,Aimee Barrett,FI,Pirkanmaa,60-74,2023-11-08,4,Individual,Full
8658,Mrs Chloe Leonard,FI,Pohjois-Pohjanmaa,30-44,2024-12-26,2,Individual,Full
8659,Mr Martyn Barker,FI,Varsinais-Suomi,18-29,2024-01-28,2,Individual,Full
8660,Ian Berry,FI,Pohjois-Pohjanmaa,45-59,2024-12-11,1,Individual,Email only
8661,Gavin Khan,FI,Pohjois-Pohjanmaa,18-29,2022-02-18,1,Individual,Full
8662,Alison Atkinson,SE,Uppsala,60-74,2024-03-11,2,Individual,Post only
8663,Frank Johnson,SE,Uppsala,30-44,2023-12-07,5,Individual,Email only
8664,Jill George-Wood,SE,Skåne,60-74,2023-12-12,2,Individual,Full
8665,Dr Robert Rice,FI,Uusimaa,30-44,2022-04-09,5,Individual,Full
8666,Claire Moss,FI,Pohjois-Pohjanmaa,30-44,2024-07-20,2,Individual,Email only
8667,Kim Hewitt,SE,Skåne,18-29,2023-02-05,5,Individual,Full
8668,Carol Briggs,FI,Pirkanmaa,60-74,2025-06-11,3,Individual,Full
8669,Lauren Clarke,SE,Västra Götaland,30-44,2025-02-03,2,Individual,Full
8670,Derek Murphy,FI,Uusimaa,18-29,2023-11-02,1,Individual,Full
8671,Daniel Gray,DK,Sjælland,75+,2023-04-10,4,Individual,Full
8672,Antony Smith,SE,Skåne,30-44,2022-06-01,5,Individual,Email only
8673,Adam Burrows-Birch,FI,Pohjois-Pohjanmaa,45-59,2025-04-10,1,Individual,Full
8674,Brian Dunn,DK,Hovedstaden,45-59,2025-01-30,1,Individual,Full
8675,Ms Elizabeth Fletcher,FI,Pohjois-Pohjanmaa,60-74,2022-03-31,1,Individual,Full
8676,Ann Burton,FI,Pohjois-Pohjanmaa,45-59,2024-01-01,2,Individual,Full
8677,Ashleigh Hodgson,NO,Vestland,60-74,2024-09-18,1,Individual,Full
8678,Ms Josephine Horton,DK,Midtjylland,18-29,2025-09-15,5,Individual,Full
8679,Lorraine Cook,FI,Uusimaa,45-59,2023-12-31,2,Individual,Full
8680,Gordon Thomson,SE,Stockholm,75+,2024-01-12,2,Individual,Email only
8681,Ross Bolton,FI,Pirkanmaa,30-44,2022-05-02,1,Individual,Full
8682,Mr Gerald Pollard,DK,Sjælland,75+,2022-06-11,4,Individual,Email only
8683,Miss Diane Pearce,FI,Pohjois-Pohjanmaa,45-59,2025-12-16,5,Individual,Full
8684,Philip Bond,NO,Rogaland,30-44,2023-10-09,1,Corporate,Email only
8685,Julian Macdonald,FI,Uusimaa,45-59,2022-09-28,2,Individual,Full
8686,Mr Roy Powell,SE,Stockholm,18-29,2024-12-10,5,Individual,Post only
8687,Tina Matthews,FI,Varsinais-Suomi,60-74,2023-11-11,1,Individual,Full
8688,Graeme Hutchinson-Hughes,FI,Uusimaa,18-29,2022-09-07,6,Individual,Full
8689,Hannah Hayward,NO,Vestland,60-74,2024-12-01,4,Individual,Full
8690,Annette Walker-Giles,NO,Trøndelag,45-59,2022-06-14,1,Individual,Full
8691,Gordon Cox,SE,Stockholm,45-59,2025-12-17,1,Individual,Full
8692,Ricky Kaur,FI,Pohjois-Pohjanmaa,60-74,2022-12-19,2,Individual,Full
8693,Angela Miles-Hudson,,Varsinais-Suomi,18-29,2023-10-02,2,Individual,Full
8694,Mr Glenn Bryan,FI,Pirkanmaa,45-59,2022-12-21,6,Individual,Full
8695,Matthew Rowe-Knight,NO,Trøndelag,18-29,2024-07-23,2,Individual,Full
8696,Jeremy Allen,FI,Pirkanmaa,30-44,2025-12-28,1,Individual,Full
8697,Dylan Hodgson,FI,Varsinais-Suomi,75+,2023-05-19,1,Individual,Full
8698,Dr William Thomson,FI,Pirkanmaa,18-29,2023-10-26,2,Individual,Email only
8699,Malcolm Atkins-Scott,NO,Rogaland,45-59,2022-10-30,1,Individual,Full
8700,Nigel Palmer-Carter,NO,Trøndelag,30-44,2022-11-30,4,Individual,Email only
8701,Carole Burgess,DK,Sjælland,45-59,2024-01-06,6,Individual,Full
8702,Dr Naomi King,FI,Varsinais-Suomi,18-29,2025-12-30,6,Individual,Full
8703,Norman Webb,FI,Varsinais-Suomi,30-44,2025-12-09,6,Individual,Email only
8704,Joanne Harris,SE,Skåne,18-29,2022-12-12,1,Individual,Full
8705,Ms Ruth Nolan,SE,Västra Götaland,45-59,2025-10-26,2,Individual,Full
8706,Patricia Harrison,FI,Varsinais-Suomi,45-59,2023-10-02,1,Individual,Full
8707,Mary Walker,FI,Uusimaa,30-44,2024-03-20,2,Individual,Full
8708,Mr Graham Wilkinson,NO,Trøndelag,30-44,2022-12-31,4,Individual,Email only
8709,Ms Harriet Murray,DK,Sjælland,60-74,2022-10-13,4,Individual,Full
8710,Holly Hughes,NO,Rogaland,60-74,2024-02-27,1,Individual,Full
8711,Sian Allen-Cox,FI,Pohjois-Pohjanmaa,60-74,2022-04-01,2,Individual,Full
8712,Alexander Little,DK,Sjælland,30-44,2024-12-06,5,Individual,Full
8713,Harriet Smith,SE,Uppsala,30-44,2023-04-25,3,Individual,Full
8714,Kevin Harding,FI,Pirkanmaa,60-74,2024-12-24,5,Individual,Full
8715,Joanne Todd,FI,Uusimaa,18-29,2023-06-18,1,Individual,Full
8716,Gordon Cooper,FI,Pirkanmaa,60-74,2025-12-01,6,Individual,Full
8717,Melanie Dunn,FI,Pirkanmaa,60-74,2023-12-15,1,Individual,Full
8718,Francesca Hodgson,NO,Vestland,45-59,2025-11-09,1,Individual,Full
8719,Aaron Murphy-Thompson,SE,Uppsala,30-44,2025-10-10,4,Individual,Full
8720,Miss Christine Knight,SE,Stockholm,30-44,2025-09-25,3,Individual,Full
8721,Jacqueline Connor-Webb,NO,Rogaland,18-29,2025-04-21,5,Individual,Email only
8722,Patricia Clark,DK,Syddanmark,60-74,2023-12-11,1,Individual,Full
8723,Miss Katherine Fletcher,FI,Varsinais-Suomi,75+,2022-06-16,4,Individual,Full
8724,Mitchell Walker,NO,Trøndelag,30-44,2023-08-29,1,Individual,Email only
8725,Sarah Scott,SE,Stockholm,60-74,2024-09-25,1,Individual,Full
8726,Ms Kimberley Turnbull,NO,Oslo,45-59,2022-01-24,2,Individual,Email only
8727,Valerie Cooper,FI,Uusimaa,75+,2023-03-28,1,Individual,Full
8728,Dr Arthur McLean,FI,Uusimaa,45-59,2022-09-17,1,Individual,Email only
8729,Frank Ryan,SE,Västra Götaland,45-59,2025-09-25,1,Individual,Full
8730,Eric Hart,SE,Västra Götaland,30-44,2022-05-02,1,Individual,Full
8731,Rosie Clark,NO,Rogaland,60-74,2025-12-28,7,Individual,Full
8732,Ms Kerry Carter,NO,Rogaland,45-59,2025-01-17,3,Individual,Full
8733,Lauren Black,FI,Uusimaa,60-74,2022-09-27,1,Individual,Full
8734,Joel Flynn,NO,Trøndelag,60-74,2023-08-06,1,Individual,Email only
8735,Judith White,FI,Uusimaa,60-74,2024-11-01,5,Individual,Full
8736,Joshua Kelly-Cooper,,Pirkanmaa,30-44,2022-12-27,3,Individual,Email only
8737,Russell Pugh,SE,Skåne,60-74,2024-03-08,4,Individual,Full
8738,Patricia Wright,DK,Syddanmark,75+,2023-02-22,1,Individual,Email only
8739,Lynn Smith,SE,Skåne,30-44,2024-04-25,1,Individual,Full
8740,Duncan Walton,SE,Västra Götaland,30-44,2023-12-15,2,Individual,Full
8741,Mr Owen Hammond,DK,Hovedstaden,18-29,2023-08-13,6,Individual,Full
8742,Miss Amanda Ahmed,,Varsinais-Suomi,60-74,2023-06-28,3,Individual,Full
8743,Andrew Shaw,SE,Uppsala,75+,2025-04-23,4,Individual,Full
8744,Frederick Watkins,NO,Oslo,45-59,2022-06-23,4,Individual,Email only
8745,Dr Simon Kirby,,Varsinais-Suomi,30-44,2024-04-01,1,Individual,Full
8746,Dr Hannah Johnson,SE,Skåne,60-74,2023-12-03,1,Individual,Full
8747,Dr Martyn Lee,SE,Västra Götaland,60-74,2023-12-19,3,Individual,Full
8748,Dr Donald Chambers,FI,Varsinais-Suomi,60-74,2024-05-14,5,Individual,Email only
8749,Danny Hunt,FI,Uusimaa,30-44,2024-06-12,1,Individual,Full
8750,Ryan Hughes,SE,Västra Götaland,45-59,2022-12-04,3,Individual,Email only
8751,Jamie Parker,FI,Pirkanmaa,30-44,2022-03-29,1,Individual,Full
8752,Darren Moore,FI,Pirkanmaa,18-29,2023-11-05,2,Individual,Full
8753,Justin James,SE,Uppsala,18-29,2023-12-04,1,Individual,Full
8754,Oliver Gordon,SE,Stockholm,18-29,2024-09-18,2,Individual,Full
8755,Sara Sharp-James,FI,Pirkanmaa,60-74,2023-12-23,2,Individual,Full
8756,Elizabeth Hall,NO,Rogaland,60-74,2022-12-01,1,Individual,Full
8757,Katie Ward,FI,Pohjois-Pohjanmaa,60-74,2025-02-23,4,Individual,Email only
8758,Dr Sarah Brown,FI,Uusimaa,60-74,2022-12-24,1,Individual,Full
8759,Kate Godfrey-Harrison,DK,Sjælland,30-44,2023-10-02,2,Individual,Full
8760,Mr Benjamin Hughes,FI,Uusimaa,30-44,2023-11-19,1,Individual,Email only
8761,Ms Hazel Nicholls,FI,Pohjois-Pohjanmaa,60-74,2024-04-12,5,Individual,Email only
8762,Reece Cooper,FI,Varsinais-Suomi,45-59,2024-12-02,1,Individual,Full
8763,Katherine Ford,SE,Uppsala,18-29,2023-09-05,1,Individual,Full
8764,David Barnes,FI,Uusimaa,30-44,2024-08-16,1,Trust,Email only
8765,Reece Kennedy-Burrows,FI,Varsinais-Suomi,45-59,2025-12-06,5,Individual,Full
8766,Miss Gillian Humphreys,SE,Skåne,30-44,2025-02-27,1,Individual,Full
8767,Mr Dale Winter,DK,Midtjylland,75+,2025-11-20,5,Corporate,Full
8768,Dr Gavin Hussain,SE,Skåne,30-44,2025-04-01,3,Individual,Email only
8769,Owen Smith,SE,Stockholm,45-59,2025-12-30,3,Individual,Full
8770,Dr Louis Dixon,SE,Stockholm,60-74,2022-12-11,1,Individual,Full
8771,Ms Pamela Holland,SE,Skåne,60-74,2025-09-02,5,Individual,Email only
8772,Katie Anderson,FI,Pirkanmaa,60-74,2022-11-17,1,Individual,Full
8773,Leah Saunders,DK,Syddanmark,75+,2022-12-03,1,Individual,Email only
8774,Darren Mitchell,FI,Pohjois-Pohjanmaa,45-59,2024-05-03,1,Individual,Full
8775,Marc Cole,FI,Pohjois-Pohjanmaa,45-59,2025-05-21,4,Trust,Full
8776,Lucy Green-Cook,SE,Västra Götaland,75+,2024-12-09,4,Individual,Email only
8777,Elliot Garner,FI,Pohjois-Pohjanmaa,60-74,2025-12-13,6,Individual,Full
8778,Joanne Fletcher,FI,Pohjois-Pohjanmaa,45-59,2022-06-30,1,Individual,Full
8779,Christian Hughes,NO,Vestland,60-74,2025-03-28,2,Corporate,Full
8780,Dylan Baldwin,FI,Pohjois-Pohjanmaa,60-74,2025-11-19,1,Individual,Full
8781,Dr Leigh Gordon,SE,Stockholm,45-59,2024-05-09,2,Individual,Full
8782,Mrs Jennifer Jones,NO,Oslo,45-59,2022-11-22,4,Individual,Full
8783,Ms Joanne Woodward,FI,Pohjois-Pohjanmaa,30-44,2024-11-05,1,Individual,Full
8784,Georgia Martin-Thompson,SE,Stockholm,18-29,2023-08-30,2,Individual,Email only
8785,Amber Williamson,SE,Västra Götaland,18-29,2022-12-17,1,Individual,Full
8786,Mr Mathew Morgan,FI,Uusimaa,60-74,2023-12-26,1,Corporate,Full
8787,Liam Brown,SE,Västra Götaland,45-59,2024-03-17,5,Individual,Full
8788,Bruce Hill,NO,Trøndelag,30-44,2024-08-21,1,Individual,Email only
8789,Aaron Long,DK,Syddanmark,45-59,2022-09-10,4,Individual,Email only
8790,Garry Wyatt,NO,Rogaland,60-74,2023-06-25,4,Individual,Email only
8791,Dr Christopher Evans,SE,Skåne,30-44,2024-10-10,1,Individual,Full
8792,Mrs Alice Williams,FI,Uusimaa,60-74,2022-09-15,2,Individual,Full
8793,Mrs Beth Barnes,DK,Hovedstaden,30-44,2024-02-22,3,Individual,Full
8794,Russell McDonald,SE,Västra Götaland,18-29,2024-07-19,1,Individual,Full
8795,Barry Brown,SE,Västra Götaland,18-29,2022-12-12,2,Individual,Full
8796,Mandy Allen,,Uppsala,18-29,2022-12-31,4,Individual,Full
8797,Jordan Burns,FI,Uusimaa,45-59,2022-06-18,3,Individual,Full
8798,Miss Linda Powell,DK,Syddanmark,60-74,2022-10-26,6,Individual,Full
8799,Dean Wood,FI,Pohjois-Pohjanmaa,75+,2022-10-20,5,Individual,Post only
8800,Gail Fraser,SE,Skåne,30-44,2025-05-31,3,Individual,Email only
8801,Carl Storey,NO,Oslo,60-74,2022-12-16,3,Individual,Full
8802,Dr Harry Fisher,FI,Varsinais-Suomi,45-59,2022-11-15,1,Corporate,Email only
8803,Dr Hannah Hall,FI,Varsinais-Suomi,30-44,2022-03-15,1,Individual,Full
8804,Damien Walton,NO,Oslo,60-74,2024-12-17,4,Individual,Full
8805,Sophie Patel,DK,Sjælland,18-29,2023-03-25,3,Individual,Post only
8806,Mr Victor Burgess,SE,Uppsala,30-44,2023-04-30,5,Individual,Full
8807,Helen Butler-Hart,FI,Pohjois-Pohjanmaa,60-74,2024-09-06,2,Individual,Full
8808,Douglas Houghton-Lee,DK,Midtjylland,18-29,2025-08-15,3,Individual,Full
8809,Terry Thomas,SE,Uppsala,45-59,2024-07-16,2,Individual,Full
8810,Mrs Lorraine Jones,FI,Pirkanmaa,60-74,2022-11-17,5,Corporate,Post only
8811,Rachael Adams,FI,Varsinais-Suomi,30-44,2022-12-02,1,Individual,Full
8812,Ms Wendy Matthews,NO,Rogaland,18-29,2022-05-25,4,Individual,Full
8813,Vincent Gill,FI,Pirkanmaa,75+,2023-09-10,1,Individual,Email only
8814,Stacey Walters,FI,Pohjois-Pohjanmaa,30-44,2022-11-17,4,Individual,Full
8815,Geoffrey Pratt,FI,Pohjois-Pohjanmaa,60-74,2022-11-22,4,Corporate,Full
8816,Michael Davies,DK,Sjælland,18-29,2025-12-19,1,Individual,Full
8817,Alice Green-Barton,FI,Pirkanmaa,30-44,2024-08-11,6,Individual,Full
8818,Alison Thomas,FI,Pohjois-Pohjanmaa,45-59,2024-12-09,1,Individual,Full
8819,Stacey Morris,SE,Skåne,60-74,2025-12-09,4,Individual,Full
8820,Charlene Ellis,SE,Västra Götaland,18-29,2025-01-23,6,Corporate,Full
8821,Mr Graeme Chapman,FI,Pirkanmaa,45-59,2024-04-29,1,Individual,Full
8822,Julie Leonard,FI,Varsinais-Suomi,45-59,2024-12-01,3,Individual,Full
8823,Pamela French,FI,Pohjois-Pohjanmaa,30-44,2024-05-17,2,Individual,Full
8824,Dorothy Graham-Dunn,SE,Stockholm,45-59,2022-12-28,3,Individual,Email only
8825,Emma Thomas,SE,Uppsala,30-44,2023-11-25,1,Individual,Email only
8826,Mr Richard Adams,DK,Midtjylland,30-44,2022-11-17,6,Individual,Email only
8827,Sharon Dickinson,SE,Skåne,45-59,2025-03-05,3,Individual,Full
8828,Duncan Williams-Stephens,NO,Rogaland,60-74,2023-09-12,5,Individual,Full
8829,Peter Davis,FI,Pirkanmaa,60-74,2024-09-28,5,Individual,Full
8830,Valerie Norman,FI,Varsinais-Suomi,75+,2023-12-15,1,Individual,Email only
8831,Sally Morris,FI,Varsinais-Suomi,60-74,2025-12-01,1,Individual,Full
8832,Robin Hall,DK,Hovedstaden,30-44,2025-07-29,2,Individual,Full
8833,Dr Leon Brown,FI,Pirkanmaa,30-44,2022-12-13,1,Individual,Full
8834,Mr Gavin Day,DK,Hovedstaden,18-29,2023-12-19,2,Individual,Full
8835,Duncan Chapman,SE,Västra Götaland,75+,2024-02-27,2,Individual,Email only
8836,Paige Connor,SE,Uppsala,18-29,2024-04-04,3,Individual,Email only
8837,Joanna Pearson,SE,Västra Götaland,60-74,2023-10-24,1,Individual,Email only
8838,Beth Watson,NO,Rogaland,30-44,2023-12-19,1,Individual,Email only
8839,Bethan Ahmed-Taylor,SE,Uppsala,75+,2022-01-20,1,Individual,Email only
8840,Dale Johnson-Vincent,SE,Stockholm,30-44,2025-08-22,2,Individual,Full
8841,Anthony Morris,FI,Uusimaa,60-74,2024-10-13,2,Individual,Full
8842,Mrs Carly Gordon,FI,Uusimaa,60-74,2024-07-26,2,Individual,Full
8843,Dr Helen Edwards,FI,Varsinais-Suomi,45-59,2024-10-18,6,Individual,Full
8844,William Blake,SE,Skåne,18-29,2022-02-19,2,Individual,Full
8845,Dr Barbara Hutchinson,DK,Syddanmark,45-59,2023-11-16,1,Individual,Full
8846,Stanley Lee,SE,Västra Götaland,45-59,2025-08-20,1,Individual,Full
8847,Rita Smith-Armstrong,NO,Oslo,30-44,2022-07-16,7,Individual,Full
8848,Bethan Edwards,SE,Skåne,18-29,2023-10-13,1,Individual,Full
8849,Stuart Brennan,FI,Uusimaa,45-59,2025-12-06,4,Individual,Full
8850,Mr Joseph Steele,SE,Skåne,45-59,2024-10-19,4,Individual,Full
8851,Linda Smith,DK,Hovedstaden,60-74,2025-12-21,1,Individual,Email only
8852,Craig Law-Simmons,DK,Syddanmark,60-74,2024-06-15,4,Corporate,Full
8853,Dr Benjamin Moore,NO,Rogaland,45-59,2023-01-04,7,Individual,Full
8854,Mr Connor Bradley,FI,Varsinais-Suomi,30-44,2022-12-01,2,Individual,Email only
8855,June Bentley,SE,Västra Götaland,30-44,2025-12-22,4,Individual,Full
8856,Dr Christopher Boyle,NO,Vestland,60-74,2023-04-27,2,Individual,Full
8857,Joseph Edwards,FI,Varsinais-Suomi,18-29,2023-07-27,1,Individual,Full
8858,Sophie Faulkner,SE,Stockholm,60-74,2022-12-04,2,Individual,Full
8859,Dr Glen King,SE,Västra Götaland,60-74,2022-08-31,2,Individual,Email only
8860,Mathew Shaw,NO,Rogaland,18-29,2022-05-20,1,Individual,Full
8861,Valerie Russell,SE,Skåne,60-74,2025-04-23,2,Individual,Full
8862,Hazel James-Hunt,NO,Vestland,60-74,2024-12-14,6,Individual,Email only
8863,Miss Carole Hardy,SE,Skåne,60-74,2025-12-29,2,Individual,Full
8864,Lorraine Willis,NO,Vestland,30-44,2023-12-02,1,Corporate,Full
8865,Jay Patel,FI,Pohjois-Pohjanmaa,18-29,2025-09-16,1,Individual,Full
8866,Chloe Kent,SE,Stockholm,30-44,2023-07-28,4,Individual,Full
8867,Beverley Powell,SE,Västra Götaland,45-59,2024-02-22,6,Individual,Email only
8868,Molly Walsh,,Pohjois-Pohjanmaa,45-59,2025-12-04,6,Individual,Full
8869,Miss Georgia Simpson,FI,Varsinais-Suomi,30-44,2025-10-16,5,Individual,Email only
8870,Natasha Walker,FI,Uusimaa,30-44,2022-09-28,2,Corporate,Post only
8871,Ms Bethan Butler,FI,Pirkanmaa,60-74,2024-12-18,1,Individual,Email only
8872,Ms Lucy King,NO,Oslo,18-29,2023-12-22,1,Individual,Full
8873,Stewart Walsh,SE,Uppsala,45-59,2022-06-30,5,Individual,Full
8874,Hazel Wright,SE,Västra Götaland,60-74,2023-12-18,1,Individual,Full
8875,Geoffrey Wilson-Ahmed,FI,Varsinais-Suomi,45-59,2025-12-23,1,Individual,Full
8876,June Chandler,SE,Västra Götaland,30-44,2024-12-06,5,Individual,Post only
8877,Mandy Preston,SE,Stockholm,30-44,2023-12-03,1,Individual,Email only
8878,Dr Lee Harrison,NO,Trøndelag,45-59,2022-04-10,2,Individual,Full
8879,Craig Kemp,NO,Vestland,45-59,2025-10-29,1,Individual,Full
8880,Clare Kennedy,FI,Pohjois-Pohjanmaa,75+,2023-06-10,4,Individual,Full
8881,Lindsey Smith,FI,Pohjois-Pohjanmaa,18-29,2025-12-07,6,Corporate,Post only
8882,Dylan Jones,NO,Trøndelag,45-59,2025-11-02,3,Individual,Full
8883,Damien Brookes,NO,Oslo,30-44,2024-03-12,1,Individual,Full
8884,Brenda Osborne,NO,Rogaland,30-44,2022-05-20,1,Individual,Post only
8885,Rita Johnson,FI,Uusimaa,60-74,2025-02-07,4,Individual,Full
8886,Dr Declan Fletcher,SE,Uppsala,30-44,2025-06-24,1,Individual,Full
8887,Michelle Parry,FI,Pohjois-Pohjanmaa,75+,2024-10-20,2,Individual,Full
8888,Tracy Burgess,DK,Hovedstaden,75+,2022-09-21,2,Individual,Email only
8889,Dr Hazel Bishop,SE,Stockholm,75+,2025-07-04,3,Individual,Post only
8890,Oliver Green,NO,Trøndelag,18-29,2022-02-01,2,Individual,Full
8891,Dr Suzanne Holt,DK,Sjælland,30-44,2022-11-05,5,Individual,Full
8892,Dr Carly Richards,SE,Uppsala,45-59,2023-06-02,2,Individual,Full
8893,Dr Rachael Nicholls,NO,Rogaland,18-29,2023-03-16,1,Individual,Full
8894,Brandon Holt,FI,Varsinais-Suomi,45-59,2024-09-28,1,Individual,Email only
8895,Lauren Shepherd,SE,Västra Götaland,18-29,2025-07-08,2,Individual,Email only
8896,Julia Lowe,NO,Vestland,45-59,2025-01-04,1,Individual,Full
8897,Nicholas Pritchard,FI,Pohjois-Pohjanmaa,30-44,2023-09-02,2,Individual,Post only
8898,Kate Lawson,FI,Pohjois-Pohjanmaa,30-44,2023-12-31,4,Individual,Full
8899,Dr Brett Turner,NO,Vestland,30-44,2024-09-26,1,Individual,Email only
8900,Karen Wong,SE,Uppsala,30-44,2022-12-13,2,Individual,Full
8901,Garry Allan,SE,Uppsala,30-44,2025-12-30,5,Individual,Full
8902,Dr Allan McKenzie,SE,Uppsala,60-74,2025-09-01,1,Individual,Full
8903,Dr Derek Mitchell,SE,Uppsala,45-59,2022-08-14,2,Individual,Full
8904,Dr Tracy Schofield,NO,Rogaland,75+,2022-12-16,1,Individual,Full
8905,Frances Day,FI,Pohjois-Pohjanmaa,18-29,2025-08-21,5,Individual,Full
8906,Gail Shaw,DK,Sjælland,30-44,2023-03-08,2,Individual,Full
8907,Marilyn Rose,FI,Pirkanmaa,30-44,2023-01-16,1,Individual,Full
8908,Linda Matthews,NO,Rogaland,45-59,2023-03-31,3,Individual,Full
8909,Miss Patricia McDonald,NO,Oslo,30-44,2025-11-10,7,Individual,Email only
8910,Mohammad Smith,FI,Varsinais-Suomi,60-74,2024-09-13,4,Individual,Post only
8911,Mr Mohammad Cameron,FI,Pohjois-Pohjanmaa,30-44,2024-11-02,4,Individual,Full
8912,Joyce Norman-Bennett,SE,Stockholm,45-59,2024-02-05,1,Individual,Email only
8913,Amelia Thomas,NO,Trøndelag,60-74,2023-10-29,1,Individual,Full
8914,Dr Paige Davis,FI,Pohjois-Pohjanmaa,75+,2025-04-28,2,Individual,Email only
8915,Leon Chapman-Gough,DK,Sjælland,60-74,2024-05-08,1,Individual,Full
8916,Allan Mitchell,SE,Uppsala,30-44,2022-05-18,1,Individual,Full
8917,Alan Lucas,NO,Oslo,60-74,2022-10-23,2,Individual,Full
8918,Victoria Whitehouse,DK,Midtjylland,60-74,2024-12-28,1,Individual,Post only
8919,Reece Richards,SE,Skåne,75+,2022-10-28,6,Individual,Full
8920,Gemma Robinson,NO,Rogaland,45-59,2023-11-30,4,Individual,Full
8921,Chelsea Harrison,DK,Hovedstaden,45-59,2023-02-17,5,Individual,Full
8922,Miss Sophie Morgan,DK,Sjælland,30-44,2023-01-09,1,Individual,Post only
8923,Julia Pollard-Smith,NO,Vestland,60-74,2025-07-14,1,Individual,Full
8924,Dr Josh Foster,SE,Uppsala,18-29,2023-02-17,1,Individual,Email only
8925,Caroline Barnes,SE,Västra Götaland,30-44,2022-10-01,1,Individual,Full
8926,Ryan Banks,FI,Pohjois-Pohjanmaa,60-74,2024-02-11,2,Individual,Post only
8927,Mrs Abigail Doyle,FI,Uusimaa,60-74,2025-02-16,1,Individual,Email only
8928,Aimee Elliott,NO,Vestland,45-59,2024-12-07,2,Individual,Full
8929,Mr Donald Mason,DK,Syddanmark,60-74,2022-12-07,4,Individual,Post only
8930,Mr Danny Ford,SE,Skåne,45-59,2022-01-09,2,Individual,Full
8931,Ms Yvonne Reed,FI,Uusimaa,45-59,2022-09-15,1,Individual,Email only
8932,Ms Katie Jackson,DK,Syddanmark,60-74,2025-02-03,2,Individual,Email only
8933,Chelsea May-Wilson,FI,Varsinais-Suomi,45-59,2024-04-27,2,Individual,Full
8934,Mr Duncan Woodward,FI,Pirkanmaa,60-74,2025-05-26,4,Individual,Full
8935,Sian Thomas,FI,Pohjois-Pohjanmaa,18-29,2022-05-22,2,Individual,Full
8936,Miss Linda Shaw,FI,Varsinais-Suomi,30-44,2025-10-01,1,Individual,Full
8937,Mr Rhys Kennedy,FI,Pohjois-Pohjanmaa,60-74,2023-10-07,3,Individual,Email only
8938,Ms Clare Randall,NO,Trøndelag,45-59,2022-05-02,2,Individual,Full
8939,Graeme Joyce-Harvey,DK,Sjælland,60-74,2024-08-31,2,Individual,Full
8940,Aimee Rogers,SE,Stockholm,45-59,2023-09-11,2,Individual,Email only
8941,Joan Davies,SE,Skåne,30-44,2023-12-18,5,Individual,Full
8942,Vanessa Hughes-Harris,SE,Stockholm,45-59,2022-08-18,1,Individual,Full
8943,Ms Yvonne Green,FI,Pohjois-Pohjanmaa,60-74,2023-11-06,1,Individual,Full
8944,Brian West,SE,Stockholm,30-44,2025-03-26,1,Individual,Full
8945,Mr Elliot Holt,SE,Västra Götaland,45-59,2022-11-07,3,Individual,Full
8946,Dr Damian Jones,FI,Uusimaa,45-59,2023-04-27,5,Individual,Full
8947,Ms Lynn Patel,FI,Varsinais-Suomi,30-44,2023-12-30,4,Individual,Full
8948,Sharon Potts-Barrett,SE,Stockholm,60-74,2025-11-03,2,Individual,Full
8949,Jennifer Davis,SE,Västra Götaland,45-59,2025-12-25,2,Individual,Post only
8950,Kirsty Brown,SE,Stockholm,60-74,2023-12-17,1,Corporate,Full
8951,Eric Knight,FI,Pohjois-Pohjanmaa,60-74,2023-05-22,6,Individual,Full
8952,Sylvia Walsh-Smith,FI,Uusimaa,18-29,2025-12-23,1,Individual,Full
8953,Trevor Wright,SE,Västra Götaland,18-29,2024-06-23,1,Individual,Email only
8954,Joanna Atkinson,NO,Vestland,45-59,2024-08-29,1,Individual,Full
8955,Justin Howarth,DK,Sjælland,60-74,2023-09-22,1,Individual,Full
8956,Dominic Martin,NO,Rogaland,30-44,2022-03-18,3,Individual,Full
8957,Pauline James,SE,Uppsala,30-44,2025-08-03,3,Individual,Post only
8958,Dr Nicholas Evans,FI,Pohjois-Pohjanmaa,45-59,2023-05-06,1,Individual,Full
8959,Andrew Iqbal,NO,Vestland,75+,2025-07-10,1,Individual,Full
8960,Rachel Adams,FI,Pirkanmaa,30-44,2025-12-27,1,Corporate,Email only
8961,Charlotte Rogers-Burton,DK,Sjælland,60-74,2025-11-02,3,Individual,Full
8962,Kieran Ahmed,SE,Stockholm,60-74,2023-12-02,1,Individual,Email only
8963,Marie Manning-Watkins,SE,Uppsala,75+,2022-06-13,2,Corporate,Full
8964,Vanessa Davies,DK,Syddanmark,18-29,2023-04-30,1,Individual,Full
8965,Martin Perry,DK,Hovedstaden,45-59,2023-04-22,5,Individual,Full
8966,Charles Barker,SE,Västra Götaland,60-74,2025-01-13,6,Individual,Full
8967,Sophie Mills,SE,Västra Götaland,45-59,2024-05-11,1,Individual,Full
8968,Brian King,FI,Uusimaa,60-74,2024-07-14,3,Individual,Email only
8969,Hazel Sharpe,DK,Midtjylland,45-59,2023-10-26,1,Individual,Full
8970,Billy Bull,FI,Pohjois-Pohjanmaa,60-74,2022-09-01,2,Individual,Post only
8971,Miss Pauline Day,NO,Rogaland,45-59,2023-09-16,2,Individual,Full
8972,Dr Edward Ward,SE,Västra Götaland,60-74,2024-11-08,3,Individual,Full
8973,Mr Harry Young,FI,Pohjois-Pohjanmaa,45-59,2024-10-06,2,Individual,Email only
8974,Paul Watson,SE,Skåne,18-29,2022-12-27,3,Individual,Full
8975,Joyce Griffin-Hughes,NO,Trøndelag,45-59,2023-10-27,4,Corporate,Full
8976,Deborah Blake,FI,Uusimaa,45-59,2022-10-21,6,Individual,Full
8977,Sylvia Lucas,FI,Pirkanmaa,45-59,2023-11-04,2,Individual,Full
8978,Joshua Carr,SE,Skåne,30-44,2022-06-21,4,Individual,Post only
8979,Charlene James,FI,Varsinais-Suomi,60-74,2022-08-01,1,Individual,Full
8980,Miss Kim Read,DK,Syddanmark,45-59,2024-10-11,1,Individual,Full
8981,Kelly Brown,FI,Pirkanmaa,45-59,2023-11-17,3,Individual,Email only
8982,Leonard Powell,SE,Skåne,45-59,2025-04-12,2,Individual,Full
8983,Tina Gill-Sullivan,FI,Pirkanmaa,75+,2024-10-29,2,Corporate,Full
8984,Louis Gardiner,FI,Pohjois-Pohjanmaa,30-44,2024-09-19,2,Individual,Full
8985,Elizabeth Collins,FI,Pohjois-Pohjanmaa,60-74,2022-08-06,6,Individual,Full
8986,Fiona Johnson,SE,Uppsala,45-59,2023-09-13,1,Individual,Full
8987,Jodie Taylor-Carey,FI,Pohjois-Pohjanmaa,45-59,2024-03-18,2,Corporate,Full
8988,Lynda Baker,SE,Västra Götaland,30-44,2023-02-02,4,Individual,Full
8989,Alice Thomas,NO,Trøndelag,60-74,2024-12-04,1,Individual,Full
8990,Jeremy Robinson,FI,Uusimaa,30-44,2025-04-04,4,Individual,Full
8991,Glenn Watson,NO,Trøndelag,18-29,2025-05-26,1,Individual,Full
8992,Ms Charlene Rowe,DK,Syddanmark,30-44,2023-02-10,6,Individual,Full
8993,Sophie Singh-Barnes,DK,Hovedstaden,45-59,2023-12-18,4,Individual,Post only
8994,Lee Stephenson,NO,Trøndelag,45-59,2025-08-07,5,Individual,Full
8995,Simon Lee,FI,Pirkanmaa,60-74,2022-07-17,4,Individual,Email only
8996,Rita O'Connor-Singh,FI,Varsinais-Suomi,60-74,2024-10-23,7,Individual,Full
8997,Mohamed Burke,FI,Varsinais-Suomi,30-44,2024-04-03,2,Individual,Full
8998,Mr Colin White,FI,Varsinais-Suomi,60-74,2023-04-11,3,Individual,Full
8999,Lynne McDonald,FI,Pohjois-Pohjanmaa,30-44,2024-10-01,2,Individual,Full
9000,Mrs Fiona Wilkins,NO,Rogaland,60-74,2022-09-06,6,Individual,Email only
9001,Ms Christine Jones,FI,Varsinais-Suomi,30-44,2022-11-05,3,Individual,Full
9002,Melissa Harper,FI,Pohjois-Pohjanmaa,30-44,2022-02-09,3,Individual,Full
9003,Dr Ryan Wood,SE,Stockholm,30-44,2022-01-10,1,Individual,Full
9004,Ian Shaw,SE,Västra Götaland,45-59,2024-05-18,1,Individual,Full
9005,Adam Whittaker,DK,Hovedstaden,30-44,2022-12-27,1,Individual,Email only
9006,Christopher Elliott,FI,Pohjois-Pohjanmaa,45-59,2024-06-20,2,Individual,Email only
9007,Charles Hill,SE,Uppsala,60-74,2023-10-05,1,Individual,Full
9008,Maureen Frost,,Sjælland,30-44,2025-03-02,2,Individual,Full
9009,Mr Geoffrey Harris,DK,Sjælland,60-74,2023-05-29,1,Individual,Full
9010,Dr Jamie Hartley,NO,Rogaland,75+,2024-11-24,3,Individual,Full
9011,Jemma Adams,FI,Pohjois-Pohjanmaa,75+,2023-12-19,4,Individual,Email only
9012,Gillian Parker,FI,Varsinais-Suomi,18-29,2023-05-10,4,Individual,Full
9013,Dr Patricia Smith,FI,Pirkanmaa,18-29,2024-05-24,1,Individual,Full
9014,Mrs Helen Andrews,FI,Varsinais-Suomi,45-59,2023-12-27,1,Individual,Full
9015,Megan Chapman,NO,Oslo,45-59,2023-10-08,2,Individual,Email only
9016,Tracy Lloyd,FI,Varsinais-Suomi,30-44,2023-10-24,1,Individual,Full
9017,Jacqueline North,SE,Stockholm,18-29,2025-01-27,1,Individual,Full
9018,Dr Bryan Thomas,NO,Vestland,45-59,2023-04-03,1,Individual,Email only
9019,Martin Wright,SE,Uppsala,30-44,2023-05-13,1,Corporate,Full
9020,Dr Janet Patel,NO,Oslo,30-44,2022-10-08,2,Individual,Email only
9021,Liam Fisher,SE,Västra Götaland,60-74,2023-03-17,1,Individual,Email only
9022,Alex Cunningham,DK,Midtjylland,18-29,2025-05-02,2,Individual,Email only
9023,Mr Danny Peters,FI,Pohjois-Pohjanmaa,60-74,2024-05-23,3,Individual,Full
9024,Mr Nigel Wood,FI,Uusimaa,45-59,2025-05-30,3,Individual,Full
9025,Russell Spencer,FI,Uusimaa,45-59,2024-06-29,1,Individual,Full
9026,Mrs Sophie Bird,DK,Sjælland,18-29,2022-12-31,4,Individual,Email only
9027,Damien Price-O'Connor,FI,Pirkanmaa,45-59,2022-11-07,4,Individual,Email only
9028,Dr David Chan,NO,Oslo,60-74,2024-04-16,4,Individual,Full
9029,Susan Jones,SE,Stockholm,18-29,2025-11-19,1,Individual,Full
9030,Glenn Coates,SE,Skåne,60-74,2025-12-16,1,Individual,Full
9031,Miss Clare Leach,FI,Pohjois-Pohjanmaa,45-59,2024-12-19,1,Individual,Email only
9032,Dr Natasha Hughes,FI,Pohjois-Pohjanmaa,45-59,2024-10-06,1,Individual,Full
9033,Dr Ian Nicholls,SE,Uppsala,45-59,2022-07-02,1,Individual,Full
9034,Dominic May-James,DK,Sjælland,30-44,2024-12-04,4,Individual,Full
9035,Mrs Grace Hussain,,Syddanmark,60-74,2024-05-14,2,Individual,Full
9036,Mr Stuart Holmes,NO,Oslo,60-74,2023-11-03,5,Individual,Full
9037,Jean Taylor,SE,Uppsala,45-59,2023-03-21,1,Individual,Full
9038,Elliot Sanderson,FI,Uusimaa,18-29,2024-11-15,1,Individual,Full
9039,Miss Gail Coleman,SE,Stockholm,45-59,2024-04-02,5,Individual,Post only
9040,William Wilson-Harris,FI,Uusimaa,60-74,2024-07-14,1,Individual,Full
9041,Tony White,SE,Uppsala,45-59,2023-03-16,2,Individual,Full
9042,Justin Yates,NO,Vestland,30-44,2022-03-27,2,Individual,Full
9043,Gerard Ball-Woods,SE,Skåne,75+,2024-11-26,1,Individual,Full
9044,Michael Frost,,Skåne,60-74,2023-05-17,7,Individual,Full
9045,Dominic Ali-Davies,,Pohjois-Pohjanmaa,18-29,2022-12-25,1,Individual,Full
9046,William Ferguson,SE,Skåne,45-59,2025-12-15,2,Individual,Full
9047,Christian Lowe-O'Brien,FI,Uusimaa,30-44,2025-12-09,1,Individual,Email only
9048,Janice Clark,FI,Pirkanmaa,60-74,2022-05-12,2,Individual,Full
9049,Mr Martin Brown,FI,Uusimaa,45-59,2025-11-01,2,Individual,Email only
9050,Susan Taylor,FI,Uusimaa,60-74,2024-11-06,2,Individual,Email only
9051,Ian Smart,NO,Trøndelag,75+,2025-11-01,1,Individual,Full
9052,Miss Marilyn Smith,SE,Uppsala,75+,2025-09-12,1,Individual,Email only
9053,Josh O'Brien,FI,Uusimaa,30-44,2025-12-22,4,Individual,Full
9054,Samuel Evans-Bell,SE,Uppsala,18-29,2023-12-04,3,Individual,Email only
9055,Maria Carpenter-Holt,SE,Västra Götaland,30-44,2024-09-24,4,Individual,Full
9056,Amelia Goddard,FI,Pohjois-Pohjanmaa,18-29,2025-06-08,1,Individual,Email only
9057,Cameron Allen,FI,Varsinais-Suomi,30-44,2022-04-19,2,Individual,Full
9058,Jacqueline Skinner,FI,Uusimaa,45-59,2024-12-25,6,Individual,Full
9059,Duncan Turner,NO,Rogaland,18-29,2023-12-30,3,Individual,Email only
9060,Harry Roberts,FI,Varsinais-Suomi,30-44,2024-06-06,6,Individual,Email only
9061,Miss Carole Carter,FI,Uusimaa,30-44,2023-10-01,6,Individual,Email only
9062,Joanna Haynes,FI,Uusimaa,30-44,2025-12-17,1,Individual,Full
9063,Derek Sanders-Warner,FI,Pirkanmaa,75+,2022-11-30,1,Individual,Full
9064,Barry King,DK,Midtjylland,18-29,2024-07-30,3,Individual,Post only
9065,Stuart Knight,SE,Västra Götaland,45-59,2022-01-23,4,Corporate,Full
9066,Mrs Marie Miller,NO,Vestland,45-59,2024-09-14,3,Individual,Post only
9067,Sheila Powell,FI,Uusimaa,75+,2024-12-30,1,Individual,Full
9068,Wayne Miah,SE,Stockholm,60-74,2022-01-03,6,Individual,Full
9069,Mohammad Reid,FI,Varsinais-Suomi,45-59,2025-03-08,1,Individual,Full
9070,Margaret Storey,FI,Pirkanmaa,75+,2023-09-04,1,Individual,Email only
9071,Judith White-Gibson,FI,Uusimaa,45-59,2024-08-23,1,Individual,Post only
9072,Ashleigh Smith,NO,Oslo,45-59,2022-09-30,1,Individual,Full
9073,Elaine Davies,FI,Varsinais-Suomi,45-59,2022-12-07,3,Individual,Email only
9074,Kathleen Taylor,SE,Uppsala,45-59,2022-12-08,6,Individual,Full
9075,Gregory Davies,NO,Vestland,45-59,2022-06-03,6,Individual,Full
9076,Danny Walker,DK,Midtjylland,45-59,2025-04-15,5,Individual,Full
9077,Pauline Brooks-Rose,FI,Pohjois-Pohjanmaa,75+,2022-10-22,3,Individual,Full
9078,Elaine Donnelly,FI,Uusimaa,30-44,2025-08-29,4,Individual,Post only
9079,Scott Smith,NO,Vestland,45-59,2025-11-25,1,Individual,Full
9080,Catherine Gardner,DK,Syddanmark,30-44,2023-12-25,1,Individual,Full
9081,Jade Carpenter,FI,Pohjois-Pohjanmaa,30-44,2025-05-16,2,Individual,Full
9082,Marc Baxter-Wilkinson,,Midtjylland,30-44,2024-12-11,1,Trust,Full
9083,Nicole Wade,NO,Vestland,18-29,2022-09-24,2,Individual,Email only
9084,Miss Josephine Parkinson,FI,Pohjois-Pohjanmaa,45-59,2025-07-22,4,Individual,Full
9085,Mr Ronald Barker,FI,Pirkanmaa,60-74,2022-01-15,4,Individual,Full
9086,Ms Chelsea Fleming,FI,Varsinais-Suomi,45-59,2024-04-19,2,Individual,Full
9087,Dr Terry Kelly,,Trøndelag,45-59,2022-05-16,4,Individual,Full
9088,Judith Blake,FI,Pohjois-Pohjanmaa,60-74,2022-10-27,4,Individual,Full
9089,Janice Daniels-Bentley,FI,Pirkanmaa,30-44,2023-12-17,4,Individual,Full
9090,Miss Judith Curtis,FI,Pirkanmaa,75+,2023-02-13,1,Individual,Email only
9091,Lewis Shepherd,SE,Skåne,60-74,2024-12-19,1,Individual,Full
9092,Valerie Bell-Gallagher,NO,Oslo,60-74,2025-05-03,5,Individual,Full
9093,Miss Melanie Gallagher,DK,Midtjylland,18-29,2025-11-20,4,Individual,Full
9094,Miss Marilyn Cameron,,Vestland,60-74,2025-12-09,7,Individual,Full
9095,Mr Edward Brown,FI,Varsinais-Suomi,75+,2022-09-23,1,Individual,Full
9096,Kim King,SE,Stockholm,45-59,2025-05-10,1,Individual,Full
9097,Rachel Jones,NO,Vestland,30-44,2023-09-08,2,Individual,Full
9098,Marie Smith,SE,Västra Götaland,60-74,2025-11-17,1,Individual,Full
9099,Pauline Allen,SE,Uppsala,45-59,2025-06-19,1,Individual,Full
9100,Susan Brown,NO,Vestland,30-44,2023-05-28,6,Individual,Full
9101,Shaun Taylor,FI,Pohjois-Pohjanmaa,30-44,2022-12-04,2,Individual,Full
9102,Connor Collins,FI,Pirkanmaa,45-59,2022-07-01,5,Individual,Full
9103,Trevor Willis-Thomas,NO,Oslo,18-29,2022-05-14,1,Individual,Full
9104,Oliver Kelly,FI,Pohjois-Pohjanmaa,45-59,2024-12-21,6,Individual,Full
9105,Derek Cooper-Watkins,SE,Stockholm,30-44,2025-06-12,1,Individual,Full
9106,Stanley Fletcher-Taylor,SE,Skåne,18-29,2023-10-17,1,Individual,Email only
9107,Kim Griffiths,FI,Uusimaa,30-44,2025-10-02,3,Individual,Full
9108,Catherine Hussain-Bradley,NO,Oslo,45-59,2024-12-25,1,Individual,Full
9109,Kyle Martin-Clarke,NO,Oslo,60-74,2024-05-28,5,Individual,Full
9110,Alex Smith-Woods,FI,Pohjois-Pohjanmaa,60-74,2023-12-03,1,Individual,Full
9111,Mohammad Hilton-Davies,FI,Uusimaa,45-59,2022-06-05,3,Corporate,Full
9112,Aaron Doyle,DK,Syddanmark,45-59,2022-12-19,2,Individual,Full
9113,Miss Dawn Davis,FI,Pohjois-Pohjanmaa,30-44,2022-11-06,1,Individual,Full
9114,Dr Gerard Taylor,FI,Pirkanmaa,45-59,2023-03-21,1,Individual,Full
9115,Albert Hall,SE,Skåne,45-59,2024-03-07,3,Individual,Email only
9116,Dr Lawrence Little,,Pohjois-Pohjanmaa,30-44,2023-01-31,6,Individual,Full
9117,Jasmine Chapman,DK,Sjælland,45-59,2023-09-22,1,Individual,Full
9118,Dr Phillip Rice,FI,Pirkanmaa,75+,2023-03-07,4,Corporate,Full
9119,Margaret Harding,FI,Pohjois-Pohjanmaa,45-59,2022-04-10,4,Individual,Post only
9120,Eric Hutchinson,DK,Hovedstaden,30-44,2023-08-01,1,Individual,Full
9121,Roger Holland,FI,Pohjois-Pohjanmaa,30-44,2025-12-27,2,Individual,Email only
9122,Denise Thomas,SE,Uppsala,30-44,2023-11-19,2,Individual,Full
9123,Kirsty Grant,DK,Hovedstaden,45-59,2022-08-07,2,Individual,Full
9124,Sheila Randall,NO,Vestland,75+,2023-04-01,1,Individual,Post only
9125,Christopher Green,FI,Varsinais-Suomi,30-44,2023-09-26,4,Individual,Full
9126,Frances Smith,FI,Uusimaa,75+,2024-08-21,1,Corporate,Full
9127,Dr Gary Chapman,SE,Skåne,60-74,2025-12-22,4,Individual,Email only
9128,Emily Evans,SE,Västra Götaland,45-59,2024-04-25,1,Individual,Full
9129,Wayne Cooper,SE,Skåne,75+,2024-12-27,2,Individual,Email only
9130,Benjamin Hunter,SE,Skåne,30-44,2023-02-20,2,Individual,Full
9131,Louise Hopkins,SE,Skåne,45-59,2022-02-04,3,Individual,Post only
9132,Liam Wilkinson,SE,Skåne,75+,2022-12-10,1,Individual,Full
9133,Natalie Pickering,FI,Varsinais-Suomi,30-44,2023-12-18,2,Individual,Full
9134,Debra Jenkins,SE,Västra Götaland,30-44,2022-10-13,1,Individual,Full
9135,Aaron Wallace,DK,Hovedstaden,45-59,2025-12-13,3,Individual,Full
9136,Miss Jade Perry,FI,Uusimaa,45-59,2022-08-27,2,Individual,Email only
9137,Mr Victor Richardson,FI,Pohjois-Pohjanmaa,30-44,2025-10-23,1,Individual,Full
9138,Mrs Megan Wells,SE,Skåne,18-29,2023-09-26,5,Trust,Full
9139,Dr Mohammad Vaughan,NO,Trøndelag,60-74,2025-03-20,1,Individual,Full
9140,Margaret Farrell,FI,Varsinais-Suomi,45-59,2024-03-13,1,Individual,Post only
9141,Joel Howarth,FI,Uusimaa,30-44,2022-04-14,1,Individual,Full
9142,Victoria Lewis,SE,Västra Götaland,30-44,2023-04-14,1,Individual,Email only
9143,Julian Cox,FI,Pirkanmaa,30-44,2024-11-15,3,Individual,Full
9144,Stuart Gibbs,FI,Pohjois-Pohjanmaa,30-44,2023-05-20,1,Individual,Full
9145,Bernard Singh-Brown,FI,Pohjois-Pohjanmaa,18-29,2025-08-30,2,Individual,Full
9146,Ms Amy Clark,SE,Uppsala,30-44,2023-06-25,4,Individual,Full
9147,Kathleen Turnbull,FI,Pirkanmaa,18-29,2025-04-05,1,Individual,Email only
9148,Dr Adam Kaur,SE,Stockholm,30-44,2024-09-10,1,Individual,Email only
9149,Louise Leonard,FI,Uusimaa,18-29,2024-12-25,3,Individual,Email only
9150,Jill Sutton,FI,Pohjois-Pohjanmaa,60-74,2025-10-09,6,Individual,Full
9151,Dawn White,NO,Trøndelag,18-29,2023-01-24,3,Trust,Post only
9152,Ms Tracy Price,SE,Uppsala,60-74,2024-10-25,1,Individual,Full
9153,Damian Ford,NO,Oslo,45-59,2024-11-10,1,Individual,Full
9154,Susan Smith,FI,Pirkanmaa,75+,2022-10-06,3,Individual,Post only
9155,Jill Jordan,FI,Pohjois-Pohjanmaa,45-59,2023-05-26,4,Individual,Email only
9156,Mr Russell Collins,SE,Skåne,60-74,2023-11-07,4,Individual,Full
9157,Ann Phillips,SE,Västra Götaland,18-29,2025-09-06,2,Individual,Full
9158,Eric Wood,,Stockholm,60-74,2024-09-15,1,Corporate,Full
9159,Zoe Mann,DK,Sjælland,30-44,2022-04-18,1,Individual,Full
9160,Raymond Smith,FI,Pohjois-Pohjanmaa,60-74,2022-09-30,5,Individual,Full
9161,Stephanie Norman,NO,Rogaland,60-74,2022-04-05,1,Individual,Full
9162,Donald Johnson,SE,Stockholm,30-44,2023-12-31,1,Individual,Full
9163,Mrs Elizabeth Evans,NO,Trøndelag,18-29,2024-11-03,1,Individual,Email only
9164,Lorraine Parker,FI,Pirkanmaa,60-74,2025-12-01,1,Individual,Full
9165,Donald White,,Pirkanmaa,45-59,2023-07-20,5,Individual,Full
9166,Aaron Lewis,FI,Varsinais-Suomi,60-74,2023-08-02,1,Individual,Full
9167,Ms Victoria Warren,SE,Uppsala,60-74,2025-12-16,1,Individual,Full
9168,Jack Pritchard,SE,Stockholm,45-59,2023-10-23,2,Individual,Email only
9169,Dr Rebecca Evans,FI,Pirkanmaa,75+,2022-03-11,6,Individual,Post only
9170,Lydia Fox,SE,Stockholm,30-44,2022-12-16,1,Individual,Full
9171,Ricky Hammond,SE,Stockholm,60-74,2025-12-24,3,Individual,Full
9172,Ricky James-Hayes,FI,Varsinais-Suomi,60-74,2024-05-24,1,Individual,Full
9173,Josh Robinson-Booth,SE,Skåne,18-29,2025-01-12,4,Individual,Full
9174,Jayne Evans-Brady,NO,Vestland,30-44,2024-12-27,1,Individual,Full
9175,Marian White,FI,Varsinais-Suomi,75+,2023-10-08,1,Individual,Full
9176,Dr Emily Payne,NO,Oslo,60-74,2024-07-23,4,Individual,Full
9177,Nathan Cox,NO,Oslo,60-74,2022-01-02,1,Individual,Email only
9178,Rachael Stokes,SE,Stockholm,30-44,2025-05-11,1,Individual,Email only
9179,Philip Pearce,NO,Vestland,60-74,2023-09-06,4,Individual,Full
9180,Abbie Edwards,FI,Pirkanmaa,60-74,2024-12-05,1,Individual,Post only
9181,Dominic Ryan,FI,Varsinais-Suomi,30-44,2022-10-17,1,Individual,Email only
9182,Mr Frederick Miller,NO,Oslo,30-44,2022-05-14,2,Individual,Full
9183,Jacqueline Jackson-Mitchell,DK,Midtjylland,75+,2022-04-07,1,Individual,Full
9184,Douglas Howells,FI,Uusimaa,18-29,2022-12-27,1,Trust,Full
9185,Miss Gemma Hill,SE,Uppsala,18-29,2024-12-06,2,Individual,Full
9186,Lynda Clarke,,Hovedstaden,30-44,2023-05-05,2,Individual,Full
9187,Anne Anderson,DK,Syddanmark,30-44,2022-11-24,2,Individual,Full
9188,Georgia Jones,NO,Trøndelag,30-44,2022-10-21,4,Trust,Full
9189,Dr Francis Foster,FI,Pirkanmaa,60-74,2023-03-15,1,Individual,Full
9190,Dr Elaine Dodd,SE,Uppsala,30-44,2023-02-24,5,Individual,Full
9191,Lawrence Hughes,DK,Hovedstaden,30-44,2023-12-06,6,Individual,Full
9192,Elliot Jones,SE,Skåne,75+,2022-12-17,2,Individual,Full
9193,Alison Field,DK,Syddanmark,45-59,2025-12-26,3,Individual,Full
9194,Charlotte Knight,FI,Pohjois-Pohjanmaa,60-74,2025-08-19,2,Individual,Full
9195,Antony Baker,DK,Midtjylland,30-44,2022-12-17,3,Individual,Full
9196,Ashleigh Cunningham,FI,Varsinais-Suomi,45-59,2024-12-03,3,Individual,Full
9197,David Khan,SE,Västra Götaland,60-74,2024-06-18,2,Individual,Email only
9198,Sian May,FI,Uusimaa,45-59,2024-04-02,1,Individual,Email only
9199,Julia Palmer,NO,Vestland,18-29,2023-12-10,1,Individual,Full
9200,Marcus Green,FI,Pirkanmaa,45-59,2025-01-23,1,Individual,Full
9201,Kieran Thompson,SE,Västra Götaland,75+,2025-04-09,3,Individual,Full
9202,Lynn Gallagher,NO,Trøndelag,45-59,2022-09-19,1,Individual,Full
9203,Ms Sara Richardson,SE,Stockholm,60-74,2024-10-26,4,Individual,Email only
9204,Iain Baker,NO,Oslo,30-44,2023-04-08,4,Individual,Full
9205,Mrs Claire Wilson,SE,Uppsala,45-59,2023-12-20,3,Individual,Full
9206,Amy James,FI,Varsinais-Suomi,45-59,2022-06-08,1,Individual,Full
9207,Dr Karl Patel,SE,Skåne,60-74,2025-12-09,5,Individual,Full
9208,Ms Paula Sullivan,FI,Pirkanmaa,75+,2025-03-22,4,Individual,Full
9209,John Adams,FI,Varsinais-Suomi,60-74,2023-01-14,5,Corporate,Full
9210,Lorraine Winter,FI,Uusimaa,60-74,2025-05-10,2,Individual,Full
9211,Samantha Gardiner,FI,Varsinais-Suomi,30-44,2025-02-27,2,Individual,Full
9212,Dylan Edwards,FI,Varsinais-Suomi,45-59,2024-05-09,1,Individual,Full
9213,Dr Jamie Hopkins,FI,Varsinais-Suomi,18-29,2023-10-25,5,Individual,Full
9214,Joseph Daniels,DK,Syddanmark,75+,2025-12-14,3,Individual,Full
9215,Mr Gerard Wood,SE,Skåne,30-44,2023-12-07,2,Trust,Full
9216,Mrs Shannon Wilson,FI,Pohjois-Pohjanmaa,60-74,2023-10-19,4,Individual,Email only
9217,Barry Davies,FI,Varsinais-Suomi,45-59,2025-02-21,2,Individual,Full
9218,Dr Max Williams,SE,Stockholm,60-74,2022-07-17,2,Trust,Email only
9219,Albert Ellis,NO,Vestland,30-44,2025-09-15,5,Individual,Full
9220,Callum Davis,FI,Pohjois-Pohjanmaa,60-74,2022-12-10,1,Corporate,Full
9221,Dr Maria Butler,SE,Uppsala,45-59,2024-06-28,1,Corporate,Full
9222,Adam Morrison,SE,Uppsala,30-44,2024-06-22,2,Individual,Full
9223,Liam Bevan,NO,Oslo,18-29,2024-01-15,4,Individual,Full
9224,Stephen North-Wong,NO,Vestland,30-44,2024-05-30,5,Individual,Full
9225,Elaine Walker,FI,Pohjois-Pohjanmaa,30-44,2025-10-06,1,Corporate,Email only
9226,Dr Zoe Wilson,FI,Varsinais-Suomi,60-74,2022-10-01,2,Individual,Full
9227,Luke Henderson-Murray,FI,Uusimaa,18-29,2022-12-25,2,Individual,Full
9228,Lewis Davis,SE,Stockholm,18-29,2025-05-16,2,Individual,Full
9229,Brian Clarke,SE,Stockholm,45-59,2023-01-21,2,Individual,Full
9230,Elliott Shepherd-Akhtar,NO,Rogaland,60-74,2024-09-08,1,Corporate,Full
9231,Dr William Smith,FI,Uusimaa,30-44,2023-03-08,1,Individual,Email only
9232,Mr Arthur Henderson,FI,Uusimaa,45-59,2024-12-30,5,Individual,Full
9233,Mr Aaron Baker,SE,Uppsala,45-59,2022-06-08,2,Individual,Email only
9234,Mr Keith Johnson,SE,Skåne,60-74,2023-05-24,2,Individual,Full
9235,Lucy Simpson-Evans,NO,Trøndelag,45-59,2022-01-31,2,Individual,Full
9236,Denise Parkes,FI,Uusimaa,60-74,2025-01-26,3,Individual,Full
9237,Dr Charles Humphreys,SE,Uppsala,45-59,2023-09-22,1,Individual,Full
9238,Maria Rowe,,Pirkanmaa,75+,2023-11-20,4,Individual,Full
9239,Alexander Thompson,SE,Uppsala,30-44,2025-09-12,2,Individual,Full
9240,Albert Mitchell,SE,Skåne,30-44,2025-12-29,2,Individual,Full
9241,Jasmine Collins,FI,Pirkanmaa,30-44,2025-04-15,2,Individual,Email only
9242,Mrs Victoria Kirk,NO,Vestland,45-59,2023-08-16,4,Corporate,Full
9243,Mr Howard Stewart,NO,Vestland,18-29,2022-04-18,7,Individual,Email only
9244,Anne Wood,DK,Midtjylland,45-59,2022-01-10,2,Individual,Full
9245,Teresa Doyle,SE,Västra Götaland,45-59,2024-12-08,2,Individual,Full
9246,Irene Williamson,FI,Uusimaa,30-44,2024-04-15,2,Individual,Full
9247,Sharon Andrews,FI,Varsinais-Suomi,75+,2025-04-14,3,Individual,Full
9248,Duncan Smith,FI,Pirkanmaa,45-59,2024-11-03,1,Individual,Full
9249,Edward Sanders,SE,Skåne,30-44,2022-12-21,6,Individual,Full
9250,Dr Leanne Ali,FI,Pohjois-Pohjanmaa,30-44,2023-01-01,1,Individual,Full
9251,Ms Beth Nicholls,,Varsinais-Suomi,45-59,2025-10-19,2,Individual,Full
9252,Sophie Skinner-Murray,FI,Pohjois-Pohjanmaa,30-44,2023-06-15,2,Individual,Full
9253,Jeffrey Richardson,SE,Uppsala,45-59,2025-08-17,2,Individual,Full
9254,Jayne Dennis-Martin,DK,Midtjylland,60-74,2022-03-02,6,Individual,Full
9255,Mr Brandon Brooks,FI,Varsinais-Suomi,18-29,2024-12-27,2,Individual,Email only
9256,Mr Mitchell Thomas,SE,Skåne,30-44,2024-09-20,2,Individual,Full
9257,Robin Dodd-Williams,DK,Midtjylland,45-59,2023-11-28,2,Individual,Full
9258,Megan Hunter,SE,Stockholm,45-59,2022-12-20,1,Individual,Full
9259,Mrs Michelle Jenkins,FI,Uusimaa,45-59,2025-03-16,2,Individual,Full
9260,Dr Christian Roberts,NO,Vestland,30-44,2023-10-16,1,Individual,Full
9261,Geoffrey Graham,DK,Hovedstaden,30-44,2025-01-16,2,Individual,Full
9262,Wendy Patel,DK,Midtjylland,30-44,2025-12-08,2,Individual,Full
9263,Marian Richardson-Hall,FI,Uusimaa,30-44,2022-02-17,5,Individual,Full
9264,Dr Max Young,FI,Varsinais-Suomi,30-44,2022-01-04,2,Individual,Email only
9265,Ian Heath,SE,Västra Götaland,45-59,2024-12-11,1,Individual,Full
9266,Marion White,FI,Varsinais-Suomi,60-74,2023-10-08,1,Individual,Full
9267,Eileen Fisher,NO,Vestland,45-59,2023-07-28,2,Corporate,Post only
9268,Miss Mandy Dennis,SE,Västra Götaland,30-44,2022-09-13,1,Individual,Email only
9269,Lynne Nicholls,,Uppsala,30-44,2025-05-24,4,Individual,Email only
9270,Beth Goodwin,FI,Pohjois-Pohjanmaa,75+,2025-03-06,1,Individual,Full
9271,Sophie Cooper,SE,Skåne,45-59,2024-06-21,3,Individual,Full
9272,Mrs Amelia Slater,SE,Uppsala,60-74,2022-11-19,1,Individual,Email only
9273,Mr Joe Carpenter,FI,Pirkanmaa,30-44,2024-10-10,1,Individual,Full
9274,Carol Watts-White,SE,Skåne,30-44,2025-02-25,3,Individual,Full
9275,Joanna Power,DK,Hovedstaden,45-59,2025-01-12,2,Individual,Email only
9276,Jasmine Powell,FI,Varsinais-Suomi,30-44,2025-09-02,2,Individual,Full
9277,Jenna Norris,DK,Midtjylland,18-29,2025-06-15,5,Individual,Full
9278,Victor Mason,NO,Oslo,45-59,2022-11-14,3,Individual,Full
9279,Tracy Miah,FI,Pirkanmaa,60-74,2025-06-03,5,Individual,Full
9280,Harriet Jones,NO,Rogaland,45-59,2025-12-05,5,Individual,Full
9281,Dale Gregory,SE,Stockholm,18-29,2025-12-07,3,Individual,Full
9282,Glenn Dean,SE,Skåne,30-44,2023-08-17,1,Individual,Full
9283,Lynda Webster,SE,Västra Götaland,60-74,2022-12-11,2,Individual,Full
9284,Rachel Williamson,FI,Varsinais-Suomi,30-44,2025-12-15,1,Corporate,Full
9285,Janet Jennings,FI,Varsinais-Suomi,45-59,2024-04-23,1,Individual,Email only
9286,Christopher Allen-Whittaker,FI,Uusimaa,75+,2022-03-09,1,Individual,Full
9287,Dr Maurice Jackson,FI,Varsinais-Suomi,30-44,2025-12-26,3,Individual,Full
9288,Dr Christian Morley,SE,Västra Götaland,30-44,2024-10-04,2,Individual,Full
9289,Mrs Jenna Richardson,NO,Rogaland,75+,2025-12-11,1,Individual,Full
9290,Dr John O'Sullivan,NO,Oslo,30-44,2023-01-18,1,Individual,Full
9291,Clifford Mitchell,FI,Pirkanmaa,60-74,2024-12-28,6,Individual,Full
9292,Mr Owen Holmes,NO,Trøndelag,75+,2022-12-05,4,Individual,Full
9293,Roger Miller-Wallis,SE,Västra Götaland,45-59,2024-10-27,2,Individual,Post only
9294,Amanda Smith-Ross,FI,Varsinais-Suomi,45-59,2023-05-08,2,Individual,Full
9295,Bruce Stone,FI,Pohjois-Pohjanmaa,60-74,2022-01-13,1,Individual,Full
9296,Adam Waters,NO,Rogaland,60-74,2024-12-23,2,Individual,Full
9297,Dr Kenneth Burke,FI,Varsinais-Suomi,30-44,2024-02-01,2,Individual,Email only
9298,Charlotte Morgan,SE,Västra Götaland,45-59,2023-11-05,3,Individual,Full
9299,Ross Randall,NO,Vestland,18-29,2023-08-23,2,Individual,Full
9300,Mr Rhys Reid,NO,Rogaland,75+,2023-12-14,3,Individual,Post only
9301,Mr Dominic Ryan,SE,Västra Götaland,30-44,2024-03-20,2,Individual,Full
9302,Derek Smith,FI,Varsinais-Suomi,18-29,2024-12-19,4,Individual,Full
9303,John Parker,SE,Uppsala,18-29,2022-12-07,4,Individual,Post only
9304,Robin Hewitt,NO,Trøndelag,60-74,2024-12-21,1,Individual,Full
9305,Miss Hilary Evans,FI,Uusimaa,30-44,2025-12-22,1,Corporate,Post only
9306,Mr Reece Roberts,FI,Uusimaa,45-59,2022-10-19,2,Corporate,Email only
9307,Eric Robinson-Harding,FI,Pirkanmaa,45-59,2025-11-22,4,Individual,Full
9308,Dorothy Patel,NO,Vestland,45-59,2022-10-09,2,Individual,Full
9309,Mrs Lynn Franklin,FI,Uusimaa,45-59,2025-12-21,4,Individual,Full
9310,Mark Stewart-Smith,SE,Uppsala,30-44,2025-12-17,5,Individual,Full
9311,Darren Harvey,SE,Uppsala,75+,2023-04-14,2,Individual,Full
9312,Bernard O'Donnell,FI,Varsinais-Suomi,18-29,2024-07-03,5,Individual,Post only
9313,Dr Alex Kaur,SE,Västra Götaland,30-44,2023-03-17,1,Individual,Post only
9314,Dr Glen Murphy,NO,Rogaland,45-59,2025-04-28,2,Individual,Full
9315,Samantha Ward,DK,Syddanmark,60-74,2025-04-04,2,Individual,Full
9316,Dr Angela Roberts,NO,Rogaland,60-74,2024-12-20,1,Individual,Full
9317,Colin Andrews,NO,Oslo,30-44,2022-05-19,3,Individual,Email only
9318,Dr Billy Murphy,NO,Oslo,45-59,2022-09-23,5,Individual,Full
9319,Dr Charles Jones,SE,Uppsala,75+,2025-09-05,1,Individual,Email only
9320,Mr Dean Barton,NO,Vestland,18-29,2022-10-19,3,Individual,Full
9321,Simon Rowe,NO,Oslo,60-74,2022-09-10,6,Individual,Full
9322,Guy McKenzie,NO,Trøndelag,75+,2025-11-13,3,Individual,Full
9323,Norman Miller,NO,Trøndelag,45-59,2024-08-09,3,Individual,Full
9324,Rhys Harper,DK,Hovedstaden,45-59,2023-11-19,3,Individual,Email only
9325,Christopher Clarke,SE,Stockholm,45-59,2024-12-03,2,Individual,Full
9326,Paul Miles,NO,Oslo,30-44,2023-11-20,1,Individual,Full
9327,Dorothy Baldwin-Carr,SE,Uppsala,60-74,2025-10-18,4,Individual,Full
9328,Vanessa Cole,FI,Pohjois-Pohjanmaa,45-59,2022-11-01,2,Trust,Full
9329,Mrs Lesley Cunningham,FI,Pirkanmaa,45-59,2024-12-31,1,Individual,Full
9330,Mrs Charlotte Bradley,NO,Trøndelag,45-59,2022-08-17,2,Individual,Full
9331,Phillip Harris,SE,Skåne,30-44,2024-12-24,5,Corporate,Email only
9332,Dr Wayne Scott,SE,Skåne,18-29,2025-09-10,1,Individual,Full
9333,Miss Lynn Smith,SE,Västra Götaland,60-74,2023-05-18,6,Individual,Full
9334,Clive Hamilton,SE,Stockholm,18-29,2025-12-08,5,Individual,Full
9335,Amelia Stokes,SE,Skåne,45-59,2025-12-07,1,Individual,Full
9336,Dr Andrea Morris,DK,Midtjylland,60-74,2024-10-09,4,Individual,Email only
9337,Miss Carly Sharpe,SE,Skåne,18-29,2022-11-03,4,Individual,Full
9338,Joan Davis,FI,Pohjois-Pohjanmaa,75+,2022-08-09,2,Individual,Email only
9339,Gerard Patterson,SE,Västra Götaland,30-44,2024-10-23,1,Individual,Email only
9340,Neil King,SE,Uppsala,60-74,2022-09-07,1,Individual,Post only
9341,George McCarthy,FI,Pohjois-Pohjanmaa,30-44,2022-02-13,3,Individual,Full
9342,Dr Dale Moore,,Uusimaa,60-74,2022-02-16,3,Individual,Email only
9343,Lindsey Wilson,FI,Uusimaa,30-44,2024-01-15,1,Individual,Email only
9344,Roger Chamberlain,FI,Pirkanmaa,45-59,2025-12-22,5,Individual,Full
9345,Dr Helen Greenwood,SE,Stockholm,30-44,2023-12-02,1,Individual,Email only
9346,Joyce Wong,DK,Sjælland,45-59,2023-09-23,1,Individual,Full
9347,Claire King,FI,Varsinais-Suomi,45-59,2023-02-27,1,Individual,Post only
9348,Liam Dunn,SE,Västra Götaland,18-29,2024-11-05,4,Individual,Full
9349,Miss Molly Miles,DK,Midtjylland,60-74,2024-03-28,2,Individual,Full
9350,Judith Lee-Ahmed,FI,Pohjois-Pohjanmaa,18-29,2022-06-01,2,Individual,Full
9351,Francis Ryan-Ryan,SE,Stockholm,30-44,2025-03-18,1,Individual,Email only
9352,Marie Bell,FI,Pirkanmaa,30-44,2024-11-22,3,Individual,Email only
9353,Mrs Jade Johnson,FI,Varsinais-Suomi,45-59,2024-01-04,1,Individual,Full
9354,Barry Hudson,FI,Uusimaa,30-44,2022-06-08,2,Individual,Full
9355,Mr Damian Moore,DK,Sjælland,60-74,2024-04-08,5,Individual,Full
9356,Hollie Wright,FI,Varsinais-Suomi,45-59,2022-01-27,6,Individual,Post only
9357,Mr Mohammed Carter,FI,Pirkanmaa,45-59,2024-06-14,2,Individual,Email only
9358,Charlotte Watson,FI,Pohjois-Pohjanmaa,75+,2025-04-28,5,Individual,Full
9359,Jake Rose,FI,Pohjois-Pohjanmaa,60-74,2025-11-29,3,Individual,Post only
9360,Teresa Ellis,FI,Varsinais-Suomi,60-74,2025-05-23,4,Individual,Full
9361,James Alexander,NO,Rogaland,60-74,2023-07-08,1,Corporate,Full
9362,Adam Watts,DK,Syddanmark,60-74,2025-03-22,2,Individual,Full
9363,Fiona Mills,SE,Uppsala,45-59,2024-05-09,1,Individual,Email only
9364,Judith Bailey,SE,Stockholm,45-59,2022-07-25,4,Individual,Email only
9365,Mr Carl Harvey,FI,Uusimaa,45-59,2023-04-13,1,Individual,Email only
9366,Damian Jones,NO,Oslo,60-74,2022-11-26,1,Individual,Full
9367,Ellie Yates,SE,Skåne,45-59,2025-10-31,2,Individual,Email only
9368,Alexandra Watson,FI,Pirkanmaa,75+,2025-03-26,5,Individual,Full
9369,Barry Doherty,SE,Stockholm,45-59,2025-12-29,2,Individual,Full
9370,Maria Clark,FI,Pirkanmaa,30-44,2022-09-26,2,Individual,Full
9371,Garry Randall-Williamson,FI,Pohjois-Pohjanmaa,60-74,2024-12-15,1,Corporate,Post only
9372,Philip Archer,NO,Trøndelag,75+,2025-01-29,5,Individual,Full
9373,Raymond Owen-Ali,SE,Stockholm,45-59,2023-01-09,7,Individual,Full
9374,Francis Collins,SE,Västra Götaland,30-44,2023-11-13,1,Individual,Full
9375,Dawn Bennett,DK,Syddanmark,60-74,2025-12-27,2,Trust,Full
9376,Mrs Emily Barnett,FI,Varsinais-Suomi,30-44,2023-10-06,1,Corporate,Email only
9377,Mohammed Warren,DK,Syddanmark,18-29,2022-11-20,1,Corporate,Post only
9378,Rhys Jones,SE,Västra Götaland,45-59,2022-06-29,2,Corporate,Full
9379,Kate Walker,NO,Oslo,45-59,2023-12-30,6,Trust,Post only
9380,Ian Freeman,NO,Rogaland,30-44,2025-04-02,2,Individual,Email only
9381,Leslie Martin,FI,Uusimaa,45-59,2022-03-02,1,Individual,Full
9382,Mr Roy Davies,FI,Uusimaa,45-59,2025-02-07,4,Individual,Full
9383,Olivia Hudson,SE,Uppsala,18-29,2024-12-07,1,Individual,Full
9384,Jade Bird,FI,Pohjois-Pohjanmaa,18-29,2023-10-14,2,Individual,Full
9385,Dr Callum Morgan,SE,Stockholm,30-44,2022-04-27,2,Individual,Full
9386,Alexander Jones,SE,Skåne,30-44,2023-05-14,2,Individual,Email only
9387,Mr Gerald Heath,DK,Sjælland,60-74,2025-01-28,1,Individual,Full
9388,Ms Gail White,NO,Oslo,60-74,2024-12-04,2,Individual,Email only
9389,Shane Holland-Francis,FI,Uusimaa,30-44,2022-08-06,1,Individual,Full
9390,Lydia Price,NO,Oslo,30-44,2022-08-25,5,Individual,Email only
9391,Dr Bradley Jenkins,,Stockholm,45-59,2024-04-28,1,Individual,Full
9392,Mathew Kaur,SE,Västra Götaland,60-74,2025-12-04,4,Trust,Full
9393,Brett White,FI,Pirkanmaa,18-29,2022-03-11,4,Individual,Email only
9394,Annette Robson,NO,Oslo,30-44,2022-10-16,5,Individual,Full
9395,Mr Gordon Lyons,SE,Stockholm,45-59,2023-12-26,1,Individual,Full
9396,Kim Hunt,SE,Västra Götaland,45-59,2024-12-03,2,Individual,Full
9397,Dr Hilary Jones,FI,Pirkanmaa,45-59,2023-12-03,1,Individual,Post only
9398,Carly Thompson,NO,Oslo,18-29,2022-10-27,2,Individual,Full
9399,Margaret Porter,SE,Västra Götaland,30-44,2023-12-18,2,Individual,Email only
9400,Dr Linda Anderson,SE,Stockholm,45-59,2024-11-23,1,Individual,Email only
9401,Beverley Daniels-Dale,FI,Varsinais-Suomi,30-44,2024-08-09,1,Individual,Full
9402,Ms Hannah Brown,FI,Pohjois-Pohjanmaa,30-44,2023-04-14,1,Individual,Full
9403,Dr Benjamin McDonald,FI,Uusimaa,18-29,2023-01-26,1,Individual,Full
9404,Mr Joel Lynch,NO,Oslo,18-29,2022-12-19,4,Individual,Email only
9405,Josh West,FI,Pirkanmaa,45-59,2025-07-02,3,Individual,Full
9406,Kenneth Naylor,FI,Varsinais-Suomi,45-59,2024-12-11,1,Individual,Full
9407,Sian Johnson,FI,Pirkanmaa,30-44,2022-04-02,1,Individual,Full
9408,Dr Frederick Smith,FI,Varsinais-Suomi,30-44,2025-08-26,2,Individual,Full
9409,Lynne Barrett,DK,Midtjylland,45-59,2022-11-27,2,Individual,Full
9410,Lydia Ross,FI,Pohjois-Pohjanmaa,45-59,2025-12-23,5,Individual,Full
9411,Mr Brett Wilson,NO,Vestland,60-74,2025-12-03,1,Individual,Full
9412,Iain Bennett,DK,Hovedstaden,18-29,2022-07-14,3,Individual,Post only
9413,Lewis Brennan,FI,Uusimaa,75+,2023-12-10,7,Individual,Full
9414,Dr Gavin Parsons,FI,Varsinais-Suomi,30-44,2024-06-22,1,Individual,Full
9415,James Kirby,SE,Stockholm,75+,2022-04-19,5,Individual,Full
9416,Louise Miller,DK,Midtjylland,75+,2025-12-07,1,Corporate,Full
9417,Nathan Page,SE,Skåne,18-29,2023-11-14,1,Individual,Email only
9418,Dylan O'Donnell,NO,Trøndelag,30-44,2023-12-31,2,Individual,Full
9419,Lynda Jackson,,Midtjylland,30-44,2025-09-28,4,Individual,Full
9420,Kimberley Smith,SE,Stockholm,45-59,2023-06-28,3,Individual,Email only
9421,Dr Joan Brown,DK,Syddanmark,45-59,2022-08-15,6,Individual,Full
9422,Robin Roberts,FI,Varsinais-Suomi,45-59,2022-10-01,2,Individual,Full
9423,Ms Holly Little,SE,Skåne,30-44,2024-12-24,5,Individual,Full
9424,Charlene Barton,NO,Trøndelag,45-59,2024-11-01,4,Individual,Full
9425,Lawrence Jordan,NO,Vestland,45-59,2024-03-09,1,Individual,Full
9426,Kathleen Hall,DK,Sjælland,45-59,2025-12-11,1,Individual,Post only
9427,Naomi Clarke,FI,Pirkanmaa,30-44,2025-02-04,5,Individual,Post only
9428,Liam Shaw,NO,Oslo,75+,2023-01-07,2,Individual,Full
9429,Amelia Harris,FI,Pirkanmaa,30-44,2022-11-21,1,Individual,Email only
9430,Miss Jemma Nicholson,DK,Syddanmark,45-59,2022-11-03,1,Individual,Full
9431,Marion Johnson-Daniels,FI,Uusimaa,60-74,2024-08-02,1,Individual,Full
9432,Susan Wheeler-Patel,FI,Uusimaa,30-44,2024-12-04,1,Corporate,Full
9433,Lynne Weston,NO,Vestland,75+,2023-04-12,1,Individual,Full
9434,Emma Akhtar,FI,Varsinais-Suomi,18-29,2023-10-23,6,Individual,Full
9435,Amanda Evans,FI,Varsinais-Suomi,30-44,2022-10-13,5,Individual,Email only
9436,Miss Hazel Hughes,SE,Uppsala,18-29,2024-12-10,6,Individual,Email only
9437,Charlene Morris,SE,Uppsala,45-59,2023-07-03,2,Individual,Full
9438,Alexandra Fitzgerald,NO,Trøndelag,60-74,2022-12-14,2,Individual,Full
9439,Benjamin Greenwood,DK,Syddanmark,45-59,2024-11-08,5,Individual,Email only
9440,Anna Hall,FI,Uusimaa,45-59,2024-02-03,6,Individual,Email only
9441,Mr Charles Cox,SE,Uppsala,45-59,2023-12-10,1,Individual,Post only
9442,Julian Hill,DK,Hovedstaden,45-59,2025-10-25,1,Individual,Full
9443,Ryan Moore-Butler,NO,Vestland,60-74,2024-11-09,2,Individual,Email only
9444,Mrs Annette Wilkins,NO,Trøndelag,30-44,2024-05-10,4,Individual,Full
9445,Dr Jamie Page,DK,Midtjylland,45-59,2025-12-24,1,Individual,Full
9446,Dr Amy Wall,FI,Pohjois-Pohjanmaa,60-74,2025-04-16,4,Individual,Post only
9447,Stewart Kirk,SE,Västra Götaland,30-44,2025-11-08,5,Individual,Post only
9448,Tom Davies,SE,Skåne,60-74,2022-05-23,1,Individual,Full
9449,Dr Christian Hart,FI,Uusimaa,18-29,2024-11-26,1,Individual,Full
9450,Tracy Williams,SE,Stockholm,45-59,2025-12-04,2,Individual,Full
9451,Miss Bethany Barry,DK,Hovedstaden,60-74,2024-08-20,3,Individual,Post only
9452,Billy Walker,FI,Varsinais-Suomi,45-59,2025-12-11,4,Corporate,Email only
9453,Dennis Green,FI,Uusimaa,60-74,2024-09-18,2,Individual,Full
9454,Russell Robson,NO,Rogaland,45-59,2025-12-17,2,Individual,Full
9455,Dr John Fletcher,SE,Skåne,60-74,2023-12-24,2,Individual,Email only
9456,Ms Eileen Gray,SE,Stockholm,60-74,2024-08-15,3,Individual,Full
9457,Lorraine Roberts-Roberts,FI,Pohjois-Pohjanmaa,45-59,2025-04-15,1,Individual,Full
9458,Julie Wyatt,SE,Uppsala,60-74,2025-12-25,4,Individual,Full
9459,Jane Burgess,NO,Rogaland,18-29,2022-05-27,4,Individual,Email only
9460,Alan Hudson,,Oslo,45-59,2025-02-10,1,Individual,Email only
9461,Danielle Martin,NO,Oslo,18-29,2025-12-15,4,Individual,Full
9462,Louis Davies,SE,Stockholm,30-44,2024-10-02,1,Individual,Full
9463,Miss Gemma Jarvis,SE,Västra Götaland,75+,2023-11-03,4,Individual,Full
9464,Amber Williamson,SE,Uppsala,45-59,2022-04-11,3,Individual,Full
9465,Mark Thomas,FI,Uusimaa,30-44,2022-04-22,2,Individual,Full
9466,Geraldine Saunders,NO,Trøndelag,45-59,2022-05-09,4,Individual,Full
9467,Ross Hunter,DK,Syddanmark,75+,2022-11-11,2,Individual,Full
9468,Stanley Parry,NO,Oslo,18-29,2025-01-23,6,Individual,Email only
9469,Andrew Burton,FI,Varsinais-Suomi,30-44,2023-08-18,1,Individual,Full
9470,Glenn Walton,SE,Uppsala,30-44,2024-08-08,1,Individual,Post only
9471,Teresa Gould,NO,Rogaland,30-44,2023-05-30,2,Individual,Email only
9472,Lorraine Hall,NO,Trøndelag,60-74,2024-12-05,1,Individual,Full
9473,Dr Nicola Young,NO,Oslo,30-44,2024-06-15,5,Individual,Full
9474,Dr Shaun Bailey,DK,Sjælland,30-44,2022-09-14,1,Individual,Full
9475,Miss Carly Clark,SE,Skåne,60-74,2025-12-22,5,Individual,Full
9476,Alison Hargreaves,SE,Uppsala,75+,2022-11-27,5,Trust,Full
9477,Nicola Rhodes,SE,Skåne,30-44,2022-12-27,1,Individual,Full
9478,Mr Allan Stewart,FI,Uusimaa,45-59,2025-01-06,1,Corporate,Full
9479,Pamela Ahmed,FI,Pohjois-Pohjanmaa,60-74,2023-10-18,1,Individual,Full
9480,Graeme Dobson,FI,Uusimaa,75+,2022-10-21,1,Individual,Email only
9481,Louise Sanderson,FI,Varsinais-Suomi,45-59,2025-03-28,2,Individual,Full
9482,Tracy Morris-Fisher,FI,Pohjois-Pohjanmaa,30-44,2022-10-18,1,Individual,Full
9483,Mr Jeffrey Singh,FI,Varsinais-Suomi,45-59,2023-05-24,1,Individual,Full
9484,Leanne Matthews,SE,Västra Götaland,45-59,2025-04-27,2,Individual,Email only
9485,Molly Campbell,NO,Trøndelag,45-59,2022-01-30,1,Individual,Full
9486,Ellie Matthews,SE,Stockholm,60-74,2022-07-17,5,Individual,Full
9487,Rachael Herbert,FI,Pohjois-Pohjanmaa,30-44,2023-05-27,1,Individual,Email only
9488,Pauline Davies-Cartwright,FI,Pirkanmaa,45-59,2022-01-20,1,Individual,Email only
9489,Ricky Lee,NO,Oslo,60-74,2022-09-06,4,Individual,Full
9490,Adrian Walker,,Pirkanmaa,60-74,2023-12-07,2,Individual,Email only
9491,Heather Sharpe,NO,Rogaland,45-59,2024-04-27,6,Individual,Full
9492,Dr Toby Bryan,DK,Syddanmark,30-44,2023-12-31,2,Individual,Full
9493,Helen Bell,FI,Pirkanmaa,18-29,2025-04-02,1,Individual,Full
9494,Ms Maria Griffin,NO,Trøndelag,18-29,2024-04-28,1,Individual,Post only
9495,Olivia Holden,NO,Rogaland,60-74,2022-04-30,3,Individual,Email only
9496,Douglas Gordon-O'Connor,NO,Rogaland,60-74,2024-04-12,6,Corporate,Full
9497,Gail Ward,,Syddanmark,60-74,2022-12-12,1,Individual,Full
9498,Gerard Brown,,Syddanmark,45-59,2023-12-04,2,Individual,Full
9499,Colin Gordon,DK,Hovedstaden,30-44,2024-04-28,4,Individual,Full
9500,Patrick Brown,SE,Skåne,18-29,2022-12-19,2,Individual,Full
9501,Patrick Joyce,FI,Pirkanmaa,45-59,2022-05-17,1,Individual,Post only
9502,Ms Danielle Fox,DK,Midtjylland,30-44,2022-05-02,3,Individual,Full
9503,Irene Foster,FI,Varsinais-Suomi,45-59,2022-12-06,3,Individual,Full
9504,Dennis Lucas,SE,Uppsala,18-29,2025-11-05,4,Individual,Full
9505,Jason Birch-Bruce,SE,Västra Götaland,18-29,2025-06-06,1,Individual,Full
9506,Joseph Howard-West,FI,Varsinais-Suomi,30-44,2023-11-02,1,Individual,Post only
9507,Bernard Foster,SE,Västra Götaland,45-59,2022-04-11,1,Individual,Full
9508,Liam Mason,SE,Uppsala,30-44,2022-06-12,2,Individual,Post only
9509,Darren Edwards,SE,Västra Götaland,45-59,2024-10-26,4,Individual,Post only
9510,Dr Gareth Singh,DK,Sjælland,30-44,2024-12-02,1,Corporate,Email only
9511,Mohammed Marsden,FI,Pirkanmaa,60-74,2022-10-08,4,Individual,Full
9512,Oliver Jackson,SE,Uppsala,60-74,2023-08-07,1,Individual,Full
9513,Lynn Thomas-Davies,SE,Skåne,60-74,2024-03-07,2,Individual,Full
9514,Dominic Roberts-Miller,SE,Västra Götaland,60-74,2024-06-18,3,Individual,Email only
9515,Carole Lee,SE,Uppsala,30-44,2023-10-14,6,Individual,Email only
9516,Jean Walsh,FI,Varsinais-Suomi,75+,2022-08-05,4,Individual,Full
9517,Dr Richard Smith,FI,Uusimaa,60-74,2022-02-15,3,Individual,Full
9518,Christian Smith,FI,Uusimaa,30-44,2025-02-05,1,Individual,Full
9519,Rita Gray,FI,Pohjois-Pohjanmaa,60-74,2025-01-14,2,Individual,Full
9520,Jennifer Kelly,NO,Rogaland,18-29,2024-04-12,4,Individual,Full
9521,Kelly Hammond,NO,Oslo,30-44,2025-04-21,1,Individual,Post only
9522,Max Hayes,FI,Pirkanmaa,18-29,2022-08-26,6,Individual,Full
9523,Benjamin Bates,NO,Vestland,45-59,2025-12-27,6,Individual,Full
9524,Miss Natalie Ward,SE,Skåne,45-59,2024-03-13,5,Individual,Full
9525,Dr Gerald Robertson,FI,Pohjois-Pohjanmaa,60-74,2022-09-04,4,Individual,Full
9526,Dr Alexandra Hunt,SE,Stockholm,30-44,2025-04-16,4,Individual,Full
9527,Denise Jordan,FI,Pohjois-Pohjanmaa,30-44,2025-11-07,1,Corporate,Full
9528,Ashleigh Davies,SE,Skåne,60-74,2025-03-28,2,Individual,Full
9529,Mr Patrick Sullivan,,Hovedstaden,60-74,2024-09-17,6,Individual,Full
9530,Jayne Conway,FI,Pirkanmaa,75+,2022-12-10,1,Individual,Email only
9531,Dr William Franklin,SE,Västra Götaland,45-59,2025-11-24,5,Individual,Email only
9532,Dr Gerald Whitehouse,SE,Skåne,75+,2022-11-18,1,Individual,Full
9533,Hilary Daniels,NO,Rogaland,60-74,2022-12-09,1,Individual,Full
9534,Donna Smith,SE,Stockholm,30-44,2023-12-03,1,Individual,Email only
9535,Miss Rosemary Edwards,NO,Vestland,30-44,2025-12-26,1,Individual,Full
9536,Holly Herbert,NO,Oslo,60-74,2023-04-22,2,Individual,Email only
9537,Leah Saunders-Barker,NO,Trøndelag,30-44,2023-04-18,2,Individual,Full
9538,Dr Mandy Hughes,SE,Uppsala,45-59,2023-03-17,1,Individual,Full
9539,Mr Barry Johnson,SE,Västra Götaland,60-74,2025-10-31,2,Individual,Full
9540,Leigh Naylor,SE,Västra Götaland,75+,2025-12-26,2,Individual,Full
9541,Jay Rose,SE,Skåne,75+,2025-09-11,3,Individual,Post only
9542,Leon Mason,SE,Stockholm,60-74,2024-02-26,4,Corporate,Email only
9543,William Howard,FI,Uusimaa,60-74,2025-05-05,2,Individual,Full
9544,Mr Michael Bird,FI,Pirkanmaa,18-29,2024-09-13,6,Individual,Post only
9545,Miss Chloe Bell,DK,Midtjylland,18-29,2023-01-09,1,Individual,Full
9546,Gemma Hudson,FI,Uusimaa,45-59,2023-12-07,4,Individual,Full
9547,Pamela Edwards,SE,Skåne,45-59,2024-02-06,2,Individual,Email only
9548,Mr Oliver Gould,DK,Midtjylland,45-59,2025-06-29,2,Corporate,Full
9549,Miss Aimee Jones,FI,Varsinais-Suomi,45-59,2022-05-29,1,Individual,Full
9550,Clifford Hunt,SE,Västra Götaland,45-59,2022-04-01,1,Individual,Full
9551,Carly Schofield,DK,Hovedstaden,30-44,2022-12-15,1,Individual,Email only
9552,Alex Ahmed-Sutton,SE,Stockholm,30-44,2023-09-05,2,Individual,Full
9553,Neil Sutton,DK,Syddanmark,45-59,2024-11-22,1,Individual,Full
9554,Louise Marsh,SE,Uppsala,45-59,2024-12-28,2,Individual,Email only
9555,Miss Kathryn Fry,FI,Pohjois-Pohjanmaa,60-74,2022-05-16,2,Individual,Email only
9556,Rosie Dixon,SE,Stockholm,18-29,2023-05-10,2,Individual,Full
9557,Jenna Powell-Atkinson,FI,Varsinais-Suomi,30-44,2023-02-25,7,Individual,Full
9558,Gail Potts-Bates,FI,Pohjois-Pohjanmaa,45-59,2023-01-21,1,Individual,Full
9559,Ms Tracey Abbott,FI,Pirkanmaa,60-74,2024-09-28,3,Individual,Full
9560,Mrs Anne Cooper,SE,Västra Götaland,75+,2022-04-06,1,Individual,Email only
9561,Francis Lee-Mellor,FI,Varsinais-Suomi,45-59,2022-01-09,5,Individual,Full
9562,Howard Stevenson-Green,SE,Uppsala,45-59,2022-12-25,2,Individual,Email only
9563,Paula Dale,SE,Uppsala,45-59,2024-12-05,1,Individual,Full
9564,Valerie Rees,FI,Pirkanmaa,75+,2024-12-31,3,Individual,Email only
9565,Joshua Turner,FI,Varsinais-Suomi,18-29,2024-10-28,1,Individual,Post only
9566,Linda Dawson,NO,Rogaland,45-59,2024-12-19,3,Individual,Full
9567,Liam Murray,DK,Sjælland,60-74,2023-04-20,2,Individual,Email only
9568,Ms Hannah Browne,DK,Sjælland,18-29,2024-12-09,4,Individual,Full
9569,Gary Khan,NO,Trøndelag,45-59,2023-07-15,3,Trust,Full
9570,Charlotte Campbell,FI,Pirkanmaa,60-74,2022-12-05,1,Individual,Full
9571,Ms Karen Foster,SE,Uppsala,75+,2022-03-20,1,Individual,Full
9572,Ricky Baxter,FI,Pirkanmaa,30-44,2024-10-30,1,Individual,Full
9573,Anthony Marsden,DK,Sjælland,30-44,2022-12-23,1,Individual,Email only
9574,Dr Conor Dale,FI,Varsinais-Suomi,18-29,2024-12-12,1,Individual,Full
9575,Dr Marilyn Elliott,DK,Hovedstaden,45-59,2022-12-17,4,Corporate,Full
9576,Maria Goodwin,FI,Pirkanmaa,18-29,2022-03-05,2,Individual,Full
9577,Dominic Marshall,FI,Uusimaa,30-44,2022-05-18,1,Individual,Full
9578,Natalie King,NO,Trøndelag,30-44,2025-05-31,2,Individual,Full
9579,Irene Smart,FI,Uusimaa,60-74,2023-07-20,2,Individual,Full
9580,Lewis Pearson,FI,Uusimaa,30-44,2024-12-07,4,Individual,Full
9581,Amelia Booth,NO,Vestland,45-59,2024-12-23,1,Individual,Full
9582,Mr Frederick Davies,SE,Västra Götaland,30-44,2025-07-24,5,Individual,Full
9583,Dr Danny Lewis,NO,Trøndelag,60-74,2024-04-11,6,Individual,Full
9584,Irene Evans-Hayes,FI,Pohjois-Pohjanmaa,18-29,2024-09-08,1,Individual,Email only
9585,Rita Slater,DK,Sjælland,45-59,2024-12-22,6,Individual,Full
9586,Alex Collins,NO,Rogaland,45-59,2025-04-20,1,Individual,Email only
9587,Jeremy Shaw-Patel,FI,Uusimaa,30-44,2025-08-26,2,Individual,Full
9588,Mr Martin Davis,FI,Pohjois-Pohjanmaa,30-44,2023-02-11,1,Individual,Post only
9589,Robert Sharp,SE,Västra Götaland,75+,2025-04-29,5,Individual,Full
9590,Deborah Perry,FI,Varsinais-Suomi,18-29,2022-04-26,3,Individual,Full
9591,Mr Gavin Dixon,FI,Uusimaa,75+,2023-11-05,3,Corporate,Email only
9592,Aimee Harris,FI,Pohjois-Pohjanmaa,45-59,2024-12-05,1,Corporate,Full
9593,Jemma Thompson,SE,Stockholm,30-44,2025-12-02,5,Individual,Full
9594,Paula Smith-McDonald,FI,Uusimaa,18-29,2024-08-19,4,Trust,Email only
9595,Elizabeth Nelson,FI,Varsinais-Suomi,30-44,2024-12-28,4,Individual,Full
9596,Craig Johnson,FI,Pohjois-Pohjanmaa,45-59,2025-12-03,3,Individual,Full
9597,Jayne Morgan,FI,Pirkanmaa,30-44,2025-02-02,2,Individual,Full
9598,Ashleigh Owen,NO,Vestland,60-74,2022-01-24,3,Individual,Full
9599,Miss Denise Joyce,SE,Skåne,18-29,2023-12-28,2,Individual,Full
9600,Claire Walsh,SE,Stockholm,30-44,2022-03-31,2,Individual,Full
9601,Shane Butler-Hewitt,NO,Oslo,30-44,2025-07-27,2,Individual,Email only
9602,Kevin Ford-Abbott,FI,Varsinais-Suomi,18-29,2023-12-10,2,Individual,Email only
9603,Emily Kennedy,FI,Pohjois-Pohjanmaa,60-74,2023-03-28,2,Individual,Full
9604,Marian Ford,DK,Hovedstaden,30-44,2025-07-06,2,Corporate,Post only
9605,Dr Sheila George,FI,Pohjois-Pohjanmaa,18-29,2022-05-03,1,Individual,Full
9606,Harry Roberts,DK,Sjælland,45-59,2022-12-24,1,Individual,Full
9607,Dr Kyle Duncan,SE,Uppsala,45-59,2025-08-28,3,Individual,Full
9608,Mitchell Fox,FI,Varsinais-Suomi,30-44,2023-01-17,2,Individual,Full
9609,Sara Jones-Jones,NO,Vestland,60-74,2025-12-14,3,Individual,Full
9610,Joanna Morton,NO,Rogaland,30-44,2022-07-07,1,Trust,Full
9611,Georgina Kerr-Knight,NO,Rogaland,60-74,2024-03-29,1,Individual,Full
9612,Dr Amelia O'Donnell,SE,Skåne,18-29,2024-12-03,3,Individual,Full
9613,Annette Brady-Ingram,DK,Syddanmark,45-59,2022-06-28,1,Individual,Full
9614,Denise Brown,FI,Pirkanmaa,60-74,2022-07-22,7,Individual,Email only
9615,Jodie Cook,FI,Pirkanmaa,30-44,2025-08-22,1,Individual,Full
9616,Fiona Roberts,FI,Varsinais-Suomi,30-44,2025-09-07,4,Individual,Full
9617,Hayley Wilson,,Varsinais-Suomi,45-59,2024-12-14,2,Individual,Full
9618,Tina Webb,FI,Uusimaa,60-74,2022-09-17,2,Individual,Full
9619,Marion Gibson-Williamson,FI,Pirkanmaa,60-74,2024-12-02,1,Individual,Email only
9620,Damian Mason-Ford,FI,Varsinais-Suomi,18-29,2025-11-22,1,Individual,Email only
9621,Declan Jones,FI,Varsinais-Suomi,18-29,2022-07-02,1,Individual,Full
9622,Nathan Clarke-White,FI,Pirkanmaa,30-44,2022-12-12,2,Individual,Full
9623,Kim Palmer,DK,Hovedstaden,45-59,2023-08-30,1,Individual,Email only
9624,Mr Alan Oliver,FI,Uusimaa,18-29,2023-08-31,4,Individual,Full
9625,Jasmine Jarvis,DK,Hovedstaden,45-59,2022-05-26,1,Individual,Email only
9626,Alison O'Brien,DK,Sjælland,18-29,2024-02-16,1,Individual,Full
9627,Dominic Ahmed,FI,Uusimaa,60-74,2024-12-21,4,Individual,Full
9628,Jason Dixon,SE,Stockholm,45-59,2022-07-05,1,Individual,Full
9629,Mr Elliot Stone,FI,Pirkanmaa,45-59,2025-06-16,2,Individual,Full
9630,Josephine Palmer,FI,Uusimaa,18-29,2023-10-15,5,Individual,Full
9631,Mr Karl Allen,FI,Pohjois-Pohjanmaa,45-59,2025-12-09,1,Individual,Full
9632,Hannah Wilson-Nicholson,FI,Varsinais-Suomi,45-59,2022-12-24,1,Individual,Full
9633,Trevor Roberts,FI,Pirkanmaa,30-44,2023-12-18,2,Individual,Full
9634,Mr Mohammed Day,SE,Västra Götaland,45-59,2023-03-25,3,Individual,Full
9635,Jill Conway,NO,Rogaland,45-59,2022-10-13,4,Individual,Full
9636,Annette Singh,NO,Vestland,45-59,2025-12-10,1,Individual,Email only
9637,Miss Lesley Quinn,FI,Varsinais-Suomi,75+,2022-04-04,2,Individual,Email only
9638,Alexander Hodgson,FI,Uusimaa,18-29,2023-03-14,1,Individual,Email only
9639,Brian Kaur,FI,Pirkanmaa,45-59,2022-11-19,2,Individual,Full
9640,Connor Harris,FI,Varsinais-Suomi,18-29,2023-09-28,2,Individual,Email only
9641,Karl Hammond,FI,Pohjois-Pohjanmaa,18-29,2022-11-17,4,Individual,Email only
9642,Jordan Austin,SE,Stockholm,60-74,2023-11-27,5,Individual,Full
9643,Gary Walker,FI,Pohjois-Pohjanmaa,60-74,2024-04-20,1,Individual,Email only
9644,Rebecca Barker,,Uusimaa,60-74,2023-10-12,1,Individual,Full
9645,Derek Williams,FI,Uusimaa,18-29,2023-10-02,2,Individual,Post only
9646,Mr Jordan Reeves,SE,Uppsala,18-29,2023-11-21,3,Individual,Full
9647,Sheila Bond,NO,Trøndelag,60-74,2023-10-30,1,Individual,Email only
9648,Mr Damian Collins,FI,Varsinais-Suomi,30-44,2024-12-03,2,Individual,Full
9649,Susan Conway,SE,Skåne,30-44,2022-03-02,2,Individual,Full
9650,Cameron Bennett-Savage,SE,Västra Götaland,60-74,2024-09-12,2,Individual,Full
9651,Dorothy Harris,SE,Västra Götaland,60-74,2025-11-04,6,Individual,Full
9652,Louis Sanderson,FI,Pohjois-Pohjanmaa,30-44,2023-08-10,2,Trust,Email only
9653,Marion Davies,SE,Stockholm,75+,2023-03-19,3,Individual,Full
9654,Brian Hunt,SE,Uppsala,60-74,2022-05-05,6,Individual,Full
9655,Mrs Nicola Matthews,FI,Pohjois-Pohjanmaa,30-44,2023-12-26,4,Individual,Post only
9656,David Middleton,FI,Varsinais-Suomi,30-44,2025-11-12,1,Individual,Full
9657,Kyle Wright,SE,Skåne,60-74,2025-11-30,1,Individual,Full
9658,Neil Hodgson,DK,Sjælland,60-74,2023-10-30,4,Individual,Full
9659,Dr Jasmine Walker,FI,Pohjois-Pohjanmaa,45-59,2024-10-27,6,Individual,Full
9660,Leigh Pugh-Davidson,FI,Varsinais-Suomi,18-29,2023-12-29,1,Individual,Full
9661,Mathew Davies,FI,Uusimaa,60-74,2025-12-08,2,Individual,Full
9662,Robert Lawrence-Parsons,NO,Trøndelag,75+,2024-11-27,2,Individual,Email only
9663,Ashleigh Stewart,FI,Pirkanmaa,60-74,2023-04-30,2,Individual,Full
9664,Diana Lloyd,NO,Rogaland,45-59,2024-11-25,1,Individual,Email only
9665,Mr Gerald Patel,SE,Stockholm,45-59,2025-04-20,5,Individual,Full
9666,Joseph Cook,SE,Stockholm,18-29,2022-03-14,1,Individual,Post only
9667,Josh Ward,FI,Pohjois-Pohjanmaa,30-44,2024-12-12,3,Individual,Full
9668,Carol Williams,FI,Pohjois-Pohjanmaa,60-74,2024-01-10,1,Individual,Email only
9669,Kyle Patel,SE,Uppsala,60-74,2025-03-28,6,Individual,Post only
9670,Dr Francis Smith,SE,Uppsala,60-74,2024-11-08,2,Individual,Full
9671,Mrs Frances Miles,FI,Pirkanmaa,30-44,2022-12-07,6,Corporate,Post only
9672,Frances Price-Shepherd,FI,Uusimaa,30-44,2025-12-16,3,Individual,Email only
9673,Tracy Bailey-Bentley,,Trøndelag,45-59,2023-01-01,2,Corporate,Full
9674,Nicholas Willis-Watts,NO,Trøndelag,30-44,2024-03-20,4,Individual,Full
9675,Simon Parsons,SE,Skåne,30-44,2022-06-10,5,Individual,Full
9676,Sandra Ellis,FI,Varsinais-Suomi,18-29,2023-12-21,1,Individual,Full
9677,Dr Lynda Manning,SE,Skåne,75+,2023-12-02,4,Individual,Full
9678,Kayleigh Harvey,DK,Syddanmark,30-44,2025-01-09,3,Individual,Full
9679,Dr Olivia Smart,NO,Oslo,60-74,2023-04-01,4,Individual,Email only
9680,Harriet Thomas,NO,Vestland,45-59,2023-06-05,5,Individual,Full
9681,Mr Benjamin Lynch,FI,Uusimaa,45-59,2023-09-15,5,Individual,Email only
9682,Louise Glover-Richardson,NO,Trøndelag,30-44,2022-10-31,1,Individual,Post only
9683,Deborah Howells,DK,Midtjylland,60-74,2023-01-04,1,Individual,Full
9684,Dr Howard Lee,FI,Uusimaa,60-74,2022-03-16,1,Trust,Email only
9685,Miss Suzanne Wilson,SE,Västra Götaland,75+,2025-08-23,3,Corporate,Full
9686,Stacey Hayes,NO,Vestland,45-59,2024-04-10,4,Individual,Post only
9687,Mr Aaron Bird,SE,Stockholm,60-74,2022-11-08,1,Individual,Email only
9688,Nathan Wright-Fraser,FI,Pirkanmaa,60-74,2025-10-03,1,Individual,Full
9689,Max Carr,FI,Pirkanmaa,45-59,2023-05-03,3,Individual,Email only
9690,Lucy French,FI,Pohjois-Pohjanmaa,75+,2023-04-28,3,Individual,Email only
9691,Jay Richards,FI,Pohjois-Pohjanmaa,18-29,2025-07-01,1,Corporate,Email only
9692,Kelly Scott,FI,Pirkanmaa,60-74,2022-08-18,3,Individual,Full
9693,Justin Lewis,FI,Varsinais-Suomi,60-74,2023-10-16,4,Individual,Email only
9694,Mr Joel Parsons,,Uppsala,30-44,2022-02-19,2,Individual,Full
9695,Owen Bartlett,NO,Oslo,60-74,2023-02-09,2,Individual,Full
9696,Dr Barbara Davies,NO,Rogaland,45-59,2023-12-06,2,Individual,Email only
9697,Marc Martin,DK,Sjælland,75+,2022-12-13,4,Individual,Full
9698,Dorothy Clarke,NO,Trøndelag,45-59,2023-08-14,3,Individual,Full
9699,Dr Jeffrey Richardson,DK,Hovedstaden,30-44,2024-03-04,1,Trust,Full
9700,Gregory Davis,FI,Pohjois-Pohjanmaa,30-44,2022-03-04,5,Individual,Post only
9701,Lorraine Lloyd,SE,Stockholm,45-59,2022-12-20,1,Corporate,Full
9702,Mrs Lynda Smith,FI,Uusimaa,75+,2024-04-07,2,Individual,Full
9703,Clifford Daly-Butler,SE,Uppsala,30-44,2024-05-20,3,Trust,Full
9704,Denise Stevens,FI,Varsinais-Suomi,60-74,2024-08-16,1,Individual,Full
9705,Mr Ross Rhodes,FI,Uusimaa,45-59,2025-11-21,2,Individual,Email only
9706,Carol Little,,Uusimaa,60-74,2024-01-30,1,Individual,Full
9707,Elizabeth Kay-Wall,SE,Skåne,60-74,2022-12-15,2,Individual,Email only
9708,Glenn Kirby,NO,Rogaland,60-74,2025-11-16,1,Individual,Email only
9709,Daniel Mellor,SE,Stockholm,18-29,2025-01-08,1,Individual,Full
9710,Julian Winter,SE,Stockholm,75+,2023-04-03,1,Individual,Full
9711,Hollie Morgan,DK,Midtjylland,18-29,2025-02-26,1,Individual,Email only
9712,Lee Fuller,DK,Midtjylland,18-29,2024-06-16,1,Individual,Full
9713,Ms Lucy Johnson,FI,Uusimaa,45-59,2023-05-20,1,Individual,Full
9714,Aimee Cole-James,DK,Sjælland,45-59,2025-12-14,4,Corporate,Full
9715,Donna Walker,FI,Uusimaa,30-44,2024-04-12,1,Individual,Full
9716,Dr Debra Campbell,FI,Pohjois-Pohjanmaa,45-59,2024-09-14,1,Individual,Email only
9717,Bruce Sharp-Turnbull,SE,Uppsala,45-59,2023-11-02,2,Individual,Full
9718,Joanne Chambers,NO,Oslo,45-59,2024-12-28,4,Individual,Full
9719,Joel Chapman-Adams,FI,Pirkanmaa,30-44,2024-10-05,4,Individual,Email only
9720,Jeffrey Bates-Fox,SE,Uppsala,30-44,2025-08-04,5,Individual,Full
9721,Dr Beth Harrison,FI,Pohjois-Pohjanmaa,18-29,2023-08-23,1,Individual,Full
9722,Marcus Martin-Sharp,NO,Trøndelag,60-74,2022-09-07,4,Individual,Full
9723,Julia Craig,NO,Vestland,60-74,2024-07-30,2,Individual,Full
9724,Roger Potter-Hayward,NO,Vestland,45-59,2022-03-30,5,Individual,Full
9725,Alan Shah,SE,Uppsala,60-74,2023-12-14,2,Individual,Full
9726,Stewart O'Connor,FI,Varsinais-Suomi,30-44,2023-02-21,5,Individual,Email only
9727,Irene Clark,FI,Uusimaa,60-74,2025-12-05,1,Individual,Full
9728,Dylan Clark,SE,Uppsala,45-59,2024-10-28,3,Individual,Full
9729,Stuart Farmer,FI,Uusimaa,45-59,2024-11-13,1,Individual,Email only
9730,Ms Gemma Davies,FI,Varsinais-Suomi,18-29,2024-04-02,4,Individual,Full
9731,Karen White,FI,Pirkanmaa,18-29,2023-04-18,3,Individual,Email only
9732,Dr Colin Wells,SE,Stockholm,30-44,2025-06-09,1,Individual,Full
9733,Paige Cunningham,NO,Oslo,45-59,2024-03-02,4,Individual,Full
9734,Edward Tyler-Davies,NO,Trøndelag,30-44,2022-05-01,1,Trust,Email only
9735,Mr George Brown,FI,Uusimaa,60-74,2022-05-25,5,Individual,Email only
9736,Tracey Taylor,SE,Skåne,45-59,2023-05-22,4,Individual,Full
9737,Philip Gibson,FI,Uusimaa,60-74,2022-10-16,3,Individual,Full
9738,Daniel Clayton,FI,Pirkanmaa,75+,2024-10-21,2,Individual,Full
9739,Kelly Mitchell,FI,Pohjois-Pohjanmaa,60-74,2023-12-01,1,Individual,Full
9740,Stuart Kelly,SE,Stockholm,45-59,2023-08-20,1,Individual,Full
9741,Richard Johnson,SE,Stockholm,30-44,2025-03-29,5,Individual,Full
9742,Mr Stephen Williams,SE,Västra Götaland,30-44,2024-12-21,2,Individual,Email only
9743,Glen Richards,SE,Stockholm,75+,2024-04-15,2,Individual,Email only
9744,Grace Flynn,SE,Skåne,75+,2024-11-02,5,Individual,Full
9745,Jessica Griffiths-Cooper,SE,Västra Götaland,30-44,2024-03-20,5,Individual,Full
9746,Owen Murphy,FI,Varsinais-Suomi,45-59,2025-10-01,3,Individual,Full
9747,Mr Bruce Baker,FI,Pirkanmaa,45-59,2024-06-06,4,Individual,Full
9748,Sylvia Hawkins,DK,Midtjylland,60-74,2022-11-20,1,Individual,Full
9749,Henry Dixon,SE,Skåne,75+,2023-06-21,1,Individual,Full
9750,Lee Hamilton,FI,Pohjois-Pohjanmaa,45-59,2023-12-13,2,Individual,Full
9751,Sarah Quinn,SE,Skåne,45-59,2022-05-12,2,Individual,Email only
9752,Scott Evans,FI,Pirkanmaa,45-59,2023-12-08,2,Individual,Full
9753,Dr Georgia Hughes,NO,Vestland,60-74,2023-12-23,1,Individual,Full
9754,Martin Mason,SE,Skåne,30-44,2025-06-11,1,Individual,Full
9755,Kenneth Riley,FI,Varsinais-Suomi,30-44,2022-12-04,1,Individual,Full
9756,Rita Miller,FI,Pohjois-Pohjanmaa,60-74,2024-02-17,2,Individual,Email only
9757,Mr Philip Jones,FI,Uusimaa,75+,2023-09-23,1,Individual,Full
9758,Tracey Wood,SE,Stockholm,18-29,2022-11-16,1,Individual,Full
9759,Josh Morris,FI,Varsinais-Suomi,60-74,2022-12-28,3,Individual,Full
9760,Molly Burke,FI,Uusimaa,75+,2023-12-20,2,Individual,Full
9761,Chelsea Patel-Hartley,FI,Pirkanmaa,60-74,2025-11-16,1,Individual,Full
9762,Kyle Jones-Shaw,FI,Varsinais-Suomi,18-29,2024-11-02,1,Individual,Full
9763,Abdul Hilton,FI,Varsinais-Suomi,30-44,2023-10-06,1,Individual,Email only
9764,Bradley Parsons,FI,Pirkanmaa,60-74,2024-10-10,4,Individual,Full
9765,Valerie Wright,FI,Varsinais-Suomi,45-59,2024-02-08,4,Corporate,Full
9766,Julie Taylor,NO,Vestland,75+,2022-03-07,3,Individual,Email only
9767,Mrs Eileen Sutton,NO,Trøndelag,45-59,2023-12-22,4,Individual,Full
9768,Jean Taylor-Shepherd,FI,Uusimaa,60-74,2022-09-27,5,Individual,Full
9769,Sam Garner,FI,Pohjois-Pohjanmaa,30-44,2025-09-04,1,Individual,Full
9770,Dr Albert Clark,NO,Rogaland,30-44,2023-04-21,2,Individual,Full
9771,Roy Humphries-Hughes,SE,Skåne,45-59,2023-01-24,2,Individual,Full
9772,Ronald Richardson,FI,Pohjois-Pohjanmaa,18-29,2023-11-14,4,Individual,Full
9773,Kyle Wallis,,Sjælland,18-29,2023-12-15,1,Individual,Full
9774,Mrs Louise Fitzgerald,NO,Vestland,45-59,2022-01-22,4,Individual,Full
9775,Dr Duncan Adams,DK,Sjælland,30-44,2025-06-03,7,Individual,Full
9776,John Owen,FI,Pohjois-Pohjanmaa,45-59,2024-04-15,1,Individual,Email only
9777,Jenna Hanson,FI,Pirkanmaa,75+,2024-09-14,2,Individual,Full
9778,Graham Alexander,DK,Midtjylland,18-29,2024-12-03,3,Individual,Full
9779,Dr Liam Hayes,FI,Varsinais-Suomi,30-44,2025-03-10,5,Individual,Post only
9780,Katy Webb,SE,Västra Götaland,45-59,2023-05-13,3,Corporate,Full
9781,Ben Fox,SE,Stockholm,30-44,2025-12-20,6,Individual,Full
9782,Jasmine Roberts,FI,Varsinais-Suomi,60-74,2022-06-15,4,Corporate,Full
9783,Dr Rosie Anderson,DK,Syddanmark,45-59,2023-09-08,1,Individual,Full
9784,Robin Reynolds,SE,Uppsala,30-44,2024-10-22,7,Individual,Full
9785,Rebecca Parkin-Morris,FI,Varsinais-Suomi,45-59,2025-12-07,2,Individual,Email only
9786,Kim Smith,FI,Pohjois-Pohjanmaa,18-29,2025-02-11,1,Individual,Full
9787,Kathryn Thomson,FI,Pirkanmaa,18-29,2025-03-13,1,Individual,Full
9788,Dr Holly White,SE,Uppsala,60-74,2023-03-11,3,Individual,Full
9789,Rachael Jones,FI,Pirkanmaa,60-74,2022-11-01,1,Individual,Full
9790,Charlotte Wall,FI,Uusimaa,45-59,2022-07-02,2,Individual,Email only
9791,Mr Samuel Birch,FI,Pohjois-Pohjanmaa,75+,2025-11-05,1,Individual,Post only
9792,Simon Dawson,SE,Skåne,30-44,2025-02-25,4,Individual,Post only
9793,Dr Alex Quinn,FI,Uusimaa,60-74,2023-02-16,6,Individual,Full
9794,Catherine Taylor,NO,Rogaland,45-59,2024-04-07,5,Individual,Full
9795,Alex Swift,FI,Pohjois-Pohjanmaa,75+,2024-10-22,4,Individual,Full
9796,Callum Brown,DK,Syddanmark,18-29,2025-05-26,1,Individual,Full
9797,Dr Elizabeth Mitchell,DK,Syddanmark,45-59,2025-12-28,1,Individual,Email only
9798,Elaine Grant,NO,Vestland,45-59,2025-10-13,2,Individual,Post only
9799,Melissa Clark-Quinn,NO,Rogaland,45-59,2025-12-17,6,Individual,Email only
9800,Andrea Smith,FI,Pirkanmaa,45-59,2024-12-17,2,Individual,Email only
9801,Elaine Clark,NO,Oslo,30-44,2024-11-29,4,Individual,Post only
9802,Mohamed Johnston,DK,Syddanmark,18-29,2023-06-11,5,Individual,Post only
9803,Jeremy Rees,NO,Oslo,60-74,2024-05-26,4,Corporate,Full
9804,Lawrence Thompson,NO,Vestland,30-44,2024-03-28,2,Individual,Full
9805,Dylan Atkins,SE,Uppsala,60-74,2023-09-30,1,Individual,Email only
9806,Mrs Frances Jones,NO,Vestland,30-44,2025-12-15,4,Individual,Email only
9807,Ms Kathryn Bishop,SE,Skåne,30-44,2023-08-12,1,Individual,Full
9808,Mr Terence Brown,FI,Pohjois-Pohjanmaa,60-74,2024-05-08,1,Individual,Full
9809,Shaun Jackson-Campbell,NO,Vestland,45-59,2024-06-18,6,Individual,Full
9810,Nicole Lowe-Chandler,,Stockholm,18-29,2024-12-19,3,Individual,Full
9811,Joanne Rowe-Winter,SE,Stockholm,30-44,2023-12-10,1,Individual,Full
9812,Mrs Sandra McDonald,FI,Pohjois-Pohjanmaa,60-74,2022-12-06,1,Individual,Full
9813,Linda Moore-Scott,SE,Västra Götaland,30-44,2022-11-03,1,Individual,Full
9814,Jayne Lloyd,FI,Uusimaa,75+,2023-02-09,1,Individual,Post only
9815,Christian Hammond,SE,Stockholm,30-44,2022-04-25,1,Individual,Full
9816,Katy Bird-Chan,DK,Midtjylland,60-74,2025-11-28,4,Individual,Full
9817,Mr Leigh Williams,FI,Varsinais-Suomi,30-44,2024-05-05,5,Individual,Email only
9818,Mohamed Mason,FI,Uusimaa,30-44,2024-11-27,1,Individual,Post only
9819,Keith Taylor,FI,Pirkanmaa,45-59,2023-11-08,1,Individual,Full
9820,Rosie Butler,FI,Pohjois-Pohjanmaa,45-59,2022-12-21,4,Individual,Full
9821,Shane Foster,FI,Pirkanmaa,45-59,2023-12-14,2,Individual,Full
9822,Dr Emily Rees,FI,Uusimaa,45-59,2025-12-21,1,Individual,Full
9823,Dr Nicholas Rowe,SE,Västra Götaland,18-29,2025-09-27,5,Individual,Full
9824,Grace Henderson-Martin,DK,Hovedstaden,60-74,2025-11-06,4,Individual,Post only
9825,Mohammad Williams,NO,Rogaland,60-74,2025-09-19,6,Individual,Full
9826,Jodie Pollard,SE,Stockholm,75+,2023-12-10,3,Individual,Full
9827,Dr Adrian Freeman,FI,Varsinais-Suomi,60-74,2024-11-12,1,Individual,Full
9828,Olivia Hunter,DK,Sjælland,45-59,2024-12-04,1,Individual,Full
9829,Glen Goddard,FI,Pirkanmaa,45-59,2025-03-14,1,Individual,Full
9830,Kimberley Walton,FI,Uusimaa,30-44,2024-06-30,1,Individual,Full
9831,Simon North-O'Connor,FI,Pohjois-Pohjanmaa,60-74,2023-05-13,2,Individual,Full
9832,Sean Gray,SE,Uppsala,30-44,2024-09-08,2,Individual,Full
9833,Max Stevens,,Skåne,75+,2022-08-01,1,Individual,Full
9834,Alexander Cook,NO,Oslo,60-74,2024-09-27,1,Individual,Full
9835,Tom Walker,SE,Stockholm,18-29,2024-05-09,1,Individual,Full
9836,Mr Shaun Higgins,SE,Stockholm,60-74,2025-07-23,5,Individual,Full
9837,Naomi Evans,FI,Pohjois-Pohjanmaa,45-59,2022-12-06,2,Individual,Full
9838,Anthony Evans,NO,Trøndelag,30-44,2023-09-07,1,Individual,Post only
9839,Daniel Richardson,SE,Västra Götaland,30-44,2023-11-09,5,Individual,Full
9840,Garry Walker,FI,Pirkanmaa,30-44,2022-10-07,1,Individual,Email only
9841,Dominic Wright,FI,Pirkanmaa,30-44,2023-12-20,5,Individual,Full
9842,Amy Barker,NO,Oslo,60-74,2025-12-23,6,Individual,Full
9843,Louis McCarthy-Andrews,NO,Trøndelag,30-44,2023-02-17,1,Individual,Email only
9844,Ms Ruth Holmes,SE,Uppsala,30-44,2024-08-02,1,Individual,Full
9845,Susan Anderson,FI,Uusimaa,60-74,2023-11-03,1,Individual,Email only
9846,Kim Bruce,NO,Trøndelag,30-44,2025-12-07,2,Individual,Full
9847,Mrs Kimberley Hodgson,FI,Pohjois-Pohjanmaa,45-59,2022-12-29,1,Individual,Full
9848,Lisa Johnson,SE,Uppsala,30-44,2025-12-09,1,Individual,Full
9849,Carolyn Hall,FI,Varsinais-Suomi,30-44,2023-03-16,1,Individual,Full
9850,Ms Donna Frost,NO,Trøndelag,60-74,2024-12-22,1,Individual,Full
9851,Max Poole,NO,Vestland,30-44,2023-08-24,2,Corporate,Full
9852,Patrick Clarke,DK,Hovedstaden,30-44,2024-12-06,1,Individual,Full
9853,Charlie Harper,SE,Skåne,45-59,2024-12-30,1,Individual,Full
9854,Kerry Yates,FI,Varsinais-Suomi,30-44,2025-12-11,1,Individual,Full
9855,Philip Barry,DK,Midtjylland,60-74,2023-05-18,1,Individual,Full
9856,Dr Cameron Jones,FI,Uusimaa,75+,2024-12-04,1,Individual,Full
9857,Lucy Smith,SE,Stockholm,30-44,2024-02-16,1,Individual,Full
9858,Cameron Taylor,NO,Trøndelag,30-44,2022-12-02,1,Corporate,Full
9859,Jemma Lawrence,SE,Västra Götaland,30-44,2022-08-04,2,Individual,Full
9860,Thomas Williams,FI,Pohjois-Pohjanmaa,45-59,2025-08-13,3,Individual,Full
9861,Jenna May-Rees,DK,Syddanmark,18-29,2023-09-04,1,Individual,Full
9862,Norman Harrison,NO,Rogaland,45-59,2023-02-15,1,Individual,Full
9863,Elaine Porter,SE,Stockholm,45-59,2024-05-15,5,Corporate,Full
9864,Mr Martin Edwards,FI,Uusimaa,30-44,2022-12-24,1,Individual,Full
9865,Patrick Adams,NO,Trøndelag,30-44,2025-12-12,3,Individual,Post only
9866,Miss Eleanor Martin,SE,Uppsala,30-44,2024-12-20,6,Individual,Email only
9867,Marian Morton,,Oslo,60-74,2024-02-27,1,Individual,Full
9868,Derek Allen,SE,Skåne,45-59,2025-09-15,7,Individual,Full
9869,Dr Karl Tomlinson,NO,Trøndelag,18-29,2022-12-30,1,Individual,Full
9870,Ms Joan Kennedy,FI,Pirkanmaa,45-59,2023-12-19,2,Individual,Email only
9871,Mrs Abbie Johnson,NO,Oslo,60-74,2024-12-25,1,Individual,Full
9872,Adrian Thompson-Graham,SE,Stockholm,60-74,2025-12-25,2,Individual,Full
9873,Hazel Brown,FI,Pohjois-Pohjanmaa,30-44,2025-11-15,2,Individual,Full
9874,Valerie Bryant,SE,Skåne,75+,2023-08-23,2,Individual,Full
9875,Sam Lane,NO,Oslo,30-44,2023-12-15,4,Individual,Full
9876,Vincent Brown,NO,Oslo,45-59,2023-12-11,1,Individual,Full
9877,Dr Rhys McCarthy,FI,Pohjois-Pohjanmaa,45-59,2023-11-21,1,Individual,Email only
9878,Owen Williams,FI,Uusimaa,75+,2023-08-25,6,Individual,Full
9879,Miss Suzanne Bartlett,FI,Uusimaa,45-59,2024-07-13,2,Individual,Full
9880,Andrea Sutton,FI,Pohjois-Pohjanmaa,30-44,2022-12-13,3,Individual,Full
9881,Alexandra Smith-Thomas,FI,Pohjois-Pohjanmaa,45-59,2024-06-14,6,Individual,Full
9882,Rebecca Pearce,FI,Pohjois-Pohjanmaa,45-59,2022-10-28,4,Individual,Full
9883,Mr Roy Thomas,NO,Trøndelag,18-29,2023-08-31,1,Individual,Full
9884,Mr Jordan Butler,FI,Pohjois-Pohjanmaa,45-59,2025-11-30,2,Individual,Email only
9885,Rachael Patel,DK,Midtjylland,45-59,2024-12-25,1,Trust,Full
9886,Lucy Cameron,DK,Sjælland,30-44,2023-07-12,5,Individual,Full
9887,Georgina Johnson-Lewis,FI,Varsinais-Suomi,45-59,2023-07-28,1,Individual,Email only
9888,Ross Mason,NO,Oslo,45-59,2025-03-09,5,Individual,Full
9889,Natalie Mellor-Holden,SE,Västra Götaland,45-59,2023-06-10,3,Individual,Post only
9890,Kerry Sutton,NO,Oslo,30-44,2022-12-20,4,Trust,Full
9891,Dr Timothy Foster,NO,Trøndelag,75+,2022-06-06,4,Individual,Full
9892,Nicola Jones,,Rogaland,60-74,2023-10-20,1,Individual,Full
9893,Georgina Hart-Payne,NO,Rogaland,18-29,2022-12-09,3,Individual,Email only
9894,Hollie Ferguson,SE,Stockholm,60-74,2023-07-16,1,Individual,Full
9895,Dr June Murphy,FI,Varsinais-Suomi,45-59,2023-02-16,1,Individual,Full
9896,Victor Miah,NO,Rogaland,45-59,2023-04-13,5,Individual,Email only
9897,Joe Kirk-Bennett,NO,Rogaland,30-44,2023-06-21,1,Individual,Full
9898,Emily Jarvis-Mills,NO,Oslo,75+,2025-12-01,1,Individual,Full
9899,Ronald Tucker,FI,Pohjois-Pohjanmaa,60-74,2025-07-23,1,Individual,Post only
9900,Frances Walker,FI,Uusimaa,45-59,2025-03-02,2,Individual,Email only
9901,Charles O'Neill,FI,Pirkanmaa,18-29,2022-11-12,2,Individual,Full
9902,Dr Charlene Smith,FI,Uusimaa,60-74,2025-05-27,1,Individual,Full
9903,Dr Paige Chambers,FI,Uusimaa,30-44,2024-12-09,1,Individual,Full
9904,Ricky Holmes-O'Brien,SE,Skåne,60-74,2025-07-09,2,Individual,Full
9905,Abigail Carpenter-Cook,NO,Oslo,30-44,2022-03-02,2,Individual,Full
9906,George Kelly-Hutchinson,FI,Uusimaa,45-59,2025-07-24,1,Individual,Full
9907,Arthur Arnold,DK,Midtjylland,45-59,2024-12-06,4,Individual,Email only
9908,Gerald Jones,FI,Pirkanmaa,45-59,2023-10-14,3,Individual,Full
9909,Vanessa Smith,SE,Uppsala,75+,2022-04-27,1,Individual,Full
9910,Stanley Anderson-Donnelly,DK,Sjælland,18-29,2022-12-29,3,Corporate,Full
9911,Jessica Johnson,FI,Pohjois-Pohjanmaa,45-59,2022-05-04,2,Individual,Full
9912,Danielle Bishop,SE,Uppsala,60-74,2024-03-21,1,Individual,Full
9913,Angela Mason,SE,Stockholm,45-59,2022-05-07,2,Individual,Full
9914,Mrs Maureen Manning,FI,Pohjois-Pohjanmaa,45-59,2024-01-21,1,Individual,Email only
9915,Sharon Davis,FI,Pohjois-Pohjanmaa,45-59,2025-06-01,4,Individual,Full
9916,Aimee Winter,NO,Rogaland,60-74,2024-10-01,2,Individual,Full
9917,Mohammed Joyce,SE,Skåne,60-74,2022-12-26,4,Individual,Full
9918,Kyle Hanson,SE,Uppsala,18-29,2025-03-06,2,Individual,Post only
9919,Rosie Moore,SE,Västra Götaland,18-29,2023-11-04,2,Individual,Full
9920,Jasmine Patel,FI,Pirkanmaa,60-74,2024-12-08,1,Individual,Full
9921,Tina Stone,SE,Uppsala,60-74,2023-12-19,1,Corporate,Full
9922,Philip Burton,FI,Pirkanmaa,75+,2025-10-19,3,Individual,Full
9923,Dr Philip Turner,NO,Trøndelag,30-44,2024-04-16,2,Individual,Full
9924,Nigel Hussain,DK,Hovedstaden,30-44,2024-09-07,1,Individual,Full
9925,Dr Sheila Warren,FI,Varsinais-Suomi,45-59,2024-10-04,3,Individual,Email only
9926,Roger Daly,FI,Pirkanmaa,60-74,2024-12-02,2,Corporate,Full
9927,Miss Michelle Long,SE,Västra Götaland,45-59,2023-10-09,4,Individual,Full
9928,Kimberley Morgan,FI,Uusimaa,45-59,2022-12-16,5,Individual,Full
9929,Dr Dennis Hunter,FI,Pirkanmaa,60-74,2025-12-07,1,Individual,Full
9930,Keith Stewart,FI,Uusimaa,45-59,2024-04-04,1,Individual,Full
9931,Damian Bradshaw,SE,Västra Götaland,60-74,2022-12-22,1,Individual,Full
9932,Dr Garry Robinson,FI,Varsinais-Suomi,60-74,2023-08-28,1,Individual,Full
9933,Brandon Thompson-Kirby,NO,Oslo,75+,2025-12-10,1,Individual,Full
9934,Dean Buckley,NO,Rogaland,45-59,2022-08-29,2,Individual,Full
9935,Miss Jennifer Peacock,DK,Sjælland,45-59,2025-12-21,1,Individual,Full
9936,Mr Leslie Reid,FI,Varsinais-Suomi,45-59,2024-12-26,2,Individual,Full
9937,Jack Talbot-Davies,NO,Trøndelag,45-59,2023-10-08,1,Individual,Full
9938,Tom Singh,FI,Varsinais-Suomi,45-59,2022-09-14,1,Individual,Full
9939,Mrs Leanne Daniels,FI,Uusimaa,45-59,2024-09-07,2,Individual,Full
9940,Frank Riley,FI,Uusimaa,30-44,2025-10-28,6,Individual,Email only
9941,Mr Kevin Miles,FI,Varsinais-Suomi,60-74,2024-03-08,2,Individual,Email only
9942,Holly Jackson-Adams,FI,Pirkanmaa,75+,2025-10-17,1,Individual,Full
9943,Jack Riley,NO,Trøndelag,30-44,2023-12-25,2,Individual,Full
9944,Danny Green-Singh,SE,Skåne,45-59,2023-12-07,2,Individual,Full
9945,Peter Webster,FI,Uusimaa,60-74,2023-12-14,5,Individual,Full
9946,Charles Ellis,NO,Oslo,45-59,2023-07-24,3,Individual,Full
9947,Dr Josh Greenwood,FI,Pohjois-Pohjanmaa,45-59,2025-01-24,4,Individual,Full
9948,Jeffrey Wright-McLean,FI,Pohjois-Pohjanmaa,18-29,2022-03-22,3,Individual,Post only
9949,Molly Sharp,SE,Uppsala,30-44,2025-10-29,1,Individual,Full
9950,Charles Riley-Sykes,SE,Västra Götaland,75+,2022-09-03,5,Individual,Full
9951,Mandy Williams,DK,Sjælland,75+,2023-06-15,1,Individual,Full
9952,Colin Rees,FI,Uusimaa,45-59,2024-09-05,2,Individual,Email only
9953,Marilyn Mills-Davies,FI,Uusimaa,30-44,2024-10-27,2,Individual,Full
9954,Robert Butler-Ward,DK,Syddanmark,30-44,2025-08-09,6,Individual,Email only
9955,Harriet Wood,FI,Varsinais-Suomi,18-29,2025-05-21,1,Individual,Full
9956,Mr Leigh White,DK,Sjælland,18-29,2024-08-05,2,Individual,Full
9957,Dale Martin,SE,Uppsala,45-59,2022-11-06,3,Individual,Email only
9958,Victor Lewis,FI,Uusimaa,18-29,2023-12-12,1,Individual,Full
9959,Mohamed Daniels,NO,Oslo,60-74,2022-03-02,1,Individual,Full
9960,Miss Megan Roberts,FI,Uusimaa,18-29,2025-04-15,2,Individual,Post only
9961,Lynda Jones,SE,Skåne,30-44,2025-03-24,3,Individual,Full
9962,Kieran Wilson,SE,Stockholm,60-74,2022-03-04,2,Individual,Email only
9963,Mohamed Price,DK,Sjælland,75+,2024-01-20,1,Individual,Full
9964,Miss Paige McKenzie,FI,Uusimaa,18-29,2024-06-20,2,Individual,Post only
9965,Dr Bryan Pratt,FI,Pirkanmaa,45-59,2023-02-04,5,Individual,Email only
9966,Cheryl Hilton,SE,Västra Götaland,45-59,2022-05-28,1,Individual,Full
9967,Sean Phillips,SE,Stockholm,30-44,2022-09-10,1,Individual,Email only
9968,Dale Hughes,FI,Pohjois-Pohjanmaa,75+,2023-12-14,1,Individual,Full
9969,Kenneth Hutchinson,SE,Stockholm,45-59,2023-04-15,1,Individual,Email only
9970,Julie Hanson,SE,Stockholm,30-44,2023-11-17,1,Individual,Full
9971,Sandra Bennett,FI,Varsinais-Suomi,45-59,2023-12-22,1,Individual,Full
9972,Mr Victor Mitchell,NO,Rogaland,30-44,2025-12-04,5,Individual,Full
9973,Sandra Moss-Carr,FI,Uusimaa,30-44,2024-02-14,1,Trust,Email only
9974,Dr Jay Kent,NO,Oslo,30-44,2025-05-11,1,Individual,Full
9975,Guy Richardson,FI,Varsinais-Suomi,45-59,2022-11-06,2,Individual,Full
9976,Janice Brown,FI,Pohjois-Pohjanmaa,30-44,2025-12-29,5,Individual,Full
9977,Amber Griffin,FI,Pirkanmaa,45-59,2025-11-15,4,Individual,Email only
9978,Holly Davis,NO,Trøndelag,75+,2023-05-16,1,Individual,Email only
9979,Gillian Khan-Bradshaw,DK,Hovedstaden,45-59,2025-05-02,2,Individual,Post only
9980,Craig Bibi-Fuller,FI,Pohjois-Pohjanmaa,45-59,2022-05-12,4,Individual,Full
9981,Christopher Young,NO,Rogaland,45-59,2024-10-25,7,Individual,Full
9982,Miss Lisa Howells,FI,Pirkanmaa,30-44,2024-11-03,2,Individual,Full
9983,Kimberley Armstrong,FI,Varsinais-Suomi,45-59,2023-04-30,2,Individual,Full
9984,Dr Connor Edwards,NO,Oslo,18-29,2025-11-17,1,Individual,Full
9985,Mr Billy Jones,SE,Skåne,60-74,2024-01-28,1,Individual,Email only
9986,Eleanor Nolan,FI,Pohjois-Pohjanmaa,30-44,2023-04-19,5,Individual,Email only
9987,Damian Hall,FI,Pohjois-Pohjanmaa,60-74,2023-09-18,1,Individual,Full
9988,Lynne Williams,SE,Uppsala,45-59,2023-10-08,1,Individual,Full
9989,Dr George Gray,NO,Rogaland,18-29,2023-09-15,1,Individual,Post only
9990,Joshua Pugh,NO,Rogaland,45-59,2024-07-06,1,Individual,Full
9991,Oliver Walker,FI,Pohjois-Pohjanmaa,45-59,2022-12-09,1,Individual,Full
9992,Alexander Read,SE,Stockholm,60-74,2025-04-05,5,Individual,Email only
9993,Craig Williams,DK,Syddanmark,60-74,2025-05-25,1,Individual,Full
9994,Dr Adam Freeman,NO,Trøndelag,30-44,2025-06-11,4,Individual,Full
9995,Catherine Wong-Murphy,NO,Rogaland,30-44,2022-12-27,1,Individual,Full
9996,Timothy Grant,FI,Uusimaa,30-44,2025-12-20,1,Individual,Post only
9997,Philip Harris,FI,Varsinais-Suomi,45-59,2022-11-10,1,Individual,Email only
9998,Leslie Kent,NO,Vestland,60-74,2025-01-28,1,Individual,Full
9999,Dr Donna Hancock,FI,Varsinais-Suomi,30-44,2025-07-24,1,Individual,Full
10000,Bryan Lane,NO,Vestland,60-74,2022-07-22,2,Individual,Full
10001,Oliver Smith,NO,Vestland,60-74,2023-10-23,5,Individual,Full
10002,Mr Neil Barrett,SE,Stockholm,45-59,2023-11-13,1,Individual,Full
10003,Ben Barrett,FI,Pirkanmaa,30-44,2023-12-15,1,Individual,Full
10004,Dr Reece Knight,SE,Västra Götaland,30-44,2024-11-08,4,Corporate,Full
10005,Frederick Green,FI,Varsinais-Suomi,60-74,2023-12-19,1,Individual,Full
10006,Joshua Jones,FI,Pirkanmaa,18-29,2024-04-20,1,Individual,Full
10007,Mr Matthew Price,FI,Uusimaa,60-74,2023-08-09,2,Individual,Full
10008,Jill Clark,NO,Vestland,45-59,2022-05-08,1,Individual,Email only
10009,Dr Andrea Allen,DK,Syddanmark,30-44,2025-11-06,1,Individual,Post only
10010,Ms Mary Talbot,FI,Varsinais-Suomi,75+,2022-06-30,3,Individual,Email only
10011,Lucy Thomas,FI,Varsinais-Suomi,60-74,2025-12-08,1,Individual,Full
10012,Vincent Roberts,FI,Varsinais-Suomi,45-59,2022-10-03,1,Individual,Full
10013,Lucy Harvey,SE,Västra Götaland,45-59,2022-07-09,1,Corporate,Full
10014,Dr Jeremy Simpson,SE,Skåne,30-44,2022-01-05,2,Individual,Full
10015,Antony Greenwood,FI,Varsinais-Suomi,45-59,2023-10-15,1,Individual,Full
10016,Melissa McDonald,FI,Varsinais-Suomi,45-59,2024-10-09,1,Individual,Full
10017,Mrs Marie Johnson,FI,Pirkanmaa,18-29,2022-10-25,1,Individual,Full
10018,Mr Nicholas Knight,SE,Uppsala,18-29,2024-05-25,1,Individual,Full
10019,Francis O'Connor,DK,Syddanmark,45-59,2022-12-12,1,Individual,Full
10020,Maria Begum,DK,Syddanmark,45-59,2025-03-14,2,Individual,Full
10021,Mrs Emily Fisher,FI,Pohjois-Pohjanmaa,75+,2024-08-08,2,Individual,Post only
10022,Bernard Robinson-Marshall,DK,Sjælland,45-59,2024-05-02,6,Individual,Full
10023,Dr Leonard Cook,SE,Uppsala,60-74,2025-10-10,1,Individual,Email only
10024,Mrs Rebecca Thorpe,FI,Varsinais-Suomi,30-44,2023-02-07,2,Individual,Full
10025,Brandon Mitchell,SE,Uppsala,60-74,2022-03-17,1,Individual,Full
10026,Dr Billy Payne,FI,Varsinais-Suomi,45-59,2025-12-30,2,Individual,Full
10027,Mr Garry Davies,SE,Uppsala,45-59,2025-12-01,2,Individual,Full
10028,June Cooper,SE,Stockholm,18-29,2025-02-09,4,Individual,Full
10029,Dr Hazel Taylor,SE,Uppsala,60-74,2023-01-02,6,Individual,Full
10030,Stacey Bailey,FI,Varsinais-Suomi,75+,2024-12-10,4,Corporate,Full
10031,Sara Martin,FI,Uusimaa,30-44,2022-09-29,4,Corporate,Full
10032,Dr Vincent Riley,DK,Syddanmark,75+,2022-08-02,1,Individual,Email only
10033,Martyn Booth,NO,Vestland,75+,2025-02-12,1,Individual,Full
10034,Declan Collins-Scott,SE,Skåne,30-44,2024-03-10,3,Individual,Full
10035,Keith Carroll,SE,Uppsala,45-59,2023-08-06,3,Individual,Full
10036,Anthony Mitchell,FI,Pohjois-Pohjanmaa,45-59,2023-09-07,1,Individual,Full
10037,Mohammed Smith,SE,Stockholm,45-59,2022-02-24,1,Individual,Post only
10038,Dr Jake Sullivan,FI,Uusimaa,60-74,2023-01-13,4,Individual,Full
10039,Lawrence Davies,SE,Skåne,18-29,2023-12-16,1,Individual,Full
10040,Frances Edwards,FI,Varsinais-Suomi,18-29,2025-01-23,1,Individual,Full
10041,Mrs Lisa Williams,SE,Västra Götaland,60-74,2024-04-23,2,Corporate,Post only
10042,Nicole Harvey-Gill,NO,Rogaland,30-44,2025-04-09,1,Individual,Full
10043,Emma Stone,FI,Uusimaa,45-59,2025-08-20,7,Individual,Full
10044,Ms Jodie Moore,FI,Uusimaa,30-44,2025-12-14,1,Individual,Full
10045,Ellie Roberts,DK,Hovedstaden,45-59,2024-09-21,1,Individual,Full
10046,Mrs Pamela Moore,FI,Pirkanmaa,60-74,2024-12-18,5,Individual,Full
10047,Kenneth Wood,FI,Pirkanmaa,75+,2023-11-22,1,Individual,Email only
10048,Julie Mitchell,NO,Trøndelag,60-74,2022-09-19,2,Individual,Full
10049,Sara Gordon,FI,Varsinais-Suomi,60-74,2024-11-23,3,Corporate,Full
10050,Dr Allan Ali,DK,Midtjylland,18-29,2025-12-25,1,Individual,Full
10051,Mr Lawrence Jones,NO,Rogaland,30-44,2023-11-08,1,Individual,Full
10052,Alexandra Ashton,SE,Stockholm,45-59,2025-12-10,3,Individual,Post only
10053,Miss Rachel Hill,NO,Oslo,60-74,2024-12-11,2,Individual,Full
10054,Catherine Ward,FI,Pirkanmaa,45-59,2025-12-19,1,Individual,Full
10055,Gavin Metcalfe,SE,Skåne,75+,2025-06-09,1,Individual,Full
10056,Charlene Pearson-Griffiths,FI,Pohjois-Pohjanmaa,45-59,2022-02-06,4,Individual,Full
10057,Naomi Perkins,SE,Stockholm,45-59,2023-10-27,2,Individual,Full
10058,Abigail Dixon,FI,Varsinais-Suomi,45-59,2025-08-07,1,Trust,Full
10059,Dorothy Howarth,SE,Stockholm,30-44,2024-12-30,1,Individual,Full
10060,Wendy Patel,FI,Varsinais-Suomi,45-59,2022-12-03,2,Corporate,Full
10061,Linda Collins,DK,Midtjylland,75+,2024-12-17,1,Individual,Full
10062,Dr Darren Manning,SE,Västra Götaland,45-59,2024-12-19,2,Individual,Full
10063,Kerry Harrison-Jennings,NO,Rogaland,60-74,2022-03-24,1,Corporate,Full
10064,Robin Scott-Bradshaw,FI,Pirkanmaa,45-59,2022-05-13,1,Individual,Post only
10065,Kim Campbell,FI,Varsinais-Suomi,60-74,2025-12-08,1,Individual,Full
10066,Robin Price,SE,Uppsala,75+,2025-04-20,2,Individual,Full
10067,Mr Geoffrey Davey,NO,Rogaland,30-44,2025-12-01,5,Corporate,Full
10068,Philip Hudson,FI,Varsinais-Suomi,60-74,2024-09-02,5,Individual,Full
10069,Carolyn McCarthy-Hyde,FI,Uusimaa,45-59,2022-11-21,1,Individual,Full
10070,Maurice Harrison,FI,Pirkanmaa,45-59,2025-10-13,1,Individual,Email only
10071,Jonathan Yates,SE,Skåne,60-74,2022-06-18,1,Individual,Email only
10072,Lydia Singh-Gibbons,FI,Uusimaa,75+,2025-02-27,2,Individual,Full
10073,Mr Ross Burrows,SE,Uppsala,18-29,2022-04-09,1,Individual,Full
10074,Hannah Begum-Holden,SE,Skåne,30-44,2023-12-08,2,Individual,Full
10075,Marie Ahmed,DK,Syddanmark,45-59,2023-12-01,1,Individual,Email only
10076,Dr Stacey Smith,SE,Uppsala,45-59,2024-05-06,1,Individual,Full
10077,Joanne Pearson,FI,Pohjois-Pohjanmaa,30-44,2023-11-10,3,Individual,Full
10078,Callum Shaw,SE,Uppsala,18-29,2022-09-01,2,Individual,Full
10079,Dr Alex Stevens,FI,Varsinais-Suomi,60-74,2025-10-29,6,Corporate,Email only
10080,Katherine Wallace,FI,Pirkanmaa,30-44,2024-05-20,2,Individual,Email only
10081,Victoria Turner,FI,Pirkanmaa,45-59,2022-05-16,7,Individual,Full
10082,Mr Gregory Higgins,DK,Midtjylland,45-59,2024-04-24,1,Individual,Full
10083,Tom Taylor,NO,Oslo,30-44,2022-08-11,1,Individual,Email only
10084,Mr Tony Green,DK,Syddanmark,45-59,2023-12-26,3,Individual,Full
10085,Paula Richardson,NO,Rogaland,30-44,2022-12-08,6,Individual,Full
10086,Geoffrey Thompson,FI,Pohjois-Pohjanmaa,30-44,2023-09-21,4,Individual,Full
10087,Caroline Kennedy,FI,Pirkanmaa,18-29,2025-10-25,4,Individual,Full
10088,Anna Pugh,NO,Trøndelag,60-74,2024-04-01,2,Individual,Full
10089,Norman Foster,FI,Pohjois-Pohjanmaa,30-44,2023-12-03,1,Individual,Full
10090,Gregory Clark,FI,Pohjois-Pohjanmaa,45-59,2023-12-23,2,Individual,Full
10091,Ms Tina Patel,SE,Västra Götaland,60-74,2023-12-10,2,Individual,Full
10092,Dr Jennifer Fisher,FI,Pirkanmaa,60-74,2025-02-27,1,Individual,Full
10093,Bradley Ryan,NO,Oslo,60-74,2024-02-27,3,Individual,Full
10094,Kenneth Lee,FI,Pirkanmaa,45-59,2024-12-14,1,Individual,Full
10095,Maurice Jones,NO,Oslo,75+,2022-12-19,2,Individual,Post only
10096,Dr Eileen Steele,FI,Varsinais-Suomi,30-44,2025-11-01,1,Individual,Post only
10097,Sylvia Riley,FI,Varsinais-Suomi,75+,2023-05-29,5,Individual,Full
10098,Rita Clarke,FI,Varsinais-Suomi,30-44,2022-07-22,3,Individual,Full
10099,Dr Jordan Hargreaves,FI,Pirkanmaa,60-74,2022-06-17,1,Individual,Full
10100,Dr Guy Wilson,FI,Pirkanmaa,18-29,2022-04-11,4,Individual,Full
10101,Dr Jonathan Rose,FI,Varsinais-Suomi,30-44,2024-12-22,2,Individual,Email only
10102,Dr Alan Whittaker,SE,Stockholm,60-74,2022-09-18,5,Individual,Full
10103,Dr Martyn Jones,NO,Trøndelag,30-44,2025-05-27,1,Individual,Post only
10104,Zoe Leach,FI,Pohjois-Pohjanmaa,60-74,2023-03-05,2,Individual,Email only
10105,June Jones,FI,Uusimaa,60-74,2025-12-29,2,Individual,Email only
10106,Dr Neil Price,SE,Stockholm,30-44,2022-11-04,2,Individual,Full
10107,Abigail Allen,SE,Stockholm,45-59,2025-06-11,1,Individual,Post only
10108,Brandon Potter-Wilson,SE,Västra Götaland,45-59,2025-05-01,2,Individual,Full
10109,Donna Walters,FI,Pohjois-Pohjanmaa,30-44,2024-10-11,1,Individual,Full
10110,Callum Atkins,SE,Stockholm,45-59,2022-09-27,2,Individual,Full
10111,Wendy Marshall,SE,Uppsala,45-59,2022-05-10,1,Individual,Full
10112,Raymond North,NO,Rogaland,30-44,2023-11-14,1,Individual,Full
10113,Linda Newman,DK,Syddanmark,60-74,2022-11-03,1,Individual,Full
10114,Dr Andrew Robinson,SE,Västra Götaland,45-59,2022-12-09,1,Individual,Full
10115,Lorraine Williams,FI,Uusimaa,18-29,2023-05-03,1,Individual,Full
10116,Paul Rose,SE,Västra Götaland,60-74,2025-12-20,7,Individual,Email only
10117,Mrs Kim Thomson,FI,Pirkanmaa,75+,2023-05-02,1,Individual,Full
10118,Iain Jones,NO,Vestland,75+,2022-07-01,1,Individual,Email only
10119,Gary Nicholls-Green,SE,Skåne,45-59,2024-12-19,1,Individual,Full
10120,Shaun Franklin-Rose,SE,Stockholm,18-29,2024-09-29,6,Individual,Full
10121,Mr Lawrence Savage,NO,Trøndelag,45-59,2024-10-20,1,Corporate,Email only
10122,Jade Swift,FI,Pohjois-Pohjanmaa,60-74,2023-01-24,4,Individual,Full
10123,Luke Marshall,DK,Midtjylland,45-59,2023-06-16,1,Corporate,Full
10124,Keith Hardy,FI,Pirkanmaa,60-74,2024-09-10,3,Trust,Email only
10125,Kimberley Fowler,SE,Uppsala,30-44,2022-12-21,5,Individual,Full
10126,Olivia James,FI,Varsinais-Suomi,60-74,2024-03-16,1,Individual,Full
10127,Joanna Knight-Richards,SE,Stockholm,60-74,2025-09-22,1,Individual,Email only
10128,Andrew Mason,SE,Västra Götaland,45-59,2022-02-11,3,Individual,Full
10129,Mr Frank Scott,SE,Uppsala,60-74,2022-12-27,2,Individual,Post only
10130,Carol Smith,SE,Västra Götaland,18-29,2025-04-14,1,Individual,Full
10131,Elliot Burke,FI,Pirkanmaa,60-74,2024-11-26,6,Individual,Full
10132,Jodie Edwards,FI,Pirkanmaa,75+,2024-10-22,1,Individual,Full
10133,Yvonne Bird,SE,Skåne,60-74,2023-10-26,2,Individual,Full
10134,Jenna Gray,DK,Hovedstaden,75+,2024-12-06,1,Individual,Post only
10135,Jemma Pugh,FI,Pirkanmaa,30-44,2023-11-13,1,Individual,Full
10136,Joshua Thomson,NO,Rogaland,45-59,2024-03-18,3,Individual,Full
10137,Craig Rogers,SE,Västra Götaland,45-59,2025-11-17,1,Corporate,Post only
10138,Abdul Mistry,DK,Hovedstaden,60-74,2025-12-22,2,Individual,Full
10139,Charlene May,FI,Uusimaa,30-44,2025-12-08,2,Individual,Full
10140,Gail Knight,NO,Rogaland,18-29,2023-12-23,5,Individual,Full
10141,Mark Barlow-Thomson,SE,Västra Götaland,60-74,2023-11-11,2,Individual,Full
10142,Nicola Fletcher,NO,Rogaland,18-29,2025-09-27,4,Individual,Full
10143,Josephine Mitchell,FI,Pirkanmaa,18-29,2025-12-10,1,Individual,Full
10144,Alan Richardson,SE,Västra Götaland,45-59,2025-11-17,1,Individual,Full
10145,Toby Owens,SE,Skåne,60-74,2023-10-06,1,Individual,Full
10146,Miss Eleanor James,NO,Trøndelag,18-29,2025-11-24,2,Individual,Full
10147,Geoffrey Thomas,FI,Pohjois-Pohjanmaa,60-74,2023-09-02,4,Individual,Full
10148,Mary Murphy-Bryant,FI,Pohjois-Pohjanmaa,30-44,2025-01-10,4,Individual,Full
10149,Toby Hammond,SE,Uppsala,30-44,2023-03-28,6,Individual,Full
10150,Aaron Barnes,SE,Stockholm,45-59,2024-10-09,6,Individual,Full
10151,Molly Ward,FI,Pohjois-Pohjanmaa,30-44,2022-04-30,1,Individual,Full
10152,Lesley Dodd,NO,Vestland,30-44,2022-10-02,2,Individual,Email only
10153,Ruth Tyler,NO,Oslo,18-29,2024-06-24,3,Individual,Email only
10154,Dawn Thompson,NO,Rogaland,30-44,2022-01-20,2,Corporate,Full
10155,Lesley Williamson,FI,Varsinais-Suomi,18-29,2023-06-26,4,Individual,Full
10156,Mohammad Knight,SE,Uppsala,30-44,2025-12-23,6,Individual,Full
10157,Hugh Gardiner,FI,Pirkanmaa,30-44,2025-11-25,2,Individual,Email only
10158,Kieran Watkins,FI,Varsinais-Suomi,60-74,2023-02-25,3,Individual,Email only
10159,Dr Carl West,FI,Varsinais-Suomi,60-74,2022-07-28,1,Individual,Full
10160,Dr Clare Lewis,DK,Midtjylland,45-59,2024-08-19,6,Individual,Full
10161,Kate Khan,FI,Uusimaa,30-44,2022-05-27,1,Individual,Full
10162,Chelsea May,FI,Pirkanmaa,60-74,2024-03-08,3,Individual,Full
10163,Duncan White,FI,Uusimaa,30-44,2022-10-10,3,Individual,Email only
10164,Christopher Davies,DK,Sjælland,30-44,2025-02-28,1,Individual,Full
10165,Victoria Newton-Gilbert,SE,Skåne,75+,2022-12-08,4,Individual,Full
10166,Bethany Taylor,FI,Pirkanmaa,60-74,2022-03-03,4,Individual,Full
10167,Richard Marshall,FI,Varsinais-Suomi,45-59,2023-08-04,2,Individual,Email only
10168,Alan Webster,NO,Rogaland,45-59,2025-10-23,1,Individual,Post only
10169,Leonard Cox,DK,Hovedstaden,30-44,2022-11-02,5,Individual,Email only
10170,Jessica Howard-Rowley,FI,Pohjois-Pohjanmaa,30-44,2022-04-29,1,Individual,Full
10171,Garry Dunn,SE,Skåne,18-29,2024-09-12,5,Individual,Email only
10172,Stewart Field-Edwards,SE,Skåne,45-59,2023-12-30,1,Individual,Email only
10173,Lisa Payne,FI,Pohjois-Pohjanmaa,60-74,2023-07-24,4,Individual,Full
10174,Sheila Clarke,DK,Syddanmark,30-44,2022-09-02,1,Individual,Full
10175,Melanie Moran,FI,Pohjois-Pohjanmaa,60-74,2024-08-13,2,Individual,Full
10176,Frederick Ryan,FI,Pohjois-Pohjanmaa,60-74,2025-01-25,1,Individual,Full
10177,Dr Jade Graham,SE,Stockholm,60-74,2024-06-22,2,Individual,Post only
10178,Alexander Wallace,FI,Pirkanmaa,75+,2023-10-17,2,Individual,Full
10179,Beverley Anderson,FI,Varsinais-Suomi,45-59,2022-08-05,4,Individual,Full
10180,Laura Hopkins,SE,Stockholm,60-74,2022-05-26,4,Individual,Post only
10181,Miss Jessica Hall,FI,Pohjois-Pohjanmaa,75+,2025-12-24,3,Individual,Full
10182,Joseph Forster,FI,Uusimaa,45-59,2023-11-14,2,Individual,Full
10183,Laura Lewis,SE,Västra Götaland,45-59,2023-12-25,4,Individual,Full
10184,Miss Megan Griffiths,FI,Pohjois-Pohjanmaa,30-44,2025-05-31,1,Individual,Full
10185,Maria Wilkins-Patel,NO,Rogaland,30-44,2022-12-21,1,Individual,Full
10186,Judith Brown,FI,Uusimaa,30-44,2023-03-03,1,Individual,Full
10187,Graham Hanson,NO,Rogaland,60-74,2022-12-13,2,Individual,Full
10188,Ms Donna Hayes,FI,Pohjois-Pohjanmaa,45-59,2023-04-10,3,Individual,Full
10189,Glen Scott,FI,Pohjois-Pohjanmaa,60-74,2023-07-12,4,Individual,Full
10190,Dr Michelle Howard,FI,Pohjois-Pohjanmaa,60-74,2025-03-15,4,Individual,Full
10191,Dominic Lyons-Shepherd,SE,Skåne,30-44,2025-12-05,2,Individual,Full
10192,Mr Gareth Bond,SE,Stockholm,45-59,2023-12-10,4,Individual,Full
10193,Abigail Carey,FI,Varsinais-Suomi,45-59,2023-04-27,1,Individual,Full
10194,Karen Richardson,SE,Skåne,30-44,2022-03-28,3,Individual,Full
10195,Geraldine Waters,,Pirkanmaa,45-59,2024-02-07,1,Individual,Full
10196,Anna Wilson,SE,Västra Götaland,60-74,2022-10-09,2,Individual,Full
10197,Daniel Hudson,SE,Stockholm,30-44,2022-09-19,6,Individual,Full
10198,Mr Conor Lambert,DK,Hovedstaden,45-59,2022-09-11,2,Corporate,Full
10199,Eric Bates-Allan,FI,Uusimaa,30-44,2024-11-13,3,Individual,Full
10200,Dr Timothy Kemp,FI,Uusimaa,18-29,2024-10-09,5,Individual,Full
10201,Declan Kaur,FI,Uusimaa,18-29,2025-04-11,3,Corporate,Full
10202,Timothy Riley,NO,Oslo,45-59,2024-02-10,6,Individual,Post only
10203,Geoffrey Harrison,DK,Sjælland,75+,2023-12-29,2,Corporate,Email only
10204,Sarah Myers,NO,Oslo,75+,2025-11-08,2,Individual,Full
10205,Mrs Laura Smith,SE,Stockholm,30-44,2024-05-22,4,Individual,Full
10206,Mr Shane Coates,SE,Uppsala,45-59,2024-03-18,1,Corporate,Full
10207,Cameron Miller,DK,Midtjylland,18-29,2023-10-17,1,Individual,Full
10208,Diana Stone,SE,Stockholm,60-74,2024-06-30,1,Corporate,Full
10209,Damian Harrison,SE,Stockholm,18-29,2025-12-07,1,Individual,Full
10210,Miss Amber Parker,DK,Sjælland,18-29,2023-09-28,6,Individual,Full
10211,Mrs Amelia Jones,FI,Pohjois-Pohjanmaa,30-44,2024-10-02,3,Individual,Full
10212,Lynn Whitehead,DK,Sjælland,60-74,2024-01-16,1,Individual,Full
10213,Dr Joanna Evans,NO,Vestland,30-44,2025-12-23,2,Individual,Full
10214,Joe Clark-Roberts,SE,Uppsala,30-44,2022-03-13,2,Individual,Email only
10215,Eleanor Parkinson-Riley,SE,Skåne,45-59,2024-07-14,5,Individual,Full
10216,Ms Sandra Potts,FI,Pirkanmaa,60-74,2024-12-04,1,Individual,Email only
10217,Diane Myers,SE,Skåne,18-29,2025-06-21,2,Individual,Email only
10218,Marie Elliott-Stevens,NO,Oslo,30-44,2024-08-30,2,Individual,Email only
10219,Roy Connolly,FI,Varsinais-Suomi,60-74,2024-03-27,1,Corporate,Email only
10220,Joel Buckley-Williams,NO,Vestland,45-59,2025-05-03,2,Individual,Full
10221,Leslie Begum,,Midtjylland,30-44,2022-10-24,5,Individual,Email only
10222,Lynne Evans,SE,Västra Götaland,30-44,2024-09-16,4,Individual,Full
10223,Suzanne Patel,FI,Pirkanmaa,30-44,2025-05-28,2,Individual,Full
10224,Dr Joyce Stewart,SE,Stockholm,18-29,2024-11-15,1,Individual,Full
10225,Mr George Cole,SE,Uppsala,18-29,2022-12-23,4,Individual,Full
10226,Nigel Price,NO,Trøndelag,45-59,2025-12-12,1,Individual,Full
10227,Mr Max Williamson,SE,Västra Götaland,18-29,2022-10-20,3,Individual,Full
10228,Clive Wilson-Miller,SE,Skåne,45-59,2022-03-03,1,Individual,Full
10229,Irene Thompson,DK,Sjælland,30-44,2022-11-14,2,Individual,Email only
10230,Keith Baker-King,SE,Västra Götaland,30-44,2023-02-18,1,Individual,Full
10231,Nathan Hughes-Hopkins,FI,Uusimaa,60-74,2023-12-07,2,Individual,Full
10232,Dr Clifford Stewart,FI,Pirkanmaa,45-59,2025-12-04,2,Individual,Full
10233,Brian Collins,SE,Stockholm,45-59,2022-11-09,5,Individual,Full
10234,Jordan Patel,,Varsinais-Suomi,45-59,2023-03-28,1,Individual,Full
10235,Dr Hollie Hall,DK,Hovedstaden,18-29,2022-04-09,5,Individual,Full
10236,Miss Margaret Jones,SE,Stockholm,30-44,2025-12-20,2,Individual,Full
10237,Dr Philip Curtis,FI,Pohjois-Pohjanmaa,18-29,2025-08-19,2,Individual,Email only
10238,Simon Johnson-Willis,SE,Uppsala,45-59,2022-09-14,1,Individual,Full
10239,Marie Hill,DK,Syddanmark,45-59,2024-11-22,1,Individual,Full
10240,Aimee Smith,FI,Uusimaa,18-29,2022-10-14,1,Individual,Email only
10241,Marc Higgins,SE,Uppsala,45-59,2023-07-17,3,Individual,Full
10242,Glenn Porter,FI,Uusimaa,30-44,2024-09-02,2,Individual,Email only
10243,Jacob Evans-Banks,SE,Skåne,45-59,2023-08-30,2,Corporate,Full
10244,Bethan Thompson,FI,Uusimaa,60-74,2022-07-06,3,Individual,Email only
10245,Jodie Dean,FI,Pohjois-Pohjanmaa,45-59,2024-04-02,4,Individual,Email only
10246,Aaron Bartlett,FI,Uusimaa,45-59,2025-11-09,3,Individual,Email only
10247,Gary Hill-Williams,NO,Trøndelag,60-74,2024-12-02,2,Individual,Full
10248,Edward Warner,FI,Varsinais-Suomi,60-74,2024-04-11,1,Individual,Email only
10249,Dr Marcus Johnson,SE,Skåne,60-74,2025-12-18,5,Individual,Full
10250,Louis Norman,FI,Varsinais-Suomi,18-29,2022-11-15,3,Trust,Full
10251,Elliot Taylor,FI,Pohjois-Pohjanmaa,60-74,2025-08-14,1,Individual,Full
10252,Dr Rhys Martin,NO,Vestland,60-74,2024-02-01,5,Individual,Full
10253,Denise Rees-Jones,SE,Västra Götaland,30-44,2024-11-02,2,Individual,Post only
10254,Charlotte Ball,SE,Uppsala,45-59,2022-05-26,2,Individual,Full
10255,Donna Fletcher,FI,Pirkanmaa,60-74,2024-12-19,2,Individual,Full
10256,Leon Mills-Wilson,SE,Västra Götaland,30-44,2025-12-13,1,Individual,Email only
10257,Mr Wayne Harris,FI,Varsinais-Suomi,18-29,2022-12-22,1,Individual,Full
10258,Suzanne Walker,FI,Varsinais-Suomi,45-59,2025-04-27,5,Individual,Full
10259,Amelia Chapman-Yates,FI,Varsinais-Suomi,45-59,2022-10-28,1,Individual,Email only
10260,Kayleigh Day,DK,Midtjylland,45-59,2023-01-19,4,Individual,Full
10261,Miss Michelle Hill,FI,Pirkanmaa,45-59,2025-08-15,1,Individual,Post only
10262,Dr Roger Turner,SE,Skåne,18-29,2024-04-16,1,Individual,Full
10263,Donna Cooper,SE,Västra Götaland,45-59,2024-09-08,4,Individual,Full
10264,Miss Melissa Sanders,FI,Pohjois-Pohjanmaa,18-29,2023-12-12,1,Individual,Full
10265,Roger Black-Stewart,NO,Vestland,45-59,2024-12-26,2,Individual,Full
10266,Rachel Allen-Mills,FI,Pohjois-Pohjanmaa,18-29,2023-12-01,1,Individual,Full
10267,Mr Eric Fraser,DK,Midtjylland,30-44,2023-12-17,5,Individual,Full
10268,Kathleen Farmer,SE,Stockholm,45-59,2022-08-20,3,Individual,Email only
10269,Miss Carol Smith,SE,Stockholm,45-59,2025-12-19,1,Individual,Email only
10270,Mr Rhys Whittaker,NO,Vestland,45-59,2025-03-30,3,Individual,Full
10271,Mrs Amber Marshall,FI,Pohjois-Pohjanmaa,45-59,2022-07-20,1,Individual,Post only
10272,Bruce Ross,SE,Stockholm,45-59,2023-01-08,1,Individual,Full
10273,Mr Louis Morgan,FI,Pirkanmaa,45-59,2024-09-12,3,Individual,Full
10274,Kyle Holt-Davies,SE,Uppsala,45-59,2025-12-18,3,Individual,Full
10275,Guy White,FI,Varsinais-Suomi,18-29,2024-12-10,2,Individual,Email only
10276,Kathryn Ali-Weston,NO,Rogaland,60-74,2023-12-06,1,Individual,Full
10277,Mrs Catherine Cox,DK,Syddanmark,30-44,2023-11-20,1,Individual,Full
10278,Heather Hayes-Jones,SE,Uppsala,60-74,2024-12-12,1,Individual,Full
10279,Dr Wayne Davies,SE,Stockholm,30-44,2025-06-29,1,Trust,Full
10280,Leon Chandler,NO,Oslo,60-74,2024-03-07,2,Individual,Full
10281,Robin Burton,FI,Varsinais-Suomi,75+,2022-11-27,4,Individual,Full
10282,Ben Campbell,SE,Västra Götaland,45-59,2023-09-11,2,Individual,Email only
10283,Mr Joshua Walker,SE,Uppsala,60-74,2025-12-14,2,Individual,Full
10284,Susan Adams,NO,Oslo,60-74,2025-02-10,5,Individual,Email only
10285,Ms Rachel Kent,FI,Varsinais-Suomi,45-59,2025-12-24,2,Individual,Full
10286,Mrs Andrea Carroll,FI,Varsinais-Suomi,60-74,2024-03-16,2,Individual,Full
10287,Gareth Edwards,SE,Stockholm,75+,2024-05-12,1,Individual,Full
10288,Holly Smith,DK,Hovedstaden,18-29,2022-12-12,1,Individual,Full
10289,Mr Carl Hartley,FI,Pohjois-Pohjanmaa,45-59,2023-07-02,4,Trust,Email only
10290,Marian Sinclair,DK,Syddanmark,30-44,2023-10-13,1,Individual,Full
10291,Lorraine Holmes,FI,Pohjois-Pohjanmaa,60-74,2025-12-08,2,Individual,Full
10292,Owen Clark,SE,Skåne,75+,2025-12-07,6,Individual,Full
10293,Dr Kayleigh Hudson,NO,Vestland,30-44,2023-08-15,5,Individual,Full
10294,Rita Lewis,NO,Vestland,45-59,2023-11-17,2,Individual,Full
10295,Mrs Julia Johnson,FI,Varsinais-Suomi,30-44,2025-06-20,3,Individual,Full
10296,Miss Kathryn Jones,DK,Hovedstaden,60-74,2023-10-19,1,Individual,Full
10297,Ms Dawn Edwards,NO,Trøndelag,60-74,2023-05-08,2,Individual,Full
10298,Bethany Bennett-Miles,SE,Stockholm,60-74,2022-03-26,1,Individual,Full
10299,Mohammed Smith,SE,Västra Götaland,60-74,2022-02-09,2,Individual,Full
10300,Stuart Kent-Harvey,FI,Pirkanmaa,75+,2024-06-14,1,Individual,Full
10301,Fiona Matthews,FI,Varsinais-Suomi,30-44,2025-08-13,6,Individual,Full
10302,Jamie Rose-Murray,SE,Skåne,60-74,2024-11-21,4,Individual,Full
10303,Sean Morgan,DK,Midtjylland,45-59,2024-12-06,1,Individual,Email only
10304,Graeme Fry,DK,Sjælland,75+,2025-04-06,2,Individual,Full
10305,Jordan Dean-Stevens,SE,Västra Götaland,18-29,2023-12-15,6,Individual,Full
10306,Olivia Williams,SE,Uppsala,60-74,2025-10-13,1,Individual,Post only
10307,Miss Elaine Webster,FI,Pirkanmaa,75+,2022-10-11,1,Individual,Email only
10308,Stewart Khan,NO,Vestland,45-59,2023-10-29,4,Individual,Full
10309,Kirsty Stokes,SE,Stockholm,18-29,2024-05-08,2,Individual,Full
10310,Dr Victoria Patel,SE,Uppsala,18-29,2024-12-29,5,Corporate,Email only
10311,Adrian Smith,SE,Stockholm,18-29,2025-04-17,2,Individual,Full
10312,Kathleen Storey-Fleming,SE,Västra Götaland,18-29,2023-12-13,1,Individual,Email only
10313,Damien Morton,NO,Rogaland,45-59,2022-09-26,2,Individual,Full
10314,Mrs Leah Taylor,FI,Varsinais-Suomi,75+,2024-02-04,1,Individual,Full
10315,Stephen Thomas,SE,Skåne,30-44,2022-10-03,1,Individual,Full
10316,Beth Matthews,SE,Uppsala,18-29,2024-02-01,3,Individual,Post only
10317,Maria Reid,SE,Uppsala,75+,2022-07-25,4,Corporate,Full
10318,Dr Allan Giles,FI,Pohjois-Pohjanmaa,30-44,2023-08-20,1,Individual,Full
10319,Francesca Curtis,FI,Pirkanmaa,45-59,2025-10-24,2,Individual,Email only
10320,Jeremy Parker,SE,Stockholm,75+,2025-05-09,5,Individual,Full
10321,Shannon Sanderson,FI,Uusimaa,60-74,2024-04-21,6,Individual,Full
10322,Jacob Ingram,FI,Uusimaa,30-44,2023-08-08,6,Individual,Full
10323,Ms Gillian Mitchell,DK,Midtjylland,45-59,2023-11-11,2,Individual,Full
10324,Mitchell Watts,FI,Uusimaa,30-44,2024-12-25,1,Individual,Full
10325,Carolyn Daniels,FI,Pirkanmaa,60-74,2022-11-24,4,Individual,Full
10326,Miss Alexandra Moran,FI,Varsinais-Suomi,30-44,2025-10-17,3,Individual,Full
10327,Antony Palmer,SE,Uppsala,60-74,2022-07-31,3,Individual,Full
10328,Dr Timothy Smith,FI,Varsinais-Suomi,45-59,2023-12-24,4,Individual,Full
10329,Shane Brown-Jones,FI,Uusimaa,30-44,2024-12-25,4,Individual,Full
10330,Dr Sandra Newman,SE,Skåne,45-59,2024-05-18,4,Individual,Post only
10331,Laura Hewitt,FI,Varsinais-Suomi,30-44,2024-07-18,1,Individual,Full
10332,Dr Geoffrey Burgess,SE,Västra Götaland,30-44,2023-12-26,1,Individual,Email only
10333,Dr Jonathan Jones,FI,Uusimaa,60-74,2022-05-18,1,Individual,Email only
10334,Lawrence Roberts,SE,Stockholm,60-74,2025-12-05,2,Corporate,Post only
10335,Ruth Marshall,NO,Rogaland,30-44,2022-12-20,2,Individual,Full
10336,Wendy Reid,,Västra Götaland,18-29,2025-06-16,2,Individual,Full
10337,Dennis Weston,DK,Sjælland,30-44,2025-04-29,2,Individual,Full
10338,Rosemary Brown,SE,Uppsala,45-59,2025-02-18,1,Corporate,Full
10339,Bethan Law,FI,Uusimaa,30-44,2023-11-30,1,Individual,Full
10340,Antony Conway,NO,Rogaland,30-44,2024-05-11,1,Individual,Full
10341,William Williams,FI,Pirkanmaa,18-29,2025-01-05,1,Individual,Full
10342,Miss Mary Dobson,SE,Skåne,18-29,2022-09-08,1,Corporate,Full
10343,Miss Tracey Bradshaw,SE,Skåne,30-44,2024-09-08,1,Individual,Full
10344,Dr Nathan Dixon,FI,Varsinais-Suomi,75+,2025-11-24,2,Individual,Full
10345,Dr Megan Carter,FI,Pirkanmaa,75+,2022-12-20,4,Individual,Email only
10346,Darren Khan-Wilkins,NO,Rogaland,30-44,2024-11-12,1,Individual,Full
10347,Janice Thomas,DK,Hovedstaden,75+,2025-10-06,4,Corporate,Full
10348,Mrs Annette Johnston,SE,Uppsala,30-44,2024-12-04,2,Individual,Full
10349,Christine Chapman,FI,Uusimaa,60-74,2025-04-20,3,Individual,Email only
10350,Alison Little,SE,Skåne,45-59,2024-10-21,2,Individual,Full
10351,Molly Thompson,NO,Vestland,30-44,2024-12-03,1,Individual,Full
10352,Ann Owens,SE,Uppsala,30-44,2024-12-29,1,Corporate,Full
10353,Louise Brady,DK,Sjælland,45-59,2022-10-18,2,Individual,Full
10354,Bryan Williams,DK,Sjælland,30-44,2025-09-16,1,Individual,Full
10355,Mary Nelson,DK,Sjælland,45-59,2024-12-30,5,Individual,Full
10356,Natasha Arnold-Higgins,NO,Trøndelag,30-44,2025-05-31,3,Individual,Full
10357,Ms Jasmine Riley,FI,Pohjois-Pohjanmaa,45-59,2025-12-07,1,Individual,Full
10358,Miss Ashleigh Adams,NO,Oslo,30-44,2024-12-28,5,Individual,Full
10359,Elizabeth Hewitt,NO,Oslo,75+,2022-02-19,2,Individual,Full
10360,Neil Williams,FI,Uusimaa,60-74,2023-12-08,1,Individual,Full
10361,Bruce Evans,SE,Stockholm,60-74,2025-11-04,5,Individual,Full
10362,Catherine Price,FI,Pohjois-Pohjanmaa,60-74,2025-09-14,6,Individual,Full
10363,Ross Wyatt,FI,Pirkanmaa,45-59,2025-10-12,3,Individual,Full
10364,Ms Lydia Marshall,NO,Rogaland,45-59,2024-02-08,1,Individual,Full
10365,Dr Julian Byrne,SE,Uppsala,45-59,2022-02-23,1,Individual,Email only
10366,Mrs Michelle Higgins,SE,Västra Götaland,45-59,2024-04-26,1,Individual,Full
10367,Eileen Wright,FI,Uusimaa,45-59,2024-10-12,3,Individual,Full
10368,Carolyn Martin,FI,Uusimaa,30-44,2024-07-04,1,Individual,Email only
10369,Lucy Wilson,FI,Pirkanmaa,45-59,2022-08-14,2,Individual,Full
10370,Dr Kimberley Jones,NO,Trøndelag,30-44,2024-12-25,6,Individual,Post only
10371,Joan Pugh,,Midtjylland,60-74,2023-12-27,4,Individual,Full
10372,Toby Collins,SE,Uppsala,75+,2025-12-22,3,Individual,Full
10373,Melanie Robertson,DK,Syddanmark,30-44,2025-12-09,1,Individual,Full
10374,Alan Payne,NO,Trøndelag,18-29,2023-10-07,6,Individual,Full
10375,Beverley Wood,SE,Skåne,60-74,2024-03-28,1,Individual,Full
10376,Kimberley Morley,SE,Västra Götaland,60-74,2022-12-31,1,Corporate,Full
10377,Mr Elliot Marsh,NO,Rogaland,45-59,2023-03-26,4,Individual,Full
10378,Billy Jones,SE,Uppsala,30-44,2022-06-11,3,Individual,Email only
10379,Janet Dunn,FI,Pirkanmaa,60-74,2024-12-29,2,Individual,Full
10380,Joyce Mason-Harris,DK,Syddanmark,45-59,2025-06-07,1,Individual,Full
10381,Denise Vincent,FI,Pirkanmaa,18-29,2024-12-11,2,Individual,Post only
10382,Mr Brandon Patterson,FI,Pirkanmaa,18-29,2023-09-30,2,Individual,Full
10383,Henry Ward-Curtis,FI,Pohjois-Pohjanmaa,45-59,2023-03-16,1,Corporate,Full
10384,Robert Harris,NO,Rogaland,60-74,2024-02-29,1,Individual,Full
10385,Glen Knight,FI,Pohjois-Pohjanmaa,45-59,2025-05-24,1,Individual,Full
10386,Dr Craig Lee,FI,Varsinais-Suomi,18-29,2022-12-11,1,Individual,Post only
10387,Dr Nigel Carr,FI,Pirkanmaa,18-29,2024-05-31,4,Individual,Full
10388,Elizabeth Jones,NO,Rogaland,30-44,2022-12-02,2,Individual,Email only
10389,Dr John Taylor,FI,Pohjois-Pohjanmaa,60-74,2024-12-26,2,Individual,Email only
10390,Ms Marilyn Allen,SE,Stockholm,18-29,2025-12-29,1,Individual,Full
10391,Jason Roberts,FI,Varsinais-Suomi,30-44,2024-12-16,1,Individual,Email only
10392,Adrian Black,NO,Trøndelag,45-59,2023-10-13,1,Individual,Full
10393,Glenn Tyler-Manning,SE,Västra Götaland,45-59,2025-12-14,1,Individual,Full
10394,Terry Smith,NO,Oslo,60-74,2024-12-28,4,Individual,Full
10395,Graeme Flynn-Baker,SE,Västra Götaland,60-74,2022-07-28,4,Individual,Full
10396,Dominic Baldwin-Wallis,FI,Varsinais-Suomi,45-59,2022-12-03,4,Individual,Full
10397,Melissa Wilson-Sharpe,FI,Uusimaa,60-74,2022-12-14,3,Individual,Email only
10398,Emily Smith,FI,Pirkanmaa,30-44,2023-07-21,5,Individual,Full
10399,Kathryn Whitehouse,DK,Sjælland,30-44,2022-08-11,1,Individual,Full
10400,Elizabeth Johnson,FI,Varsinais-Suomi,60-74,2024-11-06,1,Individual,Email only
10401,Janice Shepherd,FI,Pirkanmaa,45-59,2023-05-16,2,Individual,Post only
10402,Carole Godfrey,NO,Oslo,60-74,2024-12-31,1,Individual,Full
10403,Geoffrey Rowe,NO,Vestland,45-59,2023-01-02,2,Individual,Email only
10404,Beverley Coates,SE,Västra Götaland,60-74,2025-09-03,2,Individual,Full
10405,Dr Abbie White,SE,Västra Götaland,30-44,2025-04-17,4,Individual,Full
10406,Dr Hugh West,FI,Pohjois-Pohjanmaa,45-59,2025-05-21,1,Individual,Full
10407,Katherine Shaw,,Skåne,60-74,2023-06-12,4,Individual,Full
10408,Gary Scott-Metcalfe,SE,Uppsala,30-44,2023-08-22,2,Individual,Full
10409,Jenna Coleman,FI,Pirkanmaa,45-59,2022-07-05,2,Individual,Email only
10410,Robert Jones,FI,Varsinais-Suomi,75+,2022-09-17,1,Individual,Post only
10411,Kayleigh Grant-Swift,FI,Varsinais-Suomi,75+,2025-12-12,2,Individual,Post only
10412,Miss Katherine Barnett,SE,Uppsala,45-59,2024-02-23,1,Individual,Full
10413,Francis Fry-Price,SE,Västra Götaland,30-44,2024-12-09,3,Individual,Full
10414,Mr Howard Hobbs,SE,Uppsala,60-74,2024-10-21,6,Individual,Full
10415,Janice Whittaker,DK,Hovedstaden,60-74,2023-10-02,2,Individual,Full
10416,Geoffrey Robinson,FI,Varsinais-Suomi,45-59,2025-12-25,1,Individual,Full
10417,Zoe Francis,NO,Vestland,45-59,2023-10-12,4,Individual,Post only
10418,Mr Jeffrey Allen,FI,Pirkanmaa,60-74,2023-12-20,1,Individual,Full
10419,Gillian Smith-Lucas,SE,Stockholm,60-74,2023-07-17,2,Individual,Full
10420,Barry Hayes,NO,Oslo,30-44,2025-07-03,1,Individual,Full
10421,Robin Booth,NO,Trøndelag,45-59,2024-12-03,4,Individual,Full
10422,Simon Morgan-Horton,NO,Vestland,18-29,2022-03-19,1,Individual,Full
10423,Rosie Morton-Cooper,FI,Varsinais-Suomi,18-29,2025-12-30,1,Individual,Email only
10424,Dr Valerie Mann,NO,Vestland,30-44,2022-11-15,3,Individual,Email only
10425,Jade Middleton,FI,Varsinais-Suomi,30-44,2022-03-14,2,Individual,Email only
10426,Dr Russell Shaw,SE,Uppsala,75+,2024-03-04,1,Individual,Full
10427,Russell Hayes,FI,Pohjois-Pohjanmaa,45-59,2023-10-22,2,Individual,Full
10428,Victor Conway,FI,Pohjois-Pohjanmaa,18-29,2022-02-08,2,Individual,Email only
10429,Bethany Noble,FI,Uusimaa,30-44,2023-12-06,4,Individual,Post only
10430,Katy Cole,FI,Varsinais-Suomi,18-29,2024-03-10,2,Individual,Full
10431,Caroline Smith-Johnson,FI,Uusimaa,60-74,2023-03-26,1,Individual,Full
10432,Stephen Nolan,DK,Hovedstaden,45-59,2025-02-03,2,Individual,Email only
10433,Patricia Hyde,,Pohjois-Pohjanmaa,30-44,2025-08-17,1,Individual,Full
10434,Roy Lyons,FI,Pohjois-Pohjanmaa,18-29,2025-12-08,3,Individual,Full
10435,Amber Glover,FI,Uusimaa,30-44,2024-10-14,2,Corporate,Full
10436,Leanne Lewis,FI,Uusimaa,45-59,2022-04-02,6,Individual,Post only
10437,Shane Anderson-Stanley,DK,Syddanmark,45-59,2024-07-20,1,Individual,Full
10438,Miss Stephanie Thompson,DK,Midtjylland,30-44,2024-07-12,2,Individual,Email only
10439,Mr Samuel Hall,NO,Trøndelag,18-29,2024-10-25,1,Individual,Full
10440,Deborah Page-Walker,DK,Midtjylland,30-44,2024-06-08,4,Individual,Full
10441,Nathan Morgan,DK,Hovedstaden,75+,2023-12-07,1,Individual,Email only
10442,Allan Richardson,NO,Oslo,45-59,2024-11-28,4,Individual,Full
10443,Stephanie Bishop,SE,Västra Götaland,75+,2025-11-01,1,Individual,Full
10444,Claire Watson-Williams,FI,Pohjois-Pohjanmaa,60-74,2022-04-13,4,Individual,Full
10445,Mr Malcolm Steele,SE,Uppsala,45-59,2025-01-17,6,Individual,Full
10446,Leslie Evans-Berry,FI,Pohjois-Pohjanmaa,18-29,2025-04-01,1,Individual,Email only
10447,Alexandra Wright,FI,Uusimaa,30-44,2025-12-11,2,Individual,Full
10448,Barry Gibson-Berry,SE,Skåne,60-74,2024-12-14,1,Individual,Full
10449,Lesley Roberts,FI,Varsinais-Suomi,60-74,2023-09-29,1,Individual,Full
10450,Lynne Walton,SE,Västra Götaland,30-44,2025-12-06,3,Individual,Email only
10451,Rachel Robinson,FI,Pirkanmaa,45-59,2022-02-13,5,Individual,Email only
10452,Kim Cooper,NO,Trøndelag,45-59,2025-12-20,2,Individual,Email only
10453,Lisa Moore-Clements,FI,Varsinais-Suomi,60-74,2025-10-13,5,Individual,Full
10454,Jayne Gibbs-Wood,SE,Västra Götaland,60-74,2023-08-04,2,Individual,Full
10455,Scott Ali,DK,Hovedstaden,60-74,2023-01-16,4,Individual,Full
10456,Patricia Hope,NO,Vestland,60-74,2023-12-08,4,Individual,Full
10457,Joanne Lee,SE,Västra Götaland,30-44,2022-05-06,1,Individual,Post only
10458,Alex Morgan,FI,Varsinais-Suomi,45-59,2023-06-20,2,Individual,Email only
10459,Ms Jemma Morris,FI,Pohjois-Pohjanmaa,45-59,2025-09-06,7,Individual,Full
10460,Kenneth Roberts-Brown,SE,Stockholm,30-44,2023-05-27,1,Individual,Full
10461,Jordan Greenwood,NO,Rogaland,18-29,2025-04-23,2,Individual,Full
10462,Sandra Jenkins,SE,Västra Götaland,60-74,2023-12-22,1,Individual,Post only
10463,Dr Leonard Miller,NO,Rogaland,30-44,2024-01-16,5,Individual,Email only
10464,Christopher Walsh-Taylor,NO,Oslo,75+,2024-12-14,2,Individual,Full
10465,Shaun Perry,SE,Uppsala,60-74,2023-09-18,4,Individual,Email only
10466,Sally Hall,SE,Västra Götaland,18-29,2024-12-31,1,Individual,Full
10467,Ms Susan Bond,NO,Vestland,60-74,2023-09-03,1,Corporate,Email only
10468,Mrs Kimberley Gibson,FI,Pirkanmaa,30-44,2023-12-30,1,Individual,Email only
10469,Dale Mann,FI,Uusimaa,75+,2024-04-26,1,Individual,Full
10470,Amber White,NO,Rogaland,45-59,2025-11-05,1,Individual,Full
10471,Luke Rowley,NO,Oslo,75+,2023-12-04,3,Individual,Full
10472,Dr Claire Scott,FI,Varsinais-Suomi,75+,2023-11-07,2,Individual,Full
10473,Mrs Sara Sullivan,FI,Varsinais-Suomi,75+,2022-04-15,5,Individual,Full
10474,Clifford Cooper,FI,Uusimaa,60-74,2025-07-10,1,Individual,Full
10475,Mrs Rebecca Francis,FI,Pirkanmaa,30-44,2022-07-21,1,Individual,Email only
10476,Rachael Singh,SE,Uppsala,30-44,2022-08-13,1,Individual,Full
10477,Mandy Patel,FI,Pirkanmaa,45-59,2025-07-24,3,Individual,Full
10478,Jacqueline Collier,FI,Pohjois-Pohjanmaa,45-59,2025-12-26,1,Individual,Email only
10479,Darren Holland,,Västra Götaland,45-59,2023-04-17,1,Individual,Full
10480,Grace Davison-Barnett,FI,Varsinais-Suomi,60-74,2022-05-28,4,Individual,Email only
10481,Stacey Watts,DK,Syddanmark,60-74,2024-03-15,2,Individual,Full
10482,Scott Hamilton,DK,Syddanmark,30-44,2024-11-21,6,Individual,Full
10483,Alison Stevenson-Dodd,DK,Hovedstaden,45-59,2024-12-12,1,Individual,Email only
10484,Amy Newman,FI,Pirkanmaa,30-44,2022-12-21,7,Individual,Email only
10485,Kathleen Perkins,NO,Vestland,18-29,2023-03-25,1,Individual,Full
10486,Josh Harris-Harrison,FI,Pohjois-Pohjanmaa,18-29,2022-06-30,2,Individual,Full
10487,Dr Edward Harris,DK,Midtjylland,60-74,2024-04-19,3,Individual,Full
10488,Dr Patrick Ryan,SE,Skåne,60-74,2024-03-06,2,Individual,Full
10489,Ms Tracey Lewis,FI,Varsinais-Suomi,18-29,2025-12-26,5,Individual,Full
10490,Donna Brown,NO,Rogaland,30-44,2022-10-25,1,Corporate,Full
10491,Charles Anderson,FI,Varsinais-Suomi,30-44,2023-08-05,1,Individual,Email only
10492,Ryan Henderson,FI,Varsinais-Suomi,30-44,2025-08-15,1,Individual,Full
10493,Sylvia Morris-Hopkins,SE,Stockholm,18-29,2023-01-19,1,Individual,Email only
10494,Bruce Ryan,FI,Varsinais-Suomi,45-59,2022-01-28,2,Individual,Full
10495,Darren Patterson,NO,Trøndelag,30-44,2024-09-15,1,Individual,Full
10496,Jacqueline Taylor,,Uppsala,60-74,2022-11-06,5,Individual,Full
10497,Dennis Giles,DK,Midtjylland,18-29,2025-02-15,2,Individual,Full
10498,Mrs Carol Barber,FI,Pirkanmaa,75+,2024-04-01,2,Individual,Full
10499,Dr Hollie Moore,FI,Varsinais-Suomi,18-29,2024-07-07,2,Individual,Full
10500,Michelle Clayton,SE,Stockholm,18-29,2023-03-16,4,Individual,Full
10501,Helen Black,FI,Uusimaa,18-29,2025-09-02,5,Individual,Full
10502,Billy Ahmed-Rahman,SE,Skåne,75+,2022-06-14,1,Individual,Full
10503,Dr Dylan Sharpe,FI,Pirkanmaa,60-74,2024-06-27,1,Individual,Full
10504,Russell Charlton-Cole,NO,Trøndelag,60-74,2025-11-30,2,Individual,Email only
10505,Deborah Francis,FI,Varsinais-Suomi,30-44,2023-12-18,6,Individual,Full
10506,Fiona Patel-Pritchard,NO,Vestland,45-59,2024-12-01,4,Individual,Full
10507,Anna Baxter,FI,Varsinais-Suomi,45-59,2025-07-25,1,Individual,Full
10508,Mrs Stacey Gibson,DK,Midtjylland,45-59,2025-11-30,4,Individual,Full
10509,Lorraine Noble,SE,Stockholm,30-44,2025-09-22,1,Individual,Email only
10510,Valerie Wilson,,Midtjylland,45-59,2023-12-17,3,Individual,Full
10511,Billy Griffiths,NO,Rogaland,45-59,2022-08-03,3,Individual,Full
10512,Dr Richard Holt,FI,Uusimaa,45-59,2025-10-07,2,Trust,Post only
10513,Dr Carl Jenkins,SE,Uppsala,18-29,2023-12-28,2,Individual,Full
10514,Dorothy Hunt-Price,FI,Uusimaa,75+,2024-12-25,2,Individual,Full
10515,Mr Jake Anderson,DK,Sjælland,45-59,2022-12-31,2,Individual,Full
10516,Miss Kathleen Watson,NO,Rogaland,75+,2024-10-09,2,Individual,Full
10517,Ms Hilary Brown,SE,Skåne,60-74,2023-10-21,3,Individual,Post only
10518,Claire Martin-Ward,FI,Uusimaa,30-44,2025-07-11,5,Individual,Full
10519,Gavin Williams,DK,Hovedstaden,45-59,2022-12-24,1,Trust,Email only
10520,Edward Griffiths-Phillips,SE,Uppsala,45-59,2025-05-07,6,Individual,Full
10521,Mohamed Andrews,NO,Vestland,60-74,2024-09-14,1,Trust,Full
10522,Joan Brown,SE,Västra Götaland,18-29,2025-12-01,6,Individual,Full
10523,Beverley Wright,SE,Skåne,45-59,2023-12-21,4,Corporate,Full
10524,Mohamed Hancock-Bradshaw,FI,Varsinais-Suomi,45-59,2023-12-29,1,Individual,Full
10525,Maurice Gibson,SE,Stockholm,45-59,2022-11-16,3,Individual,Full
10526,Dr Brian Wyatt,FI,Varsinais-Suomi,45-59,2025-12-26,6,Individual,Full
10527,Lauren Abbott,DK,Syddanmark,45-59,2023-10-16,1,Individual,Email only
10528,Eric Morley,SE,Stockholm,18-29,2022-12-28,1,Individual,Full
10529,Wayne Vaughan,DK,Syddanmark,30-44,2025-08-11,1,Individual,Email only
10530,Joe Parker,FI,Varsinais-Suomi,60-74,2023-10-08,5,Individual,Email only
10531,Abdul Holland,SE,Skåne,45-59,2025-10-19,3,Individual,Full
10532,Jean Long,SE,Skåne,60-74,2022-12-06,1,Individual,Full
10533,Katherine Crawford,FI,Pirkanmaa,75+,2024-06-03,2,Individual,Full
10534,Charles Bailey,NO,Trøndelag,30-44,2024-01-16,4,Individual,Full
10535,Kyle Williams,FI,Uusimaa,18-29,2022-12-31,5,Individual,Full
10536,Dr Declan Evans,SE,Skåne,18-29,2022-06-11,1,Corporate,Full
10537,Miss Katherine Jones,SE,Uppsala,45-59,2022-12-26,2,Individual,Full
10538,Georgia Bennett,FI,Uusimaa,30-44,2023-03-11,2,Individual,Email only
10539,Jane Lowe,SE,Uppsala,45-59,2024-12-25,2,Individual,Full
10540,Mrs Amy Hughes,SE,Stockholm,75+,2025-12-05,5,Individual,Email only
10541,Julie Sanders-Phillips,NO,Trøndelag,45-59,2024-07-29,2,Individual,Full
10542,Mrs Gail Hilton,SE,Skåne,60-74,2022-04-07,1,Individual,Email only
10543,Helen Farmer-Bradley,FI,Varsinais-Suomi,60-74,2025-12-11,2,Individual,Email only
10544,Mr Graham Robinson,NO,Vestland,75+,2022-04-23,6,Individual,Full
10545,Mr Benjamin Ellis,FI,Uusimaa,45-59,2024-12-13,2,Individual,Full
10546,Mr Elliot Doyle,DK,Midtjylland,75+,2024-02-18,2,Trust,Full
10547,Shannon Williams,NO,Vestland,45-59,2022-09-11,2,Individual,Full
10548,Clive Bond,NO,Rogaland,45-59,2023-12-03,5,Individual,Email only
10549,Jennifer Hughes,NO,Vestland,30-44,2023-06-10,2,Individual,Email only
10550,Leonard Barrett-Smith,NO,Trøndelag,60-74,2023-12-18,3,Individual,Full
10551,Dr Ryan Evans,FI,Pohjois-Pohjanmaa,45-59,2023-03-27,2,Individual,Email only
10552,Vanessa Collins,NO,Trøndelag,60-74,2022-11-16,5,Individual,Email only
10553,Fiona Green,DK,Sjælland,18-29,2024-03-23,3,Corporate,Full
10554,Ms Jean Murphy,,Varsinais-Suomi,18-29,2022-04-12,1,Individual,Full
10555,Ricky Hayward,,Uusimaa,30-44,2023-05-02,1,Individual,Full
10556,Dr Colin Lowe,FI,Varsinais-Suomi,45-59,2024-07-17,1,Individual,Full
10557,Norman Murray-Ali,NO,Oslo,45-59,2022-08-10,2,Individual,Full
10558,Dr Dorothy Parker,FI,Uusimaa,30-44,2025-12-15,1,Individual,Full
10559,Alison Wilkinson,FI,Pohjois-Pohjanmaa,18-29,2024-12-02,4,Individual,Full
10560,Mr Iain Jones,NO,Vestland,30-44,2025-03-18,1,Individual,Full
10561,Dr Leanne Doherty,SE,Stockholm,60-74,2022-11-09,1,Individual,Full
10562,Marian Dawson-Wilkinson,FI,Pohjois-Pohjanmaa,30-44,2025-03-03,4,Corporate,Full
10563,Natalie Butler,SE,Västra Götaland,45-59,2024-12-12,3,Individual,Full
10564,Frank Evans,,Pirkanmaa,30-44,2025-12-16,3,Individual,Full
10565,Ms Irene Lowe,FI,Varsinais-Suomi,60-74,2025-03-03,1,Individual,Full
10566,Brenda Davies,SE,Skåne,18-29,2022-09-02,6,Individual,Full
10567,Mr Ricky Page,SE,Skåne,45-59,2022-12-24,5,Individual,Email only
10568,Helen Murray,FI,Pohjois-Pohjanmaa,60-74,2024-12-17,1,Individual,Full
10569,Barbara Williams,FI,Pohjois-Pohjanmaa,45-59,2025-01-04,1,Individual,Full
10570,Dean Shaw,SE,Skåne,45-59,2023-12-08,1,Individual,Full
10571,Gregory Cole,NO,Oslo,30-44,2025-06-17,2,Individual,Full
10572,Mr Victor Smith,SE,Västra Götaland,18-29,2023-10-13,1,Individual,Full
10573,Diane Hunter,FI,Uusimaa,30-44,2025-03-26,4,Individual,Full
10574,Alison Farrell,SE,Uppsala,75+,2023-08-24,5,Individual,Full
10575,Mrs Deborah Campbell,DK,Midtjylland,60-74,2022-10-15,1,Individual,Full
10576,Mr Mathew Miller,FI,Varsinais-Suomi,75+,2024-04-23,2,Individual,Full
10577,Mr Neil Sanders,FI,Uusimaa,45-59,2025-03-15,3,Individual,Full
10578,Nathan Morgan,SE,Västra Götaland,30-44,2023-06-19,2,Individual,Post only
10579,Adrian Taylor,FI,Pohjois-Pohjanmaa,75+,2025-12-03,3,Individual,Full
10580,Dr Bernard Connolly,SE,Uppsala,45-59,2023-08-25,3,Individual,Email only
10581,Lynne Morris,NO,Vestland,30-44,2025-05-16,4,Individual,Full
10582,Geraldine Arnold,FI,Varsinais-Suomi,45-59,2025-11-03,2,Individual,Full
10583,Dr Mathew Hayward,FI,Pohjois-Pohjanmaa,45-59,2022-09-24,1,Individual,Post only
10584,Katie Bryant-Foster,NO,Trøndelag,30-44,2024-10-06,5,Individual,Full
10585,Lewis Powell,SE,Uppsala,18-29,2022-03-31,2,Individual,Full
10586,Graham Brown-Williamson,FI,Varsinais-Suomi,45-59,2022-01-01,2,Individual,Full
10587,Sarah Adams,,Uppsala,30-44,2022-12-23,2,Corporate,Email only
10588,Anthony Ward,FI,Pirkanmaa,45-59,2025-02-19,1,Individual,Full
10589,Mrs Anna Smith,,Sjælland,45-59,2024-11-06,5,Individual,Full
10590,Dr Jake Patel,NO,Rogaland,18-29,2022-03-10,2,Individual,Email only
10591,Mrs Debra Turner,FI,Pirkanmaa,60-74,2022-10-22,1,Individual,Email only
10592,Michelle Cross,DK,Syddanmark,30-44,2024-01-07,1,Individual,Email only
10593,Mrs Angela Powell,NO,Trøndelag,45-59,2024-10-18,2,Individual,Full
10594,Toby Carpenter,,Västra Götaland,45-59,2022-01-23,3,Individual,Full
10595,Connor Atkinson,FI,Pohjois-Pohjanmaa,60-74,2022-10-30,3,Individual,Full
10596,David Taylor-Smith,FI,Varsinais-Suomi,30-44,2023-09-27,1,Individual,Full
10597,Chloe Clayton,SE,Västra Götaland,45-59,2025-07-18,3,Individual,Email only
10598,Geoffrey Kirk,,Varsinais-Suomi,18-29,2025-04-15,6,Individual,Full
10599,Mitchell Law-Goddard,FI,Pirkanmaa,60-74,2022-04-26,4,Individual,Full
10600,Dr Darren Burgess,FI,Pirkanmaa,75+,2025-10-28,1,Individual,Full
10601,Dr Peter Gilbert,SE,Skåne,60-74,2022-12-31,1,Individual,Full
10602,Hollie Robson,SE,Skåne,18-29,2022-12-06,1,Individual,Full
10603,Samantha Watson,FI,Pirkanmaa,45-59,2024-12-06,1,Individual,Full
10604,Bradley Hayes,FI,Pohjois-Pohjanmaa,45-59,2024-12-15,1,Individual,Post only
10605,Carole Abbott,SE,Stockholm,30-44,2022-11-13,4,Individual,Full
10606,Miss Irene Wood,FI,Uusimaa,75+,2024-07-01,1,Individual,Full
10607,Miss Clare Green,DK,Hovedstaden,45-59,2022-10-24,4,Individual,Full
10608,Marion Campbell-Fisher,NO,Rogaland,45-59,2022-04-09,1,Individual,Full
10609,Miss Sylvia Holland,NO,Rogaland,45-59,2022-12-20,2,Individual,Email only
10610,Ms Yvonne Parker,DK,Hovedstaden,18-29,2023-11-01,1,Individual,Full
10611,Kim Finch-Murray,FI,Pirkanmaa,45-59,2025-10-12,2,Individual,Full
10612,Stephanie Baker,NO,Trøndelag,30-44,2022-12-27,1,Individual,Email only
10613,Dr Hilary Begum,DK,Midtjylland,45-59,2024-07-29,1,Individual,Full
10614,Alexander Roberts,DK,Hovedstaden,60-74,2022-12-06,2,Individual,Full
10615,Chloe Robinson,SE,Uppsala,75+,2025-12-27,6,Corporate,Full
10616,Danielle West,SE,Västra Götaland,45-59,2024-12-11,3,Individual,Email only
10617,Leonard Cooper,SE,Skåne,45-59,2025-08-23,1,Individual,Full
10618,Molly Hopkins,SE,Västra Götaland,30-44,2023-12-16,5,Individual,Email only
10619,Hugh Miller,FI,Pohjois-Pohjanmaa,75+,2023-12-04,2,Individual,Full
10620,Michelle Hughes-James,SE,Västra Götaland,30-44,2025-05-08,1,Individual,Full
10621,Gordon Allan,FI,Pohjois-Pohjanmaa,45-59,2025-04-28,1,Individual,Full
10622,Wendy Carr,SE,Stockholm,60-74,2022-12-23,3,Individual,Full
10623,Jamie Williams,,Västra Götaland,45-59,2025-10-24,2,Individual,Email only
10624,Rhys Wilson,DK,Sjælland,60-74,2023-11-20,4,Individual,Full
10625,Shane Khan,SE,Stockholm,30-44,2022-06-13,4,Individual,Full
10626,Gemma Barrett,FI,Uusimaa,18-29,2023-12-26,1,Individual,Full
10627,Ben Rose-Stanley,FI,Varsinais-Suomi,18-29,2024-01-05,1,Individual,Full
10628,Jane Clarke,SE,Skåne,60-74,2022-04-01,5,Individual,Full
10629,Louise Phillips,DK,Syddanmark,75+,2024-05-10,2,Individual,Full
10630,Dr Shirley Hayes,NO,Trøndelag,18-29,2024-10-07,1,Individual,Post only
10631,Andrea Hughes,NO,Trøndelag,45-59,2024-12-02,1,Individual,Full
10632,Grace Lamb-Hall,,Rogaland,75+,2022-06-28,3,Individual,Email only
10633,Dr Denise Lewis,FI,Uusimaa,30-44,2025-12-01,1,Individual,Full
10634,Miss Gemma Phillips,,Uusimaa,60-74,2024-12-17,1,Individual,Full
10635,Mrs Annette Page,NO,Trøndelag,30-44,2024-11-19,1,Individual,Full
10636,Miss Caroline Ward,FI,Pirkanmaa,18-29,2024-04-19,2,Individual,Email only
10637,Conor Cole,FI,Pirkanmaa,30-44,2023-11-23,5,Individual,Full
10638,Jake Smith-Smith,SE,Uppsala,60-74,2023-03-26,2,Individual,Post only
10639,Dr Nicola Fraser,FI,Pohjois-Pohjanmaa,45-59,2025-04-26,5,Individual,Full
10640,Gemma Dixon,NO,Trøndelag,18-29,2022-02-07,2,Individual,Post only
10641,Connor Ferguson,SE,Stockholm,18-29,2025-11-28,5,Individual,Full
10642,Linda Day,FI,Pirkanmaa,45-59,2023-03-19,6,Individual,Full
10643,Joseph Watkins,SE,Västra Götaland,60-74,2023-12-09,2,Individual,Full
10644,Dr Daniel Allen,NO,Trøndelag,60-74,2022-02-22,1,Individual,Post only
10645,Gerald Watson,SE,Uppsala,45-59,2024-12-06,1,Individual,Full
10646,Dorothy Burrows,SE,Västra Götaland,45-59,2023-09-13,1,Individual,Full
10647,Dr Leigh Berry,SE,Uppsala,45-59,2022-01-22,1,Individual,Email only
10648,Dr Kim Ward,NO,Vestland,18-29,2022-02-09,1,Individual,Full
10649,Conor Booth,FI,Varsinais-Suomi,45-59,2024-12-22,2,Individual,Full
10650,Brandon Lucas-Harrison,SE,Stockholm,45-59,2022-12-24,2,Individual,Full
10651,Dr Rachael Fraser,FI,Uusimaa,18-29,2024-10-05,4,Individual,Full
10652,Dr Cameron Simmons,NO,Rogaland,45-59,2023-10-29,1,Individual,Full
10653,Jordan Kaur,SE,Stockholm,18-29,2024-12-08,2,Individual,Email only
10654,Ms Kayleigh Davies,NO,Vestland,45-59,2023-12-01,5,Individual,Email only
10655,Bruce Roberts,SE,Uppsala,30-44,2022-09-18,2,Individual,Full
10656,Claire Ali,FI,Uusimaa,30-44,2024-06-14,1,Individual,Email only
10657,Maria Hughes,FI,Uusimaa,45-59,2024-02-14,4,Individual,Full
10658,Laura Hughes,FI,Pohjois-Pohjanmaa,30-44,2022-12-25,2,Individual,Email only
10659,Dr Joe Leonard,NO,Trøndelag,60-74,2024-06-24,1,Individual,Full
10660,Dr Joan James,SE,Uppsala,45-59,2023-05-17,1,Individual,Full
10661,Leah Lee-Duffy,SE,Uppsala,45-59,2022-12-09,3,Individual,Full
10662,Maureen Lawrence,FI,Varsinais-Suomi,60-74,2024-12-26,5,Individual,Full
10663,Miss Brenda Richardson,SE,Västra Götaland,75+,2024-01-12,1,Individual,Full
10664,Chloe Khan,SE,Uppsala,60-74,2022-12-17,2,Individual,Email only
10665,Natasha Green,FI,Uusimaa,60-74,2025-12-20,6,Individual,Full
10666,Dr Brandon Johnson,SE,Västra Götaland,60-74,2025-11-14,1,Individual,Full
10667,Jacqueline Robinson,FI,Varsinais-Suomi,18-29,2024-12-09,1,Individual,Full
10668,Matthew Long,FI,Pirkanmaa,60-74,2025-12-12,1,Individual,Full
10669,Paul Barnes,DK,Syddanmark,30-44,2022-04-06,1,Individual,Email only
10670,Mr Glenn Lewis,DK,Syddanmark,30-44,2022-09-01,3,Individual,Full
10671,Melanie Goddard-Wilkinson,NO,Oslo,75+,2023-11-14,2,Individual,Full
10672,Mrs Aimee Smith,FI,Uusimaa,60-74,2025-04-07,1,Individual,Post only
10673,Michelle Walker,SE,Västra Götaland,75+,2025-10-18,1,Individual,Full
10674,Dr Paula Edwards,,Varsinais-Suomi,18-29,2022-12-01,1,Individual,Full
10675,Justin Watson,FI,Uusimaa,45-59,2023-05-02,5,Individual,Full
10676,Joe Randall,SE,Västra Götaland,45-59,2022-03-10,2,Individual,Email only
10677,Damien Harvey-Young,SE,Uppsala,30-44,2023-12-12,3,Individual,Email only
10678,Jamie Fox-French,NO,Vestland,60-74,2023-06-18,1,Individual,Full
10679,Marilyn Rees,NO,Vestland,45-59,2024-03-22,2,Individual,Email only
10680,Clifford White,FI,Varsinais-Suomi,30-44,2024-02-10,5,Individual,Email only
10681,Miss Bethan Walker,NO,Vestland,30-44,2025-05-24,5,Individual,Email only
10682,Norman Lloyd,FI,Varsinais-Suomi,45-59,2025-01-07,5,Individual,Full
10683,Dr Gerard Hodgson,SE,Skåne,60-74,2025-03-16,2,Individual,Email only
10684,Donna Vaughan,DK,Sjælland,60-74,2025-02-15,4,Individual,Full
10685,Dr Cameron O'Sullivan,FI,Pirkanmaa,45-59,2022-06-04,1,Individual,Email only
10686,Mitchell Hutchinson-Evans,SE,Uppsala,45-59,2024-07-01,5,Individual,Full
10687,Dr Toby Evans,FI,Uusimaa,18-29,2025-06-28,1,Individual,Email only
10688,Sarah Parry,DK,Hovedstaden,60-74,2024-08-05,1,Individual,Full
10689,Tracey Baker,NO,Rogaland,18-29,2023-03-22,1,Individual,Full
10690,Mark Chapman,NO,Vestland,30-44,2024-12-22,2,Individual,Email only
10691,Amanda Kerr,FI,Pohjois-Pohjanmaa,75+,2024-08-30,1,Individual,Full
10692,Katherine Allen,DK,Hovedstaden,60-74,2023-08-24,2,Individual,Email only
10693,Wendy Patel,FI,Uusimaa,45-59,2025-11-09,2,Individual,Full
10694,Mr Danny Williams,FI,Uusimaa,30-44,2025-02-03,5,Individual,Full
10695,Aaron Gibson,FI,Pirkanmaa,60-74,2023-09-08,1,Individual,Full
10696,Paula Wood,NO,Oslo,60-74,2022-04-29,2,Individual,Full
10697,Barry Jones,FI,Varsinais-Suomi,18-29,2023-12-20,6,Individual,Email only
10698,Charles Clark,SE,Uppsala,45-59,2022-12-10,5,Individual,Post only
10699,Dr Geoffrey Rogers,DK,Hovedstaden,30-44,2024-12-11,1,Corporate,Full
10700,Lee Smith-Barton,SE,Uppsala,30-44,2025-10-13,4,Individual,Email only
10701,Chelsea Reid,FI,Uusimaa,30-44,2024-10-28,3,Individual,Full
10702,Clifford Cole,SE,Uppsala,45-59,2022-02-05,1,Individual,Email only
10703,Mr James Jones,SE,Västra Götaland,45-59,2022-12-21,1,Individual,Full
10704,Miss Amelia Evans,FI,Pohjois-Pohjanmaa,45-59,2023-12-22,1,Individual,Full
10705,Janet Bates-O'Brien,NO,Trøndelag,60-74,2024-04-14,5,Individual,Full
10706,Michelle Parker,FI,Uusimaa,45-59,2023-11-30,1,Individual,Full
10707,Dr Mitchell Lewis,,Uusimaa,45-59,2024-12-02,2,Individual,Full
10708,Philip Ross,SE,Uppsala,30-44,2022-12-20,1,Individual,Email only
10709,Irene Butler,FI,Pohjois-Pohjanmaa,75+,2023-11-14,2,Individual,Full
10710,Gary Evans,SE,Stockholm,75+,2022-12-18,4,Individual,Full
10711,Daniel Burgess,FI,Varsinais-Suomi,75+,2022-03-23,2,Individual,Full
10712,Mrs Deborah Allen,FI,Uusimaa,45-59,2022-12-05,1,Corporate,Full
10713,Michael Gibson,SE,Uppsala,30-44,2025-03-06,5,Individual,Full
10714,Ms Carly Hughes,SE,Västra Götaland,75+,2023-12-04,1,Individual,Email only
10715,Liam Wright,FI,Pirkanmaa,60-74,2024-07-27,1,Individual,Full
10716,Holly Alexander-Hopkins,NO,Trøndelag,60-74,2022-04-05,4,Individual,Full
10717,Sara Smith-Holmes,NO,Oslo,45-59,2024-10-18,3,Individual,Full
10718,Gillian Higgins,DK,Sjælland,45-59,2025-11-02,6,Individual,Email only
10719,Lynne Taylor,SE,Västra Götaland,30-44,2023-12-21,1,Individual,Full
10720,Amy James-Carroll,FI,Varsinais-Suomi,30-44,2024-03-20,1,Individual,Full
10721,Henry Cooke,FI,Pohjois-Pohjanmaa,30-44,2024-03-01,1,Individual,Full
10722,Dr Elliott Newman,NO,Rogaland,18-29,2023-07-05,2,Individual,Full
10723,Paige Dunn,SE,Stockholm,18-29,2024-09-23,1,Individual,Full
10724,Dr Jay Duncan,FI,Pohjois-Pohjanmaa,30-44,2022-10-06,1,Individual,Full
10725,Mr Peter Knight,,Vestland,30-44,2022-12-15,2,Individual,Full
10726,Charlotte Bell-Mason,SE,Västra Götaland,30-44,2022-08-21,1,Individual,Email only
10727,Eric Little,FI,Uusimaa,60-74,2023-10-27,1,Individual,Full
10728,Donna Payne,FI,Pirkanmaa,45-59,2023-02-11,3,Individual,Full
10729,Mrs June Johnson,SE,Skåne,75+,2024-06-14,4,Individual,Full
10730,Duncan Rogers-Wood,FI,Uusimaa,60-74,2023-12-31,2,Individual,Full
10731,Claire Nicholls,SE,Uppsala,75+,2022-09-17,1,Individual,Full
10732,Tracy Jarvis,FI,Pohjois-Pohjanmaa,45-59,2024-01-14,2,Individual,Email only
10733,Mr John Knowles,FI,Varsinais-Suomi,18-29,2024-10-05,6,Individual,Email only
10734,Gerard Simmons,FI,Pohjois-Pohjanmaa,75+,2022-11-21,1,Individual,Email only
10735,Suzanne Jackson-Ahmed,DK,Syddanmark,18-29,2023-12-23,2,Individual,Email only
10736,Tom Davis,SE,Stockholm,45-59,2022-02-26,1,Individual,Email only
10737,Miss Nicola Dennis,FI,Uusimaa,45-59,2024-12-08,6,Individual,Email only
10738,Dr Mohamed Stevens,FI,Pirkanmaa,75+,2023-03-24,1,Individual,Email only
10739,Cheryl Cox-Adams,FI,Pohjois-Pohjanmaa,60-74,2025-05-16,4,Individual,Full
10740,Patricia Randall-Holmes,FI,Pohjois-Pohjanmaa,30-44,2024-12-12,1,Individual,Full
10741,Ben Scott,FI,Pirkanmaa,75+,2025-01-26,4,Individual,Email only
10742,Mr Gerard Brown,,Uusimaa,30-44,2024-01-13,4,Individual,Full
10743,Dylan Cooper,NO,Trøndelag,30-44,2023-02-17,2,Individual,Full
10744,Pamela Taylor,FI,Varsinais-Suomi,45-59,2024-05-27,1,Individual,Full
10745,Alexander Dixon,FI,Uusimaa,30-44,2023-11-28,4,Individual,Full
10746,Cheryl Kaur,FI,Pohjois-Pohjanmaa,18-29,2025-04-25,3,Individual,Full
10747,Dr Claire Lewis,SE,Skåne,30-44,2024-04-28,2,Individual,Full
10748,Leanne Cole,FI,Pohjois-Pohjanmaa,30-44,2024-06-24,7,Individual,Post only
10749,Stanley Matthews,FI,Varsinais-Suomi,45-59,2025-01-24,4,Individual,Full
10750,Geoffrey Williams,SE,Västra Götaland,60-74,2025-10-07,2,Individual,Full
10751,Dr Craig Lane,,Uusimaa,45-59,2023-12-10,2,Trust,Full
10752,Irene Walton,DK,Hovedstaden,18-29,2024-12-20,1,Individual,Full
10753,Emily James,NO,Vestland,30-44,2025-12-16,1,Individual,Email only
10754,Sandra Ingram-Brooks,NO,Rogaland,18-29,2022-04-08,2,Individual,Full
10755,Elizabeth Mason,NO,Trøndelag,45-59,2023-02-10,3,Individual,Email only
10756,Lucy Moore,NO,Oslo,60-74,2024-12-25,6,Individual,Full
10757,Iain Webster,SE,Västra Götaland,75+,2022-12-22,2,Individual,Full
10758,Aimee Smith,DK,Hovedstaden,30-44,2022-04-08,6,Individual,Full
10759,Frances Jones-Robson,NO,Trøndelag,30-44,2025-05-20,2,Individual,Email only
10760,Jake Wheeler,SE,Västra Götaland,60-74,2023-12-04,1,Individual,Post only
10761,Mr Barry Lawrence,NO,Vestland,60-74,2024-02-12,1,Individual,Full
10762,Mr Anthony Thompson,FI,Pirkanmaa,60-74,2025-12-21,4,Individual,Full
10763,Diana O'Brien,FI,Uusimaa,18-29,2024-12-17,1,Individual,Full
10764,Ms Mandy Peters,FI,Pohjois-Pohjanmaa,18-29,2024-12-24,1,Individual,Full
10765,Stuart Cooke-Martin,FI,Uusimaa,75+,2022-12-11,6,Individual,Full
10766,Antony Parkes,DK,Hovedstaden,18-29,2023-10-04,1,Individual,Full
10767,Jean Clayton-Lynch,NO,Oslo,45-59,2022-05-17,3,Individual,Full
10768,Mr Luke Cartwright,DK,Syddanmark,45-59,2025-11-26,4,Individual,Full
10769,Yvonne Holland,FI,Pirkanmaa,75+,2024-08-17,1,Individual,Full
10770,Mohamed Pollard,SE,Västra Götaland,75+,2024-05-07,1,Individual,Full
10771,Glen Lee,FI,Uusimaa,30-44,2023-10-25,4,Individual,Full
10772,Zoe Walker,NO,Vestland,30-44,2025-04-04,2,Individual,Post only
10773,Ross Saunders,SE,Skåne,18-29,2023-04-12,1,Corporate,Email only
10774,Miss Harriet Green,DK,Midtjylland,30-44,2022-10-11,5,Individual,Post only
10775,Stewart Green,FI,Uusimaa,30-44,2023-08-27,5,Individual,Full
10776,Dr Mathew Martin,FI,Uusimaa,60-74,2023-02-27,1,Individual,Email only
10777,Mandy McDonald,SE,Stockholm,75+,2025-03-12,1,Individual,Full
10778,Eileen White,FI,Pirkanmaa,18-29,2025-04-14,1,Individual,Full
10779,Dr Colin Brown,NO,Rogaland,45-59,2023-12-07,2,Individual,Full
10780,Victoria Goddard,DK,Sjælland,45-59,2025-06-16,4,Individual,Full
10781,Pauline Lewis,SE,Skåne,60-74,2022-12-10,7,Individual,Full
10782,Martin Jones,SE,Skåne,60-74,2025-05-25,2,Individual,Full
10783,Karl Hunter,NO,Rogaland,45-59,2022-12-31,1,Individual,Full
10784,Carly Allan,FI,Pohjois-Pohjanmaa,45-59,2025-11-18,2,Individual,Full
10785,Mathew Walker,SE,Västra Götaland,60-74,2024-12-08,3,Individual,Full
10786,James Kennedy,FI,Pohjois-Pohjanmaa,75+,2022-10-09,4,Individual,Post only
10787,Harriet Cole,SE,Stockholm,45-59,2025-09-04,3,Individual,Full
10788,Mrs Georgina Cook,SE,Uppsala,60-74,2022-10-26,1,Individual,Full
10789,Paula Cunningham,SE,Uppsala,18-29,2022-07-02,3,Individual,Email only
10790,Katy Wright,NO,Rogaland,75+,2022-11-23,2,Individual,Email only
10791,Liam Robinson,FI,Pirkanmaa,30-44,2024-12-05,4,Individual,Full
10792,Julie Harvey-Foster,SE,Västra Götaland,75+,2022-10-27,1,Individual,Email only
10793,Oliver Riley-Harrison,NO,Rogaland,60-74,2022-06-14,1,Individual,Email only
10794,Sharon Davies-Norman,DK,Hovedstaden,30-44,2025-10-18,5,Individual,Full
10795,Jill Shaw,SE,Uppsala,75+,2025-07-21,5,Individual,Email only
10796,Bethan Shaw,NO,Vestland,30-44,2024-06-21,2,Individual,Full
10797,Donald Jones,FI,Varsinais-Suomi,75+,2022-06-15,5,Individual,Full
10798,Irene Goodwin,SE,Uppsala,60-74,2024-02-27,2,Individual,Full
10799,Miss Lynn McDonald,SE,Skåne,18-29,2025-07-16,4,Individual,Full
10800,Sam Ali,SE,Västra Götaland,45-59,2023-03-22,2,Individual,Full
10801,Stephen Holt-Haynes,SE,Stockholm,60-74,2025-12-10,3,Individual,Full
10802,Aaron Thompson,FI,Varsinais-Suomi,18-29,2024-11-19,6,Individual,Full
10803,Sarah Simpson,FI,Pirkanmaa,45-59,2024-12-21,6,Individual,Full
10804,Mr Allan Norris,SE,Västra Götaland,45-59,2023-12-09,1,Individual,Email only
10805,Mr Ian Brown,SE,Skåne,75+,2022-08-11,2,Individual,Full
10806,Miss Hilary Skinner,FI,Uusimaa,30-44,2024-11-05,1,Individual,Post only
10807,Dawn Carter,FI,Uusimaa,60-74,2022-12-09,2,Individual,Email only
10808,Dr Ryan Gough,DK,Midtjylland,45-59,2025-06-26,6,Individual,Full
10809,Mr Brett Russell,SE,Skåne,45-59,2024-04-16,1,Individual,Full
10810,Dr Katy Robinson,FI,Varsinais-Suomi,75+,2024-12-10,1,Individual,Full
10811,Mark Phillips,FI,Varsinais-Suomi,60-74,2023-12-10,2,Individual,Full
10812,Alex Pratt,NO,Trøndelag,60-74,2025-04-17,6,Individual,Full
10813,Lynne Ashton,NO,Oslo,18-29,2024-11-30,1,Individual,Email only
10814,Joyce Smith,FI,Varsinais-Suomi,60-74,2025-08-11,4,Individual,Full
10815,Paul Rogers,FI,Pohjois-Pohjanmaa,18-29,2023-02-07,2,Individual,Full
10816,Marc Payne,FI,Pohjois-Pohjanmaa,30-44,2023-12-12,1,Trust,Full
10817,Gareth Hill,SE,Skåne,30-44,2023-03-20,2,Individual,Full
10818,Jason Simmons,FI,Uusimaa,60-74,2023-04-03,4,Individual,Post only
10819,Debra Roberts,FI,Pohjois-Pohjanmaa,18-29,2024-12-30,6,Individual,Full
10820,Mr Cameron Morris,,Pirkanmaa,60-74,2025-10-09,6,Individual,Full
10821,Miss Margaret King,NO,Oslo,18-29,2023-11-18,2,Individual,Post only
10822,Trevor Clark,FI,Pirkanmaa,45-59,2024-12-12,4,Individual,Full
10823,Lorraine Daly-Sheppard,NO,Trøndelag,45-59,2024-12-26,2,Individual,Email only
10824,Sophie Cooper-Roberts,FI,Varsinais-Suomi,60-74,2022-10-25,3,Corporate,Post only
10825,Danny Jones,DK,Hovedstaden,60-74,2023-04-03,4,Individual,Full
10826,Caroline Patel,FI,Pohjois-Pohjanmaa,18-29,2022-10-16,4,Individual,Full
10827,Dr Lewis Rogers,SE,Uppsala,30-44,2024-02-24,1,Individual,Post only
10828,Stacey Hughes,NO,Trøndelag,30-44,2023-12-07,1,Individual,Email only
10829,Miss Chelsea Wilkinson,SE,Skåne,45-59,2024-12-03,1,Individual,Email only
10830,Dr Janice Kirk,NO,Rogaland,45-59,2025-03-27,1,Individual,Full
10831,Jessica Morgan-Patel,FI,Pohjois-Pohjanmaa,30-44,2025-04-17,1,Individual,Full
10832,Natalie Lewis,NO,Rogaland,60-74,2022-12-20,2,Individual,Full
10833,Clare Glover,DK,Sjælland,45-59,2025-09-01,3,Individual,Full
10834,Janice Evans,SE,Stockholm,45-59,2022-04-30,2,Individual,Full
10835,Miss Rita Fuller,NO,Vestland,60-74,2024-08-31,7,Individual,Full
10836,Kerry Warner-Warren,,Oslo,60-74,2024-12-05,6,Individual,Email only
10837,Dawn Moore-Bell,FI,Pirkanmaa,75+,2023-10-26,6,Corporate,Full
10838,Dr Simon Mason,FI,Uusimaa,30-44,2025-12-26,2,Individual,Full
10839,Denis Miller-White,,Syddanmark,75+,2024-02-11,1,Individual,Full
10840,Alex Green,DK,Hovedstaden,45-59,2024-06-12,6,Individual,Email only
10841,Amelia Andrews,NO,Vestland,60-74,2022-12-12,1,Individual,Full
10842,Vincent Saunders,NO,Trøndelag,30-44,2022-12-29,4,Individual,Full
10843,Vanessa Clarke,SE,Stockholm,30-44,2023-02-19,1,Individual,Full
10844,Melissa Jones,FI,Pirkanmaa,30-44,2022-12-02,1,Individual,Full
10845,Molly Begum,,Varsinais-Suomi,75+,2023-09-10,2,Corporate,Full
10846,Mary Evans,SE,Stockholm,30-44,2022-12-22,5,Corporate,Full
10847,Mr Joshua Wilson,FI,Uusimaa,60-74,2022-03-16,2,Individual,Full
10848,Eric Woodward,NO,Vestland,45-59,2022-07-31,2,Individual,Post only
10849,Kieran Rose,NO,Vestland,30-44,2025-07-09,2,Individual,Full
10850,Dale Shaw,NO,Rogaland,60-74,2024-11-11,1,Individual,Full
10851,Derek Holden,SE,Västra Götaland,75+,2023-08-28,2,Individual,Full
10852,Lydia Brown-Harris,SE,Uppsala,30-44,2023-03-20,2,Individual,Full
10853,Diana Evans,SE,Skåne,30-44,2022-09-07,2,Individual,Full
10854,Andrew Webster-Harding,FI,Pohjois-Pohjanmaa,30-44,2024-06-05,4,Individual,Full
10855,Mrs Carolyn Lewis,DK,Midtjylland,45-59,2022-02-15,2,Individual,Post only
10856,Miss Denise Chapman,SE,Stockholm,18-29,2024-11-05,3,Individual,Full
10857,Aimee Holland,SE,Västra Götaland,45-59,2024-10-08,3,Trust,Email only
10858,Lynne Martin,SE,Västra Götaland,30-44,2022-10-12,1,Corporate,Full
10859,Miss Chloe Taylor,FI,Uusimaa,30-44,2023-02-22,1,Individual,Email only
10860,Shannon Smith-Morgan,FI,Pohjois-Pohjanmaa,45-59,2022-04-19,1,Individual,Full
10861,Keith Sykes-Hill,NO,Oslo,18-29,2025-12-21,2,Individual,Email only
10862,Marcus Smith,FI,Uusimaa,30-44,2025-12-22,2,Individual,Full
10863,Kevin Martin,NO,Oslo,60-74,2025-12-14,3,Individual,Full
10864,Tony Goodwin,,Vestland,45-59,2022-02-07,4,Individual,Email only
10865,Elizabeth Jones,NO,Rogaland,60-74,2023-11-09,1,Individual,Email only
10866,Gordon Bennett,SE,Västra Götaland,75+,2023-11-08,2,Individual,Post only
10867,June Martin-Holmes,DK,Syddanmark,30-44,2022-05-16,3,Individual,Full
10868,Elizabeth Day,NO,Vestland,30-44,2023-06-09,3,Individual,Post only
10869,Barbara Bibi,,Skåne,45-59,2022-12-17,2,Individual,Full
10870,Mrs Leanne Stewart,FI,Pirkanmaa,45-59,2024-12-12,3,Individual,Full
10871,Mrs Janice Hudson,SE,Skåne,75+,2024-10-10,1,Individual,Email only
10872,Rhys Elliott-Roberts,DK,Midtjylland,60-74,2022-11-05,5,Individual,Full
10873,Miss Sylvia Scott,SE,Stockholm,60-74,2023-01-20,2,Individual,Email only
10874,Elaine Brooks-Taylor,NO,Vestland,60-74,2022-04-24,4,Individual,Full
10875,Catherine Gould,SE,Stockholm,18-29,2025-09-13,2,Individual,Full
10876,Paul James-Taylor,NO,Oslo,45-59,2025-12-16,1,Individual,Full
10877,Mr Charlie Leach,SE,Uppsala,18-29,2023-12-03,1,Individual,Full
10878,Mrs Kimberley Edwards,SE,Uppsala,45-59,2024-10-07,4,Individual,Full
10879,Katy Bibi-Wright,FI,Pirkanmaa,60-74,2022-11-22,2,Individual,Full
10880,Howard Jackson,FI,Uusimaa,18-29,2023-03-01,5,Individual,Full
10881,Paula Miller,SE,Västra Götaland,60-74,2025-03-14,1,Individual,Full
10882,Dr Natasha Roberts,FI,Pohjois-Pohjanmaa,60-74,2024-03-06,1,Individual,Full
10883,Dr Howard Francis,DK,Midtjylland,45-59,2024-11-13,7,Individual,Post only
10884,Dawn Nixon,SE,Västra Götaland,60-74,2025-02-28,6,Individual,Full
10885,Paul Chambers,FI,Pirkanmaa,45-59,2023-12-22,1,Individual,Full
10886,Mrs Gillian Cook,FI,Pohjois-Pohjanmaa,60-74,2022-03-09,1,Individual,Full
10887,Dr Albert Birch,FI,Varsinais-Suomi,60-74,2023-02-07,1,Individual,Full
10888,Jodie Simmons-Lucas,FI,Pirkanmaa,45-59,2024-01-25,3,Individual,Full
10889,Trevor Chapman,FI,Varsinais-Suomi,45-59,2023-05-03,4,Individual,Full
10890,Shirley Wright,FI,Varsinais-Suomi,30-44,2024-05-31,3,Individual,Full
10891,Alexandra O'Neill-Johnson,DK,Syddanmark,30-44,2023-06-01,5,Individual,Email only
10892,Natasha Chambers,NO,Oslo,60-74,2024-01-27,5,Individual,Full
10893,Damien Carpenter,FI,Pohjois-Pohjanmaa,18-29,2022-12-30,2,Individual,Full
10894,Janice Naylor,NO,Oslo,45-59,2025-02-24,1,Individual,Email only
10895,Clare Bibi,FI,Pirkanmaa,30-44,2022-09-08,3,Individual,Full
10896,Ms Kimberley Cox,FI,Uusimaa,60-74,2022-12-05,1,Individual,Full
10897,Karen Begum,SE,Stockholm,30-44,2024-12-08,2,Individual,Full
10898,Joyce Marshall-Robinson,FI,Uusimaa,18-29,2024-10-27,1,Individual,Email only
10899,Mr Daniel Harper,FI,Varsinais-Suomi,30-44,2022-05-03,1,Individual,Full
10900,Mathew Singh,FI,Uusimaa,45-59,2024-12-04,4,Individual,Full
10901,Mr Roger Thorpe,DK,Midtjylland,45-59,2024-05-23,5,Individual,Full
10902,Hilary Haynes,FI,Uusimaa,30-44,2023-05-04,1,Individual,Full
10903,Alex Macdonald-Page,NO,Trøndelag,60-74,2025-08-18,1,Corporate,Full
10904,Jade Ellis-Hall,DK,Hovedstaden,60-74,2022-04-28,2,Individual,Email only
10905,Keith Mistry,FI,Varsinais-Suomi,75+,2023-12-07,2,Individual,Full
10906,Jason Willis,DK,Midtjylland,45-59,2022-07-17,4,Individual,Email only
10907,Hugh White,SE,Skåne,30-44,2022-06-14,5,Individual,Full
10908,Neil Smith,FI,Pohjois-Pohjanmaa,60-74,2025-04-29,2,Individual,Full
10909,Gerald Turner,SE,Västra Götaland,75+,2022-03-27,1,Individual,Full
10910,Mrs Hilary Thompson,FI,Pirkanmaa,60-74,2022-02-10,1,Individual,Full
10911,Miss Tracey Lowe,SE,Skåne,60-74,2022-07-17,2,Individual,Full
10912,Neil Richardson,SE,Skåne,75+,2025-04-30,1,Individual,Full
10913,Miss Christine Ryan,DK,Hovedstaden,30-44,2022-11-11,3,Individual,Full
10914,Dr Ricky Smith,NO,Trøndelag,45-59,2024-12-07,2,Individual,Full
10915,Ms Patricia Day,FI,Uusimaa,30-44,2024-03-10,5,Individual,Full
10916,Ms Josephine Jackson,FI,Pohjois-Pohjanmaa,18-29,2024-09-23,4,Corporate,Full
10917,Dr Connor Perry,NO,Trøndelag,45-59,2025-01-01,5,Individual,Full
10918,Bradley Phillips,SE,Västra Götaland,75+,2022-12-28,1,Individual,Full
10919,Mr Thomas Bond,FI,Pirkanmaa,60-74,2023-02-16,4,Individual,Full
10920,Fiona Hayes-Howe,SE,Skåne,18-29,2024-11-05,2,Individual,Full
10921,Allan Mason,SE,Västra Götaland,18-29,2023-08-07,1,Individual,Post only
10922,Adrian Williams,DK,Sjælland,30-44,2025-01-31,4,Corporate,Post only
10923,Dr Sarah Murray,NO,Oslo,30-44,2024-05-16,2,Individual,Full
10924,Suzanne Smith,SE,Uppsala,75+,2024-12-07,2,Individual,Full
10925,Thomas Clarke,FI,Pohjois-Pohjanmaa,60-74,2023-10-09,3,Individual,Post only
10926,Dr Charlie Fisher,FI,Pohjois-Pohjanmaa,30-44,2023-11-08,1,Individual,Email only
10927,Mohammad Norris,FI,Pirkanmaa,18-29,2024-11-24,2,Individual,Full
10928,Terry Harris,NO,Trøndelag,60-74,2025-05-11,5,Individual,Full
10929,Kenneth Archer,NO,Trøndelag,60-74,2024-06-29,1,Individual,Full
10930,Kieran Williams-Taylor,SE,Skåne,60-74,2022-12-20,1,Individual,Full
10931,Christian Middleton,FI,Uusimaa,60-74,2022-12-30,3,Individual,Full
10932,Mathew Humphries,NO,Vestland,30-44,2024-08-11,2,Individual,Full
10933,Bernard Osborne,SE,Uppsala,30-44,2025-11-16,6,Individual,Email only
10934,Mr Bryan Morgan,FI,Varsinais-Suomi,30-44,2023-01-28,1,Individual,Email only
10935,Mr Martin White,SE,Stockholm,75+,2023-12-14,2,Individual,Full
10936,Miss Kayleigh Waters,SE,Uppsala,60-74,2023-11-08,6,Individual,Full
10937,Dr Damien Barnes,SE,Skåne,45-59,2024-12-01,2,Individual,Full
10938,Mrs Shirley Wilson,DK,Sjælland,60-74,2023-06-19,4,Individual,Full
10939,Stewart Godfrey,FI,Pohjois-Pohjanmaa,30-44,2023-12-19,6,Individual,Full
10940,Elliott Bond,DK,Hovedstaden,30-44,2024-06-26,1,Corporate,Email only
10941,Brett Williams,FI,Pohjois-Pohjanmaa,45-59,2024-12-06,4,Individual,Post only
10942,Debra Ford-Kent,SE,Uppsala,75+,2023-05-28,5,Individual,Full
10943,Tracy Andrews,FI,Pohjois-Pohjanmaa,45-59,2024-11-17,5,Individual,Full
10944,Brian Wilson,FI,Pirkanmaa,60-74,2022-04-15,2,Individual,Full
10945,Jennifer Newman,SE,Västra Götaland,18-29,2024-05-20,4,Individual,Full
10946,Mrs Emma Nash,FI,Pohjois-Pohjanmaa,30-44,2022-04-19,2,Individual,Email only
10947,Miss Georgia Thomas,SE,Skåne,45-59,2024-04-06,2,Individual,Post only
10948,Douglas Williams,SE,Västra Götaland,60-74,2022-11-18,1,Individual,Post only
10949,Mr Bruce Abbott,SE,Uppsala,60-74,2023-11-12,1,Individual,Full
10950,Frances Howell-Johnson,FI,Pirkanmaa,60-74,2022-03-01,1,Individual,Full
10951,Duncan Jones,SE,Stockholm,45-59,2023-12-07,1,Individual,Full
10952,Stacey Williams,FI,Pirkanmaa,18-29,2025-12-30,1,Individual,Full
10953,Vanessa Wilson-Stephens,SE,Skåne,45-59,2022-07-04,1,Individual,Email only
10954,Rachel Matthews,FI,Pirkanmaa,18-29,2022-12-17,1,Individual,Full
10955,Alex Stephens,DK,Hovedstaden,75+,2023-09-29,2,Individual,Full
10956,Julia Campbell,SE,Västra Götaland,75+,2022-12-13,1,Individual,Full
10957,Miss Linda Rowe,NO,Rogaland,18-29,2023-08-23,2,Individual,Full
10958,Gareth Leach,SE,Stockholm,60-74,2022-05-18,4,Individual,Full
10959,Georgina Griffin,DK,Syddanmark,18-29,2024-12-21,3,Individual,Full
10960,Anne Barrett,SE,Uppsala,45-59,2024-12-30,1,Individual,Full
10961,Mrs Zoe Cartwright,FI,Pirkanmaa,60-74,2025-07-04,2,Individual,Full
10962,Derek Lord,FI,Pirkanmaa,30-44,2023-02-07,4,Individual,Full
10963,Clive Foster-Oliver,DK,Midtjylland,30-44,2022-10-19,5,Individual,Full
10964,Paige Cook,FI,Varsinais-Suomi,45-59,2022-08-09,1,Corporate,Full
10965,Mr Thomas Reeves,NO,Vestland,60-74,2023-05-31,1,Individual,Full
10966,Miss Diana Edwards,FI,Pohjois-Pohjanmaa,18-29,2024-11-20,2,Individual,Full
10967,Roger Bennett,NO,Trøndelag,60-74,2023-10-05,2,Individual,Email only
10968,Dr Andrea Cooper,FI,Uusimaa,30-44,2023-11-03,1,Individual,Full
10969,Caroline Barker,SE,Uppsala,18-29,2024-12-04,1,Individual,Full
10970,Joanne Miles-Ellis,DK,Midtjylland,30-44,2023-08-16,1,Individual,Full
10971,Sam Hutchinson,,Uusimaa,45-59,2022-03-06,3,Individual,Email only
10972,Dr Oliver Morris,FI,Pohjois-Pohjanmaa,60-74,2025-04-28,4,Individual,Full
10973,Trevor Rees,FI,Uusimaa,18-29,2025-10-27,1,Individual,Post only
10974,Natalie Tucker,SE,Uppsala,75+,2025-02-17,1,Individual,Full
10975,Scott Morley,SE,Stockholm,75+,2024-03-05,2,Individual,Full
10976,Clifford Hayward,FI,Pirkanmaa,30-44,2023-12-17,1,Corporate,Full
10977,Christian Jarvis-Williams,FI,Pirkanmaa,75+,2023-11-12,4,Individual,Full
10978,Ronald Davies,FI,Pirkanmaa,30-44,2023-12-16,1,Individual,Full
10979,Valerie Kelly,SE,Stockholm,45-59,2022-05-14,1,Corporate,Full
10980,Rhys Ward,NO,Oslo,18-29,2025-09-02,1,Individual,Email only
10981,Carl Charlton,FI,Varsinais-Suomi,30-44,2023-12-14,1,Individual,Full
10982,Natalie Rowe-Williams,FI,Uusimaa,18-29,2022-03-13,4,Individual,Full
10983,June Cole,FI,Uusimaa,30-44,2024-04-09,3,Individual,Full
10984,Beverley Perry,FI,Pirkanmaa,18-29,2023-04-11,2,Individual,Email only
10985,Mohammed Edwards-Barnes,FI,Uusimaa,30-44,2022-07-27,4,Individual,Full
10986,Jane Green,FI,Pirkanmaa,45-59,2024-12-23,1,Individual,Full
10987,Kim Hall,FI,Pohjois-Pohjanmaa,60-74,2023-01-24,3,Individual,Email only
10988,Donna Green-Thomas,FI,Pohjois-Pohjanmaa,60-74,2023-07-02,1,Individual,Email only
10989,Denise Henderson-Blake,FI,Pirkanmaa,30-44,2025-07-20,1,Individual,Full
10990,Caroline Jones,FI,Varsinais-Suomi,45-59,2024-07-21,2,Individual,Full
10991,Daniel Nash,FI,Pirkanmaa,75+,2024-03-16,1,Individual,Email only
10992,Guy Wright,FI,Pohjois-Pohjanmaa,45-59,2023-05-24,1,Individual,Email only
10993,Dr Francis Bailey,SE,Skåne,60-74,2024-08-04,1,Individual,Email only
10994,Sarah Little,DK,Syddanmark,18-29,2022-06-28,6,Individual,Full
10995,Eric King,FI,Varsinais-Suomi,30-44,2022-04-15,2,Individual,Email only
10996,Martin Archer,NO,Rogaland,45-59,2023-12-16,2,Individual,Full
10997,Lauren Gray-Potter,NO,Oslo,30-44,2022-03-31,1,Individual,Full
10998,Tina Wright,FI,Pirkanmaa,60-74,2022-10-01,5,Individual,Full
10999,Pamela Hughes,SE,Västra Götaland,30-44,2023-10-10,1,Individual,Email only
11000,Mrs Dawn Browne,FI,Pirkanmaa,60-74,2024-07-12,1,Individual,Full
11001,Frederick Ryan-Collins,FI,Pirkanmaa,45-59,2024-03-06,1,Corporate,Post only
11002,Joan Barry,DK,Sjælland,60-74,2022-12-18,4,Individual,Email only
11003,Jennifer Johnson,FI,Uusimaa,30-44,2023-04-21,2,Individual,Post only
11004,Mr Glen Henderson,FI,Pirkanmaa,30-44,2022-12-29,1,Individual,Post only
11005,Lawrence Walker,FI,Pirkanmaa,45-59,2025-12-09,1,Individual,Full
11006,Mitchell Morgan,FI,Uusimaa,30-44,2023-01-17,5,Individual,Full
11007,Maurice Ali-Roberts,SE,Stockholm,60-74,2022-12-31,1,Individual,Full
11008,Dr Leslie Gray,FI,Pohjois-Pohjanmaa,18-29,2022-05-17,1,Individual,Full
11009,Naomi Foster-Anderson,SE,Stockholm,45-59,2024-06-01,2,Individual,Full
11010,Dr Russell Lloyd,DK,Sjælland,30-44,2025-11-21,5,Individual,Full
11011,Edward Wilkins,SE,Stockholm,60-74,2023-05-28,1,Individual,Email only
11012,Dominic Harrison-Shaw,SE,Stockholm,18-29,2022-01-09,2,Individual,Full
11013,Miss Yvonne Watson,FI,Varsinais-Suomi,30-44,2024-12-03,2,Individual,Email only
11014,Lynne Dodd,SE,Uppsala,60-74,2023-04-19,3,Individual,Email only
11015,Lynne Simmons,FI,Varsinais-Suomi,18-29,2022-09-08,4,Individual,Full
11016,Bruce Winter,NO,Trøndelag,45-59,2023-08-16,1,Individual,Full
11017,Joyce Jenkins-Kelly,NO,Oslo,30-44,2024-05-04,2,Individual,Full
11018,Cheryl Brown,SE,Skåne,45-59,2024-01-31,3,Individual,Full
11019,Mr Marc Russell,FI,Uusimaa,18-29,2024-12-12,1,Individual,Full
11020,Dr Cameron Shaw,NO,Vestland,75+,2025-12-26,1,Individual,Full
11021,Molly Wilson,FI,Uusimaa,60-74,2025-06-20,1,Individual,Full
11022,Marilyn Hussain,SE,Västra Götaland,30-44,2022-04-13,1,Individual,Full
11023,Maria Armstrong,NO,Oslo,18-29,2022-12-13,1,Individual,Full
11024,Lauren Martin,SE,Uppsala,45-59,2022-12-12,1,Individual,Email only
11025,Ms Irene Taylor,NO,Rogaland,18-29,2022-05-16,6,Individual,Post only
11026,Dr Norman Matthews,SE,Västra Götaland,45-59,2024-04-23,2,Individual,Email only
11027,Garry Harris,FI,Uusimaa,18-29,2022-10-11,3,Individual,Full
11028,Amber Schofield,DK,Sjælland,30-44,2022-12-08,1,Individual,Full
11029,Joel Jackson-Sullivan,FI,Pohjois-Pohjanmaa,30-44,2022-08-25,5,Individual,Full
11030,Mandy Davies-Lord,,Trøndelag,30-44,2023-05-08,4,Individual,Full
11031,Phillip Giles,SE,Stockholm,45-59,2022-01-16,1,Individual,Email only
11032,Rebecca Burgess,SE,Skåne,45-59,2022-11-04,2,Individual,Email only
11033,Mr Terry Lloyd,DK,Midtjylland,30-44,2022-07-03,1,Individual,Full
11034,Ellie Cartwright,NO,Vestland,30-44,2022-02-23,3,Individual,Full
11035,Toby Duffy,SE,Skåne,45-59,2025-09-05,1,Individual,Full
11036,Mrs Julia Gilbert,SE,Uppsala,45-59,2022-12-13,1,Individual,Full
11037,Alice Wilson-McCarthy,SE,Skåne,60-74,2024-09-12,1,Individual,Post only
11038,Ms Kim Dawson,FI,Pohjois-Pohjanmaa,30-44,2023-10-10,2,Individual,Email only
11039,Ms Teresa Stephens,FI,Varsinais-Suomi,30-44,2024-12-29,2,Individual,Email only
11040,Mr Liam Williamson,FI,Varsinais-Suomi,45-59,2023-10-18,4,Individual,Full
11041,Heather Oliver,FI,Uusimaa,45-59,2025-05-08,2,Individual,Full
11042,Jamie Forster,DK,Midtjylland,60-74,2024-01-19,1,Individual,Email only
11043,Marie George,NO,Oslo,60-74,2023-12-10,1,Individual,Email only
11044,Steven Knight,SE,Skåne,30-44,2025-10-15,1,Individual,Full
11045,Gail Morris-Robertson,NO,Trøndelag,45-59,2023-10-29,2,Individual,Full
11046,Dale Smith,FI,Pohjois-Pohjanmaa,30-44,2022-02-28,1,Individual,Full
11047,Harry Smith,DK,Hovedstaden,45-59,2022-12-04,1,Individual,Full
11048,Caroline Hill,NO,Vestland,60-74,2023-02-13,3,Individual,Email only
11049,Kathleen Richards,NO,Trøndelag,60-74,2025-06-01,1,Individual,Full
11050,Emily Mason,NO,Vestland,30-44,2024-12-01,5,Individual,Post only
11051,Toby Bailey,DK,Sjælland,45-59,2023-01-02,4,Individual,Full
11052,Catherine Brady,DK,Sjælland,30-44,2023-07-18,3,Individual,Full
11053,Christian Wilson,SE,Skåne,45-59,2022-12-03,1,Individual,Full
11054,Robert Bell,SE,Uppsala,60-74,2025-11-25,2,Individual,Full
11055,Emily Clayton,FI,Pohjois-Pohjanmaa,60-74,2025-11-27,4,Individual,Email only
11056,Iain O'Sullivan,FI,Pohjois-Pohjanmaa,30-44,2024-10-22,3,Individual,Full
11057,Carly Walker,FI,Varsinais-Suomi,60-74,2022-10-11,2,Individual,Full
11058,Sara Smith,FI,Pirkanmaa,30-44,2024-09-08,1,Individual,Full
11059,Dean Marsh,FI,Uusimaa,30-44,2024-10-23,3,Individual,Email only
11060,Jenna Griffiths,DK,Midtjylland,45-59,2025-09-21,1,Individual,Full
11061,Mr Mark Holden,NO,Vestland,30-44,2022-12-27,1,Individual,Full
11062,Sheila Griffiths,FI,Pohjois-Pohjanmaa,30-44,2024-11-05,3,Individual,Full
11063,Georgina Patel-Jones,NO,Oslo,60-74,2022-08-31,6,Individual,Full
11064,Gavin Brown,SE,Västra Götaland,30-44,2022-11-15,1,Individual,Email only
11065,Josephine Young,NO,Rogaland,60-74,2025-11-15,1,Individual,Full
11066,Katy Thomas-Hall,NO,Trøndelag,60-74,2025-10-06,1,Individual,Full
11067,Abbie Parkinson,DK,Midtjylland,45-59,2023-12-25,2,Individual,Full
11068,Josephine Woodward,FI,Pohjois-Pohjanmaa,60-74,2025-01-02,5,Individual,Full
11069,Sam Burke,NO,Rogaland,30-44,2024-11-10,4,Individual,Full
11070,Claire Spencer,FI,Varsinais-Suomi,60-74,2022-09-16,2,Individual,Full
11071,Mr Lawrence Gibbs,FI,Uusimaa,30-44,2025-12-29,4,Individual,Email only
11072,Paige Barton,NO,Vestland,45-59,2025-09-15,1,Individual,Full
11073,Patricia Harding,DK,Hovedstaden,30-44,2025-04-02,2,Individual,Full
11074,Caroline Hill-Thomas,FI,Varsinais-Suomi,18-29,2025-04-17,3,Individual,Full
11075,Ms Megan Phillips,SE,Stockholm,18-29,2023-06-08,1,Individual,Full
11076,Mr Daniel Marshall,FI,Varsinais-Suomi,60-74,2025-04-26,3,Individual,Full
11077,Mark Wood,NO,Vestland,30-44,2022-11-26,4,Corporate,Email only
11078,Miss Jasmine Turner,SE,Uppsala,60-74,2022-12-09,1,Individual,Full
11079,Miss Mandy Wilson,NO,Vestland,45-59,2024-03-18,3,Individual,Full
11080,Dr Lewis Clayton,SE,Uppsala,75+,2024-08-15,2,Individual,Post only
11081,Mrs Aimee Holland,DK,Sjælland,18-29,2025-12-06,5,Individual,Email only
11082,Miss Lynda Martin,SE,Uppsala,60-74,2024-10-15,3,Individual,Full
11083,Marc Dobson,SE,Stockholm,30-44,2025-10-23,2,Individual,Email only
11084,Howard Lawrence,SE,Uppsala,60-74,2022-12-08,3,Individual,Full
11085,Dr Heather Harrison,FI,Varsinais-Suomi,18-29,2022-06-18,1,Individual,Post only
11086,Eileen Griffin,FI,Varsinais-Suomi,30-44,2022-12-19,4,Individual,Full
11087,Diana Sutton,SE,Skåne,30-44,2025-03-05,2,Individual,Full
11088,Sheila Hill,FI,Uusimaa,30-44,2025-12-24,1,Individual,Full
11089,Terry Walsh,FI,Uusimaa,60-74,2024-05-20,1,Individual,Full
11090,Dr Nicholas Quinn,NO,Vestland,60-74,2024-03-13,2,Individual,Full
11091,Hugh Parsons,SE,Skåne,18-29,2022-12-11,1,Individual,Full
11092,Dr Jason Collins,,Pohjois-Pohjanmaa,60-74,2024-12-26,1,Individual,Full
11093,Ruth Williams,NO,Vestland,30-44,2022-09-17,1,Individual,Full
11094,Martin Lee,NO,Trøndelag,45-59,2024-12-28,5,Individual,Full
11095,Dr Adam Owen,SE,Västra Götaland,45-59,2025-11-05,5,Individual,Email only
11096,Miss Beth Gray,SE,Uppsala,45-59,2025-10-25,1,Individual,Email only
11097,Allan McDonald,FI,Pohjois-Pohjanmaa,18-29,2022-11-10,1,Individual,Full
11098,Stanley Ward,FI,Uusimaa,30-44,2024-10-30,2,Individual,Full
11099,Melanie Matthews,FI,Uusimaa,75+,2025-10-10,2,Individual,Full
11100,Frank Carr,SE,Uppsala,45-59,2024-04-16,1,Individual,Post only
11101,Holly Dixon,FI,Varsinais-Suomi,60-74,2022-12-16,1,Individual,Full
11102,Dr James Sullivan,SE,Uppsala,30-44,2025-05-22,4,Individual,Full
11103,Chloe Nicholson,SE,Skåne,60-74,2023-07-04,1,Individual,Full
11104,Ms Beth Hayward,FI,Pohjois-Pohjanmaa,30-44,2023-12-05,6,Individual,Full
11105,Joel Harvey,DK,Syddanmark,30-44,2022-12-22,6,Individual,Full
11106,Beverley Hall,FI,Pirkanmaa,75+,2022-10-23,1,Individual,Full
11107,Tina Preston,FI,Uusimaa,30-44,2023-11-08,3,Individual,Full
11108,Dr Andrew Roberts,FI,Uusimaa,45-59,2024-10-22,1,Individual,Full
11109,Dr Shannon Taylor,FI,Uusimaa,30-44,2023-03-08,4,Individual,Full
11110,Jean Jordan,SE,Skåne,30-44,2024-12-11,3,Individual,Full
11111,Dr Duncan Thompson,FI,Pirkanmaa,18-29,2023-12-03,1,Individual,Email only
11112,Allan Williams,DK,Hovedstaden,30-44,2024-05-03,3,Individual,Full
11113,Mohammed Harrison,FI,Uusimaa,18-29,2022-12-18,4,Individual,Full
11114,Mr Declan Morris,DK,Sjælland,45-59,2023-12-15,1,Individual,Full
11115,Nicola Vaughan,FI,Varsinais-Suomi,60-74,2023-12-01,2,Individual,Full
11116,Wendy Reid-Owen,SE,Uppsala,18-29,2023-08-04,3,Individual,Email only
11117,Jonathan Read,DK,Sjælland,30-44,2025-12-10,4,Individual,Full
11118,Jeffrey Welch-Stone,NO,Oslo,30-44,2024-04-21,1,Individual,Full
11119,Mr Phillip King,FI,Varsinais-Suomi,60-74,2022-12-06,5,Individual,Full
11120,Mrs Kerry Knight,DK,Syddanmark,45-59,2022-05-17,5,Individual,Full
11121,Carol Stanley,NO,Rogaland,45-59,2022-11-19,1,Individual,Full
11122,Dennis Brown,SE,Stockholm,45-59,2022-10-28,2,Individual,Full
11123,Roy Hayes,DK,Midtjylland,30-44,2024-11-22,3,Individual,Email only
11124,John Sheppard,DK,Hovedstaden,60-74,2023-07-09,3,Individual,Full
11125,Wendy Knowles-Thompson,DK,Midtjylland,45-59,2025-01-10,2,Individual,Full
11126,Mary Chandler,DK,Sjælland,30-44,2023-12-05,1,Individual,Full
11127,Mr Cameron Warren,SE,Stockholm,60-74,2025-11-29,1,Individual,Full
11128,Teresa Roberts,DK,Midtjylland,45-59,2023-12-26,4,Corporate,Full
11129,Sarah Jones,SE,Västra Götaland,45-59,2023-12-23,1,Individual,Full
11130,Stewart Reed,SE,Uppsala,30-44,2024-12-22,1,Individual,Full
11131,Francis Harris,NO,Oslo,18-29,2025-05-11,3,Individual,Full
11132,Owen Pritchard-Lyons,SE,Västra Götaland,60-74,2025-12-30,1,Individual,Full
11133,Claire Alexander,SE,Uppsala,60-74,2024-04-26,1,Individual,Email only
11134,Leanne Powell,FI,Uusimaa,30-44,2025-02-21,5,Individual,Full
11135,Mr Michael Bishop,FI,Pirkanmaa,45-59,2022-10-04,3,Individual,Email only
11136,Glen Smith,DK,Sjælland,30-44,2024-07-15,2,Individual,Full
11137,Dr Rebecca Bray,NO,Rogaland,45-59,2024-12-23,1,Individual,Full
11138,Ryan Harris,FI,Uusimaa,75+,2024-12-12,7,Individual,Full
11139,Denis Lloyd,,Pirkanmaa,30-44,2023-12-17,6,Individual,Email only
11140,Dr Thomas Moss,FI,Pohjois-Pohjanmaa,30-44,2024-12-05,4,Individual,Full
11141,Angela Carter,DK,Sjælland,18-29,2022-10-28,2,Individual,Email only
11142,Gary Taylor,,Pohjois-Pohjanmaa,18-29,2023-12-13,1,Individual,Full
11143,Miss Diana James,FI,Pohjois-Pohjanmaa,30-44,2022-12-19,4,Individual,Full
11144,Neil Knowles,SE,Uppsala,30-44,2025-02-13,2,Individual,Full
11145,Megan Haynes,NO,Vestland,30-44,2025-10-31,1,Individual,Full
11146,Dr Alex Harris,FI,Uusimaa,30-44,2022-04-24,1,Individual,Full
11147,Ashley Bennett,SE,Västra Götaland,60-74,2025-12-19,1,Individual,Email only
11148,Nicola Russell,FI,Pirkanmaa,30-44,2024-09-22,1,Individual,Email only
11149,Terry Murphy,FI,Pirkanmaa,45-59,2025-09-04,6,Individual,Email only
11150,Luke Hughes,DK,Syddanmark,45-59,2025-09-05,1,Corporate,Email only
11151,Nicholas King,DK,Hovedstaden,30-44,2022-06-19,4,Individual,Full
11152,Hollie Johnson,NO,Trøndelag,60-74,2024-03-26,1,Individual,Full
11153,Caroline Frost,FI,Varsinais-Suomi,18-29,2025-11-08,2,Individual,Email only
11154,Mr Louis Walsh,NO,Vestland,75+,2022-07-06,1,Individual,Full
11155,Roger Chandler,FI,Varsinais-Suomi,45-59,2024-12-23,1,Individual,Post only
11156,Irene Henderson-Sutton,SE,Stockholm,60-74,2024-03-12,1,Individual,Full
11157,Amy Ryan-Willis,FI,Pohjois-Pohjanmaa,75+,2024-02-23,2,Individual,Email only
11158,Conor Cooper-Edwards,SE,Västra Götaland,75+,2022-10-17,3,Individual,Full
11159,Ellie Carr-Parry,SE,Uppsala,45-59,2024-09-10,3,Individual,Email only
11160,Christine Jones,FI,Pohjois-Pohjanmaa,30-44,2023-11-25,4,Individual,Full
11161,Denise Roberts-Taylor,SE,Västra Götaland,60-74,2023-02-10,1,Individual,Full
11162,Joanne Green,DK,Midtjylland,45-59,2022-05-27,2,Individual,Full
11163,Mrs Molly Norris,FI,Pohjois-Pohjanmaa,30-44,2023-12-09,2,Individual,Email only
11164,John Collins,,Uusimaa,45-59,2022-11-06,2,Individual,Email only
11165,Michael Robertson,FI,Uusimaa,60-74,2023-10-11,1,Individual,Full
11166,Gillian Akhtar,FI,Pohjois-Pohjanmaa,60-74,2023-12-02,2,Individual,Full
11167,Nicole Wade,NO,Rogaland,45-59,2025-03-02,2,Individual,Full
11168,Dr Amber Watson,NO,Rogaland,60-74,2025-01-22,1,Corporate,Full
11169,Joe Davies,NO,Rogaland,45-59,2025-12-20,1,Corporate,Full
11170,Jenna Watson,FI,Pirkanmaa,30-44,2025-12-19,1,Individual,Full
11171,Alan Manning-Woodward,NO,Rogaland,30-44,2023-04-15,2,Trust,Full
11172,Ben Gibson,FI,Varsinais-Suomi,75+,2024-11-09,4,Individual,Full
11173,Max Hardy,NO,Trøndelag,45-59,2024-11-20,3,Individual,Full
11174,Sean Hill,FI,Pohjois-Pohjanmaa,45-59,2022-06-02,1,Individual,Full
11175,Carolyn Morris,NO,Vestland,60-74,2023-12-29,3,Individual,Full
11176,Abbie Carr,SE,Västra Götaland,60-74,2022-11-01,5,Individual,Full
11177,Miss Charlene Cooper,FI,Pohjois-Pohjanmaa,45-59,2025-04-25,1,Individual,Full
11178,Nicholas Jones,SE,Skåne,75+,2024-09-23,1,Individual,Post only
11179,Ms Carly Marsh,FI,Pohjois-Pohjanmaa,18-29,2022-12-01,3,Corporate,Post only
11180,Mrs Brenda Wilkinson,FI,Varsinais-Suomi,30-44,2023-12-16,2,Individual,Email only
11181,Miss Hannah Kennedy,FI,Pohjois-Pohjanmaa,45-59,2022-02-10,2,Individual,Full
11182,Roy Stephens,DK,Hovedstaden,45-59,2024-10-26,2,Individual,Full
11183,Julia Young,FI,Pirkanmaa,60-74,2024-12-17,1,Individual,Full
11184,Ricky Bradley,NO,Rogaland,30-44,2024-09-29,2,Individual,Full
11185,Amelia Winter,DK,Hovedstaden,45-59,2024-11-28,4,Individual,Full
11186,Nicholas Thornton,NO,Rogaland,45-59,2022-09-05,3,Individual,Post only
11187,Tom Potter,SE,Skåne,30-44,2022-12-13,1,Individual,Post only
11188,Jennifer Turner,FI,Pohjois-Pohjanmaa,30-44,2022-12-18,4,Individual,Full
11189,Keith Phillips,,Varsinais-Suomi,30-44,2025-09-27,2,Individual,Post only
11190,Martyn Bray,SE,Stockholm,45-59,2023-05-31,1,Individual,Full
11191,Joanna Wood,SE,Västra Götaland,60-74,2024-03-02,1,Individual,Full
11192,Dr Darren Watson,FI,Pirkanmaa,30-44,2022-03-08,1,Individual,Email only
11193,Leon Phillips,SE,Stockholm,75+,2024-03-27,2,Individual,Full
11194,Matthew Stokes,DK,Hovedstaden,18-29,2024-09-14,2,Individual,Full
11195,Mr Alex Rahman,DK,Midtjylland,45-59,2025-11-23,1,Trust,Post only
11196,Paula Roberts,SE,Västra Götaland,60-74,2023-09-20,1,Individual,Full
11197,Pauline Bailey,FI,Varsinais-Suomi,45-59,2024-02-05,2,Individual,Post only
11198,Martin Matthews,FI,Uusimaa,18-29,2022-12-03,2,Individual,Full
11199,Dr Roger George,SE,Uppsala,60-74,2022-12-06,2,Individual,Full
11200,Mr Bernard Barnett,SE,Skåne,30-44,2022-04-28,2,Individual,Email only
11201,Eileen Coates-Smith,FI,Uusimaa,45-59,2022-12-15,6,Individual,Full
11202,Beverley Sims,DK,Syddanmark,45-59,2022-02-13,1,Individual,Full
11203,Darren Wright,SE,Västra Götaland,18-29,2022-10-19,1,Individual,Full
11204,Luke Collins-Williams,NO,Trøndelag,45-59,2023-09-17,6,Individual,Full
11205,Mr Mohammad Ford,SE,Skåne,45-59,2024-12-31,2,Individual,Email only
11206,Ms Rachel Murphy,DK,Syddanmark,30-44,2024-03-20,1,Individual,Full
11207,Howard Peacock,NO,Vestland,30-44,2022-03-28,1,Individual,Full
11208,Mr Dale Sutton,FI,Uusimaa,60-74,2023-11-05,1,Individual,Post only
11209,Barry Anderson,FI,Pohjois-Pohjanmaa,30-44,2025-02-24,5,Individual,Full
11210,Kelly Read,FI,Pohjois-Pohjanmaa,30-44,2024-03-13,2,Individual,Post only
11211,Iain Morris-Webb,DK,Hovedstaden,45-59,2022-08-24,5,Individual,Full
11212,Gillian Smith-Graham,FI,Pirkanmaa,60-74,2025-04-26,1,Individual,Full
11213,Michael Hancock,DK,Syddanmark,18-29,2024-07-26,1,Individual,Full
11214,Kimberley Evans,FI,Pirkanmaa,30-44,2023-10-25,2,Individual,Full
11215,Ms Clare Harris,FI,Uusimaa,18-29,2024-05-01,1,Individual,Full
11216,Mr Dale Wilkinson,SE,Skåne,45-59,2022-11-19,2,Individual,Full
11217,Chloe Cunningham,FI,Varsinais-Suomi,45-59,2024-02-23,1,Individual,Email only
11218,Glen Butler-Clark,FI,Varsinais-Suomi,30-44,2025-05-27,2,Individual,Full
11219,Mr Aaron Miller,FI,Uusimaa,45-59,2023-04-02,1,Individual,Full
11220,Clare Bailey,DK,Hovedstaden,60-74,2024-12-21,2,Individual,Full
11221,Jasmine Howarth,NO,Rogaland,30-44,2023-12-06,1,Individual,Full
11222,Mrs Amanda Willis,FI,Pirkanmaa,60-74,2023-03-22,2,Individual,Full
11223,Clive Mason,SE,Skåne,45-59,2025-12-30,6,Individual,Full
11224,Michelle Holmes,NO,Vestland,45-59,2023-09-09,1,Corporate,Email only
11225,Albert Bishop,SE,Stockholm,75+,2023-11-20,2,Individual,Full
11226,Dr Charlotte Taylor,NO,Trøndelag,45-59,2022-01-11,1,Individual,Full
11227,Andrew Thomas,SE,Uppsala,75+,2022-02-19,6,Individual,Full
11228,Pamela Evans,FI,Pirkanmaa,30-44,2022-06-17,2,Corporate,Email only
11229,Ms Sarah Porter,FI,Varsinais-Suomi,60-74,2023-06-27,1,Individual,Email only
11230,Julia Woods-Hardy,SE,Uppsala,18-29,2025-10-19,1,Individual,Full
11231,Miss Chelsea Wilkinson,NO,Trøndelag,18-29,2022-12-22,2,Individual,Email only
11232,Frances Thomas,FI,Varsinais-Suomi,18-29,2022-01-28,5,Individual,Full
11233,Mrs Hannah Patel,FI,Pirkanmaa,60-74,2025-12-25,1,Individual,Email only
11234,Dr Naomi Anderson,SE,Skåne,75+,2024-10-25,1,Individual,Full
11235,Charlotte Abbott,FI,Pohjois-Pohjanmaa,30-44,2025-11-27,1,Individual,Full
11236,Gareth Wallace,DK,Sjælland,75+,2023-03-23,2,Individual,Post only
11237,Allan Young,FI,Uusimaa,45-59,2024-12-09,5,Individual,Email only
11238,Fiona Turner,FI,Uusimaa,45-59,2024-12-24,2,Individual,Full
11239,Keith Begum-Hill,DK,Syddanmark,30-44,2023-06-30,2,Individual,Full
11240,Natasha Smith,SE,Stockholm,18-29,2022-01-01,2,Individual,Email only
11241,Bernard Carter-Owen,SE,Uppsala,18-29,2023-02-04,1,Individual,Post only
11242,Michelle Campbell,,Trøndelag,30-44,2023-12-27,5,Individual,Full
11243,Holly Pratt,FI,Pohjois-Pohjanmaa,60-74,2025-11-25,1,Corporate,Full
11244,Geoffrey Ahmed,SE,Västra Götaland,18-29,2023-12-06,2,Individual,Full
11245,Andrea Wilson-Holmes,NO,Vestland,45-59,2023-02-12,1,Individual,Full
11246,Carole Buckley,DK,Syddanmark,60-74,2025-12-14,3,Individual,Post only
11247,Miss Lisa Arnold,NO,Rogaland,30-44,2025-08-02,2,Trust,Full
11248,Tony Blake,FI,Pohjois-Pohjanmaa,18-29,2025-12-22,1,Individual,Full
11249,Gordon Talbot-Brown,NO,Trøndelag,45-59,2025-03-09,5,Individual,Full
11250,Marion Walker,NO,Vestland,30-44,2023-06-26,1,Individual,Full
11251,Emily Yates,DK,Syddanmark,45-59,2023-09-04,2,Individual,Full
11252,Philip Cooke,FI,Varsinais-Suomi,45-59,2023-03-12,1,Individual,Full
11253,Mr Robert Turner,SE,Stockholm,60-74,2022-11-22,2,Individual,Full
11254,Christian Jenkins,SE,Västra Götaland,45-59,2023-03-21,1,Individual,Full
11255,Joan Alexander-Warren,DK,Midtjylland,75+,2025-04-20,1,Individual,Full
11256,Victoria Price,SE,Stockholm,30-44,2025-04-06,4,Corporate,Full
11257,Ashley Martin-Pugh,FI,Pohjois-Pohjanmaa,30-44,2024-11-26,1,Individual,Full
11258,Liam Johnson,FI,Pohjois-Pohjanmaa,45-59,2025-12-21,4,Individual,Full
11259,Miss Fiona Evans,FI,Pohjois-Pohjanmaa,60-74,2022-07-10,1,Individual,Full
11260,Mrs Irene Richards,NO,Trøndelag,60-74,2023-08-15,4,Individual,Full
11261,Ms Amber Williams,SE,Skåne,30-44,2022-09-05,2,Individual,Full
11262,Alison Steele,FI,Pohjois-Pohjanmaa,18-29,2023-03-24,2,Individual,Full
11263,Benjamin Evans,FI,Pirkanmaa,30-44,2025-03-04,6,Individual,Full
11264,Frank Brookes-Carter,DK,Hovedstaden,45-59,2025-09-18,1,Individual,Post only
11265,Sheila Hill,SE,Stockholm,30-44,2022-11-21,3,Individual,Email only
11266,Ricky Davis,DK,Hovedstaden,45-59,2024-01-06,4,Individual,Full
11267,Mrs Grace Hammond,FI,Varsinais-Suomi,45-59,2024-09-30,1,Individual,Full
11268,Mrs Debra Walker,SE,Skåne,60-74,2023-08-04,3,Individual,Email only
11269,Tom Morgan,SE,Uppsala,60-74,2025-12-07,1,Individual,Full
11270,Douglas Martin,FI,Varsinais-Suomi,75+,2023-08-31,1,Individual,Email only
11271,Dr Elliot Young,DK,Hovedstaden,60-74,2025-12-16,5,Individual,Full
11272,Ms Samantha Evans,FI,Varsinais-Suomi,30-44,2023-05-20,1,Individual,Email only
11273,Brenda Turner,NO,Trøndelag,45-59,2025-12-27,4,Corporate,Full
11274,Anna Mason,NO,Trøndelag,45-59,2023-08-23,2,Corporate,Email only
11275,Mathew Rose,FI,Pirkanmaa,30-44,2023-01-19,2,Individual,Full
11276,Julian Wood,SE,Skåne,18-29,2022-12-14,2,Individual,Full
11277,Dr Sophie Cooper,FI,Uusimaa,18-29,2023-08-05,4,Individual,Full
11278,Elliot Banks,FI,Uusimaa,45-59,2023-12-01,1,Corporate,Full
11279,Stacey Anderson,NO,Trøndelag,60-74,2025-05-21,1,Individual,Full
11280,Simon Dale,SE,Stockholm,30-44,2025-12-23,5,Corporate,Post only
11281,Charlie Kennedy-Rowe,FI,Pohjois-Pohjanmaa,30-44,2022-08-15,2,Trust,Full
11282,Mr Derek Freeman,SE,Skåne,18-29,2022-10-30,2,Individual,Email only
11283,Vincent Smith-Chadwick,SE,Västra Götaland,30-44,2024-09-21,5,Individual,Full
11284,Mr Gareth Smith,NO,Oslo,18-29,2025-08-14,4,Individual,Full
11285,Harriet Simpson,,Midtjylland,45-59,2025-07-03,5,Individual,Full
11286,Mr Kevin Oliver,SE,Uppsala,30-44,2024-02-24,2,Individual,Full
11287,Hazel Jones,FI,Pirkanmaa,75+,2025-12-15,4,Individual,Full
11288,Denise Bradshaw,FI,Pohjois-Pohjanmaa,60-74,2025-12-06,2,Corporate,Full
11289,Toby Butler-Goddard,FI,Pirkanmaa,60-74,2025-05-04,1,Individual,Full
11290,Dr Gerald Ward,FI,Pirkanmaa,60-74,2023-07-28,2,Individual,Full
11291,Mrs Lesley Dodd,SE,Skåne,30-44,2024-03-21,3,Individual,Full
11292,Wayne Powell,FI,Varsinais-Suomi,75+,2023-09-20,1,Individual,Email only
11293,Paula Oliver-White,FI,Varsinais-Suomi,30-44,2023-12-22,6,Individual,Full
11294,Dr Abbie Atkinson,FI,Pohjois-Pohjanmaa,45-59,2022-10-22,2,Individual,Full
11295,Mrs Katie Evans,NO,Trøndelag,45-59,2024-05-25,3,Individual,Full
11296,Andrew Phillips-Brown,FI,Pirkanmaa,30-44,2024-12-06,1,Individual,Full
11297,Edward Dunn,SE,Uppsala,45-59,2022-01-14,3,Individual,Full
11298,Elaine Jackson,SE,Stockholm,45-59,2025-12-10,5,Individual,Email only
11299,Georgina Curtis,SE,Stockholm,60-74,2025-10-16,3,Individual,Full
11300,Lee Harris-Adams,NO,Rogaland,30-44,2022-07-12,3,Individual,Full
11301,Lynn Thomas,FI,Pohjois-Pohjanmaa,75+,2025-12-09,1,Individual,Full
11302,Diana Carroll,DK,Sjælland,60-74,2025-05-12,1,Individual,Email only
11303,Miss Charlene Thomas,NO,Vestland,30-44,2023-12-28,1,Individual,Email only
11304,Janet May,SE,Uppsala,45-59,2024-05-23,2,Individual,Email only
11305,Alexandra Wall-Franklin,FI,Varsinais-Suomi,75+,2023-06-07,4,Individual,Full
11306,Ms Pauline Jones,DK,Midtjylland,45-59,2022-11-12,3,Individual,Full
11307,Mr Ian Hudson,DK,Sjælland,45-59,2025-05-01,1,Individual,Email only
11308,Aimee Cook,FI,Pirkanmaa,45-59,2023-09-04,1,Individual,Full
11309,Pamela Richardson,SE,Stockholm,60-74,2022-11-01,2,Individual,Full
11310,Carole Perkins,FI,Varsinais-Suomi,45-59,2023-12-11,2,Individual,Email only
11311,Jordan Glover,FI,Pohjois-Pohjanmaa,30-44,2025-04-26,4,Individual,Full
11312,Mrs Lauren Davis,FI,Pirkanmaa,45-59,2025-12-03,7,Individual,Email only
11313,Gavin Bowen,SE,Uppsala,30-44,2022-01-23,2,Individual,Full
11314,Jay Henry,DK,Sjælland,30-44,2025-03-30,1,Individual,Full
11315,Damian Connor,FI,Uusimaa,30-44,2023-03-04,1,Individual,Full
11316,Bethany O'Neill,SE,Västra Götaland,30-44,2025-03-21,1,Individual,Full
11317,Jade Hope,FI,Varsinais-Suomi,45-59,2022-05-30,2,Individual,Full
11318,Bruce Rowley,FI,Varsinais-Suomi,60-74,2022-10-22,6,Corporate,Full
11319,Alexander Stewart,SE,Skåne,75+,2022-12-31,1,Individual,Full
11320,Mr Shaun Martin,SE,Stockholm,30-44,2022-02-28,4,Individual,Full
11321,George Kirk-Miles,DK,Hovedstaden,45-59,2023-12-17,5,Individual,Full
11322,Hannah Elliott-Jackson,,Vestland,60-74,2023-12-18,1,Individual,Full
11323,Darren Williamson,DK,Midtjylland,45-59,2025-10-31,6,Individual,Full
11324,Sharon Manning-Gregory,FI,Uusimaa,75+,2022-11-29,5,Individual,Full
11325,Michelle Jones,FI,Pirkanmaa,60-74,2024-01-06,1,Individual,Post only
11326,Mr Josh Mitchell,FI,Pohjois-Pohjanmaa,45-59,2023-08-17,1,Individual,Full
11327,Glen Willis,FI,Varsinais-Suomi,45-59,2025-10-27,1,Individual,Post only
11328,Ryan Pearce-Campbell,DK,Syddanmark,45-59,2025-12-27,1,Individual,Email only
11329,Jennifer White,FI,Pirkanmaa,30-44,2022-12-29,1,Individual,Full
11330,Kayleigh Flynn-Wright,FI,Pohjois-Pohjanmaa,60-74,2024-09-03,1,Individual,Full
11331,Dr Nicholas Mann,DK,Sjælland,30-44,2024-02-05,5,Individual,Full
11332,Nigel Clark,FI,Uusimaa,18-29,2025-08-16,1,Trust,Post only
11333,Colin Roberts,NO,Vestland,18-29,2025-11-24,1,Individual,Full
11334,Ms Jacqueline Edwards,DK,Hovedstaden,45-59,2022-12-22,6,Individual,Full
11335,Mrs Danielle Hall,SE,Skåne,45-59,2023-03-23,5,Individual,Full
11336,Dr Lawrence Davison,SE,Västra Götaland,60-74,2025-11-04,3,Individual,Full
11337,Peter Williams,SE,Stockholm,45-59,2022-12-09,4,Individual,Full
11338,Ms Jenna Allen,FI,Uusimaa,45-59,2022-06-16,1,Individual,Full
11339,Miss Rebecca Stephenson,FI,Uusimaa,45-59,2022-12-14,3,Individual,Full
11340,Dr Gary Smith,NO,Vestland,60-74,2022-12-13,1,Individual,Email only
11341,Geraldine Bibi,DK,Hovedstaden,45-59,2022-10-17,1,Individual,Full
11342,Dr Gary Williams,SE,Skåne,45-59,2025-09-06,3,Individual,Full
11343,Connor Bibi,SE,Stockholm,30-44,2023-06-04,2,Individual,Full
11344,Gerard Blake,SE,Uppsala,30-44,2024-12-17,3,Individual,Full
11345,Dr Nicholas Bell,FI,Uusimaa,30-44,2024-10-14,5,Individual,Full
11346,Mr Robert Lewis,FI,Uusimaa,30-44,2024-03-04,4,Individual,Full
11347,Patricia Wong,DK,Sjælland,60-74,2022-10-20,1,Individual,Post only
11348,Scott Phillips-Jones,NO,Oslo,60-74,2025-12-02,4,Individual,Full
11349,Ms Andrea Parkin,SE,Skåne,30-44,2022-08-12,2,Individual,Full
11350,Dr Alan Murray,FI,Pohjois-Pohjanmaa,45-59,2025-12-12,3,Individual,Full
11351,Jasmine Edwards-Richardson,FI,Pohjois-Pohjanmaa,30-44,2025-06-04,7,Individual,Full
11352,Ricky Wood,SE,Stockholm,60-74,2025-12-13,1,Individual,Full
11353,Dr Danielle Burke,DK,Midtjylland,18-29,2024-10-03,1,Individual,Email only
11354,Alex Williams,SE,Skåne,60-74,2025-01-31,4,Individual,Email only
11355,Miss Deborah McCarthy,SE,Skåne,45-59,2025-12-06,1,Individual,Full
11356,Dr Ruth Robertson,FI,Uusimaa,30-44,2025-11-26,1,Individual,Post only
11357,Ms Georgia Gallagher,FI,Varsinais-Suomi,18-29,2022-08-06,3,Individual,Email only
11358,Sara Wood,SE,Skåne,60-74,2022-12-20,1,Individual,Full
11359,Ms Kim Andrews,FI,Varsinais-Suomi,75+,2022-12-31,1,Corporate,Full
11360,Gary Roberts,SE,Uppsala,30-44,2022-06-22,2,Individual,Full
11361,Roger Gray,NO,Oslo,30-44,2023-10-15,2,Individual,Full
11362,Kirsty Parkin,DK,Sjælland,60-74,2022-07-14,1,Individual,Full
11363,Alice Jackson,FI,Pirkanmaa,75+,2025-12-26,1,Individual,Full
11364,Charles Dunn,FI,Pohjois-Pohjanmaa,30-44,2024-04-04,1,Individual,Full
11365,Miss Aimee Singh,FI,Pirkanmaa,60-74,2023-03-09,2,Individual,Full
11366,Denise Watson,FI,Pirkanmaa,18-29,2022-08-20,1,Individual,Full
11367,Glen Taylor-Russell,FI,Pohjois-Pohjanmaa,30-44,2022-10-16,1,Individual,Email only
11368,Rhys Craig,FI,Varsinais-Suomi,75+,2023-11-03,3,Individual,Full
11369,Mr Bruce Wilson,FI,Pohjois-Pohjanmaa,75+,2022-05-02,2,Individual,Full
11370,Denise Collins,DK,Hovedstaden,18-29,2025-08-29,1,Individual,Email only
11371,Ms Jessica Pollard,SE,Uppsala,60-74,2025-09-26,2,Individual,Post only
11372,Dr Joshua Phillips,FI,Pirkanmaa,45-59,2024-01-29,2,Individual,Full
11373,Janice Hart,SE,Uppsala,30-44,2023-10-21,1,Individual,Full
11374,Max Gough-O'Brien,SE,Uppsala,30-44,2024-05-11,2,Individual,Email only
11375,Nigel Pugh,FI,Pohjois-Pohjanmaa,45-59,2025-12-04,1,Individual,Full
11376,Mohammad Gordon,FI,Pohjois-Pohjanmaa,18-29,2023-05-30,1,Corporate,Email only
11377,Eileen Phillips-Howard,SE,Skåne,45-59,2024-04-07,1,Individual,Full
11378,Ms Aimee Spencer,FI,Pohjois-Pohjanmaa,45-59,2023-10-02,1,Individual,Full
11379,Liam Stevenson,FI,Pirkanmaa,75+,2022-11-14,2,Individual,Full
11380,Gillian Bryant,FI,Varsinais-Suomi,45-59,2023-08-29,1,Individual,Full
11381,Leon Quinn,SE,Skåne,18-29,2023-02-05,3,Individual,Post only
11382,Dr Mary Foster,FI,Pohjois-Pohjanmaa,60-74,2025-10-31,3,Individual,Full
11383,Mr Sean Mitchell,DK,Hovedstaden,30-44,2022-12-28,2,Individual,Email only
11384,Dr Gary O'Donnell,SE,Västra Götaland,75+,2022-04-01,1,Individual,Full
11385,Deborah Iqbal,SE,Uppsala,60-74,2024-08-27,1,Individual,Full
11386,Stephen Brown,NO,Vestland,60-74,2023-09-17,1,Individual,Full
11387,Sally Godfrey,FI,Pirkanmaa,60-74,2022-11-18,3,Individual,Full
11388,Dr Maria Howard,FI,Varsinais-Suomi,18-29,2024-11-26,1,Individual,Full
11389,Colin Palmer,FI,Pohjois-Pohjanmaa,60-74,2024-06-20,3,Individual,Full
11390,Donna Griffiths,FI,Pohjois-Pohjanmaa,18-29,2024-03-18,1,Individual,Full
11391,Ms Margaret Owen,SE,Västra Götaland,30-44,2024-10-13,2,Individual,Full
11392,Laura Martin,SE,Skåne,30-44,2024-03-17,2,Individual,Email only
11393,Frank Saunders,DK,Syddanmark,75+,2022-12-13,1,Individual,Full
11394,Dr Peter Waters,FI,Pohjois-Pohjanmaa,60-74,2025-12-06,2,Corporate,Full
11395,Lynda Burrows,SE,Skåne,60-74,2023-12-09,5,Individual,Full
11396,Lauren Connor,NO,Oslo,60-74,2023-06-23,4,Individual,Email only
11397,Mandy White,NO,Vestland,60-74,2024-10-14,1,Individual,Full
11398,Mr Henry Jennings,FI,Uusimaa,45-59,2023-12-23,1,Individual,Full
11399,Ross Jenkins,DK,Midtjylland,18-29,2022-12-01,6,Individual,Full
11400,Eleanor Parker,FI,Varsinais-Suomi,60-74,2023-05-28,2,Individual,Full
11401,Bryan Blackburn,,Sjælland,60-74,2024-03-03,1,Individual,Full
11402,Maureen Hughes,SE,Stockholm,45-59,2024-12-11,1,Individual,Full
11403,Kate Palmer,FI,Pohjois-Pohjanmaa,60-74,2023-08-09,3,Individual,Full
11404,Sheila Brown,FI,Pirkanmaa,45-59,2025-03-03,2,Individual,Full
11405,Mrs Victoria Black,SE,Stockholm,30-44,2022-12-31,1,Individual,Full
11406,Ms Amanda Davies,DK,Sjælland,75+,2024-12-14,3,Individual,Full
11407,Janice Bailey,SE,Uppsala,60-74,2025-12-08,5,Individual,Full
11408,Molly Peacock,NO,Trøndelag,60-74,2023-10-30,1,Individual,Full
11409,Ms Andrea Green,FI,Pirkanmaa,60-74,2025-12-05,2,Individual,Post only
11410,Katherine Hall-Oliver,NO,Oslo,75+,2023-10-13,2,Individual,Full
11411,Ricky Warner-Knowles,FI,Pirkanmaa,30-44,2023-10-03,2,Corporate,Email only
11412,Tina Barton,SE,Skåne,18-29,2023-12-16,4,Individual,Full
11413,Mrs Melanie Smith,,Uusimaa,45-59,2023-09-18,1,Individual,Full
11414,Dr Craig French,DK,Hovedstaden,18-29,2023-04-20,1,Individual,Email only
11415,Helen Kerr,NO,Rogaland,45-59,2023-04-15,1,Individual,Full
11416,Brian Gardner,DK,Syddanmark,45-59,2022-11-20,1,Individual,Full
11417,Julia Harvey-Williamson,NO,Trøndelag,30-44,2025-01-28,1,Individual,Full
11418,Natalie Hawkins-Burgess,DK,Midtjylland,18-29,2022-10-29,2,Corporate,Full
11419,Rachael Murray,FI,Uusimaa,75+,2023-06-15,2,Individual,Email only
11420,Mitchell Smith,FI,Varsinais-Suomi,60-74,2024-12-31,1,Individual,Full
11421,Shane Collins,FI,Pirkanmaa,18-29,2023-08-01,1,Individual,Full
11422,Samantha Richardson,NO,Rogaland,30-44,2024-11-29,4,Individual,Full
11423,Mr Christopher Gibbs,FI,Pirkanmaa,45-59,2023-09-01,3,Individual,Full
11424,Simon Briggs-Jones,NO,Trøndelag,45-59,2024-07-04,6,Individual,Full
11425,Linda Williams,SE,Skåne,18-29,2022-11-10,1,Individual,Full
11426,Dr Jason Clarke,DK,Hovedstaden,45-59,2024-09-13,2,Individual,Full
11427,Kathleen Akhtar,FI,Uusimaa,75+,2024-03-22,5,Individual,Full
11428,Donald Hurst,DK,Midtjylland,45-59,2025-01-23,1,Individual,Email only
11429,Mr Patrick Holden,NO,Trøndelag,45-59,2023-12-30,1,Individual,Full
11430,Gerald Lee-Rhodes,SE,Skåne,75+,2025-10-08,1,Individual,Full
11431,Tony Allen,FI,Pohjois-Pohjanmaa,18-29,2022-11-03,5,Individual,Full
11432,Suzanne Blackburn,SE,Västra Götaland,60-74,2025-12-26,1,Individual,Email only
11433,Jade Jones,DK,Midtjylland,45-59,2023-11-29,2,Individual,Full
11434,Miss Barbara Hargreaves,FI,Pirkanmaa,30-44,2023-04-06,3,Individual,Full
11435,Gordon Wheeler,SE,Västra Götaland,45-59,2022-12-12,1,Individual,Post only
11436,Dr Janice Stephenson,SE,Stockholm,75+,2025-10-12,1,Individual,Email only
11437,Ms Rachel Ball,DK,Sjælland,45-59,2024-12-31,1,Individual,Email only
11438,Aimee Tomlinson-Tomlinson,FI,Pirkanmaa,60-74,2025-11-14,2,Individual,Full
11439,Terence Parker,SE,Västra Götaland,30-44,2022-03-31,2,Individual,Full
11440,Jeffrey Fisher,FI,Varsinais-Suomi,60-74,2023-12-29,2,Individual,Full
11441,Marc Hussain,FI,Pirkanmaa,60-74,2023-12-03,1,Individual,Email only
11442,Pamela Bailey-Lloyd,FI,Varsinais-Suomi,75+,2023-03-10,1,Individual,Full
11443,Iain Hughes-Marshall,FI,Pirkanmaa,45-59,2024-09-15,3,Individual,Full
11444,Dr Vanessa Adams,FI,Pirkanmaa,60-74,2023-12-08,4,Individual,Email only
11445,Pamela Hale,SE,Uppsala,60-74,2024-12-22,4,Trust,Post only
11446,Terence Singh,FI,Pohjois-Pohjanmaa,30-44,2023-02-02,1,Individual,Full
11447,Tom Gordon,NO,Oslo,45-59,2022-10-06,1,Individual,Full
11448,Mrs Jane Mills,SE,Stockholm,18-29,2024-12-01,4,Individual,Full
11449,Amanda Cooper-Griffiths,SE,Skåne,75+,2023-09-20,2,Individual,Full
11450,Ms Marion Sinclair,NO,Rogaland,75+,2025-10-24,5,Individual,Full
11451,Adam Taylor,SE,Skåne,45-59,2025-03-11,2,Individual,Email only
11452,Andrea Hudson-Williams,NO,Rogaland,60-74,2025-07-15,3,Individual,Full
11453,Mr Stanley Booth,FI,Pohjois-Pohjanmaa,45-59,2025-04-04,1,Individual,Full
11454,Lynda Morgan,DK,Midtjylland,18-29,2022-11-11,2,Individual,Full
11455,Hazel Phillips,FI,Pohjois-Pohjanmaa,45-59,2025-02-03,3,Individual,Full
11456,Graham Walker-Reid,FI,Varsinais-Suomi,18-29,2022-04-16,1,Individual,Email only
11457,Mr George Harper,SE,Stockholm,18-29,2022-12-24,2,Individual,Email only
11458,Graham Edwards,NO,Vestland,45-59,2025-12-02,2,Individual,Full
11459,Eileen Morgan,FI,Uusimaa,45-59,2025-11-10,2,Individual,Full
11460,Sean Brooks,NO,Vestland,45-59,2025-11-07,1,Individual,Full
11461,Cameron Young-Adams,FI,Varsinais-Suomi,75+,2025-07-19,6,Individual,Full
11462,Ashley Richards-Taylor,DK,Midtjylland,30-44,2025-08-23,1,Individual,Full
11463,Helen Noble,SE,Skåne,45-59,2025-08-20,4,Individual,Full
11464,Mr Damien Arnold,SE,Skåne,45-59,2025-12-18,1,Individual,Full
11465,Dr Justin Haynes,SE,Uppsala,45-59,2024-10-17,2,Individual,Full
11466,Bradley Faulkner-Fletcher,SE,Skåne,75+,2022-10-22,1,Individual,Full
11467,Gemma Dawson-Butler,SE,Västra Götaland,60-74,2024-04-15,1,Individual,Full
11468,Albert Ford-Smith,DK,Midtjylland,60-74,2025-01-01,3,Individual,Post only
11469,Albert Clarke,SE,Västra Götaland,45-59,2023-08-27,3,Individual,Full
11470,Ms Zoe Chandler,SE,Stockholm,60-74,2023-05-15,1,Individual,Email only
11471,Alexander Rose,DK,Syddanmark,18-29,2024-02-29,3,Individual,Full
11472,Kyle Williamson,SE,Uppsala,30-44,2022-12-09,2,Individual,Full
11473,Leigh Gibbons-Phillips,FI,Pohjois-Pohjanmaa,60-74,2023-02-23,4,Individual,Full
11474,Jeremy Wilson,FI,Pirkanmaa,45-59,2025-11-02,2,Individual,Email only
11475,Mrs Marian Lee,SE,Stockholm,45-59,2023-05-27,2,Individual,Full
11476,Marcus May,FI,Pohjois-Pohjanmaa,60-74,2022-09-01,2,Individual,Full
11477,Callum Davies,NO,Vestland,30-44,2025-11-02,5,Individual,Email only
11478,Cheryl Page,FI,Pirkanmaa,60-74,2023-12-26,1,Individual,Full
11479,Elizabeth Bell,FI,Uusimaa,30-44,2024-05-30,1,Individual,Email only
11480,Hilary Smith,SE,Västra Götaland,18-29,2025-06-10,2,Individual,Full
11481,Patricia King-Reeves,NO,Oslo,45-59,2025-12-16,4,Individual,Email only
11482,Vincent Pollard,FI,Uusimaa,18-29,2023-01-30,1,Corporate,Full
11483,Carolyn Abbott-Shaw,SE,Skåne,60-74,2022-11-24,1,Trust,Full
11484,Vincent Atkinson-Houghton,SE,Stockholm,30-44,2025-01-10,2,Individual,Full
11485,Amy Grant,FI,Varsinais-Suomi,60-74,2025-08-01,4,Individual,Full
11486,Sean Singh,DK,Syddanmark,30-44,2023-08-16,1,Individual,Full
11487,Bethan Ross,FI,Uusimaa,30-44,2025-09-04,1,Individual,Full
11488,Cameron Russell,FI,Pirkanmaa,75+,2025-12-03,2,Individual,Post only
11489,Glenn Rogers,NO,Trøndelag,18-29,2022-01-18,5,Individual,Email only
11490,Damien Johnston,SE,Skåne,60-74,2022-10-31,1,Individual,Email only
11491,George Richards,NO,Oslo,45-59,2024-02-02,4,Individual,Full
11492,Dr Alex Jordan,FI,Uusimaa,75+,2023-12-19,5,Individual,Full
11493,Joshua Jones,SE,Uppsala,18-29,2022-12-10,2,Individual,Post only
11494,Mr David Parker,NO,Rogaland,18-29,2022-06-28,1,Individual,Full
11495,Stacey Stevens,FI,Pohjois-Pohjanmaa,30-44,2024-09-30,1,Corporate,Full
11496,Tracy Edwards,NO,Vestland,75+,2025-04-19,1,Individual,Full
11497,Mr Christopher Owen,NO,Oslo,60-74,2022-10-16,1,Individual,Full
11498,James O'Connor,SE,Skåne,45-59,2022-02-06,1,Individual,Full
11499,Laura Thomson-Clark,FI,Pohjois-Pohjanmaa,30-44,2023-12-16,1,Individual,Full
11500,Marian Anderson-Barnett,SE,Stockholm,60-74,2023-09-03,1,Individual,Post only
11501,Gary Hayes,FI,Pirkanmaa,60-74,2022-04-08,3,Individual,Full
11502,Marcus Alexander-Hope,FI,Uusimaa,45-59,2023-10-29,1,Individual,Email only
11503,Chloe Turner-Clark,FI,Pirkanmaa,18-29,2024-12-27,2,Individual,Full
11504,Miss Suzanne Fry,SE,Skåne,18-29,2022-03-14,1,Individual,Full
11505,Pauline Holland,FI,Varsinais-Suomi,30-44,2025-12-30,3,Individual,Full
11506,Mr Shaun Price,SE,Stockholm,30-44,2023-12-25,1,Individual,Post only
11507,Mrs Carolyn Stone,FI,Pohjois-Pohjanmaa,18-29,2022-02-03,1,Individual,Email only
11508,Geraldine Palmer,FI,Uusimaa,60-74,2022-12-21,4,Individual,Full
11509,Ross Miller-Sharp,SE,Skåne,30-44,2023-12-01,1,Individual,Email only
11510,Frances Hamilton,DK,Hovedstaden,60-74,2024-08-10,1,Individual,Full
11511,Tom Dyer,NO,Vestland,45-59,2025-12-27,1,Individual,Post only
11512,Shaun Barlow,SE,Västra Götaland,45-59,2022-11-09,1,Individual,Post only
11513,Ms Hilary Moore,NO,Oslo,30-44,2023-01-25,6,Individual,Full
11514,Jeffrey Stokes,NO,Trøndelag,18-29,2023-01-30,5,Individual,Full
11515,William Baldwin,FI,Uusimaa,75+,2023-10-20,1,Individual,Full
11516,Alan Brown,NO,Rogaland,60-74,2025-01-29,2,Individual,Full
11517,Terence James,FI,Pirkanmaa,18-29,2022-03-17,1,Individual,Full
11518,Dr Karl Richardson,FI,Pohjois-Pohjanmaa,45-59,2022-09-04,1,Individual,Full
11519,Karen Richards-Dickinson,DK,Midtjylland,30-44,2025-08-13,3,Individual,Email only
11520,Beverley Dickinson-Coleman,,Pohjois-Pohjanmaa,60-74,2023-09-01,5,Corporate,Full
11521,Ms Andrea Day,FI,Pirkanmaa,30-44,2025-09-30,2,Individual,Email only
11522,Elaine Carpenter,FI,Pohjois-Pohjanmaa,45-59,2023-01-22,3,Individual,Full
11523,Dr Sandra Bailey,NO,Oslo,30-44,2024-12-04,1,Individual,Full
11524,Rosie Davies,FI,Varsinais-Suomi,45-59,2024-10-23,1,Individual,Full
11525,Henry Chambers,DK,Sjælland,60-74,2023-11-16,1,Individual,Email only
11526,Frank Hill,SE,Stockholm,60-74,2022-02-07,1,Individual,Post only
11527,Mandy Stevenson,FI,Pirkanmaa,60-74,2023-06-29,3,Individual,Full
11528,Gemma Anderson,DK,Midtjylland,60-74,2024-01-07,1,Individual,Full
11529,Mr Norman Ellis,NO,Vestland,45-59,2022-12-23,1,Individual,Full
11530,Arthur Woodward,SE,Skåne,30-44,2025-07-03,5,Corporate,Full
11531,Gary Humphreys,SE,Uppsala,18-29,2023-12-01,1,Individual,Full
11532,Tina Howell-Mitchell,SE,Stockholm,45-59,2024-05-03,3,Individual,Full
11533,Dr Alexandra Reeves,SE,Skåne,75+,2024-12-01,1,Individual,Post only
11534,Dominic Cole,NO,Vestland,30-44,2022-12-08,3,Individual,Full
11535,Graeme Chambers,FI,Uusimaa,30-44,2022-12-31,1,Individual,Full
11536,Dr Marcus Walker,SE,Uppsala,30-44,2023-07-26,1,Individual,Full
11537,Diane White,SE,Skåne,30-44,2025-09-05,3,Individual,Full
11538,Joanna Fuller,NO,Rogaland,45-59,2023-05-10,3,Individual,Full
11539,Sally Smith,SE,Västra Götaland,45-59,2024-12-13,4,Individual,Email only
11540,Frank Ahmed-Dawson,SE,Västra Götaland,60-74,2022-12-13,2,Individual,Full
11541,Paul O'Neill,SE,Västra Götaland,45-59,2025-11-26,1,Individual,Full
11542,Tracy Riley,FI,Pohjois-Pohjanmaa,45-59,2025-09-30,5,Individual,Full
11543,Max Palmer-Thompson,NO,Vestland,30-44,2022-12-13,4,Individual,Email only
11544,Dr Sam Harris,DK,Hovedstaden,45-59,2025-04-12,4,Individual,Full
11545,Sam Shaw,FI,Pohjois-Pohjanmaa,45-59,2022-02-21,6,Individual,Full
11546,Jamie Ellis,FI,Pohjois-Pohjanmaa,30-44,2025-06-03,1,Individual,Full
11547,Ian Gallagher-Jenkins,FI,Pohjois-Pohjanmaa,75+,2022-01-14,2,Individual,Full
11548,Brian Butler,SE,Stockholm,18-29,2023-08-29,2,Individual,Full
11549,Lindsey Saunders,FI,Uusimaa,45-59,2022-09-24,1,Corporate,Full
11550,Elliott Davison-Stone,FI,Uusimaa,45-59,2024-12-30,1,Individual,Full
11551,Mrs June Morgan,SE,Skåne,18-29,2023-03-17,1,Individual,Full
11552,Lynn Matthews,FI,Pohjois-Pohjanmaa,30-44,2025-11-23,4,Individual,Full
11553,Leah Perry-Powell,FI,Pohjois-Pohjanmaa,60-74,2025-05-12,1,Individual,Full
11554,Dylan Jones,DK,Sjælland,60-74,2025-03-07,5,Individual,Full
11555,Mrs Jenna Hawkins,SE,Västra Götaland,75+,2023-03-10,2,Individual,Full
11556,Abdul King,FI,Uusimaa,30-44,2023-06-30,1,Individual,Full
11557,Anthony Edwards,,Uppsala,30-44,2023-08-29,1,Individual,Full
11558,Mr Edward O'Neill,DK,Sjælland,18-29,2025-12-03,3,Individual,Full
11559,Ms Eileen Willis,SE,Västra Götaland,18-29,2024-12-05,1,Individual,Email only
11560,Glen Thomas,SE,Västra Götaland,30-44,2024-12-20,2,Individual,Full
11561,Linda Saunders,NO,Trøndelag,75+,2025-10-18,1,Individual,Full
11562,Mr Edward Scott,DK,Hovedstaden,45-59,2022-10-30,1,Individual,Full
11563,Holly Tucker,NO,Rogaland,30-44,2022-12-29,4,Individual,Full
11564,Victor Lloyd,SE,Stockholm,30-44,2024-11-05,2,Corporate,Full
11565,Suzanne Smith,SE,Uppsala,45-59,2023-07-24,5,Corporate,Full
11566,Kyle Ball,SE,Uppsala,45-59,2022-03-14,1,Individual,Email only
11567,Darren Dawson,SE,Stockholm,45-59,2022-11-17,4,Individual,Full
11568,Dr Rosemary Hughes,FI,Pohjois-Pohjanmaa,75+,2023-10-11,1,Individual,Email only
11569,Mr Mitchell Smith,FI,Varsinais-Suomi,60-74,2025-07-04,2,Individual,Post only
11570,Holly Saunders,SE,Uppsala,45-59,2022-09-12,4,Individual,Email only
11571,Dr Kirsty Smith,SE,Stockholm,45-59,2024-12-30,1,Individual,Full
11572,Karl Parker,NO,Oslo,75+,2022-10-25,1,Individual,Full
11573,Lindsey Poole,,Varsinais-Suomi,75+,2022-12-31,2,Individual,Full
11574,Cheryl Porter,DK,Hovedstaden,60-74,2022-12-12,4,Individual,Full
11575,Carly Gregory,SE,Stockholm,30-44,2023-11-28,1,Individual,Email only
11576,Harriet Mitchell-Bradshaw,SE,Uppsala,60-74,2025-05-05,1,Individual,Email only
11577,Kieran Harris,FI,Pohjois-Pohjanmaa,18-29,2022-07-23,3,Individual,Full
11578,Howard Randall,FI,Uusimaa,60-74,2024-08-21,3,Individual,Full
11579,George Wood,FI,Pohjois-Pohjanmaa,30-44,2022-05-18,5,Individual,Post only
11580,Kevin Davis,SE,Skåne,30-44,2025-04-25,6,Individual,Post only
11581,Mrs Alison Carter,SE,Stockholm,45-59,2024-11-25,5,Individual,Full
11582,Ms Rachel Hall,FI,Pirkanmaa,30-44,2023-04-09,1,Individual,Full
11583,Pamela Smith,FI,Uusimaa,30-44,2025-12-28,1,Individual,Full
11584,Ryan Wright,FI,Pohjois-Pohjanmaa,75+,2022-11-26,1,Individual,Email only
11585,Dr Debra Porter,SE,Uppsala,45-59,2022-11-30,3,Individual,Full
11586,Cameron Osborne,DK,Syddanmark,45-59,2025-08-15,5,Individual,Full
11587,Anna Bartlett,FI,Pohjois-Pohjanmaa,45-59,2025-04-15,3,Individual,Full
11588,Hollie Jones-Richards,NO,Trøndelag,30-44,2024-11-06,3,Individual,Full
11589,Dr Connor Doyle,FI,Pohjois-Pohjanmaa,18-29,2025-05-04,1,Individual,Full
11590,Mr Jason Phillips,FI,Varsinais-Suomi,45-59,2024-07-22,2,Individual,Full
11591,Bernard Bates,FI,Varsinais-Suomi,45-59,2022-06-29,2,Individual,Full
11592,Mr Sean Whitehouse,NO,Oslo,60-74,2022-06-14,4,Individual,Full
11593,Tracey Graham,SE,Stockholm,30-44,2023-03-30,2,Individual,Full
11594,Georgina Morris,FI,Pirkanmaa,60-74,2022-04-03,3,Individual,Email only
11595,Jason Anderson,FI,Pirkanmaa,75+,2025-11-19,3,Individual,Full
11596,Dr Benjamin Bailey,NO,Oslo,60-74,2023-05-12,1,Individual,Full
11597,Stuart Jones,SE,Uppsala,30-44,2023-07-25,1,Individual,Email only
11598,Denise Davies,DK,Sjælland,30-44,2025-12-05,2,Individual,Full
11599,Georgina Miller,DK,Sjælland,30-44,2023-01-27,1,Individual,Full
11600,Ms Andrea Jones,FI,Varsinais-Suomi,45-59,2024-10-22,1,Individual,Full
11601,Antony Knight-West,FI,Pohjois-Pohjanmaa,45-59,2023-10-22,4,Individual,Full
11602,Denise Lloyd,FI,Pohjois-Pohjanmaa,75+,2022-10-19,1,Individual,Post only
11603,Dr Brett Read,FI,Pirkanmaa,60-74,2024-08-24,1,Individual,Post only
11604,Chloe Dunn,FI,Pohjois-Pohjanmaa,30-44,2022-10-29,2,Individual,Full
11605,Stuart Wright,NO,Rogaland,45-59,2025-01-27,2,Individual,Full
11606,Elaine Wilson,SE,Uppsala,45-59,2023-12-31,3,Individual,Full
11607,Mrs Alice Brown,SE,Uppsala,30-44,2023-01-24,4,Individual,Full
11608,Mr Ronald Patel,FI,Uusimaa,30-44,2025-06-23,2,Individual,Email only
11609,Sarah Carr,FI,Uusimaa,45-59,2025-06-28,1,Individual,Full
11610,Miss Valerie Knight,NO,Oslo,60-74,2022-06-14,3,Individual,Full
11611,Dr Stephen Leach,FI,Varsinais-Suomi,45-59,2024-12-01,1,Individual,Full
11612,George Brown,NO,Rogaland,75+,2022-01-18,6,Individual,Full
11613,Dr Dylan Tucker,SE,Skåne,45-59,2023-12-14,1,Individual,Full
11614,Gary Robinson,FI,Pohjois-Pohjanmaa,30-44,2022-12-01,2,Individual,Full
11615,Benjamin Matthews-Hunt,FI,Varsinais-Suomi,75+,2025-04-13,4,Individual,Full
11616,Gerard Smith,DK,Hovedstaden,18-29,2025-08-23,7,Individual,Full
11617,Julian Murray,FI,Pohjois-Pohjanmaa,45-59,2024-03-08,4,Individual,Post only
11618,Joel Hamilton-George,FI,Varsinais-Suomi,60-74,2022-02-22,1,Individual,Post only
11619,Arthur Gibson,SE,Skåne,60-74,2022-07-20,4,Individual,Post only
11620,Brian Smith,DK,Midtjylland,60-74,2022-11-09,1,Individual,Full
11621,Jean Barber,FI,Uusimaa,60-74,2022-03-05,2,Individual,Full
11622,Rebecca King,DK,Midtjylland,60-74,2025-09-10,2,Individual,Full
11623,Deborah Miles,SE,Skåne,45-59,2024-12-30,1,Individual,Post only
11624,Deborah Jones,NO,Oslo,18-29,2022-06-17,3,Individual,Email only
11625,Keith Holland-Burton,FI,Uusimaa,45-59,2024-01-11,2,Individual,Full
11626,Steven Francis,FI,Pohjois-Pohjanmaa,18-29,2025-06-09,6,Individual,Email only
11627,Miss Wendy Simpson,NO,Vestland,30-44,2024-12-20,3,Individual,Email only
11628,Callum Webster,SE,Västra Götaland,18-29,2025-06-11,1,Individual,Email only
11629,Ms Hazel Barry,FI,Pohjois-Pohjanmaa,45-59,2023-11-13,2,Individual,Full
11630,Roger Williams,NO,Trøndelag,60-74,2022-10-09,6,Corporate,Full
11631,Jade Lawson,NO,Vestland,45-59,2022-12-11,1,Individual,Full
11632,Sheila Stephenson,NO,Trøndelag,30-44,2023-12-11,1,Individual,Full
11633,Justin Middleton,FI,Pohjois-Pohjanmaa,60-74,2024-11-15,3,Corporate,Full
11634,Miss Sylvia Webb,FI,Varsinais-Suomi,60-74,2022-05-26,2,Individual,Full
11635,Mr Terence Baldwin,DK,Midtjylland,45-59,2025-10-24,1,Individual,Full
11636,Carolyn Griffiths-McLean,FI,Pirkanmaa,45-59,2024-12-02,1,Individual,Full
11637,Beth Burke,NO,Trøndelag,30-44,2023-12-08,2,Individual,Full
11638,Miss Cheryl Bartlett,SE,Västra Götaland,45-59,2023-03-02,1,Individual,Full
11639,Natalie Welch-Turner,NO,Oslo,75+,2025-12-07,1,Individual,Full
11640,Gary Owen,FI,Pirkanmaa,30-44,2024-12-23,1,Individual,Full
11641,Bryan Palmer,SE,Skåne,30-44,2022-12-13,5,Individual,Full
11642,Annette Rose,SE,Stockholm,30-44,2025-03-27,4,Individual,Full
11643,Declan Miller,FI,Uusimaa,60-74,2024-02-17,2,Individual,Full
11644,Daniel Harrison,FI,Pohjois-Pohjanmaa,18-29,2024-06-08,1,Individual,Full
11645,Christine Bird,FI,Pohjois-Pohjanmaa,18-29,2023-12-11,4,Individual,Full
11646,Miss Sharon Abbott,FI,Uusimaa,75+,2023-09-27,1,Individual,Full
11647,Jessica Macdonald,SE,Skåne,45-59,2022-08-28,1,Individual,Full
11648,Claire Pickering,SE,Skåne,45-59,2022-11-22,7,Individual,Email only
11649,Jacob Stokes,FI,Varsinais-Suomi,30-44,2025-12-29,2,Individual,Full
11650,Beverley Gibson,FI,Uusimaa,45-59,2024-02-18,1,Individual,Email only
11651,Catherine Chapman,DK,Midtjylland,18-29,2025-04-19,3,Individual,Full
11652,Mr Iain Connolly,SE,Uppsala,30-44,2025-01-16,7,Individual,Full
11653,Neil Jones,SE,Skåne,75+,2022-02-05,1,Individual,Email only
11654,Dr Sally Newton,FI,Pohjois-Pohjanmaa,45-59,2022-05-21,5,Individual,Full
11655,Jamie Farmer,FI,Uusimaa,75+,2023-11-09,1,Individual,Full
11656,Jasmine Miah,DK,Sjælland,60-74,2023-08-02,3,Individual,Email only
11657,Dr Jayne Clarke,DK,Hovedstaden,45-59,2023-06-13,1,Individual,Full
11658,Ms Natasha Summers,FI,Pohjois-Pohjanmaa,60-74,2022-03-15,2,Individual,Full
11659,Rita Jenkins,SE,Uppsala,60-74,2022-11-17,1,Individual,Email only
11660,Abdul Davies,DK,Sjælland,75+,2024-12-10,3,Individual,Email only
11661,Oliver Wilson,SE,Uppsala,45-59,2024-09-06,6,Individual,Email only
11662,Amy Lee-Atkinson,SE,Stockholm,60-74,2025-07-03,4,Individual,Full
11663,Dr Connor White,DK,Hovedstaden,45-59,2024-12-04,1,Individual,Full
11664,Marion Barton,DK,Hovedstaden,18-29,2023-12-25,2,Individual,Full
11665,Dr Julia Robinson,FI,Pohjois-Pohjanmaa,18-29,2025-06-29,1,Individual,Full
11666,Katie Shaw,DK,Midtjylland,45-59,2025-06-01,4,Individual,Full
11667,Leah Stephenson,FI,Uusimaa,18-29,2022-05-28,2,Individual,Full
11668,Dr Karen Knight,NO,Vestland,18-29,2023-12-11,5,Individual,Full
11669,Paige Powell,NO,Rogaland,18-29,2022-07-27,1,Individual,Email only
11670,Ms Fiona Vaughan,SE,Skåne,60-74,2025-12-18,3,Individual,Full
11671,Helen Gallagher,NO,Trøndelag,45-59,2022-04-17,3,Individual,Full
11672,Aaron King,SE,Stockholm,30-44,2024-11-27,2,Individual,Email only
11673,Ben Duffy-Young,FI,Varsinais-Suomi,30-44,2024-12-03,1,Trust,Email only
11674,James Hall,NO,Trøndelag,60-74,2023-08-03,2,Individual,Full
11675,Kieran Murray,NO,Trøndelag,45-59,2023-02-04,1,Individual,Email only
11676,Eric Young-Harrison,FI,Varsinais-Suomi,30-44,2022-08-15,1,Individual,Full
11677,Ms Maureen Thompson,DK,Midtjylland,18-29,2023-12-24,1,Individual,Email only
11678,Stanley Thorpe,DK,Hovedstaden,75+,2022-10-24,2,Individual,Email only
11679,Ann Bryant,FI,Uusimaa,60-74,2022-12-09,1,Individual,Full
11680,Leslie Lee,DK,Syddanmark,60-74,2023-12-13,2,Individual,Full
11681,Abbie Sheppard,DK,Hovedstaden,75+,2024-02-08,1,Individual,Full
11682,Mr Mathew Barnes,NO,Rogaland,18-29,2023-01-20,1,Individual,Full
11683,Sean Pugh,NO,Rogaland,60-74,2022-02-22,1,Individual,Full
11684,Jamie Richards,FI,Pirkanmaa,45-59,2025-08-19,2,Individual,Full
11685,Anna Jones,NO,Vestland,60-74,2025-08-24,1,Corporate,Full
11686,Mr Stanley Fisher,DK,Syddanmark,45-59,2022-09-05,1,Individual,Full
11687,Lee Green,FI,Pohjois-Pohjanmaa,60-74,2023-12-25,5,Individual,Full
11688,Jamie Howard,SE,Skåne,30-44,2022-12-03,1,Individual,Full
11689,Marion Hope,DK,Syddanmark,60-74,2022-09-10,1,Individual,Full
11690,Joyce Fraser-Edwards,DK,Syddanmark,45-59,2025-11-19,1,Individual,Email only
11691,Miss Jean Hall,FI,Pirkanmaa,30-44,2023-05-23,1,Individual,Email only
11692,Zoe Pearce,SE,Skåne,18-29,2025-12-22,1,Individual,Full
11693,Dr Roy Dyer,DK,Sjælland,30-44,2023-06-06,1,Individual,Email only
11694,Dr Molly Howard,NO,Rogaland,18-29,2023-02-06,1,Individual,Full
11695,Alexander Bowen,SE,Stockholm,30-44,2024-12-10,2,Individual,Full
11696,Lynda Dunn,SE,Västra Götaland,45-59,2022-03-09,6,Individual,Full
11697,Glenn McDonald,DK,Midtjylland,45-59,2023-02-17,1,Individual,Email only
11698,Martin Smith,FI,Pirkanmaa,60-74,2022-12-16,6,Individual,Full
11699,Nicholas Saunders-Carr,NO,Vestland,45-59,2023-09-24,4,Individual,Full
11700,Janet Fowler,NO,Trøndelag,18-29,2023-12-18,1,Individual,Full
11701,Ben Wright,FI,Pirkanmaa,75+,2022-06-20,7,Individual,Email only
11702,Ms Angela Morley,SE,Uppsala,45-59,2024-02-24,6,Corporate,Full
11703,Rebecca Ali-Sharp,SE,Uppsala,30-44,2023-11-24,4,Individual,Full
11704,Antony Walsh-Owen,SE,Uppsala,45-59,2024-03-30,1,Individual,Full
11705,Emma Kennedy,FI,Varsinais-Suomi,18-29,2025-12-25,1,Individual,Full
11706,Allan Johnson,SE,Stockholm,60-74,2023-01-22,2,Individual,Full
11707,Dr Charles Ellis,SE,Skåne,60-74,2025-11-15,3,Individual,Full
11708,Graham Edwards-Pearson,FI,Varsinais-Suomi,60-74,2025-02-10,3,Individual,Full
11709,Jasmine Knowles,NO,Rogaland,45-59,2025-10-07,3,Individual,Full
11710,Rosie Jones,SE,Skåne,30-44,2024-10-20,1,Corporate,Full
11711,Anthony Lee,NO,Oslo,30-44,2024-07-28,2,Individual,Full
11712,Francis Hunter,FI,Uusimaa,30-44,2024-12-15,3,Individual,Full
11713,Nicholas Hussain,SE,Uppsala,45-59,2025-10-01,1,Individual,Full
11714,Dr Carl Clark,FI,Varsinais-Suomi,75+,2025-06-21,3,Individual,Post only
11715,Andrea Norton,FI,Uusimaa,18-29,2022-12-31,4,Individual,Full
11716,Dr Hollie Webb,,Varsinais-Suomi,30-44,2024-10-02,2,Individual,Full
11717,Connor Scott,NO,Rogaland,45-59,2025-11-30,5,Individual,Full
11718,Deborah Dawson,,Västra Götaland,60-74,2025-11-26,4,Individual,Full
11719,Leanne Patel,DK,Syddanmark,60-74,2024-04-07,1,Individual,Full
11720,Hugh Taylor-Lewis,FI,Pohjois-Pohjanmaa,45-59,2025-12-16,6,Individual,Full
11721,Mr Glenn Roberts,DK,Midtjylland,45-59,2024-11-01,1,Individual,Email only
11722,Frederick White,SE,Uppsala,60-74,2023-08-10,2,Trust,Full
11723,Garry West,SE,Stockholm,18-29,2024-01-27,4,Individual,Full
11724,Sean Palmer,FI,Pohjois-Pohjanmaa,18-29,2025-12-27,2,Individual,Full
11725,Dr David Chadwick,FI,Pirkanmaa,30-44,2024-03-30,3,Individual,Full
11726,Jamie Ryan,SE,Skåne,60-74,2025-09-09,7,Individual,Full
11727,Lee Peacock,FI,Varsinais-Suomi,30-44,2022-11-16,4,Individual,Full
11728,George Vincent,FI,Pirkanmaa,75+,2025-07-04,2,Individual,Full
11729,William Ryan,FI,Pohjois-Pohjanmaa,45-59,2023-11-25,1,Individual,Email only
11730,Josh Hardy-Davies,FI,Varsinais-Suomi,18-29,2023-04-01,4,Individual,Full
11731,Frank Fox,NO,Rogaland,30-44,2025-01-18,2,Individual,Full
11732,Edward Hartley,NO,Oslo,60-74,2022-12-03,2,Individual,Full
11733,Joshua Payne,NO,Trøndelag,60-74,2023-02-14,1,Corporate,Full
11734,Carol Tucker-Gibbs,FI,Pohjois-Pohjanmaa,45-59,2022-08-01,1,Individual,Full
11735,Shirley Kennedy,,Pirkanmaa,18-29,2025-02-01,4,Individual,Full
11736,Cheryl Houghton,FI,Uusimaa,30-44,2022-04-01,5,Corporate,Full
11737,Richard Blackburn-Taylor,FI,Uusimaa,45-59,2022-04-08,6,Individual,Full
11738,Brenda Hayes,FI,Pohjois-Pohjanmaa,45-59,2025-06-10,3,Individual,Full
11739,Ms Caroline Berry,,Uppsala,45-59,2023-09-05,2,Individual,Full
11740,Stacey Hughes-Davies,SE,Uppsala,60-74,2022-12-19,5,Individual,Email only
11741,Marie Morgan,FI,Pohjois-Pohjanmaa,30-44,2024-03-04,2,Individual,Email only
11742,Jacob Craig,NO,Vestland,30-44,2024-07-20,1,Corporate,Full
11743,Ricky Singh,FI,Pirkanmaa,45-59,2024-10-30,5,Corporate,Email only
11744,Debra Adams-Evans,FI,Pirkanmaa,60-74,2024-01-18,1,Individual,Full
11745,Emily Dixon,DK,Sjælland,45-59,2024-09-09,5,Individual,Full
11746,Elliot Murray,FI,Pohjois-Pohjanmaa,75+,2024-02-23,3,Corporate,Full
11747,Karen Murphy,FI,Uusimaa,45-59,2023-07-14,1,Individual,Full
11748,Mrs Ann Cunningham,SE,Uppsala,60-74,2023-01-16,6,Individual,Email only
11749,Maria Hughes,FI,Varsinais-Suomi,30-44,2025-07-31,1,Individual,Email only
11750,Anna Edwards,NO,Trøndelag,18-29,2024-08-15,1,Individual,Full
11751,Philip Murphy-Clarke,NO,Vestland,30-44,2024-01-28,1,Individual,Full
11752,Dr Andrew Chamberlain,SE,Uppsala,30-44,2022-08-27,2,Corporate,Full
11753,Dr John Wilson,FI,Pirkanmaa,30-44,2024-10-26,1,Individual,Full
11754,Mr Terry Edwards,SE,Skåne,60-74,2024-08-17,4,Individual,Full
11755,Mrs Melissa Chan,FI,Pohjois-Pohjanmaa,60-74,2025-06-03,3,Individual,Full
11756,Kathleen Mills,FI,Pirkanmaa,18-29,2022-05-09,1,Individual,Full
11757,Deborah Morgan,FI,Pohjois-Pohjanmaa,45-59,2024-11-26,4,Individual,Email only
11758,Angela Thomas,DK,Sjælland,45-59,2022-12-26,2,Individual,Full
11759,Ms Irene Wright,SE,Skåne,30-44,2024-02-22,7,Individual,Full
11760,Richard Holmes,SE,Västra Götaland,30-44,2024-06-10,4,Individual,Full
11761,Mr Joel Robinson,FI,Pohjois-Pohjanmaa,45-59,2024-11-08,3,Individual,Full
11762,Ben Ryan-West,NO,Oslo,30-44,2022-11-17,4,Individual,Full
11763,Dr Rachel Smith,SE,Skåne,60-74,2024-08-31,3,Individual,Full
11764,Barry Cook-Howard,SE,Stockholm,45-59,2023-04-02,1,Individual,Full
11765,Mrs Shannon Cooke,FI,Uusimaa,30-44,2025-01-19,1,Individual,Full
11766,Carole Parry,DK,Midtjylland,45-59,2025-11-19,2,Individual,Email only
11767,Leon Dunn,FI,Uusimaa,30-44,2025-05-05,5,Individual,Full
11768,Lewis Wade-Harris,,Vestland,30-44,2025-06-10,3,Individual,Full
11769,Thomas Smith,DK,Midtjylland,45-59,2022-06-21,1,Individual,Post only
11770,Miss Katie Jones,SE,Stockholm,18-29,2025-12-25,3,Individual,Full
11771,Jonathan Saunders-Henry,FI,Uusimaa,60-74,2024-11-26,2,Individual,Email only
11772,Alison O'Connor,FI,Pirkanmaa,30-44,2024-04-08,1,Individual,Full
11773,Miss Susan Clark,,Uppsala,30-44,2023-10-24,1,Corporate,Full
11774,Christine Gray,SE,Stockholm,45-59,2023-12-22,5,Individual,Full
11775,Ryan Davies-Hudson,DK,Syddanmark,60-74,2024-05-03,2,Individual,Full
11776,Mr Stephen Dixon,SE,Skåne,45-59,2022-12-07,5,Individual,Full
11777,Glenn Simmons,FI,Uusimaa,18-29,2023-03-06,3,Individual,Full
11778,Eric Price,SE,Uppsala,30-44,2024-12-05,4,Individual,Full
11779,Mr Bernard Walker,FI,Varsinais-Suomi,45-59,2025-08-04,5,Individual,Full
11780,Stephanie Sullivan,SE,Stockholm,18-29,2025-06-20,1,Individual,Full
11781,Rosemary Holloway,FI,Pohjois-Pohjanmaa,18-29,2023-12-10,2,Corporate,Full
11782,Dorothy Nicholson-Norris,FI,Pohjois-Pohjanmaa,60-74,2025-12-15,1,Individual,Full
11783,Ann King,FI,Varsinais-Suomi,45-59,2023-08-08,2,Individual,Full
11784,Dr Helen Mason,NO,Oslo,30-44,2025-12-14,3,Individual,Full
11785,Kyle Stevens,NO,Vestland,45-59,2023-06-15,2,Individual,Email only
11786,Derek Nelson,DK,Midtjylland,30-44,2024-08-17,2,Individual,Full
11787,Justin Cook,DK,Midtjylland,45-59,2022-09-07,2,Individual,Full
11788,Helen Harris,FI,Pohjois-Pohjanmaa,45-59,2025-11-20,2,Individual,Full
11789,Lynn O'Sullivan,NO,Oslo,45-59,2025-09-18,4,Individual,Full
11790,Chloe Hughes,NO,Trøndelag,75+,2022-12-20,3,Individual,Full
11791,Sylvia Evans-Jones,SE,Västra Götaland,30-44,2025-04-03,1,Individual,Email only
11792,Abigail Ryan,FI,Uusimaa,18-29,2025-03-04,3,Individual,Email only
11793,Megan Patel,FI,Pirkanmaa,75+,2024-04-04,2,Individual,Full
11794,Mr Allan Turner,DK,Midtjylland,45-59,2024-06-02,1,Individual,Full
11795,Clive Sharp,NO,Oslo,30-44,2023-03-07,3,Individual,Full
11796,Dr Oliver Turner,NO,Trøndelag,45-59,2022-11-21,4,Individual,Full
11797,Dawn Miller,FI,Pohjois-Pohjanmaa,45-59,2023-12-27,3,Individual,Email only
11798,Stacey McCarthy-Green,SE,Stockholm,60-74,2024-12-03,1,Individual,Full
11799,Yvonne Robinson-Edwards,NO,Vestland,45-59,2025-10-19,1,Individual,Post only
11800,Mr Roger Brown,,Skåne,30-44,2025-12-16,4,Individual,Full
11801,Louise Stevens-Walker,SE,Skåne,60-74,2024-12-19,2,Individual,Post only
11802,Glen Booth,SE,Västra Götaland,18-29,2023-02-17,1,Individual,Post only
11803,Yvonne Ford-Jackson,DK,Midtjylland,45-59,2025-01-08,2,Individual,Full
11804,Adam Pugh,,Skåne,60-74,2025-12-25,4,Individual,Email only
11805,Cameron Rogers-Elliott,FI,Pohjois-Pohjanmaa,45-59,2022-05-11,1,Individual,Full
11806,Eleanor Smith,FI,Pohjois-Pohjanmaa,45-59,2025-10-12,2,Individual,Full
11807,Joyce Barnett,NO,Vestland,45-59,2024-10-15,4,Individual,Email only
11808,Mr Abdul Clayton,FI,Uusimaa,60-74,2024-01-19,1,Corporate,Email only
11809,Lauren Hall,SE,Stockholm,60-74,2022-10-28,1,Individual,Full
11810,Sara Talbot,FI,Uusimaa,18-29,2025-08-13,1,Individual,Full
11811,Mr Scott Winter,DK,Midtjylland,30-44,2022-04-27,1,Individual,Full
11812,Luke Gray,NO,Vestland,75+,2024-11-28,2,Individual,Email only
11813,Dr Amelia Smith,FI,Varsinais-Suomi,45-59,2024-05-29,2,Individual,Full
11814,Jane Humphreys,SE,Uppsala,45-59,2025-11-08,1,Individual,Full
11815,Dr Bradley Kirk,SE,Västra Götaland,30-44,2025-11-18,1,Individual,Full
11816,Conor Robinson-Wong,FI,Pohjois-Pohjanmaa,75+,2024-08-24,4,Individual,Full
11817,Joel Ward,,Skåne,75+,2023-03-27,2,Individual,Post only
11818,June Davison,FI,Varsinais-Suomi,18-29,2022-02-04,4,Corporate,Full
11819,Toby Knowles,NO,Oslo,45-59,2023-12-20,1,Individual,Email only
11820,Ricky Elliott,FI,Uusimaa,45-59,2023-12-30,1,Individual,Full
11821,Adrian Khan,NO,Trøndelag,30-44,2025-03-08,5,Individual,Full
11822,Rita Hall,DK,Midtjylland,75+,2025-03-08,2,Individual,Email only
11823,Howard Saunders,SE,Skåne,18-29,2023-11-17,1,Individual,Full
11824,Miss Pamela McCarthy,SE,Stockholm,30-44,2024-05-04,4,Individual,Email only
11825,Sally Rogers,FI,Pirkanmaa,30-44,2022-12-06,5,Individual,Full
11826,Mr Norman Barber,FI,Pirkanmaa,45-59,2025-02-28,2,Individual,Email only
11827,Jack Cook,,Pirkanmaa,60-74,2025-12-22,1,Individual,Full
11828,Ms Kayleigh Jenkins,NO,Rogaland,30-44,2024-09-04,1,Individual,Email only
11829,Ronald Taylor,NO,Rogaland,30-44,2024-12-08,1,Individual,Full
11830,Gavin Hussain,FI,Varsinais-Suomi,60-74,2022-12-15,2,Individual,Email only
11831,Katherine Hill,DK,Syddanmark,18-29,2023-10-10,2,Corporate,Full
11832,Jeremy Rose,,Uusimaa,18-29,2023-02-19,1,Individual,Full
11833,Dr Kyle Faulkner,FI,Uusimaa,18-29,2023-11-25,6,Individual,Email only
11834,Gillian Carr,NO,Oslo,18-29,2025-12-06,1,Individual,Full
11835,Margaret Schofield-Adams,FI,Uusimaa,18-29,2022-12-13,1,Individual,Full
11836,Catherine Davies,SE,Stockholm,30-44,2022-12-16,1,Individual,Full
11837,Dr Abdul Ward,SE,Skåne,60-74,2022-08-28,4,Individual,Email only
11838,Dr Wendy Jennings,SE,Stockholm,75+,2025-04-10,1,Individual,Full
11839,Zoe Russell,FI,Uusimaa,60-74,2025-04-29,7,Individual,Full
11840,Megan Miller,FI,Pirkanmaa,18-29,2023-11-18,2,Individual,Full
11841,Mr Matthew Booth,,Uppsala,45-59,2023-11-18,2,Corporate,Full
11842,Miss Debra Rice,SE,Uppsala,18-29,2024-03-10,1,Individual,Full
11843,Andrea Harris,FI,Pirkanmaa,18-29,2024-12-17,3,Individual,Full
11844,Mrs Rachael Matthews,SE,Uppsala,60-74,2023-12-31,3,Individual,Full
11845,Mr Karl Smith,SE,Uppsala,30-44,2025-08-20,4,Individual,Full
11846,Victoria Morris,FI,Pohjois-Pohjanmaa,45-59,2023-11-06,1,Individual,Full
11847,Deborah Patel-Perry,NO,Rogaland,60-74,2022-12-07,3,Individual,Email only
11848,Andrea Kirk,SE,Skåne,30-44,2023-04-30,2,Individual,Email only
11849,Jessica Thompson,SE,Skåne,45-59,2023-12-01,2,Individual,Full
11850,Miss Bethany Yates,FI,Varsinais-Suomi,30-44,2023-11-23,5,Individual,Full
11851,Mrs Lorraine Jones,DK,Syddanmark,60-74,2023-09-29,4,Individual,Full
11852,Gemma Bird-Miles,SE,Västra Götaland,18-29,2023-11-21,3,Individual,Full
11853,Mary McDonald,DK,Midtjylland,60-74,2023-04-11,2,Individual,Full
11854,Dr Lorraine Mills,DK,Sjælland,45-59,2023-10-04,4,Individual,Full
11855,Miss Megan Reed,DK,Midtjylland,60-74,2024-09-10,1,Corporate,Full
11856,Mr Luke Ward,NO,Vestland,75+,2024-04-19,1,Individual,Email only
11857,Dr John Bradley,FI,Uusimaa,60-74,2025-04-18,6,Individual,Full
11858,Carolyn Hill,DK,Sjælland,45-59,2025-11-22,1,Individual,Full
11859,Kate Harvey,FI,Pirkanmaa,45-59,2025-01-15,1,Individual,Full
11860,Julian Scott,NO,Vestland,30-44,2024-06-11,5,Individual,Full
11861,Miss Lindsey Blake,FI,Varsinais-Suomi,45-59,2023-02-06,2,Corporate,Post only
11862,Nigel Bryan,NO,Trøndelag,45-59,2022-04-10,1,Individual,Full
11863,Owen Wilkinson,SE,Skåne,18-29,2024-11-12,4,Individual,Email only
11864,Miss Kim Davies,DK,Syddanmark,60-74,2024-02-27,2,Individual,Full
11865,Lynn Edwards,FI,Pirkanmaa,45-59,2023-10-17,1,Individual,Full
11866,Katie Miller-Scott,FI,Varsinais-Suomi,30-44,2025-09-29,1,Individual,Full
11867,Albert Edwards,NO,Vestland,45-59,2022-09-14,1,Individual,Email only
11868,Paula Holmes,NO,Oslo,75+,2022-11-20,2,Individual,Full
11869,Mr Leonard Doyle,NO,Rogaland,60-74,2025-11-12,1,Individual,Email only
11870,Russell Cooper,FI,Pohjois-Pohjanmaa,30-44,2022-02-04,4,Individual,Full
11871,Susan Wells,SE,Stockholm,60-74,2023-12-14,2,Individual,Full
11872,Irene Hopkins,FI,Pohjois-Pohjanmaa,75+,2025-05-30,1,Individual,Full
11873,Anna Haynes,SE,Skåne,60-74,2025-12-25,4,Individual,Email only
11874,Mr Ross Thomas,FI,Uusimaa,45-59,2024-04-29,2,Individual,Full
11875,Zoe Miller-Harris,SE,Västra Götaland,45-59,2025-08-10,1,Individual,Full
11876,Chloe Shepherd,NO,Vestland,30-44,2023-11-04,1,Individual,Post only
11877,Dr Howard Thomas,FI,Pohjois-Pohjanmaa,60-74,2023-05-06,1,Individual,Full
11878,Sharon Brown,NO,Oslo,60-74,2023-12-30,1,Individual,Full
11879,Eileen Cartwright,DK,Midtjylland,45-59,2022-09-12,1,Individual,Full
11880,Kimberley Power,FI,Pohjois-Pohjanmaa,75+,2024-09-20,1,Individual,Full
11881,Anna Hughes,NO,Rogaland,75+,2025-08-16,2,Individual,Full
11882,Ms Lynn Davies,FI,Uusimaa,45-59,2023-07-24,1,Individual,Full
11883,Ms Brenda North,NO,Trøndelag,75+,2022-01-27,6,Individual,Full
11884,Dr Clifford Clements,DK,Midtjylland,30-44,2023-01-11,2,Individual,Full
11885,Mr Owen Jones,NO,Vestland,45-59,2022-08-10,1,Individual,Post only
11886,Sean Wilkinson,NO,Trøndelag,45-59,2024-09-14,1,Individual,Email only
11887,Gemma Daniels,SE,Stockholm,60-74,2024-02-29,1,Individual,Full
11888,Hayley Newman-Horton,DK,Syddanmark,45-59,2023-03-15,1,Corporate,Full
11889,Tina Smith,NO,Vestland,30-44,2023-05-19,4,Individual,Post only
11890,Deborah Hill,SE,Västra Götaland,30-44,2024-12-31,1,Individual,Full
11891,Norman Middleton,DK,Midtjylland,30-44,2022-12-21,1,Individual,Full
11892,Ms Clare Coles,FI,Pohjois-Pohjanmaa,30-44,2024-12-12,4,Individual,Full
11893,Pauline Roberts,SE,Västra Götaland,30-44,2024-03-21,4,Individual,Email only
11894,Alan Smith,SE,Stockholm,45-59,2022-05-26,1,Individual,Full
11895,Callum Little-Smith,NO,Trøndelag,45-59,2022-03-21,2,Individual,Full
11896,Jenna Morris,FI,Pohjois-Pohjanmaa,30-44,2023-05-14,2,Individual,Full
11897,Dr Diana Wright,SE,Uppsala,18-29,2025-12-26,2,Individual,Full
11898,Mandy Hamilton,NO,Rogaland,45-59,2023-07-03,1,Individual,Full
11899,Roy Gardiner-Ball,FI,Uusimaa,30-44,2025-09-03,1,Individual,Email only
11900,Ms Mary Ward,FI,Pohjois-Pohjanmaa,45-59,2023-01-19,4,Individual,Post only
11901,Emma Jones,SE,Västra Götaland,45-59,2024-04-26,2,Individual,Full
11902,Nathan Jones,SE,Västra Götaland,30-44,2023-03-28,1,Individual,Full
11903,Mrs Beth Howe,DK,Midtjylland,18-29,2025-01-10,1,Individual,Full
11904,Daniel Scott,DK,Sjælland,60-74,2022-09-22,1,Individual,Full
11905,Dr Arthur Fisher,FI,Pohjois-Pohjanmaa,45-59,2025-05-21,4,Individual,Email only
11906,Abigail Adams-Green,DK,Midtjylland,18-29,2025-12-30,4,Corporate,Email only
11907,Leanne Pickering,NO,Trøndelag,60-74,2022-02-24,5,Individual,Full
11908,Rosie Holmes,SE,Uppsala,30-44,2023-04-13,2,Individual,Full
11909,Abdul Hughes,NO,Vestland,30-44,2022-08-18,2,Individual,Full
11910,Tracey Jones,DK,Midtjylland,30-44,2025-01-04,3,Individual,Email only
11911,Christian Bond,NO,Oslo,60-74,2024-09-20,4,Individual,Post only
11912,Colin Quinn-Clarke,SE,Stockholm,75+,2024-10-27,6,Individual,Full
11913,Mathew Yates,NO,Oslo,45-59,2025-12-17,6,Individual,Full
11914,Dr Glen Wilson,SE,Stockholm,45-59,2024-06-02,3,Individual,Full
11915,Ms Jasmine Price,DK,Hovedstaden,18-29,2022-08-26,5,Individual,Email only
11916,Dr Liam Phillips,NO,Rogaland,30-44,2022-05-28,3,Individual,Post only
11917,Natasha Patel,SE,Västra Götaland,45-59,2022-05-01,2,Individual,Full
11918,Teresa Wright-Wilson,NO,Oslo,60-74,2022-12-12,1,Individual,Full
11919,Stewart Bell,FI,Pohjois-Pohjanmaa,45-59,2022-10-16,1,Individual,Full
11920,Dr Glen White,SE,Stockholm,45-59,2024-12-15,4,Individual,Full
11921,Lynne Pratt,SE,Västra Götaland,45-59,2023-11-28,5,Individual,Email only
11922,Christian Ball,FI,Pohjois-Pohjanmaa,45-59,2025-05-25,4,Individual,Email only
11923,Gail Brown,FI,Varsinais-Suomi,60-74,2025-07-11,2,Individual,Post only
11924,Mrs Irene Baker,DK,Syddanmark,60-74,2025-02-10,1,Individual,Full
11925,Hazel Sharpe-Khan,NO,Oslo,75+,2025-11-09,4,Individual,Full
11926,Shannon Walker,NO,Vestland,60-74,2024-02-09,1,Individual,Full
11927,Ruth Thomas,FI,Pohjois-Pohjanmaa,45-59,2022-03-14,1,Individual,Full
11928,Mr Damian Wells,FI,Varsinais-Suomi,45-59,2023-05-19,1,Individual,Email only
11929,Dr Vanessa White,FI,Pirkanmaa,30-44,2022-12-17,4,Individual,Post only
11930,Danielle Moss-Robinson,SE,Västra Götaland,45-59,2022-11-25,1,Individual,Full
11931,Zoe Pearson,FI,Pirkanmaa,60-74,2022-03-23,2,Individual,Full
11932,Mr Bradley Ellis,FI,Uusimaa,60-74,2024-08-28,5,Individual,Full
11933,Timothy Parkin,FI,Pirkanmaa,45-59,2024-10-06,4,Individual,Full
11934,Mr Graeme Wood,DK,Hovedstaden,30-44,2025-08-31,1,Individual,Full
11935,Alison Campbell-Brennan,SE,Skåne,60-74,2024-11-12,4,Corporate,Full
11936,Miss Georgina Nolan,NO,Oslo,30-44,2023-12-31,2,Individual,Full
11937,Jeremy Butler-Lewis,SE,Stockholm,30-44,2025-03-21,1,Individual,Full
11938,Molly Martin,SE,Västra Götaland,45-59,2025-01-03,1,Individual,Full
11939,Mr Dean Stephens,FI,Uusimaa,45-59,2024-12-04,3,Individual,Full
11940,Kevin Bruce,DK,Sjælland,45-59,2024-04-12,6,Individual,Full
11941,Martyn Hall-O'Neill,DK,Sjælland,60-74,2024-09-02,6,Individual,Full
11942,Richard Cox,NO,Trøndelag,18-29,2023-03-06,3,Individual,Full
11943,Harriet Barton,FI,Pirkanmaa,30-44,2024-04-11,2,Individual,Email only
11944,Mrs Tina Davies,DK,Hovedstaden,18-29,2025-12-22,2,Individual,Full
11945,Tony Mann,FI,Uusimaa,30-44,2022-06-05,1,Individual,Full
11946,Dale Forster,SE,Skåne,45-59,2023-12-11,5,Individual,Full
11947,Karen Black,SE,Stockholm,30-44,2022-10-15,2,Individual,Full
11948,Dr Caroline Hunt,SE,Västra Götaland,45-59,2023-02-03,2,Individual,Email only
11949,Dr Lucy Clayton,NO,Rogaland,75+,2023-12-20,1,Individual,Full
11950,Mr Ross Walker,NO,Trøndelag,45-59,2025-08-16,2,Individual,Post only
11951,Dr Rhys Thomas,FI,Uusimaa,45-59,2023-11-02,3,Individual,Full
11952,Anthony Thomas,NO,Rogaland,30-44,2025-12-26,1,Individual,Full
11953,Louise Adams,SE,Västra Götaland,18-29,2022-12-21,2,Corporate,Full
11954,Derek Bolton,NO,Oslo,18-29,2022-11-19,1,Individual,Full
11955,Sara Brooks,FI,Varsinais-Suomi,30-44,2023-03-30,7,Individual,Full
11956,Dylan Andrews,FI,Uusimaa,60-74,2024-02-10,2,Individual,Post only
11957,Joanna Gardner,FI,Uusimaa,18-29,2024-05-12,1,Corporate,Full
11958,Mathew Williams,NO,Trøndelag,30-44,2024-02-21,3,Individual,Full
11959,Dr Hugh Perry,FI,Pirkanmaa,45-59,2023-11-25,3,Individual,Email only
11960,Mr Aaron Brady,DK,Hovedstaden,18-29,2022-05-01,3,Individual,Full
11961,Owen Thompson,SE,Uppsala,30-44,2024-06-29,1,Individual,Post only
11962,Leon Power-Knight,NO,Oslo,45-59,2025-12-06,1,Individual,Email only
11963,Joel Power,DK,Syddanmark,30-44,2023-09-17,4,Individual,Full
11964,Kevin Heath,SE,Uppsala,30-44,2024-12-02,1,Individual,Email only
11965,Ms Fiona Smith,FI,Pohjois-Pohjanmaa,60-74,2023-06-10,4,Individual,Full
11966,Dr Bernard Reynolds,FI,Varsinais-Suomi,60-74,2024-05-02,1,Individual,Full
11967,Sharon Phillips,SE,Västra Götaland,45-59,2025-10-30,4,Individual,Post only
11968,Douglas Ellis,FI,Pohjois-Pohjanmaa,45-59,2024-06-16,1,Corporate,Email only
11969,Ashley Holloway-Mason,FI,Uusimaa,45-59,2023-02-15,3,Individual,Full
11970,Geraldine Lamb,SE,Västra Götaland,30-44,2025-01-11,3,Individual,Full
11971,Charlene Carter-Wilson,NO,Vestland,60-74,2022-11-30,1,Individual,Full
11972,Mr Gerald Ward,NO,Oslo,30-44,2024-08-07,6,Individual,Full
11973,Charlene Turner,SE,Västra Götaland,60-74,2025-05-03,1,Individual,Full
11974,Allan Bennett,SE,Västra Götaland,45-59,2023-01-15,2,Individual,Full
11975,Natasha Mason,SE,Stockholm,45-59,2023-04-16,1,Individual,Full
11976,Jeffrey Green,SE,Stockholm,30-44,2023-10-17,5,Individual,Full
11977,Joyce Lewis-Roberts,FI,Varsinais-Suomi,45-59,2023-03-03,1,Individual,Full
11978,Emma Francis,FI,Pirkanmaa,30-44,2024-03-25,1,Individual,Full
11979,Ruth Carter-Day,FI,Varsinais-Suomi,75+,2024-10-22,2,Individual,Full
11980,Jacqueline Taylor,FI,Pirkanmaa,30-44,2024-09-03,3,Individual,Email only
11981,Georgina Todd,FI,Uusimaa,18-29,2022-07-25,1,Individual,Full
11982,Brandon Read,FI,Pohjois-Pohjanmaa,60-74,2023-04-08,3,Individual,Full
11983,Miss Tracey Thompson,FI,Pohjois-Pohjanmaa,30-44,2023-11-25,1,Individual,Full
11984,Gemma Abbott,DK,Sjælland,18-29,2022-12-08,6,Individual,Email only
11985,Dr Martyn Young,DK,Hovedstaden,75+,2024-04-21,5,Individual,Email only
11986,Hazel Hewitt,FI,Varsinais-Suomi,30-44,2024-01-14,1,Individual,Email only
11987,Heather Howard,FI,Pohjois-Pohjanmaa,60-74,2025-05-13,1,Individual,Full
11988,Ian Robinson,,Vestland,75+,2025-08-29,4,Individual,Full
11989,Dr Robin Davis,FI,Varsinais-Suomi,75+,2022-11-17,1,Individual,Full
11990,Alexander Holden,DK,Syddanmark,30-44,2025-06-17,4,Individual,Full
11991,Damian Smart,NO,Oslo,60-74,2025-03-31,1,Individual,Full
11992,Dr Jordan Taylor,FI,Pohjois-Pohjanmaa,30-44,2025-11-26,1,Individual,Full
11993,Jodie Burton,SE,Västra Götaland,30-44,2024-09-10,4,Individual,Email only
11994,Mr Henry Robinson,SE,Skåne,75+,2024-12-25,2,Individual,Full
11995,Patrick Wright-Jordan,NO,Trøndelag,30-44,2024-01-29,4,Individual,Full
11996,Mrs Katy Brady,FI,Pohjois-Pohjanmaa,30-44,2022-12-20,1,Individual,Full
11997,Clare Owens-Scott,FI,Varsinais-Suomi,75+,2025-08-26,2,Individual,Full
11998,Andrew Walker-Bell,NO,Trøndelag,45-59,2025-12-15,4,Corporate,Full
11999,Stephen Stevens,DK,Hovedstaden,30-44,2025-12-08,1,Individual,Full
12000,Gerard Watson,SE,Stockholm,45-59,2023-05-21,1,Individual,Full
12001,Adam  Taylor,SE,Skåne,45-59,2025-03-11,2,Individual,Email only
12002,Mathew  Jones,NO,Trøndelag,60-74,2025-12-06,4,Individual,Full
12003,Leigh  Young,FI,Varsinais-Suomi,60-74,2025-12-19,1,Individual,Email only
12004,Elliot  Brady-Chapman,FI,Pohjois-Pohjanmaa,60-74,2023-11-18,6,Individual,Post only
12005,Eileen  Allen,FI,Uusimaa,18-29,2025-12-07,1,Individual,Full
12006,Dr  Rachael Taylor,FI,Pohjois-Pohjanmaa,60-74,2022-11-12,4,Trust,Full
12007,Grace  Lawson,DK,Sjælland,60-74,2024-02-23,2,Individual,Full
12008,Joanne  Barnes-Carey,DK,Syddanmark,75+,2025-08-10,4,Individual,Full
12009,Martyn  Payne,SE,Uppsala,60-74,2023-12-20,1,Individual,Full
12010,Barry  Hayes,SE,Västra Götaland,45-59,2025-03-14,2,Individual,Full
12011,Heather  Smith,FI,Varsinais-Suomi,60-74,2023-12-13,2,Individual,Full
12012,Robert  Harris,SE,Skåne,18-29,2023-11-29,1,Individual,Full
12013,Dr  Cameron O'Sullivan,FI,Pirkanmaa,45-59,2022-06-04,1,Individual,Email only
12014,Dr  Edward Taylor,FI,Varsinais-Suomi,30-44,2023-12-18,1,Individual,Full
12015,Mr  Gordon Potter,FI,Varsinais-Suomi,60-74,2024-03-27,2,Individual,Full
12016,Jane  Gilbert,DK,Sjælland,45-59,2023-02-01,1,Individual,Full
12017,Russell  Mitchell,FI,Pirkanmaa,60-74,2025-12-14,1,Individual,Full
12018,Miss  Naomi Webster,DK,Hovedstaden,75+,2022-04-21,4,Individual,Full
12019,Mr  Mitchell Thomas,SE,Skåne,30-44,2024-09-20,2,Individual,Full
12020,Ms  Alexandra Hobbs,NO,Trøndelag,30-44,2022-11-14,2,Individual,Full
12021,Melissa  Hyde,FI,Pohjois-Pohjanmaa,60-74,2023-11-06,1,Individual,Full
12022,Bethan  Ross,FI,Uusimaa,30-44,2025-09-04,1,Individual,Full
12023,Jack  Holmes,FI,Varsinais-Suomi,45-59,2025-05-29,6,Individual,Full
12024,Dr  Michael Weston,FI,Uusimaa,18-29,2025-12-30,2,Individual,Full
12025,Geraldine  Hill,NO,Trøndelag,18-29,2024-03-25,2,Corporate,Full
12026,Darren  Jenkins,FI,Pirkanmaa,18-29,2024-12-20,3,Individual,Post only
12027,Miss  Pauline Sanderson,FI,Uusimaa,60-74,2025-04-09,6,Individual,Full
12028,Lynn  Richardson,SE,Uppsala,45-59,2025-05-21,1,Individual,Full
12029,Clifford  Wilkins,SE,Västra Götaland,18-29,2023-09-15,1,Individual,Full
12030,Clive  Griffin,FI,Pirkanmaa,45-59,2023-02-04,4,Individual,Post only
12031,Maureen  Davies,,Västra Götaland,30-44,2022-12-09,4,Individual,Full
12032,Abigail  Walker,,Skåne,30-44,2024-10-24,3,Individual,Post only
12033,Victor  Clarke,FI,Uusimaa,45-59,2023-12-17,4,Individual,Full
12034,Aaron  King,SE,Stockholm,30-44,2024-11-27,2,Individual,Email only
12035,Mr  Barry Lawrence,NO,Vestland,60-74,2024-02-12,1,Individual,Full
12036,Jodie  Gilbert,DK,Syddanmark,75+,2023-04-14,4,Individual,Full
12037,Mr  Garry Jordan,DK,Sjælland,60-74,2024-04-17,3,Individual,Full
12038,Eileen  Fisher,NO,Vestland,45-59,2023-07-28,2,Corporate,Post only
12039,Elaine  Webb-Austin,FI,Varsinais-Suomi,30-44,2025-12-27,1,Individual,Full
12040,Mr  Gerard Smart,FI,Varsinais-Suomi,45-59,2023-10-14,4,Individual,Full
