CapacityKey,Week Start Date,EmployeeKey,Capacity Hours,Target Hours
1,2024-01-01,1,35.6,27.77
2,2024-01-08,1,35.6,27.77
3,2024-01-15,1,35.6,27.77
4,2024-01-22,1,35.6,27.77
5,2024-01-29,1,35.6,27.77
6,2024-02-05,1,37.5,29.25
7,2024-02-12,1,37.5,29.25
8,2024-02-19,1,37.5,29.25
9,2024-02-26,1,37.5,29.25
10,2024-03-04,1,37.5,29.25
11,2024-03-11,1,37.5,29.25
12,2024-03-18,1,37.5,29.25
13,2024-03-25,1,37.5,29.25
14,2024-04-01,1,36.4,28.39
15,2024-04-08,1,36.4,28.39
16,2024-04-15,1,36.4,28.39
17,2024-04-22,1,36.4,28.39
18,2024-04-29,1,36.4,28.39
19,2024-05-06,1,37.5,29.25
20,2024-05-13,1,37.5,29.25
21,2024-05-20,1,37.5,29.25
22,2024-05-27,1,37.5,29.25
23,2024-06-03,1,33.0,25.74
24,2024-06-10,1,33.0,25.74
25,2024-06-17,1,33.0,25.74
26,2024-06-24,1,33.0,25.74
27,2024-07-01,1,20.6,16.07
28,2024-07-08,1,20.6,16.07
29,2024-07-15,1,20.6,16.07
30,2024-07-22,1,20.6,16.07
31,2024-07-29,1,20.6,16.07
32,2024-08-05,1,34.5,26.91
33,2024-08-12,1,34.5,26.91
34,2024-08-19,1,34.5,26.91
35,2024-08-26,1,34.5,26.91
36,2024-09-02,1,38.2,29.8
37,2024-09-09,1,38.2,29.8
38,2024-09-16,1,38.2,29.8
39,2024-09-23,1,38.2,29.8
40,2024-09-30,1,38.2,29.8
41,2024-10-07,1,38.2,29.8
42,2024-10-14,1,38.2,29.8
43,2024-10-21,1,38.2,29.8
44,2024-10-28,1,38.2,29.8
45,2024-11-04,1,37.5,29.25
46,2024-11-11,1,37.5,29.25
47,2024-11-18,1,37.5,29.25
48,2024-11-25,1,37.5,29.25
49,2024-12-02,1,30.0,23.4
50,2024-12-09,1,30.0,23.4
51,2024-12-16,1,30.0,23.4
52,2024-12-23,1,30.0,23.4
53,2024-12-30,1,30.0,23.4
54,2025-01-06,1,35.6,27.77
55,2025-01-13,1,35.6,27.77
56,2025-01-20,1,35.6,27.77
57,2025-01-27,1,35.6,27.77
58,2025-02-03,1,37.5,29.25
59,2025-02-10,1,37.5,29.25
60,2025-02-17,1,37.5,29.25
61,2025-02-24,1,37.5,29.25
62,2025-03-03,1,37.5,29.25
63,2025-03-10,1,37.5,29.25
64,2025-03-17,1,37.5,29.25
65,2025-03-24,1,37.5,29.25
66,2025-03-31,1,37.5,29.25
67,2025-04-07,1,36.4,28.39
68,2025-04-14,1,36.4,28.39
69,2025-04-21,1,36.4,28.39
70,2025-04-28,1,36.4,28.39
71,2025-05-05,1,37.5,29.25
72,2025-05-12,1,37.5,29.25
73,2025-05-19,1,37.5,29.25
74,2025-05-26,1,37.5,29.25
75,2025-06-02,1,33.0,25.74
76,2025-06-09,1,33.0,25.74
77,2025-06-16,1,33.0,25.74
78,2025-06-23,1,33.0,25.74
79,2025-06-30,1,33.0,25.74
80,2025-07-07,1,20.6,16.07
81,2025-07-14,1,20.6,16.07
82,2025-07-21,1,20.6,16.07
83,2025-07-28,1,20.6,16.07
84,2025-08-04,1,34.5,26.91
85,2025-08-11,1,34.5,26.91
86,2025-08-18,1,34.5,26.91
87,2025-08-25,1,34.5,26.91
88,2025-09-01,1,38.2,29.8
89,2025-09-08,1,38.2,29.8
90,2025-09-15,1,38.2,29.8
91,2025-09-22,1,38.2,29.8
92,2025-09-29,1,38.2,29.8
93,2025-10-06,1,38.2,29.8
94,2025-10-13,1,38.2,29.8
95,2025-10-20,1,38.2,29.8
96,2025-10-27,1,38.2,29.8
97,2025-11-03,1,37.5,29.25
98,2025-11-10,1,37.5,29.25
99,2025-11-17,1,37.5,29.25
100,2025-11-24,1,37.5,29.25
101,2025-12-01,1,30.0,23.4
102,2025-12-08,1,30.0,23.4
103,2025-12-15,1,30.0,23.4
104,2025-12-22,1,30.0,23.4
105,2025-12-29,1,30.0,23.4
106,2024-01-01,2,35.6,25.63
107,2024-01-08,2,35.6,25.63
108,2024-01-15,2,35.6,25.63
109,2024-01-22,2,35.6,25.63
110,2024-01-29,2,35.6,25.63
111,2024-02-05,2,37.5,27.0
112,2024-02-12,2,37.5,27.0
113,2024-02-19,2,37.5,27.0
114,2024-02-26,2,37.5,27.0
115,2024-03-04,2,37.5,27.0
116,2024-03-11,2,37.5,27.0
117,2024-03-18,2,37.5,27.0
118,2024-03-25,2,37.5,27.0
119,2024-04-01,2,36.4,26.21
120,2024-04-08,2,36.4,26.21
121,2024-04-15,2,36.4,26.21
122,2024-04-22,2,36.4,26.21
123,2024-04-29,2,36.4,26.21
124,2024-05-06,2,37.5,27.0
125,2024-05-13,2,37.5,27.0
126,2024-05-20,2,37.5,27.0
127,2024-05-27,2,37.5,27.0
128,2024-06-03,2,33.0,23.76
129,2024-06-10,2,33.0,23.76
130,2024-06-17,2,33.0,23.76
131,2024-06-24,2,33.0,23.76
132,2024-07-01,2,20.6,14.83
133,2024-07-08,2,20.6,14.83
134,2024-07-15,2,20.6,14.83
135,2024-07-22,2,20.6,14.83
136,2024-07-29,2,20.6,14.83
137,2024-08-05,2,34.5,24.84
138,2024-08-12,2,34.5,24.84
139,2024-08-19,2,34.5,24.84
140,2024-08-26,2,34.5,24.84
141,2024-09-02,2,38.2,27.5
142,2024-09-09,2,38.2,27.5
143,2024-09-16,2,38.2,27.5
144,2024-09-23,2,38.2,27.5
145,2024-09-30,2,38.2,27.5
146,2024-10-07,2,38.2,27.5
147,2024-10-14,2,38.2,27.5
148,2024-10-21,2,38.2,27.5
149,2024-10-28,2,38.2,27.5
150,2024-11-04,2,37.5,27.0
151,2024-11-11,2,37.5,27.0
152,2024-11-18,2,37.5,27.0
153,2024-11-25,2,37.5,27.0
154,2024-12-02,2,30.0,21.6
155,2024-12-09,2,30.0,21.6
156,2024-12-16,2,30.0,21.6
157,2024-12-23,2,30.0,21.6
158,2024-12-30,2,30.0,21.6
159,2025-01-06,2,35.6,25.63
160,2025-01-13,2,35.6,25.63
161,2025-01-20,2,35.6,25.63
162,2025-01-27,2,35.6,25.63
163,2025-02-03,2,37.5,27.0
164,2025-02-10,2,37.5,27.0
165,2025-02-17,2,37.5,27.0
166,2025-02-24,2,37.5,27.0
167,2025-03-03,2,37.5,27.0
168,2025-03-10,2,37.5,27.0
169,2025-03-17,2,37.5,27.0
170,2025-03-24,2,37.5,27.0
171,2025-03-31,2,37.5,27.0
172,2025-04-07,2,36.4,26.21
173,2025-04-14,2,36.4,26.21
174,2025-04-21,2,36.4,26.21
175,2025-04-28,2,36.4,26.21
176,2025-05-05,2,37.5,27.0
177,2025-05-12,2,37.5,27.0
178,2025-05-19,2,37.5,27.0
179,2025-05-26,2,37.5,27.0
180,2025-06-02,2,33.0,23.76
181,2025-06-09,2,33.0,23.76
182,2025-06-16,2,33.0,23.76
183,2025-06-23,2,33.0,23.76
184,2025-06-30,2,33.0,23.76
185,2025-07-07,2,20.6,14.83
186,2025-07-14,2,20.6,14.83
187,2025-07-21,2,20.6,14.83
188,2025-07-28,2,20.6,14.83
189,2025-08-04,2,34.5,24.84
190,2025-08-11,2,34.5,24.84
191,2025-08-18,2,34.5,24.84
192,2025-08-25,2,34.5,24.84
193,2025-09-01,2,38.2,27.5
194,2025-09-08,2,38.2,27.5
195,2025-09-15,2,38.2,27.5
196,2025-09-22,2,38.2,27.5
197,2025-09-29,2,38.2,27.5
198,2025-10-06,2,38.2,27.5
199,2025-10-13,2,38.2,27.5
200,2025-10-20,2,38.2,27.5
201,2025-10-27,2,38.2,27.5
202,2025-11-03,2,37.5,27.0
203,2025-11-10,2,37.5,27.0
204,2025-11-17,2,37.5,27.0
205,2025-11-24,2,37.5,27.0
206,2025-12-01,2,30.0,21.6
207,2025-12-08,2,30.0,21.6
208,2025-12-15,2,30.0,21.6
209,2025-12-22,2,30.0,21.6
210,2025-12-29,2,30.0,21.6
211,2024-01-01,3,35.6,25.63
212,2024-01-08,3,35.6,25.63
213,2024-01-15,3,35.6,25.63
214,2024-01-22,3,35.6,25.63
215,2024-01-29,3,35.6,25.63
216,2024-02-05,3,37.5,27.0
217,2024-02-12,3,37.5,27.0
218,2024-02-19,3,37.5,27.0
219,2024-02-26,3,37.5,27.0
220,2024-03-04,3,37.5,27.0
221,2024-03-11,3,37.5,27.0
222,2024-03-18,3,37.5,27.0
223,2024-03-25,3,37.5,27.0
224,2024-04-01,3,36.4,26.21
225,2024-04-08,3,36.4,26.21
226,2024-04-15,3,36.4,26.21
227,2024-04-22,3,36.4,26.21
228,2024-04-29,3,36.4,26.21
229,2024-05-06,3,37.5,27.0
230,2024-05-13,3,37.5,27.0
231,2024-05-20,3,37.5,27.0
232,2024-05-27,3,37.5,27.0
233,2024-06-03,3,33.0,23.76
234,2024-06-10,3,33.0,23.76
235,2024-06-17,3,33.0,23.76
236,2024-06-24,3,33.0,23.76
237,2024-07-01,3,20.6,14.83
238,2024-07-08,3,20.6,14.83
239,2024-07-15,3,20.6,14.83
240,2024-07-22,3,20.6,14.83
241,2024-07-29,3,20.6,14.83
242,2024-08-05,3,34.5,24.84
243,2024-08-12,3,34.5,24.84
244,2024-08-19,3,34.5,24.84
245,2024-08-26,3,34.5,24.84
246,2024-09-02,3,38.2,27.5
247,2024-09-09,3,38.2,27.5
248,2024-09-16,3,38.2,27.5
249,2024-09-23,3,38.2,27.5
250,2024-09-30,3,38.2,27.5
251,2024-10-07,3,38.2,27.5
252,2024-10-14,3,38.2,27.5
253,2024-10-21,3,38.2,27.5
254,2024-10-28,3,38.2,27.5
255,2024-11-04,3,37.5,27.0
256,2024-11-11,3,37.5,27.0
257,2024-11-18,3,37.5,27.0
258,2024-11-25,3,37.5,27.0
259,2024-12-02,3,30.0,21.6
260,2024-12-09,3,30.0,21.6
261,2024-12-16,3,30.0,21.6
262,2024-12-23,3,30.0,21.6
263,2024-12-30,3,30.0,21.6
264,2025-01-06,3,35.6,25.63
265,2025-01-13,3,35.6,25.63
266,2025-01-20,3,35.6,25.63
267,2025-01-27,3,35.6,25.63
268,2025-02-03,3,37.5,27.0
269,2025-02-10,3,37.5,27.0
270,2025-02-17,3,37.5,27.0
271,2025-02-24,3,37.5,27.0
272,2025-03-03,3,37.5,27.0
273,2025-03-10,3,37.5,27.0
274,2025-03-17,3,37.5,27.0
275,2025-03-24,3,37.5,27.0
276,2025-03-31,3,37.5,27.0
277,2025-04-07,3,36.4,26.21
278,2025-04-14,3,36.4,26.21
279,2025-04-21,3,36.4,26.21
280,2025-04-28,3,36.4,26.21
281,2025-05-05,3,37.5,27.0
282,2025-05-12,3,37.5,27.0
283,2025-05-19,3,37.5,27.0
284,2025-05-26,3,37.5,27.0
285,2025-06-02,3,33.0,23.76
286,2025-06-09,3,33.0,23.76
287,2025-06-16,3,33.0,23.76
288,2025-06-23,3,33.0,23.76
289,2025-06-30,3,33.0,23.76
290,2025-07-07,3,20.6,14.83
291,2025-07-14,3,20.6,14.83
292,2025-07-21,3,20.6,14.83
293,2025-07-28,3,20.6,14.83
294,2025-08-04,3,34.5,24.84
295,2025-08-11,3,34.5,24.84
296,2025-08-18,3,34.5,24.84
297,2025-08-25,3,34.5,24.84
298,2025-09-01,3,38.2,27.5
299,2025-09-08,3,38.2,27.5
300,2025-09-15,3,38.2,27.5
301,2025-09-22,3,38.2,27.5
302,2025-09-29,3,38.2,27.5
303,2025-10-06,3,38.2,27.5
304,2025-10-13,3,38.2,27.5
305,2025-10-20,3,38.2,27.5
306,2025-10-27,3,38.2,27.5
307,2025-11-03,3,37.5,27.0
308,2025-11-10,3,37.5,27.0
309,2025-11-17,3,37.5,27.0
310,2025-11-24,3,37.5,27.0
311,2025-12-01,3,30.0,21.6
312,2025-12-08,3,30.0,21.6
313,2025-12-15,3,30.0,21.6
314,2025-12-22,3,30.0,21.6
315,2025-12-29,3,30.0,21.6
316,2024-01-01,4,35.6,25.63
317,2024-01-08,4,35.6,25.63
318,2024-01-15,4,35.6,25.63
319,2024-01-22,4,35.6,25.63
320,2024-01-29,4,35.6,25.63
321,2024-02-05,4,37.5,27.0
322,2024-02-12,4,37.5,27.0
323,2024-02-19,4,37.5,27.0
324,2024-02-26,4,37.5,27.0
325,2024-03-04,4,37.5,27.0
326,2024-03-11,4,37.5,27.0
327,2024-03-18,4,37.5,27.0
328,2024-03-25,4,37.5,27.0
329,2024-04-01,4,36.4,26.21
330,2024-04-08,4,36.4,26.21
331,2024-04-15,4,36.4,26.21
332,2024-04-22,4,36.4,26.21
333,2024-04-29,4,36.4,26.21
334,2024-05-06,4,37.5,27.0
335,2024-05-13,4,37.5,27.0
336,2024-05-20,4,37.5,27.0
337,2024-05-27,4,37.5,27.0
338,2024-06-03,4,33.0,23.76
339,2024-06-10,4,33.0,23.76
340,2024-06-17,4,33.0,23.76
341,2024-06-24,4,33.0,23.76
342,2024-07-01,4,20.6,14.83
343,2024-07-08,4,20.6,14.83
344,2024-07-15,4,20.6,14.83
345,2024-07-22,4,20.6,14.83
346,2024-07-29,4,20.6,14.83
347,2024-08-05,4,34.5,24.84
348,2024-08-12,4,34.5,24.84
349,2024-08-19,4,34.5,24.84
350,2024-08-26,4,34.5,24.84
351,2024-09-02,4,38.2,27.5
352,2024-09-09,4,38.2,27.5
353,2024-09-16,4,38.2,27.5
354,2024-09-23,4,38.2,27.5
355,2024-09-30,4,38.2,27.5
356,2024-10-07,4,38.2,27.5
357,2024-10-14,4,38.2,27.5
358,2024-10-21,4,38.2,27.5
359,2024-10-28,4,38.2,27.5
360,2024-11-04,4,37.5,27.0
361,2024-11-11,4,37.5,27.0
362,2024-11-18,4,37.5,27.0
363,2024-11-25,4,37.5,27.0
364,2024-12-02,4,30.0,21.6
365,2024-12-09,4,30.0,21.6
366,2024-12-16,4,30.0,21.6
367,2024-12-23,4,30.0,21.6
368,2024-12-30,4,30.0,21.6
369,2025-01-06,4,35.6,25.63
370,2025-01-13,4,35.6,25.63
371,2025-01-20,4,35.6,25.63
372,2025-01-27,4,35.6,25.63
373,2025-02-03,4,37.5,27.0
374,2025-02-10,4,37.5,27.0
375,2025-02-17,4,37.5,27.0
376,2025-02-24,4,37.5,27.0
377,2025-03-03,4,37.5,27.0
378,2025-03-10,4,37.5,27.0
379,2025-03-17,4,37.5,27.0
380,2025-03-24,4,37.5,27.0
381,2025-03-31,4,37.5,27.0
382,2025-04-07,4,36.4,26.21
383,2025-04-14,4,36.4,26.21
384,2025-04-21,4,36.4,26.21
385,2025-04-28,4,36.4,26.21
386,2025-05-05,4,37.5,27.0
387,2025-05-12,4,37.5,27.0
388,2025-05-19,4,37.5,27.0
389,2025-05-26,4,37.5,27.0
390,2025-06-02,4,33.0,23.76
391,2025-06-09,4,33.0,23.76
392,2025-06-16,4,33.0,23.76
393,2025-06-23,4,33.0,23.76
394,2025-06-30,4,33.0,23.76
395,2025-07-07,4,20.6,14.83
396,2025-07-14,4,20.6,14.83
397,2025-07-21,4,20.6,14.83
398,2025-07-28,4,20.6,14.83
399,2025-08-04,4,34.5,24.84
400,2025-08-11,4,34.5,24.84
401,2025-08-18,4,34.5,24.84
402,2025-08-25,4,34.5,24.84
403,2025-09-01,4,38.2,27.5
404,2025-09-08,4,38.2,27.5
405,2025-09-15,4,38.2,27.5
406,2025-09-22,4,38.2,27.5
407,2025-09-29,4,38.2,27.5
408,2025-10-06,4,38.2,27.5
409,2025-10-13,4,38.2,27.5
410,2025-10-20,4,38.2,27.5
411,2025-10-27,4,38.2,27.5
412,2025-11-03,4,37.5,27.0
413,2025-11-10,4,37.5,27.0
414,2025-11-17,4,37.5,27.0
415,2025-11-24,4,37.5,27.0
416,2025-12-01,4,30.0,21.6
417,2025-12-08,4,30.0,21.6
418,2025-12-15,4,30.0,21.6
419,2025-12-22,4,30.0,21.6
420,2025-12-29,4,30.0,21.6
421,2024-01-01,5,35.6,28.48
422,2024-01-08,5,35.6,28.48
423,2024-01-15,5,35.6,28.48
424,2024-01-22,5,35.6,28.48
425,2024-01-29,5,35.6,28.48
426,2024-02-05,5,37.5,30.0
427,2024-02-12,5,37.5,30.0
428,2024-02-19,5,37.5,30.0
429,2024-02-26,5,37.5,30.0
430,2024-03-04,5,37.5,30.0
431,2024-03-11,5,37.5,30.0
432,2024-03-18,5,37.5,30.0
433,2024-03-25,5,37.5,30.0
434,2024-04-01,5,36.4,29.12
435,2024-04-08,5,36.4,29.12
436,2024-04-15,5,36.4,29.12
437,2024-04-22,5,36.4,29.12
438,2024-04-29,5,36.4,29.12
439,2024-05-06,5,37.5,30.0
440,2024-05-13,5,37.5,30.0
441,2024-05-20,5,37.5,30.0
442,2024-05-27,5,37.5,30.0
443,2024-06-03,5,33.0,26.4
444,2024-06-10,5,33.0,26.4
445,2024-06-17,5,33.0,26.4
446,2024-06-24,5,33.0,26.4
447,2024-07-01,5,20.6,16.48
448,2024-07-08,5,20.6,16.48
449,2024-07-15,5,20.6,16.48
450,2024-07-22,5,20.6,16.48
451,2024-07-29,5,20.6,16.48
452,2024-08-05,5,34.5,27.6
453,2024-08-12,5,34.5,27.6
454,2024-08-19,5,34.5,27.6
455,2024-08-26,5,34.5,27.6
456,2024-09-02,5,38.2,30.56
457,2024-09-09,5,38.2,30.56
458,2024-09-16,5,38.2,30.56
459,2024-09-23,5,38.2,30.56
460,2024-09-30,5,38.2,30.56
461,2024-10-07,5,38.2,30.56
462,2024-10-14,5,38.2,30.56
463,2024-10-21,5,38.2,30.56
464,2024-10-28,5,38.2,30.56
465,2024-11-04,5,37.5,30.0
466,2024-11-11,5,37.5,30.0
467,2024-11-18,5,37.5,30.0
468,2024-11-25,5,37.5,30.0
469,2024-12-02,5,30.0,24.0
470,2024-12-09,5,30.0,24.0
471,2024-12-16,5,30.0,24.0
472,2024-12-23,5,30.0,24.0
473,2024-12-30,5,30.0,24.0
474,2025-01-06,5,35.6,28.48
475,2025-01-13,5,35.6,28.48
476,2025-01-20,5,35.6,28.48
477,2025-01-27,5,35.6,28.48
478,2025-02-03,5,37.5,30.0
479,2025-02-10,5,37.5,30.0
480,2025-02-17,5,37.5,30.0
481,2025-02-24,5,37.5,30.0
482,2025-03-03,5,37.5,30.0
483,2025-03-10,5,37.5,30.0
484,2025-03-17,5,37.5,30.0
485,2025-03-24,5,37.5,30.0
486,2025-03-31,5,37.5,30.0
487,2025-04-07,5,36.4,29.12
488,2025-04-14,5,36.4,29.12
489,2025-04-21,5,36.4,29.12
490,2025-04-28,5,36.4,29.12
491,2025-05-05,5,37.5,30.0
492,2025-05-12,5,37.5,30.0
493,2025-05-19,5,37.5,30.0
494,2025-05-26,5,37.5,30.0
495,2025-06-02,5,33.0,26.4
496,2025-06-09,5,33.0,26.4
497,2025-06-16,5,33.0,26.4
498,2025-06-23,5,33.0,26.4
499,2025-06-30,5,33.0,26.4
500,2025-07-07,5,20.6,16.48
501,2025-07-14,5,20.6,16.48
502,2025-07-21,5,20.6,16.48
503,2025-07-28,5,20.6,16.48
504,2025-08-04,5,34.5,27.6
505,2025-08-11,5,34.5,27.6
506,2025-08-18,5,34.5,27.6
507,2025-08-25,5,34.5,27.6
508,2025-09-01,5,38.2,30.56
509,2025-09-08,5,38.2,30.56
510,2025-09-15,5,38.2,30.56
511,2025-09-22,5,38.2,30.56
512,2025-09-29,5,38.2,30.56
513,2025-10-06,5,38.2,30.56
514,2025-10-13,5,38.2,30.56
515,2025-10-20,5,38.2,30.56
516,2025-10-27,5,38.2,30.56
517,2025-11-03,5,37.5,30.0
518,2025-11-10,5,37.5,30.0
519,2025-11-17,5,37.5,30.0
520,2025-11-24,5,37.5,30.0
521,2025-12-01,5,30.0,24.0
522,2025-12-08,5,30.0,24.0
523,2025-12-15,5,30.0,24.0
524,2025-12-22,5,30.0,24.0
525,2025-12-29,5,30.0,24.0
526,2024-01-01,6,35.6,25.63
527,2024-01-08,6,35.6,25.63
528,2024-01-15,6,35.6,25.63
529,2024-01-22,6,35.6,25.63
530,2024-01-29,6,35.6,25.63
531,2024-02-05,6,37.5,27.0
532,2024-02-12,6,37.5,27.0
533,2024-02-19,6,37.5,27.0
534,2024-02-26,6,37.5,27.0
535,2024-03-04,6,37.5,27.0
536,2024-03-11,6,37.5,27.0
537,2024-03-18,6,37.5,27.0
538,2024-03-25,6,37.5,27.0
539,2024-04-01,6,36.4,26.21
540,2024-04-08,6,36.4,26.21
541,2024-04-15,6,36.4,26.21
542,2024-04-22,6,36.4,26.21
543,2024-04-29,6,36.4,26.21
544,2024-05-06,6,37.5,27.0
545,2024-05-13,6,37.5,27.0
546,2024-05-20,6,37.5,27.0
547,2024-05-27,6,37.5,27.0
548,2024-06-03,6,33.0,23.76
549,2024-06-10,6,33.0,23.76
550,2024-06-17,6,33.0,23.76
551,2024-06-24,6,33.0,23.76
552,2024-07-01,6,20.6,14.83
553,2024-07-08,6,20.6,14.83
554,2024-07-15,6,20.6,14.83
555,2024-07-22,6,20.6,14.83
556,2024-07-29,6,20.6,14.83
557,2024-08-05,6,34.5,24.84
558,2024-08-12,6,34.5,24.84
559,2024-08-19,6,34.5,24.84
560,2024-08-26,6,34.5,24.84
561,2024-09-02,6,38.2,27.5
562,2024-09-09,6,38.2,27.5
563,2024-09-16,6,38.2,27.5
564,2024-09-23,6,38.2,27.5
565,2024-09-30,6,38.2,27.5
566,2024-10-07,6,38.2,27.5
567,2024-10-14,6,38.2,27.5
568,2024-10-21,6,38.2,27.5
569,2024-10-28,6,38.2,27.5
570,2024-11-04,6,37.5,27.0
571,2024-11-11,6,37.5,27.0
572,2024-11-18,6,37.5,27.0
573,2024-11-25,6,37.5,27.0
574,2024-12-02,6,30.0,21.6
575,2024-12-09,6,30.0,21.6
576,2024-12-16,6,30.0,21.6
577,2024-12-23,6,30.0,21.6
578,2024-12-30,6,30.0,21.6
579,2025-01-06,6,35.6,25.63
580,2025-01-13,6,35.6,25.63
581,2025-01-20,6,35.6,25.63
582,2025-01-27,6,35.6,25.63
583,2025-02-03,6,37.5,27.0
584,2025-02-10,6,37.5,27.0
585,2025-02-17,6,37.5,27.0
586,2025-02-24,6,37.5,27.0
587,2025-03-03,6,37.5,27.0
588,2025-03-10,6,37.5,27.0
589,2025-03-17,6,37.5,27.0
590,2025-03-24,6,37.5,27.0
591,2025-03-31,6,37.5,27.0
592,2025-04-07,6,36.4,26.21
593,2025-04-14,6,36.4,26.21
594,2025-04-21,6,36.4,26.21
595,2025-04-28,6,36.4,26.21
596,2025-05-05,6,37.5,27.0
597,2025-05-12,6,37.5,27.0
598,2025-05-19,6,37.5,27.0
599,2025-05-26,6,37.5,27.0
600,2025-06-02,6,33.0,23.76
601,2025-06-09,6,33.0,23.76
602,2025-06-16,6,33.0,23.76
603,2025-06-23,6,33.0,23.76
604,2025-06-30,6,33.0,23.76
605,2025-07-07,6,20.6,14.83
606,2025-07-14,6,20.6,14.83
607,2025-07-21,6,20.6,14.83
608,2025-07-28,6,20.6,14.83
609,2025-08-04,6,34.5,24.84
610,2025-08-11,6,34.5,24.84
611,2025-08-18,6,34.5,24.84
612,2025-08-25,6,34.5,24.84
613,2025-09-01,6,38.2,27.5
614,2025-09-08,6,38.2,27.5
615,2025-09-15,6,38.2,27.5
616,2025-09-22,6,38.2,27.5
617,2025-09-29,6,38.2,27.5
618,2025-10-06,6,38.2,27.5
619,2025-10-13,6,38.2,27.5
620,2025-10-20,6,38.2,27.5
621,2025-10-27,6,38.2,27.5
622,2025-11-03,6,37.5,27.0
623,2025-11-10,6,37.5,27.0
624,2025-11-17,6,37.5,27.0
625,2025-11-24,6,37.5,27.0
626,2025-12-01,6,30.0,21.6
627,2025-12-08,6,30.0,21.6
628,2025-12-15,6,30.0,21.6
629,2025-12-22,6,30.0,21.6
630,2025-12-29,6,30.0,21.6
631,2024-01-01,7,35.6,27.77
632,2024-01-08,7,35.6,27.77
633,2024-01-15,7,35.6,27.77
634,2024-01-22,7,35.6,27.77
635,2024-01-29,7,35.6,27.77
636,2024-02-05,7,37.5,29.25
637,2024-02-12,7,37.5,29.25
638,2024-02-19,7,37.5,29.25
639,2024-02-26,7,37.5,29.25
640,2024-03-04,7,37.5,29.25
641,2024-03-11,7,37.5,29.25
642,2024-03-18,7,37.5,29.25
643,2024-03-25,7,37.5,29.25
644,2024-04-01,7,36.4,28.39
645,2024-04-08,7,36.4,28.39
646,2024-04-15,7,36.4,28.39
647,2024-04-22,7,36.4,28.39
648,2024-04-29,7,36.4,28.39
649,2024-05-06,7,37.5,29.25
650,2024-05-13,7,37.5,29.25
651,2024-05-20,7,37.5,29.25
652,2024-05-27,7,37.5,29.25
653,2024-06-03,7,33.0,25.74
654,2024-06-10,7,33.0,25.74
655,2024-06-17,7,33.0,25.74
656,2024-06-24,7,33.0,25.74
657,2024-07-01,7,20.6,16.07
658,2024-07-08,7,20.6,16.07
659,2024-07-15,7,20.6,16.07
660,2024-07-22,7,20.6,16.07
661,2024-07-29,7,20.6,16.07
662,2024-08-05,7,34.5,26.91
663,2024-08-12,7,34.5,26.91
664,2024-08-19,7,34.5,26.91
665,2024-08-26,7,34.5,26.91
666,2024-09-02,7,38.2,29.8
667,2024-09-09,7,38.2,29.8
668,2024-09-16,7,38.2,29.8
669,2024-09-23,7,38.2,29.8
670,2024-09-30,7,38.2,29.8
671,2024-10-07,7,38.2,29.8
672,2024-10-14,7,38.2,29.8
673,2024-10-21,7,38.2,29.8
674,2024-10-28,7,38.2,29.8
675,2024-11-04,7,37.5,29.25
676,2024-11-11,7,37.5,29.25
677,2024-11-18,7,37.5,29.25
678,2024-11-25,7,37.5,29.25
679,2024-12-02,7,30.0,23.4
680,2024-12-09,7,30.0,23.4
681,2024-12-16,7,30.0,23.4
682,2024-12-23,7,30.0,23.4
683,2024-12-30,7,30.0,23.4
684,2025-01-06,7,35.6,27.77
685,2025-01-13,7,35.6,27.77
686,2025-01-20,7,35.6,27.77
687,2025-01-27,7,35.6,27.77
688,2025-02-03,7,37.5,29.25
689,2025-02-10,7,37.5,29.25
690,2025-02-17,7,37.5,29.25
691,2025-02-24,7,37.5,29.25
692,2025-03-03,7,37.5,29.25
693,2025-03-10,7,37.5,29.25
694,2025-03-17,7,37.5,29.25
695,2025-03-24,7,37.5,29.25
696,2025-03-31,7,37.5,29.25
697,2025-04-07,7,36.4,28.39
698,2025-04-14,7,36.4,28.39
699,2025-04-21,7,36.4,28.39
700,2025-04-28,7,36.4,28.39
701,2025-05-05,7,37.5,29.25
702,2025-05-12,7,37.5,29.25
703,2025-05-19,7,37.5,29.25
704,2025-05-26,7,37.5,29.25
705,2025-06-02,7,33.0,25.74
706,2025-06-09,7,33.0,25.74
707,2025-06-16,7,33.0,25.74
708,2025-06-23,7,33.0,25.74
709,2025-06-30,7,33.0,25.74
710,2025-07-07,7,20.6,16.07
711,2025-07-14,7,20.6,16.07
712,2025-07-21,7,20.6,16.07
713,2025-07-28,7,20.6,16.07
714,2025-08-04,7,34.5,26.91
715,2025-08-11,7,34.5,26.91
716,2025-08-18,7,34.5,26.91
717,2025-08-25,7,34.5,26.91
718,2025-09-01,7,38.2,29.8
719,2025-09-08,7,38.2,29.8
720,2025-09-15,7,38.2,29.8
721,2025-09-22,7,38.2,29.8
722,2025-09-29,7,38.2,29.8
723,2025-10-06,7,38.2,29.8
724,2025-10-13,7,38.2,29.8
725,2025-10-20,7,38.2,29.8
726,2025-10-27,7,38.2,29.8
727,2025-11-03,7,37.5,29.25
728,2025-11-10,7,37.5,29.25
729,2025-11-17,7,37.5,29.25
730,2025-11-24,7,37.5,29.25
731,2025-12-01,7,30.0,23.4
732,2025-12-08,7,30.0,23.4
733,2025-12-15,7,30.0,23.4
734,2025-12-22,7,30.0,23.4
735,2025-12-29,7,30.0,23.4
736,2024-01-01,8,35.6,27.77
737,2024-01-08,8,35.6,27.77
738,2024-01-15,8,35.6,27.77
739,2024-01-22,8,35.6,27.77
740,2024-01-29,8,35.6,27.77
741,2024-02-05,8,37.5,29.25
742,2024-02-12,8,37.5,29.25
743,2024-02-19,8,37.5,29.25
744,2024-02-26,8,37.5,29.25
745,2024-03-04,8,37.5,29.25
746,2024-03-11,8,37.5,29.25
747,2024-03-18,8,37.5,29.25
748,2024-03-25,8,37.5,29.25
749,2024-04-01,8,36.4,28.39
750,2024-04-08,8,36.4,28.39
751,2024-04-15,8,36.4,28.39
752,2024-04-22,8,36.4,28.39
753,2024-04-29,8,36.4,28.39
754,2024-05-06,8,37.5,29.25
755,2024-05-13,8,37.5,29.25
756,2024-05-20,8,37.5,29.25
757,2024-05-27,8,37.5,29.25
758,2024-06-03,8,33.0,25.74
759,2024-06-10,8,33.0,25.74
760,2024-06-17,8,33.0,25.74
761,2024-06-24,8,33.0,25.74
762,2024-07-01,8,20.6,16.07
763,2024-07-08,8,20.6,16.07
764,2024-07-15,8,20.6,16.07
765,2024-07-22,8,20.6,16.07
766,2024-07-29,8,20.6,16.07
767,2024-08-05,8,34.5,26.91
768,2024-08-12,8,34.5,26.91
769,2024-08-19,8,34.5,26.91
770,2024-08-26,8,34.5,26.91
771,2024-09-02,8,38.2,29.8
772,2024-09-09,8,38.2,29.8
773,2024-09-16,8,38.2,29.8
774,2024-09-23,8,38.2,29.8
775,2024-09-30,8,38.2,29.8
776,2024-10-07,8,38.2,29.8
777,2024-10-14,8,38.2,29.8
778,2024-10-21,8,38.2,29.8
779,2024-10-28,8,38.2,29.8
780,2024-11-04,8,37.5,29.25
781,2024-11-11,8,37.5,29.25
782,2024-11-18,8,37.5,29.25
783,2024-11-25,8,37.5,29.25
784,2024-12-02,8,30.0,23.4
785,2024-12-09,8,30.0,23.4
786,2024-12-16,8,30.0,23.4
787,2024-12-23,8,30.0,23.4
788,2024-12-30,8,30.0,23.4
789,2025-01-06,8,35.6,27.77
790,2025-01-13,8,35.6,27.77
791,2025-01-20,8,35.6,27.77
792,2025-01-27,8,35.6,27.77
793,2025-02-03,8,37.5,29.25
794,2025-02-10,8,37.5,29.25
795,2025-02-17,8,37.5,29.25
796,2025-02-24,8,37.5,29.25
797,2025-03-03,8,37.5,29.25
798,2025-03-10,8,37.5,29.25
799,2025-03-17,8,37.5,29.25
800,2025-03-24,8,37.5,29.25
801,2025-03-31,8,37.5,29.25
802,2025-04-07,8,36.4,28.39
803,2025-04-14,8,36.4,28.39
804,2025-04-21,8,36.4,28.39
805,2025-04-28,8,36.4,28.39
806,2025-05-05,8,37.5,29.25
807,2025-05-12,8,37.5,29.25
808,2025-05-19,8,37.5,29.25
809,2025-05-26,8,37.5,29.25
810,2025-06-02,8,33.0,25.74
811,2025-06-09,8,33.0,25.74
812,2025-06-16,8,33.0,25.74
813,2025-06-23,8,33.0,25.74
814,2025-06-30,8,33.0,25.74
815,2025-07-07,8,20.6,16.07
816,2025-07-14,8,20.6,16.07
817,2025-07-21,8,20.6,16.07
818,2025-07-28,8,20.6,16.07
819,2025-08-04,8,34.5,26.91
820,2025-08-11,8,34.5,26.91
821,2025-08-18,8,34.5,26.91
822,2025-08-25,8,34.5,26.91
823,2025-09-01,8,38.2,29.8
824,2025-09-08,8,38.2,29.8
825,2025-09-15,8,38.2,29.8
826,2025-09-22,8,38.2,29.8
827,2025-09-29,8,38.2,29.8
828,2025-10-06,8,38.2,29.8
829,2025-10-13,8,38.2,29.8
830,2025-10-20,8,38.2,29.8
831,2025-10-27,8,38.2,29.8
832,2025-11-03,8,37.5,29.25
833,2025-11-10,8,37.5,29.25
834,2025-11-17,8,37.5,29.25
835,2025-11-24,8,37.5,29.25
836,2025-12-01,8,30.0,23.4
837,2025-12-08,8,30.0,23.4
838,2025-12-15,8,30.0,23.4
839,2025-12-22,8,30.0,23.4
840,2025-12-29,8,30.0,23.4
841,2024-01-01,9,35.6,25.63
842,2024-01-08,9,35.6,25.63
843,2024-01-15,9,35.6,25.63
844,2024-01-22,9,35.6,25.63
845,2024-01-29,9,35.6,25.63
846,2024-02-05,9,37.5,27.0
847,2024-02-12,9,37.5,27.0
848,2024-02-19,9,37.5,27.0
849,2024-02-26,9,37.5,27.0
850,2024-03-04,9,37.5,27.0
851,2024-03-11,9,37.5,27.0
852,2024-03-18,9,37.5,27.0
853,2024-03-25,9,37.5,27.0
854,2024-04-01,9,36.4,26.21
855,2024-04-08,9,36.4,26.21
856,2024-04-15,9,36.4,26.21
857,2024-04-22,9,36.4,26.21
858,2024-04-29,9,36.4,26.21
859,2024-05-06,9,37.5,27.0
860,2024-05-13,9,37.5,27.0
861,2024-05-20,9,37.5,27.0
862,2024-05-27,9,37.5,27.0
863,2024-06-03,9,33.0,23.76
864,2024-06-10,9,33.0,23.76
865,2024-06-17,9,33.0,23.76
866,2024-06-24,9,33.0,23.76
867,2024-07-01,9,20.6,14.83
868,2024-07-08,9,20.6,14.83
869,2024-07-15,9,20.6,14.83
870,2024-07-22,9,20.6,14.83
871,2024-07-29,9,20.6,14.83
872,2024-08-05,9,34.5,24.84
873,2024-08-12,9,34.5,24.84
874,2024-08-19,9,34.5,24.84
875,2024-08-26,9,34.5,24.84
876,2024-09-02,9,38.2,27.5
877,2024-09-09,9,38.2,27.5
878,2024-09-16,9,38.2,27.5
879,2024-09-23,9,38.2,27.5
880,2024-09-30,9,38.2,27.5
881,2024-10-07,9,38.2,27.5
882,2024-10-14,9,38.2,27.5
883,2024-10-21,9,38.2,27.5
884,2024-10-28,9,38.2,27.5
885,2024-11-04,9,37.5,27.0
886,2024-11-11,9,37.5,27.0
887,2024-11-18,9,37.5,27.0
888,2024-11-25,9,37.5,27.0
889,2024-12-02,9,30.0,21.6
890,2024-12-09,9,30.0,21.6
891,2024-12-16,9,30.0,21.6
892,2024-12-23,9,30.0,21.6
893,2024-12-30,9,30.0,21.6
894,2025-01-06,9,35.6,25.63
895,2025-01-13,9,35.6,25.63
896,2025-01-20,9,35.6,25.63
897,2025-01-27,9,35.6,25.63
898,2025-02-03,9,37.5,27.0
899,2025-02-10,9,37.5,27.0
900,2025-02-17,9,37.5,27.0
901,2025-02-24,9,37.5,27.0
902,2025-03-03,9,37.5,27.0
903,2025-03-10,9,37.5,27.0
904,2025-03-17,9,37.5,27.0
905,2025-03-24,9,37.5,27.0
906,2025-03-31,9,37.5,27.0
907,2025-04-07,9,36.4,26.21
908,2025-04-14,9,36.4,26.21
909,2025-04-21,9,36.4,26.21
910,2025-04-28,9,36.4,26.21
911,2025-05-05,9,37.5,27.0
912,2025-05-12,9,37.5,27.0
913,2025-05-19,9,37.5,27.0
914,2025-05-26,9,37.5,27.0
915,2025-06-02,9,33.0,23.76
916,2025-06-09,9,33.0,23.76
917,2025-06-16,9,33.0,23.76
918,2025-06-23,9,33.0,23.76
919,2025-06-30,9,33.0,23.76
920,2025-07-07,9,20.6,14.83
921,2025-07-14,9,20.6,14.83
922,2025-07-21,9,20.6,14.83
923,2025-07-28,9,20.6,14.83
924,2025-08-04,9,34.5,24.84
925,2025-08-11,9,34.5,24.84
926,2025-08-18,9,34.5,24.84
927,2025-08-25,9,34.5,24.84
928,2025-09-01,9,38.2,27.5
929,2025-09-08,9,38.2,27.5
930,2025-09-15,9,38.2,27.5
931,2025-09-22,9,38.2,27.5
932,2025-09-29,9,38.2,27.5
933,2025-10-06,9,38.2,27.5
934,2025-10-13,9,38.2,27.5
935,2025-10-20,9,38.2,27.5
936,2025-10-27,9,38.2,27.5
937,2025-11-03,9,37.5,27.0
938,2025-11-10,9,37.5,27.0
939,2025-11-17,9,37.5,27.0
940,2025-11-24,9,37.5,27.0
941,2025-12-01,9,30.0,21.6
942,2025-12-08,9,30.0,21.6
943,2025-12-15,9,30.0,21.6
944,2025-12-22,9,30.0,21.6
945,2025-12-29,9,30.0,21.6
946,2024-01-01,10,35.6,19.58
947,2024-01-08,10,35.6,19.58
948,2024-01-15,10,35.6,19.58
949,2024-01-22,10,35.6,19.58
950,2024-01-29,10,35.6,19.58
951,2024-02-05,10,37.5,20.62
952,2024-02-12,10,37.5,20.62
953,2024-02-19,10,37.5,20.62
954,2024-02-26,10,37.5,20.62
955,2024-03-04,10,37.5,20.62
956,2024-03-11,10,37.5,20.62
957,2024-03-18,10,37.5,20.62
958,2024-03-25,10,37.5,20.62
959,2024-04-01,10,36.4,20.02
960,2024-04-08,10,36.4,20.02
961,2024-04-15,10,36.4,20.02
962,2024-04-22,10,36.4,20.02
963,2024-04-29,10,36.4,20.02
964,2024-05-06,10,37.5,20.62
965,2024-05-13,10,37.5,20.62
966,2024-05-20,10,37.5,20.62
967,2024-05-27,10,37.5,20.62
968,2024-06-03,10,33.0,18.15
969,2024-06-10,10,33.0,18.15
970,2024-06-17,10,33.0,18.15
971,2024-06-24,10,33.0,18.15
972,2024-07-01,10,20.6,11.33
973,2024-07-08,10,20.6,11.33
974,2024-07-15,10,20.6,11.33
975,2024-07-22,10,20.6,11.33
976,2024-07-29,10,20.6,11.33
977,2024-08-05,10,34.5,18.98
978,2024-08-12,10,34.5,18.98
979,2024-08-19,10,34.5,18.98
980,2024-08-26,10,34.5,18.98
981,2024-09-02,10,38.2,21.01
982,2024-09-09,10,38.2,21.01
983,2024-09-16,10,38.2,21.01
984,2024-09-23,10,38.2,21.01
985,2024-09-30,10,38.2,21.01
986,2024-10-07,10,38.2,21.01
987,2024-10-14,10,38.2,21.01
988,2024-10-21,10,38.2,21.01
989,2024-10-28,10,38.2,21.01
990,2024-11-04,10,37.5,20.62
991,2024-11-11,10,37.5,20.62
992,2024-11-18,10,37.5,20.62
993,2024-11-25,10,37.5,20.62
994,2024-12-02,10,30.0,16.5
995,2024-12-09,10,30.0,16.5
996,2024-12-16,10,30.0,16.5
997,2024-12-23,10,30.0,16.5
998,2024-12-30,10,30.0,16.5
999,2025-01-06,10,35.6,19.58
1000,2025-01-13,10,35.6,19.58
1001,2025-01-20,10,35.6,19.58
1002,2025-01-27,10,35.6,19.58
1003,2025-02-03,10,37.5,20.62
1004,2025-02-10,10,37.5,20.62
1005,2025-02-17,10,37.5,20.62
1006,2025-02-24,10,37.5,20.62
1007,2025-03-03,10,37.5,20.62
1008,2025-03-10,10,37.5,20.62
1009,2025-03-17,10,37.5,20.62
1010,2025-03-24,10,37.5,20.62
1011,2025-03-31,10,37.5,20.62
1012,2025-04-07,10,36.4,20.02
1013,2025-04-14,10,36.4,20.02
1014,2025-04-21,10,36.4,20.02
1015,2025-04-28,10,36.4,20.02
1016,2025-05-05,10,37.5,20.62
1017,2025-05-12,10,37.5,20.62
1018,2025-05-19,10,37.5,20.62
1019,2025-05-26,10,37.5,20.62
1020,2025-06-02,10,33.0,18.15
1021,2025-06-09,10,33.0,18.15
1022,2025-06-16,10,33.0,18.15
1023,2025-06-23,10,33.0,18.15
1024,2025-06-30,10,33.0,18.15
1025,2025-07-07,10,20.6,11.33
1026,2025-07-14,10,20.6,11.33
1027,2025-07-21,10,20.6,11.33
1028,2025-07-28,10,20.6,11.33
1029,2025-08-04,10,34.5,18.98
1030,2025-08-11,10,34.5,18.98
1031,2025-08-18,10,34.5,18.98
1032,2025-08-25,10,34.5,18.98
1033,2025-09-01,10,38.2,21.01
1034,2025-09-08,10,38.2,21.01
1035,2025-09-15,10,38.2,21.01
1036,2025-09-22,10,38.2,21.01
1037,2025-09-29,10,38.2,21.01
1038,2025-10-06,10,38.2,21.01
1039,2025-10-13,10,38.2,21.01
1040,2025-10-20,10,38.2,21.01
1041,2025-10-27,10,38.2,21.01
1042,2025-11-03,10,37.5,20.62
1043,2025-11-10,10,37.5,20.62
1044,2025-11-17,10,37.5,20.62
1045,2025-11-24,10,37.5,20.62
1046,2025-12-01,10,30.0,16.5
1047,2025-12-08,10,30.0,16.5
1048,2025-12-15,10,30.0,16.5
1049,2025-12-22,10,30.0,16.5
1050,2025-12-29,10,30.0,16.5
1051,2024-01-01,11,35.6,25.63
1052,2024-01-08,11,35.6,25.63
1053,2024-01-15,11,35.6,25.63
1054,2024-01-22,11,35.6,25.63
1055,2024-01-29,11,35.6,25.63
1056,2024-02-05,11,37.5,27.0
1057,2024-02-12,11,37.5,27.0
1058,2024-02-19,11,37.5,27.0
1059,2024-02-26,11,37.5,27.0
1060,2024-03-04,11,37.5,27.0
1061,2024-03-11,11,37.5,27.0
1062,2024-03-18,11,37.5,27.0
1063,2024-03-25,11,37.5,27.0
1064,2024-04-01,11,36.4,26.21
1065,2024-04-08,11,36.4,26.21
1066,2024-04-15,11,36.4,26.21
1067,2024-04-22,11,36.4,26.21
1068,2024-04-29,11,36.4,26.21
1069,2024-05-06,11,37.5,27.0
1070,2024-05-13,11,37.5,27.0
1071,2024-05-20,11,37.5,27.0
1072,2024-05-27,11,37.5,27.0
1073,2024-06-03,11,33.0,23.76
1074,2024-06-10,11,33.0,23.76
1075,2024-06-17,11,33.0,23.76
1076,2024-06-24,11,33.0,23.76
1077,2024-07-01,11,20.6,14.83
1078,2024-07-08,11,20.6,14.83
1079,2024-07-15,11,20.6,14.83
1080,2024-07-22,11,20.6,14.83
1081,2024-07-29,11,20.6,14.83
1082,2024-08-05,11,34.5,24.84
1083,2024-08-12,11,34.5,24.84
1084,2024-08-19,11,34.5,24.84
1085,2024-08-26,11,34.5,24.84
1086,2024-09-02,11,38.2,27.5
1087,2024-09-09,11,38.2,27.5
1088,2024-09-16,11,38.2,27.5
1089,2024-09-23,11,38.2,27.5
1090,2024-09-30,11,38.2,27.5
1091,2024-10-07,11,38.2,27.5
1092,2024-10-14,11,38.2,27.5
1093,2024-10-21,11,38.2,27.5
1094,2024-10-28,11,38.2,27.5
1095,2024-11-04,11,37.5,27.0
1096,2024-11-11,11,37.5,27.0
1097,2024-11-18,11,37.5,27.0
1098,2024-11-25,11,37.5,27.0
1099,2024-12-02,11,30.0,21.6
1100,2024-12-09,11,30.0,21.6
1101,2024-12-16,11,30.0,21.6
1102,2024-12-23,11,30.0,21.6
1103,2024-12-30,11,30.0,21.6
1104,2025-01-06,11,35.6,25.63
1105,2025-01-13,11,35.6,25.63
1106,2025-01-20,11,35.6,25.63
1107,2025-01-27,11,35.6,25.63
1108,2025-02-03,11,37.5,27.0
1109,2025-02-10,11,37.5,27.0
1110,2025-02-17,11,37.5,27.0
1111,2025-02-24,11,37.5,27.0
1112,2025-03-03,11,37.5,27.0
1113,2025-03-10,11,37.5,27.0
1114,2025-03-17,11,37.5,27.0
1115,2025-03-24,11,37.5,27.0
1116,2025-03-31,11,37.5,27.0
1117,2025-04-07,11,36.4,26.21
1118,2025-04-14,11,36.4,26.21
1119,2025-04-21,11,36.4,26.21
1120,2025-04-28,11,36.4,26.21
1121,2025-05-05,11,37.5,27.0
1122,2025-05-12,11,37.5,27.0
1123,2025-05-19,11,37.5,27.0
1124,2025-05-26,11,37.5,27.0
1125,2025-06-02,11,33.0,23.76
1126,2025-06-09,11,33.0,23.76
1127,2025-06-16,11,33.0,23.76
1128,2025-06-23,11,33.0,23.76
1129,2025-06-30,11,33.0,23.76
1130,2025-07-07,11,20.6,14.83
1131,2025-07-14,11,20.6,14.83
1132,2025-07-21,11,20.6,14.83
1133,2025-07-28,11,20.6,14.83
1134,2025-08-04,11,34.5,24.84
1135,2025-08-11,11,34.5,24.84
1136,2025-08-18,11,34.5,24.84
1137,2025-08-25,11,34.5,24.84
1138,2025-09-01,11,38.2,27.5
1139,2025-09-08,11,38.2,27.5
1140,2025-09-15,11,38.2,27.5
1141,2025-09-22,11,38.2,27.5
1142,2025-09-29,11,38.2,27.5
1143,2025-10-06,11,38.2,27.5
1144,2025-10-13,11,38.2,27.5
1145,2025-10-20,11,38.2,27.5
1146,2025-10-27,11,38.2,27.5
1147,2025-11-03,11,37.5,27.0
1148,2025-11-10,11,37.5,27.0
1149,2025-11-17,11,37.5,27.0
1150,2025-11-24,11,37.5,27.0
1151,2025-12-01,11,30.0,21.6
1152,2025-12-08,11,30.0,21.6
1153,2025-12-15,11,30.0,21.6
1154,2025-12-22,11,30.0,21.6
1155,2025-12-29,11,30.0,21.6
1156,2024-01-01,12,35.6,25.63
1157,2024-01-08,12,35.6,25.63
1158,2024-01-15,12,35.6,25.63
1159,2024-01-22,12,35.6,25.63
1160,2024-01-29,12,35.6,25.63
1161,2024-02-05,12,37.5,27.0
1162,2024-02-12,12,37.5,27.0
1163,2024-02-19,12,37.5,27.0
1164,2024-02-26,12,37.5,27.0
1165,2024-03-04,12,37.5,27.0
1166,2024-03-11,12,37.5,27.0
1167,2024-03-18,12,37.5,27.0
1168,2024-03-25,12,37.5,27.0
1169,2024-04-01,12,36.4,26.21
1170,2024-04-08,12,36.4,26.21
1171,2024-04-15,12,36.4,26.21
1172,2024-04-22,12,36.4,26.21
1173,2024-04-29,12,36.4,26.21
1174,2024-05-06,12,37.5,27.0
1175,2024-05-13,12,37.5,27.0
1176,2024-05-20,12,37.5,27.0
1177,2024-05-27,12,37.5,27.0
1178,2024-06-03,12,33.0,23.76
1179,2024-06-10,12,33.0,23.76
1180,2024-06-17,12,33.0,23.76
1181,2024-06-24,12,33.0,23.76
1182,2024-07-01,12,20.6,14.83
1183,2024-07-08,12,20.6,14.83
1184,2024-07-15,12,20.6,14.83
1185,2024-07-22,12,20.6,14.83
1186,2024-07-29,12,20.6,14.83
1187,2024-08-05,12,34.5,24.84
1188,2024-08-12,12,34.5,24.84
1189,2024-08-19,12,34.5,24.84
1190,2024-08-26,12,34.5,24.84
1191,2024-09-02,12,38.2,27.5
1192,2024-09-09,12,38.2,27.5
1193,2024-09-16,12,38.2,27.5
1194,2024-09-23,12,38.2,27.5
1195,2024-09-30,12,38.2,27.5
1196,2024-10-07,12,38.2,27.5
1197,2024-10-14,12,38.2,27.5
1198,2024-10-21,12,38.2,27.5
1199,2024-10-28,12,38.2,27.5
1200,2024-11-04,12,37.5,27.0
1201,2024-11-11,12,37.5,27.0
1202,2024-11-18,12,37.5,27.0
1203,2024-11-25,12,37.5,27.0
1204,2024-12-02,12,30.0,21.6
1205,2024-12-09,12,30.0,21.6
1206,2024-12-16,12,30.0,21.6
1207,2024-12-23,12,30.0,21.6
1208,2024-12-30,12,30.0,21.6
1209,2025-01-06,12,35.6,25.63
1210,2025-01-13,12,35.6,25.63
1211,2025-01-20,12,35.6,25.63
1212,2025-01-27,12,35.6,25.63
1213,2025-02-03,12,37.5,27.0
1214,2025-02-10,12,37.5,27.0
1215,2025-02-17,12,37.5,27.0
1216,2025-02-24,12,37.5,27.0
1217,2025-03-03,12,37.5,27.0
1218,2025-03-10,12,37.5,27.0
1219,2025-03-17,12,37.5,27.0
1220,2025-03-24,12,37.5,27.0
1221,2025-03-31,12,37.5,27.0
1222,2025-04-07,12,36.4,26.21
1223,2025-04-14,12,36.4,26.21
1224,2025-04-21,12,36.4,26.21
1225,2025-04-28,12,36.4,26.21
1226,2025-05-05,12,37.5,27.0
1227,2025-05-12,12,37.5,27.0
1228,2025-05-19,12,37.5,27.0
1229,2025-05-26,12,37.5,27.0
1230,2025-06-02,12,33.0,23.76
1231,2025-06-09,12,33.0,23.76
1232,2025-06-16,12,33.0,23.76
1233,2025-06-23,12,33.0,23.76
1234,2025-06-30,12,33.0,23.76
1235,2025-07-07,12,20.6,14.83
1236,2025-07-14,12,20.6,14.83
1237,2025-07-21,12,20.6,14.83
1238,2025-07-28,12,20.6,14.83
1239,2025-08-04,12,34.5,24.84
1240,2025-08-11,12,34.5,24.84
1241,2025-08-18,12,34.5,24.84
1242,2025-08-25,12,34.5,24.84
1243,2025-09-01,12,38.2,27.5
1244,2025-09-08,12,38.2,27.5
1245,2025-09-15,12,38.2,27.5
1246,2025-09-22,12,38.2,27.5
1247,2025-09-29,12,38.2,27.5
1248,2025-10-06,12,38.2,27.5
1249,2025-10-13,12,38.2,27.5
1250,2025-10-20,12,38.2,27.5
1251,2025-10-27,12,38.2,27.5
1252,2025-11-03,12,37.5,27.0
1253,2025-11-10,12,37.5,27.0
1254,2025-11-17,12,37.5,27.0
1255,2025-11-24,12,37.5,27.0
1256,2025-12-01,12,30.0,21.6
1257,2025-12-08,12,30.0,21.6
1258,2025-12-15,12,30.0,21.6
1259,2025-12-22,12,30.0,21.6
1260,2025-12-29,12,30.0,21.6
1261,2024-01-01,13,35.6,27.77
1262,2024-01-08,13,35.6,27.77
1263,2024-01-15,13,35.6,27.77
1264,2024-01-22,13,35.6,27.77
1265,2024-01-29,13,35.6,27.77
1266,2024-02-05,13,37.5,29.25
1267,2024-02-12,13,37.5,29.25
1268,2024-02-19,13,37.5,29.25
1269,2024-02-26,13,37.5,29.25
1270,2024-03-04,13,37.5,29.25
1271,2024-03-11,13,37.5,29.25
1272,2024-03-18,13,37.5,29.25
1273,2024-03-25,13,37.5,29.25
1274,2024-04-01,13,36.4,28.39
1275,2024-04-08,13,36.4,28.39
1276,2024-04-15,13,36.4,28.39
1277,2024-04-22,13,36.4,28.39
1278,2024-04-29,13,36.4,28.39
1279,2024-05-06,13,37.5,29.25
1280,2024-05-13,13,37.5,29.25
1281,2024-05-20,13,37.5,29.25
1282,2024-05-27,13,37.5,29.25
1283,2024-06-03,13,33.0,25.74
1284,2024-06-10,13,33.0,25.74
1285,2024-06-17,13,33.0,25.74
1286,2024-06-24,13,33.0,25.74
1287,2024-07-01,13,20.6,16.07
1288,2024-07-08,13,20.6,16.07
1289,2024-07-15,13,20.6,16.07
1290,2024-07-22,13,20.6,16.07
1291,2024-07-29,13,20.6,16.07
1292,2024-08-05,13,34.5,26.91
1293,2024-08-12,13,34.5,26.91
1294,2024-08-19,13,34.5,26.91
1295,2024-08-26,13,34.5,26.91
1296,2024-09-02,13,38.2,29.8
1297,2024-09-09,13,38.2,29.8
1298,2024-09-16,13,38.2,29.8
1299,2024-09-23,13,38.2,29.8
1300,2024-09-30,13,38.2,29.8
1301,2024-10-07,13,38.2,29.8
1302,2024-10-14,13,38.2,29.8
1303,2024-10-21,13,38.2,29.8
1304,2024-10-28,13,38.2,29.8
1305,2024-11-04,13,37.5,29.25
1306,2024-11-11,13,37.5,29.25
1307,2024-11-18,13,37.5,29.25
1308,2024-11-25,13,37.5,29.25
1309,2024-12-02,13,30.0,23.4
1310,2024-12-09,13,30.0,23.4
1311,2024-12-16,13,30.0,23.4
1312,2024-12-23,13,30.0,23.4
1313,2024-12-30,13,30.0,23.4
1314,2025-01-06,13,35.6,27.77
1315,2025-01-13,13,35.6,27.77
1316,2025-01-20,13,35.6,27.77
1317,2025-01-27,13,35.6,27.77
1318,2025-02-03,13,37.5,29.25
1319,2025-02-10,13,37.5,29.25
1320,2025-02-17,13,37.5,29.25
1321,2025-02-24,13,37.5,29.25
1322,2025-03-03,13,37.5,29.25
1323,2025-03-10,13,37.5,29.25
1324,2025-03-17,13,37.5,29.25
1325,2025-03-24,13,37.5,29.25
1326,2025-03-31,13,37.5,29.25
1327,2025-04-07,13,36.4,28.39
1328,2025-04-14,13,36.4,28.39
1329,2025-04-21,13,36.4,28.39
1330,2025-04-28,13,36.4,28.39
1331,2025-05-05,13,37.5,29.25
1332,2025-05-12,13,37.5,29.25
1333,2025-05-19,13,37.5,29.25
1334,2025-05-26,13,37.5,29.25
1335,2025-06-02,13,33.0,25.74
1336,2025-06-09,13,33.0,25.74
1337,2025-06-16,13,33.0,25.74
1338,2025-06-23,13,33.0,25.74
1339,2025-06-30,13,33.0,25.74
1340,2025-07-07,13,20.6,16.07
1341,2025-07-14,13,20.6,16.07
1342,2025-07-21,13,20.6,16.07
1343,2025-07-28,13,20.6,16.07
1344,2025-08-04,13,34.5,26.91
1345,2025-08-11,13,34.5,26.91
1346,2025-08-18,13,34.5,26.91
1347,2025-08-25,13,34.5,26.91
1348,2025-09-01,13,38.2,29.8
1349,2025-09-08,13,38.2,29.8
1350,2025-09-15,13,38.2,29.8
1351,2025-09-22,13,38.2,29.8
1352,2025-09-29,13,38.2,29.8
1353,2025-10-06,13,38.2,29.8
1354,2025-10-13,13,38.2,29.8
1355,2025-10-20,13,38.2,29.8
1356,2025-10-27,13,38.2,29.8
1357,2025-11-03,13,37.5,29.25
1358,2025-11-10,13,37.5,29.25
1359,2025-11-17,13,37.5,29.25
1360,2025-11-24,13,37.5,29.25
1361,2025-12-01,13,30.0,23.4
1362,2025-12-08,13,30.0,23.4
1363,2025-12-15,13,30.0,23.4
1364,2025-12-22,13,30.0,23.4
1365,2025-12-29,13,30.0,23.4
1366,2024-01-01,14,35.6,25.63
1367,2024-01-08,14,35.6,25.63
1368,2024-01-15,14,35.6,25.63
1369,2024-01-22,14,35.6,25.63
1370,2024-01-29,14,35.6,25.63
1371,2024-02-05,14,37.5,27.0
1372,2024-02-12,14,37.5,27.0
1373,2024-02-19,14,37.5,27.0
1374,2024-02-26,14,37.5,27.0
1375,2024-03-04,14,37.5,27.0
1376,2024-03-11,14,37.5,27.0
1377,2024-03-18,14,37.5,27.0
1378,2024-03-25,14,37.5,27.0
1379,2024-04-01,14,36.4,26.21
1380,2024-04-08,14,36.4,26.21
1381,2024-04-15,14,36.4,26.21
1382,2024-04-22,14,36.4,26.21
1383,2024-04-29,14,36.4,26.21
1384,2024-05-06,14,37.5,27.0
1385,2024-05-13,14,37.5,27.0
1386,2024-05-20,14,37.5,27.0
1387,2024-05-27,14,37.5,27.0
1388,2024-06-03,14,33.0,23.76
1389,2024-06-10,14,33.0,23.76
1390,2024-06-17,14,33.0,23.76
1391,2024-06-24,14,33.0,23.76
1392,2024-07-01,14,20.6,14.83
1393,2024-07-08,14,20.6,14.83
1394,2024-07-15,14,20.6,14.83
1395,2024-07-22,14,20.6,14.83
1396,2024-07-29,14,20.6,14.83
1397,2024-08-05,14,34.5,24.84
1398,2024-08-12,14,34.5,24.84
1399,2024-08-19,14,34.5,24.84
1400,2024-08-26,14,34.5,24.84
1401,2024-09-02,14,38.2,27.5
1402,2024-09-09,14,38.2,27.5
1403,2024-09-16,14,38.2,27.5
1404,2024-09-23,14,38.2,27.5
1405,2024-09-30,14,38.2,27.5
1406,2024-10-07,14,38.2,27.5
1407,2024-10-14,14,38.2,27.5
1408,2024-10-21,14,38.2,27.5
1409,2024-10-28,14,38.2,27.5
1410,2024-11-04,14,37.5,27.0
1411,2024-11-11,14,37.5,27.0
1412,2024-11-18,14,37.5,27.0
1413,2024-11-25,14,37.5,27.0
1414,2024-12-02,14,30.0,21.6
1415,2024-12-09,14,30.0,21.6
1416,2024-12-16,14,30.0,21.6
1417,2024-12-23,14,30.0,21.6
1418,2024-12-30,14,30.0,21.6
1419,2025-01-06,14,35.6,25.63
1420,2025-01-13,14,35.6,25.63
1421,2025-01-20,14,35.6,25.63
1422,2025-01-27,14,35.6,25.63
1423,2025-02-03,14,37.5,27.0
1424,2025-02-10,14,37.5,27.0
1425,2025-02-17,14,37.5,27.0
1426,2025-02-24,14,37.5,27.0
1427,2025-03-03,14,37.5,27.0
1428,2025-03-10,14,37.5,27.0
1429,2025-03-17,14,37.5,27.0
1430,2025-03-24,14,37.5,27.0
1431,2025-03-31,14,37.5,27.0
1432,2025-04-07,14,36.4,26.21
1433,2025-04-14,14,36.4,26.21
1434,2025-04-21,14,36.4,26.21
1435,2025-04-28,14,36.4,26.21
1436,2025-05-05,14,37.5,27.0
1437,2025-05-12,14,37.5,27.0
1438,2025-05-19,14,37.5,27.0
1439,2025-05-26,14,37.5,27.0
1440,2025-06-02,14,33.0,23.76
1441,2025-06-09,14,33.0,23.76
1442,2025-06-16,14,33.0,23.76
1443,2025-06-23,14,33.0,23.76
1444,2025-06-30,14,33.0,23.76
1445,2025-07-07,14,20.6,14.83
1446,2025-07-14,14,20.6,14.83
1447,2025-07-21,14,20.6,14.83
1448,2025-07-28,14,20.6,14.83
1449,2025-08-04,14,34.5,24.84
1450,2025-08-11,14,34.5,24.84
1451,2025-08-18,14,34.5,24.84
1452,2025-08-25,14,34.5,24.84
1453,2025-09-01,14,38.2,27.5
1454,2025-09-08,14,38.2,27.5
1455,2025-09-15,14,38.2,27.5
1456,2025-09-22,14,38.2,27.5
1457,2025-09-29,14,38.2,27.5
1458,2025-10-06,14,38.2,27.5
1459,2025-10-13,14,38.2,27.5
1460,2025-10-20,14,38.2,27.5
1461,2025-10-27,14,38.2,27.5
1462,2025-11-03,14,37.5,27.0
1463,2025-11-10,14,37.5,27.0
1464,2025-11-17,14,37.5,27.0
1465,2025-11-24,14,37.5,27.0
1466,2025-12-01,14,30.0,21.6
1467,2025-12-08,14,30.0,21.6
1468,2025-12-15,14,30.0,21.6
1469,2025-12-22,14,30.0,21.6
1470,2025-12-29,14,30.0,21.6
1471,2024-01-01,15,35.6,25.63
1472,2024-01-08,15,35.6,25.63
1473,2024-01-15,15,35.6,25.63
1474,2024-01-22,15,35.6,25.63
1475,2024-01-29,15,35.6,25.63
1476,2024-02-05,15,37.5,27.0
1477,2024-02-12,15,37.5,27.0
1478,2024-02-19,15,37.5,27.0
1479,2024-02-26,15,37.5,27.0
1480,2024-03-04,15,37.5,27.0
1481,2024-03-11,15,37.5,27.0
1482,2024-03-18,15,37.5,27.0
1483,2024-03-25,15,37.5,27.0
1484,2024-04-01,15,36.4,26.21
1485,2024-04-08,15,36.4,26.21
1486,2024-04-15,15,36.4,26.21
1487,2024-04-22,15,36.4,26.21
1488,2024-04-29,15,36.4,26.21
1489,2024-05-06,15,37.5,27.0
1490,2024-05-13,15,37.5,27.0
1491,2024-05-20,15,37.5,27.0
1492,2024-05-27,15,37.5,27.0
1493,2024-06-03,15,33.0,23.76
1494,2024-06-10,15,33.0,23.76
1495,2024-06-17,15,33.0,23.76
1496,2024-06-24,15,33.0,23.76
1497,2024-07-01,15,20.6,14.83
1498,2024-07-08,15,20.6,14.83
1499,2024-07-15,15,20.6,14.83
1500,2024-07-22,15,20.6,14.83
1501,2024-07-29,15,20.6,14.83
1502,2024-08-05,15,34.5,24.84
1503,2024-08-12,15,34.5,24.84
1504,2024-08-19,15,34.5,24.84
1505,2024-08-26,15,34.5,24.84
1506,2024-09-02,15,38.2,27.5
1507,2024-09-09,15,38.2,27.5
1508,2024-09-16,15,38.2,27.5
1509,2024-09-23,15,38.2,27.5
1510,2024-09-30,15,38.2,27.5
1511,2024-10-07,15,38.2,27.5
1512,2024-10-14,15,38.2,27.5
1513,2024-10-21,15,38.2,27.5
1514,2024-10-28,15,38.2,27.5
1515,2024-11-04,15,37.5,27.0
1516,2024-11-11,15,37.5,27.0
1517,2024-11-18,15,37.5,27.0
1518,2024-11-25,15,37.5,27.0
1519,2024-12-02,15,30.0,21.6
1520,2024-12-09,15,30.0,21.6
1521,2024-12-16,15,30.0,21.6
1522,2024-12-23,15,30.0,21.6
1523,2024-12-30,15,30.0,21.6
1524,2025-01-06,15,35.6,25.63
1525,2025-01-13,15,35.6,25.63
1526,2025-01-20,15,35.6,25.63
1527,2025-01-27,15,35.6,25.63
1528,2025-02-03,15,37.5,27.0
1529,2025-02-10,15,37.5,27.0
1530,2025-02-17,15,37.5,27.0
1531,2025-02-24,15,37.5,27.0
1532,2025-03-03,15,37.5,27.0
1533,2025-03-10,15,37.5,27.0
1534,2025-03-17,15,37.5,27.0
1535,2025-03-24,15,37.5,27.0
1536,2025-03-31,15,37.5,27.0
1537,2025-04-07,15,36.4,26.21
1538,2025-04-14,15,36.4,26.21
1539,2025-04-21,15,36.4,26.21
1540,2025-04-28,15,36.4,26.21
1541,2025-05-05,15,37.5,27.0
1542,2025-05-12,15,37.5,27.0
1543,2025-05-19,15,37.5,27.0
1544,2025-05-26,15,37.5,27.0
1545,2025-06-02,15,33.0,23.76
1546,2025-06-09,15,33.0,23.76
1547,2025-06-16,15,33.0,23.76
1548,2025-06-23,15,33.0,23.76
1549,2025-06-30,15,33.0,23.76
1550,2025-07-07,15,20.6,14.83
1551,2025-07-14,15,20.6,14.83
1552,2025-07-21,15,20.6,14.83
1553,2025-07-28,15,20.6,14.83
1554,2025-08-04,15,34.5,24.84
1555,2025-08-11,15,34.5,24.84
1556,2025-08-18,15,34.5,24.84
1557,2025-08-25,15,34.5,24.84
1558,2025-09-01,15,38.2,27.5
1559,2025-09-08,15,38.2,27.5
1560,2025-09-15,15,38.2,27.5
1561,2025-09-22,15,38.2,27.5
1562,2025-09-29,15,38.2,27.5
1563,2025-10-06,15,38.2,27.5
1564,2025-10-13,15,38.2,27.5
1565,2025-10-20,15,38.2,27.5
1566,2025-10-27,15,38.2,27.5
1567,2025-11-03,15,37.5,27.0
1568,2025-11-10,15,37.5,27.0
1569,2025-11-17,15,37.5,27.0
1570,2025-11-24,15,37.5,27.0
1571,2025-12-01,15,30.0,21.6
1572,2025-12-08,15,30.0,21.6
1573,2025-12-15,15,30.0,21.6
1574,2025-12-22,15,30.0,21.6
1575,2025-12-29,15,30.0,21.6
1576,2024-01-01,16,35.6,27.77
1577,2024-01-08,16,35.6,27.77
1578,2024-01-15,16,35.6,27.77
1579,2024-01-22,16,35.6,27.77
1580,2024-01-29,16,35.6,27.77
1581,2024-02-05,16,37.5,29.25
1582,2024-02-12,16,37.5,29.25
1583,2024-02-19,16,37.5,29.25
1584,2024-02-26,16,37.5,29.25
1585,2024-03-04,16,37.5,29.25
1586,2024-03-11,16,37.5,29.25
1587,2024-03-18,16,37.5,29.25
1588,2024-03-25,16,37.5,29.25
1589,2024-04-01,16,36.4,28.39
1590,2024-04-08,16,36.4,28.39
1591,2024-04-15,16,36.4,28.39
1592,2024-04-22,16,36.4,28.39
1593,2024-04-29,16,36.4,28.39
1594,2024-05-06,16,37.5,29.25
1595,2024-05-13,16,37.5,29.25
1596,2024-05-20,16,37.5,29.25
1597,2024-05-27,16,37.5,29.25
1598,2024-06-03,16,33.0,25.74
1599,2024-06-10,16,33.0,25.74
1600,2024-06-17,16,33.0,25.74
1601,2024-06-24,16,33.0,25.74
1602,2024-07-01,16,20.6,16.07
1603,2024-07-08,16,20.6,16.07
1604,2024-07-15,16,20.6,16.07
1605,2024-07-22,16,20.6,16.07
1606,2024-07-29,16,20.6,16.07
1607,2024-08-05,16,34.5,26.91
1608,2024-08-12,16,34.5,26.91
1609,2024-08-19,16,34.5,26.91
1610,2024-08-26,16,34.5,26.91
1611,2024-09-02,16,38.2,29.8
1612,2024-09-09,16,38.2,29.8
1613,2024-09-16,16,38.2,29.8
1614,2024-09-23,16,38.2,29.8
1615,2024-09-30,16,38.2,29.8
1616,2024-10-07,16,38.2,29.8
1617,2024-10-14,16,38.2,29.8
1618,2024-10-21,16,38.2,29.8
1619,2024-10-28,16,38.2,29.8
1620,2024-11-04,16,37.5,29.25
1621,2024-11-11,16,37.5,29.25
1622,2024-11-18,16,37.5,29.25
1623,2024-11-25,16,37.5,29.25
1624,2024-12-02,16,30.0,23.4
1625,2024-12-09,16,30.0,23.4
1626,2024-12-16,16,30.0,23.4
1627,2024-12-23,16,30.0,23.4
1628,2024-12-30,16,30.0,23.4
1629,2025-01-06,16,35.6,27.77
1630,2025-01-13,16,35.6,27.77
1631,2025-01-20,16,35.6,27.77
1632,2025-01-27,16,35.6,27.77
1633,2025-02-03,16,37.5,29.25
1634,2025-02-10,16,37.5,29.25
1635,2025-02-17,16,37.5,29.25
1636,2025-02-24,16,37.5,29.25
1637,2025-03-03,16,37.5,29.25
1638,2025-03-10,16,37.5,29.25
1639,2025-03-17,16,37.5,29.25
1640,2025-03-24,16,37.5,29.25
1641,2025-03-31,16,37.5,29.25
1642,2025-04-07,16,36.4,28.39
1643,2025-04-14,16,36.4,28.39
1644,2025-04-21,16,36.4,28.39
1645,2025-04-28,16,36.4,28.39
1646,2025-05-05,16,37.5,29.25
1647,2025-05-12,16,37.5,29.25
1648,2025-05-19,16,37.5,29.25
1649,2025-05-26,16,37.5,29.25
1650,2025-06-02,16,33.0,25.74
1651,2025-06-09,16,33.0,25.74
1652,2025-06-16,16,33.0,25.74
1653,2025-06-23,16,33.0,25.74
1654,2025-06-30,16,33.0,25.74
1655,2025-07-07,16,20.6,16.07
1656,2025-07-14,16,20.6,16.07
1657,2025-07-21,16,20.6,16.07
1658,2025-07-28,16,20.6,16.07
1659,2025-08-04,16,34.5,26.91
1660,2025-08-11,16,34.5,26.91
1661,2025-08-18,16,34.5,26.91
1662,2025-08-25,16,34.5,26.91
1663,2025-09-01,16,38.2,29.8
1664,2025-09-08,16,38.2,29.8
1665,2025-09-15,16,38.2,29.8
1666,2025-09-22,16,38.2,29.8
1667,2025-09-29,16,38.2,29.8
1668,2025-10-06,16,38.2,29.8
1669,2025-10-13,16,38.2,29.8
1670,2025-10-20,16,38.2,29.8
1671,2025-10-27,16,38.2,29.8
1672,2025-11-03,16,37.5,29.25
1673,2025-11-10,16,37.5,29.25
1674,2025-11-17,16,37.5,29.25
1675,2025-11-24,16,37.5,29.25
1676,2025-12-01,16,30.0,23.4
1677,2025-12-08,16,30.0,23.4
1678,2025-12-15,16,30.0,23.4
1679,2025-12-22,16,30.0,23.4
1680,2025-12-29,16,30.0,23.4
1681,2024-01-01,17,35.6,25.63
1682,2024-01-08,17,35.6,25.63
1683,2024-01-15,17,35.6,25.63
1684,2024-01-22,17,35.6,25.63
1685,2024-01-29,17,35.6,25.63
1686,2024-02-05,17,37.5,27.0
1687,2024-02-12,17,37.5,27.0
1688,2024-02-19,17,37.5,27.0
1689,2024-02-26,17,37.5,27.0
1690,2024-03-04,17,37.5,27.0
1691,2024-03-11,17,37.5,27.0
1692,2024-03-18,17,37.5,27.0
1693,2024-03-25,17,37.5,27.0
1694,2024-04-01,17,36.4,26.21
1695,2024-04-08,17,36.4,26.21
1696,2024-04-15,17,36.4,26.21
1697,2024-04-22,17,36.4,26.21
1698,2024-04-29,17,36.4,26.21
1699,2024-05-06,17,37.5,27.0
1700,2024-05-13,17,37.5,27.0
1701,2024-05-20,17,37.5,27.0
1702,2024-05-27,17,37.5,27.0
1703,2024-06-03,17,33.0,23.76
1704,2024-06-10,17,33.0,23.76
1705,2024-06-17,17,33.0,23.76
1706,2024-06-24,17,33.0,23.76
1707,2024-07-01,17,20.6,14.83
1708,2024-07-08,17,20.6,14.83
1709,2024-07-15,17,20.6,14.83
1710,2024-07-22,17,20.6,14.83
1711,2024-07-29,17,20.6,14.83
1712,2024-08-05,17,34.5,24.84
1713,2024-08-12,17,34.5,24.84
1714,2024-08-19,17,34.5,24.84
1715,2024-08-26,17,34.5,24.84
1716,2024-09-02,17,38.2,27.5
1717,2024-09-09,17,38.2,27.5
1718,2024-09-16,17,38.2,27.5
1719,2024-09-23,17,38.2,27.5
1720,2024-09-30,17,38.2,27.5
1721,2024-10-07,17,38.2,27.5
1722,2024-10-14,17,38.2,27.5
1723,2024-10-21,17,38.2,27.5
1724,2024-10-28,17,38.2,27.5
1725,2024-11-04,17,37.5,27.0
1726,2024-11-11,17,37.5,27.0
1727,2024-11-18,17,37.5,27.0
1728,2024-11-25,17,37.5,27.0
1729,2024-12-02,17,30.0,21.6
1730,2024-12-09,17,30.0,21.6
1731,2024-12-16,17,30.0,21.6
1732,2024-12-23,17,30.0,21.6
1733,2024-12-30,17,30.0,21.6
1734,2025-01-06,17,35.6,25.63
1735,2025-01-13,17,35.6,25.63
1736,2025-01-20,17,35.6,25.63
1737,2025-01-27,17,35.6,25.63
1738,2025-02-03,17,37.5,27.0
1739,2025-02-10,17,37.5,27.0
1740,2025-02-17,17,37.5,27.0
1741,2025-02-24,17,37.5,27.0
1742,2025-03-03,17,37.5,27.0
1743,2025-03-10,17,37.5,27.0
1744,2025-03-17,17,37.5,27.0
1745,2025-03-24,17,37.5,27.0
1746,2025-03-31,17,37.5,27.0
1747,2025-04-07,17,36.4,26.21
1748,2025-04-14,17,36.4,26.21
1749,2025-04-21,17,36.4,26.21
1750,2025-04-28,17,36.4,26.21
1751,2025-05-05,17,37.5,27.0
1752,2025-05-12,17,37.5,27.0
1753,2025-05-19,17,37.5,27.0
1754,2025-05-26,17,37.5,27.0
1755,2025-06-02,17,33.0,23.76
1756,2025-06-09,17,33.0,23.76
1757,2025-06-16,17,33.0,23.76
1758,2025-06-23,17,33.0,23.76
1759,2025-06-30,17,33.0,23.76
1760,2025-07-07,17,20.6,14.83
1761,2025-07-14,17,20.6,14.83
1762,2025-07-21,17,20.6,14.83
1763,2025-07-28,17,20.6,14.83
1764,2025-08-04,17,34.5,24.84
1765,2025-08-11,17,34.5,24.84
1766,2025-08-18,17,34.5,24.84
1767,2025-08-25,17,34.5,24.84
1768,2025-09-01,17,38.2,27.5
1769,2025-09-08,17,38.2,27.5
1770,2025-09-15,17,38.2,27.5
1771,2025-09-22,17,38.2,27.5
1772,2025-09-29,17,38.2,27.5
1773,2025-10-06,17,38.2,27.5
1774,2025-10-13,17,38.2,27.5
1775,2025-10-20,17,38.2,27.5
1776,2025-10-27,17,38.2,27.5
1777,2025-11-03,17,37.5,27.0
1778,2025-11-10,17,37.5,27.0
1779,2025-11-17,17,37.5,27.0
1780,2025-11-24,17,37.5,27.0
1781,2025-12-01,17,30.0,21.6
1782,2025-12-08,17,30.0,21.6
1783,2025-12-15,17,30.0,21.6
1784,2025-12-22,17,30.0,21.6
1785,2025-12-29,17,30.0,21.6
1786,2024-01-01,18,35.6,25.63
1787,2024-01-08,18,35.6,25.63
1788,2024-01-15,18,35.6,25.63
1789,2024-01-22,18,35.6,25.63
1790,2024-01-29,18,35.6,25.63
1791,2024-02-05,18,37.5,27.0
1792,2024-02-12,18,37.5,27.0
1793,2024-02-19,18,37.5,27.0
1794,2024-02-26,18,37.5,27.0
1795,2024-03-04,18,37.5,27.0
1796,2024-03-11,18,37.5,27.0
1797,2024-03-18,18,37.5,27.0
1798,2024-03-25,18,37.5,27.0
1799,2024-04-01,18,36.4,26.21
1800,2024-04-08,18,36.4,26.21
1801,2024-04-15,18,36.4,26.21
1802,2024-04-22,18,36.4,26.21
1803,2024-04-29,18,36.4,26.21
1804,2024-05-06,18,37.5,27.0
1805,2024-05-13,18,37.5,27.0
1806,2024-05-20,18,37.5,27.0
1807,2024-05-27,18,37.5,27.0
1808,2024-06-03,18,33.0,23.76
1809,2024-06-10,18,33.0,23.76
1810,2024-06-17,18,33.0,23.76
1811,2024-06-24,18,33.0,23.76
1812,2024-07-01,18,20.6,14.83
1813,2024-07-08,18,20.6,14.83
1814,2024-07-15,18,20.6,14.83
1815,2024-07-22,18,20.6,14.83
1816,2024-07-29,18,20.6,14.83
1817,2024-08-05,18,34.5,24.84
1818,2024-08-12,18,34.5,24.84
1819,2024-08-19,18,34.5,24.84
1820,2024-08-26,18,34.5,24.84
1821,2024-09-02,18,38.2,27.5
1822,2024-09-09,18,38.2,27.5
1823,2024-09-16,18,38.2,27.5
1824,2024-09-23,18,38.2,27.5
1825,2024-09-30,18,38.2,27.5
1826,2024-10-07,18,38.2,27.5
1827,2024-10-14,18,38.2,27.5
1828,2024-10-21,18,38.2,27.5
1829,2024-10-28,18,38.2,27.5
1830,2024-11-04,18,37.5,27.0
1831,2024-11-11,18,37.5,27.0
1832,2024-11-18,18,37.5,27.0
1833,2024-11-25,18,37.5,27.0
1834,2024-12-02,18,30.0,21.6
1835,2024-12-09,18,30.0,21.6
1836,2024-12-16,18,30.0,21.6
1837,2024-12-23,18,30.0,21.6
1838,2024-12-30,18,30.0,21.6
1839,2025-01-06,18,35.6,25.63
1840,2025-01-13,18,35.6,25.63
1841,2025-01-20,18,35.6,25.63
1842,2025-01-27,18,35.6,25.63
1843,2025-02-03,18,37.5,27.0
1844,2025-02-10,18,37.5,27.0
1845,2025-02-17,18,37.5,27.0
1846,2025-02-24,18,37.5,27.0
1847,2025-03-03,18,37.5,27.0
1848,2025-03-10,18,37.5,27.0
1849,2025-03-17,18,37.5,27.0
1850,2025-03-24,18,37.5,27.0
1851,2025-03-31,18,37.5,27.0
1852,2025-04-07,18,36.4,26.21
1853,2025-04-14,18,36.4,26.21
1854,2025-04-21,18,36.4,26.21
1855,2025-04-28,18,36.4,26.21
1856,2025-05-05,18,37.5,27.0
1857,2025-05-12,18,37.5,27.0
1858,2025-05-19,18,37.5,27.0
1859,2025-05-26,18,37.5,27.0
1860,2025-06-02,18,33.0,23.76
1861,2025-06-09,18,33.0,23.76
1862,2025-06-16,18,33.0,23.76
1863,2025-06-23,18,33.0,23.76
1864,2025-06-30,18,33.0,23.76
1865,2025-07-07,18,20.6,14.83
1866,2025-07-14,18,20.6,14.83
1867,2025-07-21,18,20.6,14.83
1868,2025-07-28,18,20.6,14.83
1869,2025-08-04,18,34.5,24.84
1870,2025-08-11,18,34.5,24.84
1871,2025-08-18,18,34.5,24.84
1872,2025-08-25,18,34.5,24.84
1873,2025-09-01,18,38.2,27.5
1874,2025-09-08,18,38.2,27.5
1875,2025-09-15,18,38.2,27.5
1876,2025-09-22,18,38.2,27.5
1877,2025-09-29,18,38.2,27.5
1878,2025-10-06,18,38.2,27.5
1879,2025-10-13,18,38.2,27.5
1880,2025-10-20,18,38.2,27.5
1881,2025-10-27,18,38.2,27.5
1882,2025-11-03,18,37.5,27.0
1883,2025-11-10,18,37.5,27.0
1884,2025-11-17,18,37.5,27.0
1885,2025-11-24,18,37.5,27.0
1886,2025-12-01,18,30.0,21.6
1887,2025-12-08,18,30.0,21.6
1888,2025-12-15,18,30.0,21.6
1889,2025-12-22,18,30.0,21.6
1890,2025-12-29,18,30.0,21.6
1891,2024-01-01,19,35.6,28.48
1892,2024-01-08,19,35.6,28.48
1893,2024-01-15,19,35.6,28.48
1894,2024-01-22,19,35.6,28.48
1895,2024-01-29,19,35.6,28.48
1896,2024-02-05,19,37.5,30.0
1897,2024-02-12,19,37.5,30.0
1898,2024-02-19,19,37.5,30.0
1899,2024-02-26,19,37.5,30.0
1900,2024-03-04,19,37.5,30.0
1901,2024-03-11,19,37.5,30.0
1902,2024-03-18,19,37.5,30.0
1903,2024-03-25,19,37.5,30.0
1904,2024-04-01,19,36.4,29.12
1905,2024-04-08,19,36.4,29.12
1906,2024-04-15,19,36.4,29.12
1907,2024-04-22,19,36.4,29.12
1908,2024-04-29,19,36.4,29.12
1909,2024-05-06,19,37.5,30.0
1910,2024-05-13,19,37.5,30.0
1911,2024-05-20,19,37.5,30.0
1912,2024-05-27,19,37.5,30.0
1913,2024-06-03,19,33.0,26.4
1914,2024-06-10,19,33.0,26.4
1915,2024-06-17,19,33.0,26.4
1916,2024-06-24,19,33.0,26.4
1917,2024-07-01,19,20.6,16.48
1918,2024-07-08,19,20.6,16.48
1919,2024-07-15,19,20.6,16.48
1920,2024-07-22,19,20.6,16.48
1921,2024-07-29,19,20.6,16.48
1922,2024-08-05,19,34.5,27.6
1923,2024-08-12,19,34.5,27.6
1924,2024-08-19,19,34.5,27.6
1925,2024-08-26,19,34.5,27.6
1926,2024-09-02,19,38.2,30.56
1927,2024-09-09,19,38.2,30.56
1928,2024-09-16,19,38.2,30.56
1929,2024-09-23,19,38.2,30.56
1930,2024-09-30,19,38.2,30.56
1931,2024-10-07,19,38.2,30.56
1932,2024-10-14,19,38.2,30.56
1933,2024-10-21,19,38.2,30.56
1934,2024-10-28,19,38.2,30.56
1935,2024-11-04,19,37.5,30.0
1936,2024-11-11,19,37.5,30.0
1937,2024-11-18,19,37.5,30.0
1938,2024-11-25,19,37.5,30.0
1939,2024-12-02,19,30.0,24.0
1940,2024-12-09,19,30.0,24.0
1941,2024-12-16,19,30.0,24.0
1942,2024-12-23,19,30.0,24.0
1943,2024-12-30,19,30.0,24.0
1944,2025-01-06,19,35.6,28.48
1945,2025-01-13,19,35.6,28.48
1946,2025-01-20,19,35.6,28.48
1947,2025-01-27,19,35.6,28.48
1948,2025-02-03,19,37.5,30.0
1949,2025-02-10,19,37.5,30.0
1950,2025-02-17,19,37.5,30.0
1951,2025-02-24,19,37.5,30.0
1952,2025-03-03,19,37.5,30.0
1953,2025-03-10,19,37.5,30.0
1954,2025-03-17,19,37.5,30.0
1955,2025-03-24,19,37.5,30.0
1956,2025-03-31,19,37.5,30.0
1957,2025-04-07,19,36.4,29.12
1958,2025-04-14,19,36.4,29.12
1959,2025-04-21,19,36.4,29.12
1960,2025-04-28,19,36.4,29.12
1961,2025-05-05,19,37.5,30.0
1962,2025-05-12,19,37.5,30.0
1963,2025-05-19,19,37.5,30.0
1964,2025-05-26,19,37.5,30.0
1965,2025-06-02,19,33.0,26.4
1966,2025-06-09,19,33.0,26.4
1967,2025-06-16,19,33.0,26.4
1968,2025-06-23,19,33.0,26.4
1969,2025-06-30,19,33.0,26.4
1970,2025-07-07,19,20.6,16.48
1971,2025-07-14,19,20.6,16.48
1972,2025-07-21,19,20.6,16.48
1973,2025-07-28,19,20.6,16.48
1974,2025-08-04,19,34.5,27.6
1975,2025-08-11,19,34.5,27.6
1976,2025-08-18,19,34.5,27.6
1977,2025-08-25,19,34.5,27.6
1978,2025-09-01,19,38.2,30.56
1979,2025-09-08,19,38.2,30.56
1980,2025-09-15,19,38.2,30.56
1981,2025-09-22,19,38.2,30.56
1982,2025-09-29,19,38.2,30.56
1983,2025-10-06,19,38.2,30.56
1984,2025-10-13,19,38.2,30.56
1985,2025-10-20,19,38.2,30.56
1986,2025-10-27,19,38.2,30.56
1987,2025-11-03,19,37.5,30.0
1988,2025-11-10,19,37.5,30.0
1989,2025-11-17,19,37.5,30.0
1990,2025-11-24,19,37.5,30.0
1991,2025-12-01,19,30.0,24.0
1992,2025-12-08,19,30.0,24.0
1993,2025-12-15,19,30.0,24.0
1994,2025-12-22,19,30.0,24.0
1995,2025-12-29,19,30.0,24.0
1996,2024-01-01,20,35.6,27.77
1997,2024-01-08,20,35.6,27.77
1998,2024-01-15,20,35.6,27.77
1999,2024-01-22,20,35.6,27.77
2000,2024-01-29,20,35.6,27.77
2001,2024-02-05,20,37.5,29.25
2002,2024-02-12,20,37.5,29.25
2003,2024-02-19,20,37.5,29.25
2004,2024-02-26,20,37.5,29.25
2005,2024-03-04,20,37.5,29.25
2006,2024-03-11,20,37.5,29.25
2007,2024-03-18,20,37.5,29.25
2008,2024-03-25,20,37.5,29.25
2009,2024-04-01,20,36.4,28.39
2010,2024-04-08,20,36.4,28.39
2011,2024-04-15,20,36.4,28.39
2012,2024-04-22,20,36.4,28.39
2013,2024-04-29,20,36.4,28.39
2014,2024-05-06,20,37.5,29.25
2015,2024-05-13,20,37.5,29.25
2016,2024-05-20,20,37.5,29.25
2017,2024-05-27,20,37.5,29.25
2018,2024-06-03,20,33.0,25.74
2019,2024-06-10,20,33.0,25.74
2020,2024-06-17,20,33.0,25.74
2021,2024-06-24,20,33.0,25.74
2022,2024-07-01,20,20.6,16.07
2023,2024-07-08,20,20.6,16.07
2024,2024-07-15,20,20.6,16.07
2025,2024-07-22,20,20.6,16.07
2026,2024-07-29,20,20.6,16.07
2027,2024-08-05,20,34.5,26.91
2028,2024-08-12,20,34.5,26.91
2029,2024-08-19,20,34.5,26.91
2030,2024-08-26,20,34.5,26.91
2031,2024-09-02,20,38.2,29.8
2032,2024-09-09,20,38.2,29.8
2033,2024-09-16,20,38.2,29.8
2034,2024-09-23,20,38.2,29.8
2035,2024-09-30,20,38.2,29.8
2036,2024-10-07,20,38.2,29.8
2037,2024-10-14,20,38.2,29.8
2038,2024-10-21,20,38.2,29.8
2039,2024-10-28,20,38.2,29.8
2040,2024-11-04,20,37.5,29.25
2041,2024-11-11,20,37.5,29.25
2042,2024-11-18,20,37.5,29.25
2043,2024-11-25,20,37.5,29.25
2044,2024-12-02,20,30.0,23.4
2045,2024-12-09,20,30.0,23.4
2046,2024-12-16,20,30.0,23.4
2047,2024-12-23,20,30.0,23.4
2048,2024-12-30,20,30.0,23.4
2049,2025-01-06,20,35.6,27.77
2050,2025-01-13,20,35.6,27.77
2051,2025-01-20,20,35.6,27.77
2052,2025-01-27,20,35.6,27.77
2053,2025-02-03,20,37.5,29.25
2054,2025-02-10,20,37.5,29.25
2055,2025-02-17,20,37.5,29.25
2056,2025-02-24,20,37.5,29.25
2057,2025-03-03,20,37.5,29.25
2058,2025-03-10,20,37.5,29.25
2059,2025-03-17,20,37.5,29.25
2060,2025-03-24,20,37.5,29.25
2061,2025-03-31,20,37.5,29.25
2062,2025-04-07,20,36.4,28.39
2063,2025-04-14,20,36.4,28.39
2064,2025-04-21,20,36.4,28.39
2065,2025-04-28,20,36.4,28.39
2066,2025-05-05,20,37.5,29.25
2067,2025-05-12,20,37.5,29.25
2068,2025-05-19,20,37.5,29.25
2069,2025-05-26,20,37.5,29.25
2070,2025-06-02,20,33.0,25.74
2071,2025-06-09,20,33.0,25.74
2072,2025-06-16,20,33.0,25.74
2073,2025-06-23,20,33.0,25.74
2074,2025-06-30,20,33.0,25.74
2075,2025-07-07,20,20.6,16.07
2076,2025-07-14,20,20.6,16.07
2077,2025-07-21,20,20.6,16.07
2078,2025-07-28,20,20.6,16.07
2079,2025-08-04,20,34.5,26.91
2080,2025-08-11,20,34.5,26.91
2081,2025-08-18,20,34.5,26.91
2082,2025-08-25,20,34.5,26.91
2083,2025-09-01,20,38.2,29.8
2084,2025-09-08,20,38.2,29.8
2085,2025-09-15,20,38.2,29.8
2086,2025-09-22,20,38.2,29.8
2087,2025-09-29,20,38.2,29.8
2088,2025-10-06,20,38.2,29.8
2089,2025-10-13,20,38.2,29.8
2090,2025-10-20,20,38.2,29.8
2091,2025-10-27,20,38.2,29.8
2092,2025-11-03,20,37.5,29.25
2093,2025-11-10,20,37.5,29.25
2094,2025-11-17,20,37.5,29.25
2095,2025-11-24,20,37.5,29.25
2096,2025-12-01,20,30.0,23.4
2097,2025-12-08,20,30.0,23.4
2098,2025-12-15,20,30.0,23.4
2099,2025-12-22,20,30.0,23.4
2100,2025-12-29,20,30.0,23.4
2101,2024-01-01,21,35.6,28.48
2102,2024-01-08,21,35.6,28.48
2103,2024-01-15,21,35.6,28.48
2104,2024-01-22,21,35.6,28.48
2105,2024-01-29,21,35.6,28.48
2106,2024-02-05,21,37.5,30.0
2107,2024-02-12,21,37.5,30.0
2108,2024-02-19,21,37.5,30.0
2109,2024-02-26,21,37.5,30.0
2110,2024-03-04,21,37.5,30.0
2111,2024-03-11,21,37.5,30.0
2112,2024-03-18,21,37.5,30.0
2113,2024-03-25,21,37.5,30.0
2114,2024-04-01,21,36.4,29.12
2115,2024-04-08,21,36.4,29.12
2116,2024-04-15,21,36.4,29.12
2117,2024-04-22,21,36.4,29.12
2118,2024-04-29,21,36.4,29.12
2119,2024-05-06,21,37.5,30.0
2120,2024-05-13,21,37.5,30.0
2121,2024-05-20,21,37.5,30.0
2122,2024-05-27,21,37.5,30.0
2123,2024-06-03,21,33.0,26.4
2124,2024-06-10,21,33.0,26.4
2125,2024-06-17,21,33.0,26.4
2126,2024-06-24,21,33.0,26.4
2127,2024-07-01,21,20.6,16.48
2128,2024-07-08,21,20.6,16.48
2129,2024-07-15,21,20.6,16.48
2130,2024-07-22,21,20.6,16.48
2131,2024-07-29,21,20.6,16.48
2132,2024-08-05,21,34.5,27.6
2133,2024-08-12,21,34.5,27.6
2134,2024-08-19,21,34.5,27.6
2135,2024-08-26,21,34.5,27.6
2136,2024-09-02,21,38.2,30.56
2137,2024-09-09,21,38.2,30.56
2138,2024-09-16,21,38.2,30.56
2139,2024-09-23,21,38.2,30.56
2140,2024-09-30,21,38.2,30.56
2141,2024-10-07,21,38.2,30.56
2142,2024-10-14,21,38.2,30.56
2143,2024-10-21,21,38.2,30.56
2144,2024-10-28,21,38.2,30.56
2145,2024-11-04,21,37.5,30.0
2146,2024-11-11,21,37.5,30.0
2147,2024-11-18,21,37.5,30.0
2148,2024-11-25,21,37.5,30.0
2149,2024-12-02,21,30.0,24.0
2150,2024-12-09,21,30.0,24.0
2151,2024-12-16,21,30.0,24.0
2152,2024-12-23,21,30.0,24.0
2153,2024-12-30,21,30.0,24.0
2154,2025-01-06,21,35.6,28.48
2155,2025-01-13,21,35.6,28.48
2156,2025-01-20,21,35.6,28.48
2157,2025-01-27,21,35.6,28.48
2158,2025-02-03,21,37.5,30.0
2159,2025-02-10,21,37.5,30.0
2160,2025-02-17,21,37.5,30.0
2161,2025-02-24,21,37.5,30.0
2162,2025-03-03,21,37.5,30.0
2163,2025-03-10,21,37.5,30.0
2164,2025-03-17,21,37.5,30.0
2165,2025-03-24,21,37.5,30.0
2166,2025-03-31,21,37.5,30.0
2167,2025-04-07,21,36.4,29.12
2168,2025-04-14,21,36.4,29.12
2169,2025-04-21,21,36.4,29.12
2170,2025-04-28,21,36.4,29.12
2171,2025-05-05,21,37.5,30.0
2172,2025-05-12,21,37.5,30.0
2173,2025-05-19,21,37.5,30.0
2174,2025-05-26,21,37.5,30.0
2175,2025-06-02,21,33.0,26.4
2176,2025-06-09,21,33.0,26.4
2177,2025-06-16,21,33.0,26.4
2178,2025-06-23,21,33.0,26.4
2179,2025-06-30,21,33.0,26.4
2180,2025-07-07,21,20.6,16.48
2181,2025-07-14,21,20.6,16.48
2182,2025-07-21,21,20.6,16.48
2183,2025-07-28,21,20.6,16.48
2184,2025-08-04,21,34.5,27.6
2185,2025-08-11,21,34.5,27.6
2186,2025-08-18,21,34.5,27.6
2187,2025-08-25,21,34.5,27.6
2188,2025-09-01,21,38.2,30.56
2189,2025-09-08,21,38.2,30.56
2190,2025-09-15,21,38.2,30.56
2191,2025-09-22,21,38.2,30.56
2192,2025-09-29,21,38.2,30.56
2193,2025-10-06,21,38.2,30.56
2194,2025-10-13,21,38.2,30.56
2195,2025-10-20,21,38.2,30.56
2196,2025-10-27,21,38.2,30.56
2197,2025-11-03,21,37.5,30.0
2198,2025-11-10,21,37.5,30.0
2199,2025-11-17,21,37.5,30.0
2200,2025-11-24,21,37.5,30.0
2201,2025-12-01,21,30.0,24.0
2202,2025-12-08,21,30.0,24.0
2203,2025-12-15,21,30.0,24.0
2204,2025-12-22,21,30.0,24.0
2205,2025-12-29,21,30.0,24.0
2206,2024-01-01,22,35.6,25.63
2207,2024-01-08,22,35.6,25.63
2208,2024-01-15,22,35.6,25.63
2209,2024-01-22,22,35.6,25.63
2210,2024-01-29,22,35.6,25.63
2211,2024-02-05,22,37.5,27.0
2212,2024-02-12,22,37.5,27.0
2213,2024-02-19,22,37.5,27.0
2214,2024-02-26,22,37.5,27.0
2215,2024-03-04,22,37.5,27.0
2216,2024-03-11,22,37.5,27.0
2217,2024-03-18,22,37.5,27.0
2218,2024-03-25,22,37.5,27.0
2219,2024-04-01,22,36.4,26.21
2220,2024-04-08,22,36.4,26.21
2221,2024-04-15,22,36.4,26.21
2222,2024-04-22,22,36.4,26.21
2223,2024-04-29,22,36.4,26.21
2224,2024-05-06,22,37.5,27.0
2225,2024-05-13,22,37.5,27.0
2226,2024-05-20,22,37.5,27.0
2227,2024-05-27,22,37.5,27.0
2228,2024-06-03,22,33.0,23.76
2229,2024-06-10,22,33.0,23.76
2230,2024-06-17,22,33.0,23.76
2231,2024-06-24,22,33.0,23.76
2232,2024-07-01,22,20.6,14.83
2233,2024-07-08,22,20.6,14.83
2234,2024-07-15,22,20.6,14.83
2235,2024-07-22,22,20.6,14.83
2236,2024-07-29,22,20.6,14.83
2237,2024-08-05,22,34.5,24.84
2238,2024-08-12,22,34.5,24.84
2239,2024-08-19,22,34.5,24.84
2240,2024-08-26,22,34.5,24.84
2241,2024-09-02,22,38.2,27.5
2242,2024-09-09,22,38.2,27.5
2243,2024-09-16,22,38.2,27.5
2244,2024-09-23,22,38.2,27.5
2245,2024-09-30,22,38.2,27.5
2246,2024-10-07,22,38.2,27.5
2247,2024-10-14,22,38.2,27.5
2248,2024-10-21,22,38.2,27.5
2249,2024-10-28,22,38.2,27.5
2250,2024-11-04,22,37.5,27.0
2251,2024-11-11,22,37.5,27.0
2252,2024-11-18,22,37.5,27.0
2253,2024-11-25,22,37.5,27.0
2254,2024-12-02,22,30.0,21.6
2255,2024-12-09,22,30.0,21.6
2256,2024-12-16,22,30.0,21.6
2257,2024-12-23,22,30.0,21.6
2258,2024-12-30,22,30.0,21.6
2259,2025-01-06,22,35.6,25.63
2260,2025-01-13,22,35.6,25.63
2261,2025-01-20,22,35.6,25.63
2262,2025-01-27,22,35.6,25.63
2263,2025-02-03,22,37.5,27.0
2264,2025-02-10,22,37.5,27.0
2265,2025-02-17,22,37.5,27.0
2266,2025-02-24,22,37.5,27.0
2267,2025-03-03,22,37.5,27.0
2268,2025-03-10,22,37.5,27.0
2269,2025-03-17,22,37.5,27.0
2270,2025-03-24,22,37.5,27.0
2271,2025-03-31,22,37.5,27.0
2272,2025-04-07,22,36.4,26.21
2273,2025-04-14,22,36.4,26.21
2274,2025-04-21,22,36.4,26.21
2275,2025-04-28,22,36.4,26.21
2276,2025-05-05,22,37.5,27.0
2277,2025-05-12,22,37.5,27.0
2278,2025-05-19,22,37.5,27.0
2279,2025-05-26,22,37.5,27.0
2280,2025-06-02,22,33.0,23.76
2281,2025-06-09,22,33.0,23.76
2282,2025-06-16,22,33.0,23.76
2283,2025-06-23,22,33.0,23.76
2284,2025-06-30,22,33.0,23.76
2285,2025-07-07,22,20.6,14.83
2286,2025-07-14,22,20.6,14.83
2287,2025-07-21,22,20.6,14.83
2288,2025-07-28,22,20.6,14.83
2289,2025-08-04,22,34.5,24.84
2290,2025-08-11,22,34.5,24.84
2291,2025-08-18,22,34.5,24.84
2292,2025-08-25,22,34.5,24.84
2293,2025-09-01,22,38.2,27.5
2294,2025-09-08,22,38.2,27.5
2295,2025-09-15,22,38.2,27.5
2296,2025-09-22,22,38.2,27.5
2297,2025-09-29,22,38.2,27.5
2298,2025-10-06,22,38.2,27.5
2299,2025-10-13,22,38.2,27.5
2300,2025-10-20,22,38.2,27.5
2301,2025-10-27,22,38.2,27.5
2302,2025-11-03,22,37.5,27.0
2303,2025-11-10,22,37.5,27.0
2304,2025-11-17,22,37.5,27.0
2305,2025-11-24,22,37.5,27.0
2306,2025-12-01,22,30.0,21.6
2307,2025-12-08,22,30.0,21.6
2308,2025-12-15,22,30.0,21.6
2309,2025-12-22,22,30.0,21.6
2310,2025-12-29,22,30.0,21.6
2311,2024-01-01,23,35.6,28.48
2312,2024-01-08,23,35.6,28.48
2313,2024-01-15,23,35.6,28.48
2314,2024-01-22,23,35.6,28.48
2315,2024-01-29,23,35.6,28.48
2316,2024-02-05,23,37.5,30.0
2317,2024-02-12,23,37.5,30.0
2318,2024-02-19,23,37.5,30.0
2319,2024-02-26,23,37.5,30.0
2320,2024-03-04,23,37.5,30.0
2321,2024-03-11,23,37.5,30.0
2322,2024-03-18,23,37.5,30.0
2323,2024-03-25,23,37.5,30.0
2324,2024-04-01,23,36.4,29.12
2325,2024-04-08,23,36.4,29.12
2326,2024-04-15,23,36.4,29.12
2327,2024-04-22,23,36.4,29.12
2328,2024-04-29,23,36.4,29.12
2329,2024-05-06,23,37.5,30.0
2330,2024-05-13,23,37.5,30.0
2331,2024-05-20,23,37.5,30.0
2332,2024-05-27,23,37.5,30.0
2333,2024-06-03,23,33.0,26.4
2334,2024-06-10,23,33.0,26.4
2335,2024-06-17,23,33.0,26.4
2336,2024-06-24,23,33.0,26.4
2337,2024-07-01,23,20.6,16.48
2338,2024-07-08,23,20.6,16.48
2339,2024-07-15,23,20.6,16.48
2340,2024-07-22,23,20.6,16.48
2341,2024-07-29,23,20.6,16.48
2342,2024-08-05,23,34.5,27.6
2343,2024-08-12,23,34.5,27.6
2344,2024-08-19,23,34.5,27.6
2345,2024-08-26,23,34.5,27.6
2346,2024-09-02,23,38.2,30.56
2347,2024-09-09,23,38.2,30.56
2348,2024-09-16,23,38.2,30.56
2349,2024-09-23,23,38.2,30.56
2350,2024-09-30,23,38.2,30.56
2351,2024-10-07,23,38.2,30.56
2352,2024-10-14,23,38.2,30.56
2353,2024-10-21,23,38.2,30.56
2354,2024-10-28,23,38.2,30.56
2355,2024-11-04,23,37.5,30.0
2356,2024-11-11,23,37.5,30.0
2357,2024-11-18,23,37.5,30.0
2358,2024-11-25,23,37.5,30.0
2359,2024-12-02,23,30.0,24.0
2360,2024-12-09,23,30.0,24.0
2361,2024-12-16,23,30.0,24.0
2362,2024-12-23,23,30.0,24.0
2363,2024-12-30,23,30.0,24.0
2364,2025-01-06,23,35.6,28.48
2365,2025-01-13,23,35.6,28.48
2366,2025-01-20,23,35.6,28.48
2367,2025-01-27,23,35.6,28.48
2368,2025-02-03,23,37.5,30.0
2369,2025-02-10,23,37.5,30.0
2370,2025-02-17,23,37.5,30.0
2371,2025-02-24,23,37.5,30.0
2372,2025-03-03,23,37.5,30.0
2373,2025-03-10,23,37.5,30.0
2374,2025-03-17,23,37.5,30.0
2375,2025-03-24,23,37.5,30.0
2376,2025-03-31,23,37.5,30.0
2377,2025-04-07,23,36.4,29.12
2378,2025-04-14,23,36.4,29.12
2379,2025-04-21,23,36.4,29.12
2380,2025-04-28,23,36.4,29.12
2381,2025-05-05,23,37.5,30.0
2382,2025-05-12,23,37.5,30.0
2383,2025-05-19,23,37.5,30.0
2384,2025-05-26,23,37.5,30.0
2385,2025-06-02,23,33.0,26.4
2386,2025-06-09,23,33.0,26.4
2387,2025-06-16,23,33.0,26.4
2388,2025-06-23,23,33.0,26.4
2389,2025-06-30,23,33.0,26.4
2390,2025-07-07,23,20.6,16.48
2391,2025-07-14,23,20.6,16.48
2392,2025-07-21,23,20.6,16.48
2393,2025-07-28,23,20.6,16.48
2394,2025-08-04,23,34.5,27.6
2395,2025-08-11,23,34.5,27.6
2396,2025-08-18,23,34.5,27.6
2397,2025-08-25,23,34.5,27.6
2398,2025-09-01,23,38.2,30.56
2399,2025-09-08,23,38.2,30.56
2400,2025-09-15,23,38.2,30.56
2401,2025-09-22,23,38.2,30.56
2402,2025-09-29,23,38.2,30.56
2403,2025-10-06,23,38.2,30.56
2404,2025-10-13,23,38.2,30.56
2405,2025-10-20,23,38.2,30.56
2406,2025-10-27,23,38.2,30.56
2407,2025-11-03,23,37.5,30.0
2408,2025-11-10,23,37.5,30.0
2409,2025-11-17,23,37.5,30.0
2410,2025-11-24,23,37.5,30.0
2411,2025-12-01,23,30.0,24.0
2412,2025-12-08,23,30.0,24.0
2413,2025-12-15,23,30.0,24.0
2414,2025-12-22,23,30.0,24.0
2415,2025-12-29,23,30.0,24.0
2416,2024-01-01,24,35.6,27.77
2417,2024-01-08,24,35.6,27.77
2418,2024-01-15,24,35.6,27.77
2419,2024-01-22,24,35.6,27.77
2420,2024-01-29,24,35.6,27.77
2421,2024-02-05,24,37.5,29.25
2422,2024-02-12,24,37.5,29.25
2423,2024-02-19,24,37.5,29.25
2424,2024-02-26,24,37.5,29.25
2425,2024-03-04,24,37.5,29.25
2426,2024-03-11,24,37.5,29.25
2427,2024-03-18,24,37.5,29.25
2428,2024-03-25,24,37.5,29.25
2429,2024-04-01,24,36.4,28.39
2430,2024-04-08,24,36.4,28.39
2431,2024-04-15,24,36.4,28.39
2432,2024-04-22,24,36.4,28.39
2433,2024-04-29,24,36.4,28.39
2434,2024-05-06,24,37.5,29.25
2435,2024-05-13,24,37.5,29.25
2436,2024-05-20,24,37.5,29.25
2437,2024-05-27,24,37.5,29.25
2438,2024-06-03,24,33.0,25.74
2439,2024-06-10,24,33.0,25.74
2440,2024-06-17,24,33.0,25.74
2441,2024-06-24,24,33.0,25.74
2442,2024-07-01,24,20.6,16.07
2443,2024-07-08,24,20.6,16.07
2444,2024-07-15,24,20.6,16.07
2445,2024-07-22,24,20.6,16.07
2446,2024-07-29,24,20.6,16.07
2447,2024-08-05,24,34.5,26.91
2448,2024-08-12,24,34.5,26.91
2449,2024-08-19,24,34.5,26.91
2450,2024-08-26,24,34.5,26.91
2451,2024-09-02,24,38.2,29.8
2452,2024-09-09,24,38.2,29.8
2453,2024-09-16,24,38.2,29.8
2454,2024-09-23,24,38.2,29.8
2455,2024-09-30,24,38.2,29.8
2456,2024-10-07,24,38.2,29.8
2457,2024-10-14,24,38.2,29.8
2458,2024-10-21,24,38.2,29.8
2459,2024-10-28,24,38.2,29.8
2460,2024-11-04,24,37.5,29.25
2461,2024-11-11,24,37.5,29.25
2462,2024-11-18,24,37.5,29.25
2463,2024-11-25,24,37.5,29.25
2464,2024-12-02,24,30.0,23.4
2465,2024-12-09,24,30.0,23.4
2466,2024-12-16,24,30.0,23.4
2467,2024-12-23,24,30.0,23.4
2468,2024-12-30,24,30.0,23.4
2469,2025-01-06,24,35.6,27.77
2470,2025-01-13,24,35.6,27.77
2471,2025-01-20,24,35.6,27.77
2472,2025-01-27,24,35.6,27.77
2473,2025-02-03,24,37.5,29.25
2474,2025-02-10,24,37.5,29.25
2475,2025-02-17,24,37.5,29.25
2476,2025-02-24,24,37.5,29.25
2477,2025-03-03,24,37.5,29.25
2478,2025-03-10,24,37.5,29.25
2479,2025-03-17,24,37.5,29.25
2480,2025-03-24,24,37.5,29.25
2481,2025-03-31,24,37.5,29.25
2482,2025-04-07,24,36.4,28.39
2483,2025-04-14,24,36.4,28.39
2484,2025-04-21,24,36.4,28.39
2485,2025-04-28,24,36.4,28.39
2486,2025-05-05,24,37.5,29.25
2487,2025-05-12,24,37.5,29.25
2488,2025-05-19,24,37.5,29.25
2489,2025-05-26,24,37.5,29.25
2490,2025-06-02,24,33.0,25.74
2491,2025-06-09,24,33.0,25.74
2492,2025-06-16,24,33.0,25.74
2493,2025-06-23,24,33.0,25.74
2494,2025-06-30,24,33.0,25.74
2495,2025-07-07,24,20.6,16.07
2496,2025-07-14,24,20.6,16.07
2497,2025-07-21,24,20.6,16.07
2498,2025-07-28,24,20.6,16.07
2499,2025-08-04,24,34.5,26.91
2500,2025-08-11,24,34.5,26.91
2501,2025-08-18,24,34.5,26.91
2502,2025-08-25,24,34.5,26.91
2503,2025-09-01,24,38.2,29.8
2504,2025-09-08,24,38.2,29.8
2505,2025-09-15,24,38.2,29.8
2506,2025-09-22,24,38.2,29.8
2507,2025-09-29,24,38.2,29.8
2508,2025-10-06,24,38.2,29.8
2509,2025-10-13,24,38.2,29.8
2510,2025-10-20,24,38.2,29.8
2511,2025-10-27,24,38.2,29.8
2512,2025-11-03,24,37.5,29.25
2513,2025-11-10,24,37.5,29.25
2514,2025-11-17,24,37.5,29.25
2515,2025-11-24,24,37.5,29.25
2516,2025-12-01,24,30.0,23.4
2517,2025-12-08,24,30.0,23.4
2518,2025-12-15,24,30.0,23.4
2519,2025-12-22,24,30.0,23.4
2520,2025-12-29,24,30.0,23.4
2521,2024-01-01,25,35.6,28.48
2522,2024-01-08,25,35.6,28.48
2523,2024-01-15,25,35.6,28.48
2524,2024-01-22,25,35.6,28.48
2525,2024-01-29,25,35.6,28.48
2526,2024-02-05,25,37.5,30.0
2527,2024-02-12,25,37.5,30.0
2528,2024-02-19,25,37.5,30.0
2529,2024-02-26,25,37.5,30.0
2530,2024-03-04,25,37.5,30.0
2531,2024-03-11,25,37.5,30.0
2532,2024-03-18,25,37.5,30.0
2533,2024-03-25,25,37.5,30.0
2534,2024-04-01,25,36.4,29.12
2535,2024-04-08,25,36.4,29.12
2536,2024-04-15,25,36.4,29.12
2537,2024-04-22,25,36.4,29.12
2538,2024-04-29,25,36.4,29.12
2539,2024-05-06,25,37.5,30.0
2540,2024-05-13,25,37.5,30.0
2541,2024-05-20,25,37.5,30.0
2542,2024-05-27,25,37.5,30.0
2543,2024-06-03,25,33.0,26.4
2544,2024-06-10,25,33.0,26.4
2545,2024-06-17,25,33.0,26.4
2546,2024-06-24,25,33.0,26.4
2547,2024-07-01,25,20.6,16.48
2548,2024-07-08,25,20.6,16.48
2549,2024-07-15,25,20.6,16.48
2550,2024-07-22,25,20.6,16.48
2551,2024-07-29,25,20.6,16.48
2552,2024-08-05,25,34.5,27.6
2553,2024-08-12,25,34.5,27.6
2554,2024-08-19,25,34.5,27.6
2555,2024-08-26,25,34.5,27.6
2556,2024-09-02,25,38.2,30.56
2557,2024-09-09,25,38.2,30.56
2558,2024-09-16,25,38.2,30.56
2559,2024-09-23,25,38.2,30.56
2560,2024-09-30,25,38.2,30.56
2561,2024-10-07,25,38.2,30.56
2562,2024-10-14,25,38.2,30.56
2563,2024-10-21,25,38.2,30.56
2564,2024-10-28,25,38.2,30.56
2565,2024-11-04,25,37.5,30.0
2566,2024-11-11,25,37.5,30.0
2567,2024-11-18,25,37.5,30.0
2568,2024-11-25,25,37.5,30.0
2569,2024-12-02,25,30.0,24.0
2570,2024-12-09,25,30.0,24.0
2571,2024-12-16,25,30.0,24.0
2572,2024-12-23,25,30.0,24.0
2573,2024-12-30,25,30.0,24.0
2574,2025-01-06,25,35.6,28.48
2575,2025-01-13,25,35.6,28.48
2576,2025-01-20,25,35.6,28.48
2577,2025-01-27,25,35.6,28.48
2578,2025-02-03,25,37.5,30.0
2579,2025-02-10,25,37.5,30.0
2580,2025-02-17,25,37.5,30.0
2581,2025-02-24,25,37.5,30.0
2582,2025-03-03,25,37.5,30.0
2583,2025-03-10,25,37.5,30.0
2584,2025-03-17,25,37.5,30.0
2585,2025-03-24,25,37.5,30.0
2586,2025-03-31,25,37.5,30.0
2587,2025-04-07,25,36.4,29.12
2588,2025-04-14,25,36.4,29.12
2589,2025-04-21,25,36.4,29.12
2590,2025-04-28,25,36.4,29.12
2591,2025-05-05,25,37.5,30.0
2592,2025-05-12,25,37.5,30.0
2593,2025-05-19,25,37.5,30.0
2594,2025-05-26,25,37.5,30.0
2595,2025-06-02,25,33.0,26.4
2596,2025-06-09,25,33.0,26.4
2597,2025-06-16,25,33.0,26.4
2598,2025-06-23,25,33.0,26.4
2599,2025-06-30,25,33.0,26.4
2600,2025-07-07,25,20.6,16.48
2601,2025-07-14,25,20.6,16.48
2602,2025-07-21,25,20.6,16.48
2603,2025-07-28,25,20.6,16.48
2604,2025-08-04,25,34.5,27.6
2605,2025-08-11,25,34.5,27.6
2606,2025-08-18,25,34.5,27.6
2607,2025-08-25,25,34.5,27.6
2608,2025-09-01,25,38.2,30.56
2609,2025-09-08,25,38.2,30.56
2610,2025-09-15,25,38.2,30.56
2611,2025-09-22,25,38.2,30.56
2612,2025-09-29,25,38.2,30.56
2613,2025-10-06,25,38.2,30.56
2614,2025-10-13,25,38.2,30.56
2615,2025-10-20,25,38.2,30.56
2616,2025-10-27,25,38.2,30.56
2617,2025-11-03,25,37.5,30.0
2618,2025-11-10,25,37.5,30.0
2619,2025-11-17,25,37.5,30.0
2620,2025-11-24,25,37.5,30.0
2621,2025-12-01,25,30.0,24.0
2622,2025-12-08,25,30.0,24.0
2623,2025-12-15,25,30.0,24.0
2624,2025-12-22,25,30.0,24.0
2625,2025-12-29,25,30.0,24.0
2626,2024-01-01,26,35.6,25.63
2627,2024-01-08,26,35.6,25.63
2628,2024-01-15,26,35.6,25.63
2629,2024-01-22,26,35.6,25.63
2630,2024-01-29,26,35.6,25.63
2631,2024-02-05,26,37.5,27.0
2632,2024-02-12,26,37.5,27.0
2633,2024-02-19,26,37.5,27.0
2634,2024-02-26,26,37.5,27.0
2635,2024-03-04,26,37.5,27.0
2636,2024-03-11,26,37.5,27.0
2637,2024-03-18,26,37.5,27.0
2638,2024-03-25,26,37.5,27.0
2639,2024-04-01,26,36.4,26.21
2640,2024-04-08,26,36.4,26.21
2641,2024-04-15,26,36.4,26.21
2642,2024-04-22,26,36.4,26.21
2643,2024-04-29,26,36.4,26.21
2644,2024-05-06,26,37.5,27.0
2645,2024-05-13,26,37.5,27.0
2646,2024-05-20,26,37.5,27.0
2647,2024-05-27,26,37.5,27.0
2648,2024-06-03,26,33.0,23.76
2649,2024-06-10,26,33.0,23.76
2650,2024-06-17,26,33.0,23.76
2651,2024-06-24,26,33.0,23.76
2652,2024-07-01,26,20.6,14.83
2653,2024-07-08,26,20.6,14.83
2654,2024-07-15,26,20.6,14.83
2655,2024-07-22,26,20.6,14.83
2656,2024-07-29,26,20.6,14.83
2657,2024-08-05,26,34.5,24.84
2658,2024-08-12,26,34.5,24.84
2659,2024-08-19,26,34.5,24.84
2660,2024-08-26,26,34.5,24.84
2661,2024-09-02,26,38.2,27.5
2662,2024-09-09,26,38.2,27.5
2663,2024-09-16,26,38.2,27.5
2664,2024-09-23,26,38.2,27.5
2665,2024-09-30,26,38.2,27.5
2666,2024-10-07,26,38.2,27.5
2667,2024-10-14,26,38.2,27.5
2668,2024-10-21,26,38.2,27.5
2669,2024-10-28,26,38.2,27.5
2670,2024-11-04,26,37.5,27.0
2671,2024-11-11,26,37.5,27.0
2672,2024-11-18,26,37.5,27.0
2673,2024-11-25,26,37.5,27.0
2674,2024-12-02,26,30.0,21.6
2675,2024-12-09,26,30.0,21.6
2676,2024-12-16,26,30.0,21.6
2677,2024-12-23,26,30.0,21.6
2678,2024-12-30,26,30.0,21.6
2679,2025-01-06,26,35.6,25.63
2680,2025-01-13,26,35.6,25.63
2681,2025-01-20,26,35.6,25.63
2682,2025-01-27,26,35.6,25.63
2683,2025-02-03,26,37.5,27.0
2684,2025-02-10,26,37.5,27.0
2685,2025-02-17,26,37.5,27.0
2686,2025-02-24,26,37.5,27.0
2687,2025-03-03,26,37.5,27.0
2688,2025-03-10,26,37.5,27.0
2689,2025-03-17,26,37.5,27.0
2690,2025-03-24,26,37.5,27.0
2691,2025-03-31,26,37.5,27.0
2692,2025-04-07,26,36.4,26.21
2693,2025-04-14,26,36.4,26.21
2694,2025-04-21,26,36.4,26.21
2695,2025-04-28,26,36.4,26.21
2696,2025-05-05,26,37.5,27.0
2697,2025-05-12,26,37.5,27.0
2698,2025-05-19,26,37.5,27.0
2699,2025-05-26,26,37.5,27.0
2700,2025-06-02,26,33.0,23.76
2701,2025-06-09,26,33.0,23.76
2702,2025-06-16,26,33.0,23.76
2703,2025-06-23,26,33.0,23.76
2704,2025-06-30,26,33.0,23.76
2705,2025-07-07,26,20.6,14.83
2706,2025-07-14,26,20.6,14.83
2707,2025-07-21,26,20.6,14.83
2708,2025-07-28,26,20.6,14.83
2709,2025-08-04,26,34.5,24.84
2710,2025-08-11,26,34.5,24.84
2711,2025-08-18,26,34.5,24.84
2712,2025-08-25,26,34.5,24.84
2713,2025-09-01,26,38.2,27.5
2714,2025-09-08,26,38.2,27.5
2715,2025-09-15,26,38.2,27.5
2716,2025-09-22,26,38.2,27.5
2717,2025-09-29,26,38.2,27.5
2718,2025-10-06,26,38.2,27.5
2719,2025-10-13,26,38.2,27.5
2720,2025-10-20,26,38.2,27.5
2721,2025-10-27,26,38.2,27.5
2722,2025-11-03,26,37.5,27.0
2723,2025-11-10,26,37.5,27.0
2724,2025-11-17,26,37.5,27.0
2725,2025-11-24,26,37.5,27.0
2726,2025-12-01,26,30.0,21.6
2727,2025-12-08,26,30.0,21.6
2728,2025-12-15,26,30.0,21.6
2729,2025-12-22,26,30.0,21.6
2730,2025-12-29,26,30.0,21.6
2731,2024-01-01,27,35.6,19.58
2732,2024-01-08,27,35.6,19.58
2733,2024-01-15,27,35.6,19.58
2734,2024-01-22,27,35.6,19.58
2735,2024-01-29,27,35.6,19.58
2736,2024-02-05,27,37.5,20.62
2737,2024-02-12,27,37.5,20.62
2738,2024-02-19,27,37.5,20.62
2739,2024-02-26,27,37.5,20.62
2740,2024-03-04,27,37.5,20.62
2741,2024-03-11,27,37.5,20.62
2742,2024-03-18,27,37.5,20.62
2743,2024-03-25,27,37.5,20.62
2744,2024-04-01,27,36.4,20.02
2745,2024-04-08,27,36.4,20.02
2746,2024-04-15,27,36.4,20.02
2747,2024-04-22,27,36.4,20.02
2748,2024-04-29,27,36.4,20.02
2749,2024-05-06,27,37.5,20.62
2750,2024-05-13,27,37.5,20.62
2751,2024-05-20,27,37.5,20.62
2752,2024-05-27,27,37.5,20.62
2753,2024-06-03,27,33.0,18.15
2754,2024-06-10,27,33.0,18.15
2755,2024-06-17,27,33.0,18.15
2756,2024-06-24,27,33.0,18.15
2757,2024-07-01,27,20.6,11.33
2758,2024-07-08,27,20.6,11.33
2759,2024-07-15,27,20.6,11.33
2760,2024-07-22,27,20.6,11.33
2761,2024-07-29,27,20.6,11.33
2762,2024-08-05,27,34.5,18.98
2763,2024-08-12,27,34.5,18.98
2764,2024-08-19,27,34.5,18.98
2765,2024-08-26,27,34.5,18.98
2766,2024-09-02,27,38.2,21.01
2767,2024-09-09,27,38.2,21.01
2768,2024-09-16,27,38.2,21.01
2769,2024-09-23,27,38.2,21.01
2770,2024-09-30,27,38.2,21.01
2771,2024-10-07,27,38.2,21.01
2772,2024-10-14,27,38.2,21.01
2773,2024-10-21,27,38.2,21.01
2774,2024-10-28,27,38.2,21.01
2775,2024-11-04,27,37.5,20.62
2776,2024-11-11,27,37.5,20.62
2777,2024-11-18,27,37.5,20.62
2778,2024-11-25,27,37.5,20.62
2779,2024-12-02,27,30.0,16.5
2780,2024-12-09,27,30.0,16.5
2781,2024-12-16,27,30.0,16.5
2782,2024-12-23,27,30.0,16.5
2783,2024-12-30,27,30.0,16.5
2784,2025-01-06,27,35.6,19.58
2785,2025-01-13,27,35.6,19.58
2786,2025-01-20,27,35.6,19.58
2787,2025-01-27,27,35.6,19.58
2788,2025-02-03,27,37.5,20.62
2789,2025-02-10,27,37.5,20.62
2790,2025-02-17,27,37.5,20.62
2791,2025-02-24,27,37.5,20.62
2792,2025-03-03,27,37.5,20.62
2793,2025-03-10,27,37.5,20.62
2794,2025-03-17,27,37.5,20.62
2795,2025-03-24,27,37.5,20.62
2796,2025-03-31,27,37.5,20.62
2797,2025-04-07,27,36.4,20.02
2798,2025-04-14,27,36.4,20.02
2799,2025-04-21,27,36.4,20.02
2800,2025-04-28,27,36.4,20.02
2801,2025-05-05,27,37.5,20.62
2802,2025-05-12,27,37.5,20.62
2803,2025-05-19,27,37.5,20.62
2804,2025-05-26,27,37.5,20.62
2805,2025-06-02,27,33.0,18.15
2806,2025-06-09,27,33.0,18.15
2807,2025-06-16,27,33.0,18.15
2808,2025-06-23,27,33.0,18.15
2809,2025-06-30,27,33.0,18.15
2810,2025-07-07,27,20.6,11.33
2811,2025-07-14,27,20.6,11.33
2812,2025-07-21,27,20.6,11.33
2813,2025-07-28,27,20.6,11.33
2814,2025-08-04,27,34.5,18.98
2815,2025-08-11,27,34.5,18.98
2816,2025-08-18,27,34.5,18.98
2817,2025-08-25,27,34.5,18.98
2818,2025-09-01,27,38.2,21.01
2819,2025-09-08,27,38.2,21.01
2820,2025-09-15,27,38.2,21.01
2821,2025-09-22,27,38.2,21.01
2822,2025-09-29,27,38.2,21.01
2823,2025-10-06,27,38.2,21.01
2824,2025-10-13,27,38.2,21.01
2825,2025-10-20,27,38.2,21.01
2826,2025-10-27,27,38.2,21.01
2827,2025-11-03,27,37.5,20.62
2828,2025-11-10,27,37.5,20.62
2829,2025-11-17,27,37.5,20.62
2830,2025-11-24,27,37.5,20.62
2831,2025-12-01,27,30.0,16.5
2832,2025-12-08,27,30.0,16.5
2833,2025-12-15,27,30.0,16.5
2834,2025-12-22,27,30.0,16.5
2835,2025-12-29,27,30.0,16.5
2836,2024-01-01,28,35.6,10.68
2837,2024-01-08,28,35.6,10.68
2838,2024-01-15,28,35.6,10.68
2839,2024-01-22,28,35.6,10.68
2840,2024-01-29,28,35.6,10.68
2841,2024-02-05,28,37.5,11.25
2842,2024-02-12,28,37.5,11.25
2843,2024-02-19,28,37.5,11.25
2844,2024-02-26,28,37.5,11.25
2845,2024-03-04,28,37.5,11.25
2846,2024-03-11,28,37.5,11.25
2847,2024-03-18,28,37.5,11.25
2848,2024-03-25,28,37.5,11.25
2849,2024-04-01,28,36.4,10.92
2850,2024-04-08,28,36.4,10.92
2851,2024-04-15,28,36.4,10.92
2852,2024-04-22,28,36.4,10.92
2853,2024-04-29,28,36.4,10.92
2854,2024-05-06,28,37.5,11.25
2855,2024-05-13,28,37.5,11.25
2856,2024-05-20,28,37.5,11.25
2857,2024-05-27,28,37.5,11.25
2858,2024-06-03,28,33.0,9.9
2859,2024-06-10,28,33.0,9.9
2860,2024-06-17,28,33.0,9.9
2861,2024-06-24,28,33.0,9.9
2862,2024-07-01,28,20.6,6.18
2863,2024-07-08,28,20.6,6.18
2864,2024-07-15,28,20.6,6.18
2865,2024-07-22,28,20.6,6.18
2866,2024-07-29,28,20.6,6.18
2867,2024-08-05,28,34.5,10.35
2868,2024-08-12,28,34.5,10.35
2869,2024-08-19,28,34.5,10.35
2870,2024-08-26,28,34.5,10.35
2871,2024-09-02,28,38.2,11.46
2872,2024-09-09,28,38.2,11.46
2873,2024-09-16,28,38.2,11.46
2874,2024-09-23,28,38.2,11.46
2875,2024-09-30,28,38.2,11.46
2876,2024-10-07,28,38.2,11.46
2877,2024-10-14,28,38.2,11.46
2878,2024-10-21,28,38.2,11.46
2879,2024-10-28,28,38.2,11.46
2880,2024-11-04,28,37.5,11.25
2881,2024-11-11,28,37.5,11.25
2882,2024-11-18,28,37.5,11.25
2883,2024-11-25,28,37.5,11.25
2884,2024-12-02,28,30.0,9.0
2885,2024-12-09,28,30.0,9.0
2886,2024-12-16,28,30.0,9.0
2887,2024-12-23,28,30.0,9.0
2888,2024-12-30,28,30.0,9.0
2889,2025-01-06,28,35.6,10.68
2890,2025-01-13,28,35.6,10.68
2891,2025-01-20,28,35.6,10.68
2892,2025-01-27,28,35.6,10.68
2893,2025-02-03,28,37.5,11.25
2894,2025-02-10,28,37.5,11.25
2895,2025-02-17,28,37.5,11.25
2896,2025-02-24,28,37.5,11.25
2897,2025-03-03,28,37.5,11.25
2898,2025-03-10,28,37.5,11.25
2899,2025-03-17,28,37.5,11.25
2900,2025-03-24,28,37.5,11.25
2901,2025-03-31,28,37.5,11.25
2902,2025-04-07,28,36.4,10.92
2903,2025-04-14,28,36.4,10.92
2904,2025-04-21,28,36.4,10.92
2905,2025-04-28,28,36.4,10.92
2906,2025-05-05,28,37.5,11.25
2907,2025-05-12,28,37.5,11.25
2908,2025-05-19,28,37.5,11.25
2909,2025-05-26,28,37.5,11.25
2910,2025-06-02,28,33.0,9.9
2911,2025-06-09,28,33.0,9.9
2912,2025-06-16,28,33.0,9.9
2913,2025-06-23,28,33.0,9.9
2914,2025-06-30,28,33.0,9.9
2915,2025-07-07,28,20.6,6.18
2916,2025-07-14,28,20.6,6.18
2917,2025-07-21,28,20.6,6.18
2918,2025-07-28,28,20.6,6.18
2919,2025-08-04,28,34.5,10.35
2920,2025-08-11,28,34.5,10.35
2921,2025-08-18,28,34.5,10.35
2922,2025-08-25,28,34.5,10.35
2923,2025-09-01,28,38.2,11.46
2924,2025-09-08,28,38.2,11.46
2925,2025-09-15,28,38.2,11.46
2926,2025-09-22,28,38.2,11.46
2927,2025-09-29,28,38.2,11.46
2928,2025-10-06,28,38.2,11.46
2929,2025-10-13,28,38.2,11.46
2930,2025-10-20,28,38.2,11.46
2931,2025-10-27,28,38.2,11.46
2932,2025-11-03,28,37.5,11.25
2933,2025-11-10,28,37.5,11.25
2934,2025-11-17,28,37.5,11.25
2935,2025-11-24,28,37.5,11.25
2936,2025-12-01,28,30.0,9.0
2937,2025-12-08,28,30.0,9.0
2938,2025-12-15,28,30.0,9.0
2939,2025-12-22,28,30.0,9.0
2940,2025-12-29,28,30.0,9.0
2941,2024-01-01,29,35.6,27.77
2942,2024-01-08,29,35.6,27.77
2943,2024-01-15,29,35.6,27.77
2944,2024-01-22,29,35.6,27.77
2945,2024-01-29,29,35.6,27.77
2946,2024-02-05,29,37.5,29.25
2947,2024-02-12,29,37.5,29.25
2948,2024-02-19,29,37.5,29.25
2949,2024-02-26,29,37.5,29.25
2950,2024-03-04,29,37.5,29.25
2951,2024-03-11,29,37.5,29.25
2952,2024-03-18,29,37.5,29.25
2953,2024-03-25,29,37.5,29.25
2954,2024-04-01,29,36.4,28.39
2955,2024-04-08,29,36.4,28.39
2956,2024-04-15,29,36.4,28.39
2957,2024-04-22,29,36.4,28.39
2958,2024-04-29,29,36.4,28.39
2959,2024-05-06,29,37.5,29.25
2960,2024-05-13,29,37.5,29.25
2961,2024-05-20,29,37.5,29.25
2962,2024-05-27,29,37.5,29.25
2963,2024-06-03,29,33.0,25.74
2964,2024-06-10,29,33.0,25.74
2965,2024-06-17,29,33.0,25.74
2966,2024-06-24,29,33.0,25.74
2967,2024-07-01,29,20.6,16.07
2968,2024-07-08,29,20.6,16.07
2969,2024-07-15,29,20.6,16.07
2970,2024-07-22,29,20.6,16.07
2971,2024-07-29,29,20.6,16.07
2972,2024-08-05,29,34.5,26.91
2973,2024-08-12,29,34.5,26.91
2974,2024-08-19,29,34.5,26.91
2975,2024-08-26,29,34.5,26.91
2976,2024-09-02,29,38.2,29.8
2977,2024-09-09,29,38.2,29.8
2978,2024-09-16,29,38.2,29.8
2979,2024-09-23,29,38.2,29.8
2980,2024-09-30,29,38.2,29.8
2981,2024-10-07,29,38.2,29.8
2982,2024-10-14,29,38.2,29.8
2983,2024-10-21,29,38.2,29.8
2984,2024-10-28,29,38.2,29.8
2985,2024-11-04,29,37.5,29.25
2986,2024-11-11,29,37.5,29.25
2987,2024-11-18,29,37.5,29.25
2988,2024-11-25,29,37.5,29.25
2989,2024-12-02,29,30.0,23.4
2990,2024-12-09,29,30.0,23.4
2991,2024-12-16,29,30.0,23.4
2992,2024-12-23,29,30.0,23.4
2993,2024-12-30,29,30.0,23.4
2994,2025-01-06,29,35.6,27.77
2995,2025-01-13,29,35.6,27.77
2996,2025-01-20,29,35.6,27.77
2997,2025-01-27,29,35.6,27.77
2998,2025-02-03,29,37.5,29.25
2999,2025-02-10,29,37.5,29.25
3000,2025-02-17,29,37.5,29.25
3001,2025-02-24,29,37.5,29.25
3002,2025-03-03,29,37.5,29.25
3003,2025-03-10,29,37.5,29.25
3004,2025-03-17,29,37.5,29.25
3005,2025-03-24,29,37.5,29.25
3006,2025-03-31,29,37.5,29.25
3007,2025-04-07,29,36.4,28.39
3008,2025-04-14,29,36.4,28.39
3009,2025-04-21,29,36.4,28.39
3010,2025-04-28,29,36.4,28.39
3011,2025-05-05,29,37.5,29.25
3012,2025-05-12,29,37.5,29.25
3013,2025-05-19,29,37.5,29.25
3014,2025-05-26,29,37.5,29.25
3015,2025-06-02,29,33.0,25.74
3016,2025-06-09,29,33.0,25.74
3017,2025-06-16,29,33.0,25.74
3018,2025-06-23,29,33.0,25.74
3019,2025-06-30,29,33.0,25.74
3020,2025-07-07,29,20.6,16.07
3021,2025-07-14,29,20.6,16.07
3022,2025-07-21,29,20.6,16.07
3023,2025-07-28,29,20.6,16.07
3024,2025-08-04,29,34.5,26.91
3025,2025-08-11,29,34.5,26.91
3026,2025-08-18,29,34.5,26.91
3027,2025-08-25,29,34.5,26.91
3028,2025-09-01,29,38.2,29.8
3029,2025-09-08,29,38.2,29.8
3030,2025-09-15,29,38.2,29.8
3031,2025-09-22,29,38.2,29.8
3032,2025-09-29,29,38.2,29.8
3033,2025-10-06,29,38.2,29.8
3034,2025-10-13,29,38.2,29.8
3035,2025-10-20,29,38.2,29.8
3036,2025-10-27,29,38.2,29.8
3037,2025-11-03,29,37.5,29.25
3038,2025-11-10,29,37.5,29.25
3039,2025-11-17,29,37.5,29.25
3040,2025-11-24,29,37.5,29.25
3041,2025-12-01,29,30.0,23.4
3042,2025-12-08,29,30.0,23.4
3043,2025-12-15,29,30.0,23.4
3044,2025-12-22,29,30.0,23.4
3045,2025-12-29,29,30.0,23.4
3046,2024-01-01,30,35.6,28.48
3047,2024-01-08,30,35.6,28.48
3048,2024-01-15,30,35.6,28.48
3049,2024-01-22,30,35.6,28.48
3050,2024-01-29,30,35.6,28.48
3051,2024-02-05,30,37.5,30.0
3052,2024-02-12,30,37.5,30.0
3053,2024-02-19,30,37.5,30.0
3054,2024-02-26,30,37.5,30.0
3055,2024-03-04,30,37.5,30.0
3056,2024-03-11,30,37.5,30.0
3057,2024-03-18,30,37.5,30.0
3058,2024-03-25,30,37.5,30.0
3059,2024-04-01,30,36.4,29.12
3060,2024-04-08,30,36.4,29.12
3061,2024-04-15,30,36.4,29.12
3062,2024-04-22,30,36.4,29.12
3063,2024-04-29,30,36.4,29.12
3064,2024-05-06,30,37.5,30.0
3065,2024-05-13,30,37.5,30.0
3066,2024-05-20,30,37.5,30.0
3067,2024-05-27,30,37.5,30.0
3068,2024-06-03,30,33.0,26.4
3069,2024-06-10,30,33.0,26.4
3070,2024-06-17,30,33.0,26.4
3071,2024-06-24,30,33.0,26.4
3072,2024-07-01,30,20.6,16.48
3073,2024-07-08,30,20.6,16.48
3074,2024-07-15,30,20.6,16.48
3075,2024-07-22,30,20.6,16.48
3076,2024-07-29,30,20.6,16.48
3077,2024-08-05,30,34.5,27.6
3078,2024-08-12,30,34.5,27.6
3079,2024-08-19,30,34.5,27.6
3080,2024-08-26,30,34.5,27.6
3081,2024-09-02,30,38.2,30.56
3082,2024-09-09,30,38.2,30.56
3083,2024-09-16,30,38.2,30.56
3084,2024-09-23,30,38.2,30.56
3085,2024-09-30,30,38.2,30.56
3086,2024-10-07,30,38.2,30.56
3087,2024-10-14,30,38.2,30.56
3088,2024-10-21,30,38.2,30.56
3089,2024-10-28,30,38.2,30.56
3090,2024-11-04,30,37.5,30.0
3091,2024-11-11,30,37.5,30.0
3092,2024-11-18,30,37.5,30.0
3093,2024-11-25,30,37.5,30.0
3094,2024-12-02,30,30.0,24.0
3095,2024-12-09,30,30.0,24.0
3096,2024-12-16,30,30.0,24.0
3097,2024-12-23,30,30.0,24.0
3098,2024-12-30,30,30.0,24.0
3099,2025-01-06,30,35.6,28.48
3100,2025-01-13,30,35.6,28.48
3101,2025-01-20,30,35.6,28.48
3102,2025-01-27,30,35.6,28.48
3103,2025-02-03,30,37.5,30.0
3104,2025-02-10,30,37.5,30.0
3105,2025-02-17,30,37.5,30.0
3106,2025-02-24,30,37.5,30.0
3107,2025-03-03,30,37.5,30.0
3108,2025-03-10,30,37.5,30.0
3109,2025-03-17,30,37.5,30.0
3110,2025-03-24,30,37.5,30.0
3111,2025-03-31,30,37.5,30.0
3112,2025-04-07,30,36.4,29.12
3113,2025-04-14,30,36.4,29.12
3114,2025-04-21,30,36.4,29.12
3115,2025-04-28,30,36.4,29.12
3116,2025-05-05,30,37.5,30.0
3117,2025-05-12,30,37.5,30.0
3118,2025-05-19,30,37.5,30.0
3119,2025-05-26,30,37.5,30.0
3120,2025-06-02,30,33.0,26.4
3121,2025-06-09,30,33.0,26.4
3122,2025-06-16,30,33.0,26.4
3123,2025-06-23,30,33.0,26.4
3124,2025-06-30,30,33.0,26.4
3125,2025-07-07,30,20.6,16.48
3126,2025-07-14,30,20.6,16.48
3127,2025-07-21,30,20.6,16.48
3128,2025-07-28,30,20.6,16.48
3129,2025-08-04,30,34.5,27.6
3130,2025-08-11,30,34.5,27.6
3131,2025-08-18,30,34.5,27.6
3132,2025-08-25,30,34.5,27.6
3133,2025-09-01,30,38.2,30.56
3134,2025-09-08,30,38.2,30.56
3135,2025-09-15,30,38.2,30.56
3136,2025-09-22,30,38.2,30.56
3137,2025-09-29,30,38.2,30.56
3138,2025-10-06,30,38.2,30.56
3139,2025-10-13,30,38.2,30.56
3140,2025-10-20,30,38.2,30.56
3141,2025-10-27,30,38.2,30.56
3142,2025-11-03,30,37.5,30.0
3143,2025-11-10,30,37.5,30.0
3144,2025-11-17,30,37.5,30.0
3145,2025-11-24,30,37.5,30.0
3146,2025-12-01,30,30.0,24.0
3147,2025-12-08,30,30.0,24.0
3148,2025-12-15,30,30.0,24.0
3149,2025-12-22,30,30.0,24.0
3150,2025-12-29,30,30.0,24.0
3151,2024-01-01,31,35.6,25.63
3152,2024-01-08,31,35.6,25.63
3153,2024-01-15,31,35.6,25.63
3154,2024-01-22,31,35.6,25.63
3155,2024-01-29,31,35.6,25.63
3156,2024-02-05,31,37.5,27.0
3157,2024-02-12,31,37.5,27.0
3158,2024-02-19,31,37.5,27.0
3159,2024-02-26,31,37.5,27.0
3160,2024-03-04,31,37.5,27.0
3161,2024-03-11,31,37.5,27.0
3162,2024-03-18,31,37.5,27.0
3163,2024-03-25,31,37.5,27.0
3164,2024-04-01,31,36.4,26.21
3165,2024-04-08,31,36.4,26.21
3166,2024-04-15,31,36.4,26.21
3167,2024-04-22,31,36.4,26.21
3168,2024-04-29,31,36.4,26.21
3169,2024-05-06,31,37.5,27.0
3170,2024-05-13,31,37.5,27.0
3171,2024-05-20,31,37.5,27.0
3172,2024-05-27,31,37.5,27.0
3173,2024-06-03,31,33.0,23.76
3174,2024-06-10,31,33.0,23.76
3175,2024-06-17,31,33.0,23.76
3176,2024-06-24,31,33.0,23.76
3177,2024-07-01,31,20.6,14.83
3178,2024-07-08,31,20.6,14.83
3179,2024-07-15,31,20.6,14.83
3180,2024-07-22,31,20.6,14.83
3181,2024-07-29,31,20.6,14.83
3182,2024-08-05,31,34.5,24.84
3183,2024-08-12,31,34.5,24.84
3184,2024-08-19,31,34.5,24.84
3185,2024-08-26,31,34.5,24.84
3186,2024-09-02,31,38.2,27.5
3187,2024-09-09,31,38.2,27.5
3188,2024-09-16,31,38.2,27.5
3189,2024-09-23,31,38.2,27.5
3190,2024-09-30,31,38.2,27.5
3191,2024-10-07,31,38.2,27.5
3192,2024-10-14,31,38.2,27.5
3193,2024-10-21,31,38.2,27.5
3194,2024-10-28,31,38.2,27.5
3195,2024-11-04,31,37.5,27.0
3196,2024-11-11,31,37.5,27.0
3197,2024-11-18,31,37.5,27.0
3198,2024-11-25,31,37.5,27.0
3199,2024-12-02,31,30.0,21.6
3200,2024-12-09,31,30.0,21.6
3201,2024-12-16,31,30.0,21.6
3202,2024-12-23,31,30.0,21.6
3203,2024-12-30,31,30.0,21.6
3204,2025-01-06,31,35.6,25.63
3205,2025-01-13,31,35.6,25.63
3206,2025-01-20,31,35.6,25.63
3207,2025-01-27,31,35.6,25.63
3208,2025-02-03,31,37.5,27.0
3209,2025-02-10,31,37.5,27.0
3210,2025-02-17,31,37.5,27.0
3211,2025-02-24,31,37.5,27.0
3212,2025-03-03,31,37.5,27.0
3213,2025-03-10,31,37.5,27.0
3214,2025-03-17,31,37.5,27.0
3215,2025-03-24,31,37.5,27.0
3216,2025-03-31,31,37.5,27.0
3217,2025-04-07,31,36.4,26.21
3218,2025-04-14,31,36.4,26.21
3219,2025-04-21,31,36.4,26.21
3220,2025-04-28,31,36.4,26.21
3221,2025-05-05,31,37.5,27.0
3222,2025-05-12,31,37.5,27.0
3223,2025-05-19,31,37.5,27.0
3224,2025-05-26,31,37.5,27.0
3225,2025-06-02,31,33.0,23.76
3226,2025-06-09,31,33.0,23.76
3227,2025-06-16,31,33.0,23.76
3228,2025-06-23,31,33.0,23.76
3229,2025-06-30,31,33.0,23.76
3230,2025-07-07,31,20.6,14.83
3231,2025-07-14,31,20.6,14.83
3232,2025-07-21,31,20.6,14.83
3233,2025-07-28,31,20.6,14.83
3234,2025-08-04,31,34.5,24.84
3235,2025-08-11,31,34.5,24.84
3236,2025-08-18,31,34.5,24.84
3237,2025-08-25,31,34.5,24.84
3238,2025-09-01,31,38.2,27.5
3239,2025-09-08,31,38.2,27.5
3240,2025-09-15,31,38.2,27.5
3241,2025-09-22,31,38.2,27.5
3242,2025-09-29,31,38.2,27.5
3243,2025-10-06,31,38.2,27.5
3244,2025-10-13,31,38.2,27.5
3245,2025-10-20,31,38.2,27.5
3246,2025-10-27,31,38.2,27.5
3247,2025-11-03,31,37.5,27.0
3248,2025-11-10,31,37.5,27.0
3249,2025-11-17,31,37.5,27.0
3250,2025-11-24,31,37.5,27.0
3251,2025-12-01,31,30.0,21.6
3252,2025-12-08,31,30.0,21.6
3253,2025-12-15,31,30.0,21.6
3254,2025-12-22,31,30.0,21.6
3255,2025-12-29,31,30.0,21.6
3256,2024-01-01,32,35.6,25.63
3257,2024-01-08,32,35.6,25.63
3258,2024-01-15,32,35.6,25.63
3259,2024-01-22,32,35.6,25.63
3260,2024-01-29,32,35.6,25.63
3261,2024-02-05,32,37.5,27.0
3262,2024-02-12,32,37.5,27.0
3263,2024-02-19,32,37.5,27.0
3264,2024-02-26,32,37.5,27.0
3265,2024-03-04,32,37.5,27.0
3266,2024-03-11,32,37.5,27.0
3267,2024-03-18,32,37.5,27.0
3268,2024-03-25,32,37.5,27.0
3269,2024-04-01,32,36.4,26.21
3270,2024-04-08,32,36.4,26.21
3271,2024-04-15,32,36.4,26.21
3272,2024-04-22,32,36.4,26.21
3273,2024-04-29,32,36.4,26.21
3274,2024-05-06,32,37.5,27.0
3275,2024-05-13,32,37.5,27.0
3276,2024-05-20,32,37.5,27.0
3277,2024-05-27,32,37.5,27.0
3278,2024-06-03,32,33.0,23.76
3279,2024-06-10,32,33.0,23.76
3280,2024-06-17,32,33.0,23.76
3281,2024-06-24,32,33.0,23.76
3282,2024-07-01,32,20.6,14.83
3283,2024-07-08,32,20.6,14.83
3284,2024-07-15,32,20.6,14.83
3285,2024-07-22,32,20.6,14.83
3286,2024-07-29,32,20.6,14.83
3287,2024-08-05,32,34.5,24.84
3288,2024-08-12,32,34.5,24.84
3289,2024-08-19,32,34.5,24.84
3290,2024-08-26,32,34.5,24.84
3291,2024-09-02,32,38.2,27.5
3292,2024-09-09,32,38.2,27.5
3293,2024-09-16,32,38.2,27.5
3294,2024-09-23,32,38.2,27.5
3295,2024-09-30,32,38.2,27.5
3296,2024-10-07,32,38.2,27.5
3297,2024-10-14,32,38.2,27.5
3298,2024-10-21,32,38.2,27.5
3299,2024-10-28,32,38.2,27.5
3300,2024-11-04,32,37.5,27.0
3301,2024-11-11,32,37.5,27.0
3302,2024-11-18,32,37.5,27.0
3303,2024-11-25,32,37.5,27.0
3304,2024-12-02,32,30.0,21.6
3305,2024-12-09,32,30.0,21.6
3306,2024-12-16,32,30.0,21.6
3307,2024-12-23,32,30.0,21.6
3308,2024-12-30,32,30.0,21.6
3309,2025-01-06,32,35.6,25.63
3310,2025-01-13,32,35.6,25.63
3311,2025-01-20,32,35.6,25.63
3312,2025-01-27,32,35.6,25.63
3313,2025-02-03,32,37.5,27.0
3314,2025-02-10,32,37.5,27.0
3315,2025-02-17,32,37.5,27.0
3316,2025-02-24,32,37.5,27.0
3317,2025-03-03,32,37.5,27.0
3318,2025-03-10,32,37.5,27.0
3319,2025-03-17,32,37.5,27.0
3320,2025-03-24,32,37.5,27.0
3321,2025-03-31,32,37.5,27.0
3322,2025-04-07,32,36.4,26.21
3323,2025-04-14,32,36.4,26.21
3324,2025-04-21,32,36.4,26.21
3325,2025-04-28,32,36.4,26.21
3326,2025-05-05,32,37.5,27.0
3327,2025-05-12,32,37.5,27.0
3328,2025-05-19,32,37.5,27.0
3329,2025-05-26,32,37.5,27.0
3330,2025-06-02,32,33.0,23.76
3331,2025-06-09,32,33.0,23.76
3332,2025-06-16,32,33.0,23.76
3333,2025-06-23,32,33.0,23.76
3334,2025-06-30,32,33.0,23.76
3335,2025-07-07,32,20.6,14.83
3336,2025-07-14,32,20.6,14.83
3337,2025-07-21,32,20.6,14.83
3338,2025-07-28,32,20.6,14.83
3339,2025-08-04,32,34.5,24.84
3340,2025-08-11,32,34.5,24.84
3341,2025-08-18,32,34.5,24.84
3342,2025-08-25,32,34.5,24.84
3343,2025-09-01,32,38.2,27.5
3344,2025-09-08,32,38.2,27.5
3345,2025-09-15,32,38.2,27.5
3346,2025-09-22,32,38.2,27.5
3347,2025-09-29,32,38.2,27.5
3348,2025-10-06,32,38.2,27.5
3349,2025-10-13,32,38.2,27.5
3350,2025-10-20,32,38.2,27.5
3351,2025-10-27,32,38.2,27.5
3352,2025-11-03,32,37.5,27.0
3353,2025-11-10,32,37.5,27.0
3354,2025-11-17,32,37.5,27.0
3355,2025-11-24,32,37.5,27.0
3356,2025-12-01,32,30.0,21.6
3357,2025-12-08,32,30.0,21.6
3358,2025-12-15,32,30.0,21.6
3359,2025-12-22,32,30.0,21.6
3360,2025-12-29,32,30.0,21.6
3361,2024-01-01,33,35.6,19.58
3362,2024-01-08,33,35.6,19.58
3363,2024-01-15,33,35.6,19.58
3364,2024-01-22,33,35.6,19.58
3365,2024-01-29,33,35.6,19.58
3366,2024-02-05,33,37.5,20.62
3367,2024-02-12,33,37.5,20.62
3368,2024-02-19,33,37.5,20.62
3369,2024-02-26,33,37.5,20.62
3370,2024-03-04,33,37.5,20.62
3371,2024-03-11,33,37.5,20.62
3372,2024-03-18,33,37.5,20.62
3373,2024-03-25,33,37.5,20.62
3374,2024-04-01,33,36.4,20.02
3375,2024-04-08,33,36.4,20.02
3376,2024-04-15,33,36.4,20.02
3377,2024-04-22,33,36.4,20.02
3378,2024-04-29,33,36.4,20.02
3379,2024-05-06,33,37.5,20.62
3380,2024-05-13,33,37.5,20.62
3381,2024-05-20,33,37.5,20.62
3382,2024-05-27,33,37.5,20.62
3383,2024-06-03,33,33.0,18.15
3384,2024-06-10,33,33.0,18.15
3385,2024-06-17,33,33.0,18.15
3386,2024-06-24,33,33.0,18.15
3387,2024-07-01,33,20.6,11.33
3388,2024-07-08,33,20.6,11.33
3389,2024-07-15,33,20.6,11.33
3390,2024-07-22,33,20.6,11.33
3391,2024-07-29,33,20.6,11.33
3392,2024-08-05,33,34.5,18.98
3393,2024-08-12,33,34.5,18.98
3394,2024-08-19,33,34.5,18.98
3395,2024-08-26,33,34.5,18.98
3396,2024-09-02,33,38.2,21.01
3397,2024-09-09,33,38.2,21.01
3398,2024-09-16,33,38.2,21.01
3399,2024-09-23,33,38.2,21.01
3400,2024-09-30,33,38.2,21.01
3401,2024-10-07,33,38.2,21.01
3402,2024-10-14,33,38.2,21.01
3403,2024-10-21,33,38.2,21.01
3404,2024-10-28,33,38.2,21.01
3405,2024-11-04,33,37.5,20.62
3406,2024-11-11,33,37.5,20.62
3407,2024-11-18,33,37.5,20.62
3408,2024-11-25,33,37.5,20.62
3409,2024-12-02,33,30.0,16.5
3410,2024-12-09,33,30.0,16.5
3411,2024-12-16,33,30.0,16.5
3412,2024-12-23,33,30.0,16.5
3413,2024-12-30,33,30.0,16.5
3414,2025-01-06,33,35.6,19.58
3415,2025-01-13,33,35.6,19.58
3416,2025-01-20,33,35.6,19.58
3417,2025-01-27,33,35.6,19.58
3418,2025-02-03,33,37.5,20.62
3419,2025-02-10,33,37.5,20.62
3420,2025-02-17,33,37.5,20.62
3421,2025-02-24,33,37.5,20.62
3422,2025-03-03,33,37.5,20.62
3423,2025-03-10,33,37.5,20.62
3424,2025-03-17,33,37.5,20.62
3425,2025-03-24,33,37.5,20.62
3426,2025-03-31,33,37.5,20.62
3427,2025-04-07,33,36.4,20.02
3428,2025-04-14,33,36.4,20.02
3429,2025-04-21,33,36.4,20.02
3430,2025-04-28,33,36.4,20.02
3431,2025-05-05,33,37.5,20.62
3432,2025-05-12,33,37.5,20.62
3433,2025-05-19,33,37.5,20.62
3434,2025-05-26,33,37.5,20.62
3435,2025-06-02,33,33.0,18.15
3436,2025-06-09,33,33.0,18.15
3437,2025-06-16,33,33.0,18.15
3438,2025-06-23,33,33.0,18.15
3439,2025-06-30,33,33.0,18.15
3440,2025-07-07,33,20.6,11.33
3441,2025-07-14,33,20.6,11.33
3442,2025-07-21,33,20.6,11.33
3443,2025-07-28,33,20.6,11.33
3444,2025-08-04,33,34.5,18.98
3445,2025-08-11,33,34.5,18.98
3446,2025-08-18,33,34.5,18.98
3447,2025-08-25,33,34.5,18.98
3448,2025-09-01,33,38.2,21.01
3449,2025-09-08,33,38.2,21.01
3450,2025-09-15,33,38.2,21.01
3451,2025-09-22,33,38.2,21.01
3452,2025-09-29,33,38.2,21.01
3453,2025-10-06,33,38.2,21.01
3454,2025-10-13,33,38.2,21.01
3455,2025-10-20,33,38.2,21.01
3456,2025-10-27,33,38.2,21.01
3457,2025-11-03,33,37.5,20.62
3458,2025-11-10,33,37.5,20.62
3459,2025-11-17,33,37.5,20.62
3460,2025-11-24,33,37.5,20.62
3461,2025-12-01,33,30.0,16.5
3462,2025-12-08,33,30.0,16.5
3463,2025-12-15,33,30.0,16.5
3464,2025-12-22,33,30.0,16.5
3465,2025-12-29,33,30.0,16.5
3466,2024-01-01,34,35.6,28.48
3467,2024-01-08,34,35.6,28.48
3468,2024-01-15,34,35.6,28.48
3469,2024-01-22,34,35.6,28.48
3470,2024-01-29,34,35.6,28.48
3471,2024-02-05,34,37.5,30.0
3472,2024-02-12,34,37.5,30.0
3473,2024-02-19,34,37.5,30.0
3474,2024-02-26,34,37.5,30.0
3475,2024-03-04,34,37.5,30.0
3476,2024-03-11,34,37.5,30.0
3477,2024-03-18,34,37.5,30.0
3478,2024-03-25,34,37.5,30.0
3479,2024-04-01,34,36.4,29.12
3480,2024-04-08,34,36.4,29.12
3481,2024-04-15,34,36.4,29.12
3482,2024-04-22,34,36.4,29.12
3483,2024-04-29,34,36.4,29.12
3484,2024-05-06,34,37.5,30.0
3485,2024-05-13,34,37.5,30.0
3486,2024-05-20,34,37.5,30.0
3487,2024-05-27,34,37.5,30.0
3488,2024-06-03,34,33.0,26.4
3489,2024-06-10,34,33.0,26.4
3490,2024-06-17,34,33.0,26.4
3491,2024-06-24,34,33.0,26.4
3492,2024-07-01,34,20.6,16.48
3493,2024-07-08,34,20.6,16.48
3494,2024-07-15,34,20.6,16.48
3495,2024-07-22,34,20.6,16.48
3496,2024-07-29,34,20.6,16.48
3497,2024-08-05,34,34.5,27.6
3498,2024-08-12,34,34.5,27.6
3499,2024-08-19,34,34.5,27.6
3500,2024-08-26,34,34.5,27.6
3501,2024-09-02,34,38.2,30.56
3502,2024-09-09,34,38.2,30.56
3503,2024-09-16,34,38.2,30.56
3504,2024-09-23,34,38.2,30.56
3505,2024-09-30,34,38.2,30.56
3506,2024-10-07,34,38.2,30.56
3507,2024-10-14,34,38.2,30.56
3508,2024-10-21,34,38.2,30.56
3509,2024-10-28,34,38.2,30.56
3510,2024-11-04,34,37.5,30.0
3511,2024-11-11,34,37.5,30.0
3512,2024-11-18,34,37.5,30.0
3513,2024-11-25,34,37.5,30.0
3514,2024-12-02,34,30.0,24.0
3515,2024-12-09,34,30.0,24.0
3516,2024-12-16,34,30.0,24.0
3517,2024-12-23,34,30.0,24.0
3518,2024-12-30,34,30.0,24.0
3519,2025-01-06,34,35.6,28.48
3520,2025-01-13,34,35.6,28.48
3521,2025-01-20,34,35.6,28.48
3522,2025-01-27,34,35.6,28.48
3523,2025-02-03,34,37.5,30.0
3524,2025-02-10,34,37.5,30.0
3525,2025-02-17,34,37.5,30.0
3526,2025-02-24,34,37.5,30.0
3527,2025-03-03,34,37.5,30.0
3528,2025-03-10,34,37.5,30.0
3529,2025-03-17,34,37.5,30.0
3530,2025-03-24,34,37.5,30.0
3531,2025-03-31,34,37.5,30.0
3532,2025-04-07,34,36.4,29.12
3533,2025-04-14,34,36.4,29.12
3534,2025-04-21,34,36.4,29.12
3535,2025-04-28,34,36.4,29.12
3536,2025-05-05,34,37.5,30.0
3537,2025-05-12,34,37.5,30.0
3538,2025-05-19,34,37.5,30.0
3539,2025-05-26,34,37.5,30.0
3540,2025-06-02,34,33.0,26.4
3541,2025-06-09,34,33.0,26.4
3542,2025-06-16,34,33.0,26.4
3543,2025-06-23,34,33.0,26.4
3544,2025-06-30,34,33.0,26.4
3545,2025-07-07,34,20.6,16.48
3546,2025-07-14,34,20.6,16.48
3547,2025-07-21,34,20.6,16.48
3548,2025-07-28,34,20.6,16.48
3549,2025-08-04,34,34.5,27.6
3550,2025-08-11,34,34.5,27.6
3551,2025-08-18,34,34.5,27.6
3552,2025-08-25,34,34.5,27.6
3553,2025-09-01,34,38.2,30.56
3554,2025-09-08,34,38.2,30.56
3555,2025-09-15,34,38.2,30.56
3556,2025-09-22,34,38.2,30.56
3557,2025-09-29,34,38.2,30.56
3558,2025-10-06,34,38.2,30.56
3559,2025-10-13,34,38.2,30.56
3560,2025-10-20,34,38.2,30.56
3561,2025-10-27,34,38.2,30.56
3562,2025-11-03,34,37.5,30.0
3563,2025-11-10,34,37.5,30.0
3564,2025-11-17,34,37.5,30.0
3565,2025-11-24,34,37.5,30.0
3566,2025-12-01,34,30.0,24.0
3567,2025-12-08,34,30.0,24.0
3568,2025-12-15,34,30.0,24.0
3569,2025-12-22,34,30.0,24.0
3570,2025-12-29,34,30.0,24.0
3571,2024-01-01,35,35.6,28.48
3572,2024-01-08,35,35.6,28.48
3573,2024-01-15,35,35.6,28.48
3574,2024-01-22,35,35.6,28.48
3575,2024-01-29,35,35.6,28.48
3576,2024-02-05,35,37.5,30.0
3577,2024-02-12,35,37.5,30.0
3578,2024-02-19,35,37.5,30.0
3579,2024-02-26,35,37.5,30.0
3580,2024-03-04,35,37.5,30.0
3581,2024-03-11,35,37.5,30.0
3582,2024-03-18,35,37.5,30.0
3583,2024-03-25,35,37.5,30.0
3584,2024-04-01,35,36.4,29.12
3585,2024-04-08,35,36.4,29.12
3586,2024-04-15,35,36.4,29.12
3587,2024-04-22,35,36.4,29.12
3588,2024-04-29,35,36.4,29.12
3589,2024-05-06,35,37.5,30.0
3590,2024-05-13,35,37.5,30.0
3591,2024-05-20,35,37.5,30.0
3592,2024-05-27,35,37.5,30.0
3593,2024-06-03,35,33.0,26.4
3594,2024-06-10,35,33.0,26.4
3595,2024-06-17,35,33.0,26.4
3596,2024-06-24,35,33.0,26.4
3597,2024-07-01,35,20.6,16.48
3598,2024-07-08,35,20.6,16.48
3599,2024-07-15,35,20.6,16.48
3600,2024-07-22,35,20.6,16.48
3601,2024-07-29,35,20.6,16.48
3602,2024-08-05,35,34.5,27.6
3603,2024-08-12,35,34.5,27.6
3604,2024-08-19,35,34.5,27.6
3605,2024-08-26,35,34.5,27.6
3606,2024-09-02,35,38.2,30.56
3607,2024-09-09,35,38.2,30.56
3608,2024-09-16,35,38.2,30.56
3609,2024-09-23,35,38.2,30.56
3610,2024-09-30,35,38.2,30.56
3611,2024-10-07,35,38.2,30.56
3612,2024-10-14,35,38.2,30.56
3613,2024-10-21,35,38.2,30.56
3614,2024-10-28,35,38.2,30.56
3615,2024-11-04,35,37.5,30.0
3616,2024-11-11,35,37.5,30.0
3617,2024-11-18,35,37.5,30.0
3618,2024-11-25,35,37.5,30.0
3619,2024-12-02,35,30.0,24.0
3620,2024-12-09,35,30.0,24.0
3621,2024-12-16,35,30.0,24.0
3622,2024-12-23,35,30.0,24.0
3623,2024-12-30,35,30.0,24.0
3624,2025-01-06,35,35.6,28.48
3625,2025-01-13,35,35.6,28.48
3626,2025-01-20,35,35.6,28.48
3627,2025-01-27,35,35.6,28.48
3628,2025-02-03,35,37.5,30.0
3629,2025-02-10,35,37.5,30.0
3630,2025-02-17,35,37.5,30.0
3631,2025-02-24,35,37.5,30.0
3632,2025-03-03,35,37.5,30.0
3633,2025-03-10,35,37.5,30.0
3634,2025-03-17,35,37.5,30.0
3635,2025-03-24,35,37.5,30.0
3636,2025-03-31,35,37.5,30.0
3637,2025-04-07,35,36.4,29.12
3638,2025-04-14,35,36.4,29.12
3639,2025-04-21,35,36.4,29.12
3640,2025-04-28,35,36.4,29.12
3641,2025-05-05,35,37.5,30.0
3642,2025-05-12,35,37.5,30.0
3643,2025-05-19,35,37.5,30.0
3644,2025-05-26,35,37.5,30.0
3645,2025-06-02,35,33.0,26.4
3646,2025-06-09,35,33.0,26.4
3647,2025-06-16,35,33.0,26.4
3648,2025-06-23,35,33.0,26.4
3649,2025-06-30,35,33.0,26.4
3650,2025-07-07,35,20.6,16.48
3651,2025-07-14,35,20.6,16.48
3652,2025-07-21,35,20.6,16.48
3653,2025-07-28,35,20.6,16.48
3654,2025-08-04,35,34.5,27.6
3655,2025-08-11,35,34.5,27.6
3656,2025-08-18,35,34.5,27.6
3657,2025-08-25,35,34.5,27.6
3658,2025-09-01,35,38.2,30.56
3659,2025-09-08,35,38.2,30.56
3660,2025-09-15,35,38.2,30.56
3661,2025-09-22,35,38.2,30.56
3662,2025-09-29,35,38.2,30.56
3663,2025-10-06,35,38.2,30.56
3664,2025-10-13,35,38.2,30.56
3665,2025-10-20,35,38.2,30.56
3666,2025-10-27,35,38.2,30.56
3667,2025-11-03,35,37.5,30.0
3668,2025-11-10,35,37.5,30.0
3669,2025-11-17,35,37.5,30.0
3670,2025-11-24,35,37.5,30.0
3671,2025-12-01,35,30.0,24.0
3672,2025-12-08,35,30.0,24.0
3673,2025-12-15,35,30.0,24.0
3674,2025-12-22,35,30.0,24.0
3675,2025-12-29,35,30.0,24.0
3676,2024-01-01,36,35.6,25.63
3677,2024-01-08,36,35.6,25.63
3678,2024-01-15,36,35.6,25.63
3679,2024-01-22,36,35.6,25.63
3680,2024-01-29,36,35.6,25.63
3681,2024-02-05,36,37.5,27.0
3682,2024-02-12,36,37.5,27.0
3683,2024-02-19,36,37.5,27.0
3684,2024-02-26,36,37.5,27.0
3685,2024-03-04,36,37.5,27.0
3686,2024-03-11,36,37.5,27.0
3687,2024-03-18,36,37.5,27.0
3688,2024-03-25,36,37.5,27.0
3689,2024-04-01,36,36.4,26.21
3690,2024-04-08,36,36.4,26.21
3691,2024-04-15,36,36.4,26.21
3692,2024-04-22,36,36.4,26.21
3693,2024-04-29,36,36.4,26.21
3694,2024-05-06,36,37.5,27.0
3695,2024-05-13,36,37.5,27.0
3696,2024-05-20,36,37.5,27.0
3697,2024-05-27,36,37.5,27.0
3698,2024-06-03,36,33.0,23.76
3699,2024-06-10,36,33.0,23.76
3700,2024-06-17,36,33.0,23.76
3701,2024-06-24,36,33.0,23.76
3702,2024-07-01,36,20.6,14.83
3703,2024-07-08,36,20.6,14.83
3704,2024-07-15,36,20.6,14.83
3705,2024-07-22,36,20.6,14.83
3706,2024-07-29,36,20.6,14.83
3707,2024-08-05,36,34.5,24.84
3708,2024-08-12,36,34.5,24.84
3709,2024-08-19,36,34.5,24.84
3710,2024-08-26,36,34.5,24.84
3711,2024-09-02,36,38.2,27.5
3712,2024-09-09,36,38.2,27.5
3713,2024-09-16,36,38.2,27.5
3714,2024-09-23,36,38.2,27.5
3715,2024-09-30,36,38.2,27.5
3716,2024-10-07,36,38.2,27.5
3717,2024-10-14,36,38.2,27.5
3718,2024-10-21,36,38.2,27.5
3719,2024-10-28,36,38.2,27.5
3720,2024-11-04,36,37.5,27.0
3721,2024-11-11,36,37.5,27.0
3722,2024-11-18,36,37.5,27.0
3723,2024-11-25,36,37.5,27.0
3724,2024-12-02,36,30.0,21.6
3725,2024-12-09,36,30.0,21.6
3726,2024-12-16,36,30.0,21.6
3727,2024-12-23,36,30.0,21.6
3728,2024-12-30,36,30.0,21.6
3729,2025-01-06,36,35.6,25.63
3730,2025-01-13,36,35.6,25.63
3731,2025-01-20,36,35.6,25.63
3732,2025-01-27,36,35.6,25.63
3733,2025-02-03,36,37.5,27.0
3734,2025-02-10,36,37.5,27.0
3735,2025-02-17,36,37.5,27.0
3736,2025-02-24,36,37.5,27.0
3737,2025-03-03,36,37.5,27.0
3738,2025-03-10,36,37.5,27.0
3739,2025-03-17,36,37.5,27.0
3740,2025-03-24,36,37.5,27.0
3741,2025-03-31,36,37.5,27.0
3742,2025-04-07,36,36.4,26.21
3743,2025-04-14,36,36.4,26.21
3744,2025-04-21,36,36.4,26.21
3745,2025-04-28,36,36.4,26.21
3746,2025-05-05,36,37.5,27.0
3747,2025-05-12,36,37.5,27.0
3748,2025-05-19,36,37.5,27.0
3749,2025-05-26,36,37.5,27.0
3750,2025-06-02,36,33.0,23.76
3751,2025-06-09,36,33.0,23.76
3752,2025-06-16,36,33.0,23.76
3753,2025-06-23,36,33.0,23.76
3754,2025-06-30,36,33.0,23.76
3755,2025-07-07,36,20.6,14.83
3756,2025-07-14,36,20.6,14.83
3757,2025-07-21,36,20.6,14.83
3758,2025-07-28,36,20.6,14.83
3759,2025-08-04,36,34.5,24.84
3760,2025-08-11,36,34.5,24.84
3761,2025-08-18,36,34.5,24.84
3762,2025-08-25,36,34.5,24.84
3763,2025-09-01,36,38.2,27.5
3764,2025-09-08,36,38.2,27.5
3765,2025-09-15,36,38.2,27.5
3766,2025-09-22,36,38.2,27.5
3767,2025-09-29,36,38.2,27.5
3768,2025-10-06,36,38.2,27.5
3769,2025-10-13,36,38.2,27.5
3770,2025-10-20,36,38.2,27.5
3771,2025-10-27,36,38.2,27.5
3772,2025-11-03,36,37.5,27.0
3773,2025-11-10,36,37.5,27.0
3774,2025-11-17,36,37.5,27.0
3775,2025-11-24,36,37.5,27.0
3776,2025-12-01,36,30.0,21.6
3777,2025-12-08,36,30.0,21.6
3778,2025-12-15,36,30.0,21.6
3779,2025-12-22,36,30.0,21.6
3780,2025-12-29,36,30.0,21.6
3781,2024-01-01,37,35.6,28.48
3782,2024-01-08,37,35.6,28.48
3783,2024-01-15,37,35.6,28.48
3784,2024-01-22,37,35.6,28.48
3785,2024-01-29,37,35.6,28.48
3786,2024-02-05,37,37.5,30.0
3787,2024-02-12,37,37.5,30.0
3788,2024-02-19,37,37.5,30.0
3789,2024-02-26,37,37.5,30.0
3790,2024-03-04,37,37.5,30.0
3791,2024-03-11,37,37.5,30.0
3792,2024-03-18,37,37.5,30.0
3793,2024-03-25,37,37.5,30.0
3794,2024-04-01,37,36.4,29.12
3795,2024-04-08,37,36.4,29.12
3796,2024-04-15,37,36.4,29.12
3797,2024-04-22,37,36.4,29.12
3798,2024-04-29,37,36.4,29.12
3799,2024-05-06,37,37.5,30.0
3800,2024-05-13,37,37.5,30.0
3801,2024-05-20,37,37.5,30.0
3802,2024-05-27,37,37.5,30.0
3803,2024-06-03,37,33.0,26.4
3804,2024-06-10,37,33.0,26.4
3805,2024-06-17,37,33.0,26.4
3806,2024-06-24,37,33.0,26.4
3807,2024-07-01,37,20.6,16.48
3808,2024-07-08,37,20.6,16.48
3809,2024-07-15,37,20.6,16.48
3810,2024-07-22,37,20.6,16.48
3811,2024-07-29,37,20.6,16.48
3812,2024-08-05,37,34.5,27.6
3813,2024-08-12,37,34.5,27.6
3814,2024-08-19,37,34.5,27.6
3815,2024-08-26,37,34.5,27.6
3816,2024-09-02,37,38.2,30.56
3817,2024-09-09,37,38.2,30.56
3818,2024-09-16,37,38.2,30.56
3819,2024-09-23,37,38.2,30.56
3820,2024-09-30,37,38.2,30.56
3821,2024-10-07,37,38.2,30.56
3822,2024-10-14,37,38.2,30.56
3823,2024-10-21,37,38.2,30.56
3824,2024-10-28,37,38.2,30.56
3825,2024-11-04,37,37.5,30.0
3826,2024-11-11,37,37.5,30.0
3827,2024-11-18,37,37.5,30.0
3828,2024-11-25,37,37.5,30.0
3829,2024-12-02,37,30.0,24.0
3830,2024-12-09,37,30.0,24.0
3831,2024-12-16,37,30.0,24.0
3832,2024-12-23,37,30.0,24.0
3833,2024-12-30,37,30.0,24.0
3834,2025-01-06,37,35.6,28.48
3835,2025-01-13,37,35.6,28.48
3836,2025-01-20,37,35.6,28.48
3837,2025-01-27,37,35.6,28.48
3838,2025-02-03,37,37.5,30.0
3839,2025-02-10,37,37.5,30.0
3840,2025-02-17,37,37.5,30.0
3841,2025-02-24,37,37.5,30.0
3842,2025-03-03,37,37.5,30.0
3843,2025-03-10,37,37.5,30.0
3844,2025-03-17,37,37.5,30.0
3845,2025-03-24,37,37.5,30.0
3846,2025-03-31,37,37.5,30.0
3847,2025-04-07,37,36.4,29.12
3848,2025-04-14,37,36.4,29.12
3849,2025-04-21,37,36.4,29.12
3850,2025-04-28,37,36.4,29.12
3851,2025-05-05,37,37.5,30.0
3852,2025-05-12,37,37.5,30.0
3853,2025-05-19,37,37.5,30.0
3854,2025-05-26,37,37.5,30.0
3855,2025-06-02,37,33.0,26.4
3856,2025-06-09,37,33.0,26.4
3857,2025-06-16,37,33.0,26.4
3858,2025-06-23,37,33.0,26.4
3859,2025-06-30,37,33.0,26.4
3860,2025-07-07,37,20.6,16.48
3861,2025-07-14,37,20.6,16.48
3862,2025-07-21,37,20.6,16.48
3863,2025-07-28,37,20.6,16.48
3864,2025-08-04,37,34.5,27.6
3865,2025-08-11,37,34.5,27.6
3866,2025-08-18,37,34.5,27.6
3867,2025-08-25,37,34.5,27.6
3868,2025-09-01,37,38.2,30.56
3869,2025-09-08,37,38.2,30.56
3870,2025-09-15,37,38.2,30.56
3871,2025-09-22,37,38.2,30.56
3872,2025-09-29,37,38.2,30.56
3873,2025-10-06,37,38.2,30.56
3874,2025-10-13,37,38.2,30.56
3875,2025-10-20,37,38.2,30.56
3876,2025-10-27,37,38.2,30.56
3877,2025-11-03,37,37.5,30.0
3878,2025-11-10,37,37.5,30.0
3879,2025-11-17,37,37.5,30.0
3880,2025-11-24,37,37.5,30.0
3881,2025-12-01,37,30.0,24.0
3882,2025-12-08,37,30.0,24.0
3883,2025-12-15,37,30.0,24.0
3884,2025-12-22,37,30.0,24.0
3885,2025-12-29,37,30.0,24.0
3886,2024-01-01,38,35.6,25.63
3887,2024-01-08,38,35.6,25.63
3888,2024-01-15,38,35.6,25.63
3889,2024-01-22,38,35.6,25.63
3890,2024-01-29,38,35.6,25.63
3891,2024-02-05,38,37.5,27.0
3892,2024-02-12,38,37.5,27.0
3893,2024-02-19,38,37.5,27.0
3894,2024-02-26,38,37.5,27.0
3895,2024-03-04,38,37.5,27.0
3896,2024-03-11,38,37.5,27.0
3897,2024-03-18,38,37.5,27.0
3898,2024-03-25,38,37.5,27.0
3899,2024-04-01,38,36.4,26.21
3900,2024-04-08,38,36.4,26.21
3901,2024-04-15,38,36.4,26.21
3902,2024-04-22,38,36.4,26.21
3903,2024-04-29,38,36.4,26.21
3904,2024-05-06,38,37.5,27.0
3905,2024-05-13,38,37.5,27.0
3906,2024-05-20,38,37.5,27.0
3907,2024-05-27,38,37.5,27.0
3908,2024-06-03,38,33.0,23.76
3909,2024-06-10,38,33.0,23.76
3910,2024-06-17,38,33.0,23.76
3911,2024-06-24,38,33.0,23.76
3912,2024-07-01,38,20.6,14.83
3913,2024-07-08,38,20.6,14.83
3914,2024-07-15,38,20.6,14.83
3915,2024-07-22,38,20.6,14.83
3916,2024-07-29,38,20.6,14.83
3917,2024-08-05,38,34.5,24.84
3918,2024-08-12,38,34.5,24.84
3919,2024-08-19,38,34.5,24.84
3920,2024-08-26,38,34.5,24.84
3921,2024-09-02,38,38.2,27.5
3922,2024-09-09,38,38.2,27.5
3923,2024-09-16,38,38.2,27.5
3924,2024-09-23,38,38.2,27.5
3925,2024-09-30,38,38.2,27.5
3926,2024-10-07,38,38.2,27.5
3927,2024-10-14,38,38.2,27.5
3928,2024-10-21,38,38.2,27.5
3929,2024-10-28,38,38.2,27.5
3930,2024-11-04,38,37.5,27.0
3931,2024-11-11,38,37.5,27.0
3932,2024-11-18,38,37.5,27.0
3933,2024-11-25,38,37.5,27.0
3934,2024-12-02,38,30.0,21.6
3935,2024-12-09,38,30.0,21.6
3936,2024-12-16,38,30.0,21.6
3937,2024-12-23,38,30.0,21.6
3938,2024-12-30,38,30.0,21.6
3939,2025-01-06,38,35.6,25.63
3940,2025-01-13,38,35.6,25.63
3941,2025-01-20,38,35.6,25.63
3942,2025-01-27,38,35.6,25.63
3943,2025-02-03,38,37.5,27.0
3944,2025-02-10,38,37.5,27.0
3945,2025-02-17,38,37.5,27.0
3946,2025-02-24,38,37.5,27.0
3947,2025-03-03,38,37.5,27.0
3948,2025-03-10,38,37.5,27.0
3949,2025-03-17,38,37.5,27.0
3950,2025-03-24,38,37.5,27.0
3951,2025-03-31,38,37.5,27.0
3952,2025-04-07,38,36.4,26.21
3953,2025-04-14,38,36.4,26.21
3954,2025-04-21,38,36.4,26.21
3955,2025-04-28,38,36.4,26.21
3956,2025-05-05,38,37.5,27.0
3957,2025-05-12,38,37.5,27.0
3958,2025-05-19,38,37.5,27.0
3959,2025-05-26,38,37.5,27.0
3960,2025-06-02,38,33.0,23.76
3961,2025-06-09,38,33.0,23.76
3962,2025-06-16,38,33.0,23.76
3963,2025-06-23,38,33.0,23.76
3964,2025-06-30,38,33.0,23.76
3965,2025-07-07,38,20.6,14.83
3966,2025-07-14,38,20.6,14.83
3967,2025-07-21,38,20.6,14.83
3968,2025-07-28,38,20.6,14.83
3969,2025-08-04,38,34.5,24.84
3970,2025-08-11,38,34.5,24.84
3971,2025-08-18,38,34.5,24.84
3972,2025-08-25,38,34.5,24.84
3973,2025-09-01,38,38.2,27.5
3974,2025-09-08,38,38.2,27.5
3975,2025-09-15,38,38.2,27.5
3976,2025-09-22,38,38.2,27.5
3977,2025-09-29,38,38.2,27.5
3978,2025-10-06,38,38.2,27.5
3979,2025-10-13,38,38.2,27.5
3980,2025-10-20,38,38.2,27.5
3981,2025-10-27,38,38.2,27.5
3982,2025-11-03,38,37.5,27.0
3983,2025-11-10,38,37.5,27.0
3984,2025-11-17,38,37.5,27.0
3985,2025-11-24,38,37.5,27.0
3986,2025-12-01,38,30.0,21.6
3987,2025-12-08,38,30.0,21.6
3988,2025-12-15,38,30.0,21.6
3989,2025-12-22,38,30.0,21.6
3990,2025-12-29,38,30.0,21.6
3991,2024-01-01,39,35.6,27.77
3992,2024-01-08,39,35.6,27.77
3993,2024-01-15,39,35.6,27.77
3994,2024-01-22,39,35.6,27.77
3995,2024-01-29,39,35.6,27.77
3996,2024-02-05,39,37.5,29.25
3997,2024-02-12,39,37.5,29.25
3998,2024-02-19,39,37.5,29.25
3999,2024-02-26,39,37.5,29.25
4000,2024-03-04,39,37.5,29.25
4001,2024-03-11,39,37.5,29.25
4002,2024-03-18,39,37.5,29.25
4003,2024-03-25,39,37.5,29.25
4004,2024-04-01,39,36.4,28.39
4005,2024-04-08,39,36.4,28.39
4006,2024-04-15,39,36.4,28.39
4007,2024-04-22,39,36.4,28.39
4008,2024-04-29,39,36.4,28.39
4009,2024-05-06,39,37.5,29.25
4010,2024-05-13,39,37.5,29.25
4011,2024-05-20,39,37.5,29.25
4012,2024-05-27,39,37.5,29.25
4013,2024-06-03,39,33.0,25.74
4014,2024-06-10,39,33.0,25.74
4015,2024-06-17,39,33.0,25.74
4016,2024-06-24,39,33.0,25.74
4017,2024-07-01,39,20.6,16.07
4018,2024-07-08,39,20.6,16.07
4019,2024-07-15,39,20.6,16.07
4020,2024-07-22,39,20.6,16.07
4021,2024-07-29,39,20.6,16.07
4022,2024-08-05,39,34.5,26.91
4023,2024-08-12,39,34.5,26.91
4024,2024-08-19,39,34.5,26.91
4025,2024-08-26,39,34.5,26.91
4026,2024-09-02,39,38.2,29.8
4027,2024-09-09,39,38.2,29.8
4028,2024-09-16,39,38.2,29.8
4029,2024-09-23,39,38.2,29.8
4030,2024-09-30,39,38.2,29.8
4031,2024-10-07,39,38.2,29.8
4032,2024-10-14,39,38.2,29.8
4033,2024-10-21,39,38.2,29.8
4034,2024-10-28,39,38.2,29.8
4035,2024-11-04,39,37.5,29.25
4036,2024-11-11,39,37.5,29.25
4037,2024-11-18,39,37.5,29.25
4038,2024-11-25,39,37.5,29.25
4039,2024-12-02,39,30.0,23.4
4040,2024-12-09,39,30.0,23.4
4041,2024-12-16,39,30.0,23.4
4042,2024-12-23,39,30.0,23.4
4043,2024-12-30,39,30.0,23.4
4044,2025-01-06,39,35.6,27.77
4045,2025-01-13,39,35.6,27.77
4046,2025-01-20,39,35.6,27.77
4047,2025-01-27,39,35.6,27.77
4048,2025-02-03,39,37.5,29.25
4049,2025-02-10,39,37.5,29.25
4050,2025-02-17,39,37.5,29.25
4051,2025-02-24,39,37.5,29.25
4052,2025-03-03,39,37.5,29.25
4053,2025-03-10,39,37.5,29.25
4054,2025-03-17,39,37.5,29.25
4055,2025-03-24,39,37.5,29.25
4056,2025-03-31,39,37.5,29.25
4057,2025-04-07,39,36.4,28.39
4058,2025-04-14,39,36.4,28.39
4059,2025-04-21,39,36.4,28.39
4060,2025-04-28,39,36.4,28.39
4061,2025-05-05,39,37.5,29.25
4062,2025-05-12,39,37.5,29.25
4063,2025-05-19,39,37.5,29.25
4064,2025-05-26,39,37.5,29.25
4065,2025-06-02,39,33.0,25.74
4066,2025-06-09,39,33.0,25.74
4067,2025-06-16,39,33.0,25.74
4068,2025-06-23,39,33.0,25.74
4069,2025-06-30,39,33.0,25.74
4070,2025-07-07,39,20.6,16.07
4071,2025-07-14,39,20.6,16.07
4072,2025-07-21,39,20.6,16.07
4073,2025-07-28,39,20.6,16.07
4074,2025-08-04,39,34.5,26.91
4075,2025-08-11,39,34.5,26.91
4076,2025-08-18,39,34.5,26.91
4077,2025-08-25,39,34.5,26.91
4078,2025-09-01,39,38.2,29.8
4079,2025-09-08,39,38.2,29.8
4080,2025-09-15,39,38.2,29.8
4081,2025-09-22,39,38.2,29.8
4082,2025-09-29,39,38.2,29.8
4083,2025-10-06,39,38.2,29.8
4084,2025-10-13,39,38.2,29.8
4085,2025-10-20,39,38.2,29.8
4086,2025-10-27,39,38.2,29.8
4087,2025-11-03,39,37.5,29.25
4088,2025-11-10,39,37.5,29.25
4089,2025-11-17,39,37.5,29.25
4090,2025-11-24,39,37.5,29.25
4091,2025-12-01,39,30.0,23.4
4092,2025-12-08,39,30.0,23.4
4093,2025-12-15,39,30.0,23.4
4094,2025-12-22,39,30.0,23.4
4095,2025-12-29,39,30.0,23.4
4096,2024-01-01,40,35.6,19.58
4097,2024-01-08,40,35.6,19.58
4098,2024-01-15,40,35.6,19.58
4099,2024-01-22,40,35.6,19.58
4100,2024-01-29,40,35.6,19.58
4101,2024-02-05,40,37.5,20.62
4102,2024-02-12,40,37.5,20.62
4103,2024-02-19,40,37.5,20.62
4104,2024-02-26,40,37.5,20.62
4105,2024-03-04,40,37.5,20.62
4106,2024-03-11,40,37.5,20.62
4107,2024-03-18,40,37.5,20.62
4108,2024-03-25,40,37.5,20.62
4109,2024-04-01,40,36.4,20.02
4110,2024-04-08,40,36.4,20.02
4111,2024-04-15,40,36.4,20.02
4112,2024-04-22,40,36.4,20.02
4113,2024-04-29,40,36.4,20.02
4114,2024-05-06,40,37.5,20.62
4115,2024-05-13,40,37.5,20.62
4116,2024-05-20,40,37.5,20.62
4117,2024-05-27,40,37.5,20.62
4118,2024-06-03,40,33.0,18.15
4119,2024-06-10,40,33.0,18.15
4120,2024-06-17,40,33.0,18.15
4121,2024-06-24,40,33.0,18.15
4122,2024-07-01,40,20.6,11.33
4123,2024-07-08,40,20.6,11.33
4124,2024-07-15,40,20.6,11.33
4125,2024-07-22,40,20.6,11.33
4126,2024-07-29,40,20.6,11.33
4127,2024-08-05,40,34.5,18.98
4128,2024-08-12,40,34.5,18.98
4129,2024-08-19,40,34.5,18.98
4130,2024-08-26,40,34.5,18.98
4131,2024-09-02,40,38.2,21.01
4132,2024-09-09,40,38.2,21.01
4133,2024-09-16,40,38.2,21.01
4134,2024-09-23,40,38.2,21.01
4135,2024-09-30,40,38.2,21.01
4136,2024-10-07,40,38.2,21.01
4137,2024-10-14,40,38.2,21.01
4138,2024-10-21,40,38.2,21.01
4139,2024-10-28,40,38.2,21.01
4140,2024-11-04,40,37.5,20.62
4141,2024-11-11,40,37.5,20.62
4142,2024-11-18,40,37.5,20.62
4143,2024-11-25,40,37.5,20.62
4144,2024-12-02,40,30.0,16.5
4145,2024-12-09,40,30.0,16.5
4146,2024-12-16,40,30.0,16.5
4147,2024-12-23,40,30.0,16.5
4148,2024-12-30,40,30.0,16.5
4149,2025-01-06,40,35.6,19.58
4150,2025-01-13,40,35.6,19.58
4151,2025-01-20,40,35.6,19.58
4152,2025-01-27,40,35.6,19.58
4153,2025-02-03,40,37.5,20.62
4154,2025-02-10,40,37.5,20.62
4155,2025-02-17,40,37.5,20.62
4156,2025-02-24,40,37.5,20.62
4157,2025-03-03,40,37.5,20.62
4158,2025-03-10,40,37.5,20.62
4159,2025-03-17,40,37.5,20.62
4160,2025-03-24,40,37.5,20.62
4161,2025-03-31,40,37.5,20.62
4162,2025-04-07,40,36.4,20.02
4163,2025-04-14,40,36.4,20.02
4164,2025-04-21,40,36.4,20.02
4165,2025-04-28,40,36.4,20.02
4166,2025-05-05,40,37.5,20.62
4167,2025-05-12,40,37.5,20.62
4168,2025-05-19,40,37.5,20.62
4169,2025-05-26,40,37.5,20.62
4170,2025-06-02,40,33.0,18.15
4171,2025-06-09,40,33.0,18.15
4172,2025-06-16,40,33.0,18.15
4173,2025-06-23,40,33.0,18.15
4174,2025-06-30,40,33.0,18.15
4175,2025-07-07,40,20.6,11.33
4176,2025-07-14,40,20.6,11.33
4177,2025-07-21,40,20.6,11.33
4178,2025-07-28,40,20.6,11.33
4179,2025-08-04,40,34.5,18.98
4180,2025-08-11,40,34.5,18.98
4181,2025-08-18,40,34.5,18.98
4182,2025-08-25,40,34.5,18.98
4183,2025-09-01,40,38.2,21.01
4184,2025-09-08,40,38.2,21.01
4185,2025-09-15,40,38.2,21.01
4186,2025-09-22,40,38.2,21.01
4187,2025-09-29,40,38.2,21.01
4188,2025-10-06,40,38.2,21.01
4189,2025-10-13,40,38.2,21.01
4190,2025-10-20,40,38.2,21.01
4191,2025-10-27,40,38.2,21.01
4192,2025-11-03,40,37.5,20.62
4193,2025-11-10,40,37.5,20.62
4194,2025-11-17,40,37.5,20.62
4195,2025-11-24,40,37.5,20.62
4196,2025-12-01,40,30.0,16.5
4197,2025-12-08,40,30.0,16.5
4198,2025-12-15,40,30.0,16.5
4199,2025-12-22,40,30.0,16.5
4200,2025-12-29,40,30.0,16.5
4201,2024-01-01,41,35.6,19.58
4202,2024-01-08,41,35.6,19.58
4203,2024-01-15,41,35.6,19.58
4204,2024-01-22,41,35.6,19.58
4205,2024-01-29,41,35.6,19.58
4206,2024-02-05,41,37.5,20.62
4207,2024-02-12,41,37.5,20.62
4208,2024-02-19,41,37.5,20.62
4209,2024-02-26,41,37.5,20.62
4210,2024-03-04,41,37.5,20.62
4211,2024-03-11,41,37.5,20.62
4212,2024-03-18,41,37.5,20.62
4213,2024-03-25,41,37.5,20.62
4214,2024-04-01,41,36.4,20.02
4215,2024-04-08,41,36.4,20.02
4216,2024-04-15,41,36.4,20.02
4217,2024-04-22,41,36.4,20.02
4218,2024-04-29,41,36.4,20.02
4219,2024-05-06,41,37.5,20.62
4220,2024-05-13,41,37.5,20.62
4221,2024-05-20,41,37.5,20.62
4222,2024-05-27,41,37.5,20.62
4223,2024-06-03,41,33.0,18.15
4224,2024-06-10,41,33.0,18.15
4225,2024-06-17,41,33.0,18.15
4226,2024-06-24,41,33.0,18.15
4227,2024-07-01,41,20.6,11.33
4228,2024-07-08,41,20.6,11.33
4229,2024-07-15,41,20.6,11.33
4230,2024-07-22,41,20.6,11.33
4231,2024-07-29,41,20.6,11.33
4232,2024-08-05,41,34.5,18.98
4233,2024-08-12,41,34.5,18.98
4234,2024-08-19,41,34.5,18.98
4235,2024-08-26,41,34.5,18.98
4236,2024-09-02,41,38.2,21.01
4237,2024-09-09,41,38.2,21.01
4238,2024-09-16,41,38.2,21.01
4239,2024-09-23,41,38.2,21.01
4240,2024-09-30,41,38.2,21.01
4241,2024-10-07,41,38.2,21.01
4242,2024-10-14,41,38.2,21.01
4243,2024-10-21,41,38.2,21.01
4244,2024-10-28,41,38.2,21.01
4245,2024-11-04,41,37.5,20.62
4246,2024-11-11,41,37.5,20.62
4247,2024-11-18,41,37.5,20.62
4248,2024-11-25,41,37.5,20.62
4249,2024-12-02,41,30.0,16.5
4250,2024-12-09,41,30.0,16.5
4251,2024-12-16,41,30.0,16.5
4252,2024-12-23,41,30.0,16.5
4253,2024-12-30,41,30.0,16.5
4254,2025-01-06,41,35.6,19.58
4255,2025-01-13,41,35.6,19.58
4256,2025-01-20,41,35.6,19.58
4257,2025-01-27,41,35.6,19.58
4258,2025-02-03,41,37.5,20.62
4259,2025-02-10,41,37.5,20.62
4260,2025-02-17,41,37.5,20.62
4261,2025-02-24,41,37.5,20.62
4262,2025-03-03,41,37.5,20.62
4263,2025-03-10,41,37.5,20.62
4264,2025-03-17,41,37.5,20.62
4265,2025-03-24,41,37.5,20.62
4266,2025-03-31,41,37.5,20.62
4267,2025-04-07,41,36.4,20.02
4268,2025-04-14,41,36.4,20.02
4269,2025-04-21,41,36.4,20.02
4270,2025-04-28,41,36.4,20.02
4271,2025-05-05,41,37.5,20.62
4272,2025-05-12,41,37.5,20.62
4273,2025-05-19,41,37.5,20.62
4274,2025-05-26,41,37.5,20.62
4275,2025-06-02,41,33.0,18.15
4276,2025-06-09,41,33.0,18.15
4277,2025-06-16,41,33.0,18.15
4278,2025-06-23,41,33.0,18.15
4279,2025-06-30,41,33.0,18.15
4280,2025-07-07,41,20.6,11.33
4281,2025-07-14,41,20.6,11.33
4282,2025-07-21,41,20.6,11.33
4283,2025-07-28,41,20.6,11.33
4284,2025-08-04,41,34.5,18.98
4285,2025-08-11,41,34.5,18.98
4286,2025-08-18,41,34.5,18.98
4287,2025-08-25,41,34.5,18.98
4288,2025-09-01,41,38.2,21.01
4289,2025-09-08,41,38.2,21.01
4290,2025-09-15,41,38.2,21.01
4291,2025-09-22,41,38.2,21.01
4292,2025-09-29,41,38.2,21.01
4293,2025-10-06,41,38.2,21.01
4294,2025-10-13,41,38.2,21.01
4295,2025-10-20,41,38.2,21.01
4296,2025-10-27,41,38.2,21.01
4297,2025-11-03,41,37.5,20.62
4298,2025-11-10,41,37.5,20.62
4299,2025-11-17,41,37.5,20.62
4300,2025-11-24,41,37.5,20.62
4301,2025-12-01,41,30.0,16.5
4302,2025-12-08,41,30.0,16.5
4303,2025-12-15,41,30.0,16.5
4304,2025-12-22,41,30.0,16.5
4305,2025-12-29,41,30.0,16.5
4306,2024-01-01,42,35.6,27.77
4307,2024-01-08,42,35.6,27.77
4308,2024-01-15,42,35.6,27.77
4309,2024-01-22,42,35.6,27.77
4310,2024-01-29,42,35.6,27.77
4311,2024-02-05,42,37.5,29.25
4312,2024-02-12,42,37.5,29.25
4313,2024-02-19,42,37.5,29.25
4314,2024-02-26,42,37.5,29.25
4315,2024-03-04,42,37.5,29.25
4316,2024-03-11,42,37.5,29.25
4317,2024-03-18,42,37.5,29.25
4318,2024-03-25,42,37.5,29.25
4319,2024-04-01,42,36.4,28.39
4320,2024-04-08,42,36.4,28.39
4321,2024-04-15,42,36.4,28.39
4322,2024-04-22,42,36.4,28.39
4323,2024-04-29,42,36.4,28.39
4324,2024-05-06,42,37.5,29.25
4325,2024-05-13,42,37.5,29.25
4326,2024-05-20,42,37.5,29.25
4327,2024-05-27,42,37.5,29.25
4328,2024-06-03,42,33.0,25.74
4329,2024-06-10,42,33.0,25.74
4330,2024-06-17,42,33.0,25.74
4331,2024-06-24,42,33.0,25.74
4332,2024-07-01,42,20.6,16.07
4333,2024-07-08,42,20.6,16.07
4334,2024-07-15,42,20.6,16.07
4335,2024-07-22,42,20.6,16.07
4336,2024-07-29,42,20.6,16.07
4337,2024-08-05,42,34.5,26.91
4338,2024-08-12,42,34.5,26.91
4339,2024-08-19,42,34.5,26.91
4340,2024-08-26,42,34.5,26.91
4341,2024-09-02,42,38.2,29.8
4342,2024-09-09,42,38.2,29.8
4343,2024-09-16,42,38.2,29.8
4344,2024-09-23,42,38.2,29.8
4345,2024-09-30,42,38.2,29.8
4346,2024-10-07,42,38.2,29.8
4347,2024-10-14,42,38.2,29.8
4348,2024-10-21,42,38.2,29.8
4349,2024-10-28,42,38.2,29.8
4350,2024-11-04,42,37.5,29.25
4351,2024-11-11,42,37.5,29.25
4352,2024-11-18,42,37.5,29.25
4353,2024-11-25,42,37.5,29.25
4354,2024-12-02,42,30.0,23.4
4355,2024-12-09,42,30.0,23.4
4356,2024-12-16,42,30.0,23.4
4357,2024-12-23,42,30.0,23.4
4358,2024-12-30,42,30.0,23.4
4359,2025-01-06,42,35.6,27.77
4360,2025-01-13,42,35.6,27.77
4361,2025-01-20,42,35.6,27.77
4362,2025-01-27,42,35.6,27.77
4363,2025-02-03,42,37.5,29.25
4364,2025-02-10,42,37.5,29.25
4365,2025-02-17,42,37.5,29.25
4366,2025-02-24,42,37.5,29.25
4367,2025-03-03,42,37.5,29.25
4368,2025-03-10,42,37.5,29.25
4369,2025-03-17,42,37.5,29.25
4370,2025-03-24,42,37.5,29.25
4371,2025-03-31,42,37.5,29.25
4372,2025-04-07,42,36.4,28.39
4373,2025-04-14,42,36.4,28.39
4374,2025-04-21,42,36.4,28.39
4375,2025-04-28,42,36.4,28.39
4376,2025-05-05,42,37.5,29.25
4377,2025-05-12,42,37.5,29.25
4378,2025-05-19,42,37.5,29.25
4379,2025-05-26,42,37.5,29.25
4380,2025-06-02,42,33.0,25.74
4381,2025-06-09,42,33.0,25.74
4382,2025-06-16,42,33.0,25.74
4383,2025-06-23,42,33.0,25.74
4384,2025-06-30,42,33.0,25.74
4385,2025-07-07,42,20.6,16.07
4386,2025-07-14,42,20.6,16.07
4387,2025-07-21,42,20.6,16.07
4388,2025-07-28,42,20.6,16.07
4389,2025-08-04,42,34.5,26.91
4390,2025-08-11,42,34.5,26.91
4391,2025-08-18,42,34.5,26.91
4392,2025-08-25,42,34.5,26.91
4393,2025-09-01,42,38.2,29.8
4394,2025-09-08,42,38.2,29.8
4395,2025-09-15,42,38.2,29.8
4396,2025-09-22,42,38.2,29.8
4397,2025-09-29,42,38.2,29.8
4398,2025-10-06,42,38.2,29.8
4399,2025-10-13,42,38.2,29.8
4400,2025-10-20,42,38.2,29.8
4401,2025-10-27,42,38.2,29.8
4402,2025-11-03,42,37.5,29.25
4403,2025-11-10,42,37.5,29.25
4404,2025-11-17,42,37.5,29.25
4405,2025-11-24,42,37.5,29.25
4406,2025-12-01,42,30.0,23.4
4407,2025-12-08,42,30.0,23.4
4408,2025-12-15,42,30.0,23.4
4409,2025-12-22,42,30.0,23.4
4410,2025-12-29,42,30.0,23.4
4411,2024-01-01,43,35.6,27.77
4412,2024-01-08,43,35.6,27.77
4413,2024-01-15,43,35.6,27.77
4414,2024-01-22,43,35.6,27.77
4415,2024-01-29,43,35.6,27.77
4416,2024-02-05,43,37.5,29.25
4417,2024-02-12,43,37.5,29.25
4418,2024-02-19,43,37.5,29.25
4419,2024-02-26,43,37.5,29.25
4420,2024-03-04,43,37.5,29.25
4421,2024-03-11,43,37.5,29.25
4422,2024-03-18,43,37.5,29.25
4423,2024-03-25,43,37.5,29.25
4424,2024-04-01,43,36.4,28.39
4425,2024-04-08,43,36.4,28.39
4426,2024-04-15,43,36.4,28.39
4427,2024-04-22,43,36.4,28.39
4428,2024-04-29,43,36.4,28.39
4429,2024-05-06,43,37.5,29.25
4430,2024-05-13,43,37.5,29.25
4431,2024-05-20,43,37.5,29.25
4432,2024-05-27,43,37.5,29.25
4433,2024-06-03,43,33.0,25.74
4434,2024-06-10,43,33.0,25.74
4435,2024-06-17,43,33.0,25.74
4436,2024-06-24,43,33.0,25.74
4437,2024-07-01,43,20.6,16.07
4438,2024-07-08,43,20.6,16.07
4439,2024-07-15,43,20.6,16.07
4440,2024-07-22,43,20.6,16.07
4441,2024-07-29,43,20.6,16.07
4442,2024-08-05,43,34.5,26.91
4443,2024-08-12,43,34.5,26.91
4444,2024-08-19,43,34.5,26.91
4445,2024-08-26,43,34.5,26.91
4446,2024-09-02,43,38.2,29.8
4447,2024-09-09,43,38.2,29.8
4448,2024-09-16,43,38.2,29.8
4449,2024-09-23,43,38.2,29.8
4450,2024-09-30,43,38.2,29.8
4451,2024-10-07,43,38.2,29.8
4452,2024-10-14,43,38.2,29.8
4453,2024-10-21,43,38.2,29.8
4454,2024-10-28,43,38.2,29.8
4455,2024-11-04,43,37.5,29.25
4456,2024-11-11,43,37.5,29.25
4457,2024-11-18,43,37.5,29.25
4458,2024-11-25,43,37.5,29.25
4459,2024-12-02,43,30.0,23.4
4460,2024-12-09,43,30.0,23.4
4461,2024-12-16,43,30.0,23.4
4462,2024-12-23,43,30.0,23.4
4463,2024-12-30,43,30.0,23.4
4464,2025-01-06,43,35.6,27.77
4465,2025-01-13,43,35.6,27.77
4466,2025-01-20,43,35.6,27.77
4467,2025-01-27,43,35.6,27.77
4468,2025-02-03,43,37.5,29.25
4469,2025-02-10,43,37.5,29.25
4470,2025-02-17,43,37.5,29.25
4471,2025-02-24,43,37.5,29.25
4472,2025-03-03,43,37.5,29.25
4473,2025-03-10,43,37.5,29.25
4474,2025-03-17,43,37.5,29.25
4475,2025-03-24,43,37.5,29.25
4476,2025-03-31,43,37.5,29.25
4477,2025-04-07,43,36.4,28.39
4478,2025-04-14,43,36.4,28.39
4479,2025-04-21,43,36.4,28.39
4480,2025-04-28,43,36.4,28.39
4481,2025-05-05,43,37.5,29.25
4482,2025-05-12,43,37.5,29.25
4483,2025-05-19,43,37.5,29.25
4484,2025-05-26,43,37.5,29.25
4485,2025-06-02,43,33.0,25.74
4486,2025-06-09,43,33.0,25.74
4487,2025-06-16,43,33.0,25.74
4488,2025-06-23,43,33.0,25.74
4489,2025-06-30,43,33.0,25.74
4490,2025-07-07,43,20.6,16.07
4491,2025-07-14,43,20.6,16.07
4492,2025-07-21,43,20.6,16.07
4493,2025-07-28,43,20.6,16.07
4494,2025-08-04,43,34.5,26.91
4495,2025-08-11,43,34.5,26.91
4496,2025-08-18,43,34.5,26.91
4497,2025-08-25,43,34.5,26.91
4498,2025-09-01,43,38.2,29.8
4499,2025-09-08,43,38.2,29.8
4500,2025-09-15,43,38.2,29.8
4501,2025-09-22,43,38.2,29.8
4502,2025-09-29,43,38.2,29.8
4503,2025-10-06,43,38.2,29.8
4504,2025-10-13,43,38.2,29.8
4505,2025-10-20,43,38.2,29.8
4506,2025-10-27,43,38.2,29.8
4507,2025-11-03,43,37.5,29.25
4508,2025-11-10,43,37.5,29.25
4509,2025-11-17,43,37.5,29.25
4510,2025-11-24,43,37.5,29.25
4511,2025-12-01,43,30.0,23.4
4512,2025-12-08,43,30.0,23.4
4513,2025-12-15,43,30.0,23.4
4514,2025-12-22,43,30.0,23.4
4515,2025-12-29,43,30.0,23.4
4516,2024-01-01,44,35.6,27.77
4517,2024-01-08,44,35.6,27.77
4518,2024-01-15,44,35.6,27.77
4519,2024-01-22,44,35.6,27.77
4520,2024-01-29,44,35.6,27.77
4521,2024-02-05,44,37.5,29.25
4522,2024-02-12,44,37.5,29.25
4523,2024-02-19,44,37.5,29.25
4524,2024-02-26,44,37.5,29.25
4525,2024-03-04,44,37.5,29.25
4526,2024-03-11,44,37.5,29.25
4527,2024-03-18,44,37.5,29.25
4528,2024-03-25,44,37.5,29.25
4529,2024-04-01,44,36.4,28.39
4530,2024-04-08,44,36.4,28.39
4531,2024-04-15,44,36.4,28.39
4532,2024-04-22,44,36.4,28.39
4533,2024-04-29,44,36.4,28.39
4534,2024-05-06,44,37.5,29.25
4535,2024-05-13,44,37.5,29.25
4536,2024-05-20,44,37.5,29.25
4537,2024-05-27,44,37.5,29.25
4538,2024-06-03,44,33.0,25.74
4539,2024-06-10,44,33.0,25.74
4540,2024-06-17,44,33.0,25.74
4541,2024-06-24,44,33.0,25.74
4542,2024-07-01,44,20.6,16.07
4543,2024-07-08,44,20.6,16.07
4544,2024-07-15,44,20.6,16.07
4545,2024-07-22,44,20.6,16.07
4546,2024-07-29,44,20.6,16.07
4547,2024-08-05,44,34.5,26.91
4548,2024-08-12,44,34.5,26.91
4549,2024-08-19,44,34.5,26.91
4550,2024-08-26,44,34.5,26.91
4551,2024-09-02,44,38.2,29.8
4552,2024-09-09,44,38.2,29.8
4553,2024-09-16,44,38.2,29.8
4554,2024-09-23,44,38.2,29.8
4555,2024-09-30,44,38.2,29.8
4556,2024-10-07,44,38.2,29.8
4557,2024-10-14,44,38.2,29.8
4558,2024-10-21,44,38.2,29.8
4559,2024-10-28,44,38.2,29.8
4560,2024-11-04,44,37.5,29.25
4561,2024-11-11,44,37.5,29.25
4562,2024-11-18,44,37.5,29.25
4563,2024-11-25,44,37.5,29.25
4564,2024-12-02,44,30.0,23.4
4565,2024-12-09,44,30.0,23.4
4566,2024-12-16,44,30.0,23.4
4567,2024-12-23,44,30.0,23.4
4568,2024-12-30,44,30.0,23.4
4569,2025-01-06,44,35.6,27.77
4570,2025-01-13,44,35.6,27.77
4571,2025-01-20,44,35.6,27.77
4572,2025-01-27,44,35.6,27.77
4573,2025-02-03,44,37.5,29.25
4574,2025-02-10,44,37.5,29.25
4575,2025-02-17,44,37.5,29.25
4576,2025-02-24,44,37.5,29.25
4577,2025-03-03,44,37.5,29.25
4578,2025-03-10,44,37.5,29.25
4579,2025-03-17,44,37.5,29.25
4580,2025-03-24,44,37.5,29.25
4581,2025-03-31,44,37.5,29.25
4582,2025-04-07,44,36.4,28.39
4583,2025-04-14,44,36.4,28.39
4584,2025-04-21,44,36.4,28.39
4585,2025-04-28,44,36.4,28.39
4586,2025-05-05,44,37.5,29.25
4587,2025-05-12,44,37.5,29.25
4588,2025-05-19,44,37.5,29.25
4589,2025-05-26,44,37.5,29.25
4590,2025-06-02,44,33.0,25.74
4591,2025-06-09,44,33.0,25.74
4592,2025-06-16,44,33.0,25.74
4593,2025-06-23,44,33.0,25.74
4594,2025-06-30,44,33.0,25.74
4595,2025-07-07,44,20.6,16.07
4596,2025-07-14,44,20.6,16.07
4597,2025-07-21,44,20.6,16.07
4598,2025-07-28,44,20.6,16.07
4599,2025-08-04,44,34.5,26.91
4600,2025-08-11,44,34.5,26.91
4601,2025-08-18,44,34.5,26.91
4602,2025-08-25,44,34.5,26.91
4603,2025-09-01,44,38.2,29.8
4604,2025-09-08,44,38.2,29.8
4605,2025-09-15,44,38.2,29.8
4606,2025-09-22,44,38.2,29.8
4607,2025-09-29,44,38.2,29.8
4608,2025-10-06,44,38.2,29.8
4609,2025-10-13,44,38.2,29.8
4610,2025-10-20,44,38.2,29.8
4611,2025-10-27,44,38.2,29.8
4612,2025-11-03,44,37.5,29.25
4613,2025-11-10,44,37.5,29.25
4614,2025-11-17,44,37.5,29.25
4615,2025-11-24,44,37.5,29.25
4616,2025-12-01,44,30.0,23.4
4617,2025-12-08,44,30.0,23.4
4618,2025-12-15,44,30.0,23.4
4619,2025-12-22,44,30.0,23.4
4620,2025-12-29,44,30.0,23.4
4621,2024-01-01,45,35.6,10.68
4622,2024-01-08,45,35.6,10.68
4623,2024-01-15,45,35.6,10.68
4624,2024-01-22,45,35.6,10.68
4625,2024-01-29,45,35.6,10.68
4626,2024-02-05,45,37.5,11.25
4627,2024-02-12,45,37.5,11.25
4628,2024-02-19,45,37.5,11.25
4629,2024-02-26,45,37.5,11.25
4630,2024-03-04,45,37.5,11.25
4631,2024-03-11,45,37.5,11.25
4632,2024-03-18,45,37.5,11.25
4633,2024-03-25,45,37.5,11.25
4634,2024-04-01,45,36.4,10.92
4635,2024-04-08,45,36.4,10.92
4636,2024-04-15,45,36.4,10.92
4637,2024-04-22,45,36.4,10.92
4638,2024-04-29,45,36.4,10.92
4639,2024-05-06,45,37.5,11.25
4640,2024-05-13,45,37.5,11.25
4641,2024-05-20,45,37.5,11.25
4642,2024-05-27,45,37.5,11.25
4643,2024-06-03,45,33.0,9.9
4644,2024-06-10,45,33.0,9.9
4645,2024-06-17,45,33.0,9.9
4646,2024-06-24,45,33.0,9.9
4647,2024-07-01,45,20.6,6.18
4648,2024-07-08,45,20.6,6.18
4649,2024-07-15,45,20.6,6.18
4650,2024-07-22,45,20.6,6.18
4651,2024-07-29,45,20.6,6.18
4652,2024-08-05,45,34.5,10.35
4653,2024-08-12,45,34.5,10.35
4654,2024-08-19,45,34.5,10.35
4655,2024-08-26,45,34.5,10.35
4656,2024-09-02,45,38.2,11.46
4657,2024-09-09,45,38.2,11.46
4658,2024-09-16,45,38.2,11.46
4659,2024-09-23,45,38.2,11.46
4660,2024-09-30,45,38.2,11.46
4661,2024-10-07,45,38.2,11.46
4662,2024-10-14,45,38.2,11.46
4663,2024-10-21,45,38.2,11.46
4664,2024-10-28,45,38.2,11.46
4665,2024-11-04,45,37.5,11.25
4666,2024-11-11,45,37.5,11.25
4667,2024-11-18,45,37.5,11.25
4668,2024-11-25,45,37.5,11.25
4669,2024-12-02,45,30.0,9.0
4670,2024-12-09,45,30.0,9.0
4671,2024-12-16,45,30.0,9.0
4672,2024-12-23,45,30.0,9.0
4673,2024-12-30,45,30.0,9.0
4674,2025-01-06,45,35.6,10.68
4675,2025-01-13,45,35.6,10.68
4676,2025-01-20,45,35.6,10.68
4677,2025-01-27,45,35.6,10.68
4678,2025-02-03,45,37.5,11.25
4679,2025-02-10,45,37.5,11.25
4680,2025-02-17,45,37.5,11.25
4681,2025-02-24,45,37.5,11.25
4682,2025-03-03,45,37.5,11.25
4683,2025-03-10,45,37.5,11.25
4684,2025-03-17,45,37.5,11.25
4685,2025-03-24,45,37.5,11.25
4686,2025-03-31,45,37.5,11.25
4687,2025-04-07,45,36.4,10.92
4688,2025-04-14,45,36.4,10.92
4689,2025-04-21,45,36.4,10.92
4690,2025-04-28,45,36.4,10.92
4691,2025-05-05,45,37.5,11.25
4692,2025-05-12,45,37.5,11.25
4693,2025-05-19,45,37.5,11.25
4694,2025-05-26,45,37.5,11.25
4695,2025-06-02,45,33.0,9.9
4696,2025-06-09,45,33.0,9.9
4697,2025-06-16,45,33.0,9.9
4698,2025-06-23,45,33.0,9.9
4699,2025-06-30,45,33.0,9.9
4700,2025-07-07,45,20.6,6.18
4701,2025-07-14,45,20.6,6.18
4702,2025-07-21,45,20.6,6.18
4703,2025-07-28,45,20.6,6.18
4704,2025-08-04,45,34.5,10.35
4705,2025-08-11,45,34.5,10.35
4706,2025-08-18,45,34.5,10.35
4707,2025-08-25,45,34.5,10.35
4708,2025-09-01,45,38.2,11.46
4709,2025-09-08,45,38.2,11.46
4710,2025-09-15,45,38.2,11.46
4711,2025-09-22,45,38.2,11.46
4712,2025-09-29,45,38.2,11.46
4713,2025-10-06,45,38.2,11.46
4714,2025-10-13,45,38.2,11.46
4715,2025-10-20,45,38.2,11.46
4716,2025-10-27,45,38.2,11.46
4717,2025-11-03,45,37.5,11.25
4718,2025-11-10,45,37.5,11.25
4719,2025-11-17,45,37.5,11.25
4720,2025-11-24,45,37.5,11.25
4721,2025-12-01,45,30.0,9.0
4722,2025-12-08,45,30.0,9.0
4723,2025-12-15,45,30.0,9.0
4724,2025-12-22,45,30.0,9.0
4725,2025-12-29,45,30.0,9.0
4726,2024-01-01,46,35.6,27.77
4727,2024-01-08,46,35.6,27.77
4728,2024-01-15,46,35.6,27.77
4729,2024-01-22,46,35.6,27.77
4730,2024-01-29,46,35.6,27.77
4731,2024-02-05,46,37.5,29.25
4732,2024-02-12,46,37.5,29.25
4733,2024-02-19,46,37.5,29.25
4734,2024-02-26,46,37.5,29.25
4735,2024-03-04,46,37.5,29.25
4736,2024-03-11,46,37.5,29.25
4737,2024-03-18,46,37.5,29.25
4738,2024-03-25,46,37.5,29.25
4739,2024-04-01,46,36.4,28.39
4740,2024-04-08,46,36.4,28.39
4741,2024-04-15,46,36.4,28.39
4742,2024-04-22,46,36.4,28.39
4743,2024-04-29,46,36.4,28.39
4744,2024-05-06,46,37.5,29.25
4745,2024-05-13,46,37.5,29.25
4746,2024-05-20,46,37.5,29.25
4747,2024-05-27,46,37.5,29.25
4748,2024-06-03,46,33.0,25.74
4749,2024-06-10,46,33.0,25.74
4750,2024-06-17,46,33.0,25.74
4751,2024-06-24,46,33.0,25.74
4752,2024-07-01,46,20.6,16.07
4753,2024-07-08,46,20.6,16.07
4754,2024-07-15,46,20.6,16.07
4755,2024-07-22,46,20.6,16.07
4756,2024-07-29,46,20.6,16.07
4757,2024-08-05,46,34.5,26.91
4758,2024-08-12,46,34.5,26.91
4759,2024-08-19,46,34.5,26.91
4760,2024-08-26,46,34.5,26.91
4761,2024-09-02,46,38.2,29.8
4762,2024-09-09,46,38.2,29.8
4763,2024-09-16,46,38.2,29.8
4764,2024-09-23,46,38.2,29.8
4765,2024-09-30,46,38.2,29.8
4766,2024-10-07,46,38.2,29.8
4767,2024-10-14,46,38.2,29.8
4768,2024-10-21,46,38.2,29.8
4769,2024-10-28,46,38.2,29.8
4770,2024-11-04,46,37.5,29.25
4771,2024-11-11,46,37.5,29.25
4772,2024-11-18,46,37.5,29.25
4773,2024-11-25,46,37.5,29.25
4774,2024-12-02,46,30.0,23.4
4775,2024-12-09,46,30.0,23.4
4776,2024-12-16,46,30.0,23.4
4777,2024-12-23,46,30.0,23.4
4778,2024-12-30,46,30.0,23.4
4779,2025-01-06,46,35.6,27.77
4780,2025-01-13,46,35.6,27.77
4781,2025-01-20,46,35.6,27.77
4782,2025-01-27,46,35.6,27.77
4783,2025-02-03,46,37.5,29.25
4784,2025-02-10,46,37.5,29.25
4785,2025-02-17,46,37.5,29.25
4786,2025-02-24,46,37.5,29.25
4787,2025-03-03,46,37.5,29.25
4788,2025-03-10,46,37.5,29.25
4789,2025-03-17,46,37.5,29.25
4790,2025-03-24,46,37.5,29.25
4791,2025-03-31,46,37.5,29.25
4792,2025-04-07,46,36.4,28.39
4793,2025-04-14,46,36.4,28.39
4794,2025-04-21,46,36.4,28.39
4795,2025-04-28,46,36.4,28.39
4796,2025-05-05,46,37.5,29.25
4797,2025-05-12,46,37.5,29.25
4798,2025-05-19,46,37.5,29.25
4799,2025-05-26,46,37.5,29.25
4800,2025-06-02,46,33.0,25.74
4801,2025-06-09,46,33.0,25.74
4802,2025-06-16,46,33.0,25.74
4803,2025-06-23,46,33.0,25.74
4804,2025-06-30,46,33.0,25.74
4805,2025-07-07,46,20.6,16.07
4806,2025-07-14,46,20.6,16.07
4807,2025-07-21,46,20.6,16.07
4808,2025-07-28,46,20.6,16.07
4809,2025-08-04,46,34.5,26.91
4810,2025-08-11,46,34.5,26.91
4811,2025-08-18,46,34.5,26.91
4812,2025-08-25,46,34.5,26.91
4813,2025-09-01,46,38.2,29.8
4814,2025-09-08,46,38.2,29.8
4815,2025-09-15,46,38.2,29.8
4816,2025-09-22,46,38.2,29.8
4817,2025-09-29,46,38.2,29.8
4818,2025-10-06,46,38.2,29.8
4819,2025-10-13,46,38.2,29.8
4820,2025-10-20,46,38.2,29.8
4821,2025-10-27,46,38.2,29.8
4822,2025-11-03,46,37.5,29.25
4823,2025-11-10,46,37.5,29.25
4824,2025-11-17,46,37.5,29.25
4825,2025-11-24,46,37.5,29.25
4826,2025-12-01,46,30.0,23.4
4827,2025-12-08,46,30.0,23.4
4828,2025-12-15,46,30.0,23.4
4829,2025-12-22,46,30.0,23.4
4830,2025-12-29,46,30.0,23.4
4831,2024-01-01,47,35.6,25.63
4832,2024-01-08,47,35.6,25.63
4833,2024-01-15,47,35.6,25.63
4834,2024-01-22,47,35.6,25.63
4835,2024-01-29,47,35.6,25.63
4836,2024-02-05,47,37.5,27.0
4837,2024-02-12,47,37.5,27.0
4838,2024-02-19,47,37.5,27.0
4839,2024-02-26,47,37.5,27.0
4840,2024-03-04,47,37.5,27.0
4841,2024-03-11,47,37.5,27.0
4842,2024-03-18,47,37.5,27.0
4843,2024-03-25,47,37.5,27.0
4844,2024-04-01,47,36.4,26.21
4845,2024-04-08,47,36.4,26.21
4846,2024-04-15,47,36.4,26.21
4847,2024-04-22,47,36.4,26.21
4848,2024-04-29,47,36.4,26.21
4849,2024-05-06,47,37.5,27.0
4850,2024-05-13,47,37.5,27.0
4851,2024-05-20,47,37.5,27.0
4852,2024-05-27,47,37.5,27.0
4853,2024-06-03,47,33.0,23.76
4854,2024-06-10,47,33.0,23.76
4855,2024-06-17,47,33.0,23.76
4856,2024-06-24,47,33.0,23.76
4857,2024-07-01,47,20.6,14.83
4858,2024-07-08,47,20.6,14.83
4859,2024-07-15,47,20.6,14.83
4860,2024-07-22,47,20.6,14.83
4861,2024-07-29,47,20.6,14.83
4862,2024-08-05,47,34.5,24.84
4863,2024-08-12,47,34.5,24.84
4864,2024-08-19,47,34.5,24.84
4865,2024-08-26,47,34.5,24.84
4866,2024-09-02,47,38.2,27.5
4867,2024-09-09,47,38.2,27.5
4868,2024-09-16,47,38.2,27.5
4869,2024-09-23,47,38.2,27.5
4870,2024-09-30,47,38.2,27.5
4871,2024-10-07,47,38.2,27.5
4872,2024-10-14,47,38.2,27.5
4873,2024-10-21,47,38.2,27.5
4874,2024-10-28,47,38.2,27.5
4875,2024-11-04,47,37.5,27.0
4876,2024-11-11,47,37.5,27.0
4877,2024-11-18,47,37.5,27.0
4878,2024-11-25,47,37.5,27.0
4879,2024-12-02,47,30.0,21.6
4880,2024-12-09,47,30.0,21.6
4881,2024-12-16,47,30.0,21.6
4882,2024-12-23,47,30.0,21.6
4883,2024-12-30,47,30.0,21.6
4884,2025-01-06,47,35.6,25.63
4885,2025-01-13,47,35.6,25.63
4886,2025-01-20,47,35.6,25.63
4887,2025-01-27,47,35.6,25.63
4888,2025-02-03,47,37.5,27.0
4889,2025-02-10,47,37.5,27.0
4890,2025-02-17,47,37.5,27.0
4891,2025-02-24,47,37.5,27.0
4892,2025-03-03,47,37.5,27.0
4893,2025-03-10,47,37.5,27.0
4894,2025-03-17,47,37.5,27.0
4895,2025-03-24,47,37.5,27.0
4896,2025-03-31,47,37.5,27.0
4897,2025-04-07,47,36.4,26.21
4898,2025-04-14,47,36.4,26.21
4899,2025-04-21,47,36.4,26.21
4900,2025-04-28,47,36.4,26.21
4901,2025-05-05,47,37.5,27.0
4902,2025-05-12,47,37.5,27.0
4903,2025-05-19,47,37.5,27.0
4904,2025-05-26,47,37.5,27.0
4905,2025-06-02,47,33.0,23.76
4906,2025-06-09,47,33.0,23.76
4907,2025-06-16,47,33.0,23.76
4908,2025-06-23,47,33.0,23.76
4909,2025-06-30,47,33.0,23.76
4910,2025-07-07,47,20.6,14.83
4911,2025-07-14,47,20.6,14.83
4912,2025-07-21,47,20.6,14.83
4913,2025-07-28,47,20.6,14.83
4914,2025-08-04,47,34.5,24.84
4915,2025-08-11,47,34.5,24.84
4916,2025-08-18,47,34.5,24.84
4917,2025-08-25,47,34.5,24.84
4918,2025-09-01,47,38.2,27.5
4919,2025-09-08,47,38.2,27.5
4920,2025-09-15,47,38.2,27.5
4921,2025-09-22,47,38.2,27.5
4922,2025-09-29,47,38.2,27.5
4923,2025-10-06,47,38.2,27.5
4924,2025-10-13,47,38.2,27.5
4925,2025-10-20,47,38.2,27.5
4926,2025-10-27,47,38.2,27.5
4927,2025-11-03,47,37.5,27.0
4928,2025-11-10,47,37.5,27.0
4929,2025-11-17,47,37.5,27.0
4930,2025-11-24,47,37.5,27.0
4931,2025-12-01,47,30.0,21.6
4932,2025-12-08,47,30.0,21.6
4933,2025-12-15,47,30.0,21.6
4934,2025-12-22,47,30.0,21.6
4935,2025-12-29,47,30.0,21.6
4936,2024-01-01,48,35.6,27.77
4937,2024-01-08,48,35.6,27.77
4938,2024-01-15,48,35.6,27.77
4939,2024-01-22,48,35.6,27.77
4940,2024-01-29,48,35.6,27.77
4941,2024-02-05,48,37.5,29.25
4942,2024-02-12,48,37.5,29.25
4943,2024-02-19,48,37.5,29.25
4944,2024-02-26,48,37.5,29.25
4945,2024-03-04,48,37.5,29.25
4946,2024-03-11,48,37.5,29.25
4947,2024-03-18,48,37.5,29.25
4948,2024-03-25,48,37.5,29.25
4949,2024-04-01,48,36.4,28.39
4950,2024-04-08,48,36.4,28.39
4951,2024-04-15,48,36.4,28.39
4952,2024-04-22,48,36.4,28.39
4953,2024-04-29,48,36.4,28.39
4954,2024-05-06,48,37.5,29.25
4955,2024-05-13,48,37.5,29.25
4956,2024-05-20,48,37.5,29.25
4957,2024-05-27,48,37.5,29.25
4958,2024-06-03,48,33.0,25.74
4959,2024-06-10,48,33.0,25.74
4960,2024-06-17,48,33.0,25.74
4961,2024-06-24,48,33.0,25.74
4962,2024-07-01,48,20.6,16.07
4963,2024-07-08,48,20.6,16.07
4964,2024-07-15,48,20.6,16.07
4965,2024-07-22,48,20.6,16.07
4966,2024-07-29,48,20.6,16.07
4967,2024-08-05,48,34.5,26.91
4968,2024-08-12,48,34.5,26.91
4969,2024-08-19,48,34.5,26.91
4970,2024-08-26,48,34.5,26.91
4971,2024-09-02,48,38.2,29.8
4972,2024-09-09,48,38.2,29.8
4973,2024-09-16,48,38.2,29.8
4974,2024-09-23,48,38.2,29.8
4975,2024-09-30,48,38.2,29.8
4976,2024-10-07,48,38.2,29.8
4977,2024-10-14,48,38.2,29.8
4978,2024-10-21,48,38.2,29.8
4979,2024-10-28,48,38.2,29.8
4980,2024-11-04,48,37.5,29.25
4981,2024-11-11,48,37.5,29.25
4982,2024-11-18,48,37.5,29.25
4983,2024-11-25,48,37.5,29.25
4984,2024-12-02,48,30.0,23.4
4985,2024-12-09,48,30.0,23.4
4986,2024-12-16,48,30.0,23.4
4987,2024-12-23,48,30.0,23.4
4988,2024-12-30,48,30.0,23.4
4989,2025-01-06,48,35.6,27.77
4990,2025-01-13,48,35.6,27.77
4991,2025-01-20,48,35.6,27.77
4992,2025-01-27,48,35.6,27.77
4993,2025-02-03,48,37.5,29.25
4994,2025-02-10,48,37.5,29.25
4995,2025-02-17,48,37.5,29.25
4996,2025-02-24,48,37.5,29.25
4997,2025-03-03,48,37.5,29.25
4998,2025-03-10,48,37.5,29.25
4999,2025-03-17,48,37.5,29.25
5000,2025-03-24,48,37.5,29.25
5001,2025-03-31,48,37.5,29.25
5002,2025-04-07,48,36.4,28.39
5003,2025-04-14,48,36.4,28.39
5004,2025-04-21,48,36.4,28.39
5005,2025-04-28,48,36.4,28.39
5006,2025-05-05,48,37.5,29.25
5007,2025-05-12,48,37.5,29.25
5008,2025-05-19,48,37.5,29.25
5009,2025-05-26,48,37.5,29.25
5010,2025-06-02,48,33.0,25.74
5011,2025-06-09,48,33.0,25.74
5012,2025-06-16,48,33.0,25.74
5013,2025-06-23,48,33.0,25.74
5014,2025-06-30,48,33.0,25.74
5015,2025-07-07,48,20.6,16.07
5016,2025-07-14,48,20.6,16.07
5017,2025-07-21,48,20.6,16.07
5018,2025-07-28,48,20.6,16.07
5019,2025-08-04,48,34.5,26.91
5020,2025-08-11,48,34.5,26.91
5021,2025-08-18,48,34.5,26.91
5022,2025-08-25,48,34.5,26.91
5023,2025-09-01,48,38.2,29.8
5024,2025-09-08,48,38.2,29.8
5025,2025-09-15,48,38.2,29.8
5026,2025-09-22,48,38.2,29.8
5027,2025-09-29,48,38.2,29.8
5028,2025-10-06,48,38.2,29.8
5029,2025-10-13,48,38.2,29.8
5030,2025-10-20,48,38.2,29.8
5031,2025-10-27,48,38.2,29.8
5032,2025-11-03,48,37.5,29.25
5033,2025-11-10,48,37.5,29.25
5034,2025-11-17,48,37.5,29.25
5035,2025-11-24,48,37.5,29.25
5036,2025-12-01,48,30.0,23.4
5037,2025-12-08,48,30.0,23.4
5038,2025-12-15,48,30.0,23.4
5039,2025-12-22,48,30.0,23.4
5040,2025-12-29,48,30.0,23.4
5041,2024-01-01,49,35.6,25.63
5042,2024-01-08,49,35.6,25.63
5043,2024-01-15,49,35.6,25.63
5044,2024-01-22,49,35.6,25.63
5045,2024-01-29,49,35.6,25.63
5046,2024-02-05,49,37.5,27.0
5047,2024-02-12,49,37.5,27.0
5048,2024-02-19,49,37.5,27.0
5049,2024-02-26,49,37.5,27.0
5050,2024-03-04,49,37.5,27.0
5051,2024-03-11,49,37.5,27.0
5052,2024-03-18,49,37.5,27.0
5053,2024-03-25,49,37.5,27.0
5054,2024-04-01,49,36.4,26.21
5055,2024-04-08,49,36.4,26.21
5056,2024-04-15,49,36.4,26.21
5057,2024-04-22,49,36.4,26.21
5058,2024-04-29,49,36.4,26.21
5059,2024-05-06,49,37.5,27.0
5060,2024-05-13,49,37.5,27.0
5061,2024-05-20,49,37.5,27.0
5062,2024-05-27,49,37.5,27.0
5063,2024-06-03,49,33.0,23.76
5064,2024-06-10,49,33.0,23.76
5065,2024-06-17,49,33.0,23.76
5066,2024-06-24,49,33.0,23.76
5067,2024-07-01,49,20.6,14.83
5068,2024-07-08,49,20.6,14.83
5069,2024-07-15,49,20.6,14.83
5070,2024-07-22,49,20.6,14.83
5071,2024-07-29,49,20.6,14.83
5072,2024-08-05,49,34.5,24.84
5073,2024-08-12,49,34.5,24.84
5074,2024-08-19,49,34.5,24.84
5075,2024-08-26,49,34.5,24.84
5076,2024-09-02,49,38.2,27.5
5077,2024-09-09,49,38.2,27.5
5078,2024-09-16,49,38.2,27.5
5079,2024-09-23,49,38.2,27.5
5080,2024-09-30,49,38.2,27.5
5081,2024-10-07,49,38.2,27.5
5082,2024-10-14,49,38.2,27.5
5083,2024-10-21,49,38.2,27.5
5084,2024-10-28,49,38.2,27.5
5085,2024-11-04,49,37.5,27.0
5086,2024-11-11,49,37.5,27.0
5087,2024-11-18,49,37.5,27.0
5088,2024-11-25,49,37.5,27.0
5089,2024-12-02,49,30.0,21.6
5090,2024-12-09,49,30.0,21.6
5091,2024-12-16,49,30.0,21.6
5092,2024-12-23,49,30.0,21.6
5093,2024-12-30,49,30.0,21.6
5094,2025-01-06,49,35.6,25.63
5095,2025-01-13,49,35.6,25.63
5096,2025-01-20,49,35.6,25.63
5097,2025-01-27,49,35.6,25.63
5098,2025-02-03,49,37.5,27.0
5099,2025-02-10,49,37.5,27.0
5100,2025-02-17,49,37.5,27.0
5101,2025-02-24,49,37.5,27.0
5102,2025-03-03,49,37.5,27.0
5103,2025-03-10,49,37.5,27.0
5104,2025-03-17,49,37.5,27.0
5105,2025-03-24,49,37.5,27.0
5106,2025-03-31,49,37.5,27.0
5107,2025-04-07,49,36.4,26.21
5108,2025-04-14,49,36.4,26.21
5109,2025-04-21,49,36.4,26.21
5110,2025-04-28,49,36.4,26.21
5111,2025-05-05,49,37.5,27.0
5112,2025-05-12,49,37.5,27.0
5113,2025-05-19,49,37.5,27.0
5114,2025-05-26,49,37.5,27.0
5115,2025-06-02,49,33.0,23.76
5116,2025-06-09,49,33.0,23.76
5117,2025-06-16,49,33.0,23.76
5118,2025-06-23,49,33.0,23.76
5119,2025-06-30,49,33.0,23.76
5120,2025-07-07,49,20.6,14.83
5121,2025-07-14,49,20.6,14.83
5122,2025-07-21,49,20.6,14.83
5123,2025-07-28,49,20.6,14.83
5124,2025-08-04,49,34.5,24.84
5125,2025-08-11,49,34.5,24.84
5126,2025-08-18,49,34.5,24.84
5127,2025-08-25,49,34.5,24.84
5128,2025-09-01,49,38.2,27.5
5129,2025-09-08,49,38.2,27.5
5130,2025-09-15,49,38.2,27.5
5131,2025-09-22,49,38.2,27.5
5132,2025-09-29,49,38.2,27.5
5133,2025-10-06,49,38.2,27.5
5134,2025-10-13,49,38.2,27.5
5135,2025-10-20,49,38.2,27.5
5136,2025-10-27,49,38.2,27.5
5137,2025-11-03,49,37.5,27.0
5138,2025-11-10,49,37.5,27.0
5139,2025-11-17,49,37.5,27.0
5140,2025-11-24,49,37.5,27.0
5141,2025-12-01,49,30.0,21.6
5142,2025-12-08,49,30.0,21.6
5143,2025-12-15,49,30.0,21.6
5144,2025-12-22,49,30.0,21.6
5145,2025-12-29,49,30.0,21.6
5146,2024-01-01,50,35.6,27.77
5147,2024-01-08,50,35.6,27.77
5148,2024-01-15,50,35.6,27.77
5149,2024-01-22,50,35.6,27.77
5150,2024-01-29,50,35.6,27.77
5151,2024-02-05,50,37.5,29.25
5152,2024-02-12,50,37.5,29.25
5153,2024-02-19,50,37.5,29.25
5154,2024-02-26,50,37.5,29.25
5155,2024-03-04,50,37.5,29.25
5156,2024-03-11,50,37.5,29.25
5157,2024-03-18,50,37.5,29.25
5158,2024-03-25,50,37.5,29.25
5159,2024-04-01,50,36.4,28.39
5160,2024-04-08,50,36.4,28.39
5161,2024-04-15,50,36.4,28.39
5162,2024-04-22,50,36.4,28.39
5163,2024-04-29,50,36.4,28.39
5164,2024-05-06,50,37.5,29.25
5165,2024-05-13,50,37.5,29.25
5166,2024-05-20,50,37.5,29.25
5167,2024-05-27,50,37.5,29.25
5168,2024-06-03,50,33.0,25.74
5169,2024-06-10,50,33.0,25.74
5170,2024-06-17,50,33.0,25.74
5171,2024-06-24,50,33.0,25.74
5172,2024-07-01,50,20.6,16.07
5173,2024-07-08,50,20.6,16.07
5174,2024-07-15,50,20.6,16.07
5175,2024-07-22,50,20.6,16.07
5176,2024-07-29,50,20.6,16.07
5177,2024-08-05,50,34.5,26.91
5178,2024-08-12,50,34.5,26.91
5179,2024-08-19,50,34.5,26.91
5180,2024-08-26,50,34.5,26.91
5181,2024-09-02,50,38.2,29.8
5182,2024-09-09,50,38.2,29.8
5183,2024-09-16,50,38.2,29.8
5184,2024-09-23,50,38.2,29.8
5185,2024-09-30,50,38.2,29.8
5186,2024-10-07,50,38.2,29.8
5187,2024-10-14,50,38.2,29.8
5188,2024-10-21,50,38.2,29.8
5189,2024-10-28,50,38.2,29.8
5190,2024-11-04,50,37.5,29.25
5191,2024-11-11,50,37.5,29.25
5192,2024-11-18,50,37.5,29.25
5193,2024-11-25,50,37.5,29.25
5194,2024-12-02,50,30.0,23.4
5195,2024-12-09,50,30.0,23.4
5196,2024-12-16,50,30.0,23.4
5197,2024-12-23,50,30.0,23.4
5198,2024-12-30,50,30.0,23.4
5199,2025-01-06,50,35.6,27.77
5200,2025-01-13,50,35.6,27.77
5201,2025-01-20,50,35.6,27.77
5202,2025-01-27,50,35.6,27.77
5203,2025-02-03,50,37.5,29.25
5204,2025-02-10,50,37.5,29.25
5205,2025-02-17,50,37.5,29.25
5206,2025-02-24,50,37.5,29.25
5207,2025-03-03,50,37.5,29.25
5208,2025-03-10,50,37.5,29.25
5209,2025-03-17,50,37.5,29.25
5210,2025-03-24,50,37.5,29.25
5211,2025-03-31,50,37.5,29.25
5212,2025-04-07,50,36.4,28.39
5213,2025-04-14,50,36.4,28.39
5214,2025-04-21,50,36.4,28.39
5215,2025-04-28,50,36.4,28.39
5216,2025-05-05,50,37.5,29.25
5217,2025-05-12,50,37.5,29.25
5218,2025-05-19,50,37.5,29.25
5219,2025-05-26,50,37.5,29.25
5220,2025-06-02,50,33.0,25.74
5221,2025-06-09,50,33.0,25.74
5222,2025-06-16,50,33.0,25.74
5223,2025-06-23,50,33.0,25.74
5224,2025-06-30,50,33.0,25.74
5225,2025-07-07,50,20.6,16.07
5226,2025-07-14,50,20.6,16.07
5227,2025-07-21,50,20.6,16.07
5228,2025-07-28,50,20.6,16.07
5229,2025-08-04,50,34.5,26.91
5230,2025-08-11,50,34.5,26.91
5231,2025-08-18,50,34.5,26.91
5232,2025-08-25,50,34.5,26.91
5233,2025-09-01,50,38.2,29.8
5234,2025-09-08,50,38.2,29.8
5235,2025-09-15,50,38.2,29.8
5236,2025-09-22,50,38.2,29.8
5237,2025-09-29,50,38.2,29.8
5238,2025-10-06,50,38.2,29.8
5239,2025-10-13,50,38.2,29.8
5240,2025-10-20,50,38.2,29.8
5241,2025-10-27,50,38.2,29.8
5242,2025-11-03,50,37.5,29.25
5243,2025-11-10,50,37.5,29.25
5244,2025-11-17,50,37.5,29.25
5245,2025-11-24,50,37.5,29.25
5246,2025-12-01,50,30.0,23.4
5247,2025-12-08,50,30.0,23.4
5248,2025-12-15,50,30.0,23.4
5249,2025-12-22,50,30.0,23.4
5250,2025-12-29,50,30.0,23.4
5251,2024-01-01,51,35.6,28.48
5252,2024-01-08,51,35.6,28.48
5253,2024-01-15,51,35.6,28.48
5254,2024-01-22,51,35.6,28.48
5255,2024-01-29,51,35.6,28.48
5256,2024-02-05,51,37.5,30.0
5257,2024-02-12,51,37.5,30.0
5258,2024-02-19,51,37.5,30.0
5259,2024-02-26,51,37.5,30.0
5260,2024-03-04,51,37.5,30.0
5261,2024-03-11,51,37.5,30.0
5262,2024-03-18,51,37.5,30.0
5263,2024-03-25,51,37.5,30.0
5264,2024-04-01,51,36.4,29.12
5265,2024-04-08,51,36.4,29.12
5266,2024-04-15,51,36.4,29.12
5267,2024-04-22,51,36.4,29.12
5268,2024-04-29,51,36.4,29.12
5269,2024-05-06,51,37.5,30.0
5270,2024-05-13,51,37.5,30.0
5271,2024-05-20,51,37.5,30.0
5272,2024-05-27,51,37.5,30.0
5273,2024-06-03,51,33.0,26.4
5274,2024-06-10,51,33.0,26.4
5275,2024-06-17,51,33.0,26.4
5276,2024-06-24,51,33.0,26.4
5277,2024-07-01,51,20.6,16.48
5278,2024-07-08,51,20.6,16.48
5279,2024-07-15,51,20.6,16.48
5280,2024-07-22,51,20.6,16.48
5281,2024-07-29,51,20.6,16.48
5282,2024-08-05,51,34.5,27.6
5283,2024-08-12,51,34.5,27.6
5284,2024-08-19,51,34.5,27.6
5285,2024-08-26,51,34.5,27.6
5286,2024-09-02,51,38.2,30.56
5287,2024-09-09,51,38.2,30.56
5288,2024-09-16,51,38.2,30.56
5289,2024-09-23,51,38.2,30.56
5290,2024-09-30,51,38.2,30.56
5291,2024-10-07,51,38.2,30.56
5292,2024-10-14,51,38.2,30.56
5293,2024-10-21,51,38.2,30.56
5294,2024-10-28,51,38.2,30.56
5295,2024-11-04,51,37.5,30.0
5296,2024-11-11,51,37.5,30.0
5297,2024-11-18,51,37.5,30.0
5298,2024-11-25,51,37.5,30.0
5299,2024-12-02,51,30.0,24.0
5300,2024-12-09,51,30.0,24.0
5301,2024-12-16,51,30.0,24.0
5302,2024-12-23,51,30.0,24.0
5303,2024-12-30,51,30.0,24.0
5304,2025-01-06,51,35.6,28.48
5305,2025-01-13,51,35.6,28.48
5306,2025-01-20,51,35.6,28.48
5307,2025-01-27,51,35.6,28.48
5308,2025-02-03,51,37.5,30.0
5309,2025-02-10,51,37.5,30.0
5310,2025-02-17,51,37.5,30.0
5311,2025-02-24,51,37.5,30.0
5312,2025-03-03,51,37.5,30.0
5313,2025-03-10,51,37.5,30.0
5314,2025-03-17,51,37.5,30.0
5315,2025-03-24,51,37.5,30.0
5316,2025-03-31,51,37.5,30.0
5317,2025-04-07,51,36.4,29.12
5318,2025-04-14,51,36.4,29.12
5319,2025-04-21,51,36.4,29.12
5320,2025-04-28,51,36.4,29.12
5321,2025-05-05,51,37.5,30.0
5322,2025-05-12,51,37.5,30.0
5323,2025-05-19,51,37.5,30.0
5324,2025-05-26,51,37.5,30.0
5325,2025-06-02,51,33.0,26.4
5326,2025-06-09,51,33.0,26.4
5327,2025-06-16,51,33.0,26.4
5328,2025-06-23,51,33.0,26.4
5329,2025-06-30,51,33.0,26.4
5330,2025-07-07,51,20.6,16.48
5331,2025-07-14,51,20.6,16.48
5332,2025-07-21,51,20.6,16.48
5333,2025-07-28,51,20.6,16.48
5334,2025-08-04,51,34.5,27.6
5335,2025-08-11,51,34.5,27.6
5336,2025-08-18,51,34.5,27.6
5337,2025-08-25,51,34.5,27.6
5338,2025-09-01,51,38.2,30.56
5339,2025-09-08,51,38.2,30.56
5340,2025-09-15,51,38.2,30.56
5341,2025-09-22,51,38.2,30.56
5342,2025-09-29,51,38.2,30.56
5343,2025-10-06,51,38.2,30.56
5344,2025-10-13,51,38.2,30.56
5345,2025-10-20,51,38.2,30.56
5346,2025-10-27,51,38.2,30.56
5347,2025-11-03,51,37.5,30.0
5348,2025-11-10,51,37.5,30.0
5349,2025-11-17,51,37.5,30.0
5350,2025-11-24,51,37.5,30.0
5351,2025-12-01,51,30.0,24.0
5352,2025-12-08,51,30.0,24.0
5353,2025-12-15,51,30.0,24.0
5354,2025-12-22,51,30.0,24.0
5355,2025-12-29,51,30.0,24.0
5356,2024-01-01,52,35.6,27.77
5357,2024-01-08,52,35.6,27.77
5358,2024-01-15,52,35.6,27.77
5359,2024-01-22,52,35.6,27.77
5360,2024-01-29,52,35.6,27.77
5361,2024-02-05,52,37.5,29.25
5362,2024-02-12,52,37.5,29.25
5363,2024-02-19,52,37.5,29.25
5364,2024-02-26,52,37.5,29.25
5365,2024-03-04,52,37.5,29.25
5366,2024-03-11,52,37.5,29.25
5367,2024-03-18,52,37.5,29.25
5368,2024-03-25,52,37.5,29.25
5369,2024-04-01,52,36.4,28.39
5370,2024-04-08,52,36.4,28.39
5371,2024-04-15,52,36.4,28.39
5372,2024-04-22,52,36.4,28.39
5373,2024-04-29,52,36.4,28.39
5374,2024-05-06,52,37.5,29.25
5375,2024-05-13,52,37.5,29.25
5376,2024-05-20,52,37.5,29.25
5377,2024-05-27,52,37.5,29.25
5378,2024-06-03,52,33.0,25.74
5379,2024-06-10,52,33.0,25.74
5380,2024-06-17,52,33.0,25.74
5381,2024-06-24,52,33.0,25.74
5382,2024-07-01,52,20.6,16.07
5383,2024-07-08,52,20.6,16.07
5384,2024-07-15,52,20.6,16.07
5385,2024-07-22,52,20.6,16.07
5386,2024-07-29,52,20.6,16.07
5387,2024-08-05,52,34.5,26.91
5388,2024-08-12,52,34.5,26.91
5389,2024-08-19,52,34.5,26.91
5390,2024-08-26,52,34.5,26.91
5391,2024-09-02,52,38.2,29.8
5392,2024-09-09,52,38.2,29.8
5393,2024-09-16,52,38.2,29.8
5394,2024-09-23,52,38.2,29.8
5395,2024-09-30,52,38.2,29.8
5396,2024-10-07,52,38.2,29.8
5397,2024-10-14,52,38.2,29.8
5398,2024-10-21,52,38.2,29.8
5399,2024-10-28,52,38.2,29.8
5400,2024-11-04,52,37.5,29.25
5401,2024-11-11,52,37.5,29.25
5402,2024-11-18,52,37.5,29.25
5403,2024-11-25,52,37.5,29.25
5404,2024-12-02,52,30.0,23.4
5405,2024-12-09,52,30.0,23.4
5406,2024-12-16,52,30.0,23.4
5407,2024-12-23,52,30.0,23.4
5408,2024-12-30,52,30.0,23.4
5409,2025-01-06,52,35.6,27.77
5410,2025-01-13,52,35.6,27.77
5411,2025-01-20,52,35.6,27.77
5412,2025-01-27,52,35.6,27.77
5413,2025-02-03,52,37.5,29.25
5414,2025-02-10,52,37.5,29.25
5415,2025-02-17,52,37.5,29.25
5416,2025-02-24,52,37.5,29.25
5417,2025-03-03,52,37.5,29.25
5418,2025-03-10,52,37.5,29.25
5419,2025-03-17,52,37.5,29.25
5420,2025-03-24,52,37.5,29.25
5421,2025-03-31,52,37.5,29.25
5422,2025-04-07,52,36.4,28.39
5423,2025-04-14,52,36.4,28.39
5424,2025-04-21,52,36.4,28.39
5425,2025-04-28,52,36.4,28.39
5426,2025-05-05,52,37.5,29.25
5427,2025-05-12,52,37.5,29.25
5428,2025-05-19,52,37.5,29.25
5429,2025-05-26,52,37.5,29.25
5430,2025-06-02,52,33.0,25.74
5431,2025-06-09,52,33.0,25.74
5432,2025-06-16,52,33.0,25.74
5433,2025-06-23,52,33.0,25.74
5434,2025-06-30,52,33.0,25.74
5435,2025-07-07,52,20.6,16.07
5436,2025-07-14,52,20.6,16.07
5437,2025-07-21,52,20.6,16.07
5438,2025-07-28,52,20.6,16.07
5439,2025-08-04,52,34.5,26.91
5440,2025-08-11,52,34.5,26.91
5441,2025-08-18,52,34.5,26.91
5442,2025-08-25,52,34.5,26.91
5443,2025-09-01,52,38.2,29.8
5444,2025-09-08,52,38.2,29.8
5445,2025-09-15,52,38.2,29.8
5446,2025-09-22,52,38.2,29.8
5447,2025-09-29,52,38.2,29.8
5448,2025-10-06,52,38.2,29.8
5449,2025-10-13,52,38.2,29.8
5450,2025-10-20,52,38.2,29.8
5451,2025-10-27,52,38.2,29.8
5452,2025-11-03,52,37.5,29.25
5453,2025-11-10,52,37.5,29.25
5454,2025-11-17,52,37.5,29.25
5455,2025-11-24,52,37.5,29.25
5456,2025-12-01,52,30.0,23.4
5457,2025-12-08,52,30.0,23.4
5458,2025-12-15,52,30.0,23.4
5459,2025-12-22,52,30.0,23.4
5460,2025-12-29,52,30.0,23.4
5461,2024-01-01,53,35.6,25.63
5462,2024-01-08,53,35.6,25.63
5463,2024-01-15,53,35.6,25.63
5464,2024-01-22,53,35.6,25.63
5465,2024-01-29,53,35.6,25.63
5466,2024-02-05,53,37.5,27.0
5467,2024-02-12,53,37.5,27.0
5468,2024-02-19,53,37.5,27.0
5469,2024-02-26,53,37.5,27.0
5470,2024-03-04,53,37.5,27.0
5471,2024-03-11,53,37.5,27.0
5472,2024-03-18,53,37.5,27.0
5473,2024-03-25,53,37.5,27.0
5474,2024-04-01,53,36.4,26.21
5475,2024-04-08,53,36.4,26.21
5476,2024-04-15,53,36.4,26.21
5477,2024-04-22,53,36.4,26.21
5478,2024-04-29,53,36.4,26.21
5479,2024-05-06,53,37.5,27.0
5480,2024-05-13,53,37.5,27.0
5481,2024-05-20,53,37.5,27.0
5482,2024-05-27,53,37.5,27.0
5483,2024-06-03,53,33.0,23.76
5484,2024-06-10,53,33.0,23.76
5485,2024-06-17,53,33.0,23.76
5486,2024-06-24,53,33.0,23.76
5487,2024-07-01,53,20.6,14.83
5488,2024-07-08,53,20.6,14.83
5489,2024-07-15,53,20.6,14.83
5490,2024-07-22,53,20.6,14.83
5491,2024-07-29,53,20.6,14.83
5492,2024-08-05,53,34.5,24.84
5493,2024-08-12,53,34.5,24.84
5494,2024-08-19,53,34.5,24.84
5495,2024-08-26,53,34.5,24.84
5496,2024-09-02,53,38.2,27.5
5497,2024-09-09,53,38.2,27.5
5498,2024-09-16,53,38.2,27.5
5499,2024-09-23,53,38.2,27.5
5500,2024-09-30,53,38.2,27.5
5501,2024-10-07,53,38.2,27.5
5502,2024-10-14,53,38.2,27.5
5503,2024-10-21,53,38.2,27.5
5504,2024-10-28,53,38.2,27.5
5505,2024-11-04,53,37.5,27.0
5506,2024-11-11,53,37.5,27.0
5507,2024-11-18,53,37.5,27.0
5508,2024-11-25,53,37.5,27.0
5509,2024-12-02,53,30.0,21.6
5510,2024-12-09,53,30.0,21.6
5511,2024-12-16,53,30.0,21.6
5512,2024-12-23,53,30.0,21.6
5513,2024-12-30,53,30.0,21.6
5514,2025-01-06,53,35.6,25.63
5515,2025-01-13,53,35.6,25.63
5516,2025-01-20,53,35.6,25.63
5517,2025-01-27,53,35.6,25.63
5518,2025-02-03,53,37.5,27.0
5519,2025-02-10,53,37.5,27.0
5520,2025-02-17,53,37.5,27.0
5521,2025-02-24,53,37.5,27.0
5522,2025-03-03,53,37.5,27.0
5523,2025-03-10,53,37.5,27.0
5524,2025-03-17,53,37.5,27.0
5525,2025-03-24,53,37.5,27.0
5526,2025-03-31,53,37.5,27.0
5527,2025-04-07,53,36.4,26.21
5528,2025-04-14,53,36.4,26.21
5529,2025-04-21,53,36.4,26.21
5530,2025-04-28,53,36.4,26.21
5531,2025-05-05,53,37.5,27.0
5532,2025-05-12,53,37.5,27.0
5533,2025-05-19,53,37.5,27.0
5534,2025-05-26,53,37.5,27.0
5535,2025-06-02,53,33.0,23.76
5536,2025-06-09,53,33.0,23.76
5537,2025-06-16,53,33.0,23.76
5538,2025-06-23,53,33.0,23.76
5539,2025-06-30,53,33.0,23.76
5540,2025-07-07,53,20.6,14.83
5541,2025-07-14,53,20.6,14.83
5542,2025-07-21,53,20.6,14.83
5543,2025-07-28,53,20.6,14.83
5544,2025-08-04,53,34.5,24.84
5545,2025-08-11,53,34.5,24.84
5546,2025-08-18,53,34.5,24.84
5547,2025-08-25,53,34.5,24.84
5548,2025-09-01,53,38.2,27.5
5549,2025-09-08,53,38.2,27.5
5550,2025-09-15,53,38.2,27.5
5551,2025-09-22,53,38.2,27.5
5552,2025-09-29,53,38.2,27.5
5553,2025-10-06,53,38.2,27.5
5554,2025-10-13,53,38.2,27.5
5555,2025-10-20,53,38.2,27.5
5556,2025-10-27,53,38.2,27.5
5557,2025-11-03,53,37.5,27.0
5558,2025-11-10,53,37.5,27.0
5559,2025-11-17,53,37.5,27.0
5560,2025-11-24,53,37.5,27.0
5561,2025-12-01,53,30.0,21.6
5562,2025-12-08,53,30.0,21.6
5563,2025-12-15,53,30.0,21.6
5564,2025-12-22,53,30.0,21.6
5565,2025-12-29,53,30.0,21.6
5566,2024-01-01,54,35.6,25.63
5567,2024-01-08,54,35.6,25.63
5568,2024-01-15,54,35.6,25.63
5569,2024-01-22,54,35.6,25.63
5570,2024-01-29,54,35.6,25.63
5571,2024-02-05,54,37.5,27.0
5572,2024-02-12,54,37.5,27.0
5573,2024-02-19,54,37.5,27.0
5574,2024-02-26,54,37.5,27.0
5575,2024-03-04,54,37.5,27.0
5576,2024-03-11,54,37.5,27.0
5577,2024-03-18,54,37.5,27.0
5578,2024-03-25,54,37.5,27.0
5579,2024-04-01,54,36.4,26.21
5580,2024-04-08,54,36.4,26.21
5581,2024-04-15,54,36.4,26.21
5582,2024-04-22,54,36.4,26.21
5583,2024-04-29,54,36.4,26.21
5584,2024-05-06,54,37.5,27.0
5585,2024-05-13,54,37.5,27.0
5586,2024-05-20,54,37.5,27.0
5587,2024-05-27,54,37.5,27.0
5588,2024-06-03,54,33.0,23.76
5589,2024-06-10,54,33.0,23.76
5590,2024-06-17,54,33.0,23.76
5591,2024-06-24,54,33.0,23.76
5592,2024-07-01,54,20.6,14.83
5593,2024-07-08,54,20.6,14.83
5594,2024-07-15,54,20.6,14.83
5595,2024-07-22,54,20.6,14.83
5596,2024-07-29,54,20.6,14.83
5597,2024-08-05,54,34.5,24.84
5598,2024-08-12,54,34.5,24.84
5599,2024-08-19,54,34.5,24.84
5600,2024-08-26,54,34.5,24.84
5601,2024-09-02,54,38.2,27.5
5602,2024-09-09,54,38.2,27.5
5603,2024-09-16,54,38.2,27.5
5604,2024-09-23,54,38.2,27.5
5605,2024-09-30,54,38.2,27.5
5606,2024-10-07,54,38.2,27.5
5607,2024-10-14,54,38.2,27.5
5608,2024-10-21,54,38.2,27.5
5609,2024-10-28,54,38.2,27.5
5610,2024-11-04,54,37.5,27.0
5611,2024-11-11,54,37.5,27.0
5612,2024-11-18,54,37.5,27.0
5613,2024-11-25,54,37.5,27.0
5614,2024-12-02,54,30.0,21.6
5615,2024-12-09,54,30.0,21.6
5616,2024-12-16,54,30.0,21.6
5617,2024-12-23,54,30.0,21.6
5618,2024-12-30,54,30.0,21.6
5619,2025-01-06,54,35.6,25.63
5620,2025-01-13,54,35.6,25.63
5621,2025-01-20,54,35.6,25.63
5622,2025-01-27,54,35.6,25.63
5623,2025-02-03,54,37.5,27.0
5624,2025-02-10,54,37.5,27.0
5625,2025-02-17,54,37.5,27.0
5626,2025-02-24,54,37.5,27.0
5627,2025-03-03,54,37.5,27.0
5628,2025-03-10,54,37.5,27.0
5629,2025-03-17,54,37.5,27.0
5630,2025-03-24,54,37.5,27.0
5631,2025-03-31,54,37.5,27.0
5632,2025-04-07,54,36.4,26.21
5633,2025-04-14,54,36.4,26.21
5634,2025-04-21,54,36.4,26.21
5635,2025-04-28,54,36.4,26.21
5636,2025-05-05,54,37.5,27.0
5637,2025-05-12,54,37.5,27.0
5638,2025-05-19,54,37.5,27.0
5639,2025-05-26,54,37.5,27.0
5640,2025-06-02,54,33.0,23.76
5641,2025-06-09,54,33.0,23.76
5642,2025-06-16,54,33.0,23.76
5643,2025-06-23,54,33.0,23.76
5644,2025-06-30,54,33.0,23.76
5645,2025-07-07,54,20.6,14.83
5646,2025-07-14,54,20.6,14.83
5647,2025-07-21,54,20.6,14.83
5648,2025-07-28,54,20.6,14.83
5649,2025-08-04,54,34.5,24.84
5650,2025-08-11,54,34.5,24.84
5651,2025-08-18,54,34.5,24.84
5652,2025-08-25,54,34.5,24.84
5653,2025-09-01,54,38.2,27.5
5654,2025-09-08,54,38.2,27.5
5655,2025-09-15,54,38.2,27.5
5656,2025-09-22,54,38.2,27.5
5657,2025-09-29,54,38.2,27.5
5658,2025-10-06,54,38.2,27.5
5659,2025-10-13,54,38.2,27.5
5660,2025-10-20,54,38.2,27.5
5661,2025-10-27,54,38.2,27.5
5662,2025-11-03,54,37.5,27.0
5663,2025-11-10,54,37.5,27.0
5664,2025-11-17,54,37.5,27.0
5665,2025-11-24,54,37.5,27.0
5666,2025-12-01,54,30.0,21.6
5667,2025-12-08,54,30.0,21.6
5668,2025-12-15,54,30.0,21.6
5669,2025-12-22,54,30.0,21.6
5670,2025-12-29,54,30.0,21.6
5671,2024-01-01,55,35.6,19.58
5672,2024-01-08,55,35.6,19.58
5673,2024-01-15,55,35.6,19.58
5674,2024-01-22,55,35.6,19.58
5675,2024-01-29,55,35.6,19.58
5676,2024-02-05,55,37.5,20.62
5677,2024-02-12,55,37.5,20.62
5678,2024-02-19,55,37.5,20.62
5679,2024-02-26,55,37.5,20.62
5680,2024-03-04,55,37.5,20.62
5681,2024-03-11,55,37.5,20.62
5682,2024-03-18,55,37.5,20.62
5683,2024-03-25,55,37.5,20.62
5684,2024-04-01,55,36.4,20.02
5685,2024-04-08,55,36.4,20.02
5686,2024-04-15,55,36.4,20.02
5687,2024-04-22,55,36.4,20.02
5688,2024-04-29,55,36.4,20.02
5689,2024-05-06,55,37.5,20.62
5690,2024-05-13,55,37.5,20.62
5691,2024-05-20,55,37.5,20.62
5692,2024-05-27,55,37.5,20.62
5693,2024-06-03,55,33.0,18.15
5694,2024-06-10,55,33.0,18.15
5695,2024-06-17,55,33.0,18.15
5696,2024-06-24,55,33.0,18.15
5697,2024-07-01,55,20.6,11.33
5698,2024-07-08,55,20.6,11.33
5699,2024-07-15,55,20.6,11.33
5700,2024-07-22,55,20.6,11.33
5701,2024-07-29,55,20.6,11.33
5702,2024-08-05,55,34.5,18.98
5703,2024-08-12,55,34.5,18.98
5704,2024-08-19,55,34.5,18.98
5705,2024-08-26,55,34.5,18.98
5706,2024-09-02,55,38.2,21.01
5707,2024-09-09,55,38.2,21.01
5708,2024-09-16,55,38.2,21.01
5709,2024-09-23,55,38.2,21.01
5710,2024-09-30,55,38.2,21.01
5711,2024-10-07,55,38.2,21.01
5712,2024-10-14,55,38.2,21.01
5713,2024-10-21,55,38.2,21.01
5714,2024-10-28,55,38.2,21.01
5715,2024-11-04,55,37.5,20.62
5716,2024-11-11,55,37.5,20.62
5717,2024-11-18,55,37.5,20.62
5718,2024-11-25,55,37.5,20.62
5719,2024-12-02,55,30.0,16.5
5720,2024-12-09,55,30.0,16.5
5721,2024-12-16,55,30.0,16.5
5722,2024-12-23,55,30.0,16.5
5723,2024-12-30,55,30.0,16.5
5724,2025-01-06,55,35.6,19.58
5725,2025-01-13,55,35.6,19.58
5726,2025-01-20,55,35.6,19.58
5727,2025-01-27,55,35.6,19.58
5728,2025-02-03,55,37.5,20.62
5729,2025-02-10,55,37.5,20.62
5730,2025-02-17,55,37.5,20.62
5731,2025-02-24,55,37.5,20.62
5732,2025-03-03,55,37.5,20.62
5733,2025-03-10,55,37.5,20.62
5734,2025-03-17,55,37.5,20.62
5735,2025-03-24,55,37.5,20.62
5736,2025-03-31,55,37.5,20.62
5737,2025-04-07,55,36.4,20.02
5738,2025-04-14,55,36.4,20.02
5739,2025-04-21,55,36.4,20.02
5740,2025-04-28,55,36.4,20.02
5741,2025-05-05,55,37.5,20.62
5742,2025-05-12,55,37.5,20.62
5743,2025-05-19,55,37.5,20.62
5744,2025-05-26,55,37.5,20.62
5745,2025-06-02,55,33.0,18.15
5746,2025-06-09,55,33.0,18.15
5747,2025-06-16,55,33.0,18.15
5748,2025-06-23,55,33.0,18.15
5749,2025-06-30,55,33.0,18.15
5750,2025-07-07,55,20.6,11.33
5751,2025-07-14,55,20.6,11.33
5752,2025-07-21,55,20.6,11.33
5753,2025-07-28,55,20.6,11.33
5754,2025-08-04,55,34.5,18.98
5755,2025-08-11,55,34.5,18.98
5756,2025-08-18,55,34.5,18.98
5757,2025-08-25,55,34.5,18.98
5758,2025-09-01,55,38.2,21.01
5759,2025-09-08,55,38.2,21.01
5760,2025-09-15,55,38.2,21.01
5761,2025-09-22,55,38.2,21.01
5762,2025-09-29,55,38.2,21.01
5763,2025-10-06,55,38.2,21.01
5764,2025-10-13,55,38.2,21.01
5765,2025-10-20,55,38.2,21.01
5766,2025-10-27,55,38.2,21.01
5767,2025-11-03,55,37.5,20.62
5768,2025-11-10,55,37.5,20.62
5769,2025-11-17,55,37.5,20.62
5770,2025-11-24,55,37.5,20.62
5771,2025-12-01,55,30.0,16.5
5772,2025-12-08,55,30.0,16.5
5773,2025-12-15,55,30.0,16.5
5774,2025-12-22,55,30.0,16.5
5775,2025-12-29,55,30.0,16.5
5776,2024-01-01,56,35.6,10.68
5777,2024-01-08,56,35.6,10.68
5778,2024-01-15,56,35.6,10.68
5779,2024-01-22,56,35.6,10.68
5780,2024-01-29,56,35.6,10.68
5781,2024-02-05,56,37.5,11.25
5782,2024-02-12,56,37.5,11.25
5783,2024-02-19,56,37.5,11.25
5784,2024-02-26,56,37.5,11.25
5785,2024-03-04,56,37.5,11.25
5786,2024-03-11,56,37.5,11.25
5787,2024-03-18,56,37.5,11.25
5788,2024-03-25,56,37.5,11.25
5789,2024-04-01,56,36.4,10.92
5790,2024-04-08,56,36.4,10.92
5791,2024-04-15,56,36.4,10.92
5792,2024-04-22,56,36.4,10.92
5793,2024-04-29,56,36.4,10.92
5794,2024-05-06,56,37.5,11.25
5795,2024-05-13,56,37.5,11.25
5796,2024-05-20,56,37.5,11.25
5797,2024-05-27,56,37.5,11.25
5798,2024-06-03,56,33.0,9.9
5799,2024-06-10,56,33.0,9.9
5800,2024-06-17,56,33.0,9.9
5801,2024-06-24,56,33.0,9.9
5802,2024-07-01,56,20.6,6.18
5803,2024-07-08,56,20.6,6.18
5804,2024-07-15,56,20.6,6.18
5805,2024-07-22,56,20.6,6.18
5806,2024-07-29,56,20.6,6.18
5807,2024-08-05,56,34.5,10.35
5808,2024-08-12,56,34.5,10.35
5809,2024-08-19,56,34.5,10.35
5810,2024-08-26,56,34.5,10.35
5811,2024-09-02,56,38.2,11.46
5812,2024-09-09,56,38.2,11.46
5813,2024-09-16,56,38.2,11.46
5814,2024-09-23,56,38.2,11.46
5815,2024-09-30,56,38.2,11.46
5816,2024-10-07,56,38.2,11.46
5817,2024-10-14,56,38.2,11.46
5818,2024-10-21,56,38.2,11.46
5819,2024-10-28,56,38.2,11.46
5820,2024-11-04,56,37.5,11.25
5821,2024-11-11,56,37.5,11.25
5822,2024-11-18,56,37.5,11.25
5823,2024-11-25,56,37.5,11.25
5824,2024-12-02,56,30.0,9.0
5825,2024-12-09,56,30.0,9.0
5826,2024-12-16,56,30.0,9.0
5827,2024-12-23,56,30.0,9.0
5828,2024-12-30,56,30.0,9.0
5829,2025-01-06,56,35.6,10.68
5830,2025-01-13,56,35.6,10.68
5831,2025-01-20,56,35.6,10.68
5832,2025-01-27,56,35.6,10.68
5833,2025-02-03,56,37.5,11.25
5834,2025-02-10,56,37.5,11.25
5835,2025-02-17,56,37.5,11.25
5836,2025-02-24,56,37.5,11.25
5837,2025-03-03,56,37.5,11.25
5838,2025-03-10,56,37.5,11.25
5839,2025-03-17,56,37.5,11.25
5840,2025-03-24,56,37.5,11.25
5841,2025-03-31,56,37.5,11.25
5842,2025-04-07,56,36.4,10.92
5843,2025-04-14,56,36.4,10.92
5844,2025-04-21,56,36.4,10.92
5845,2025-04-28,56,36.4,10.92
5846,2025-05-05,56,37.5,11.25
5847,2025-05-12,56,37.5,11.25
5848,2025-05-19,56,37.5,11.25
5849,2025-05-26,56,37.5,11.25
5850,2025-06-02,56,33.0,9.9
5851,2025-06-09,56,33.0,9.9
5852,2025-06-16,56,33.0,9.9
5853,2025-06-23,56,33.0,9.9
5854,2025-06-30,56,33.0,9.9
5855,2025-07-07,56,20.6,6.18
5856,2025-07-14,56,20.6,6.18
5857,2025-07-21,56,20.6,6.18
5858,2025-07-28,56,20.6,6.18
5859,2025-08-04,56,34.5,10.35
5860,2025-08-11,56,34.5,10.35
5861,2025-08-18,56,34.5,10.35
5862,2025-08-25,56,34.5,10.35
5863,2025-09-01,56,38.2,11.46
5864,2025-09-08,56,38.2,11.46
5865,2025-09-15,56,38.2,11.46
5866,2025-09-22,56,38.2,11.46
5867,2025-09-29,56,38.2,11.46
5868,2025-10-06,56,38.2,11.46
5869,2025-10-13,56,38.2,11.46
5870,2025-10-20,56,38.2,11.46
5871,2025-10-27,56,38.2,11.46
5872,2025-11-03,56,37.5,11.25
5873,2025-11-10,56,37.5,11.25
5874,2025-11-17,56,37.5,11.25
5875,2025-11-24,56,37.5,11.25
5876,2025-12-01,56,30.0,9.0
5877,2025-12-08,56,30.0,9.0
5878,2025-12-15,56,30.0,9.0
5879,2025-12-22,56,30.0,9.0
5880,2025-12-29,56,30.0,9.0
5881,2024-01-01,57,35.6,28.48
5882,2024-01-08,57,35.6,28.48
5883,2024-01-15,57,35.6,28.48
5884,2024-01-22,57,35.6,28.48
5885,2024-01-29,57,35.6,28.48
5886,2024-02-05,57,37.5,30.0
5887,2024-02-12,57,37.5,30.0
5888,2024-02-19,57,37.5,30.0
5889,2024-02-26,57,37.5,30.0
5890,2024-03-04,57,37.5,30.0
5891,2024-03-11,57,37.5,30.0
5892,2024-03-18,57,37.5,30.0
5893,2024-03-25,57,37.5,30.0
5894,2024-04-01,57,36.4,29.12
5895,2024-04-08,57,36.4,29.12
5896,2024-04-15,57,36.4,29.12
5897,2024-04-22,57,36.4,29.12
5898,2024-04-29,57,36.4,29.12
5899,2024-05-06,57,37.5,30.0
5900,2024-05-13,57,37.5,30.0
5901,2024-05-20,57,37.5,30.0
5902,2024-05-27,57,37.5,30.0
5903,2024-06-03,57,33.0,26.4
5904,2024-06-10,57,33.0,26.4
5905,2024-06-17,57,33.0,26.4
5906,2024-06-24,57,33.0,26.4
5907,2024-07-01,57,20.6,16.48
5908,2024-07-08,57,20.6,16.48
5909,2024-07-15,57,20.6,16.48
5910,2024-07-22,57,20.6,16.48
5911,2024-07-29,57,20.6,16.48
5912,2024-08-05,57,34.5,27.6
5913,2024-08-12,57,34.5,27.6
5914,2024-08-19,57,34.5,27.6
5915,2024-08-26,57,34.5,27.6
5916,2024-09-02,57,38.2,30.56
5917,2024-09-09,57,38.2,30.56
5918,2024-09-16,57,38.2,30.56
5919,2024-09-23,57,38.2,30.56
5920,2024-09-30,57,38.2,30.56
5921,2024-10-07,57,38.2,30.56
5922,2024-10-14,57,38.2,30.56
5923,2024-10-21,57,38.2,30.56
5924,2024-10-28,57,38.2,30.56
5925,2024-11-04,57,37.5,30.0
5926,2024-11-11,57,37.5,30.0
5927,2024-11-18,57,37.5,30.0
5928,2024-11-25,57,37.5,30.0
5929,2024-12-02,57,30.0,24.0
5930,2024-12-09,57,30.0,24.0
5931,2024-12-16,57,30.0,24.0
5932,2024-12-23,57,30.0,24.0
5933,2024-12-30,57,30.0,24.0
5934,2025-01-06,57,35.6,28.48
5935,2025-01-13,57,35.6,28.48
5936,2025-01-20,57,35.6,28.48
5937,2025-01-27,57,35.6,28.48
5938,2025-02-03,57,37.5,30.0
5939,2025-02-10,57,37.5,30.0
5940,2025-02-17,57,37.5,30.0
5941,2025-02-24,57,37.5,30.0
5942,2025-03-03,57,37.5,30.0
5943,2025-03-10,57,37.5,30.0
5944,2025-03-17,57,37.5,30.0
5945,2025-03-24,57,37.5,30.0
5946,2025-03-31,57,37.5,30.0
5947,2025-04-07,57,36.4,29.12
5948,2025-04-14,57,36.4,29.12
5949,2025-04-21,57,36.4,29.12
5950,2025-04-28,57,36.4,29.12
5951,2025-05-05,57,37.5,30.0
5952,2025-05-12,57,37.5,30.0
5953,2025-05-19,57,37.5,30.0
5954,2025-05-26,57,37.5,30.0
5955,2025-06-02,57,33.0,26.4
5956,2025-06-09,57,33.0,26.4
5957,2025-06-16,57,33.0,26.4
5958,2025-06-23,57,33.0,26.4
5959,2025-06-30,57,33.0,26.4
5960,2025-07-07,57,20.6,16.48
5961,2025-07-14,57,20.6,16.48
5962,2025-07-21,57,20.6,16.48
5963,2025-07-28,57,20.6,16.48
5964,2025-08-04,57,34.5,27.6
5965,2025-08-11,57,34.5,27.6
5966,2025-08-18,57,34.5,27.6
5967,2025-08-25,57,34.5,27.6
5968,2025-09-01,57,38.2,30.56
5969,2025-09-08,57,38.2,30.56
5970,2025-09-15,57,38.2,30.56
5971,2025-09-22,57,38.2,30.56
5972,2025-09-29,57,38.2,30.56
5973,2025-10-06,57,38.2,30.56
5974,2025-10-13,57,38.2,30.56
5975,2025-10-20,57,38.2,30.56
5976,2025-10-27,57,38.2,30.56
5977,2025-11-03,57,37.5,30.0
5978,2025-11-10,57,37.5,30.0
5979,2025-11-17,57,37.5,30.0
5980,2025-11-24,57,37.5,30.0
5981,2025-12-01,57,30.0,24.0
5982,2025-12-08,57,30.0,24.0
5983,2025-12-15,57,30.0,24.0
5984,2025-12-22,57,30.0,24.0
5985,2025-12-29,57,30.0,24.0
5986,2024-01-01,58,35.6,25.63
5987,2024-01-08,58,35.6,25.63
5988,2024-01-15,58,35.6,25.63
5989,2024-01-22,58,35.6,25.63
5990,2024-01-29,58,35.6,25.63
5991,2024-02-05,58,37.5,27.0
5992,2024-02-12,58,37.5,27.0
5993,2024-02-19,58,37.5,27.0
5994,2024-02-26,58,37.5,27.0
5995,2024-03-04,58,37.5,27.0
5996,2024-03-11,58,37.5,27.0
5997,2024-03-18,58,37.5,27.0
5998,2024-03-25,58,37.5,27.0
5999,2024-04-01,58,36.4,26.21
6000,2024-04-08,58,36.4,26.21
6001,2024-04-15,58,36.4,26.21
6002,2024-04-22,58,36.4,26.21
6003,2024-04-29,58,36.4,26.21
6004,2024-05-06,58,37.5,27.0
6005,2024-05-13,58,37.5,27.0
6006,2024-05-20,58,37.5,27.0
6007,2024-05-27,58,37.5,27.0
6008,2024-06-03,58,33.0,23.76
6009,2024-06-10,58,33.0,23.76
6010,2024-06-17,58,33.0,23.76
6011,2024-06-24,58,33.0,23.76
6012,2024-07-01,58,20.6,14.83
6013,2024-07-08,58,20.6,14.83
6014,2024-07-15,58,20.6,14.83
6015,2024-07-22,58,20.6,14.83
6016,2024-07-29,58,20.6,14.83
6017,2024-08-05,58,34.5,24.84
6018,2024-08-12,58,34.5,24.84
6019,2024-08-19,58,34.5,24.84
6020,2024-08-26,58,34.5,24.84
6021,2024-09-02,58,38.2,27.5
6022,2024-09-09,58,38.2,27.5
6023,2024-09-16,58,38.2,27.5
6024,2024-09-23,58,38.2,27.5
6025,2024-09-30,58,38.2,27.5
6026,2024-10-07,58,38.2,27.5
6027,2024-10-14,58,38.2,27.5
6028,2024-10-21,58,38.2,27.5
6029,2024-10-28,58,38.2,27.5
6030,2024-11-04,58,37.5,27.0
6031,2024-11-11,58,37.5,27.0
6032,2024-11-18,58,37.5,27.0
6033,2024-11-25,58,37.5,27.0
6034,2024-12-02,58,30.0,21.6
6035,2024-12-09,58,30.0,21.6
6036,2024-12-16,58,30.0,21.6
6037,2024-12-23,58,30.0,21.6
6038,2024-12-30,58,30.0,21.6
6039,2025-01-06,58,35.6,25.63
6040,2025-01-13,58,35.6,25.63
6041,2025-01-20,58,35.6,25.63
6042,2025-01-27,58,35.6,25.63
6043,2025-02-03,58,37.5,27.0
6044,2025-02-10,58,37.5,27.0
6045,2025-02-17,58,37.5,27.0
6046,2025-02-24,58,37.5,27.0
6047,2025-03-03,58,37.5,27.0
6048,2025-03-10,58,37.5,27.0
6049,2025-03-17,58,37.5,27.0
6050,2025-03-24,58,37.5,27.0
6051,2025-03-31,58,37.5,27.0
6052,2025-04-07,58,36.4,26.21
6053,2025-04-14,58,36.4,26.21
6054,2025-04-21,58,36.4,26.21
6055,2025-04-28,58,36.4,26.21
6056,2025-05-05,58,37.5,27.0
6057,2025-05-12,58,37.5,27.0
6058,2025-05-19,58,37.5,27.0
6059,2025-05-26,58,37.5,27.0
6060,2025-06-02,58,33.0,23.76
6061,2025-06-09,58,33.0,23.76
6062,2025-06-16,58,33.0,23.76
6063,2025-06-23,58,33.0,23.76
6064,2025-06-30,58,33.0,23.76
6065,2025-07-07,58,20.6,14.83
6066,2025-07-14,58,20.6,14.83
6067,2025-07-21,58,20.6,14.83
6068,2025-07-28,58,20.6,14.83
6069,2025-08-04,58,34.5,24.84
6070,2025-08-11,58,34.5,24.84
6071,2025-08-18,58,34.5,24.84
6072,2025-08-25,58,34.5,24.84
6073,2025-09-01,58,38.2,27.5
6074,2025-09-08,58,38.2,27.5
6075,2025-09-15,58,38.2,27.5
6076,2025-09-22,58,38.2,27.5
6077,2025-09-29,58,38.2,27.5
6078,2025-10-06,58,38.2,27.5
6079,2025-10-13,58,38.2,27.5
6080,2025-10-20,58,38.2,27.5
6081,2025-10-27,58,38.2,27.5
6082,2025-11-03,58,37.5,27.0
6083,2025-11-10,58,37.5,27.0
6084,2025-11-17,58,37.5,27.0
6085,2025-11-24,58,37.5,27.0
6086,2025-12-01,58,30.0,21.6
6087,2025-12-08,58,30.0,21.6
6088,2025-12-15,58,30.0,21.6
6089,2025-12-22,58,30.0,21.6
6090,2025-12-29,58,30.0,21.6
6091,2024-01-01,59,35.6,27.77
6092,2024-01-08,59,35.6,27.77
6093,2024-01-15,59,35.6,27.77
6094,2024-01-22,59,35.6,27.77
6095,2024-01-29,59,35.6,27.77
6096,2024-02-05,59,37.5,29.25
6097,2024-02-12,59,37.5,29.25
6098,2024-02-19,59,37.5,29.25
6099,2024-02-26,59,37.5,29.25
6100,2024-03-04,59,37.5,29.25
6101,2024-03-11,59,37.5,29.25
6102,2024-03-18,59,37.5,29.25
6103,2024-03-25,59,37.5,29.25
6104,2024-04-01,59,36.4,28.39
6105,2024-04-08,59,36.4,28.39
6106,2024-04-15,59,36.4,28.39
6107,2024-04-22,59,36.4,28.39
6108,2024-04-29,59,36.4,28.39
6109,2024-05-06,59,37.5,29.25
6110,2024-05-13,59,37.5,29.25
6111,2024-05-20,59,37.5,29.25
6112,2024-05-27,59,37.5,29.25
6113,2024-06-03,59,33.0,25.74
6114,2024-06-10,59,33.0,25.74
6115,2024-06-17,59,33.0,25.74
6116,2024-06-24,59,33.0,25.74
6117,2024-07-01,59,20.6,16.07
6118,2024-07-08,59,20.6,16.07
6119,2024-07-15,59,20.6,16.07
6120,2024-07-22,59,20.6,16.07
6121,2024-07-29,59,20.6,16.07
6122,2024-08-05,59,34.5,26.91
6123,2024-08-12,59,34.5,26.91
6124,2024-08-19,59,34.5,26.91
6125,2024-08-26,59,34.5,26.91
6126,2024-09-02,59,38.2,29.8
6127,2024-09-09,59,38.2,29.8
6128,2024-09-16,59,38.2,29.8
6129,2024-09-23,59,38.2,29.8
6130,2024-09-30,59,38.2,29.8
6131,2024-10-07,59,38.2,29.8
6132,2024-10-14,59,38.2,29.8
6133,2024-10-21,59,38.2,29.8
6134,2024-10-28,59,38.2,29.8
6135,2024-11-04,59,37.5,29.25
6136,2024-11-11,59,37.5,29.25
6137,2024-11-18,59,37.5,29.25
6138,2024-11-25,59,37.5,29.25
6139,2024-12-02,59,30.0,23.4
6140,2024-12-09,59,30.0,23.4
6141,2024-12-16,59,30.0,23.4
6142,2024-12-23,59,30.0,23.4
6143,2024-12-30,59,30.0,23.4
6144,2025-01-06,59,35.6,27.77
6145,2025-01-13,59,35.6,27.77
6146,2025-01-20,59,35.6,27.77
6147,2025-01-27,59,35.6,27.77
6148,2025-02-03,59,37.5,29.25
6149,2025-02-10,59,37.5,29.25
6150,2025-02-17,59,37.5,29.25
6151,2025-02-24,59,37.5,29.25
6152,2025-03-03,59,37.5,29.25
6153,2025-03-10,59,37.5,29.25
6154,2025-03-17,59,37.5,29.25
6155,2025-03-24,59,37.5,29.25
6156,2025-03-31,59,37.5,29.25
6157,2025-04-07,59,36.4,28.39
6158,2025-04-14,59,36.4,28.39
6159,2025-04-21,59,36.4,28.39
6160,2025-04-28,59,36.4,28.39
6161,2025-05-05,59,37.5,29.25
6162,2025-05-12,59,37.5,29.25
6163,2025-05-19,59,37.5,29.25
6164,2025-05-26,59,37.5,29.25
6165,2025-06-02,59,33.0,25.74
6166,2025-06-09,59,33.0,25.74
6167,2025-06-16,59,33.0,25.74
6168,2025-06-23,59,33.0,25.74
6169,2025-06-30,59,33.0,25.74
6170,2025-07-07,59,20.6,16.07
6171,2025-07-14,59,20.6,16.07
6172,2025-07-21,59,20.6,16.07
6173,2025-07-28,59,20.6,16.07
6174,2025-08-04,59,34.5,26.91
6175,2025-08-11,59,34.5,26.91
6176,2025-08-18,59,34.5,26.91
6177,2025-08-25,59,34.5,26.91
6178,2025-09-01,59,38.2,29.8
6179,2025-09-08,59,38.2,29.8
6180,2025-09-15,59,38.2,29.8
6181,2025-09-22,59,38.2,29.8
6182,2025-09-29,59,38.2,29.8
6183,2025-10-06,59,38.2,29.8
6184,2025-10-13,59,38.2,29.8
6185,2025-10-20,59,38.2,29.8
6186,2025-10-27,59,38.2,29.8
6187,2025-11-03,59,37.5,29.25
6188,2025-11-10,59,37.5,29.25
6189,2025-11-17,59,37.5,29.25
6190,2025-11-24,59,37.5,29.25
6191,2025-12-01,59,30.0,23.4
6192,2025-12-08,59,30.0,23.4
6193,2025-12-15,59,30.0,23.4
6194,2025-12-22,59,30.0,23.4
6195,2025-12-29,59,30.0,23.4
6196,2024-01-01,60,35.6,28.48
6197,2024-01-08,60,35.6,28.48
6198,2024-01-15,60,35.6,28.48
6199,2024-01-22,60,35.6,28.48
6200,2024-01-29,60,35.6,28.48
6201,2024-02-05,60,37.5,30.0
6202,2024-02-12,60,37.5,30.0
6203,2024-02-19,60,37.5,30.0
6204,2024-02-26,60,37.5,30.0
6205,2024-03-04,60,37.5,30.0
6206,2024-03-11,60,37.5,30.0
6207,2024-03-18,60,37.5,30.0
6208,2024-03-25,60,37.5,30.0
6209,2024-04-01,60,36.4,29.12
6210,2024-04-08,60,36.4,29.12
6211,2024-04-15,60,36.4,29.12
6212,2024-04-22,60,36.4,29.12
6213,2024-04-29,60,36.4,29.12
6214,2024-05-06,60,37.5,30.0
6215,2024-05-13,60,37.5,30.0
6216,2024-05-20,60,37.5,30.0
6217,2024-05-27,60,37.5,30.0
6218,2024-06-03,60,33.0,26.4
6219,2024-06-10,60,33.0,26.4
6220,2024-06-17,60,33.0,26.4
6221,2024-06-24,60,33.0,26.4
6222,2024-07-01,60,20.6,16.48
6223,2024-07-08,60,20.6,16.48
6224,2024-07-15,60,20.6,16.48
6225,2024-07-22,60,20.6,16.48
6226,2024-07-29,60,20.6,16.48
6227,2024-08-05,60,34.5,27.6
6228,2024-08-12,60,34.5,27.6
6229,2024-08-19,60,34.5,27.6
6230,2024-08-26,60,34.5,27.6
6231,2024-09-02,60,38.2,30.56
6232,2024-09-09,60,38.2,30.56
6233,2024-09-16,60,38.2,30.56
6234,2024-09-23,60,38.2,30.56
6235,2024-09-30,60,38.2,30.56
6236,2024-10-07,60,38.2,30.56
6237,2024-10-14,60,38.2,30.56
6238,2024-10-21,60,38.2,30.56
6239,2024-10-28,60,38.2,30.56
6240,2024-11-04,60,37.5,30.0
6241,2024-11-11,60,37.5,30.0
6242,2024-11-18,60,37.5,30.0
6243,2024-11-25,60,37.5,30.0
6244,2024-12-02,60,30.0,24.0
6245,2024-12-09,60,30.0,24.0
6246,2024-12-16,60,30.0,24.0
6247,2024-12-23,60,30.0,24.0
6248,2024-12-30,60,30.0,24.0
6249,2025-01-06,60,35.6,28.48
6250,2025-01-13,60,35.6,28.48
6251,2025-01-20,60,35.6,28.48
6252,2025-01-27,60,35.6,28.48
6253,2025-02-03,60,37.5,30.0
6254,2025-02-10,60,37.5,30.0
6255,2025-02-17,60,37.5,30.0
6256,2025-02-24,60,37.5,30.0
6257,2025-03-03,60,37.5,30.0
6258,2025-03-10,60,37.5,30.0
6259,2025-03-17,60,37.5,30.0
6260,2025-03-24,60,37.5,30.0
6261,2025-03-31,60,37.5,30.0
6262,2025-04-07,60,36.4,29.12
6263,2025-04-14,60,36.4,29.12
6264,2025-04-21,60,36.4,29.12
6265,2025-04-28,60,36.4,29.12
6266,2025-05-05,60,37.5,30.0
6267,2025-05-12,60,37.5,30.0
6268,2025-05-19,60,37.5,30.0
6269,2025-05-26,60,37.5,30.0
6270,2025-06-02,60,33.0,26.4
6271,2025-06-09,60,33.0,26.4
6272,2025-06-16,60,33.0,26.4
6273,2025-06-23,60,33.0,26.4
6274,2025-06-30,60,33.0,26.4
6275,2025-07-07,60,20.6,16.48
6276,2025-07-14,60,20.6,16.48
6277,2025-07-21,60,20.6,16.48
6278,2025-07-28,60,20.6,16.48
6279,2025-08-04,60,34.5,27.6
6280,2025-08-11,60,34.5,27.6
6281,2025-08-18,60,34.5,27.6
6282,2025-08-25,60,34.5,27.6
6283,2025-09-01,60,38.2,30.56
6284,2025-09-08,60,38.2,30.56
6285,2025-09-15,60,38.2,30.56
6286,2025-09-22,60,38.2,30.56
6287,2025-09-29,60,38.2,30.56
6288,2025-10-06,60,38.2,30.56
6289,2025-10-13,60,38.2,30.56
6290,2025-10-20,60,38.2,30.56
6291,2025-10-27,60,38.2,30.56
6292,2025-11-03,60,37.5,30.0
6293,2025-11-10,60,37.5,30.0
6294,2025-11-17,60,37.5,30.0
6295,2025-11-24,60,37.5,30.0
6296,2025-12-01,60,30.0,24.0
6297,2025-12-08,60,30.0,24.0
6298,2025-12-15,60,30.0,24.0
6299,2025-12-22,60,30.0,24.0
6300,2025-12-29,60,30.0,24.0
