TimesheetKey,Week Start Date,EmployeeKey,ProjectKey,WorkLocationKey,Hours,Is Billable,Revenue,Cost
1,2024-01-01,1,18,2,25.5,True,2664.75,1199.01
2,2024-01-01,1,4,2,10.4,False,0.0,489.01
3,2024-01-08,1,2,2,28.3,True,2957.35,1330.67
4,2024-01-08,1,18,2,2.4,True,250.8,112.85
5,2024-01-08,1,4,2,4.5,False,0.0,211.59
6,2024-01-15,1,3,2,23.9,True,2497.55,1123.78
7,2024-01-15,1,4,2,12.1,False,0.0,568.94
8,2024-01-22,1,2,1,18.4,True,1922.8,865.17
9,2024-01-22,1,26,1,12.0,True,1254.0,564.24
10,2024-01-22,1,4,1,6.3,False,0.0,296.23
11,2024-01-29,1,27,2,31.8,True,3323.1,1495.24
12,2024-01-29,1,4,2,7.0,False,0.0,329.14
13,2024-02-05,1,26,2,31.9,True,3333.55,1499.94
14,2024-02-05,1,4,2,2.4,False,0.0,112.85
15,2024-02-12,1,26,2,29.1,True,3040.95,1368.28
16,2024-02-12,1,4,2,6.1,False,0.0,286.82
17,2024-02-19,1,1,2,29.2,True,3051.4,1372.98
18,2024-02-19,1,4,2,9.3,False,0.0,437.29
19,2024-02-26,1,18,3,33.4,True,3490.3,1570.47
20,2024-02-26,1,4,3,7.2,False,0.0,338.54
21,2024-03-04,1,2,1,6.8,True,710.6,319.74
22,2024-03-04,1,3,1,20.5,True,2142.25,963.91
23,2024-03-04,1,4,1,9.4,False,0.0,441.99
24,2024-03-11,1,2,2,21.0,True,2194.5,987.42
25,2024-03-11,1,4,2,11.2,False,0.0,526.62
26,2024-03-18,1,18,1,22.2,True,2319.9,1043.84
27,2024-03-18,1,4,1,11.4,False,0.0,536.03
28,2024-03-25,1,3,2,22.8,True,2382.6,1072.06
29,2024-03-25,1,4,2,14.8,False,0.0,695.9
30,2024-04-01,1,6,2,26.9,True,2811.05,1264.84
31,2024-04-01,1,4,2,8.9,False,0.0,418.48
32,2024-04-08,1,6,2,17.9,True,1870.55,841.66
33,2024-04-08,1,2,2,9.4,True,982.3,441.99
34,2024-04-08,1,4,2,11.0,False,0.0,517.22
35,2024-04-15,1,26,1,26.7,True,2790.15,1255.43
36,2024-04-15,1,4,1,7.0,False,0.0,329.14
37,2024-04-22,1,26,2,10.1,True,1055.45,474.9
38,2024-04-22,1,18,2,8.0,True,836.0,376.16
39,2024-04-22,1,4,2,16.3,False,0.0,766.43
40,2024-04-29,1,2,2,19.0,True,1985.5,893.38
41,2024-04-29,1,3,2,10.0,True,1045.0,470.2
42,2024-04-29,1,4,2,6.9,False,0.0,324.44
43,2024-05-06,1,26,2,18.1,True,1891.45,851.06
44,2024-05-06,1,6,2,8.0,True,836.0,376.16
45,2024-05-06,1,4,2,13.4,False,0.0,630.07
46,2024-05-13,1,6,2,0.9,True,94.05,42.32
47,2024-05-13,1,18,2,22.2,True,2319.9,1043.84
48,2024-05-13,1,4,2,12.5,False,0.0,587.75
49,2024-05-20,1,20,2,21.4,True,2236.3,1006.23
50,2024-05-20,1,4,2,11.7,False,0.0,550.13
51,2024-05-27,1,3,1,15.7,True,1640.65,738.21
52,2024-05-27,1,6,1,13.6,True,1421.2,639.47
53,2024-05-27,1,4,1,6.8,False,0.0,319.74
54,2024-06-03,1,26,2,23.0,True,2403.5,1081.46
55,2024-06-03,1,4,2,5.4,False,0.0,253.91
56,2024-06-10,1,20,2,17.0,True,1776.5,799.34
57,2024-06-10,1,27,2,5.2,True,543.4,244.5
58,2024-06-10,1,4,2,8.2,False,0.0,385.56
59,2024-06-17,1,3,2,31.5,True,3291.75,1481.13
60,2024-06-17,1,4,2,3.4,False,0.0,159.87
61,2024-06-24,1,2,2,19.7,True,2058.65,926.29
62,2024-06-24,1,20,2,1.7,True,177.65,79.93
63,2024-06-24,1,4,2,9.9,False,0.0,465.5
64,2024-07-01,1,18,2,15.1,True,1577.95,710.0
65,2024-07-01,1,1,2,3.2,True,334.4,150.46
66,2024-07-01,1,4,2,3.4,False,0.0,159.87
67,2024-07-08,1,18,2,12.5,True,1306.25,587.75
68,2024-07-08,1,4,2,4.9,False,0.0,230.4
69,2024-07-15,1,18,2,14.7,True,1536.15,691.19
70,2024-07-15,1,4,2,6.8,False,0.0,319.74
71,2024-07-22,1,1,2,14.6,True,1525.7,686.49
72,2024-07-22,1,4,2,6.5,False,0.0,305.63
73,2024-07-29,1,6,2,14.0,True,1463.0,658.28
74,2024-07-29,1,4,2,6.1,False,0.0,286.82
75,2024-08-05,1,1,1,15.0,True,1567.5,705.3
76,2024-08-05,1,26,1,8.2,True,856.9,385.56
77,2024-08-05,1,4,1,8.2,False,0.0,385.56
78,2024-08-12,1,2,3,1.1,True,114.95,51.72
79,2024-08-12,1,3,3,29.8,True,3114.1,1401.2
80,2024-08-12,1,4,3,1.6,False,0.0,75.23
81,2024-08-19,1,27,2,17.5,True,1828.75,822.85
82,2024-08-19,1,18,2,5.0,True,522.5,235.1
83,2024-08-19,1,4,2,10.8,False,0.0,507.82
84,2024-08-26,1,26,2,22.1,True,2309.45,1039.14
85,2024-08-26,1,4,2,11.1,False,0.0,521.92
86,2024-09-02,1,18,1,32.2,True,3364.9,1514.04
87,2024-09-02,1,4,1,6.9,False,0.0,324.44
88,2024-09-09,1,3,1,26.9,True,2811.05,1264.84
89,2024-09-09,1,4,1,9.2,False,0.0,432.58
90,2024-09-16,1,18,2,4.0,True,418.0,188.08
91,2024-09-16,1,3,2,20.7,True,2163.15,973.31
92,2024-09-16,1,4,2,11.3,False,0.0,531.33
93,2024-09-23,1,27,1,30.0,True,3135.0,1410.6
94,2024-09-23,1,4,1,6.8,False,0.0,319.74
95,2024-09-30,1,20,2,31.1,True,3249.95,1462.32
96,2024-09-30,1,4,2,8.7,False,0.0,409.07
97,2024-10-07,1,1,2,28.7,True,2999.15,1349.47
98,2024-10-07,1,4,2,11.0,False,0.0,517.22
99,2024-10-14,1,3,2,29.5,True,3082.75,1387.09
100,2024-10-14,1,4,2,3.3,False,0.0,155.17
101,2024-10-21,1,1,2,10.5,True,1097.25,493.71
102,2024-10-21,1,6,2,19.1,True,1995.95,898.08
103,2024-10-21,1,4,2,10.4,False,0.0,489.01
104,2024-10-28,1,2,1,18.5,True,1933.25,869.87
105,2024-10-28,1,18,1,3.9,True,407.55,183.38
106,2024-10-28,1,4,1,11.7,False,0.0,550.13
107,2024-11-04,1,1,2,15.4,True,1609.3,724.11
108,2024-11-04,1,3,2,13.0,True,1358.5,611.26
109,2024-11-04,1,4,2,6.2,False,0.0,291.52
110,2024-11-11,1,18,2,25.4,True,2654.3,1194.31
111,2024-11-11,1,4,2,11.6,False,0.0,545.43
112,2024-11-18,1,1,1,25.2,True,2633.4,1184.9
113,2024-11-18,1,4,1,9.4,False,0.0,441.99
114,2024-11-25,1,27,3,18.9,True,1975.05,888.68
115,2024-11-25,1,26,3,12.5,True,1306.25,587.75
116,2024-11-25,1,4,3,5.5,False,0.0,258.61
117,2024-12-02,1,18,2,20.1,True,2100.45,945.1
118,2024-12-02,1,4,2,7.8,False,0.0,366.76
119,2024-12-09,1,20,2,23.4,True,2445.3,1100.27
120,2024-12-09,1,4,2,5.7,False,0.0,268.01
121,2024-12-16,1,6,2,27.1,True,2831.95,1274.24
122,2024-12-16,1,4,2,5.7,False,0.0,268.01
123,2024-12-23,1,18,2,12.7,True,1327.15,597.15
124,2024-12-23,1,26,2,9.7,True,1013.65,456.09
125,2024-12-23,1,4,2,8.1,False,0.0,380.86
126,2024-12-30,1,27,2,10.1,True,1055.45,474.9
127,2024-12-30,1,18,2,7.4,True,773.3,347.95
128,2024-12-30,1,4,2,8.5,False,0.0,399.67
129,2025-01-06,1,20,2,23.0,True,2403.5,1081.46
130,2025-01-06,1,4,2,10.8,False,0.0,507.82
131,2025-01-13,1,27,3,26.5,True,2769.25,1246.03
132,2025-01-13,1,26,3,3.5,True,365.75,164.57
133,2025-01-13,1,4,3,3.4,False,0.0,159.87
134,2025-01-20,1,6,2,27.4,True,2863.3,1288.35
135,2025-01-20,1,4,2,7.4,False,0.0,347.95
136,2025-01-27,1,1,1,17.2,True,1797.4,808.74
137,2025-01-27,1,3,1,11.1,True,1159.95,521.92
138,2025-01-27,1,4,1,5.9,False,0.0,277.42
139,2025-02-03,1,3,2,7.2,True,752.4,338.54
140,2025-02-03,1,6,2,21.1,True,2204.95,992.12
141,2025-02-03,1,4,2,8.1,False,0.0,380.86
142,2025-02-10,1,6,2,23.1,True,2413.95,1086.16
143,2025-02-10,1,3,2,7.8,True,815.1,366.76
144,2025-02-10,1,4,2,7.6,False,0.0,357.35
145,2025-02-17,1,18,2,23.2,True,2424.4,1090.86
146,2025-02-17,1,27,2,4.4,True,459.8,206.89
147,2025-02-17,1,4,2,8.3,False,0.0,390.27
148,2025-02-24,1,26,3,30.8,True,3218.6,1448.22
149,2025-02-24,1,4,3,7.6,False,0.0,357.35
150,2025-03-03,1,2,2,29.2,True,3051.4,1372.98
151,2025-03-03,1,4,2,5.5,False,0.0,258.61
152,2025-03-10,1,3,2,29.9,True,3124.55,1405.9
153,2025-03-10,1,4,2,6.6,False,0.0,310.33
154,2025-03-17,1,18,1,4.3,True,449.35,202.19
155,2025-03-17,1,20,1,22.5,True,2351.25,1057.95
156,2025-03-17,1,4,1,9.1,False,0.0,427.88
157,2025-03-24,1,2,2,28.8,True,3009.6,1354.18
158,2025-03-24,1,4,2,7.3,False,0.0,343.25
159,2025-03-31,1,18,2,25.8,True,2696.1,1213.12
160,2025-03-31,1,4,2,11.4,False,0.0,536.03
161,2025-04-07,1,18,1,27.7,True,2894.65,1302.45
162,2025-04-07,1,4,1,11.7,False,0.0,550.13
163,2025-04-14,1,6,2,26.0,True,2717.0,1222.52
164,2025-04-14,1,4,2,7.6,False,0.0,357.35
165,2025-04-21,1,20,2,26.1,True,2727.45,1227.22
166,2025-04-21,1,4,2,7.3,False,0.0,343.25
167,2025-04-28,1,27,2,23.7,True,2476.65,1114.37
168,2025-04-28,1,26,2,3.9,True,407.55,183.38
169,2025-04-28,1,4,2,7.0,False,0.0,329.14
170,2025-05-05,1,27,2,0.9,True,94.05,42.32
171,2025-05-05,1,18,2,22.6,True,2361.7,1062.65
172,2025-05-05,1,4,2,12.4,False,0.0,583.05
173,2025-05-12,1,26,2,25.5,True,2664.75,1199.01
174,2025-05-12,1,4,2,9.0,False,0.0,423.18
175,2025-05-19,1,6,3,19.4,True,2027.3,912.19
176,2025-05-19,1,1,3,7.0,True,731.5,329.14
177,2025-05-19,1,4,3,11.2,False,0.0,526.62
178,2025-05-26,1,27,2,12.5,True,1306.25,587.75
179,2025-05-26,1,20,2,21.8,True,2278.1,1025.04
180,2025-05-26,1,4,2,2.4,False,0.0,112.85
181,2025-06-02,1,2,2,18.7,True,1954.15,879.27
182,2025-06-02,1,4,2,9.8,False,0.0,460.8
183,2025-06-09,1,26,2,31.8,True,3323.1,1495.24
184,2025-06-09,1,4,2,3.6,False,0.0,169.27
185,2025-06-16,1,20,2,24.4,True,2549.8,1147.29
186,2025-06-16,1,4,2,7.2,False,0.0,338.54
187,2025-06-23,1,3,2,14.7,True,1536.15,691.19
188,2025-06-23,1,2,2,6.9,True,721.05,324.44
189,2025-06-23,1,4,2,11.0,False,0.0,517.22
190,2025-06-30,1,6,1,4.4,True,459.8,206.89
191,2025-06-30,1,1,1,26.5,True,2769.25,1246.03
192,2025-06-30,1,4,1,4.6,False,0.0,216.29
193,2025-07-07,1,2,2,14.3,True,1494.35,672.39
194,2025-07-07,1,4,2,5.9,False,0.0,277.42
195,2025-07-14,1,18,2,17.1,True,1786.95,804.04
196,2025-07-14,1,4,2,2.9,False,0.0,136.36
197,2025-07-21,1,3,2,12.9,True,1348.05,606.56
198,2025-07-21,1,4,2,6.1,False,0.0,286.82
199,2025-07-28,1,1,2,14.6,True,1525.7,686.49
200,2025-07-28,1,4,2,4.4,False,0.0,206.89
201,2025-08-04,1,18,2,25.6,True,2675.2,1203.71
202,2025-08-04,1,4,2,2.4,False,0.0,112.85
203,2025-08-11,1,20,2,24.5,True,2560.25,1151.99
204,2025-08-11,1,4,2,9.1,False,0.0,427.88
205,2025-08-18,1,2,1,10.5,True,1097.25,493.71
206,2025-08-18,1,20,1,11.3,True,1180.85,531.33
207,2025-08-18,1,4,1,10.3,False,0.0,484.31
208,2025-08-25,1,2,2,21.4,True,2236.3,1006.23
209,2025-08-25,1,4,2,9.7,False,0.0,456.09
210,2025-09-01,1,2,1,30.4,True,3176.8,1429.41
211,2025-09-01,1,4,1,4.4,False,0.0,206.89
212,2025-09-08,1,1,1,4.2,True,438.9,197.48
213,2025-09-08,1,27,1,26.6,True,2779.7,1250.73
214,2025-09-08,1,4,1,9.5,False,0.0,446.69
215,2025-09-15,1,20,2,27.9,True,2915.55,1311.86
216,2025-09-15,1,4,2,8.7,False,0.0,409.07
217,2025-09-22,1,26,2,14.3,True,1494.35,672.39
218,2025-09-22,1,18,2,13.1,True,1368.95,615.96
219,2025-09-22,1,4,2,11.1,False,0.0,521.92
220,2025-09-29,1,3,1,25.6,True,2675.2,1203.71
221,2025-09-29,1,6,1,0.7,True,73.15,32.91
222,2025-09-29,1,4,1,9.6,False,0.0,451.39
223,2025-10-06,1,1,1,26.5,True,2769.25,1246.03
224,2025-10-06,1,4,1,12.3,False,0.0,578.35
225,2025-10-13,1,20,2,25.4,True,2654.3,1194.31
226,2025-10-13,1,4,2,11.9,False,0.0,559.54
227,2025-10-20,1,18,2,3.0,True,313.5,141.06
228,2025-10-20,1,2,2,22.6,True,2361.7,1062.65
229,2025-10-20,1,4,2,9.7,False,0.0,456.09
230,2025-10-27,1,1,1,31.7,True,3312.65,1490.53
231,2025-10-27,1,4,1,3.8,False,0.0,178.68
232,2025-11-03,1,2,2,12.5,True,1306.25,587.75
233,2025-11-03,1,6,2,10.8,True,1128.6,507.82
234,2025-11-03,1,4,2,9.9,False,0.0,465.5
235,2025-11-10,1,20,2,17.0,True,1776.5,799.34
236,2025-11-10,1,3,2,3.8,True,397.1,178.68
237,2025-11-10,1,4,2,13.2,False,0.0,620.66
238,2025-11-17,1,1,1,29.9,True,3124.55,1405.9
239,2025-11-17,1,4,1,6.3,False,0.0,296.23
240,2025-11-24,1,2,2,7.0,True,731.5,329.14
241,2025-11-24,1,6,2,21.6,True,2257.2,1015.63
242,2025-11-24,1,4,2,6.8,False,0.0,319.74
243,2025-12-01,1,3,2,19.8,True,2069.1,931.0
244,2025-12-01,1,4,2,9.3,False,0.0,437.29
245,2025-12-08,1,1,1,4.2,True,438.9,197.48
246,2025-12-08,1,3,1,18.7,True,1954.15,879.27
247,2025-12-08,1,4,1,5.0,False,0.0,235.1
248,2025-12-15,1,6,2,17.2,True,1797.4,808.74
249,2025-12-15,1,20,2,5.1,True,532.95,239.8
250,2025-12-15,1,4,2,6.6,False,0.0,310.33
251,2025-12-22,1,18,1,17.9,True,1870.55,841.66
252,2025-12-22,1,4,1,10.9,False,0.0,512.52
253,2025-12-29,1,18,2,22.5,True,2351.25,1057.95
254,2025-12-29,1,4,2,6.3,False,0.0,296.23
255,2024-01-01,2,9,2,21.0,True,3139.5,1412.88
256,2024-01-01,2,30,2,16.7,False,0.0,1123.58
257,2024-01-08,2,28,3,0.6,True,89.7,40.37
258,2024-01-08,2,7,3,19.5,True,2915.25,1311.96
259,2024-01-08,2,30,3,13.1,False,0.0,881.37
260,2024-01-15,2,28,1,15.0,True,2242.5,1009.2
261,2024-01-15,2,30,1,16.8,False,0.0,1130.3
262,2024-01-22,2,13,2,17.8,True,2661.1,1197.58
263,2024-01-22,2,30,2,14.9,False,0.0,1002.47
264,2024-01-29,2,28,1,20.7,True,3094.65,1392.7
265,2024-01-29,2,30,1,15.8,False,0.0,1063.02
266,2024-02-05,2,28,1,21.1,True,3154.45,1419.61
267,2024-02-05,2,30,1,19.3,False,0.0,1298.5
268,2024-02-12,2,7,2,20.9,True,3124.55,1406.15
269,2024-02-12,2,30,2,16.6,False,0.0,1116.85
270,2024-02-19,2,7,2,16.7,True,2496.65,1123.58
271,2024-02-19,2,30,2,16.8,False,0.0,1130.3
272,2024-02-26,2,7,2,20.6,True,3079.7,1385.97
273,2024-02-26,2,30,2,20.6,False,0.0,1385.97
274,2024-03-04,2,28,2,22.1,True,3303.95,1486.89
275,2024-03-04,2,30,2,15.3,False,0.0,1029.38
276,2024-03-11,2,28,1,20.9,True,3124.55,1406.15
277,2024-03-11,2,30,1,15.4,False,0.0,1036.11
278,2024-03-18,2,13,2,16.3,True,2436.85,1096.66
279,2024-03-18,2,30,2,16.7,False,0.0,1123.58
280,2024-03-25,2,9,2,15.8,True,2362.1,1063.02
281,2024-03-25,2,30,2,20.0,False,0.0,1345.6
282,2024-04-01,2,28,2,9.1,True,1360.45,612.25
283,2024-04-01,2,9,2,12.4,True,1853.8,834.27
284,2024-04-01,2,30,2,14.3,False,0.0,962.1
285,2024-04-08,2,13,1,7.0,True,1046.5,470.96
286,2024-04-08,2,28,1,8.1,True,1210.95,544.97
287,2024-04-08,2,30,1,18.0,False,0.0,1211.04
288,2024-04-15,2,13,2,18.3,True,2735.85,1231.22
289,2024-04-15,2,30,2,15.5,False,0.0,1042.84
290,2024-04-22,2,7,1,10.4,True,1554.8,699.71
291,2024-04-22,2,13,1,4.2,True,627.9,282.58
292,2024-04-22,2,30,1,21.4,False,0.0,1439.79
293,2024-04-29,2,9,2,19.8,True,2960.1,1332.14
294,2024-04-29,2,30,2,18.6,False,0.0,1251.41
295,2024-05-06,2,28,2,17.6,True,2631.2,1184.13
296,2024-05-06,2,30,2,19.8,False,0.0,1332.14
297,2024-05-13,2,9,2,19.3,True,2885.35,1298.5
298,2024-05-13,2,30,2,16.0,False,0.0,1076.48
299,2024-05-20,2,13,1,14.1,True,2107.95,948.65
300,2024-05-20,2,7,1,4.9,True,732.55,329.67
301,2024-05-20,2,30,1,16.4,False,0.0,1103.39
302,2024-05-27,2,13,2,19.2,True,2870.4,1291.78
303,2024-05-27,2,30,2,17.8,False,0.0,1197.58
304,2024-06-03,2,13,2,14.5,True,2167.75,975.56
305,2024-06-03,2,30,2,17.9,False,0.0,1204.31
306,2024-06-10,2,28,2,16.8,True,2511.6,1130.3
307,2024-06-10,2,30,2,16.9,False,0.0,1137.03
308,2024-06-17,2,28,1,15.1,True,2257.45,1015.93
309,2024-06-17,2,30,1,13.3,False,0.0,894.82
310,2024-06-24,2,7,3,15.6,True,2332.2,1049.57
311,2024-06-24,2,13,3,1.1,True,164.45,74.01
312,2024-06-24,2,30,3,13.1,False,0.0,881.37
313,2024-07-01,2,7,1,12.2,True,1823.9,820.82
314,2024-07-01,2,30,1,8.2,False,0.0,551.7
315,2024-07-08,2,9,1,11.9,True,1779.05,800.63
316,2024-07-08,2,30,1,7.9,False,0.0,531.51
317,2024-07-15,2,28,2,11.6,True,1734.2,780.45
318,2024-07-15,2,13,2,2.4,True,358.8,161.47
319,2024-07-15,2,30,2,6.6,False,0.0,444.05
320,2024-07-22,2,28,2,11.6,True,1734.2,780.45
321,2024-07-22,2,30,2,8.5,False,0.0,571.88
322,2024-07-29,2,28,2,10.8,True,1614.6,726.62
323,2024-07-29,2,30,2,8.8,False,0.0,592.06
324,2024-08-05,2,28,1,21.1,True,3154.45,1419.61
325,2024-08-05,2,30,1,14.1,False,0.0,948.65
326,2024-08-12,2,28,3,1.2,True,179.4,80.74
327,2024-08-12,2,13,3,16.0,True,2392.0,1076.48
328,2024-08-12,2,30,3,16.7,False,0.0,1123.58
329,2024-08-19,2,9,1,4.4,True,657.8,296.03
330,2024-08-19,2,28,1,18.2,True,2720.9,1224.5
331,2024-08-19,2,30,1,15.4,False,0.0,1036.11
332,2024-08-26,2,9,2,12.2,True,1823.9,820.82
333,2024-08-26,2,7,2,5.5,True,822.25,370.04
334,2024-08-26,2,30,2,15.9,False,0.0,1069.75
335,2024-09-02,2,7,1,17.5,True,2616.25,1177.4
336,2024-09-02,2,30,1,19.1,False,0.0,1285.05
337,2024-09-09,2,28,2,19.8,True,2960.1,1332.14
338,2024-09-09,2,30,2,22.2,False,0.0,1493.62
339,2024-09-16,2,7,2,17.8,True,2661.1,1197.58
340,2024-09-16,2,30,2,14.7,False,0.0,989.02
341,2024-09-23,2,13,2,19.6,True,2930.2,1318.69
342,2024-09-23,2,30,2,14.2,False,0.0,955.38
343,2024-09-30,2,28,2,17.8,True,2661.1,1197.58
344,2024-09-30,2,30,2,15.3,False,0.0,1029.38
345,2024-10-07,2,13,1,20.5,True,3064.75,1379.24
346,2024-10-07,2,9,1,1.6,True,239.2,107.65
347,2024-10-07,2,30,1,15.4,False,0.0,1036.11
348,2024-10-14,2,7,1,13.3,True,1988.35,894.82
349,2024-10-14,2,13,1,2.8,True,418.6,188.38
350,2024-10-14,2,30,1,21.3,False,0.0,1433.06
351,2024-10-21,2,9,2,20.2,True,3019.9,1359.06
352,2024-10-21,2,30,2,17.9,False,0.0,1204.31
353,2024-10-28,2,9,1,11.0,True,1644.5,740.08
354,2024-10-28,2,7,1,8.6,True,1285.7,578.61
355,2024-10-28,2,30,1,18.3,False,0.0,1231.22
356,2024-11-04,2,9,1,19.1,True,2855.45,1285.05
357,2024-11-04,2,30,1,12.5,False,0.0,841.0
358,2024-11-11,2,28,2,7.8,True,1166.1,524.78
359,2024-11-11,2,9,2,11.2,True,1674.4,753.54
360,2024-11-11,2,30,2,17.1,False,0.0,1150.49
361,2024-11-18,2,13,1,20.8,True,3109.6,1399.42
362,2024-11-18,2,30,1,18.8,False,0.0,1264.86
363,2024-11-25,2,9,1,23.9,True,3573.05,1607.99
364,2024-11-25,2,30,1,16.7,False,0.0,1123.58
365,2024-12-02,2,9,1,3.8,True,568.1,255.66
366,2024-12-02,2,7,1,10.7,True,1599.65,719.9
367,2024-12-02,2,30,1,12.0,False,0.0,807.36
368,2024-12-09,2,13,1,1.4,True,209.3,94.19
369,2024-12-09,2,7,1,15.1,True,2257.45,1015.93
370,2024-12-09,2,30,1,9.0,False,0.0,605.52
371,2024-12-16,2,7,2,16.7,True,2496.65,1123.58
372,2024-12-16,2,30,2,11.9,False,0.0,800.63
373,2024-12-23,2,7,2,15.5,True,2317.25,1042.84
374,2024-12-23,2,30,2,15.7,False,0.0,1056.3
375,2024-12-30,2,28,2,14.3,True,2137.85,962.1
376,2024-12-30,2,30,2,16.9,False,0.0,1137.03
377,2025-01-06,2,7,1,12.4,True,1853.8,834.27
378,2025-01-06,2,28,1,5.3,True,792.35,356.58
379,2025-01-06,2,30,1,14.9,False,0.0,1002.47
380,2025-01-13,2,9,2,19.4,True,2900.3,1305.23
381,2025-01-13,2,30,2,12.5,False,0.0,841.0
382,2025-01-20,2,9,2,19.6,True,2930.2,1318.69
383,2025-01-20,2,30,2,15.1,False,0.0,1015.93
384,2025-01-27,2,13,1,16.6,True,2481.7,1116.85
385,2025-01-27,2,30,1,19.0,False,0.0,1278.32
386,2025-02-03,2,13,2,14.1,True,2107.95,948.65
387,2025-02-03,2,30,2,18.3,False,0.0,1231.22
388,2025-02-10,2,13,2,17.6,True,2631.2,1184.13
389,2025-02-10,2,30,2,20.5,False,0.0,1379.24
390,2025-02-17,2,13,1,19.4,True,2900.3,1305.23
391,2025-02-17,2,30,1,16.4,False,0.0,1103.39
392,2025-02-24,2,13,2,18.8,True,2810.6,1264.86
393,2025-02-24,2,30,2,18.7,False,0.0,1258.14
394,2025-03-03,2,28,1,19.3,True,2885.35,1298.5
395,2025-03-03,2,30,1,14.3,False,0.0,962.1
396,2025-03-10,2,28,3,20.8,True,3109.6,1399.42
397,2025-03-10,2,30,3,15.0,False,0.0,1009.2
398,2025-03-17,2,28,2,14.5,True,2167.75,975.56
399,2025-03-17,2,9,2,2.3,True,343.85,154.74
400,2025-03-17,2,30,2,14.9,False,0.0,1002.47
401,2025-03-24,2,28,1,16.0,True,2392.0,1076.48
402,2025-03-24,2,30,1,18.4,False,0.0,1237.95
403,2025-03-31,2,7,2,17.3,True,2586.35,1163.94
404,2025-03-31,2,30,2,22.1,False,0.0,1486.89
405,2025-04-07,2,28,2,18.4,True,2750.8,1237.95
406,2025-04-07,2,30,2,17.6,False,0.0,1184.13
407,2025-04-14,2,13,3,20.1,True,3004.95,1352.33
408,2025-04-14,2,30,3,14.6,False,0.0,982.29
409,2025-04-21,2,13,2,17.7,True,2646.15,1190.86
410,2025-04-21,2,30,2,18.7,False,0.0,1258.14
411,2025-04-28,2,7,1,14.2,True,2122.9,955.38
412,2025-04-28,2,30,1,17.2,False,0.0,1157.22
413,2025-05-05,2,7,2,15.1,True,2257.45,1015.93
414,2025-05-05,2,30,2,20.2,False,0.0,1359.06
415,2025-05-12,2,28,1,19.3,True,2885.35,1298.5
416,2025-05-12,2,30,1,16.8,False,0.0,1130.3
417,2025-05-19,2,13,2,15.5,True,2317.25,1042.84
418,2025-05-19,2,7,2,1.7,True,254.15,114.38
419,2025-05-19,2,30,2,18.6,False,0.0,1251.41
420,2025-05-26,2,9,2,8.1,True,1210.95,544.97
421,2025-05-26,2,13,2,7.1,True,1061.45,477.69
422,2025-05-26,2,30,2,16.3,False,0.0,1096.66
423,2025-06-02,2,9,1,9.5,True,1420.25,639.16
424,2025-06-02,2,28,1,9.5,True,1420.25,639.16
425,2025-06-02,2,30,1,15.4,False,0.0,1036.11
426,2025-06-09,2,13,1,13.7,True,2048.15,921.74
427,2025-06-09,2,30,1,15.1,False,0.0,1015.93
428,2025-06-16,2,7,2,3.5,True,523.25,235.48
429,2025-06-16,2,9,2,13.5,True,2018.25,908.28
430,2025-06-16,2,30,2,16.5,False,0.0,1110.12
431,2025-06-23,2,13,3,11.4,True,1704.3,766.99
432,2025-06-23,2,28,3,6.2,True,926.9,417.14
433,2025-06-23,2,30,3,15.6,False,0.0,1049.57
434,2025-06-30,2,13,2,16.2,True,2421.9,1089.94
435,2025-06-30,2,30,2,18.3,False,0.0,1231.22
436,2025-07-07,2,28,1,10.1,True,1509.95,679.53
437,2025-07-07,2,30,1,8.7,False,0.0,585.34
438,2025-07-14,2,28,1,9.8,True,1465.1,659.34
439,2025-07-14,2,30,1,8.7,False,0.0,585.34
440,2025-07-21,2,9,2,8.8,True,1315.6,592.06
441,2025-07-21,2,28,2,2.3,True,343.85,154.74
442,2025-07-21,2,30,2,10.7,False,0.0,719.9
443,2025-07-28,2,28,1,9.2,True,1375.4,618.98
444,2025-07-28,2,30,1,10.4,False,0.0,699.71
445,2025-08-04,2,28,2,15.3,True,2287.35,1029.38
446,2025-08-04,2,30,2,18.8,False,0.0,1264.86
447,2025-08-11,2,13,3,17.0,True,2541.5,1143.76
448,2025-08-11,2,30,3,15.5,False,0.0,1042.84
449,2025-08-18,2,7,2,14.8,True,2212.6,995.74
450,2025-08-18,2,30,2,19.2,False,0.0,1291.78
451,2025-08-25,2,9,1,12.9,True,1928.55,867.91
452,2025-08-25,2,30,1,22.7,False,0.0,1527.26
453,2025-09-01,2,9,3,16.9,True,2526.55,1137.03
454,2025-09-01,2,30,3,20.8,False,0.0,1399.42
455,2025-09-08,2,7,3,19.9,True,2975.05,1338.87
456,2025-09-08,2,30,3,16.8,False,0.0,1130.3
457,2025-09-15,2,13,2,16.4,True,2451.8,1103.39
458,2025-09-15,2,30,2,20.8,False,0.0,1399.42
459,2025-09-22,2,13,1,17.5,True,2616.25,1177.4
460,2025-09-22,2,30,1,18.9,False,0.0,1271.59
461,2025-09-29,2,7,2,15.5,True,2317.25,1042.84
462,2025-09-29,2,30,2,23.1,False,0.0,1554.17
463,2025-10-06,2,28,1,7.2,True,1076.4,484.42
464,2025-10-06,2,9,1,7.2,True,1076.4,484.42
465,2025-10-06,2,30,1,22.2,False,0.0,1493.62
466,2025-10-13,2,13,2,3.6,True,538.2,242.21
467,2025-10-13,2,9,2,8.5,True,1270.75,571.88
468,2025-10-13,2,30,2,24.6,False,0.0,1655.09
469,2025-10-20,2,9,3,20.7,True,3094.65,1392.7
470,2025-10-20,2,30,3,16.8,False,0.0,1130.3
471,2025-10-27,2,9,1,14.8,True,2212.6,995.74
472,2025-10-27,2,30,1,24.4,False,0.0,1641.63
473,2025-11-03,2,28,1,11.4,True,1704.3,766.99
474,2025-11-03,2,13,1,2.4,True,358.8,161.47
475,2025-11-03,2,30,1,22.6,False,0.0,1520.53
476,2025-11-10,2,28,1,12.4,True,1853.8,834.27
477,2025-11-10,2,9,1,3.4,True,508.3,228.75
478,2025-11-10,2,30,1,18.8,False,0.0,1264.86
479,2025-11-17,2,9,2,12.5,True,1868.75,841.0
480,2025-11-17,2,7,2,2.2,True,328.9,148.02
481,2025-11-17,2,30,2,20.2,False,0.0,1359.06
482,2025-11-24,2,28,2,15.6,True,2332.2,1049.57
483,2025-11-24,2,30,2,21.0,False,0.0,1412.88
484,2025-12-01,2,13,2,11.9,True,1779.05,800.63
485,2025-12-01,2,30,2,17.7,False,0.0,1190.86
486,2025-12-08,2,28,2,10.5,True,1569.75,706.44
487,2025-12-08,2,9,2,3.2,True,478.4,215.3
488,2025-12-08,2,30,2,16.5,False,0.0,1110.12
489,2025-12-15,2,7,1,13.8,True,2063.1,928.46
490,2025-12-15,2,30,1,16.9,False,0.0,1137.03
491,2025-12-22,2,7,1,12.6,True,1883.7,847.73
492,2025-12-22,2,30,1,15.8,False,0.0,1063.02
493,2025-12-29,2,9,2,11.1,True,1659.45,746.81
494,2025-12-29,2,30,2,17.3,False,0.0,1163.94
495,2024-01-01,3,27,2,30.0,True,4290.0,1930.5
496,2024-01-01,3,4,2,5.9,False,0.0,379.66
497,2024-01-08,3,1,1,23.7,True,3389.1,1525.09
498,2024-01-08,3,4,1,7.2,False,0.0,463.32
499,2024-01-15,3,26,2,24.4,True,3489.2,1570.14
500,2024-01-15,3,4,2,9.3,False,0.0,598.46
501,2024-01-22,3,6,2,20.0,True,2860.0,1287.0
502,2024-01-22,3,2,2,1.5,True,214.5,96.52
503,2024-01-22,3,4,2,10.3,False,0.0,662.8
504,2024-01-29,3,1,2,22.4,True,3203.2,1441.44
505,2024-01-29,3,4,2,11.2,False,0.0,720.72
506,2024-02-05,3,6,2,28.3,True,4046.9,1821.1
507,2024-02-05,3,4,2,12.3,False,0.0,791.5
508,2024-02-12,3,20,1,4.7,True,672.1,302.44
509,2024-02-12,3,6,1,26.5,True,3789.5,1705.28
510,2024-02-12,3,4,1,5.4,False,0.0,347.49
511,2024-02-19,3,18,2,23.3,True,3331.9,1499.36
512,2024-02-19,3,4,2,13.8,False,0.0,888.03
513,2024-02-26,3,18,2,10.8,True,1544.4,694.98
514,2024-02-26,3,20,2,7.4,True,1058.2,476.19
515,2024-02-26,3,4,2,15.3,False,0.0,984.56
516,2024-03-04,3,26,2,24.4,True,3489.2,1570.14
517,2024-03-04,3,4,2,9.9,False,0.0,637.06
518,2024-03-11,3,6,3,25.9,True,3703.7,1666.66
519,2024-03-11,3,4,3,8.6,False,0.0,553.41
520,2024-03-18,3,18,2,25.6,True,3660.8,1647.36
521,2024-03-18,3,4,2,8.6,False,0.0,553.41
522,2024-03-25,3,3,2,23.3,True,3331.9,1499.36
523,2024-03-25,3,4,2,10.9,False,0.0,701.42
524,2024-04-01,3,18,1,28.0,True,4004.0,1801.8
525,2024-04-01,3,4,1,7.4,False,0.0,476.19
526,2024-04-08,3,2,2,18.7,True,2674.1,1203.34
527,2024-04-08,3,4,2,15.5,False,0.0,997.42
528,2024-04-15,3,6,1,26.3,True,3760.9,1692.4
529,2024-04-15,3,4,1,10.5,False,0.0,675.68
530,2024-04-22,3,6,2,20.6,True,2945.8,1325.61
531,2024-04-22,3,20,2,2.9,True,414.7,186.61
532,2024-04-22,3,4,2,11.4,False,0.0,733.59
533,2024-04-29,3,1,2,25.3,True,3617.9,1628.05
534,2024-04-29,3,4,2,12.4,False,0.0,797.94
535,2024-05-06,3,2,2,23.6,True,3374.8,1518.66
536,2024-05-06,3,4,2,13.7,False,0.0,881.59
537,2024-05-13,3,18,1,24.4,True,3489.2,1570.14
538,2024-05-13,3,4,1,8.9,False,0.0,572.71
539,2024-05-20,3,3,2,30.4,True,4347.2,1956.24
540,2024-05-20,3,4,2,10.2,False,0.0,656.37
541,2024-05-27,3,20,2,21.8,True,3117.4,1402.83
542,2024-05-27,3,4,2,12.0,False,0.0,772.2
543,2024-06-03,3,1,2,14.5,True,2073.5,933.08
544,2024-06-03,3,27,2,10.2,True,1458.6,656.37
545,2024-06-03,3,4,2,9.7,False,0.0,624.19
546,2024-06-10,3,20,2,18.1,True,2588.3,1164.73
547,2024-06-10,3,18,2,5.4,True,772.2,347.49
548,2024-06-10,3,4,2,10.4,False,0.0,669.24
549,2024-06-17,3,18,2,24.3,True,3474.9,1563.7
550,2024-06-17,3,4,2,7.9,False,0.0,508.36
551,2024-06-24,3,18,1,22.6,True,3231.8,1454.31
552,2024-06-24,3,4,1,10.9,False,0.0,701.42
553,2024-07-01,3,6,2,1.4,True,200.2,90.09
554,2024-07-01,3,3,2,12.8,True,1830.4,823.68
555,2024-07-01,3,4,2,5.1,False,0.0,328.18
556,2024-07-08,3,18,1,13.7,True,1959.1,881.59
557,2024-07-08,3,4,1,6.1,False,0.0,392.54
558,2024-07-15,3,18,1,15.1,True,2159.3,971.68
559,2024-07-15,3,4,1,4.4,False,0.0,283.14
560,2024-07-22,3,6,1,13.1,True,1873.3,842.98
561,2024-07-22,3,4,1,4.4,False,0.0,283.14
562,2024-07-29,3,6,2,13.6,True,1944.8,875.16
563,2024-07-29,3,4,2,7.5,False,0.0,482.62
564,2024-08-05,3,2,2,23.4,True,3346.2,1505.79
565,2024-08-05,3,4,2,9.9,False,0.0,637.06
566,2024-08-12,3,3,2,26.4,True,3775.2,1698.84
567,2024-08-12,3,4,2,10.0,False,0.0,643.5
568,2024-08-19,3,26,1,11.4,True,1630.2,733.59
569,2024-08-19,3,2,1,13.3,True,1901.9,855.86
570,2024-08-19,3,4,1,13.2,False,0.0,849.42
571,2024-08-26,3,2,2,26.2,True,3746.6,1685.97
572,2024-08-26,3,4,2,10.5,False,0.0,675.68
573,2024-09-02,3,27,1,27.8,True,3975.4,1788.93
574,2024-09-02,3,4,1,9.3,False,0.0,598.46
575,2024-09-09,3,18,2,28.9,True,4132.7,1859.71
576,2024-09-09,3,4,2,9.7,False,0.0,624.19
577,2024-09-16,3,27,2,22.6,True,3231.8,1454.31
578,2024-09-16,3,20,2,5.9,True,843.7,379.66
579,2024-09-16,3,4,2,11.9,False,0.0,765.76
580,2024-09-23,3,26,2,13.3,True,1901.9,855.86
581,2024-09-23,3,27,2,13.0,True,1859.0,836.55
582,2024-09-23,3,4,2,10.3,False,0.0,662.8
583,2024-09-30,3,18,2,24.9,True,3560.7,1602.31
584,2024-09-30,3,4,2,10.6,False,0.0,682.11
585,2024-10-07,3,2,1,12.3,True,1758.9,791.5
586,2024-10-07,3,20,1,14.7,True,2102.1,945.94
587,2024-10-07,3,4,1,10.5,False,0.0,675.68
588,2024-10-14,3,26,2,28.5,True,4075.5,1833.98
589,2024-10-14,3,4,2,7.9,False,0.0,508.36
590,2024-10-21,3,2,1,5.1,True,729.3,328.18
591,2024-10-21,3,1,1,16.0,True,2288.0,1029.6
592,2024-10-21,3,4,1,13.7,False,0.0,881.59
593,2024-10-28,3,1,2,11.4,True,1630.2,733.59
594,2024-10-28,3,26,2,13.4,True,1916.2,862.29
595,2024-10-28,3,4,2,11.2,False,0.0,720.72
596,2024-11-04,3,2,1,21.1,True,3017.3,1357.78
597,2024-11-04,3,26,1,9.0,True,1287.0,579.15
598,2024-11-04,3,4,1,7.1,False,0.0,456.88
599,2024-11-11,3,27,2,27.8,True,3975.4,1788.93
600,2024-11-11,3,4,2,11.2,False,0.0,720.72
601,2024-11-18,3,3,2,26.7,True,3818.1,1718.14
602,2024-11-18,3,4,2,8.4,False,0.0,540.54
603,2024-11-25,3,6,2,3.3,True,471.9,212.35
604,2024-11-25,3,2,2,19.1,True,2731.3,1229.08
605,2024-11-25,3,4,2,9.7,False,0.0,624.19
606,2024-12-02,3,20,2,4.3,True,614.9,276.7
607,2024-12-02,3,18,2,14.8,True,2116.4,952.38
608,2024-12-02,3,4,2,9.9,False,0.0,637.06
609,2024-12-09,3,27,3,3.9,True,557.7,250.96
610,2024-12-09,3,3,3,17.8,True,2545.4,1145.43
611,2024-12-09,3,4,3,8.0,False,0.0,514.8
612,2024-12-16,3,3,2,15.3,True,2187.9,984.56
613,2024-12-16,3,27,2,2.5,True,357.5,160.88
614,2024-12-16,3,4,2,11.8,False,0.0,759.33
615,2024-12-23,3,2,2,20.1,True,2874.3,1293.44
616,2024-12-23,3,4,2,11.6,False,0.0,746.46
617,2024-12-30,3,2,2,20.2,True,2888.6,1299.87
618,2024-12-30,3,4,2,11.3,False,0.0,727.16
619,2025-01-06,3,2,1,23.5,True,3360.5,1512.22
620,2025-01-06,3,4,1,10.5,False,0.0,675.68
621,2025-01-13,3,2,2,21.9,True,3131.7,1409.26
622,2025-01-13,3,4,2,13.0,False,0.0,836.55
623,2025-01-20,3,1,2,28.4,True,4061.2,1827.54
624,2025-01-20,3,4,2,8.5,False,0.0,546.97
625,2025-01-27,3,26,2,11.0,True,1573.0,707.85
626,2025-01-27,3,2,2,8.7,True,1244.1,559.84
627,2025-01-27,3,4,2,9.8,False,0.0,630.63
628,2025-02-03,3,27,2,7.9,True,1129.7,508.36
629,2025-02-03,3,1,2,14.5,True,2073.5,933.08
630,2025-02-03,3,4,2,12.0,False,0.0,772.2
631,2025-02-10,3,1,1,24.8,True,3546.4,1595.88
632,2025-02-10,3,4,1,14.5,False,0.0,933.08
633,2025-02-17,3,6,1,24.4,True,3489.2,1570.14
634,2025-02-17,3,4,1,10.3,False,0.0,662.8
635,2025-02-24,3,27,2,21.7,True,3103.1,1396.39
636,2025-02-24,3,4,2,14.6,False,0.0,939.51
637,2025-03-03,3,1,1,13.5,True,1930.5,868.72
638,2025-03-03,3,6,1,9.3,True,1329.9,598.46
639,2025-03-03,3,4,1,13.6,False,0.0,875.16
640,2025-03-10,3,2,1,17.2,True,2459.6,1106.82
641,2025-03-10,3,6,1,11.9,True,1701.7,765.76
642,2025-03-10,3,4,1,5.2,False,0.0,334.62
643,2025-03-17,3,20,2,22.4,True,3203.2,1441.44
644,2025-03-17,3,4,2,10.5,False,0.0,675.68
645,2025-03-24,3,26,2,17.1,True,2445.3,1100.38
646,2025-03-24,3,4,2,15.3,False,0.0,984.56
647,2025-03-31,3,20,2,12.8,True,1830.4,823.68
648,2025-03-31,3,26,2,10.5,True,1501.5,675.68
649,2025-03-31,3,4,2,14.4,False,0.0,926.64
650,2025-04-07,3,27,2,25.0,True,3575.0,1608.75
651,2025-04-07,3,4,2,7.4,False,0.0,476.19
652,2025-04-14,3,3,2,28.4,True,4061.2,1827.54
653,2025-04-14,3,4,2,9.2,False,0.0,592.02
654,2025-04-21,3,26,1,22.8,True,3260.4,1467.18
655,2025-04-21,3,3,1,4.6,True,657.8,296.01
656,2025-04-21,3,4,1,8.1,False,0.0,521.23
657,2025-04-28,3,20,2,23.8,True,3403.4,1531.53
658,2025-04-28,3,4,2,11.5,False,0.0,740.02
659,2025-05-05,3,26,2,20.1,True,2874.3,1293.44
660,2025-05-05,3,27,2,4.5,True,643.5,289.58
661,2025-05-05,3,4,2,10.9,False,0.0,701.42
662,2025-05-12,3,6,2,7.4,True,1058.2,476.19
663,2025-05-12,3,20,2,15.6,True,2230.8,1003.86
664,2025-05-12,3,4,2,11.7,False,0.0,752.89
665,2025-05-19,3,6,1,24.1,True,3446.3,1550.84
666,2025-05-19,3,4,1,10.5,False,0.0,675.68
667,2025-05-26,3,3,1,28.7,True,4104.1,1846.84
668,2025-05-26,3,4,1,7.7,False,0.0,495.49
669,2025-06-02,3,26,1,25.7,True,3675.1,1653.79
670,2025-06-02,3,4,1,5.9,False,0.0,379.66
671,2025-06-09,3,20,2,24.2,True,3460.6,1557.27
672,2025-06-09,3,4,2,7.6,False,0.0,489.06
673,2025-06-16,3,27,2,21.6,True,3088.8,1389.96
674,2025-06-16,3,4,2,11.4,False,0.0,733.59
675,2025-06-23,3,20,1,1.0,True,143.0,64.35
676,2025-06-23,3,6,1,20.6,True,2945.8,1325.61
677,2025-06-23,3,4,1,10.1,False,0.0,649.93
678,2025-06-30,3,2,2,26.1,True,3732.3,1679.54
679,2025-06-30,3,4,2,8.4,False,0.0,540.54
680,2025-07-07,3,26,1,10.9,True,1558.7,701.42
681,2025-07-07,3,18,1,5.8,True,829.4,373.23
682,2025-07-07,3,4,1,6.0,False,0.0,386.1
683,2025-07-14,3,18,2,13.7,True,1959.1,881.59
684,2025-07-14,3,4,2,7.3,False,0.0,469.75
685,2025-07-21,3,6,2,14.1,True,2016.3,907.33
686,2025-07-21,3,4,2,7.9,False,0.0,508.36
687,2025-07-28,3,26,2,10.4,True,1487.2,669.24
688,2025-07-28,3,18,2,5.5,True,786.5,353.92
689,2025-07-28,3,4,2,5.6,False,0.0,360.36
690,2025-08-04,3,20,2,22.4,True,3203.2,1441.44
691,2025-08-04,3,4,2,7.3,False,0.0,469.75
692,2025-08-11,3,27,1,17.3,True,2473.9,1113.25
693,2025-08-11,3,4,1,8.5,False,0.0,546.97
694,2025-08-18,3,18,2,23.8,True,3403.4,1531.53
695,2025-08-18,3,4,2,11.1,False,0.0,714.28
696,2025-08-25,3,26,2,22.7,True,3246.1,1460.74
697,2025-08-25,3,4,2,11.3,False,0.0,727.16
698,2025-09-01,3,18,2,25.3,True,3617.9,1628.05
699,2025-09-01,3,4,2,11.5,False,0.0,740.02
700,2025-09-08,3,26,2,24.8,True,3546.4,1595.88
701,2025-09-08,3,4,2,10.4,False,0.0,669.24
702,2025-09-15,3,2,2,9.2,True,1315.6,592.02
703,2025-09-15,3,3,2,17.0,True,2431.0,1093.95
704,2025-09-15,3,4,2,12.0,False,0.0,772.2
705,2025-09-22,3,2,2,8.0,True,1144.0,514.8
706,2025-09-22,3,27,2,17.6,True,2516.8,1132.56
707,2025-09-22,3,4,2,14.5,False,0.0,933.08
708,2025-09-29,3,2,2,22.6,True,3231.8,1454.31
709,2025-09-29,3,4,2,13.2,False,0.0,849.42
710,2025-10-06,3,18,2,32.4,True,4633.2,2084.94
711,2025-10-06,3,4,2,6.6,False,0.0,424.71
712,2025-10-13,3,2,2,21.2,True,3031.6,1364.22
713,2025-10-13,3,20,2,0.9,True,128.7,57.92
714,2025-10-13,3,4,2,12.1,False,0.0,778.63
715,2025-10-20,3,6,1,26.3,True,3760.9,1692.4
716,2025-10-20,3,4,1,11.3,False,0.0,727.16
717,2025-10-27,3,27,1,25.4,True,3632.2,1634.49
718,2025-10-27,3,4,1,10.4,False,0.0,669.24
719,2025-11-03,3,2,1,23.8,True,3403.4,1531.53
720,2025-11-03,3,4,1,10.1,False,0.0,649.93
721,2025-11-10,3,27,3,28.6,True,4089.8,1840.41
722,2025-11-10,3,4,3,7.3,False,0.0,469.75
723,2025-11-17,3,18,2,27.9,True,3989.7,1795.36
724,2025-11-17,3,4,2,10.0,False,0.0,643.5
725,2025-11-24,3,26,2,28.3,True,4046.9,1821.1
726,2025-11-24,3,4,2,10.7,False,0.0,688.54
727,2025-12-01,3,20,2,23.8,True,3403.4,1531.53
728,2025-12-01,3,4,2,6.8,False,0.0,437.58
729,2025-12-08,3,18,2,19.8,True,2831.4,1274.13
730,2025-12-08,3,4,2,9.7,False,0.0,624.19
731,2025-12-15,3,1,2,12.8,True,1830.4,823.68
732,2025-12-15,3,18,2,5.8,True,829.4,373.23
733,2025-12-15,3,4,2,7.2,False,0.0,463.32
734,2025-12-22,3,26,2,20.9,True,2988.7,1344.91
735,2025-12-22,3,4,2,7.7,False,0.0,495.49
736,2025-12-29,3,3,2,19.8,True,2831.4,1274.13
737,2025-12-29,3,4,2,6.0,False,0.0,386.1
738,2024-01-01,4,7,2,13.2,True,1973.4,888.1
739,2024-01-01,4,9,2,3.2,True,478.4,215.3
740,2024-01-01,4,30,2,18.7,False,0.0,1258.14
741,2024-01-08,4,13,2,12.2,True,1823.9,820.82
742,2024-01-08,4,7,2,6.4,True,956.8,430.59
743,2024-01-08,4,30,2,17.9,False,0.0,1204.31
744,2024-01-15,4,9,1,11.1,True,1659.45,746.81
745,2024-01-15,4,13,1,6.8,True,1016.6,457.5
746,2024-01-15,4,30,1,14.8,False,0.0,995.74
747,2024-01-22,4,13,2,16.3,True,2436.85,1096.66
748,2024-01-22,4,7,2,1.9,True,284.05,127.83
749,2024-01-22,4,30,2,16.9,False,0.0,1137.03
750,2024-01-29,4,7,2,19.2,True,2870.4,1291.78
751,2024-01-29,4,30,2,14.0,False,0.0,941.92
752,2024-02-05,4,7,3,7.7,True,1151.15,518.06
753,2024-02-05,4,9,3,16.0,True,2392.0,1076.48
754,2024-02-05,4,30,3,15.3,False,0.0,1029.38
755,2024-02-12,4,13,1,18.6,True,2780.7,1251.41
756,2024-02-12,4,30,1,16.2,False,0.0,1089.94
757,2024-02-19,4,28,2,19.9,True,2975.05,1338.87
758,2024-02-19,4,30,2,17.8,False,0.0,1197.58
759,2024-02-26,4,9,1,21.1,True,3154.45,1419.61
760,2024-02-26,4,30,1,16.1,False,0.0,1083.21
761,2024-03-04,4,7,2,3.8,True,568.1,255.66
762,2024-03-04,4,9,2,14.0,True,2093.0,941.92
763,2024-03-04,4,30,2,19.7,False,0.0,1325.42
764,2024-03-11,4,28,2,17.3,True,2586.35,1163.94
765,2024-03-11,4,30,2,17.9,False,0.0,1204.31
766,2024-03-18,4,9,2,20.9,True,3124.55,1406.15
767,2024-03-18,4,30,2,13.7,False,0.0,921.74
768,2024-03-25,4,13,2,25.0,True,3737.5,1682.0
769,2024-03-25,4,30,2,14.2,False,0.0,955.38
770,2024-04-01,4,9,1,22.2,True,3318.9,1493.62
771,2024-04-01,4,30,1,10.7,False,0.0,719.9
772,2024-04-08,4,9,2,23.4,True,3498.3,1574.35
773,2024-04-08,4,30,2,16.1,False,0.0,1083.21
774,2024-04-15,4,9,2,21.7,True,3244.15,1459.98
775,2024-04-15,4,30,2,18.0,False,0.0,1211.04
776,2024-04-22,4,9,1,17.4,True,2601.3,1170.67
777,2024-04-22,4,30,1,15.5,False,0.0,1042.84
778,2024-04-29,4,13,2,16.3,True,2436.85,1096.66
779,2024-04-29,4,30,2,17.4,False,0.0,1170.67
780,2024-05-06,4,13,1,13.5,True,2018.25,908.28
781,2024-05-06,4,9,1,6.7,True,1001.65,450.78
782,2024-05-06,4,30,1,17.8,False,0.0,1197.58
783,2024-05-13,4,13,2,21.8,True,3259.1,1466.7
784,2024-05-13,4,30,2,15.9,False,0.0,1069.75
785,2024-05-20,4,9,1,17.9,True,2676.05,1204.31
786,2024-05-20,4,30,1,15.4,False,0.0,1036.11
787,2024-05-27,4,13,2,20.9,True,3124.55,1406.15
788,2024-05-27,4,30,2,13.5,False,0.0,908.28
789,2024-06-03,4,7,2,19.8,True,2960.1,1332.14
790,2024-06-03,4,30,2,15.2,False,0.0,1022.66
791,2024-06-10,4,7,1,16.7,True,2496.65,1123.58
792,2024-06-10,4,30,1,15.7,False,0.0,1056.3
793,2024-06-17,4,13,1,14.5,True,2167.75,975.56
794,2024-06-17,4,30,1,16.8,False,0.0,1130.3
795,2024-06-24,4,7,2,2.5,True,373.75,168.2
796,2024-06-24,4,28,2,12.1,True,1808.95,814.09
797,2024-06-24,4,30,2,17.7,False,0.0,1190.86
798,2024-07-01,4,7,2,11.2,True,1674.4,753.54
799,2024-07-01,4,30,2,9.4,False,0.0,632.43
800,2024-07-08,4,9,2,10.3,True,1539.85,692.98
801,2024-07-08,4,30,2,9.8,False,0.0,659.34
802,2024-07-15,4,28,1,11.9,True,1779.05,800.63
803,2024-07-15,4,30,1,8.2,False,0.0,551.7
804,2024-07-22,4,13,1,10.4,True,1554.8,699.71
805,2024-07-22,4,30,1,9.6,False,0.0,645.89
806,2024-07-29,4,28,1,10.2,True,1524.9,686.26
807,2024-07-29,4,30,1,9.1,False,0.0,612.25
808,2024-08-05,4,7,2,17.5,True,2616.25,1177.4
809,2024-08-05,4,9,2,2.7,True,403.65,181.66
810,2024-08-05,4,30,2,14.1,False,0.0,948.65
811,2024-08-12,4,28,2,17.1,True,2556.45,1150.49
812,2024-08-12,4,30,2,16.9,False,0.0,1137.03
813,2024-08-19,4,28,2,18.9,True,2825.55,1271.59
814,2024-08-19,4,30,2,17.1,False,0.0,1150.49
815,2024-08-26,4,7,2,16.8,True,2511.6,1130.3
816,2024-08-26,4,30,2,16.3,False,0.0,1096.66
817,2024-09-02,4,28,2,18.8,True,2810.6,1264.86
818,2024-09-02,4,30,2,21.2,False,0.0,1426.34
819,2024-09-09,4,9,1,22.1,True,3303.95,1486.89
820,2024-09-09,4,30,1,19.5,False,0.0,1311.96
821,2024-09-16,4,28,1,21.5,True,3214.25,1446.52
822,2024-09-16,4,30,1,12.8,False,0.0,861.18
823,2024-09-23,4,9,1,23.4,True,3498.3,1574.35
824,2024-09-23,4,30,1,17.1,False,0.0,1150.49
825,2024-09-30,4,9,2,14.3,True,2137.85,962.1
826,2024-09-30,4,13,2,3.7,True,553.15,248.94
827,2024-09-30,4,30,2,19.2,False,0.0,1291.78
828,2024-10-07,4,13,2,20.1,True,3004.95,1352.33
829,2024-10-07,4,28,2,2.6,True,388.7,174.93
830,2024-10-07,4,30,2,17.1,False,0.0,1150.49
831,2024-10-14,4,13,1,24.4,True,3647.8,1641.63
832,2024-10-14,4,30,1,16.1,False,0.0,1083.21
833,2024-10-21,4,9,1,14.1,True,2107.95,948.65
834,2024-10-21,4,7,1,7.2,True,1076.4,484.42
835,2024-10-21,4,30,1,14.3,False,0.0,962.1
836,2024-10-28,4,13,1,4.4,True,657.8,296.03
837,2024-10-28,4,7,1,15.2,True,2272.4,1022.66
838,2024-10-28,4,30,1,14.8,False,0.0,995.74
839,2024-11-04,4,13,1,22.2,True,3318.9,1493.62
840,2024-11-04,4,30,1,18.2,False,0.0,1224.5
841,2024-11-11,4,9,1,16.3,True,2436.85,1096.66
842,2024-11-11,4,30,1,21.1,False,0.0,1419.61
843,2024-11-18,4,9,2,15.9,True,2377.05,1069.75
844,2024-11-18,4,30,2,20.7,False,0.0,1392.7
845,2024-11-25,4,9,2,15.3,True,2287.35,1029.38
846,2024-11-25,4,30,2,17.5,False,0.0,1177.4
847,2024-12-02,4,13,2,14.0,True,2093.0,941.92
848,2024-12-02,4,30,2,13.1,False,0.0,881.37
849,2024-12-09,4,7,2,6.6,True,986.7,444.05
850,2024-12-09,4,13,2,6.8,True,1016.6,457.5
851,2024-12-09,4,30,2,14.6,False,0.0,982.29
852,2024-12-16,4,9,1,3.2,True,478.4,215.3
853,2024-12-16,4,7,1,11.9,True,1779.05,800.63
854,2024-12-16,4,30,1,12.7,False,0.0,854.46
855,2024-12-23,4,9,2,16.8,True,2511.6,1130.3
856,2024-12-23,4,30,2,12.2,False,0.0,820.82
857,2024-12-30,4,9,2,12.1,True,1808.95,814.09
858,2024-12-30,4,28,2,1.2,True,179.4,80.74
859,2024-12-30,4,30,2,17.7,False,0.0,1190.86
860,2025-01-06,4,28,2,13.6,True,2033.2,915.01
861,2025-01-06,4,9,2,2.6,True,388.7,174.93
862,2025-01-06,4,30,2,19.1,False,0.0,1285.05
863,2025-01-13,4,9,1,18.4,True,2750.8,1237.95
864,2025-01-13,4,30,1,18.6,False,0.0,1251.41
865,2025-01-20,4,7,1,21.7,True,3244.15,1459.98
866,2025-01-20,4,30,1,16.6,False,0.0,1116.85
867,2025-01-27,4,28,2,18.6,True,2780.7,1251.41
868,2025-01-27,4,30,2,17.8,False,0.0,1197.58
869,2025-02-03,4,28,2,13.9,True,2078.05,935.19
870,2025-02-03,4,30,2,19.4,False,0.0,1305.23
871,2025-02-10,4,13,2,17.9,True,2676.05,1204.31
872,2025-02-10,4,30,2,15.6,False,0.0,1049.57
873,2025-02-17,4,28,1,15.6,True,2332.2,1049.57
874,2025-02-17,4,30,1,18.5,False,0.0,1244.68
875,2025-02-24,4,9,2,17.5,True,2616.25,1177.4
876,2025-02-24,4,30,2,17.6,False,0.0,1184.13
877,2025-03-03,4,13,1,19.3,True,2885.35,1298.5
878,2025-03-03,4,30,1,17.8,False,0.0,1197.58
879,2025-03-10,4,28,1,5.9,True,882.05,396.95
880,2025-03-10,4,7,1,11.1,True,1659.45,746.81
881,2025-03-10,4,30,1,18.6,False,0.0,1251.41
882,2025-03-17,4,7,1,5.0,True,747.5,336.4
883,2025-03-17,4,28,1,11.4,True,1704.3,766.99
884,2025-03-17,4,30,1,19.2,False,0.0,1291.78
885,2025-03-24,4,9,2,17.5,True,2616.25,1177.4
886,2025-03-24,4,30,2,17.5,False,0.0,1177.4
887,2025-03-31,4,28,2,18.1,True,2705.95,1217.77
888,2025-03-31,4,30,2,19.4,False,0.0,1305.23
889,2025-04-07,4,9,2,20.1,True,3004.95,1352.33
890,2025-04-07,4,30,2,15.4,False,0.0,1036.11
891,2025-04-14,4,9,1,18.0,True,2691.0,1211.04
892,2025-04-14,4,30,1,19.6,False,0.0,1318.69
893,2025-04-21,4,13,3,16.1,True,2406.95,1083.21
894,2025-04-21,4,30,3,17.9,False,0.0,1204.31
895,2025-04-28,4,7,3,20.7,True,3094.65,1392.7
896,2025-04-28,4,30,3,16.7,False,0.0,1123.58
897,2025-05-05,4,28,2,12.4,True,1853.8,834.27
898,2025-05-05,4,30,2,22.5,False,0.0,1513.8
899,2025-05-12,4,9,1,10.6,True,1584.7,713.17
900,2025-05-12,4,13,1,7.2,True,1076.4,484.42
901,2025-05-12,4,30,1,20.8,False,0.0,1399.42
902,2025-05-19,4,28,1,10.5,True,1569.75,706.44
903,2025-05-19,4,9,1,9.6,True,1435.2,645.89
904,2025-05-19,4,30,1,18.9,False,0.0,1271.59
905,2025-05-26,4,9,2,4.5,True,672.75,302.76
906,2025-05-26,4,13,2,12.5,True,1868.75,841.0
907,2025-05-26,4,30,2,18.3,False,0.0,1231.22
908,2025-06-02,4,7,1,8.4,True,1255.8,565.15
909,2025-06-02,4,9,1,5.2,True,777.4,349.86
910,2025-06-02,4,30,1,18.6,False,0.0,1251.41
911,2025-06-09,4,13,2,15.2,True,2272.4,1022.66
912,2025-06-09,4,30,2,17.8,False,0.0,1197.58
913,2025-06-16,4,28,1,17.9,True,2676.05,1204.31
914,2025-06-16,4,30,1,14.0,False,0.0,941.92
915,2025-06-23,4,7,2,14.4,True,2152.8,968.83
916,2025-06-23,4,28,2,1.1,True,164.45,74.01
917,2025-06-23,4,30,2,15.2,False,0.0,1022.66
918,2025-06-30,4,7,1,16.4,True,2451.8,1103.39
919,2025-06-30,4,30,1,19.9,False,0.0,1338.87
920,2025-07-07,4,28,1,5.8,True,867.1,390.22
921,2025-07-07,4,9,1,3.1,True,463.45,208.57
922,2025-07-07,4,30,1,10.1,False,0.0,679.53
923,2025-07-14,4,13,1,8.8,True,1315.6,592.06
924,2025-07-14,4,30,1,12.7,False,0.0,854.46
925,2025-07-21,4,13,2,8.5,True,1270.75,571.88
926,2025-07-21,4,30,2,12.0,False,0.0,807.36
927,2025-07-28,4,13,2,8.7,True,1300.65,585.34
928,2025-07-28,4,30,2,11.0,False,0.0,740.08
929,2025-08-04,4,9,2,10.5,True,1569.75,706.44
930,2025-08-04,4,13,2,7.3,True,1091.35,491.14
931,2025-08-04,4,30,2,16.5,False,0.0,1110.12
932,2025-08-11,4,28,1,10.4,True,1554.8,699.71
933,2025-08-11,4,9,1,0.5,True,74.75,33.64
934,2025-08-11,4,30,1,18.4,False,0.0,1237.95
935,2025-08-18,4,13,2,13.6,True,2033.2,915.01
936,2025-08-18,4,30,2,18.6,False,0.0,1251.41
937,2025-08-25,4,28,2,11.8,True,1764.1,793.9
938,2025-08-25,4,30,2,21.3,False,0.0,1433.06
939,2025-09-01,4,9,2,7.6,True,1136.2,511.33
940,2025-09-01,4,7,2,10.1,True,1509.95,679.53
941,2025-09-01,4,30,2,19.6,False,0.0,1318.69
942,2025-09-08,4,7,2,5.8,True,867.1,390.22
943,2025-09-08,4,28,2,10.1,True,1509.95,679.53
944,2025-09-08,4,30,2,19.6,False,0.0,1318.69
945,2025-09-15,4,9,1,14.0,True,2093.0,941.92
946,2025-09-15,4,30,1,23.1,False,0.0,1554.17
947,2025-09-22,4,13,2,10.9,True,1629.55,733.35
948,2025-09-22,4,9,2,1.8,True,269.1,121.1
949,2025-09-22,4,30,2,18.9,False,0.0,1271.59
950,2025-09-29,4,9,2,14.0,True,2093.0,941.92
951,2025-09-29,4,7,2,0.8,True,119.6,53.82
952,2025-09-29,4,30,2,23.3,False,0.0,1567.62
953,2025-10-06,4,9,2,16.5,True,2466.75,1110.12
954,2025-10-06,4,30,2,21.1,False,0.0,1419.61
955,2025-10-13,4,28,1,6.3,True,941.85,423.86
956,2025-10-13,4,7,1,7.3,True,1091.35,491.14
957,2025-10-13,4,30,1,19.4,False,0.0,1305.23
958,2025-10-20,4,9,2,18.1,True,2705.95,1217.77
959,2025-10-20,4,30,2,23.1,False,0.0,1554.17
960,2025-10-27,4,13,2,12.1,True,1808.95,814.09
961,2025-10-27,4,7,2,5.0,True,747.5,336.4
962,2025-10-27,4,30,2,23.0,False,0.0,1547.44
963,2025-11-03,4,28,1,11.8,True,1764.1,793.9
964,2025-11-03,4,30,1,22.6,False,0.0,1520.53
965,2025-11-10,4,7,2,0.9,True,134.55,60.55
966,2025-11-10,4,28,2,13.8,True,2063.1,928.46
967,2025-11-10,4,30,2,18.3,False,0.0,1231.22
968,2025-11-17,4,13,2,14.7,True,2197.65,989.02
969,2025-11-17,4,30,2,22.5,False,0.0,1513.8
970,2025-11-24,4,7,2,15.6,True,2332.2,1049.57
971,2025-11-24,4,30,2,22.4,False,0.0,1507.07
972,2025-12-01,4,9,1,12.4,True,1853.8,834.27
973,2025-12-01,4,30,1,13.9,False,0.0,935.19
974,2025-12-08,4,7,1,10.7,True,1599.65,719.9
975,2025-12-08,4,30,1,17.7,False,0.0,1190.86
976,2025-12-15,4,9,2,11.7,True,1749.15,787.18
977,2025-12-15,4,30,2,16.0,False,0.0,1076.48
978,2025-12-22,4,28,3,8.4,True,1255.8,565.15
979,2025-12-22,4,7,3,5.6,True,837.2,376.77
980,2025-12-22,4,30,3,14.7,False,0.0,989.02
981,2025-12-29,4,13,3,12.7,True,1898.65,854.46
982,2025-12-29,4,30,3,17.2,False,0.0,1157.22
983,2024-01-01,5,25,1,21.9,True,1423.5,640.57
984,2024-01-01,5,22,1,4.5,True,292.5,131.62
985,2024-01-01,5,29,1,6.8,False,0.0,198.9
986,2024-01-08,5,24,1,36.1,True,2346.5,1055.92
987,2024-01-08,5,29,1,0.7,False,0.0,20.47
988,2024-01-15,5,24,2,30.2,True,1963.0,883.35
989,2024-01-15,5,29,2,7.5,False,0.0,219.38
990,2024-01-22,5,10,2,30.4,True,1976.0,889.2
991,2024-01-22,5,29,2,6.2,False,0.0,181.35
992,2024-01-29,5,16,2,27.7,True,1800.5,810.22
993,2024-01-29,5,29,2,7.2,False,0.0,210.6
994,2024-02-05,5,11,2,29.1,True,1891.5,851.18
995,2024-02-05,5,29,2,4.3,False,0.0,125.78
996,2024-02-12,5,8,3,27.6,True,1794.0,807.3
997,2024-02-12,5,10,3,5.5,True,357.5,160.88
998,2024-02-12,5,29,3,4.4,False,0.0,128.7
999,2024-02-19,5,21,2,11.0,True,715.0,321.75
1000,2024-02-19,5,10,2,23.0,True,1495.0,672.75
1001,2024-02-19,5,29,2,2.9,False,0.0,84.82
1002,2024-02-26,5,12,1,29.6,True,1924.0,865.8
1003,2024-02-26,5,29,1,7.5,False,0.0,219.38
1004,2024-03-04,5,22,2,25.6,True,1664.0,748.8
1005,2024-03-04,5,29,2,9.0,False,0.0,263.25
1006,2024-03-11,5,10,2,24.8,True,1612.0,725.4
1007,2024-03-11,5,29,2,10.8,False,0.0,315.9
1008,2024-03-18,5,10,1,25.0,True,1625.0,731.25
1009,2024-03-18,5,25,1,0.7,True,45.5,20.47
1010,2024-03-18,5,29,1,9.6,False,0.0,280.8
1011,2024-03-25,5,21,3,30.7,True,1995.5,897.98
1012,2024-03-25,5,29,3,4.0,False,0.0,117.0
1013,2024-04-01,5,24,2,25.2,True,1638.0,737.1
1014,2024-04-01,5,29,2,7.1,False,0.0,207.68
1015,2024-04-08,5,25,2,29.9,True,1943.5,874.58
1016,2024-04-08,5,29,2,4.9,False,0.0,143.33
1017,2024-04-15,5,16,1,28.7,True,1865.5,839.48
1018,2024-04-15,5,29,1,5.8,False,0.0,169.65
1019,2024-04-22,5,5,2,27.5,True,1787.5,804.38
1020,2024-04-22,5,29,2,8.1,False,0.0,236.92
1021,2024-04-29,5,24,2,15.5,True,1007.5,453.38
1022,2024-04-29,5,10,2,9.6,True,624.0,280.8
1023,2024-04-29,5,29,2,9.0,False,0.0,263.25
1024,2024-05-06,5,5,2,8.5,True,552.5,248.62
1025,2024-05-06,5,24,2,17.4,True,1131.0,508.95
1026,2024-05-06,5,29,2,9.6,False,0.0,280.8
1027,2024-05-13,5,8,2,34.1,True,2216.5,997.42
1028,2024-05-13,5,29,2,6.3,False,0.0,184.28
1029,2024-05-20,5,22,1,20.9,True,1358.5,611.32
1030,2024-05-20,5,21,1,7.6,True,494.0,222.3
1031,2024-05-20,5,29,1,9.7,False,0.0,283.72
1032,2024-05-27,5,11,1,26.0,True,1690.0,760.5
1033,2024-05-27,5,29,1,6.7,False,0.0,195.98
1034,2024-06-03,5,22,2,29.5,True,1917.5,862.88
1035,2024-06-03,5,29,2,0.6,False,0.0,17.55
1036,2024-06-10,5,25,1,32.9,True,2138.5,962.32
1037,2024-06-10,5,29,1,0.7,False,0.0,20.47
1038,2024-06-17,5,10,2,5.2,True,338.0,152.1
1039,2024-06-17,5,11,2,18.5,True,1202.5,541.12
1040,2024-06-17,5,29,2,10.7,False,0.0,312.97
1041,2024-06-24,5,25,1,26.4,True,1716.0,772.2
1042,2024-06-24,5,12,1,1.9,True,123.5,55.58
1043,2024-06-24,5,29,1,5.9,False,0.0,172.58
1044,2024-07-01,5,11,2,16.0,True,1040.0,468.0
1045,2024-07-01,5,29,2,4.9,False,0.0,143.33
1046,2024-07-08,5,5,1,2.9,True,188.5,84.82
1047,2024-07-08,5,16,1,14.0,True,910.0,409.5
1048,2024-07-08,5,29,1,2.3,False,0.0,67.27
1049,2024-07-15,5,22,1,0.7,True,45.5,20.47
1050,2024-07-15,5,10,1,15.2,True,988.0,444.6
1051,2024-07-15,5,29,1,4.0,False,0.0,117.0
1052,2024-07-22,5,12,2,5.9,True,383.5,172.58
1053,2024-07-22,5,21,2,7.6,True,494.0,222.3
1054,2024-07-22,5,29,2,7.0,False,0.0,204.75
1055,2024-07-29,5,22,2,1.9,True,123.5,55.58
1056,2024-07-29,5,16,2,14.6,True,949.0,427.05
1057,2024-07-29,5,29,2,2.4,False,0.0,70.2
1058,2024-08-05,5,22,2,30.1,True,1956.5,880.42
1059,2024-08-05,5,29,2,2.1,False,0.0,61.42
1060,2024-08-12,5,25,1,27.0,True,1755.0,789.75
1061,2024-08-12,5,29,1,5.5,False,0.0,160.88
1062,2024-08-19,5,10,1,25.6,True,1664.0,748.8
1063,2024-08-19,5,16,1,2.4,True,156.0,70.2
1064,2024-08-19,5,29,1,2.4,False,0.0,70.2
1065,2024-08-26,5,16,1,33.4,True,2171.0,976.95
1066,2024-08-26,5,29,1,2.6,False,0.0,76.05
1067,2024-09-02,5,11,2,27.8,True,1807.0,813.15
1068,2024-09-02,5,29,2,8.9,False,0.0,260.32
1069,2024-09-09,5,16,1,29.8,True,1937.0,871.65
1070,2024-09-09,5,22,1,1.7,True,110.5,49.72
1071,2024-09-09,5,29,1,6.5,False,0.0,190.12
1072,2024-09-16,5,21,1,2.6,True,169.0,76.05
1073,2024-09-16,5,25,1,31.1,True,2021.5,909.68
1074,2024-09-16,5,29,1,5.4,False,0.0,157.95
1075,2024-09-23,5,21,3,30.0,True,1950.0,877.5
1076,2024-09-23,5,29,3,5.0,False,0.0,146.25
1077,2024-09-30,5,24,2,33.5,True,2177.5,979.88
1078,2024-09-30,5,29,2,4.7,False,0.0,137.48
1079,2024-10-07,5,5,2,31.0,True,2015.0,906.75
1080,2024-10-07,5,29,2,5.9,False,0.0,172.58
1081,2024-10-14,5,12,1,33.1,True,2151.5,968.18
1082,2024-10-14,5,29,1,4.2,False,0.0,122.85
1083,2024-10-21,5,24,1,29.0,True,1885.0,848.25
1084,2024-10-21,5,29,1,6.9,False,0.0,201.82
1085,2024-10-28,5,5,2,14.7,True,955.5,429.98
1086,2024-10-28,5,25,2,15.5,True,1007.5,453.38
1087,2024-10-28,5,29,2,5.1,False,0.0,149.17
1088,2024-11-04,5,22,1,30.0,True,1950.0,877.5
1089,2024-11-04,5,29,1,8.0,False,0.0,234.0
1090,2024-11-11,5,11,2,22.0,True,1430.0,643.5
1091,2024-11-11,5,29,2,9.0,False,0.0,263.25
1092,2024-11-18,5,11,3,29.7,True,1930.5,868.72
1093,2024-11-18,5,29,3,3.0,False,0.0,87.75
1094,2024-11-25,5,22,2,24.5,True,1592.5,716.62
1095,2024-11-25,5,29,2,10.4,False,0.0,304.2
1096,2024-12-02,5,8,1,24.9,True,1618.5,728.32
1097,2024-12-02,5,29,1,2.3,False,0.0,67.27
1098,2024-12-09,5,22,1,6.5,True,422.5,190.12
1099,2024-12-09,5,11,1,14.3,True,929.5,418.28
1100,2024-12-09,5,29,1,5.0,False,0.0,146.25
1101,2024-12-16,5,22,2,6.9,True,448.5,201.82
1102,2024-12-16,5,10,2,12.5,True,812.5,365.62
1103,2024-12-16,5,29,2,10.9,False,0.0,318.82
1104,2024-12-23,5,10,2,3.6,True,234.0,105.3
1105,2024-12-23,5,25,2,16.1,True,1046.5,470.93
1106,2024-12-23,5,29,2,8.3,False,0.0,242.78
1107,2024-12-30,5,12,1,21.2,True,1378.0,620.1
1108,2024-12-30,5,24,1,3.9,True,253.5,114.08
1109,2024-12-30,5,29,1,5.1,False,0.0,149.17
1110,2025-01-06,5,5,2,30.4,True,1976.0,889.2
1111,2025-01-06,5,29,2,6.6,False,0.0,193.05
1112,2025-01-13,5,5,1,11.0,True,715.0,321.75
1113,2025-01-13,5,21,1,17.3,True,1124.5,506.02
1114,2025-01-13,5,29,1,7.9,False,0.0,231.08
1115,2025-01-20,5,8,2,23.0,True,1495.0,672.75
1116,2025-01-20,5,29,2,11.2,False,0.0,327.6
1117,2025-01-27,5,12,2,25.5,True,1657.5,745.88
1118,2025-01-27,5,29,2,5.9,False,0.0,172.58
1119,2025-02-03,5,5,1,22.0,True,1430.0,643.5
1120,2025-02-03,5,29,1,10.7,False,0.0,312.97
1121,2025-02-10,5,12,1,23.9,True,1553.5,699.08
1122,2025-02-10,5,29,1,11.7,False,0.0,342.22
1123,2025-02-17,5,11,1,13.9,True,903.5,406.58
1124,2025-02-17,5,12,1,15.7,True,1020.5,459.22
1125,2025-02-17,5,29,1,3.9,False,0.0,114.08
1126,2025-02-24,5,22,2,16.0,True,1040.0,468.0
1127,2025-02-24,5,25,2,10.1,True,656.5,295.42
1128,2025-02-24,5,29,2,8.5,False,0.0,248.62
1129,2025-03-03,5,25,1,1.4,True,91.0,40.95
1130,2025-03-03,5,11,1,26.6,True,1729.0,778.05
1131,2025-03-03,5,29,1,7.6,False,0.0,222.3
1132,2025-03-10,5,10,1,30.6,True,1989.0,895.05
1133,2025-03-10,5,29,1,3.2,False,0.0,93.6
1134,2025-03-17,5,5,2,28.1,True,1826.5,821.92
1135,2025-03-17,5,29,2,8.6,False,0.0,251.55
1136,2025-03-24,5,5,1,29.6,True,1924.0,865.8
1137,2025-03-24,5,29,1,4.1,False,0.0,119.92
1138,2025-03-31,5,24,1,29.9,True,1943.5,874.58
1139,2025-03-31,5,29,1,7.7,False,0.0,225.22
1140,2025-04-07,5,10,2,28.6,True,1859.0,836.55
1141,2025-04-07,5,29,2,5.9,False,0.0,172.58
1142,2025-04-14,5,22,2,23.8,True,1547.0,696.15
1143,2025-04-14,5,29,2,12.7,False,0.0,371.48
1144,2025-04-21,5,12,1,2.1,True,136.5,61.42
1145,2025-04-21,5,10,1,23.2,True,1508.0,678.6
1146,2025-04-21,5,29,1,5.7,False,0.0,166.72
1147,2025-04-28,5,12,2,28.5,True,1852.5,833.62
1148,2025-04-28,5,29,2,4.5,False,0.0,131.62
1149,2025-05-05,5,8,2,26.8,True,1742.0,783.9
1150,2025-05-05,5,29,2,12.5,False,0.0,365.62
1151,2025-05-12,5,10,3,34.9,True,2268.5,1020.82
1152,2025-05-12,5,29,3,0.7,False,0.0,20.47
1153,2025-05-19,5,10,2,19.4,True,1261.0,567.45
1154,2025-05-19,5,5,2,12.7,True,825.5,371.48
1155,2025-05-19,5,29,2,7.8,False,0.0,228.15
1156,2025-05-26,5,5,1,23.8,True,1547.0,696.15
1157,2025-05-26,5,29,1,11.8,False,0.0,345.15
1158,2025-06-02,5,12,2,25.5,True,1657.5,745.88
1159,2025-06-02,5,29,2,9.1,False,0.0,266.18
1160,2025-06-09,5,12,1,26.0,True,1690.0,760.5
1161,2025-06-09,5,29,1,5.3,False,0.0,155.02
1162,2025-06-16,5,12,2,8.3,True,539.5,242.78
1163,2025-06-16,5,8,2,19.1,True,1241.5,558.68
1164,2025-06-16,5,29,2,3.7,False,0.0,108.22
1165,2025-06-23,5,21,2,25.1,True,1631.5,734.18
1166,2025-06-23,5,29,2,8.5,False,0.0,248.62
1167,2025-06-30,5,8,1,27.9,True,1813.5,816.08
1168,2025-06-30,5,29,1,3.8,False,0.0,111.15
1169,2025-07-07,5,12,1,17.7,True,1150.5,517.72
1170,2025-07-07,5,29,1,4.1,False,0.0,119.92
1171,2025-07-14,5,24,2,13.5,True,877.5,394.88
1172,2025-07-14,5,29,2,5.3,False,0.0,155.02
1173,2025-07-21,5,16,3,5.5,True,357.5,160.88
1174,2025-07-21,5,21,3,14.9,True,968.5,435.82
1175,2025-07-21,5,29,3,1.0,False,0.0,29.25
1176,2025-07-28,5,25,1,15.4,True,1001.0,450.45
1177,2025-07-28,5,12,1,2.1,True,136.5,61.42
1178,2025-07-28,5,29,1,3.1,False,0.0,90.68
1179,2025-08-04,5,24,2,28.0,True,1820.0,819.0
1180,2025-08-04,5,29,2,6.6,False,0.0,193.05
1181,2025-08-11,5,5,1,25.7,True,1670.5,751.72
1182,2025-08-11,5,29,1,10.1,False,0.0,295.42
1183,2025-08-18,5,10,2,17.3,True,1124.5,506.02
1184,2025-08-18,5,8,2,13.4,True,871.0,391.95
1185,2025-08-18,5,29,2,2.5,False,0.0,73.12
1186,2025-08-25,5,25,1,29.6,True,1924.0,865.8
1187,2025-08-25,5,29,1,4.3,False,0.0,125.78
1188,2025-09-01,5,5,2,20.4,True,1326.0,596.7
1189,2025-09-01,5,16,2,12.3,True,799.5,359.78
1190,2025-09-01,5,29,2,4.8,False,0.0,140.4
1191,2025-09-08,5,11,3,14.6,True,949.0,427.05
1192,2025-09-08,5,8,3,11.8,True,767.0,345.15
1193,2025-09-08,5,29,3,7.1,False,0.0,207.68
1194,2025-09-15,5,10,2,29.7,True,1930.5,868.72
1195,2025-09-15,5,29,2,8.2,False,0.0,239.85
1196,2025-09-22,5,24,3,24.5,True,1592.5,716.62
1197,2025-09-22,5,8,3,9.8,True,637.0,286.65
1198,2025-09-22,5,29,3,0.7,False,0.0,20.47
1199,2025-09-29,5,24,1,28.6,True,1859.0,836.55
1200,2025-09-29,5,29,1,5.9,False,0.0,172.58
1201,2025-10-06,5,8,1,32.4,True,2106.0,947.7
1202,2025-10-06,5,29,1,7.8,False,0.0,228.15
1203,2025-10-13,5,24,1,14.6,True,949.0,427.05
1204,2025-10-13,5,10,1,15.3,True,994.5,447.52
1205,2025-10-13,5,29,1,2.2,False,0.0,64.35
1206,2025-10-20,5,22,2,31.4,True,2041.0,918.45
1207,2025-10-20,5,29,2,3.5,False,0.0,102.38
1208,2025-10-27,5,5,2,34.4,True,2236.0,1006.2
1209,2025-10-27,5,29,2,2.0,False,0.0,58.5
1210,2025-11-03,5,12,2,1.6,True,104.0,46.8
1211,2025-11-03,5,22,2,34.0,True,2210.0,994.5
1212,2025-11-03,5,29,2,1.7,False,0.0,49.72
1213,2025-11-10,5,11,2,25.8,True,1677.0,754.65
1214,2025-11-10,5,29,2,11.3,False,0.0,330.52
1215,2025-11-17,5,8,2,29.4,True,1911.0,859.95
1216,2025-11-17,5,29,2,7.2,False,0.0,210.6
1217,2025-11-24,5,11,1,23.6,True,1534.0,690.3
1218,2025-11-24,5,5,1,4.6,True,299.0,134.55
1219,2025-11-24,5,29,1,8.7,False,0.0,254.47
1220,2025-12-01,5,22,2,8.6,True,559.0,251.55
1221,2025-12-01,5,12,2,17.8,True,1157.0,520.65
1222,2025-12-01,5,29,2,2.9,False,0.0,84.82
1223,2025-12-08,5,22,2,8.9,True,578.5,260.32
1224,2025-12-08,5,8,2,11.2,True,728.0,327.6
1225,2025-12-08,5,29,2,7.6,False,0.0,222.3
1226,2025-12-15,5,8,2,25.3,True,1644.5,740.02
1227,2025-12-15,5,29,2,4.1,False,0.0,119.92
1228,2025-12-22,5,24,1,27.0,True,1755.0,789.75
1229,2025-12-22,5,29,1,4.0,False,0.0,117.0
1230,2025-12-29,5,10,2,24.3,True,1579.5,710.78
1231,2025-12-29,5,29,2,4.2,False,0.0,122.85
1232,2024-01-01,6,7,2,16.9,True,2526.55,1137.03
1233,2024-01-01,6,30,2,18.9,False,0.0,1271.59
1234,2024-01-08,6,28,2,15.1,True,2257.45,1015.93
1235,2024-01-08,6,13,2,0.8,True,119.6,53.82
1236,2024-01-08,6,30,2,15.7,False,0.0,1056.3
1237,2024-01-15,6,9,1,17.1,True,2556.45,1150.49
1238,2024-01-15,6,30,1,19.0,False,0.0,1278.32
1239,2024-01-22,6,7,2,18.1,True,2705.95,1217.77
1240,2024-01-22,6,9,2,3.3,True,493.35,222.02
1241,2024-01-22,6,30,2,14.3,False,0.0,962.1
1242,2024-01-29,6,28,1,20.0,True,2990.0,1345.6
1243,2024-01-29,6,30,1,11.6,False,0.0,780.45
1244,2024-02-05,6,9,2,16.9,True,2526.55,1137.03
1245,2024-02-05,6,30,2,18.2,False,0.0,1224.5
1246,2024-02-12,6,9,2,19.8,True,2960.1,1332.14
1247,2024-02-12,6,30,2,16.8,False,0.0,1130.3
1248,2024-02-19,6,13,1,13.8,True,2063.1,928.46
1249,2024-02-19,6,30,1,18.8,False,0.0,1264.86
1250,2024-02-26,6,28,1,22.8,True,3408.6,1533.98
1251,2024-02-26,6,30,1,18.4,False,0.0,1237.95
1252,2024-03-04,6,28,2,23.9,True,3573.05,1607.99
1253,2024-03-04,6,30,2,14.3,False,0.0,962.1
1254,2024-03-11,6,28,2,15.4,True,2302.3,1036.11
1255,2024-03-11,6,13,2,4.8,True,717.6,322.94
1256,2024-03-11,6,30,2,17.9,False,0.0,1204.31
1257,2024-03-18,6,9,2,16.3,True,2436.85,1096.66
1258,2024-03-18,6,30,2,19.1,False,0.0,1285.05
1259,2024-03-25,6,7,1,17.6,True,2631.2,1184.13
1260,2024-03-25,6,30,1,15.0,False,0.0,1009.2
1261,2024-04-01,6,7,2,2.2,True,328.9,148.02
1262,2024-04-01,6,13,2,14.8,True,2212.6,995.74
1263,2024-04-01,6,30,2,18.4,False,0.0,1237.95
1264,2024-04-08,6,9,1,13.2,True,1973.4,888.1
1265,2024-04-08,6,13,1,6.3,True,941.85,423.86
1266,2024-04-08,6,30,1,17.2,False,0.0,1157.22
1267,2024-04-15,6,7,2,0.6,True,89.7,40.37
1268,2024-04-15,6,13,2,18.2,True,2720.9,1224.5
1269,2024-04-15,6,30,2,17.4,False,0.0,1170.67
1270,2024-04-22,6,28,2,15.1,True,2257.45,1015.93
1271,2024-04-22,6,9,2,1.4,True,209.3,94.19
1272,2024-04-22,6,30,2,18.7,False,0.0,1258.14
1273,2024-04-29,6,13,1,13.9,True,2078.05,935.19
1274,2024-04-29,6,7,1,2.2,True,328.9,148.02
1275,2024-04-29,6,30,1,14.7,False,0.0,989.02
1276,2024-05-06,6,13,2,15.8,True,2362.1,1063.02
1277,2024-05-06,6,30,2,18.5,False,0.0,1244.68
1278,2024-05-13,6,9,2,19.9,True,2975.05,1338.87
1279,2024-05-13,6,30,2,16.5,False,0.0,1110.12
1280,2024-05-20,6,13,1,19.8,True,2960.1,1332.14
1281,2024-05-20,6,30,1,17.9,False,0.0,1204.31
1282,2024-05-27,6,28,3,19.2,True,2870.4,1291.78
1283,2024-05-27,6,13,3,2.1,True,313.95,141.29
1284,2024-05-27,6,30,3,16.5,False,0.0,1110.12
1285,2024-06-03,6,9,2,12.7,True,1898.65,854.46
1286,2024-06-03,6,13,2,3.9,True,583.05,262.39
1287,2024-06-03,6,30,2,16.1,False,0.0,1083.21
1288,2024-06-10,6,7,2,9.3,True,1390.35,625.7
1289,2024-06-10,6,28,2,5.2,True,777.4,349.86
1290,2024-06-10,6,30,2,15.1,False,0.0,1015.93
1291,2024-06-17,6,7,1,15.8,True,2362.1,1063.02
1292,2024-06-17,6,30,1,14.0,False,0.0,941.92
1293,2024-06-24,6,13,1,17.6,True,2631.2,1184.13
1294,2024-06-24,6,30,1,12.6,False,0.0,847.73
1295,2024-07-01,6,13,1,11.1,True,1659.45,746.81
1296,2024-07-01,6,30,1,8.3,False,0.0,558.42
1297,2024-07-08,6,28,2,9.8,True,1465.1,659.34
1298,2024-07-08,6,30,2,11.3,False,0.0,760.26
1299,2024-07-15,6,9,2,4.1,True,612.95,275.85
1300,2024-07-15,6,13,2,5.9,True,882.05,396.95
1301,2024-07-15,6,30,2,8.3,False,0.0,558.42
1302,2024-07-22,6,9,1,9.8,True,1465.1,659.34
1303,2024-07-22,6,30,1,10.5,False,0.0,706.44
1304,2024-07-29,6,9,1,9.0,True,1345.5,605.52
1305,2024-07-29,6,30,1,10.5,False,0.0,706.44
1306,2024-08-05,6,9,1,14.1,True,2107.95,948.65
1307,2024-08-05,6,30,1,17.0,False,0.0,1143.76
1308,2024-08-12,6,28,2,2.5,True,373.75,168.2
1309,2024-08-12,6,7,2,12.9,True,1928.55,867.91
1310,2024-08-12,6,30,2,14.5,False,0.0,975.56
1311,2024-08-19,6,9,2,15.4,True,2302.3,1036.11
1312,2024-08-19,6,30,2,17.1,False,0.0,1150.49
1313,2024-08-26,6,9,2,18.2,True,2720.9,1224.5
1314,2024-08-26,6,30,2,15.8,False,0.0,1063.02
1315,2024-09-02,6,13,1,18.6,True,2780.7,1251.41
1316,2024-09-02,6,30,1,20.2,False,0.0,1359.06
1317,2024-09-09,6,13,2,19.8,True,2960.1,1332.14
1318,2024-09-09,6,9,2,0.9,True,134.55,60.55
1319,2024-09-09,6,30,2,17.6,False,0.0,1184.13
1320,2024-09-16,6,7,1,19.7,True,2945.15,1325.42
1321,2024-09-16,6,30,1,20.2,False,0.0,1359.06
1322,2024-09-23,6,7,1,8.0,True,1196.0,538.24
1323,2024-09-23,6,13,1,6.6,True,986.7,444.05
1324,2024-09-23,6,30,1,23.3,False,0.0,1567.62
1325,2024-09-30,6,7,2,1.5,True,224.25,100.92
1326,2024-09-30,6,28,2,13.1,True,1958.45,881.37
1327,2024-09-30,6,30,2,21.6,False,0.0,1453.25
1328,2024-10-07,6,7,1,18.7,True,2795.65,1258.14
1329,2024-10-07,6,30,1,17.9,False,0.0,1204.31
1330,2024-10-14,6,9,2,2.8,True,418.6,188.38
1331,2024-10-14,6,13,2,16.7,True,2496.65,1123.58
1332,2024-10-14,6,30,2,19.1,False,0.0,1285.05
1333,2024-10-21,6,7,1,19.3,True,2885.35,1298.5
1334,2024-10-21,6,30,1,17.1,False,0.0,1150.49
1335,2024-10-28,6,9,2,17.0,True,2541.5,1143.76
1336,2024-10-28,6,7,2,0.9,True,134.55,60.55
1337,2024-10-28,6,30,2,15.9,False,0.0,1069.75
1338,2024-11-04,6,9,2,19.1,True,2855.45,1285.05
1339,2024-11-04,6,30,2,17.1,False,0.0,1150.49
1340,2024-11-11,6,9,2,20.4,True,3049.8,1372.51
1341,2024-11-11,6,30,2,17.5,False,0.0,1177.4
1342,2024-11-18,6,13,1,19.5,True,2915.25,1311.96
1343,2024-11-18,6,30,1,19.7,False,0.0,1325.42
1344,2024-11-25,6,9,1,17.8,True,2661.1,1197.58
1345,2024-11-25,6,30,1,16.9,False,0.0,1137.03
1346,2024-12-02,6,9,3,18.6,True,2780.7,1251.41
1347,2024-12-02,6,13,3,0.5,True,74.75,33.64
1348,2024-12-02,6,30,3,10.7,False,0.0,719.9
1349,2024-12-09,6,9,2,15.8,True,2362.1,1063.02
1350,2024-12-09,6,30,2,16.0,False,0.0,1076.48
1351,2024-12-16,6,7,2,14.3,True,2137.85,962.1
1352,2024-12-16,6,9,2,2.0,True,299.0,134.56
1353,2024-12-16,6,30,2,11.7,False,0.0,787.18
1354,2024-12-23,6,7,1,16.2,True,2421.9,1089.94
1355,2024-12-23,6,30,1,13.4,False,0.0,901.55
1356,2024-12-30,6,28,2,12.3,True,1838.85,827.54
1357,2024-12-30,6,30,2,16.7,False,0.0,1123.58
1358,2025-01-06,6,13,2,21.3,True,3184.35,1433.06
1359,2025-01-06,6,30,2,17.9,False,0.0,1204.31
1360,2025-01-13,6,9,1,17.3,True,2586.35,1163.94
1361,2025-01-13,6,30,1,14.5,False,0.0,975.56
1362,2025-01-20,6,13,2,15.2,True,2272.4,1022.66
1363,2025-01-20,6,30,2,20.4,False,0.0,1372.51
1364,2025-01-27,6,28,3,18.2,True,2720.9,1224.5
1365,2025-01-27,6,7,3,3.2,True,478.4,215.3
1366,2025-01-27,6,30,3,13.0,False,0.0,874.64
1367,2025-02-03,6,28,2,19.7,True,2945.15,1325.42
1368,2025-02-03,6,30,2,17.7,False,0.0,1190.86
1369,2025-02-10,6,7,1,18.4,True,2750.8,1237.95
1370,2025-02-10,6,30,1,16.8,False,0.0,1130.3
1371,2025-02-17,6,13,1,4.8,True,717.6,322.94
1372,2025-02-17,6,28,1,13.3,True,1988.35,894.82
1373,2025-02-17,6,30,1,17.8,False,0.0,1197.58
1374,2025-02-24,6,13,1,16.6,True,2481.7,1116.85
1375,2025-02-24,6,7,1,5.5,True,822.25,370.04
1376,2025-02-24,6,30,1,17.6,False,0.0,1184.13
1377,2025-03-03,6,13,2,20.6,True,3079.7,1385.97
1378,2025-03-03,6,30,2,19.1,False,0.0,1285.05
1379,2025-03-10,6,7,3,19.4,True,2900.3,1305.23
1380,2025-03-10,6,30,3,15.1,False,0.0,1015.93
1381,2025-03-17,6,7,2,12.8,True,1913.6,861.18
1382,2025-03-17,6,28,2,3.7,True,553.15,248.94
1383,2025-03-17,6,30,2,18.1,False,0.0,1217.77
1384,2025-03-24,6,7,2,15.0,True,2242.5,1009.2
1385,2025-03-24,6,30,2,17.0,False,0.0,1143.76
1386,2025-03-31,6,28,2,18.5,True,2765.75,1244.68
1387,2025-03-31,6,30,2,18.1,False,0.0,1217.77
1388,2025-04-07,6,9,2,14.0,True,2093.0,941.92
1389,2025-04-07,6,7,2,5.8,True,867.1,390.22
1390,2025-04-07,6,30,2,17.0,False,0.0,1143.76
1391,2025-04-14,6,28,2,1.0,True,149.5,67.28
1392,2025-04-14,6,7,2,18.4,True,2750.8,1237.95
1393,2025-04-14,6,30,2,17.8,False,0.0,1197.58
1394,2025-04-21,6,13,1,17.1,True,2556.45,1150.49
1395,2025-04-21,6,30,1,14.2,False,0.0,955.38
1396,2025-04-28,6,13,2,16.7,True,2496.65,1123.58
1397,2025-04-28,6,30,2,16.4,False,0.0,1103.39
1398,2025-05-05,6,13,2,16.1,True,2406.95,1083.21
1399,2025-05-05,6,30,2,18.2,False,0.0,1224.5
1400,2025-05-12,6,13,1,17.7,True,2646.15,1190.86
1401,2025-05-12,6,30,1,20.6,False,0.0,1385.97
1402,2025-05-19,6,9,1,1.6,True,239.2,107.65
1403,2025-05-19,6,28,1,14.0,True,2093.0,941.92
1404,2025-05-19,6,30,1,20.5,False,0.0,1379.24
1405,2025-05-26,6,7,1,19.5,True,2915.25,1311.96
1406,2025-05-26,6,30,1,17.1,False,0.0,1150.49
1407,2025-06-02,6,28,2,10.6,True,1584.7,713.17
1408,2025-06-02,6,9,2,5.3,True,792.35,356.58
1409,2025-06-02,6,30,2,16.4,False,0.0,1103.39
1410,2025-06-09,6,7,2,13.8,True,2063.1,928.46
1411,2025-06-09,6,30,2,16.6,False,0.0,1116.85
1412,2025-06-16,6,7,2,4.1,True,612.95,275.85
1413,2025-06-16,6,13,2,12.3,True,1838.85,827.54
1414,2025-06-16,6,30,2,15.6,False,0.0,1049.57
1415,2025-06-23,6,28,2,13.5,True,2018.25,908.28
1416,2025-06-23,6,30,2,18.1,False,0.0,1217.77
1417,2025-06-30,6,28,2,11.0,True,1644.5,740.08
1418,2025-06-30,6,7,2,1.6,True,239.2,107.65
1419,2025-06-30,6,30,2,16.5,False,0.0,1110.12
1420,2025-07-07,6,13,2,9.7,True,1450.15,652.62
1421,2025-07-07,6,30,2,9.7,False,0.0,652.62
1422,2025-07-14,6,7,2,9.9,True,1480.05,666.07
1423,2025-07-14,6,30,2,11.2,False,0.0,753.54
1424,2025-07-21,6,28,3,6.2,True,926.9,417.14
1425,2025-07-21,6,9,3,2.5,True,373.75,168.2
1426,2025-07-21,6,30,3,11.4,False,0.0,766.99
1427,2025-07-28,6,13,1,8.4,True,1255.8,565.15
1428,2025-07-28,6,30,1,9.6,False,0.0,645.89
1429,2025-08-04,6,7,2,14.5,True,2167.75,975.56
1430,2025-08-04,6,30,2,21.5,False,0.0,1446.52
1431,2025-08-11,6,28,1,11.6,True,1734.2,780.45
1432,2025-08-11,6,30,1,17.4,False,0.0,1170.67
1433,2025-08-18,6,13,2,17.3,True,2586.35,1163.94
1434,2025-08-18,6,30,2,20.0,False,0.0,1345.6
1435,2025-08-25,6,9,1,16.8,True,2511.6,1130.3
1436,2025-08-25,6,30,1,18.9,False,0.0,1271.59
1437,2025-09-01,6,28,2,15.5,True,2317.25,1042.84
1438,2025-09-01,6,30,2,22.6,False,0.0,1520.53
1439,2025-09-08,6,7,2,15.1,True,2257.45,1015.93
1440,2025-09-08,6,30,2,21.0,False,0.0,1412.88
1441,2025-09-15,6,9,2,14.4,True,2152.8,968.83
1442,2025-09-15,6,30,2,21.1,False,0.0,1419.61
1443,2025-09-22,6,13,1,8.7,True,1300.65,585.34
1444,2025-09-22,6,28,1,7.2,True,1076.4,484.42
1445,2025-09-22,6,30,1,18.4,False,0.0,1237.95
1446,2025-09-29,6,9,1,14.3,True,2137.85,962.1
1447,2025-09-29,6,30,1,19.8,False,0.0,1332.14
1448,2025-10-06,6,13,2,19.7,True,2945.15,1325.42
1449,2025-10-06,6,30,2,20.5,False,0.0,1379.24
1450,2025-10-13,6,9,2,18.1,True,2705.95,1217.77
1451,2025-10-13,6,30,2,23.5,False,0.0,1581.08
1452,2025-10-20,6,7,1,13.9,True,2078.05,935.19
1453,2025-10-20,6,30,1,18.7,False,0.0,1258.14
1454,2025-10-27,6,13,2,9.6,True,1435.2,645.89
1455,2025-10-27,6,7,2,10.0,True,1495.0,672.8
1456,2025-10-27,6,30,2,21.2,False,0.0,1426.34
1457,2025-11-03,6,7,3,18.5,True,2765.75,1244.68
1458,2025-11-03,6,30,3,17.0,False,0.0,1143.76
1459,2025-11-10,6,7,2,14.3,True,2137.85,962.1
1460,2025-11-10,6,30,2,26.0,False,0.0,1749.28
1461,2025-11-17,6,13,1,17.4,True,2601.3,1170.67
1462,2025-11-17,6,30,1,18.4,False,0.0,1237.95
1463,2025-11-24,6,13,1,15.6,True,2332.2,1049.57
1464,2025-11-24,6,30,1,19.1,False,0.0,1285.05
1465,2025-12-01,6,28,2,12.8,True,1913.6,861.18
1466,2025-12-01,6,30,2,20.2,False,0.0,1359.06
1467,2025-12-08,6,7,3,5.3,True,792.35,356.58
1468,2025-12-08,6,13,3,9.0,True,1345.5,605.52
1469,2025-12-08,6,30,3,15.0,False,0.0,1009.2
1470,2025-12-15,6,13,2,11.6,True,1734.2,780.45
1471,2025-12-15,6,30,2,15.9,False,0.0,1069.75
1472,2025-12-22,6,13,3,15.1,True,2257.45,1015.93
1473,2025-12-22,6,30,3,15.9,False,0.0,1069.75
1474,2025-12-29,6,7,2,9.9,True,1480.05,666.07
1475,2025-12-29,6,30,2,20.3,False,0.0,1365.78
1476,2024-01-01,7,2,2,27.4,True,2863.3,1288.35
1477,2024-01-01,7,4,2,8.5,False,0.0,399.67
1478,2024-01-08,7,18,2,24.0,True,2508.0,1128.48
1479,2024-01-08,7,4,2,10.4,False,0.0,489.01
1480,2024-01-15,7,20,1,29.3,True,3061.85,1377.69
1481,2024-01-15,7,4,1,4.6,False,0.0,216.29
1482,2024-01-22,7,6,1,22.7,True,2372.15,1067.35
1483,2024-01-22,7,4,1,11.8,False,0.0,554.84
1484,2024-01-29,7,27,2,9.1,True,950.95,427.88
1485,2024-01-29,7,6,2,13.6,True,1421.2,639.47
1486,2024-01-29,7,4,2,11.1,False,0.0,521.92
1487,2024-02-05,7,1,2,24.0,True,2508.0,1128.48
1488,2024-02-05,7,4,2,10.9,False,0.0,512.52
1489,2024-02-12,7,6,2,26.1,True,2727.45,1227.22
1490,2024-02-12,7,4,2,13.1,False,0.0,615.96
1491,2024-02-19,7,20,2,19.7,True,2058.65,926.29
1492,2024-02-19,7,3,2,5.2,True,543.4,244.5
1493,2024-02-19,7,4,2,8.3,False,0.0,390.27
1494,2024-02-26,7,1,2,13.6,True,1421.2,639.47
1495,2024-02-26,7,2,2,12.0,True,1254.0,564.24
1496,2024-02-26,7,4,2,9.8,False,0.0,460.8
1497,2024-03-04,7,26,1,3.5,True,365.75,164.57
1498,2024-03-04,7,3,1,15.5,True,1619.75,728.81
1499,2024-03-04,7,4,1,12.3,False,0.0,578.35
1500,2024-03-11,7,6,1,16.1,True,1682.45,757.02
1501,2024-03-11,7,27,1,9.4,True,982.3,441.99
1502,2024-03-11,7,4,1,7.1,False,0.0,333.84
1503,2024-03-18,7,18,2,6.3,True,658.35,296.23
1504,2024-03-18,7,27,2,16.1,True,1682.45,757.02
1505,2024-03-18,7,4,2,14.7,False,0.0,691.19
1506,2024-03-25,7,2,2,33.7,True,3521.65,1584.57
1507,2024-03-25,7,4,2,4.6,False,0.0,216.29
1508,2024-04-01,7,1,2,25.4,True,2654.3,1194.31
1509,2024-04-01,7,4,2,10.3,False,0.0,484.31
1510,2024-04-08,7,27,2,27.9,True,2915.55,1311.86
1511,2024-04-08,7,4,2,6.4,False,0.0,300.93
1512,2024-04-15,7,18,1,26.2,True,2737.9,1231.92
1513,2024-04-15,7,4,1,9.2,False,0.0,432.58
1514,2024-04-22,7,27,1,8.2,True,856.9,385.56
1515,2024-04-22,7,20,1,22.4,True,2340.8,1053.25
1516,2024-04-22,7,4,1,9.4,False,0.0,441.99
1517,2024-04-29,7,18,2,20.6,True,2152.7,968.61
1518,2024-04-29,7,4,2,12.9,False,0.0,606.56
1519,2024-05-06,7,20,2,30.6,True,3197.7,1438.81
1520,2024-05-06,7,4,2,6.8,False,0.0,319.74
1521,2024-05-13,7,26,2,17.0,True,1776.5,799.34
1522,2024-05-13,7,3,2,9.0,True,940.5,423.18
1523,2024-05-13,7,4,2,11.1,False,0.0,521.92
1524,2024-05-20,7,2,2,25.9,True,2706.55,1217.82
1525,2024-05-20,7,4,2,11.9,False,0.0,559.54
1526,2024-05-27,7,27,1,1.1,True,114.95,51.72
1527,2024-05-27,7,3,1,32.9,True,3438.05,1546.96
1528,2024-05-27,7,4,1,5.8,False,0.0,272.72
1529,2024-06-03,7,27,1,22.7,True,2372.15,1067.35
1530,2024-06-03,7,4,1,7.3,False,0.0,343.25
1531,2024-06-10,7,6,1,23.8,True,2487.1,1119.08
1532,2024-06-10,7,4,1,6.2,False,0.0,291.52
1533,2024-06-17,7,20,2,23.2,True,2424.4,1090.86
1534,2024-06-17,7,4,2,8.5,False,0.0,399.67
1535,2024-06-24,7,26,2,18.3,True,1912.35,860.47
1536,2024-06-24,7,4,2,12.7,False,0.0,597.15
1537,2024-07-01,7,26,1,2.9,True,303.05,136.36
1538,2024-07-01,7,3,1,12.4,True,1295.8,583.05
1539,2024-07-01,7,4,1,3.7,False,0.0,173.97
1540,2024-07-08,7,2,2,13.7,True,1431.65,644.17
1541,2024-07-08,7,4,2,6.0,False,0.0,282.12
1542,2024-07-15,7,6,2,14.7,True,1536.15,691.19
1543,2024-07-15,7,4,2,5.5,False,0.0,258.61
1544,2024-07-22,7,26,2,10.5,True,1097.25,493.71
1545,2024-07-22,7,4,2,5.6,False,0.0,263.31
1546,2024-07-29,7,3,2,12.8,True,1337.6,601.86
1547,2024-07-29,7,4,2,7.2,False,0.0,338.54
1548,2024-08-05,7,26,2,19.4,True,2027.3,912.19
1549,2024-08-05,7,4,2,8.8,False,0.0,413.78
1550,2024-08-12,7,18,2,24.1,True,2518.45,1133.18
1551,2024-08-12,7,4,2,9.6,False,0.0,451.39
1552,2024-08-19,7,20,2,24.8,True,2591.6,1166.1
1553,2024-08-19,7,27,2,5.0,True,522.5,235.1
1554,2024-08-19,7,4,2,2.2,False,0.0,103.44
1555,2024-08-26,7,27,2,3.8,True,397.1,178.68
1556,2024-08-26,7,20,2,18.1,True,1891.45,851.06
1557,2024-08-26,7,4,2,14.2,False,0.0,667.68
1558,2024-09-02,7,2,2,0.8,True,83.6,37.62
1559,2024-09-02,7,1,2,24.9,True,2602.05,1170.8
1560,2024-09-02,7,4,2,10.3,False,0.0,484.31
1561,2024-09-09,7,20,2,7.3,True,762.85,343.25
1562,2024-09-09,7,18,2,26.4,True,2758.8,1241.33
1563,2024-09-09,7,4,2,4.9,False,0.0,230.4
1564,2024-09-16,7,3,2,28.6,True,2988.7,1344.77
1565,2024-09-16,7,4,2,5.1,False,0.0,239.8
1566,2024-09-23,7,18,2,28.6,True,2988.7,1344.77
1567,2024-09-23,7,4,2,8.0,False,0.0,376.16
1568,2024-09-30,7,20,2,22.7,True,2372.15,1067.35
1569,2024-09-30,7,4,2,14.1,False,0.0,662.98
1570,2024-10-07,7,6,2,31.1,True,3249.95,1462.32
1571,2024-10-07,7,4,2,6.8,False,0.0,319.74
1572,2024-10-14,7,3,2,25.9,True,2706.55,1217.82
1573,2024-10-14,7,4,2,14.1,False,0.0,662.98
1574,2024-10-21,7,3,1,16.1,True,1682.45,757.02
1575,2024-10-21,7,20,1,10.1,True,1055.45,474.9
1576,2024-10-21,7,4,1,11.7,False,0.0,550.13
1577,2024-10-28,7,1,2,22.4,True,2340.8,1053.25
1578,2024-10-28,7,4,2,10.3,False,0.0,484.31
1579,2024-11-04,7,3,1,27.3,True,2852.85,1283.65
1580,2024-11-04,7,4,1,9.3,False,0.0,437.29
1581,2024-11-11,7,6,2,19.1,True,1995.95,898.08
1582,2024-11-11,7,27,2,4.1,True,428.45,192.78
1583,2024-11-11,7,4,2,10.4,False,0.0,489.01
1584,2024-11-18,7,26,2,10.3,True,1076.35,484.31
1585,2024-11-18,7,27,2,17.0,True,1776.5,799.34
1586,2024-11-18,7,4,2,11.1,False,0.0,521.92
1587,2024-11-25,7,26,2,27.6,True,2884.2,1297.75
1588,2024-11-25,7,4,2,7.3,False,0.0,343.25
1589,2024-12-02,7,3,1,21.6,True,2257.2,1015.63
1590,2024-12-02,7,4,1,7.2,False,0.0,338.54
1591,2024-12-09,7,2,2,22.5,True,2351.25,1057.95
1592,2024-12-09,7,4,2,8.3,False,0.0,390.27
1593,2024-12-16,7,18,2,18.6,True,1943.7,874.57
1594,2024-12-16,7,4,2,11.0,False,0.0,517.22
1595,2024-12-23,7,27,2,23.2,True,2424.4,1090.86
1596,2024-12-23,7,4,2,9.8,False,0.0,460.8
1597,2024-12-30,7,18,2,10.6,True,1107.7,498.41
1598,2024-12-30,7,26,2,15.1,True,1577.95,710.0
1599,2024-12-30,7,4,2,5.4,False,0.0,253.91
1600,2025-01-06,7,18,3,22.6,True,2361.7,1062.65
1601,2025-01-06,7,4,3,8.8,False,0.0,413.78
1602,2025-01-13,7,18,2,24.2,True,2528.9,1137.88
1603,2025-01-13,7,27,2,1.1,True,114.95,51.72
1604,2025-01-13,7,4,2,4.8,False,0.0,225.7
1605,2025-01-20,7,26,2,22.6,True,2361.7,1062.65
1606,2025-01-20,7,4,2,10.2,False,0.0,479.6
1607,2025-01-27,7,3,2,19.4,True,2027.3,912.19
1608,2025-01-27,7,2,2,3.6,True,376.2,169.27
1609,2025-01-27,7,4,2,8.7,False,0.0,409.07
1610,2025-02-03,7,27,2,28.3,True,2957.35,1330.67
1611,2025-02-03,7,4,2,12.2,False,0.0,573.64
1612,2025-02-10,7,18,1,3.7,True,386.65,173.97
1613,2025-02-10,7,2,1,26.5,True,2769.25,1246.03
1614,2025-02-10,7,4,1,7.1,False,0.0,333.84
1615,2025-02-17,7,1,1,34.0,True,3553.0,1598.68
1616,2025-02-17,7,4,1,0.6,False,0.0,28.21
1617,2025-02-24,7,27,2,25.7,True,2685.65,1208.41
1618,2025-02-24,7,4,2,10.4,False,0.0,489.01
1619,2025-03-03,7,3,2,20.8,True,2173.6,978.02
1620,2025-03-03,7,1,2,3.9,True,407.55,183.38
1621,2025-03-03,7,4,2,10.9,False,0.0,512.52
1622,2025-03-10,7,3,1,26.8,True,2800.6,1260.14
1623,2025-03-10,7,4,1,10.8,False,0.0,507.82
1624,2025-03-17,7,20,2,25.2,True,2633.4,1184.9
1625,2025-03-17,7,4,2,10.7,False,0.0,503.11
1626,2025-03-24,7,27,2,26.3,True,2748.35,1236.63
1627,2025-03-24,7,6,2,1.6,True,167.2,75.23
1628,2025-03-24,7,4,2,7.7,False,0.0,362.05
1629,2025-03-31,7,18,2,25.8,True,2696.1,1213.12
1630,2025-03-31,7,6,2,1.3,True,135.85,61.13
1631,2025-03-31,7,4,2,11.5,False,0.0,540.73
1632,2025-04-07,7,26,2,28.8,True,3009.6,1354.18
1633,2025-04-07,7,4,2,5.2,False,0.0,244.5
1634,2025-04-14,7,26,1,27.5,True,2873.75,1293.05
1635,2025-04-14,7,4,1,4.2,False,0.0,197.48
1636,2025-04-21,7,26,3,28.3,True,2957.35,1330.67
1637,2025-04-21,7,4,3,8.1,False,0.0,380.86
1638,2025-04-28,7,1,2,20.5,True,2142.25,963.91
1639,2025-04-28,7,4,2,12.7,False,0.0,597.15
1640,2025-05-05,7,3,2,7.8,True,815.1,366.76
1641,2025-05-05,7,1,2,21.5,True,2246.75,1010.93
1642,2025-05-05,7,4,2,7.8,False,0.0,366.76
1643,2025-05-12,7,27,3,36.8,True,3845.6,1730.34
1644,2025-05-12,7,4,3,3.1,False,0.0,145.76
1645,2025-05-19,7,6,1,30.6,True,3197.7,1438.81
1646,2025-05-19,7,4,1,7.1,False,0.0,333.84
1647,2025-05-26,7,6,3,30.6,True,3197.7,1438.81
1648,2025-05-26,7,4,3,5.8,False,0.0,272.72
1649,2025-06-02,7,18,2,9.3,True,971.85,437.29
1650,2025-06-02,7,20,2,16.9,True,1766.05,794.64
1651,2025-06-02,7,4,2,6.0,False,0.0,282.12
1652,2025-06-09,7,3,2,20.2,True,2110.9,949.8
1653,2025-06-09,7,4,2,9.8,False,0.0,460.8
1654,2025-06-16,7,18,2,18.4,True,1922.8,865.17
1655,2025-06-16,7,20,2,7.2,True,752.4,338.54
1656,2025-06-16,7,4,2,6.1,False,0.0,286.82
1657,2025-06-23,7,26,3,25.7,True,2685.65,1208.41
1658,2025-06-23,7,4,3,8.5,False,0.0,399.67
1659,2025-06-30,7,2,2,21.6,True,2257.2,1015.63
1660,2025-06-30,7,4,2,10.0,False,0.0,470.2
1661,2025-07-07,7,27,2,10.1,True,1055.45,474.9
1662,2025-07-07,7,6,2,3.9,True,407.55,183.38
1663,2025-07-07,7,4,2,4.2,False,0.0,197.48
1664,2025-07-14,7,2,1,0.7,True,73.15,32.91
1665,2025-07-14,7,18,1,15.0,True,1567.5,705.3
1666,2025-07-14,7,4,1,4.7,False,0.0,220.99
1667,2025-07-21,7,26,1,12.0,True,1254.0,564.24
1668,2025-07-21,7,4,1,6.7,False,0.0,315.03
1669,2025-07-28,7,20,1,13.4,True,1400.3,630.07
1670,2025-07-28,7,2,1,4.4,True,459.8,206.89
1671,2025-07-28,7,4,1,2.2,False,0.0,103.44
1672,2025-08-04,7,3,2,14.9,True,1557.05,700.6
1673,2025-08-04,7,1,2,6.6,True,689.7,310.33
1674,2025-08-04,7,4,2,10.7,False,0.0,503.11
1675,2025-08-11,7,26,1,26.4,True,2758.8,1241.33
1676,2025-08-11,7,4,1,7.6,False,0.0,357.35
1677,2025-08-18,7,20,2,20.7,True,2163.15,973.31
1678,2025-08-18,7,1,2,1.1,True,114.95,51.72
1679,2025-08-18,7,4,2,11.0,False,0.0,517.22
1680,2025-08-25,7,6,1,31.0,True,3239.5,1457.62
1681,2025-08-25,7,4,1,5.8,False,0.0,272.72
1682,2025-09-01,7,6,2,10.1,True,1055.45,474.9
1683,2025-09-01,7,26,2,6.8,True,710.6,319.74
1684,2025-09-01,7,4,2,18.2,False,0.0,855.76
1685,2025-09-08,7,27,2,25.5,True,2664.75,1199.01
1686,2025-09-08,7,20,2,2.6,True,271.7,122.25
1687,2025-09-08,7,4,2,4.4,False,0.0,206.89
1688,2025-09-15,7,2,1,32.9,True,3438.05,1546.96
1689,2025-09-15,7,4,1,4.1,False,0.0,192.78
1690,2025-09-22,7,26,2,0.8,True,83.6,37.62
1691,2025-09-22,7,20,2,26.4,True,2758.8,1241.33
1692,2025-09-22,7,4,2,11.6,False,0.0,545.43
1693,2025-09-29,7,27,2,22.1,True,2309.45,1039.14
1694,2025-09-29,7,4,2,13.5,False,0.0,634.77
1695,2025-10-06,7,18,1,27.9,True,2915.55,1311.86
1696,2025-10-06,7,4,1,9.3,False,0.0,437.29
1697,2025-10-13,7,6,2,1.8,True,188.1,84.64
1698,2025-10-13,7,20,2,23.8,True,2487.1,1119.08
1699,2025-10-13,7,4,2,10.3,False,0.0,484.31
1700,2025-10-20,7,2,1,11.5,True,1201.75,540.73
1701,2025-10-20,7,6,1,17.9,True,1870.55,841.66
1702,2025-10-20,7,4,1,9.6,False,0.0,451.39
1703,2025-10-27,7,27,2,29.0,True,3030.5,1363.58
1704,2025-10-27,7,2,2,2.0,True,209.0,94.04
1705,2025-10-27,7,4,2,9.9,False,0.0,465.5
1706,2025-11-03,7,18,2,27.1,True,2831.95,1274.24
1707,2025-11-03,7,4,2,10.5,False,0.0,493.71
1708,2025-11-10,7,1,2,28.2,True,2946.9,1325.96
1709,2025-11-10,7,4,2,8.5,False,0.0,399.67
1710,2025-11-17,7,18,2,24.8,True,2591.6,1166.1
1711,2025-11-17,7,4,2,10.1,False,0.0,474.9
1712,2025-11-24,7,26,1,29.4,True,3072.3,1382.39
1713,2025-11-24,7,4,1,4.5,False,0.0,211.59
1714,2025-12-01,7,1,2,10.7,True,1118.15,503.11
1715,2025-12-01,7,6,2,7.4,True,773.3,347.95
1716,2025-12-01,7,4,2,8.8,False,0.0,413.78
1717,2025-12-08,7,3,1,23.8,True,2487.1,1119.08
1718,2025-12-08,7,4,1,5.7,False,0.0,268.01
1719,2025-12-15,7,20,1,8.5,True,888.25,399.67
1720,2025-12-15,7,26,1,14.5,True,1515.25,681.79
1721,2025-12-15,7,4,1,5.4,False,0.0,253.91
1722,2025-12-22,7,18,2,20.1,True,2100.45,945.1
1723,2025-12-22,7,4,2,7.7,False,0.0,362.05
1724,2025-12-29,7,26,2,17.0,True,1776.5,799.34
1725,2025-12-29,7,4,2,8.3,False,0.0,390.27
1726,2024-01-01,8,7,2,15.9,True,1737.08,781.64
1727,2024-01-01,8,30,2,13.7,False,0.0,673.49
1728,2024-01-08,8,28,2,9.0,True,983.25,442.44
1729,2024-01-08,8,7,2,11.0,True,1201.75,540.76
1730,2024-01-08,8,30,2,17.3,False,0.0,850.47
1731,2024-01-15,8,7,1,19.9,True,2174.07,978.28
1732,2024-01-15,8,30,1,13.1,False,0.0,644.0
1733,2024-01-22,8,13,2,22.1,True,2414.43,1086.44
1734,2024-01-22,8,30,2,17.1,False,0.0,840.64
1735,2024-01-29,8,13,3,20.6,True,2250.55,1012.7
1736,2024-01-29,8,7,3,4.9,True,535.33,240.88
1737,2024-01-29,8,30,3,9.7,False,0.0,476.85
1738,2024-02-05,8,7,2,6.1,True,666.42,299.88
1739,2024-02-05,8,28,2,9.6,True,1048.8,471.94
1740,2024-02-05,8,30,2,17.5,False,0.0,860.3
1741,2024-02-12,8,13,1,7.2,True,786.6,353.95
1742,2024-02-12,8,9,1,13.4,True,1463.95,658.74
1743,2024-02-12,8,30,1,13.7,False,0.0,673.49
1744,2024-02-19,8,7,2,19.5,True,2130.38,958.62
1745,2024-02-19,8,30,2,13.7,False,0.0,673.49
1746,2024-02-26,8,13,2,23.2,True,2534.6,1140.51
1747,2024-02-26,8,30,2,12.5,False,0.0,614.5
1748,2024-03-04,8,13,1,20.2,True,2206.85,993.03
1749,2024-03-04,8,30,1,14.5,False,0.0,712.82
1750,2024-03-11,8,7,1,20.1,True,2195.93,988.12
1751,2024-03-11,8,30,1,12.5,False,0.0,614.5
1752,2024-03-18,8,9,1,16.1,True,1758.93,791.48
1753,2024-03-18,8,28,1,6.4,True,699.2,314.62
1754,2024-03-18,8,30,1,13.1,False,0.0,644.0
1755,2024-03-25,8,7,1,20.4,True,2228.7,1002.86
1756,2024-03-25,8,30,1,13.8,False,0.0,678.41
1757,2024-04-01,8,9,1,23.3,True,2545.52,1145.43
1758,2024-04-01,8,30,1,16.3,False,0.0,801.31
1759,2024-04-08,8,7,1,17.3,True,1890.02,850.47
1760,2024-04-08,8,28,1,2.7,True,294.98,132.73
1761,2024-04-08,8,30,1,13.0,False,0.0,639.08
1762,2024-04-15,8,9,2,20.3,True,2217.78,997.95
1763,2024-04-15,8,30,2,15.7,False,0.0,771.81
1764,2024-04-22,8,7,2,16.5,True,1802.62,811.14
1765,2024-04-22,8,30,2,22.7,False,0.0,1115.93
1766,2024-04-29,8,9,2,19.7,True,2152.22,968.45
1767,2024-04-29,8,30,2,17.2,False,0.0,845.55
1768,2024-05-06,8,7,1,26.1,True,2851.42,1283.08
1769,2024-05-06,8,28,1,1.6,True,174.8,78.66
1770,2024-05-06,8,30,1,10.2,False,0.0,501.43
1771,2024-05-13,8,13,2,17.8,True,1944.65,875.05
1772,2024-05-13,8,30,2,19.8,False,0.0,973.37
1773,2024-05-20,8,13,3,5.4,True,589.95,265.46
1774,2024-05-20,8,7,3,18.4,True,2010.2,904.54
1775,2024-05-20,8,30,3,14.7,False,0.0,722.65
1776,2024-05-27,8,9,2,16.2,True,1769.85,796.39
1777,2024-05-27,8,30,2,19.3,False,0.0,948.79
1778,2024-06-03,8,7,2,15.2,True,1660.6,747.23
1779,2024-06-03,8,30,2,14.5,False,0.0,712.82
1780,2024-06-10,8,7,2,17.2,True,1879.1,845.55
1781,2024-06-10,8,9,2,0.8,True,87.4,39.33
1782,2024-06-10,8,30,2,15.8,False,0.0,776.73
1783,2024-06-17,8,9,3,19.6,True,2141.3,963.54
1784,2024-06-17,8,30,3,13.9,False,0.0,683.32
1785,2024-06-24,8,7,1,4.4,True,480.7,216.3
1786,2024-06-24,8,13,1,16.4,True,1791.7,806.22
1787,2024-06-24,8,30,1,10.7,False,0.0,526.01
1788,2024-07-01,8,28,2,11.8,True,1289.15,580.09
1789,2024-07-01,8,30,2,10.5,False,0.0,516.18
1790,2024-07-08,8,7,1,9.5,True,1037.88,467.02
1791,2024-07-08,8,30,1,8.2,False,0.0,403.11
1792,2024-07-15,8,28,2,2.4,True,262.2,117.98
1793,2024-07-15,8,13,2,9.2,True,1005.1,452.27
1794,2024-07-15,8,30,2,8.5,False,0.0,417.86
1795,2024-07-22,8,28,2,11.4,True,1245.45,560.42
1796,2024-07-22,8,30,2,9.2,False,0.0,452.27
1797,2024-07-29,8,9,1,5.0,True,546.25,245.8
1798,2024-07-29,8,7,1,6.3,True,688.28,309.71
1799,2024-07-29,8,30,1,8.8,False,0.0,432.61
1800,2024-08-05,8,28,2,19.3,True,2108.52,948.79
1801,2024-08-05,8,30,2,16.0,False,0.0,786.56
1802,2024-08-12,8,13,1,10.4,True,1136.2,511.26
1803,2024-08-12,8,7,1,8.4,True,917.7,412.94
1804,2024-08-12,8,30,1,15.1,False,0.0,742.32
1805,2024-08-19,8,28,2,16.3,True,1780.78,801.31
1806,2024-08-19,8,30,2,14.6,False,0.0,717.74
1807,2024-08-26,8,7,1,21.0,True,2294.25,1032.36
1808,2024-08-26,8,30,1,9.1,False,0.0,447.36
1809,2024-09-02,8,13,2,19.3,True,2108.52,948.79
1810,2024-09-02,8,30,2,12.8,False,0.0,629.25
1811,2024-09-09,8,28,2,14.0,True,1529.5,688.24
1812,2024-09-09,8,13,2,9.3,True,1016.03,457.19
1813,2024-09-09,8,30,2,13.5,False,0.0,663.66
1814,2024-09-16,8,28,2,22.6,True,2469.05,1111.02
1815,2024-09-16,8,30,2,15.3,False,0.0,752.15
1816,2024-09-23,8,9,3,22.9,True,2501.82,1125.76
1817,2024-09-23,8,30,3,11.4,False,0.0,560.42
1818,2024-09-30,8,13,1,21.7,True,2370.72,1066.77
1819,2024-09-30,8,30,1,12.2,False,0.0,599.75
1820,2024-10-07,8,13,2,21.6,True,2359.8,1061.86
1821,2024-10-07,8,30,2,16.0,False,0.0,786.56
1822,2024-10-14,8,28,1,5.2,True,568.1,255.63
1823,2024-10-14,8,9,1,18.3,True,1999.28,899.63
1824,2024-10-14,8,30,1,12.5,False,0.0,614.5
1825,2024-10-21,8,7,1,21.9,True,2392.57,1076.6
1826,2024-10-21,8,30,1,13.6,False,0.0,668.58
1827,2024-10-28,8,9,2,19.4,True,2119.45,953.7
1828,2024-10-28,8,30,2,16.5,False,0.0,811.14
1829,2024-11-04,8,7,2,21.5,True,2348.88,1056.94
1830,2024-11-04,8,30,2,14.7,False,0.0,722.65
1831,2024-11-11,8,7,1,21.6,True,2359.8,1061.86
1832,2024-11-11,8,30,1,12.7,False,0.0,624.33
1833,2024-11-18,8,13,2,7.3,True,797.52,358.87
1834,2024-11-18,8,7,2,13.5,True,1474.88,663.66
1835,2024-11-18,8,30,2,15.4,False,0.0,757.06
1836,2024-11-25,8,9,1,24.2,True,2643.85,1189.67
1837,2024-11-25,8,30,1,13.8,False,0.0,678.41
1838,2024-12-02,8,7,2,14.4,True,1573.2,707.9
1839,2024-12-02,8,30,2,14.5,False,0.0,712.82
1840,2024-12-09,8,9,1,15.2,True,1660.6,747.23
1841,2024-12-09,8,30,1,12.3,False,0.0,604.67
1842,2024-12-16,8,13,2,8.4,True,917.7,412.94
1843,2024-12-16,8,7,2,5.4,True,589.95,265.46
1844,2024-12-16,8,30,2,14.5,False,0.0,712.82
1845,2024-12-23,8,28,3,19.8,True,2163.15,973.37
1846,2024-12-23,8,30,3,10.0,False,0.0,491.6
1847,2024-12-30,8,9,1,17.2,True,1879.1,845.55
1848,2024-12-30,8,30,1,9.6,False,0.0,471.94
1849,2025-01-06,8,28,1,22.6,True,2469.05,1111.02
1850,2025-01-06,8,30,1,11.6,False,0.0,570.26
1851,2025-01-13,8,9,2,16.5,True,1802.62,811.14
1852,2025-01-13,8,30,2,20.1,False,0.0,988.12
1853,2025-01-20,8,28,1,16.8,True,1835.4,825.89
1854,2025-01-20,8,30,1,16.4,False,0.0,806.22
1855,2025-01-27,8,28,1,24.4,True,2665.7,1199.5
1856,2025-01-27,8,30,1,11.8,False,0.0,580.09
1857,2025-02-03,8,28,2,18.0,True,1966.5,884.88
1858,2025-02-03,8,30,2,15.8,False,0.0,776.73
1859,2025-02-10,8,28,2,20.0,True,2185.0,983.2
1860,2025-02-10,8,30,2,17.5,False,0.0,860.3
1861,2025-02-17,8,28,2,15.8,True,1726.15,776.73
1862,2025-02-17,8,30,2,16.5,False,0.0,811.14
1863,2025-02-24,8,13,2,4.9,True,535.33,240.88
1864,2025-02-24,8,7,2,18.5,True,2021.12,909.46
1865,2025-02-24,8,30,2,17.0,False,0.0,835.72
1866,2025-03-03,8,9,1,9.4,True,1026.95,462.1
1867,2025-03-03,8,28,1,5.3,True,579.02,260.55
1868,2025-03-03,8,30,1,20.4,False,0.0,1002.86
1869,2025-03-10,8,13,1,18.3,True,1999.28,899.63
1870,2025-03-10,8,30,1,18.1,False,0.0,889.8
1871,2025-03-17,8,28,2,23.4,True,2556.45,1150.34
1872,2025-03-17,8,30,2,14.2,False,0.0,698.07
1873,2025-03-24,8,9,2,19.3,True,2108.52,948.79
1874,2025-03-24,8,30,2,17.1,False,0.0,840.64
1875,2025-03-31,8,9,2,10.4,True,1136.2,511.26
1876,2025-03-31,8,13,2,5.4,True,589.95,265.46
1877,2025-03-31,8,30,2,21.9,False,0.0,1076.6
1878,2025-04-07,8,9,1,3.5,True,382.38,172.06
1879,2025-04-07,8,13,1,19.7,True,2152.22,968.45
1880,2025-04-07,8,30,1,14.8,False,0.0,727.57
1881,2025-04-14,8,28,2,2.3,True,251.27,113.07
1882,2025-04-14,8,9,2,14.6,True,1595.05,717.74
1883,2025-04-14,8,30,2,19.0,False,0.0,934.04
1884,2025-04-21,8,7,1,19.9,True,2174.07,978.28
1885,2025-04-21,8,30,1,13.7,False,0.0,673.49
1886,2025-04-28,8,28,1,14.1,True,1540.42,693.16
1887,2025-04-28,8,30,1,17.4,False,0.0,855.38
1888,2025-05-05,8,28,2,13.5,True,1474.88,663.66
1889,2025-05-05,8,9,2,4.2,True,458.85,206.47
1890,2025-05-05,8,30,2,19.7,False,0.0,968.45
1891,2025-05-12,8,13,1,19.1,True,2086.68,938.96
1892,2025-05-12,8,30,1,17.9,False,0.0,879.96
1893,2025-05-19,8,9,1,22.0,True,2403.5,1081.52
1894,2025-05-19,8,13,1,1.8,True,196.65,88.49
1895,2025-05-19,8,30,1,17.4,False,0.0,855.38
1896,2025-05-26,8,9,2,15.2,True,1660.6,747.23
1897,2025-05-26,8,30,2,21.6,False,0.0,1061.86
1898,2025-06-02,8,13,2,9.8,True,1070.65,481.77
1899,2025-06-02,8,7,2,2.7,True,294.98,132.73
1900,2025-06-02,8,30,2,15.3,False,0.0,752.15
1901,2025-06-09,8,9,2,18.0,True,1966.5,884.88
1902,2025-06-09,8,30,2,14.7,False,0.0,722.65
1903,2025-06-16,8,7,2,9.4,True,1026.95,462.1
1904,2025-06-16,8,28,2,8.1,True,884.92,398.2
1905,2025-06-16,8,30,2,14.5,False,0.0,712.82
1906,2025-06-23,8,7,2,18.9,True,2064.82,929.12
1907,2025-06-23,8,30,2,15.6,False,0.0,766.9
1908,2025-06-30,8,9,1,6.1,True,666.42,299.88
1909,2025-06-30,8,28,1,8.6,True,939.55,422.78
1910,2025-06-30,8,30,1,15.6,False,0.0,766.9
1911,2025-07-07,8,13,1,6.1,True,666.42,299.88
1912,2025-07-07,8,28,1,4.2,True,458.85,206.47
1913,2025-07-07,8,30,1,10.4,False,0.0,511.26
1914,2025-07-14,8,7,2,3.1,True,338.68,152.4
1915,2025-07-14,8,28,2,5.6,True,611.8,275.3
1916,2025-07-14,8,30,2,10.6,False,0.0,521.1
1917,2025-07-21,8,28,2,10.8,True,1179.9,530.93
1918,2025-07-21,8,30,2,9.7,False,0.0,476.85
1919,2025-07-28,8,9,1,7.6,True,830.3,373.62
1920,2025-07-28,8,28,1,1.0,True,109.25,49.16
1921,2025-07-28,8,30,1,10.4,False,0.0,511.26
1922,2025-08-04,8,9,1,13.7,True,1496.72,673.49
1923,2025-08-04,8,30,1,15.8,False,0.0,776.73
1924,2025-08-11,8,9,2,17.7,True,1933.72,870.13
1925,2025-08-11,8,30,2,17.9,False,0.0,879.96
1926,2025-08-18,8,28,2,14.0,True,1529.5,688.24
1927,2025-08-18,8,30,2,16.1,False,0.0,791.48
1928,2025-08-25,8,28,1,20.0,True,2185.0,983.2
1929,2025-08-25,8,30,1,15.2,False,0.0,747.23
1930,2025-09-01,8,13,3,24.2,True,2643.85,1189.67
1931,2025-09-01,8,30,3,14.7,False,0.0,722.65
1932,2025-09-08,8,7,2,14.1,True,1540.42,693.16
1933,2025-09-08,8,30,2,17.1,False,0.0,840.64
1934,2025-09-15,8,13,1,6.9,True,753.82,339.2
1935,2025-09-15,8,9,1,11.7,True,1278.22,575.17
1936,2025-09-15,8,30,1,20.6,False,0.0,1012.7
1937,2025-09-22,8,9,1,9.9,True,1081.58,486.68
1938,2025-09-22,8,13,1,6.6,True,721.05,324.46
1939,2025-09-22,8,30,1,17.0,False,0.0,835.72
1940,2025-09-29,8,7,1,12.1,True,1321.92,594.84
1941,2025-09-29,8,28,1,4.6,True,502.55,226.14
1942,2025-09-29,8,30,1,18.6,False,0.0,914.38
1943,2025-10-06,8,13,2,19.1,True,2086.68,938.96
1944,2025-10-06,8,30,2,18.0,False,0.0,884.88
1945,2025-10-13,8,28,2,5.1,True,557.17,250.72
1946,2025-10-13,8,13,2,10.9,True,1190.82,535.84
1947,2025-10-13,8,30,2,21.9,False,0.0,1076.6
1948,2025-10-20,8,28,2,3.4,True,371.45,167.14
1949,2025-10-20,8,9,2,11.8,True,1289.15,580.09
1950,2025-10-20,8,30,2,21.5,False,0.0,1056.94
1951,2025-10-27,8,28,3,18.9,True,2064.82,929.12
1952,2025-10-27,8,30,3,22.0,False,0.0,1081.52
1953,2025-11-03,8,9,1,19.4,True,2119.45,953.7
1954,2025-11-03,8,30,1,15.8,False,0.0,776.73
1955,2025-11-10,8,7,1,13.2,True,1442.1,648.91
1956,2025-11-10,8,9,1,1.9,True,207.58,93.4
1957,2025-11-10,8,30,1,23.0,False,0.0,1130.68
1958,2025-11-17,8,13,1,15.8,True,1726.15,776.73
1959,2025-11-17,8,30,1,19.4,False,0.0,953.7
1960,2025-11-24,8,7,1,18.1,True,1977.43,889.8
1961,2025-11-24,8,30,1,14.9,False,0.0,732.48
1962,2025-12-01,8,28,1,14.5,True,1584.12,712.82
1963,2025-12-01,8,30,1,15.0,False,0.0,737.4
1964,2025-12-08,8,13,2,1.3,True,142.02,63.91
1965,2025-12-08,8,7,2,13.4,True,1463.95,658.74
1966,2025-12-08,8,30,2,14.1,False,0.0,693.16
1967,2025-12-15,8,7,1,15.7,True,1715.22,771.81
1968,2025-12-15,8,30,1,15.3,False,0.0,752.15
1969,2025-12-22,8,9,2,12.3,True,1343.78,604.67
1970,2025-12-22,8,30,2,18.7,False,0.0,919.29
1971,2025-12-29,8,7,2,14.3,True,1562.28,702.99
1972,2025-12-29,8,30,2,17.3,False,0.0,850.47
1973,2024-01-01,9,9,2,20.9,True,3124.55,1406.15
1974,2024-01-01,9,30,2,15.7,False,0.0,1056.3
1975,2024-01-08,9,28,2,19.1,True,2855.45,1285.05
1976,2024-01-08,9,30,2,15.9,False,0.0,1069.75
1977,2024-01-15,9,28,3,16.5,True,2466.75,1110.12
1978,2024-01-15,9,30,3,16.1,False,0.0,1083.21
1979,2024-01-22,9,28,1,16.5,True,2466.75,1110.12
1980,2024-01-22,9,7,1,3.2,True,478.4,215.3
1981,2024-01-22,9,30,1,13.4,False,0.0,901.55
1982,2024-01-29,9,13,1,20.8,True,3109.6,1399.42
1983,2024-01-29,9,30,1,15.1,False,0.0,1015.93
1984,2024-02-05,9,9,2,14.1,True,2107.95,948.65
1985,2024-02-05,9,7,2,10.0,True,1495.0,672.8
1986,2024-02-05,9,30,2,17.2,False,0.0,1157.22
1987,2024-02-12,9,9,1,19.4,True,2900.3,1305.23
1988,2024-02-12,9,30,1,17.4,False,0.0,1170.67
1989,2024-02-19,9,9,1,10.0,True,1495.0,672.8
1990,2024-02-19,9,28,1,9.1,True,1360.45,612.25
1991,2024-02-19,9,30,1,13.9,False,0.0,935.19
1992,2024-02-26,9,9,2,3.8,True,568.1,255.66
1993,2024-02-26,9,13,2,16.6,True,2481.7,1116.85
1994,2024-02-26,9,30,2,15.8,False,0.0,1063.02
1995,2024-03-04,9,7,2,6.1,True,911.95,410.41
1996,2024-03-04,9,9,2,14.6,True,2182.7,982.29
1997,2024-03-04,9,30,2,16.1,False,0.0,1083.21
1998,2024-03-11,9,13,2,9.8,True,1465.1,659.34
1999,2024-03-11,9,28,2,8.0,True,1196.0,538.24
2000,2024-03-11,9,30,2,18.7,False,0.0,1258.14
2001,2024-03-18,9,13,1,5.6,True,837.2,376.77
2002,2024-03-18,9,28,1,14.1,True,2107.95,948.65
2003,2024-03-18,9,30,1,17.4,False,0.0,1170.67
2004,2024-03-25,9,13,1,6.0,True,897.0,403.68
2005,2024-03-25,9,28,1,13.8,True,2063.1,928.46
2006,2024-03-25,9,30,1,14.7,False,0.0,989.02
2007,2024-04-01,9,13,1,12.2,True,1823.9,820.82
2008,2024-04-01,9,9,1,6.4,True,956.8,430.59
2009,2024-04-01,9,30,1,17.4,False,0.0,1170.67
2010,2024-04-08,9,13,2,14.1,True,2107.95,948.65
2011,2024-04-08,9,28,2,1.2,True,179.4,80.74
2012,2024-04-08,9,30,2,19.4,False,0.0,1305.23
2013,2024-04-15,9,28,2,15.8,True,2362.1,1063.02
2014,2024-04-15,9,30,2,18.9,False,0.0,1271.59
2015,2024-04-22,9,9,2,19.3,True,2885.35,1298.5
2016,2024-04-22,9,30,2,17.6,False,0.0,1184.13
2017,2024-04-29,9,28,1,8.0,True,1196.0,538.24
2018,2024-04-29,9,7,1,8.4,True,1255.8,565.15
2019,2024-04-29,9,30,1,16.0,False,0.0,1076.48
2020,2024-05-06,9,9,1,20.2,True,3019.9,1359.06
2021,2024-05-06,9,30,1,17.8,False,0.0,1197.58
2022,2024-05-13,9,7,2,20.2,True,3019.9,1359.06
2023,2024-05-13,9,30,2,17.3,False,0.0,1163.94
2024,2024-05-20,9,13,2,6.4,True,956.8,430.59
2025,2024-05-20,9,9,2,12.2,True,1823.9,820.82
2026,2024-05-20,9,30,2,17.3,False,0.0,1163.94
2027,2024-05-27,9,7,1,6.9,True,1031.55,464.23
2028,2024-05-27,9,28,1,12.0,True,1794.0,807.36
2029,2024-05-27,9,30,1,17.4,False,0.0,1170.67
2030,2024-06-03,9,28,1,14.6,True,2182.7,982.29
2031,2024-06-03,9,30,1,17.4,False,0.0,1170.67
2032,2024-06-10,9,7,1,15.5,True,2317.25,1042.84
2033,2024-06-10,9,30,1,16.2,False,0.0,1089.94
2034,2024-06-17,9,7,2,15.8,True,2362.1,1063.02
2035,2024-06-17,9,30,2,15.4,False,0.0,1036.11
2036,2024-06-24,9,9,2,5.8,True,867.1,390.22
2037,2024-06-24,9,13,2,9.4,True,1405.3,632.43
2038,2024-06-24,9,30,2,15.4,False,0.0,1036.11
2039,2024-07-01,9,9,1,11.3,True,1689.35,760.26
2040,2024-07-01,9,30,1,9.1,False,0.0,612.25
2041,2024-07-08,9,28,3,0.7,True,104.65,47.1
2042,2024-07-08,9,9,3,10.4,True,1554.8,699.71
2043,2024-07-08,9,30,3,10.1,False,0.0,679.53
2044,2024-07-15,9,28,2,10.8,True,1614.6,726.62
2045,2024-07-15,9,30,2,10.6,False,0.0,713.17
2046,2024-07-22,9,9,2,7.2,True,1076.4,484.42
2047,2024-07-22,9,13,2,3.1,True,463.45,208.57
2048,2024-07-22,9,30,2,10.4,False,0.0,699.71
2049,2024-07-29,9,7,2,11.6,True,1734.2,780.45
2050,2024-07-29,9,30,2,9.5,False,0.0,639.16
2051,2024-08-05,9,9,2,16.9,True,2526.55,1137.03
2052,2024-08-05,9,30,2,14.8,False,0.0,995.74
2053,2024-08-12,9,28,2,16.5,True,2466.75,1110.12
2054,2024-08-12,9,30,2,14.8,False,0.0,995.74
2055,2024-08-19,9,28,2,17.4,True,2601.3,1170.67
2056,2024-08-19,9,30,2,16.5,False,0.0,1110.12
2057,2024-08-26,9,9,2,1.2,True,179.4,80.74
2058,2024-08-26,9,13,2,17.4,True,2601.3,1170.67
2059,2024-08-26,9,30,2,15.4,False,0.0,1036.11
2060,2024-09-02,9,7,1,20.8,True,3109.6,1399.42
2061,2024-09-02,9,30,1,15.7,False,0.0,1056.3
2062,2024-09-09,9,28,2,2.4,True,358.8,161.47
2063,2024-09-09,9,7,2,17.2,True,2571.4,1157.22
2064,2024-09-09,9,30,2,18.9,False,0.0,1271.59
2065,2024-09-16,9,7,2,20.1,True,3004.95,1352.33
2066,2024-09-16,9,30,2,15.2,False,0.0,1022.66
2067,2024-09-23,9,28,1,23.7,True,3543.15,1594.54
2068,2024-09-23,9,30,1,18.3,False,0.0,1231.22
2069,2024-09-30,9,9,1,17.8,True,2661.1,1197.58
2070,2024-09-30,9,30,1,22.1,False,0.0,1486.89
2071,2024-10-07,9,9,2,16.9,True,2526.55,1137.03
2072,2024-10-07,9,30,2,16.9,False,0.0,1137.03
2073,2024-10-14,9,28,3,24.9,True,3722.55,1675.27
2074,2024-10-14,9,30,3,14.5,False,0.0,975.56
2075,2024-10-21,9,7,2,16.4,True,2451.8,1103.39
2076,2024-10-21,9,13,2,1.7,True,254.15,114.38
2077,2024-10-21,9,30,2,17.8,False,0.0,1197.58
2078,2024-10-28,9,9,1,18.3,True,2735.85,1231.22
2079,2024-10-28,9,30,1,19.2,False,0.0,1291.78
2080,2024-11-04,9,28,1,4.9,True,732.55,329.67
2081,2024-11-04,9,9,1,13.6,True,2033.2,915.01
2082,2024-11-04,9,30,1,19.6,False,0.0,1318.69
2083,2024-11-11,9,13,2,19.5,True,2915.25,1311.96
2084,2024-11-11,9,30,2,16.4,False,0.0,1103.39
2085,2024-11-18,9,7,2,2.0,True,299.0,134.56
2086,2024-11-18,9,9,2,15.5,True,2317.25,1042.84
2087,2024-11-18,9,30,2,14.3,False,0.0,962.1
2088,2024-11-25,9,28,1,18.1,True,2705.95,1217.77
2089,2024-11-25,9,30,1,17.9,False,0.0,1204.31
2090,2024-12-02,9,9,2,4.5,True,672.75,302.76
2091,2024-12-02,9,7,2,10.3,True,1539.85,692.98
2092,2024-12-02,9,30,2,12.5,False,0.0,841.0
2093,2024-12-09,9,7,2,13.7,True,2048.15,921.74
2094,2024-12-09,9,30,2,14.6,False,0.0,982.29
2095,2024-12-16,9,9,1,11.0,True,1644.5,740.08
2096,2024-12-16,9,13,1,1.6,True,239.2,107.65
2097,2024-12-16,9,30,1,14.2,False,0.0,955.38
2098,2024-12-23,9,13,2,3.2,True,478.4,215.3
2099,2024-12-23,9,9,2,13.4,True,2003.3,901.55
2100,2024-12-23,9,30,2,12.1,False,0.0,814.09
2101,2024-12-30,9,9,1,9.3,True,1390.35,625.7
2102,2024-12-30,9,13,1,5.8,True,867.1,390.22
2103,2024-12-30,9,30,1,14.9,False,0.0,1002.47
2104,2025-01-06,9,28,1,14.9,True,2227.55,1002.47
2105,2025-01-06,9,30,1,18.1,False,0.0,1217.77
2106,2025-01-13,9,9,2,18.5,True,2765.75,1244.68
2107,2025-01-13,9,30,2,18.5,False,0.0,1244.68
2108,2025-01-20,9,13,1,2.3,True,343.85,154.74
2109,2025-01-20,9,9,1,16.0,True,2392.0,1076.48
2110,2025-01-20,9,30,1,20.5,False,0.0,1379.24
2111,2025-01-27,9,28,2,13.5,True,2018.25,908.28
2112,2025-01-27,9,30,2,22.2,False,0.0,1493.62
2113,2025-02-03,9,13,1,18.5,True,2765.75,1244.68
2114,2025-02-03,9,30,1,14.5,False,0.0,975.56
2115,2025-02-10,9,13,1,15.7,True,2347.15,1056.3
2116,2025-02-10,9,30,1,18.9,False,0.0,1271.59
2117,2025-02-17,9,13,2,20.9,True,3124.55,1406.15
2118,2025-02-17,9,30,2,17.9,False,0.0,1204.31
2119,2025-02-24,9,7,2,20.3,True,3034.85,1365.78
2120,2025-02-24,9,30,2,17.5,False,0.0,1177.4
2121,2025-03-03,9,9,2,18.4,True,2750.8,1237.95
2122,2025-03-03,9,30,2,17.1,False,0.0,1150.49
2123,2025-03-10,9,7,2,4.2,True,627.9,282.58
2124,2025-03-10,9,28,2,15.6,True,2332.2,1049.57
2125,2025-03-10,9,30,2,17.1,False,0.0,1150.49
2126,2025-03-17,9,9,3,24.2,True,3617.9,1628.18
2127,2025-03-17,9,30,3,12.4,False,0.0,834.27
2128,2025-03-24,9,28,2,17.5,True,2616.25,1177.4
2129,2025-03-24,9,30,2,20.4,False,0.0,1372.51
2130,2025-03-31,9,13,2,15.8,True,2362.1,1063.02
2131,2025-03-31,9,30,2,23.4,False,0.0,1574.35
2132,2025-04-07,9,7,1,3.6,True,538.2,242.21
2133,2025-04-07,9,13,1,16.5,True,2466.75,1110.12
2134,2025-04-07,9,30,1,16.0,False,0.0,1076.48
2135,2025-04-14,9,13,2,17.2,True,2571.4,1157.22
2136,2025-04-14,9,7,2,3.1,True,463.45,208.57
2137,2025-04-14,9,30,2,14.1,False,0.0,948.65
2138,2025-04-21,9,13,2,4.0,True,598.0,269.12
2139,2025-04-21,9,7,2,10.7,True,1599.65,719.9
2140,2025-04-21,9,30,2,19.6,False,0.0,1318.69
2141,2025-04-28,9,7,3,14.8,True,2212.6,995.74
2142,2025-04-28,9,28,3,4.7,True,702.65,316.22
2143,2025-04-28,9,30,3,14.9,False,0.0,1002.47
2144,2025-05-05,9,28,2,16.8,True,2511.6,1130.3
2145,2025-05-05,9,30,2,20.2,False,0.0,1359.06
2146,2025-05-12,9,9,3,6.1,True,911.95,410.41
2147,2025-05-12,9,7,3,13.1,True,1958.45,881.37
2148,2025-05-12,9,30,3,17.7,False,0.0,1190.86
2149,2025-05-19,9,7,2,17.8,True,2661.1,1197.58
2150,2025-05-19,9,30,2,18.3,False,0.0,1231.22
2151,2025-05-26,9,7,2,6.9,True,1031.55,464.23
2152,2025-05-26,9,9,2,9.5,True,1420.25,639.16
2153,2025-05-26,9,30,2,17.3,False,0.0,1163.94
2154,2025-06-02,9,28,1,18.1,True,2705.95,1217.77
2155,2025-06-02,9,30,1,15.0,False,0.0,1009.2
2156,2025-06-09,9,7,2,17.6,True,2631.2,1184.13
2157,2025-06-09,9,30,2,16.1,False,0.0,1083.21
2158,2025-06-16,9,28,2,16.0,True,2392.0,1076.48
2159,2025-06-16,9,30,2,14.9,False,0.0,1002.47
2160,2025-06-23,9,9,2,5.4,True,807.3,363.31
2161,2025-06-23,9,7,2,9.8,True,1465.1,659.34
2162,2025-06-23,9,30,2,14.3,False,0.0,962.1
2163,2025-06-30,9,13,2,15.0,True,2242.5,1009.2
2164,2025-06-30,9,30,2,15.7,False,0.0,1056.3
2165,2025-07-07,9,13,1,10.2,True,1524.9,686.26
2166,2025-07-07,9,30,1,8.3,False,0.0,558.42
2167,2025-07-14,9,9,1,6.5,True,971.75,437.32
2168,2025-07-14,9,30,1,12.6,False,0.0,847.73
2169,2025-07-21,9,28,2,4.8,True,717.6,322.94
2170,2025-07-21,9,13,2,4.0,True,598.0,269.12
2171,2025-07-21,9,30,2,11.3,False,0.0,760.26
2172,2025-07-28,9,13,1,8.9,True,1330.55,598.79
2173,2025-07-28,9,30,1,11.5,False,0.0,773.72
2174,2025-08-04,9,13,2,17.2,True,2571.4,1157.22
2175,2025-08-04,9,30,2,17.1,False,0.0,1150.49
2176,2025-08-11,9,13,1,3.2,True,478.4,215.3
2177,2025-08-11,9,9,1,13.0,True,1943.5,874.64
2178,2025-08-11,9,30,1,18.9,False,0.0,1271.59
2179,2025-08-18,9,28,1,10.7,True,1599.65,719.9
2180,2025-08-18,9,30,1,19.3,False,0.0,1298.5
2181,2025-08-25,9,28,1,11.1,True,1659.45,746.81
2182,2025-08-25,9,30,1,20.1,False,0.0,1352.33
2183,2025-09-01,9,9,1,2.9,True,433.55,195.11
2184,2025-09-01,9,28,1,15.8,True,2362.1,1063.02
2185,2025-09-01,9,30,1,20.7,False,0.0,1392.7
2186,2025-09-08,9,13,2,6.3,True,941.85,423.86
2187,2025-09-08,9,28,2,11.4,True,1704.3,766.99
2188,2025-09-08,9,30,2,20.4,False,0.0,1372.51
2189,2025-09-15,9,9,1,16.6,True,2481.7,1116.85
2190,2025-09-15,9,30,1,19.3,False,0.0,1298.5
2191,2025-09-22,9,9,2,18.8,True,2810.6,1264.86
2192,2025-09-22,9,30,2,19.2,False,0.0,1291.78
2193,2025-09-29,9,13,3,16.5,True,2466.75,1110.12
2194,2025-09-29,9,30,3,19.5,False,0.0,1311.96
2195,2025-10-06,9,13,2,15.8,True,2362.1,1063.02
2196,2025-10-06,9,30,2,22.1,False,0.0,1486.89
2197,2025-10-13,9,9,1,3.5,True,523.25,235.48
2198,2025-10-13,9,7,1,14.2,True,2122.9,955.38
2199,2025-10-13,9,30,1,19.2,False,0.0,1291.78
2200,2025-10-20,9,28,2,7.8,True,1166.1,524.78
2201,2025-10-20,9,9,2,7.7,True,1151.15,518.06
2202,2025-10-20,9,30,2,20.3,False,0.0,1365.78
2203,2025-10-27,9,7,1,15.1,True,2257.45,1015.93
2204,2025-10-27,9,30,1,22.6,False,0.0,1520.53
2205,2025-11-03,9,9,1,16.5,True,2466.75,1110.12
2206,2025-11-03,9,30,1,19.3,False,0.0,1298.5
2207,2025-11-10,9,7,2,14.9,True,2227.55,1002.47
2208,2025-11-10,9,30,2,23.8,False,0.0,1601.26
2209,2025-11-17,9,9,1,8.3,True,1240.85,558.42
2210,2025-11-17,9,13,1,8.8,True,1315.6,592.06
2211,2025-11-17,9,30,1,17.4,False,0.0,1170.67
2212,2025-11-24,9,28,2,15.2,True,2272.4,1022.66
2213,2025-11-24,9,30,2,22.7,False,0.0,1527.26
2214,2025-12-01,9,7,2,10.4,True,1554.8,699.71
2215,2025-12-01,9,9,2,2.3,True,343.85,154.74
2216,2025-12-01,9,30,2,18.2,False,0.0,1224.5
2217,2025-12-08,9,13,1,13.3,True,1988.35,894.82
2218,2025-12-08,9,30,1,16.4,False,0.0,1103.39
2219,2025-12-15,9,13,2,13.0,True,1943.5,874.64
2220,2025-12-15,9,30,2,15.7,False,0.0,1056.3
2221,2025-12-22,9,13,1,15.0,True,2242.5,1009.2
2222,2025-12-22,9,30,1,17.3,False,0.0,1163.94
2223,2025-12-29,9,13,1,2.9,True,433.55,195.11
2224,2025-12-29,9,7,1,9.4,True,1405.3,632.43
2225,2025-12-29,9,30,1,15.4,False,0.0,1036.11
2226,2024-01-01,10,6,2,17.9,True,3445.75,1550.5
2227,2024-01-01,10,4,2,17.5,False,0.0,1515.85
2228,2024-01-08,10,26,2,14.5,True,2791.25,1255.99
2229,2024-01-08,10,4,2,19.5,False,0.0,1689.09
2230,2024-01-15,10,26,2,9.1,True,1751.75,788.24
2231,2024-01-15,10,3,2,10.6,True,2040.5,918.17
2232,2024-01-15,10,4,2,17.9,False,0.0,1550.5
2233,2024-01-22,10,26,2,14.8,True,2849.0,1281.98
2234,2024-01-22,10,4,2,19.1,False,0.0,1654.44
2235,2024-01-29,10,3,2,16.3,True,3137.75,1411.91
2236,2024-01-29,10,4,2,15.1,False,0.0,1307.96
2237,2024-02-05,10,1,1,9.5,True,1828.75,822.89
2238,2024-02-05,10,18,1,7.5,True,1443.75,649.65
2239,2024-02-05,10,4,1,16.0,False,0.0,1385.92
2240,2024-02-12,10,26,1,21.5,True,4138.75,1862.33
2241,2024-02-12,10,4,1,15.0,False,0.0,1299.3
2242,2024-02-19,10,20,1,21.5,True,4138.75,1862.33
2243,2024-02-19,10,4,1,16.0,False,0.0,1385.92
2244,2024-02-26,10,18,2,19.1,True,3676.75,1654.44
2245,2024-02-26,10,4,2,20.1,False,0.0,1741.06
2246,2024-03-04,10,2,1,21.0,True,4042.5,1819.02
2247,2024-03-04,10,4,1,16.1,False,0.0,1394.58
2248,2024-03-11,10,2,1,18.6,True,3580.5,1611.13
2249,2024-03-11,10,4,1,15.8,False,0.0,1368.6
2250,2024-03-18,10,26,2,17.6,True,3388.0,1524.51
2251,2024-03-18,10,4,2,20.6,False,0.0,1784.37
2252,2024-03-25,10,6,2,7.4,True,1424.5,640.99
2253,2024-03-25,10,26,2,9.2,True,1771.0,796.9
2254,2024-03-25,10,4,2,20.3,False,0.0,1758.39
2255,2024-04-01,10,2,1,6.7,True,1289.75,580.35
2256,2024-04-01,10,18,1,10.1,True,1944.25,874.86
2257,2024-04-01,10,4,1,13.5,False,0.0,1169.37
2258,2024-04-08,10,3,2,18.3,True,3522.75,1585.15
2259,2024-04-08,10,4,2,16.5,False,0.0,1429.23
2260,2024-04-15,10,18,2,11.4,True,2194.5,987.47
2261,2024-04-15,10,1,2,7.8,True,1501.5,675.64
2262,2024-04-15,10,4,2,17.6,False,0.0,1524.51
2263,2024-04-22,10,2,2,2.2,True,423.5,190.56
2264,2024-04-22,10,6,2,17.9,True,3445.75,1550.5
2265,2024-04-22,10,4,2,16.9,False,0.0,1463.88
2266,2024-04-29,10,26,1,17.3,True,3330.25,1498.53
2267,2024-04-29,10,4,1,16.7,False,0.0,1446.55
2268,2024-05-06,10,3,2,13.6,True,2618.0,1178.03
2269,2024-05-06,10,6,2,6.9,True,1328.25,597.68
2270,2024-05-06,10,4,2,15.5,False,0.0,1342.61
2271,2024-05-13,10,6,2,22.4,True,4312.0,1940.29
2272,2024-05-13,10,4,2,14.1,False,0.0,1221.34
2273,2024-05-20,10,26,1,19.2,True,3696.0,1663.1
2274,2024-05-20,10,4,1,20.4,False,0.0,1767.05
2275,2024-05-27,10,3,2,13.0,True,2502.5,1126.06
2276,2024-05-27,10,6,2,5.8,True,1116.5,502.4
2277,2024-05-27,10,4,2,16.0,False,0.0,1385.92
2278,2024-06-03,10,18,2,19.4,True,3734.5,1680.43
2279,2024-06-03,10,4,2,16.9,False,0.0,1463.88
2280,2024-06-10,10,6,2,16.5,True,3176.25,1429.23
2281,2024-06-10,10,4,2,12.7,False,0.0,1100.07
2282,2024-06-17,10,27,1,16.6,True,3195.5,1437.89
2283,2024-06-17,10,4,1,15.5,False,0.0,1342.61
2284,2024-06-24,10,18,2,17.9,True,3445.75,1550.5
2285,2024-06-24,10,4,2,14.3,False,0.0,1238.67
2286,2024-07-01,10,20,1,4.2,True,808.5,363.8
2287,2024-07-01,10,3,1,8.2,True,1578.5,710.28
2288,2024-07-01,10,4,1,7.3,False,0.0,632.33
2289,2024-07-08,10,18,2,4.4,True,847.0,381.13
2290,2024-07-08,10,1,2,5.4,True,1039.5,467.75
2291,2024-07-08,10,4,2,9.1,False,0.0,788.24
2292,2024-07-15,10,26,2,10.6,True,2040.5,918.17
2293,2024-07-15,10,4,2,9.5,False,0.0,822.89
2294,2024-07-22,10,26,2,10.5,True,2021.25,909.51
2295,2024-07-22,10,4,2,9.7,False,0.0,840.21
2296,2024-07-29,10,20,2,10.6,True,2040.5,918.17
2297,2024-07-29,10,4,2,8.4,False,0.0,727.61
2298,2024-08-05,10,18,2,11.7,True,2252.25,1013.45
2299,2024-08-05,10,4,2,18.0,False,0.0,1559.16
2300,2024-08-12,10,2,2,18.0,True,3465.0,1559.16
2301,2024-08-12,10,4,2,14.0,False,0.0,1212.68
2302,2024-08-19,10,2,2,11.1,True,2136.75,961.48
2303,2024-08-19,10,1,2,5.9,True,1135.75,511.06
2304,2024-08-19,10,4,2,15.5,False,0.0,1342.61
2305,2024-08-26,10,3,1,10.7,True,2059.75,926.83
2306,2024-08-26,10,18,1,3.9,True,750.75,337.82
2307,2024-08-26,10,4,1,19.3,False,0.0,1671.77
2308,2024-09-02,10,3,2,1.8,True,346.5,155.92
2309,2024-09-02,10,26,2,15.5,True,2983.75,1342.61
2310,2024-09-02,10,4,2,19.2,False,0.0,1663.1
2311,2024-09-09,10,2,1,21.1,True,4061.75,1827.68
2312,2024-09-09,10,4,1,15.7,False,0.0,1359.93
2313,2024-09-16,10,20,2,22.5,True,4331.25,1948.95
2314,2024-09-16,10,4,2,16.7,False,0.0,1446.55
2315,2024-09-23,10,18,2,5.8,True,1116.5,502.4
2316,2024-09-23,10,27,2,14.5,True,2791.25,1255.99
2317,2024-09-23,10,4,2,20.7,False,0.0,1793.03
2318,2024-09-30,10,26,2,1.6,True,308.0,138.59
2319,2024-09-30,10,1,2,17.8,True,3426.5,1541.84
2320,2024-09-30,10,4,2,17.5,False,0.0,1515.85
2321,2024-10-07,10,26,2,17.9,True,3445.75,1550.5
2322,2024-10-07,10,4,2,19.8,False,0.0,1715.08
2323,2024-10-14,10,6,1,19.7,True,3792.25,1706.41
2324,2024-10-14,10,4,1,17.9,False,0.0,1550.5
2325,2024-10-21,10,1,2,18.6,True,3580.5,1611.13
2326,2024-10-21,10,4,2,18.2,False,0.0,1576.48
2327,2024-10-28,10,20,1,18.6,True,3580.5,1611.13
2328,2024-10-28,10,18,1,4.3,True,827.75,372.47
2329,2024-10-28,10,4,1,12.8,False,0.0,1108.74
2330,2024-11-04,10,3,2,22.3,True,4292.75,1931.63
2331,2024-11-04,10,4,2,16.8,False,0.0,1455.22
2332,2024-11-11,10,18,2,19.4,True,3734.5,1680.43
2333,2024-11-11,10,4,2,15.7,False,0.0,1359.93
2334,2024-11-18,10,6,2,19.5,True,3753.75,1689.09
2335,2024-11-18,10,4,2,14.9,False,0.0,1290.64
2336,2024-11-25,10,3,2,9.1,True,1751.75,788.24
2337,2024-11-25,10,26,2,8.5,True,1636.25,736.27
2338,2024-11-25,10,4,2,20.1,False,0.0,1741.06
2339,2024-12-02,10,1,2,15.7,True,3022.25,1359.93
2340,2024-12-02,10,4,2,13.8,False,0.0,1195.36
2341,2024-12-09,10,20,2,3.1,True,596.75,268.52
2342,2024-12-09,10,26,2,11.1,True,2136.75,961.48
2343,2024-12-09,10,4,2,14.0,False,0.0,1212.68
2344,2024-12-16,10,26,2,13.0,True,2502.5,1126.06
2345,2024-12-16,10,4,2,17.9,False,0.0,1550.5
2346,2024-12-23,10,6,2,15.5,True,2983.75,1342.61
2347,2024-12-23,10,4,2,15.2,False,0.0,1316.62
2348,2024-12-30,10,26,1,13.9,True,2675.75,1204.02
2349,2024-12-30,10,4,1,15.1,False,0.0,1307.96
2350,2025-01-06,10,20,2,16.9,True,3253.25,1463.88
2351,2025-01-06,10,4,2,18.9,False,0.0,1637.12
2352,2025-01-13,10,27,1,14.9,True,2868.25,1290.64
2353,2025-01-13,10,4,1,17.1,False,0.0,1481.2
2354,2025-01-20,10,20,3,27.3,True,5255.25,2364.73
2355,2025-01-20,10,4,3,11.2,False,0.0,970.14
2356,2025-01-27,10,2,1,8.3,True,1597.75,718.95
2357,2025-01-27,10,20,1,6.3,True,1212.75,545.71
2358,2025-01-27,10,4,1,18.1,False,0.0,1567.82
2359,2025-02-03,10,20,2,21.1,True,4061.75,1827.68
2360,2025-02-03,10,4,2,14.9,False,0.0,1290.64
2361,2025-02-10,10,2,2,20.3,True,3907.75,1758.39
2362,2025-02-10,10,4,2,17.0,False,0.0,1472.54
2363,2025-02-17,10,2,2,14.9,True,2868.25,1290.64
2364,2025-02-17,10,4,2,18.2,False,0.0,1576.48
2365,2025-02-24,10,18,2,18.8,True,3619.0,1628.46
2366,2025-02-24,10,4,2,15.8,False,0.0,1368.6
2367,2025-03-03,10,2,3,24.5,True,4716.25,2122.19
2368,2025-03-03,10,4,3,9.6,False,0.0,831.55
2369,2025-03-10,10,27,2,2.2,True,423.5,190.56
2370,2025-03-10,10,6,2,20.1,True,3869.25,1741.06
2371,2025-03-10,10,4,2,18.2,False,0.0,1576.48
2372,2025-03-17,10,6,2,18.0,True,3465.0,1559.16
2373,2025-03-17,10,18,2,2.5,True,481.25,216.55
2374,2025-03-17,10,4,2,17.3,False,0.0,1498.53
2375,2025-03-24,10,20,2,20.1,True,3869.25,1741.06
2376,2025-03-24,10,4,2,15.8,False,0.0,1368.6
2377,2025-03-31,10,27,1,16.1,True,3099.25,1394.58
2378,2025-03-31,10,2,1,5.4,True,1039.5,467.75
2379,2025-03-31,10,4,1,12.6,False,0.0,1091.41
2380,2025-04-07,10,6,2,19.5,True,3753.75,1689.09
2381,2025-04-07,10,4,2,18.2,False,0.0,1576.48
2382,2025-04-14,10,2,2,17.5,True,3368.75,1515.85
2383,2025-04-14,10,4,2,18.3,False,0.0,1585.15
2384,2025-04-21,10,26,2,12.2,True,2348.5,1056.76
2385,2025-04-21,10,2,2,4.4,True,847.0,381.13
2386,2025-04-21,10,4,2,17.6,False,0.0,1524.51
2387,2025-04-28,10,2,2,17.6,True,3388.0,1524.51
2388,2025-04-28,10,4,2,16.3,False,0.0,1411.91
2389,2025-05-05,10,2,2,18.3,True,3522.75,1585.15
2390,2025-05-05,10,4,2,13.7,False,0.0,1186.69
2391,2025-05-12,10,26,2,14.7,True,2829.75,1273.31
2392,2025-05-12,10,4,2,19.6,False,0.0,1697.75
2393,2025-05-19,10,3,2,21.6,True,4158.0,1870.99
2394,2025-05-19,10,4,2,12.4,False,0.0,1074.09
2395,2025-05-26,10,3,3,23.1,True,4446.75,2000.92
2396,2025-05-26,10,4,3,11.6,False,0.0,1004.79
2397,2025-06-02,10,6,2,12.1,True,2329.25,1048.1
2398,2025-06-02,10,18,2,3.9,True,750.75,337.82
2399,2025-06-02,10,4,2,14.4,False,0.0,1247.33
2400,2025-06-09,10,18,2,17.0,True,3272.5,1472.54
2401,2025-06-09,10,4,2,17.0,False,0.0,1472.54
2402,2025-06-16,10,27,1,20.3,True,3907.75,1758.39
2403,2025-06-16,10,4,1,14.4,False,0.0,1247.33
2404,2025-06-23,10,20,2,16.9,True,3253.25,1463.88
2405,2025-06-23,10,4,2,15.8,False,0.0,1368.6
2406,2025-06-30,10,26,2,17.7,True,3407.25,1533.17
2407,2025-06-30,10,4,2,17.6,False,0.0,1524.51
2408,2025-07-07,10,3,2,10.2,True,1963.5,883.52
2409,2025-07-07,10,4,2,9.4,False,0.0,814.23
2410,2025-07-14,10,26,2,11.1,True,2136.75,961.48
2411,2025-07-14,10,4,2,9.3,False,0.0,805.57
2412,2025-07-21,10,2,2,11.8,True,2271.5,1022.12
2413,2025-07-21,10,4,2,10.9,False,0.0,944.16
2414,2025-07-28,10,3,2,10.5,True,2021.25,909.51
2415,2025-07-28,10,4,2,9.5,False,0.0,822.89
2416,2025-08-04,10,18,2,19.8,True,3811.5,1715.08
2417,2025-08-04,10,4,2,15.0,False,0.0,1299.3
2418,2025-08-11,10,26,2,14.3,True,2752.75,1238.67
2419,2025-08-11,10,4,2,17.2,False,0.0,1489.86
2420,2025-08-18,10,20,1,18.0,True,3465.0,1559.16
2421,2025-08-18,10,4,1,13.1,False,0.0,1134.72
2422,2025-08-25,10,27,2,8.0,True,1540.0,692.96
2423,2025-08-25,10,3,2,9.6,True,1848.0,831.55
2424,2025-08-25,10,4,2,19.4,False,0.0,1680.43
2425,2025-09-01,10,20,2,21.1,True,4061.75,1827.68
2426,2025-09-01,10,4,2,18.0,False,0.0,1559.16
2427,2025-09-08,10,20,2,9.6,True,1848.0,831.55
2428,2025-09-08,10,27,2,11.0,True,2117.5,952.82
2429,2025-09-08,10,4,2,16.6,False,0.0,1437.89
2430,2025-09-15,10,18,1,11.6,True,2233.0,1004.79
2431,2025-09-15,10,1,1,6.4,True,1232.0,554.37
2432,2025-09-15,10,4,1,18.3,False,0.0,1585.15
2433,2025-09-22,10,6,2,20.7,True,3984.75,1793.03
2434,2025-09-22,10,4,2,16.6,False,0.0,1437.89
2435,2025-09-29,10,20,1,17.1,True,3291.75,1481.2
2436,2025-09-29,10,4,1,19.0,False,0.0,1645.78
2437,2025-10-06,10,2,2,14.6,True,2810.5,1264.65
2438,2025-10-06,10,18,2,2.2,True,423.5,190.56
2439,2025-10-06,10,4,2,20.7,False,0.0,1793.03
2440,2025-10-13,10,26,2,18.6,True,3580.5,1611.13
2441,2025-10-13,10,4,2,18.4,False,0.0,1593.81
2442,2025-10-20,10,1,2,17.6,True,3388.0,1524.51
2443,2025-10-20,10,4,2,21.0,False,0.0,1819.02
2444,2025-10-27,10,3,1,10.6,True,2040.5,918.17
2445,2025-10-27,10,18,1,11.6,True,2233.0,1004.79
2446,2025-10-27,10,4,1,16.0,False,0.0,1385.92
2447,2025-11-03,10,3,1,19.5,True,3753.75,1689.09
2448,2025-11-03,10,4,1,15.8,False,0.0,1368.6
2449,2025-11-10,10,27,2,18.1,True,3484.25,1567.82
2450,2025-11-10,10,4,2,18.7,False,0.0,1619.79
2451,2025-11-17,10,26,2,17.5,True,3368.75,1515.85
2452,2025-11-17,10,4,2,16.9,False,0.0,1463.88
2453,2025-11-24,10,20,2,18.4,True,3542.0,1593.81
2454,2025-11-24,10,4,2,20.1,False,0.0,1741.06
2455,2025-12-01,10,27,2,10.5,True,2021.25,909.51
2456,2025-12-01,10,4,2,16.8,False,0.0,1455.22
2457,2025-12-08,10,20,2,7.8,True,1501.5,675.64
2458,2025-12-08,10,27,2,6.0,True,1155.0,519.72
2459,2025-12-08,10,4,2,17.1,False,0.0,1481.2
2460,2025-12-15,10,20,2,15.1,True,2906.75,1307.96
2461,2025-12-15,10,26,2,2.8,True,539.0,242.54
2462,2025-12-15,10,4,2,15.1,False,0.0,1307.96
2463,2025-12-22,10,1,1,6.8,True,1309.0,589.02
2464,2025-12-22,10,20,1,9.4,True,1809.5,814.23
2465,2025-12-22,10,4,1,12.5,False,0.0,1082.75
2466,2025-12-29,10,1,2,17.6,True,3388.0,1524.51
2467,2025-12-29,10,4,2,12.5,False,0.0,1082.75
2468,2024-01-01,11,27,1,23.9,True,3417.7,1537.96
2469,2024-01-01,11,4,1,8.6,False,0.0,553.41
2470,2024-01-08,11,2,2,26.5,True,3789.5,1705.28
2471,2024-01-08,11,4,2,6.7,False,0.0,431.14
2472,2024-01-15,11,2,2,19.5,True,2788.5,1254.82
2473,2024-01-15,11,6,2,4.3,True,614.9,276.7
2474,2024-01-15,11,4,2,8.4,False,0.0,540.54
2475,2024-01-22,11,1,2,19.3,True,2759.9,1241.96
2476,2024-01-22,11,6,2,4.4,True,629.2,283.14
2477,2024-01-22,11,4,2,12.3,False,0.0,791.5
2478,2024-01-29,11,18,2,14.0,True,2002.0,900.9
2479,2024-01-29,11,3,2,6.9,True,986.7,444.02
2480,2024-01-29,11,4,2,12.6,False,0.0,810.81
2481,2024-02-05,11,18,1,30.8,True,4404.4,1981.98
2482,2024-02-05,11,4,1,6.2,False,0.0,398.97
2483,2024-02-12,11,26,2,8.5,True,1215.5,546.97
2484,2024-02-12,11,2,2,22.5,True,3217.5,1447.87
2485,2024-02-12,11,4,2,8.9,False,0.0,572.71
2486,2024-02-19,11,20,2,24.4,True,3489.2,1570.14
2487,2024-02-19,11,4,2,14.2,False,0.0,913.77
2488,2024-02-26,11,1,2,23.5,True,3360.5,1512.22
2489,2024-02-26,11,4,2,13.5,False,0.0,868.72
2490,2024-03-04,11,27,2,28.6,True,4089.8,1840.41
2491,2024-03-04,11,4,2,7.1,False,0.0,456.88
2492,2024-03-11,11,1,2,24.8,True,3546.4,1595.88
2493,2024-03-11,11,4,2,11.1,False,0.0,714.28
2494,2024-03-18,11,27,2,15.0,True,2145.0,965.25
2495,2024-03-18,11,3,2,9.9,True,1415.7,637.06
2496,2024-03-18,11,4,2,11.9,False,0.0,765.76
2497,2024-03-25,11,27,1,27.2,True,3889.6,1750.32
2498,2024-03-25,11,4,1,9.9,False,0.0,637.06
2499,2024-04-01,11,2,2,24.4,True,3489.2,1570.14
2500,2024-04-01,11,4,2,7.4,False,0.0,476.19
2501,2024-04-08,11,6,2,25.8,True,3689.4,1660.23
2502,2024-04-08,11,4,2,9.2,False,0.0,592.02
2503,2024-04-15,11,1,1,7.9,True,1129.7,508.36
2504,2024-04-15,11,3,1,13.7,True,1959.1,881.59
2505,2024-04-15,11,4,1,9.7,False,0.0,624.19
2506,2024-04-22,11,27,1,23.8,True,3403.4,1531.53
2507,2024-04-22,11,4,1,11.7,False,0.0,752.89
2508,2024-04-29,11,6,2,1.5,True,214.5,96.52
2509,2024-04-29,11,3,2,21.5,True,3074.5,1383.52
2510,2024-04-29,11,4,2,12.8,False,0.0,823.68
2511,2024-05-06,11,6,2,18.8,True,2688.4,1209.78
2512,2024-05-06,11,20,2,4.9,True,700.7,315.32
2513,2024-05-06,11,4,2,8.6,False,0.0,553.41
2514,2024-05-13,11,3,1,26.2,True,3746.6,1685.97
2515,2024-05-13,11,4,1,10.6,False,0.0,682.11
2516,2024-05-20,11,26,1,16.7,True,2388.1,1074.64
2517,2024-05-20,11,1,1,6.0,True,858.0,386.1
2518,2024-05-20,11,4,1,14.8,False,0.0,952.38
2519,2024-05-27,11,2,2,26.7,True,3818.1,1718.14
2520,2024-05-27,11,4,2,10.6,False,0.0,682.11
2521,2024-06-03,11,3,1,15.0,True,2145.0,965.25
2522,2024-06-03,11,27,1,9.8,True,1401.4,630.63
2523,2024-06-03,11,4,1,5.3,False,0.0,341.05
2524,2024-06-10,11,27,1,20.3,True,2902.9,1306.3
2525,2024-06-10,11,4,1,13.8,False,0.0,888.03
2526,2024-06-17,11,2,2,19.9,True,2845.7,1280.56
2527,2024-06-17,11,4,2,10.5,False,0.0,675.68
2528,2024-06-24,11,20,2,31.2,True,4461.6,2007.72
2529,2024-06-24,11,4,2,3.3,False,0.0,212.35
2530,2024-07-01,11,1,2,15.7,True,2245.1,1010.29
2531,2024-07-01,11,4,2,5.0,False,0.0,321.75
2532,2024-07-08,11,1,2,12.7,True,1816.1,817.24
2533,2024-07-08,11,26,2,1.5,True,214.5,96.52
2534,2024-07-08,11,4,2,7.0,False,0.0,450.45
2535,2024-07-15,11,26,3,14.4,True,2059.2,926.64
2536,2024-07-15,11,4,3,3.6,False,0.0,231.66
2537,2024-07-22,11,26,2,13.0,True,1859.0,836.55
2538,2024-07-22,11,4,2,6.4,False,0.0,411.84
2539,2024-07-29,11,6,2,9.7,True,1387.1,624.19
2540,2024-07-29,11,2,2,2.6,True,371.8,167.31
2541,2024-07-29,11,4,2,9.0,False,0.0,579.15
2542,2024-08-05,11,20,2,17.4,True,2488.2,1119.69
2543,2024-08-05,11,4,2,10.0,False,0.0,643.5
2544,2024-08-12,11,26,2,20.7,True,2960.1,1332.04
2545,2024-08-12,11,4,2,12.3,False,0.0,791.5
2546,2024-08-19,11,3,3,26.2,True,3746.6,1685.97
2547,2024-08-19,11,4,3,7.5,False,0.0,482.62
2548,2024-08-26,11,6,2,22.8,True,3260.4,1467.18
2549,2024-08-26,11,4,2,10.8,False,0.0,694.98
2550,2024-09-02,11,27,2,29.4,True,4204.2,1891.89
2551,2024-09-02,11,4,2,7.2,False,0.0,463.32
2552,2024-09-09,11,1,1,26.4,True,3775.2,1698.84
2553,2024-09-09,11,4,1,8.7,False,0.0,559.84
2554,2024-09-16,11,27,2,26.3,True,3760.9,1692.4
2555,2024-09-16,11,4,2,11.2,False,0.0,720.72
2556,2024-09-23,11,20,2,20.1,True,2874.3,1293.44
2557,2024-09-23,11,4,2,16.0,False,0.0,1029.6
2558,2024-09-30,11,6,3,29.8,True,4261.4,1917.63
2559,2024-09-30,11,20,3,4.3,True,614.9,276.7
2560,2024-09-30,11,4,3,5.5,False,0.0,353.92
2561,2024-10-07,11,1,2,32.5,True,4647.5,2091.38
2562,2024-10-07,11,4,2,8.4,False,0.0,540.54
2563,2024-10-14,11,1,2,20.8,True,2974.4,1338.48
2564,2024-10-14,11,4,2,14.0,False,0.0,900.9
2565,2024-10-21,11,26,2,25.5,True,3646.5,1640.92
2566,2024-10-21,11,4,2,12.9,False,0.0,830.11
2567,2024-10-28,11,3,1,33.3,True,4761.9,2142.85
2568,2024-10-28,11,4,1,4.2,False,0.0,270.27
2569,2024-11-04,11,20,2,25.4,True,3632.2,1634.49
2570,2024-11-04,11,4,2,10.3,False,0.0,662.8
2571,2024-11-11,11,26,3,4.6,True,657.8,296.01
2572,2024-11-11,11,3,3,22.3,True,3188.9,1435.0
2573,2024-11-11,11,4,3,9.0,False,0.0,579.15
2574,2024-11-18,11,27,1,24.9,True,3560.7,1602.31
2575,2024-11-18,11,4,1,14.6,False,0.0,939.51
2576,2024-11-25,11,6,2,24.4,True,3489.2,1570.14
2577,2024-11-25,11,4,2,9.5,False,0.0,611.32
2578,2024-12-02,11,6,2,13.9,True,1987.7,894.46
2579,2024-12-02,11,26,2,9.6,True,1372.8,617.76
2580,2024-12-02,11,4,2,7.0,False,0.0,450.45
2581,2024-12-09,11,26,1,17.8,True,2545.4,1145.43
2582,2024-12-09,11,4,1,8.9,False,0.0,572.71
2583,2024-12-16,11,27,2,16.6,True,2373.8,1068.21
2584,2024-12-16,11,1,2,4.2,True,600.6,270.27
2585,2024-12-16,11,4,2,11.1,False,0.0,714.28
2586,2024-12-23,11,20,2,21.8,True,3117.4,1402.83
2587,2024-12-23,11,4,2,7.9,False,0.0,508.36
2588,2024-12-30,11,20,2,18.5,True,2645.5,1190.47
2589,2024-12-30,11,4,2,12.1,False,0.0,778.63
2590,2025-01-06,11,6,2,18.2,True,2602.6,1171.17
2591,2025-01-06,11,4,2,14.9,False,0.0,958.82
2592,2025-01-13,11,1,2,8.7,True,1244.1,559.84
2593,2025-01-13,11,2,2,11.0,True,1573.0,707.85
2594,2025-01-13,11,4,2,14.5,False,0.0,933.08
2595,2025-01-20,11,20,1,25.6,True,3660.8,1647.36
2596,2025-01-20,11,4,1,8.5,False,0.0,546.97
2597,2025-01-27,11,20,2,31.7,True,4533.1,2039.89
2598,2025-01-27,11,4,2,7.0,False,0.0,450.45
2599,2025-02-03,11,3,1,22.5,True,3217.5,1447.87
2600,2025-02-03,11,4,1,14.1,False,0.0,907.33
2601,2025-02-10,11,26,2,5.4,True,772.2,347.49
2602,2025-02-10,11,2,2,20.6,True,2945.8,1325.61
2603,2025-02-10,11,4,2,10.0,False,0.0,643.5
2604,2025-02-17,11,20,2,21.8,True,3117.4,1402.83
2605,2025-02-17,11,27,2,3.5,True,500.5,225.22
2606,2025-02-17,11,4,2,9.5,False,0.0,611.32
2607,2025-02-24,11,20,1,22.5,True,3217.5,1447.87
2608,2025-02-24,11,4,1,10.3,False,0.0,662.8
2609,2025-03-03,11,2,1,10.8,True,1544.4,694.98
2610,2025-03-03,11,1,1,21.7,True,3103.1,1396.39
2611,2025-03-03,11,4,1,6.7,False,0.0,431.14
2612,2025-03-10,11,1,2,22.7,True,3246.1,1460.74
2613,2025-03-10,11,4,2,14.1,False,0.0,907.33
2614,2025-03-17,11,3,2,4.8,True,686.4,308.88
2615,2025-03-17,11,26,2,15.5,True,2216.5,997.42
2616,2025-03-17,11,4,2,12.5,False,0.0,804.37
2617,2025-03-24,11,20,2,27.7,True,3961.1,1782.5
2618,2025-03-24,11,4,2,8.7,False,0.0,559.84
2619,2025-03-31,11,2,2,11.5,True,1644.5,740.02
2620,2025-03-31,11,26,2,13.2,True,1887.6,849.42
2621,2025-03-31,11,4,2,14.1,False,0.0,907.33
2622,2025-04-07,11,2,1,23.9,True,3417.7,1537.96
2623,2025-04-07,11,4,1,11.5,False,0.0,740.02
2624,2025-04-14,11,27,2,26.4,True,3775.2,1698.84
2625,2025-04-14,11,4,2,6.3,False,0.0,405.4
2626,2025-04-21,11,1,2,4.0,True,572.0,257.4
2627,2025-04-21,11,27,2,17.4,True,2488.2,1119.69
2628,2025-04-21,11,4,2,12.4,False,0.0,797.94
2629,2025-04-28,11,18,2,25.2,True,3603.6,1621.62
2630,2025-04-28,11,4,2,11.6,False,0.0,746.46
2631,2025-05-05,11,2,2,21.8,True,3117.4,1402.83
2632,2025-05-05,11,4,2,14.1,False,0.0,907.33
2633,2025-05-12,11,3,2,26.2,True,3746.6,1685.97
2634,2025-05-12,11,4,2,10.6,False,0.0,682.11
2635,2025-05-19,11,27,2,23.1,True,3303.3,1486.48
2636,2025-05-19,11,4,2,13.9,False,0.0,894.46
2637,2025-05-26,11,26,2,25.6,True,3660.8,1647.36
2638,2025-05-26,11,4,2,11.8,False,0.0,759.33
2639,2025-06-02,11,6,2,18.4,True,2631.2,1184.04
2640,2025-06-02,11,4,2,12.6,False,0.0,810.81
2641,2025-06-09,11,6,2,24.6,True,3517.8,1583.01
2642,2025-06-09,11,4,2,8.9,False,0.0,572.71
2643,2025-06-16,11,18,1,19.2,True,2745.6,1235.52
2644,2025-06-16,11,4,1,11.1,False,0.0,714.28
2645,2025-06-23,11,20,2,8.0,True,1144.0,514.8
2646,2025-06-23,11,18,2,13.3,True,1901.9,855.86
2647,2025-06-23,11,4,2,11.7,False,0.0,752.89
2648,2025-06-30,11,1,1,21.9,True,3131.7,1409.26
2649,2025-06-30,11,4,1,10.9,False,0.0,701.42
2650,2025-07-07,11,3,3,16.5,True,2359.5,1061.77
2651,2025-07-07,11,4,3,4.1,False,0.0,263.83
2652,2025-07-14,11,2,1,13.5,True,1930.5,868.72
2653,2025-07-14,11,4,1,6.1,False,0.0,392.54
2654,2025-07-21,11,20,2,12.2,True,1744.6,785.07
2655,2025-07-21,11,4,2,8.9,False,0.0,572.71
2656,2025-07-28,11,2,2,15.5,True,2216.5,997.42
2657,2025-07-28,11,4,2,4.7,False,0.0,302.44
2658,2025-08-04,11,20,2,24.4,True,3489.2,1570.14
2659,2025-08-04,11,4,2,9.7,False,0.0,624.19
2660,2025-08-11,11,26,2,22.6,True,3231.8,1454.31
2661,2025-08-11,11,4,2,12.6,False,0.0,810.81
2662,2025-08-18,11,6,3,27.9,True,3989.7,1795.36
2663,2025-08-18,11,4,3,5.6,False,0.0,360.36
2664,2025-08-25,11,18,2,21.1,True,3017.3,1357.78
2665,2025-08-25,11,2,2,2.5,True,357.5,160.88
2666,2025-08-25,11,4,2,7.8,False,0.0,501.93
2667,2025-09-01,11,26,3,30.9,True,4418.7,1988.41
2668,2025-09-01,11,4,3,4.1,False,0.0,263.83
2669,2025-09-08,11,2,2,21.5,True,3074.5,1383.52
2670,2025-09-08,11,4,2,15.7,False,0.0,1010.29
2671,2025-09-15,11,3,2,22.6,True,3231.8,1454.31
2672,2025-09-15,11,4,2,12.9,False,0.0,830.11
2673,2025-09-22,11,26,2,21.8,True,3117.4,1402.83
2674,2025-09-22,11,4,2,11.3,False,0.0,727.16
2675,2025-09-29,11,2,2,12.9,True,1844.7,830.11
2676,2025-09-29,11,1,2,10.0,True,1430.0,643.5
2677,2025-09-29,11,4,2,11.3,False,0.0,727.16
2678,2025-10-06,11,2,2,26.2,True,3746.6,1685.97
2679,2025-10-06,11,4,2,11.6,False,0.0,746.46
2680,2025-10-13,11,18,2,6.2,True,886.6,398.97
2681,2025-10-13,11,26,2,19.9,True,2845.7,1280.56
2682,2025-10-13,11,4,2,14.8,False,0.0,952.38
2683,2025-10-20,11,18,2,16.8,True,2402.4,1081.08
2684,2025-10-20,11,1,2,7.7,True,1101.1,495.49
2685,2025-10-20,11,4,2,10.7,False,0.0,688.54
2686,2025-10-27,11,6,3,29.8,True,4261.4,1917.63
2687,2025-10-27,11,4,3,4.0,False,0.0,257.4
2688,2025-11-03,11,18,1,20.7,True,2960.1,1332.04
2689,2025-11-03,11,4,1,13.6,False,0.0,875.16
2690,2025-11-10,11,18,1,27.0,True,3861.0,1737.45
2691,2025-11-10,11,4,1,12.7,False,0.0,817.24
2692,2025-11-17,11,26,2,7.8,True,1115.4,501.93
2693,2025-11-17,11,6,2,14.0,True,2002.0,900.9
2694,2025-11-17,11,4,2,13.6,False,0.0,875.16
2695,2025-11-24,11,18,1,21.7,True,3103.1,1396.39
2696,2025-11-24,11,4,1,13.4,False,0.0,862.29
2697,2025-12-01,11,6,1,15.7,True,2245.1,1010.29
2698,2025-12-01,11,18,1,6.3,True,900.9,405.4
2699,2025-12-01,11,4,1,6.6,False,0.0,424.71
2700,2025-12-08,11,3,2,22.7,True,3246.1,1460.74
2701,2025-12-08,11,4,2,8.8,False,0.0,566.28
2702,2025-12-15,11,27,2,24.2,True,3460.6,1557.27
2703,2025-12-15,11,4,2,8.5,False,0.0,546.97
2704,2025-12-22,11,3,1,17.8,True,2545.4,1145.43
2705,2025-12-22,11,4,1,9.8,False,0.0,630.63
2706,2025-12-29,11,26,1,27.6,True,3946.8,1776.06
2707,2025-12-29,11,4,1,0.6,False,0.0,38.61
2708,2024-01-01,12,21,1,25.5,True,3315.0,1491.75
2709,2024-01-01,12,29,1,10.7,False,0.0,625.95
2710,2024-01-08,12,21,1,25.9,True,3367.0,1515.15
2711,2024-01-08,12,5,1,1.1,True,143.0,64.35
2712,2024-01-08,12,29,1,8.6,False,0.0,503.1
2713,2024-01-15,12,16,1,3.1,True,403.0,181.35
2714,2024-01-15,12,10,1,26.2,True,3406.0,1532.7
2715,2024-01-15,12,29,1,7.3,False,0.0,427.05
2716,2024-01-22,12,11,2,22.1,True,2873.0,1292.85
2717,2024-01-22,12,29,2,9.0,False,0.0,526.5
2718,2024-01-29,12,25,2,23.2,True,3016.0,1357.2
2719,2024-01-29,12,29,2,10.2,False,0.0,596.7
2720,2024-02-05,12,24,2,20.2,True,2626.0,1181.7
2721,2024-02-05,12,10,2,2.0,True,260.0,117.0
2722,2024-02-05,12,29,2,13.5,False,0.0,789.75
2723,2024-02-12,12,11,1,27.6,True,3588.0,1614.6
2724,2024-02-12,12,29,1,6.0,False,0.0,351.0
2725,2024-02-19,12,16,1,26.4,True,3432.0,1544.4
2726,2024-02-19,12,29,1,6.4,False,0.0,374.4
2727,2024-02-26,12,11,1,2.8,True,364.0,163.8
2728,2024-02-26,12,25,1,25.4,True,3302.0,1485.9
2729,2024-02-26,12,29,1,6.3,False,0.0,368.55
2730,2024-03-04,12,16,1,22.9,True,2977.0,1339.65
2731,2024-03-04,12,29,1,12.7,False,0.0,742.95
2732,2024-03-11,12,8,3,27.3,True,3549.0,1597.05
2733,2024-03-11,12,5,3,2.4,True,312.0,140.4
2734,2024-03-11,12,29,3,3.2,False,0.0,187.2
2735,2024-03-18,12,22,1,33.7,True,4381.0,1971.45
2736,2024-03-18,12,29,1,3.8,False,0.0,222.3
2737,2024-03-25,12,10,2,21.4,True,2782.0,1251.9
2738,2024-03-25,12,16,2,5.6,True,728.0,327.6
2739,2024-03-25,12,29,2,8.1,False,0.0,473.85
2740,2024-04-01,12,5,2,26.5,True,3445.0,1550.25
2741,2024-04-01,12,29,2,13.0,False,0.0,760.5
2742,2024-04-08,12,12,1,26.8,True,3484.0,1567.8
2743,2024-04-08,12,29,1,9.2,False,0.0,538.2
2744,2024-04-15,12,11,2,26.0,True,3380.0,1521.0
2745,2024-04-15,12,29,2,8.0,False,0.0,468.0
2746,2024-04-22,12,5,1,20.2,True,2626.0,1181.7
2747,2024-04-22,12,29,1,10.4,False,0.0,608.4
2748,2024-04-29,12,21,1,13.6,True,1768.0,795.6
2749,2024-04-29,12,25,1,17.6,True,2288.0,1029.6
2750,2024-04-29,12,29,1,6.8,False,0.0,397.8
2751,2024-05-06,12,12,2,25.7,True,3341.0,1503.45
2752,2024-05-06,12,29,2,11.8,False,0.0,690.3
2753,2024-05-13,12,16,1,9.0,True,1170.0,526.5
2754,2024-05-13,12,22,1,18.6,True,2418.0,1088.1
2755,2024-05-13,12,29,1,6.4,False,0.0,374.4
2756,2024-05-20,12,12,1,23.6,True,3068.0,1380.6
2757,2024-05-20,12,29,1,13.9,False,0.0,813.15
2758,2024-05-27,12,24,3,34.9,True,4537.0,2041.65
2759,2024-05-27,12,29,3,3.8,False,0.0,222.3
2760,2024-06-03,12,5,2,19.2,True,2496.0,1123.2
2761,2024-06-03,12,29,2,9.5,False,0.0,555.75
2762,2024-06-10,12,24,3,0.8,True,104.0,46.8
2763,2024-06-10,12,12,3,24.7,True,3211.0,1444.95
2764,2024-06-10,12,29,3,9.8,False,0.0,573.3
2765,2024-06-17,12,11,1,0.7,True,91.0,40.95
2766,2024-06-17,12,24,1,20.5,True,2665.0,1199.25
2767,2024-06-17,12,29,1,13.3,False,0.0,778.05
2768,2024-06-24,12,5,1,2.7,True,351.0,157.95
2769,2024-06-24,12,25,1,19.9,True,2587.0,1164.15
2770,2024-06-24,12,29,1,8.6,False,0.0,503.1
2771,2024-07-01,12,21,3,21.2,True,2756.0,1240.2
2772,2024-07-01,12,29,3,0.9,False,0.0,52.65
2773,2024-07-08,12,21,2,14.1,True,1833.0,824.85
2774,2024-07-08,12,29,2,4.4,False,0.0,257.4
2775,2024-07-15,12,21,1,0.5,True,65.0,29.25
2776,2024-07-15,12,11,1,13.9,True,1807.0,813.15
2777,2024-07-15,12,29,1,4.2,False,0.0,245.7
2778,2024-07-22,12,16,1,13.5,True,1755.0,789.75
2779,2024-07-22,12,29,1,5.7,False,0.0,333.45
2780,2024-07-29,12,8,1,12.6,True,1638.0,737.1
2781,2024-07-29,12,25,1,1.6,True,208.0,93.6
2782,2024-07-29,12,29,1,5.1,False,0.0,298.35
2783,2024-08-05,12,5,1,28.6,True,3718.0,1673.1
2784,2024-08-05,12,29,1,7.6,False,0.0,444.6
2785,2024-08-12,12,8,1,25.7,True,3341.0,1503.45
2786,2024-08-12,12,29,1,10.7,False,0.0,625.95
2787,2024-08-19,12,11,3,27.6,True,3588.0,1614.6
2788,2024-08-19,12,29,3,4.7,False,0.0,274.95
2789,2024-08-26,12,12,3,31.2,True,4056.0,1825.2
2790,2024-08-26,12,29,3,3.0,False,0.0,175.5
2791,2024-09-02,12,8,2,10.7,True,1391.0,625.95
2792,2024-09-02,12,24,2,16.1,True,2093.0,941.85
2793,2024-09-02,12,29,2,15.2,False,0.0,889.2
2794,2024-09-09,12,25,2,29.9,True,3887.0,1749.15
2795,2024-09-09,12,29,2,9.6,False,0.0,561.6
2796,2024-09-16,12,24,2,24.5,True,3185.0,1433.25
2797,2024-09-16,12,29,2,11.5,False,0.0,672.75
2798,2024-09-23,12,24,1,23.5,True,3055.0,1374.75
2799,2024-09-23,12,29,1,6.2,False,0.0,362.7
2800,2024-09-30,12,11,2,1.7,True,221.0,99.45
2801,2024-09-30,12,10,2,30.6,True,3978.0,1790.1
2802,2024-09-30,12,29,2,6.1,False,0.0,356.85
2803,2024-10-07,12,5,1,4.6,True,598.0,269.1
2804,2024-10-07,12,16,1,21.8,True,2834.0,1275.3
2805,2024-10-07,12,29,1,7.7,False,0.0,450.45
2806,2024-10-14,12,16,2,19.6,True,2548.0,1146.6
2807,2024-10-14,12,25,2,7.6,True,988.0,444.6
2808,2024-10-14,12,29,2,9.2,False,0.0,538.2
2809,2024-10-21,12,16,2,27.4,True,3562.0,1602.9
2810,2024-10-21,12,29,2,7.7,False,0.0,450.45
2811,2024-10-28,12,25,1,4.9,True,637.0,286.65
2812,2024-10-28,12,22,1,19.0,True,2470.0,1111.5
2813,2024-10-28,12,29,1,11.3,False,0.0,661.05
2814,2024-11-04,12,8,2,8.0,True,1040.0,468.0
2815,2024-11-04,12,24,2,13.4,True,1742.0,783.9
2816,2024-11-04,12,29,2,17.6,False,0.0,1029.6
2817,2024-11-11,12,22,1,26.5,True,3445.0,1550.25
2818,2024-11-11,12,29,1,9.8,False,0.0,573.3
2819,2024-11-18,12,10,3,31.9,True,4147.0,1866.15
2820,2024-11-18,12,29,3,3.7,False,0.0,216.45
2821,2024-11-25,12,16,1,2.7,True,351.0,157.95
2822,2024-11-25,12,11,1,22.8,True,2964.0,1333.8
2823,2024-11-25,12,29,1,10.7,False,0.0,625.95
2824,2024-12-02,12,24,1,19.9,True,2587.0,1164.15
2825,2024-12-02,12,29,1,7.1,False,0.0,415.35
2826,2024-12-09,12,5,1,21.1,True,2743.0,1234.35
2827,2024-12-09,12,29,1,4.9,False,0.0,286.65
2828,2024-12-16,12,25,3,28.2,True,3666.0,1649.7
2829,2024-12-16,12,29,3,2.2,False,0.0,128.7
2830,2024-12-23,12,24,2,21.0,True,2730.0,1228.5
2831,2024-12-23,12,29,2,7.7,False,0.0,450.45
2832,2024-12-30,12,8,1,1.2,True,156.0,70.2
2833,2024-12-30,12,21,1,18.7,True,2431.0,1093.95
2834,2024-12-30,12,29,1,5.8,False,0.0,339.3
2835,2025-01-06,12,10,2,23.6,True,3068.0,1380.6
2836,2025-01-06,12,29,2,10.3,False,0.0,602.55
2837,2025-01-13,12,24,2,24.8,True,3224.0,1450.8
2838,2025-01-13,12,5,2,2.2,True,286.0,128.7
2839,2025-01-13,12,29,2,10.6,False,0.0,620.1
2840,2025-01-20,12,11,2,25.4,True,3302.0,1485.9
2841,2025-01-20,12,29,2,9.5,False,0.0,555.75
2842,2025-01-27,12,25,1,22.7,True,2951.0,1327.95
2843,2025-01-27,12,29,1,9.0,False,0.0,526.5
2844,2025-02-03,12,10,2,26.4,True,3432.0,1544.4
2845,2025-02-03,12,29,2,9.0,False,0.0,526.5
2846,2025-02-10,12,21,2,29.4,True,3822.0,1719.9
2847,2025-02-10,12,29,2,8.2,False,0.0,479.7
2848,2025-02-17,12,16,1,25.1,True,3263.0,1468.35
2849,2025-02-17,12,29,1,9.4,False,0.0,549.9
2850,2025-02-24,12,12,1,30.8,True,4004.0,1801.8
2851,2025-02-24,12,29,1,4.7,False,0.0,274.95
2852,2025-03-03,12,21,2,23.7,True,3081.0,1386.45
2853,2025-03-03,12,29,2,11.4,False,0.0,666.9
2854,2025-03-10,12,25,2,7.4,True,962.0,432.9
2855,2025-03-10,12,10,2,17.3,True,2249.0,1012.05
2856,2025-03-10,12,29,2,8.2,False,0.0,479.7
2857,2025-03-17,12,12,2,2.9,True,377.0,169.65
2858,2025-03-17,12,21,2,21.7,True,2821.0,1269.45
2859,2025-03-17,12,29,2,8.6,False,0.0,503.1
2860,2025-03-24,12,22,1,5.3,True,689.0,310.05
2861,2025-03-24,12,12,1,19.9,True,2587.0,1164.15
2862,2025-03-24,12,29,1,10.7,False,0.0,625.95
2863,2025-03-31,12,12,2,28.2,True,3666.0,1649.7
2864,2025-03-31,12,29,2,9.0,False,0.0,526.5
2865,2025-04-07,12,11,1,33.0,True,4290.0,1930.5
2866,2025-04-07,12,29,1,4.0,False,0.0,234.0
2867,2025-04-14,12,25,2,16.4,True,2132.0,959.4
2868,2025-04-14,12,29,2,15.2,False,0.0,889.2
2869,2025-04-21,12,16,2,23.3,True,3029.0,1363.05
2870,2025-04-21,12,29,2,13.8,False,0.0,807.3
2871,2025-04-28,12,12,2,21.1,True,2743.0,1234.35
2872,2025-04-28,12,11,2,2.0,True,260.0,117.0
2873,2025-04-28,12,29,2,11.4,False,0.0,666.9
2874,2025-05-05,12,16,3,10.2,True,1326.0,596.7
2875,2025-05-05,12,8,3,19.9,True,2587.0,1164.15
2876,2025-05-05,12,29,3,7.7,False,0.0,450.45
2877,2025-05-12,12,21,3,29.5,True,3835.0,1725.75
2878,2025-05-12,12,29,3,5.1,False,0.0,298.35
2879,2025-05-19,12,11,1,27.6,True,3588.0,1614.6
2880,2025-05-19,12,29,1,6.6,False,0.0,386.1
2881,2025-05-26,12,22,2,23.0,True,2990.0,1345.5
2882,2025-05-26,12,29,2,12.7,False,0.0,742.95
2883,2025-06-02,12,25,2,23.3,True,3029.0,1363.05
2884,2025-06-02,12,29,2,8.6,False,0.0,503.1
2885,2025-06-09,12,24,3,34.1,True,4433.0,1994.85
2886,2025-06-09,12,29,3,2.2,False,0.0,128.7
2887,2025-06-16,12,10,2,22.9,True,2977.0,1339.65
2888,2025-06-16,12,29,2,9.6,False,0.0,561.6
2889,2025-06-23,12,21,2,1.4,True,182.0,81.9
2890,2025-06-23,12,5,2,23.1,True,3003.0,1351.35
2891,2025-06-23,12,29,2,9.5,False,0.0,555.75
2892,2025-06-30,12,10,2,22.5,True,2925.0,1316.25
2893,2025-06-30,12,29,2,8.5,False,0.0,497.25
2894,2025-07-07,12,10,2,3.7,True,481.0,216.45
2895,2025-07-07,12,25,2,11.7,True,1521.0,684.45
2896,2025-07-07,12,29,2,3.8,False,0.0,222.3
2897,2025-07-14,12,16,1,13.2,True,1716.0,772.2
2898,2025-07-14,12,29,1,7.3,False,0.0,427.05
2899,2025-07-21,12,25,2,14.3,True,1859.0,836.55
2900,2025-07-21,12,29,2,7.7,False,0.0,450.45
2901,2025-07-28,12,16,2,9.1,True,1183.0,532.35
2902,2025-07-28,12,25,2,5.5,True,715.0,321.75
2903,2025-07-28,12,29,2,5.8,False,0.0,339.3
2904,2025-08-04,12,10,3,27.0,True,3510.0,1579.5
2905,2025-08-04,12,29,3,6.4,False,0.0,374.4
2906,2025-08-11,12,8,1,21.7,True,2821.0,1269.45
2907,2025-08-11,12,29,1,12.3,False,0.0,719.55
2908,2025-08-18,12,21,1,24.5,True,3185.0,1433.25
2909,2025-08-18,12,29,1,6.6,False,0.0,386.1
2910,2025-08-25,12,10,2,18.3,True,2379.0,1070.55
2911,2025-08-25,12,29,2,8.6,False,0.0,503.1
2912,2025-09-01,12,11,3,35.7,True,4641.0,2088.45
2913,2025-09-01,12,29,3,0.9,False,0.0,52.65
2914,2025-09-08,12,11,3,31.1,True,4043.0,1819.35
2915,2025-09-08,12,29,3,10.3,False,0.0,602.55
2916,2025-09-15,12,11,1,26.2,True,3406.0,1532.7
2917,2025-09-15,12,29,1,6.9,False,0.0,403.65
2918,2025-09-22,12,25,1,24.9,True,3237.0,1456.65
2919,2025-09-22,12,29,1,10.9,False,0.0,637.65
2920,2025-09-29,12,21,2,23.9,True,3107.0,1398.15
2921,2025-09-29,12,29,2,6.7,False,0.0,391.95
2922,2025-10-06,12,10,1,31.4,True,4082.0,1836.9
2923,2025-10-06,12,29,1,3.4,False,0.0,198.9
2924,2025-10-13,12,22,1,19.0,True,2470.0,1111.5
2925,2025-10-13,12,29,1,11.6,False,0.0,678.6
2926,2025-10-20,12,16,2,31.5,True,4095.0,1842.75
2927,2025-10-20,12,29,2,8.9,False,0.0,520.65
2928,2025-10-27,12,11,2,2.8,True,364.0,163.8
2929,2025-10-27,12,16,2,22.4,True,2912.0,1310.4
2930,2025-10-27,12,29,2,13.5,False,0.0,789.75
2931,2025-11-03,12,21,2,22.7,True,2951.0,1327.95
2932,2025-11-03,12,29,2,13.8,False,0.0,807.3
2933,2025-11-10,12,8,2,32.1,True,4173.0,1877.85
2934,2025-11-10,12,29,2,7.6,False,0.0,444.6
2935,2025-11-17,12,21,2,10.8,True,1404.0,631.8
2936,2025-11-17,12,25,2,13.9,True,1807.0,813.15
2937,2025-11-17,12,29,2,9.8,False,0.0,573.3
2938,2025-11-24,12,12,1,20.7,True,2691.0,1210.95
2939,2025-11-24,12,5,1,3.8,True,494.0,222.3
2940,2025-11-24,12,29,1,11.6,False,0.0,678.6
2941,2025-12-01,12,12,3,22.6,True,2938.0,1322.1
2942,2025-12-01,12,29,3,4.9,False,0.0,286.65
2943,2025-12-08,12,24,2,20.5,True,2665.0,1199.25
2944,2025-12-08,12,29,2,9.0,False,0.0,526.5
2945,2025-12-15,12,25,1,24.1,True,3133.0,1409.85
2946,2025-12-15,12,29,1,4.8,False,0.0,280.8
2947,2025-12-22,12,16,3,18.3,True,2379.0,1070.55
2948,2025-12-22,12,24,3,6.0,True,780.0,351.0
2949,2025-12-22,12,29,3,5.4,False,0.0,315.9
2950,2025-12-29,12,8,1,23.2,True,3016.0,1357.2
2951,2025-12-29,12,29,1,9.3,False,0.0,544.05
2952,2024-01-01,13,1,2,22.3,True,2330.35,1048.55
2953,2024-01-01,13,27,2,2.0,True,209.0,94.04
2954,2024-01-01,13,4,2,12.9,False,0.0,606.56
2955,2024-01-08,13,27,1,27.1,True,2831.95,1274.24
2956,2024-01-08,13,4,1,9.7,False,0.0,456.09
2957,2024-01-15,13,26,2,1.0,True,104.5,47.02
2958,2024-01-15,13,20,2,22.3,True,2330.35,1048.55
2959,2024-01-15,13,4,2,6.4,False,0.0,300.93
2960,2024-01-22,13,20,2,27.6,True,2884.2,1297.75
2961,2024-01-22,13,4,2,8.4,False,0.0,394.97
2962,2024-01-29,13,2,1,24.0,True,2508.0,1128.48
2963,2024-01-29,13,4,1,13.0,False,0.0,611.26
2964,2024-02-05,13,2,1,31.4,True,3281.3,1476.43
2965,2024-02-05,13,4,1,5.0,False,0.0,235.1
2966,2024-02-12,13,27,1,27.6,True,2884.2,1297.75
2967,2024-02-12,13,4,1,10.5,False,0.0,493.71
2968,2024-02-19,13,26,1,27.6,True,2884.2,1297.75
2969,2024-02-19,13,4,1,9.9,False,0.0,465.5
2970,2024-02-26,13,18,2,32.4,True,3385.8,1523.45
2971,2024-02-26,13,4,2,5.3,False,0.0,249.21
2972,2024-03-04,13,2,2,25.4,True,2654.3,1194.31
2973,2024-03-04,13,4,2,9.7,False,0.0,456.09
2974,2024-03-11,13,1,2,9.0,True,940.5,423.18
2975,2024-03-11,13,27,2,13.7,True,1431.65,644.17
2976,2024-03-11,13,4,2,11.5,False,0.0,540.73
2977,2024-03-18,13,6,3,31.8,True,3323.1,1495.24
2978,2024-03-18,13,4,3,4.2,False,0.0,197.48
2979,2024-03-25,13,3,1,10.7,True,1118.15,503.11
2980,2024-03-25,13,6,1,13.7,True,1431.65,644.17
2981,2024-03-25,13,4,1,8.6,False,0.0,404.37
2982,2024-04-01,13,27,2,18.7,True,1954.15,879.27
2983,2024-04-01,13,3,2,7.8,True,815.1,366.76
2984,2024-04-01,13,4,2,6.2,False,0.0,291.52
2985,2024-04-08,13,1,2,11.2,True,1170.4,526.62
2986,2024-04-08,13,20,2,18.1,True,1891.45,851.06
2987,2024-04-08,13,4,2,7.6,False,0.0,357.35
2988,2024-04-15,13,6,1,26.7,True,2790.15,1255.43
2989,2024-04-15,13,4,1,3.0,False,0.0,141.06
2990,2024-04-22,13,26,1,20.3,True,2121.35,954.51
2991,2024-04-22,13,4,1,14.6,False,0.0,686.49
2992,2024-04-29,13,26,1,23.9,True,2497.55,1123.78
2993,2024-04-29,13,27,1,6.6,True,689.7,310.33
2994,2024-04-29,13,4,1,3.3,False,0.0,155.17
2995,2024-05-06,13,18,2,0.9,True,94.05,42.32
2996,2024-05-06,13,26,2,26.4,True,2758.8,1241.33
2997,2024-05-06,13,4,2,10.7,False,0.0,503.11
2998,2024-05-13,13,27,2,24.8,True,2591.6,1166.1
2999,2024-05-13,13,4,2,11.6,False,0.0,545.43
3000,2024-05-20,13,6,2,27.8,True,2905.1,1307.16
3001,2024-05-20,13,4,2,7.2,False,0.0,338.54
3002,2024-05-27,13,18,2,27.2,True,2842.4,1278.94
3003,2024-05-27,13,4,2,8.9,False,0.0,418.48
3004,2024-06-03,13,26,2,18.1,True,1891.45,851.06
3005,2024-06-03,13,4,2,11.8,False,0.0,554.84
3006,2024-06-10,13,3,2,21.2,True,2215.4,996.82
3007,2024-06-10,13,4,2,10.6,False,0.0,498.41
3008,2024-06-17,13,27,2,22.5,True,2351.25,1057.95
3009,2024-06-17,13,4,2,10.6,False,0.0,498.41
3010,2024-06-24,13,1,1,5.2,True,543.4,244.5
3011,2024-06-24,13,6,1,19.4,True,2027.3,912.19
3012,2024-06-24,13,4,1,5.8,False,0.0,272.72
3013,2024-07-01,13,3,2,18.1,True,1891.45,851.06
3014,2024-07-01,13,4,2,2.3,False,0.0,108.15
3015,2024-07-08,13,3,2,0.6,True,62.7,28.21
3016,2024-07-08,13,27,2,13.5,True,1410.75,634.77
3017,2024-07-08,13,4,2,5.2,False,0.0,244.5
3018,2024-07-15,13,3,3,15.1,True,1577.95,710.0
3019,2024-07-15,13,4,3,3.9,False,0.0,183.38
3020,2024-07-22,13,3,2,13.1,True,1368.95,615.96
3021,2024-07-22,13,4,2,5.6,False,0.0,263.31
3022,2024-07-29,13,6,2,12.2,True,1274.9,573.64
3023,2024-07-29,13,4,2,7.8,False,0.0,366.76
3024,2024-08-05,13,27,2,20.7,True,2163.15,973.31
3025,2024-08-05,13,4,2,11.9,False,0.0,559.54
3026,2024-08-12,13,20,2,29.3,True,3061.85,1377.69
3027,2024-08-12,13,4,2,7.4,False,0.0,347.95
3028,2024-08-19,13,27,2,23.5,True,2455.75,1104.97
3029,2024-08-19,13,4,2,9.1,False,0.0,427.88
3030,2024-08-26,13,18,2,20.3,True,2121.35,954.51
3031,2024-08-26,13,1,2,4.3,True,449.35,202.19
3032,2024-08-26,13,4,2,8.1,False,0.0,380.86
3033,2024-09-02,13,18,1,25.1,True,2622.95,1180.2
3034,2024-09-02,13,1,1,2.1,True,219.45,98.74
3035,2024-09-02,13,4,1,11.9,False,0.0,559.54
3036,2024-09-09,13,27,1,23.0,True,2403.5,1081.46
3037,2024-09-09,13,4,1,13.9,False,0.0,653.58
3038,2024-09-16,13,2,1,13.7,True,1431.65,644.17
3039,2024-09-16,13,1,1,18.5,True,1933.25,869.87
3040,2024-09-16,13,4,1,7.0,False,0.0,329.14
3041,2024-09-23,13,26,2,27.6,True,2884.2,1297.75
3042,2024-09-23,13,4,2,11.7,False,0.0,550.13
3043,2024-09-30,13,6,3,32.3,True,3375.35,1518.75
3044,2024-09-30,13,4,3,4.6,False,0.0,216.29
3045,2024-10-07,13,1,2,24.0,True,2508.0,1128.48
3046,2024-10-07,13,4,2,9.6,False,0.0,451.39
3047,2024-10-14,13,27,1,27.0,True,2821.5,1269.54
3048,2024-10-14,13,4,1,10.6,False,0.0,498.41
3049,2024-10-21,13,6,2,7.8,True,815.1,366.76
3050,2024-10-21,13,1,2,15.2,True,1588.4,714.7
3051,2024-10-21,13,4,2,11.2,False,0.0,526.62
3052,2024-10-28,13,6,3,35.4,True,3699.3,1664.51
3053,2024-10-28,13,4,3,5.8,False,0.0,272.72
3054,2024-11-04,13,6,2,25.4,True,2654.3,1194.31
3055,2024-11-04,13,4,2,14.4,False,0.0,677.09
3056,2024-11-11,13,20,2,19.0,True,1985.5,893.38
3057,2024-11-11,13,3,2,13.8,True,1442.1,648.88
3058,2024-11-11,13,4,2,7.7,False,0.0,362.05
3059,2024-11-18,13,3,2,28.0,True,2926.0,1316.56
3060,2024-11-18,13,4,2,11.7,False,0.0,550.13
3061,2024-11-25,13,26,1,33.4,True,3490.3,1570.47
3062,2024-11-25,13,18,1,1.5,True,156.75,70.53
3063,2024-11-25,13,4,1,6.4,False,0.0,300.93
3064,2024-12-02,13,20,2,10.6,True,1107.7,498.41
3065,2024-12-02,13,2,2,9.8,True,1024.1,460.8
3066,2024-12-02,13,4,2,10.3,False,0.0,484.31
3067,2024-12-09,13,3,2,15.8,True,1651.1,742.92
3068,2024-12-09,13,2,2,5.5,True,574.75,258.61
3069,2024-12-09,13,4,2,7.1,False,0.0,333.84
3070,2024-12-16,13,6,1,25.8,True,2696.1,1213.12
3071,2024-12-16,13,4,1,3.2,False,0.0,150.46
3072,2024-12-23,13,20,2,25.2,True,2633.4,1184.9
3073,2024-12-23,13,4,2,4.6,False,0.0,216.29
3074,2024-12-30,13,2,2,23.1,True,2413.95,1086.16
3075,2024-12-30,13,4,2,5.7,False,0.0,268.01
3076,2025-01-06,13,20,2,26.8,True,2800.6,1260.14
3077,2025-01-06,13,4,2,5.7,False,0.0,268.01
3078,2025-01-13,13,27,1,30.8,True,3218.6,1448.22
3079,2025-01-13,13,4,1,5.9,False,0.0,277.42
3080,2025-01-20,13,26,2,23.9,True,2497.55,1123.78
3081,2025-01-20,13,4,2,14.9,False,0.0,700.6
3082,2025-01-27,13,27,2,2.5,True,261.25,117.55
3083,2025-01-27,13,6,2,22.1,True,2309.45,1039.14
3084,2025-01-27,13,4,2,8.6,False,0.0,404.37
3085,2025-02-03,13,2,2,30.2,True,3155.9,1420.0
3086,2025-02-03,13,4,2,7.4,False,0.0,347.95
3087,2025-02-10,13,18,2,30.1,True,3145.45,1415.3
3088,2025-02-10,13,4,2,9.3,False,0.0,437.29
3089,2025-02-17,13,27,2,24.9,True,2602.05,1170.8
3090,2025-02-17,13,4,2,9.9,False,0.0,465.5
3091,2025-02-24,13,27,2,16.1,True,1682.45,757.02
3092,2025-02-24,13,2,2,14.4,True,1504.8,677.09
3093,2025-02-24,13,4,2,10.8,False,0.0,507.82
3094,2025-03-03,13,6,2,7.8,True,815.1,366.76
3095,2025-03-03,13,27,2,18.9,True,1975.05,888.68
3096,2025-03-03,13,4,2,7.3,False,0.0,343.25
3097,2025-03-10,13,27,2,23.0,True,2403.5,1081.46
3098,2025-03-10,13,20,2,3.7,True,386.65,173.97
3099,2025-03-10,13,4,2,10.9,False,0.0,512.52
3100,2025-03-17,13,3,2,24.8,True,2591.6,1166.1
3101,2025-03-17,13,4,2,14.3,False,0.0,672.39
3102,2025-03-24,13,26,2,23.6,True,2466.2,1109.67
3103,2025-03-24,13,27,2,0.7,True,73.15,32.91
3104,2025-03-24,13,4,2,12.0,False,0.0,564.24
3105,2025-03-31,13,3,3,33.3,True,3479.85,1565.77
3106,2025-03-31,13,4,3,6.7,False,0.0,315.03
3107,2025-04-07,13,18,2,27.8,True,2905.1,1307.16
3108,2025-04-07,13,4,2,5.7,False,0.0,268.01
3109,2025-04-14,13,6,2,26.0,True,2717.0,1222.52
3110,2025-04-14,13,4,2,7.8,False,0.0,366.76
3111,2025-04-21,13,18,2,6.4,True,668.8,300.93
3112,2025-04-21,13,26,2,22.6,True,2361.7,1062.65
3113,2025-04-21,13,4,2,6.2,False,0.0,291.52
3114,2025-04-28,13,18,1,0.5,True,52.25,23.51
3115,2025-04-28,13,26,1,31.8,True,3323.1,1495.24
3116,2025-04-28,13,4,1,4.3,False,0.0,202.19
3117,2025-05-05,13,18,2,23.7,True,2476.65,1114.37
3118,2025-05-05,13,1,2,3.3,True,344.85,155.17
3119,2025-05-05,13,4,2,9.2,False,0.0,432.58
3120,2025-05-12,13,2,2,27.2,True,2842.4,1278.94
3121,2025-05-12,13,4,2,9.8,False,0.0,460.8
3122,2025-05-19,13,27,2,22.9,True,2393.05,1076.76
3123,2025-05-19,13,1,2,11.0,True,1149.5,517.22
3124,2025-05-19,13,4,2,5.5,False,0.0,258.61
3125,2025-05-26,13,20,2,23.1,True,2413.95,1086.16
3126,2025-05-26,13,4,2,7.0,False,0.0,329.14
3127,2025-06-02,13,2,1,12.4,True,1295.8,583.05
3128,2025-06-02,13,18,1,12.0,True,1254.0,564.24
3129,2025-06-02,13,4,1,6.3,False,0.0,296.23
3130,2025-06-09,13,27,3,27.9,True,2915.55,1311.86
3131,2025-06-09,13,4,3,4.9,False,0.0,230.4
3132,2025-06-16,13,20,2,23.7,True,2476.65,1114.37
3133,2025-06-16,13,4,2,6.8,False,0.0,319.74
3134,2025-06-23,13,6,2,27.1,True,2831.95,1274.24
3135,2025-06-23,13,4,2,7.4,False,0.0,347.95
3136,2025-06-30,13,6,2,18.7,True,1954.15,879.27
3137,2025-06-30,13,3,2,4.4,True,459.8,206.89
3138,2025-06-30,13,4,2,8.4,False,0.0,394.97
3139,2025-07-07,13,26,2,3.4,True,355.3,159.87
3140,2025-07-07,13,18,2,10.4,True,1086.8,489.01
3141,2025-07-07,13,4,2,6.0,False,0.0,282.12
3142,2025-07-14,13,27,2,12.0,True,1254.0,564.24
3143,2025-07-14,13,3,2,5.0,True,522.5,235.1
3144,2025-07-14,13,4,2,2.7,False,0.0,126.95
3145,2025-07-21,13,27,2,14.2,True,1483.9,667.68
3146,2025-07-21,13,4,2,6.2,False,0.0,291.52
3147,2025-07-28,13,1,2,12.3,True,1285.35,578.35
3148,2025-07-28,13,20,2,5.5,True,574.75,258.61
3149,2025-07-28,13,4,2,3.7,False,0.0,173.97
3150,2025-08-04,13,1,2,19.5,True,2037.75,916.89
3151,2025-08-04,13,4,2,11.8,False,0.0,554.84
3152,2025-08-11,13,1,2,22.8,True,2382.6,1072.06
3153,2025-08-11,13,4,2,10.4,False,0.0,489.01
3154,2025-08-18,13,2,2,23.1,True,2413.95,1086.16
3155,2025-08-18,13,4,2,9.7,False,0.0,456.09
3156,2025-08-25,13,3,2,24.5,True,2560.25,1151.99
3157,2025-08-25,13,4,2,11.1,False,0.0,521.92
3158,2025-09-01,13,20,1,32.5,True,3396.25,1528.15
3159,2025-09-01,13,4,1,3.0,False,0.0,141.06
3160,2025-09-08,13,27,2,25.5,True,2664.75,1199.01
3161,2025-09-08,13,3,2,4.1,True,428.45,192.78
3162,2025-09-08,13,4,2,6.0,False,0.0,282.12
3163,2025-09-15,13,2,2,30.7,True,3208.15,1443.51
3164,2025-09-15,13,4,2,8.8,False,0.0,413.78
3165,2025-09-22,13,27,1,25.1,True,2622.95,1180.2
3166,2025-09-22,13,4,1,8.4,False,0.0,394.97
3167,2025-09-29,13,1,2,11.3,True,1180.85,531.33
3168,2025-09-29,13,27,2,20.4,True,2131.8,959.21
3169,2025-09-29,13,4,2,5.6,False,0.0,263.31
3170,2025-10-06,13,3,1,27.1,True,2831.95,1274.24
3171,2025-10-06,13,4,1,11.6,False,0.0,545.43
3172,2025-10-13,13,6,2,11.0,True,1149.5,517.22
3173,2025-10-13,13,3,2,14.0,True,1463.0,658.28
3174,2025-10-13,13,4,2,10.9,False,0.0,512.52
3175,2025-10-20,13,27,2,22.3,True,2330.35,1048.55
3176,2025-10-20,13,1,2,7.4,True,773.3,347.95
3177,2025-10-20,13,4,2,7.0,False,0.0,329.14
3178,2025-10-27,13,2,2,10.1,True,1055.45,474.9
3179,2025-10-27,13,26,2,15.9,True,1661.55,747.62
3180,2025-10-27,13,4,2,13.3,False,0.0,625.37
3181,2025-11-03,13,27,1,31.5,True,3291.75,1481.13
3182,2025-11-03,13,4,1,7.3,False,0.0,343.25
3183,2025-11-10,13,18,2,24.3,True,2539.35,1142.59
3184,2025-11-10,13,3,2,3.2,True,334.4,150.46
3185,2025-11-10,13,4,2,7.4,False,0.0,347.95
3186,2025-11-17,13,20,2,29.6,True,3093.2,1391.79
3187,2025-11-17,13,4,2,5.1,False,0.0,239.8
3188,2025-11-24,13,6,2,10.4,True,1086.8,489.01
3189,2025-11-24,13,1,2,19.8,True,2069.1,931.0
3190,2025-11-24,13,4,2,4.5,False,0.0,211.59
3191,2025-12-01,13,20,2,2.1,True,219.45,98.74
3192,2025-12-01,13,2,2,22.6,True,2361.7,1062.65
3193,2025-12-01,13,4,2,6.9,False,0.0,324.44
3194,2025-12-08,13,27,2,22.6,True,2361.7,1062.65
3195,2025-12-08,13,4,2,8.2,False,0.0,385.56
3196,2025-12-15,13,18,1,24.4,True,2549.8,1147.29
3197,2025-12-15,13,4,1,7.3,False,0.0,343.25
3198,2025-12-22,13,6,2,17.4,True,1818.3,818.15
3199,2025-12-22,13,4,2,11.5,False,0.0,540.73
3200,2025-12-29,13,2,3,26.8,True,2800.6,1260.14
3201,2025-12-29,13,4,3,5.9,False,0.0,277.42
3202,2024-01-01,14,27,2,25.5,True,3646.5,1640.92
3203,2024-01-01,14,4,2,12.5,False,0.0,804.37
3204,2024-01-08,14,1,2,23.8,True,3403.4,1531.53
3205,2024-01-08,14,4,2,10.0,False,0.0,643.5
3206,2024-01-15,14,3,2,23.8,True,3403.4,1531.53
3207,2024-01-15,14,4,2,9.9,False,0.0,637.06
3208,2024-01-22,14,3,2,6.6,True,943.8,424.71
3209,2024-01-22,14,26,2,13.7,True,1959.1,881.59
3210,2024-01-22,14,4,2,15.2,False,0.0,978.12
3211,2024-01-29,14,27,1,4.0,True,572.0,257.4
3212,2024-01-29,14,1,1,19.9,True,2845.7,1280.56
3213,2024-01-29,14,4,1,12.8,False,0.0,823.68
3214,2024-02-05,14,27,2,27.9,True,3989.7,1795.36
3215,2024-02-05,14,4,2,9.3,False,0.0,598.46
3216,2024-02-12,14,27,2,21.8,True,3117.4,1402.83
3217,2024-02-12,14,4,2,12.3,False,0.0,791.5
3218,2024-02-19,14,26,2,12.7,True,1816.1,817.24
3219,2024-02-19,14,1,2,14.4,True,2059.2,926.64
3220,2024-02-19,14,4,2,10.4,False,0.0,669.24
3221,2024-02-26,14,1,2,23.1,True,3303.3,1486.48
3222,2024-02-26,14,3,2,5.1,True,729.3,328.18
3223,2024-02-26,14,4,2,12.8,False,0.0,823.68
3224,2024-03-04,14,1,2,32.0,True,4576.0,2059.2
3225,2024-03-04,14,4,2,7.9,False,0.0,508.36
3226,2024-03-11,14,6,2,20.3,True,2902.9,1306.3
3227,2024-03-11,14,4,2,12.0,False,0.0,772.2
3228,2024-03-18,14,26,2,11.9,True,1701.7,765.76
3229,2024-03-18,14,20,2,7.1,True,1015.3,456.88
3230,2024-03-18,14,4,2,14.7,False,0.0,945.94
3231,2024-03-25,14,2,2,30.0,True,4290.0,1930.5
3232,2024-03-25,14,4,2,11.2,False,0.0,720.72
3233,2024-04-01,14,20,2,20.4,True,2917.2,1312.74
3234,2024-04-01,14,4,2,13.9,False,0.0,894.46
3235,2024-04-08,14,18,2,20.4,True,2917.2,1312.74
3236,2024-04-08,14,4,2,14.7,False,0.0,945.94
3237,2024-04-15,14,1,2,20.6,True,2945.8,1325.61
3238,2024-04-15,14,4,2,13.1,False,0.0,842.98
3239,2024-04-22,14,20,1,23.9,True,3417.7,1537.96
3240,2024-04-22,14,4,1,10.5,False,0.0,675.68
3241,2024-04-29,14,2,2,25.8,True,3689.4,1660.23
3242,2024-04-29,14,4,2,9.0,False,0.0,579.15
3243,2024-05-06,14,27,2,3.8,True,543.4,244.53
3244,2024-05-06,14,26,2,14.3,True,2044.9,920.2
3245,2024-05-06,14,4,2,18.4,False,0.0,1184.04
3246,2024-05-13,14,2,2,25.1,True,3589.3,1615.18
3247,2024-05-13,14,4,2,10.6,False,0.0,682.11
3248,2024-05-20,14,18,2,23.1,True,3303.3,1486.48
3249,2024-05-20,14,4,2,13.2,False,0.0,849.42
3250,2024-05-27,14,18,2,2.7,True,386.1,173.74
3251,2024-05-27,14,2,2,23.8,True,3403.4,1531.53
3252,2024-05-27,14,4,2,11.3,False,0.0,727.16
3253,2024-06-03,14,18,1,16.1,True,2302.3,1036.04
3254,2024-06-03,14,1,1,3.9,True,557.7,250.96
3255,2024-06-03,14,4,1,15.6,False,0.0,1003.86
3256,2024-06-10,14,2,2,16.9,True,2416.7,1087.51
3257,2024-06-10,14,4,2,12.6,False,0.0,810.81
3258,2024-06-17,14,18,2,8.1,True,1158.3,521.23
3259,2024-06-17,14,1,2,14.0,True,2002.0,900.9
3260,2024-06-17,14,4,2,11.1,False,0.0,714.28
3261,2024-06-24,14,20,3,25.9,True,3703.7,1666.66
3262,2024-06-24,14,4,3,5.9,False,0.0,379.66
3263,2024-07-01,14,6,1,12.6,True,1801.8,810.81
3264,2024-07-01,14,4,1,5.4,False,0.0,347.49
3265,2024-07-08,14,18,3,14.4,True,2059.2,926.64
3266,2024-07-08,14,20,3,2.2,True,314.6,141.57
3267,2024-07-08,14,4,3,2.3,False,0.0,148.0
3268,2024-07-15,14,20,2,7.1,True,1015.3,456.88
3269,2024-07-15,14,18,2,9.4,True,1344.2,604.89
3270,2024-07-15,14,4,2,4.4,False,0.0,283.14
3271,2024-07-22,14,18,2,12.8,True,1830.4,823.68
3272,2024-07-22,14,4,2,7.0,False,0.0,450.45
3273,2024-07-29,14,27,3,13.7,True,1959.1,881.59
3274,2024-07-29,14,4,3,4.6,False,0.0,296.01
3275,2024-08-05,14,20,2,19.0,True,2717.0,1222.65
3276,2024-08-05,14,4,2,10.9,False,0.0,701.42
3277,2024-08-12,14,1,2,4.0,True,572.0,257.4
3278,2024-08-12,14,6,2,16.2,True,2316.6,1042.47
3279,2024-08-12,14,4,2,12.7,False,0.0,817.24
3280,2024-08-19,14,3,2,24.6,True,3517.8,1583.01
3281,2024-08-19,14,4,2,8.0,False,0.0,514.8
3282,2024-08-26,14,6,2,23.5,True,3360.5,1512.22
3283,2024-08-26,14,4,2,11.6,False,0.0,746.46
3284,2024-09-02,14,1,2,29.8,True,4261.4,1917.63
3285,2024-09-02,14,4,2,10.1,False,0.0,649.93
3286,2024-09-09,14,27,1,9.3,True,1329.9,598.46
3287,2024-09-09,14,2,1,11.0,True,1573.0,707.85
3288,2024-09-09,14,4,1,16.1,False,0.0,1036.04
3289,2024-09-16,14,1,2,23.9,True,3417.7,1537.96
3290,2024-09-16,14,6,2,1.4,True,200.2,90.09
3291,2024-09-16,14,4,2,14.3,False,0.0,920.2
3292,2024-09-23,14,20,1,15.9,True,2273.7,1023.16
3293,2024-09-23,14,6,1,9.7,True,1387.1,624.19
3294,2024-09-23,14,4,1,10.8,False,0.0,694.98
3295,2024-09-30,14,20,2,27.0,True,3861.0,1737.45
3296,2024-09-30,14,2,2,2.1,True,300.3,135.14
3297,2024-09-30,14,4,2,10.1,False,0.0,649.93
3298,2024-10-07,14,26,2,8.3,True,1186.9,534.1
3299,2024-10-07,14,3,2,12.8,True,1830.4,823.68
3300,2024-10-07,14,4,2,12.9,False,0.0,830.11
3301,2024-10-14,14,18,3,24.4,True,3489.2,1570.14
3302,2024-10-14,14,4,3,11.9,False,0.0,765.76
3303,2024-10-21,14,20,2,17.0,True,2431.0,1093.95
3304,2024-10-21,14,1,2,8.9,True,1272.7,572.71
3305,2024-10-21,14,4,2,10.0,False,0.0,643.5
3306,2024-10-28,14,18,2,26.1,True,3732.3,1679.54
3307,2024-10-28,14,4,2,11.6,False,0.0,746.46
3308,2024-11-04,14,18,2,23.0,True,3289.0,1480.05
3309,2024-11-04,14,4,2,14.4,False,0.0,926.64
3310,2024-11-11,14,18,2,18.3,True,2616.9,1177.6
3311,2024-11-11,14,4,2,17.1,False,0.0,1100.38
3312,2024-11-18,14,3,3,27.3,True,3903.9,1756.76
3313,2024-11-18,14,1,3,0.6,True,85.8,38.61
3314,2024-11-18,14,4,3,6.1,False,0.0,392.54
3315,2024-11-25,14,3,1,18.2,True,2602.6,1171.17
3316,2024-11-25,14,18,1,11.2,True,1601.6,720.72
3317,2024-11-25,14,4,1,7.8,False,0.0,501.93
3318,2024-12-02,14,26,1,26.4,True,3775.2,1698.84
3319,2024-12-02,14,4,1,2.6,False,0.0,167.31
3320,2024-12-09,14,3,3,24.0,True,3432.0,1544.4
3321,2024-12-09,14,4,3,4.8,False,0.0,308.88
3322,2024-12-16,14,6,2,13.6,True,1944.8,875.16
3323,2024-12-16,14,26,2,2.1,True,300.3,135.14
3324,2024-12-16,14,4,2,9.5,False,0.0,611.32
3325,2024-12-23,14,27,2,5.2,True,743.6,334.62
3326,2024-12-23,14,6,2,16.9,True,2416.7,1087.51
3327,2024-12-23,14,4,2,8.4,False,0.0,540.54
3328,2024-12-30,14,27,2,13.0,True,1859.0,836.55
3329,2024-12-30,14,20,2,7.2,True,1029.6,463.32
3330,2024-12-30,14,4,2,6.6,False,0.0,424.71
3331,2025-01-06,14,1,3,23.8,True,3403.4,1531.53
3332,2025-01-06,14,4,3,9.9,False,0.0,637.06
3333,2025-01-13,14,26,2,24.8,True,3546.4,1595.88
3334,2025-01-13,14,4,2,12.7,False,0.0,817.24
3335,2025-01-20,14,2,2,23.4,True,3346.2,1505.79
3336,2025-01-20,14,4,2,12.0,False,0.0,772.2
3337,2025-01-27,14,27,2,19.8,True,2831.4,1274.13
3338,2025-01-27,14,4,2,9.6,False,0.0,617.76
3339,2025-02-03,14,2,2,4.9,True,700.7,315.32
3340,2025-02-03,14,18,2,23.4,True,3346.2,1505.79
3341,2025-02-03,14,4,2,10.8,False,0.0,694.98
3342,2025-02-10,14,6,1,6.3,True,900.9,405.4
3343,2025-02-10,14,1,1,13.4,True,1916.2,862.29
3344,2025-02-10,14,4,1,18.1,False,0.0,1164.73
3345,2025-02-17,14,18,2,24.6,True,3517.8,1583.01
3346,2025-02-17,14,4,2,10.5,False,0.0,675.68
3347,2025-02-24,14,6,2,7.6,True,1086.8,489.06
3348,2025-02-24,14,2,2,15.9,True,2273.7,1023.16
3349,2025-02-24,14,4,2,14.1,False,0.0,907.33
3350,2025-03-03,14,26,2,24.6,True,3517.8,1583.01
3351,2025-03-03,14,4,2,14.8,False,0.0,952.38
3352,2025-03-10,14,3,1,22.3,True,3188.9,1435.0
3353,2025-03-10,14,4,1,11.9,False,0.0,765.76
3354,2025-03-17,14,20,2,26.9,True,3846.7,1731.01
3355,2025-03-17,14,4,2,11.3,False,0.0,727.16
3356,2025-03-24,14,27,2,22.8,True,3260.4,1467.18
3357,2025-03-24,14,4,2,8.4,False,0.0,540.54
3358,2025-03-31,14,18,2,26.7,True,3818.1,1718.14
3359,2025-03-31,14,4,2,11.7,False,0.0,752.89
3360,2025-04-07,14,1,2,30.7,True,4390.1,1975.54
3361,2025-04-07,14,6,2,2.4,True,343.2,154.44
3362,2025-04-07,14,4,2,6.9,False,0.0,444.02
3363,2025-04-14,14,3,2,23.8,True,3403.4,1531.53
3364,2025-04-14,14,4,2,9.8,False,0.0,630.63
3365,2025-04-21,14,3,2,23.1,True,3303.3,1486.48
3366,2025-04-21,14,4,2,12.4,False,0.0,797.94
3367,2025-04-28,14,1,1,23.4,True,3346.2,1505.79
3368,2025-04-28,14,4,1,10.0,False,0.0,643.5
3369,2025-05-05,14,3,1,22.8,True,3260.4,1467.18
3370,2025-05-05,14,26,1,3.9,True,557.7,250.96
3371,2025-05-05,14,4,1,11.1,False,0.0,714.28
3372,2025-05-12,14,1,2,24.4,True,3489.2,1570.14
3373,2025-05-12,14,4,2,12.5,False,0.0,804.37
3374,2025-05-19,14,27,2,27.2,True,3889.6,1750.32
3375,2025-05-19,14,4,2,11.2,False,0.0,720.72
3376,2025-05-26,14,26,1,23.3,True,3331.9,1499.36
3377,2025-05-26,14,4,1,17.6,False,0.0,1132.56
3378,2025-06-02,14,27,2,17.9,True,2559.7,1151.86
3379,2025-06-02,14,4,2,12.2,False,0.0,785.07
3380,2025-06-09,14,27,2,16.9,True,2416.7,1087.51
3381,2025-06-09,14,4,2,12.0,False,0.0,772.2
3382,2025-06-16,14,20,2,24.3,True,3474.9,1563.7
3383,2025-06-16,14,4,2,9.6,False,0.0,617.76
3384,2025-06-23,14,20,2,21.5,True,3074.5,1383.52
3385,2025-06-23,14,1,2,1.4,True,200.2,90.09
3386,2025-06-23,14,4,2,10.6,False,0.0,682.11
3387,2025-06-30,14,27,2,24.7,True,3532.1,1589.44
3388,2025-06-30,14,4,2,6.8,False,0.0,437.58
3389,2025-07-07,14,1,2,14.6,True,2087.8,939.51
3390,2025-07-07,14,4,2,3.7,False,0.0,238.1
3391,2025-07-14,14,26,2,6.8,True,972.4,437.58
3392,2025-07-14,14,6,2,5.1,True,729.3,328.18
3393,2025-07-14,14,4,2,8.4,False,0.0,540.54
3394,2025-07-21,14,3,2,15.0,True,2145.0,965.25
3395,2025-07-21,14,4,2,3.8,False,0.0,244.53
3396,2025-07-28,14,20,2,13.3,True,1901.9,855.86
3397,2025-07-28,14,4,2,6.0,False,0.0,386.1
3398,2025-08-04,14,27,1,25.1,True,3589.3,1615.18
3399,2025-08-04,14,4,1,9.2,False,0.0,592.02
3400,2025-08-11,14,2,2,12.8,True,1830.4,823.68
3401,2025-08-11,14,20,2,5.3,True,757.9,341.05
3402,2025-08-11,14,4,2,19.1,False,0.0,1229.08
3403,2025-08-18,14,3,1,26.0,True,3718.0,1673.1
3404,2025-08-18,14,4,1,9.0,False,0.0,579.15
3405,2025-08-25,14,18,1,2.6,True,371.8,167.31
3406,2025-08-25,14,1,1,15.1,True,2159.3,971.68
3407,2025-08-25,14,4,1,10.5,False,0.0,675.68
3408,2025-09-01,14,1,2,18.5,True,2645.5,1190.47
3409,2025-09-01,14,20,2,8.8,True,1258.4,566.28
3410,2025-09-01,14,4,2,11.3,False,0.0,727.16
3411,2025-09-08,14,18,2,25.0,True,3575.0,1608.75
3412,2025-09-08,14,4,2,13.4,False,0.0,862.29
3413,2025-09-15,14,20,2,19.6,True,2802.8,1261.26
3414,2025-09-15,14,4,2,15.6,False,0.0,1003.86
3415,2025-09-22,14,6,2,26.2,True,3746.6,1685.97
3416,2025-09-22,14,4,2,9.3,False,0.0,598.46
3417,2025-09-29,14,27,2,16.1,True,2302.3,1036.04
3418,2025-09-29,14,26,2,6.6,True,943.8,424.71
3419,2025-09-29,14,4,2,10.7,False,0.0,688.54
3420,2025-10-06,14,3,2,24.0,True,3432.0,1544.4
3421,2025-10-06,14,4,2,15.8,False,0.0,1016.73
3422,2025-10-13,14,3,1,32.7,True,4676.1,2104.24
3423,2025-10-13,14,4,1,6.4,False,0.0,411.84
3424,2025-10-20,14,1,2,11.2,True,1601.6,720.72
3425,2025-10-20,14,26,2,19.0,True,2717.0,1222.65
3426,2025-10-20,14,4,2,7.1,False,0.0,456.88
3427,2025-10-27,14,20,2,8.7,True,1244.1,559.84
3428,2025-10-27,14,2,2,13.7,True,1959.1,881.59
3429,2025-10-27,14,4,2,16.0,False,0.0,1029.6
3430,2025-11-03,14,20,2,26.7,True,3818.1,1718.14
3431,2025-11-03,14,4,2,9.3,False,0.0,598.46
3432,2025-11-10,14,2,2,12.7,True,1816.1,817.24
3433,2025-11-10,14,1,2,12.5,True,1787.5,804.37
3434,2025-11-10,14,4,2,15.5,False,0.0,997.42
3435,2025-11-17,14,2,3,1.0,True,143.0,64.35
3436,2025-11-17,14,1,3,27.8,True,3975.4,1788.93
3437,2025-11-17,14,4,3,8.5,False,0.0,546.97
3438,2025-11-24,14,6,2,15.8,True,2259.4,1016.73
3439,2025-11-24,14,20,2,9.7,True,1387.1,624.19
3440,2025-11-24,14,4,2,12.0,False,0.0,772.2
3441,2025-12-01,14,6,2,15.4,True,2202.2,990.99
3442,2025-12-01,14,20,2,6.2,True,886.6,398.97
3443,2025-12-01,14,4,2,6.3,False,0.0,405.4
3444,2025-12-08,14,18,2,9.8,True,1401.4,630.63
3445,2025-12-08,14,2,2,9.7,True,1387.1,624.19
3446,2025-12-08,14,4,2,8.5,False,0.0,546.97
3447,2025-12-15,14,3,2,19.4,True,2774.2,1248.39
3448,2025-12-15,14,6,2,1.2,True,171.6,77.22
3449,2025-12-15,14,4,2,8.5,False,0.0,546.97
3450,2025-12-22,14,18,2,18.5,True,2645.5,1190.47
3451,2025-12-22,14,4,2,9.5,False,0.0,611.32
3452,2025-12-29,14,27,2,15.5,True,2216.5,997.42
3453,2025-12-29,14,4,2,10.7,False,0.0,688.54
3454,2024-01-01,15,19,3,14.7,True,2388.75,1074.86
3455,2024-01-01,15,23,3,6.4,True,1040.0,467.97
3456,2024-01-01,15,17,3,10.3,False,0.0,753.14
3457,2024-01-08,15,15,2,11.8,True,1917.5,862.82
3458,2024-01-08,15,23,2,8.8,True,1430.0,643.46
3459,2024-01-08,15,17,2,13.2,False,0.0,965.18
3460,2024-01-15,15,19,3,24.8,True,4030.0,1813.38
3461,2024-01-15,15,17,3,9.0,False,0.0,658.08
3462,2024-01-22,15,23,3,7.4,True,1202.5,541.09
3463,2024-01-22,15,19,3,14.8,True,2405.0,1082.18
3464,2024-01-22,15,17,3,11.0,False,0.0,804.32
3465,2024-01-29,15,15,3,29.9,True,4858.75,2186.29
3466,2024-01-29,15,17,3,7.1,False,0.0,519.15
3467,2024-02-05,15,15,1,19.7,True,3201.25,1440.46
3468,2024-02-05,15,23,1,7.5,True,1218.75,548.4
3469,2024-02-05,15,17,1,10.7,False,0.0,782.38
3470,2024-02-12,15,19,1,20.2,True,3282.5,1477.02
3471,2024-02-12,15,17,1,14.4,False,0.0,1052.93
3472,2024-02-19,15,23,2,23.9,True,3883.75,1747.57
3473,2024-02-19,15,17,2,11.6,False,0.0,848.19
3474,2024-02-26,15,23,3,15.8,True,2567.5,1155.3
3475,2024-02-26,15,19,3,10.2,True,1657.5,745.82
3476,2024-02-26,15,17,3,6.6,False,0.0,482.59
3477,2024-03-04,15,19,2,23.3,True,3786.25,1703.7
3478,2024-03-04,15,17,2,16.5,False,0.0,1206.48
3479,2024-03-11,15,23,3,5.8,True,942.5,424.1
3480,2024-03-11,15,19,3,20.7,True,3363.75,1513.58
3481,2024-03-11,15,17,3,5.0,False,0.0,365.6
3482,2024-03-18,15,23,3,29.8,True,4842.5,2178.98
3483,2024-03-18,15,17,3,6.3,False,0.0,460.66
3484,2024-03-25,15,15,1,25.3,True,4111.25,1849.94
3485,2024-03-25,15,17,1,8.2,False,0.0,599.58
3486,2024-04-01,15,15,3,26.3,True,4273.75,1923.06
3487,2024-04-01,15,17,3,11.5,False,0.0,840.88
3488,2024-04-08,15,15,1,28.7,True,4663.75,2098.54
3489,2024-04-08,15,17,1,11.2,False,0.0,818.94
3490,2024-04-15,15,19,1,22.8,True,3705.0,1667.14
3491,2024-04-15,15,17,1,13.0,False,0.0,950.56
3492,2024-04-22,15,15,3,22.1,True,3591.25,1615.95
3493,2024-04-22,15,17,3,11.3,False,0.0,826.26
3494,2024-04-29,15,23,2,20.9,True,3396.25,1528.21
3495,2024-04-29,15,17,2,13.3,False,0.0,972.5
3496,2024-05-06,15,15,3,27.8,True,4517.5,2032.74
3497,2024-05-06,15,17,3,12.1,False,0.0,884.75
3498,2024-05-13,15,15,2,15.7,True,2551.25,1147.98
3499,2024-05-13,15,19,2,8.6,True,1397.5,628.83
3500,2024-05-13,15,17,2,10.4,False,0.0,760.45
3501,2024-05-20,15,23,1,0.7,True,113.75,51.18
3502,2024-05-20,15,19,1,20.5,True,3331.25,1498.96
3503,2024-05-20,15,17,1,14.5,False,0.0,1060.24
3504,2024-05-27,15,23,1,1.5,True,243.75,109.68
3505,2024-05-27,15,19,1,22.0,True,3575.0,1608.64
3506,2024-05-27,15,17,1,13.8,False,0.0,1009.06
3507,2024-06-03,15,19,1,10.3,True,1673.75,753.14
3508,2024-06-03,15,23,1,15.6,True,2535.0,1140.67
3509,2024-06-03,15,17,1,6.6,False,0.0,482.59
3510,2024-06-10,15,15,3,20.9,True,3396.25,1528.21
3511,2024-06-10,15,23,3,3.2,True,520.0,233.98
3512,2024-06-10,15,17,3,5.4,False,0.0,394.85
3513,2024-06-17,15,19,3,13.1,True,2128.75,957.87
3514,2024-06-17,15,23,3,7.3,True,1186.25,533.78
3515,2024-06-17,15,17,3,12.2,False,0.0,892.06
3516,2024-06-24,15,15,2,21.0,True,3412.5,1535.52
3517,2024-06-24,15,17,2,12.6,False,0.0,921.31
3518,2024-07-01,15,15,1,11.2,True,1820.0,818.94
3519,2024-07-01,15,17,1,8.1,False,0.0,592.27
3520,2024-07-08,15,19,3,12.3,True,1998.75,899.38
3521,2024-07-08,15,17,3,7.5,False,0.0,548.4
3522,2024-07-15,15,19,2,11.7,True,1901.25,855.5
3523,2024-07-15,15,17,2,8.7,False,0.0,636.14
3524,2024-07-22,15,19,2,5.4,True,877.5,394.85
3525,2024-07-22,15,23,2,10.9,True,1771.25,797.01
3526,2024-07-22,15,17,2,6.4,False,0.0,467.97
3527,2024-07-29,15,19,1,3.1,True,503.75,226.67
3528,2024-07-29,15,23,1,10.2,True,1657.5,745.82
3529,2024-07-29,15,17,1,9.4,False,0.0,687.33
3530,2024-08-05,15,15,3,23.6,True,3835.0,1725.63
3531,2024-08-05,15,17,3,8.1,False,0.0,592.27
3532,2024-08-12,15,15,3,10.0,True,1625.0,731.2
3533,2024-08-12,15,19,3,12.8,True,2080.0,935.94
3534,2024-08-12,15,17,3,10.5,False,0.0,767.76
3535,2024-08-19,15,23,1,25.8,True,4192.5,1886.5
3536,2024-08-19,15,17,1,7.4,False,0.0,541.09
3537,2024-08-26,15,19,2,21.4,True,3477.5,1564.77
3538,2024-08-26,15,17,2,9.5,False,0.0,694.64
3539,2024-09-02,15,15,1,1.2,True,195.0,87.74
3540,2024-09-02,15,23,1,23.8,True,3867.5,1740.26
3541,2024-09-02,15,17,1,14.0,False,0.0,1023.68
3542,2024-09-09,15,23,3,26.0,True,4225.0,1901.12
3543,2024-09-09,15,17,3,8.9,False,0.0,650.77
3544,2024-09-16,15,23,2,23.1,True,3753.75,1689.07
3545,2024-09-16,15,17,2,14.1,False,0.0,1030.99
3546,2024-09-23,15,15,1,28.3,True,4598.75,2069.3
3547,2024-09-23,15,23,1,2.7,True,438.75,197.42
3548,2024-09-23,15,17,1,11.0,False,0.0,804.32
3549,2024-09-30,15,15,2,12.6,True,2047.5,921.31
3550,2024-09-30,15,23,2,16.2,True,2632.5,1184.54
3551,2024-09-30,15,17,2,10.7,False,0.0,782.38
3552,2024-10-07,15,15,1,21.8,True,3542.5,1594.02
3553,2024-10-07,15,17,1,13.9,False,0.0,1016.37
3554,2024-10-14,15,23,1,27.1,True,4403.75,1981.55
3555,2024-10-14,15,17,1,9.1,False,0.0,665.39
3556,2024-10-21,15,15,1,22.1,True,3591.25,1615.95
3557,2024-10-21,15,17,1,8.6,False,0.0,628.83
3558,2024-10-28,15,19,2,13.2,True,2145.0,965.18
3559,2024-10-28,15,23,2,5.3,True,861.25,387.54
3560,2024-10-28,15,17,2,17.2,False,0.0,1257.66
3561,2024-11-04,15,19,1,20.1,True,3266.25,1469.71
3562,2024-11-04,15,15,1,4.8,True,780.0,350.98
3563,2024-11-04,15,17,1,10.4,False,0.0,760.45
3564,2024-11-11,15,19,1,24.8,True,4030.0,1813.38
3565,2024-11-11,15,17,1,9.7,False,0.0,709.26
3566,2024-11-18,15,19,2,10.9,True,1771.25,797.01
3567,2024-11-18,15,15,2,12.5,True,2031.25,914.0
3568,2024-11-18,15,17,2,11.5,False,0.0,840.88
3569,2024-11-25,15,19,1,0.7,True,113.75,51.18
3570,2024-11-25,15,15,1,20.7,True,3363.75,1513.58
3571,2024-11-25,15,17,1,15.7,False,0.0,1147.98
3572,2024-12-02,15,15,3,19.5,True,3168.75,1425.84
3573,2024-12-02,15,17,3,8.4,False,0.0,614.21
3574,2024-12-09,15,23,3,20.5,True,3331.25,1498.96
3575,2024-12-09,15,17,3,5.7,False,0.0,416.78
3576,2024-12-16,15,19,3,14.4,True,2340.0,1052.93
3577,2024-12-16,15,23,3,7.5,True,1218.75,548.4
3578,2024-12-16,15,17,3,7.6,False,0.0,555.71
3579,2024-12-23,15,23,3,27.1,True,4403.75,1981.55
3580,2024-12-23,15,17,3,5.9,False,0.0,431.41
3581,2024-12-30,15,23,2,20.8,True,3380.0,1520.9
3582,2024-12-30,15,17,2,9.9,False,0.0,723.89
3583,2025-01-06,15,19,1,19.6,True,3185.0,1433.15
3584,2025-01-06,15,17,1,12.6,False,0.0,921.31
3585,2025-01-13,15,19,3,18.3,True,2973.75,1338.1
3586,2025-01-13,15,15,3,5.4,True,877.5,394.85
3587,2025-01-13,15,17,3,9.4,False,0.0,687.33
3588,2025-01-20,15,23,1,18.9,True,3071.25,1381.97
3589,2025-01-20,15,17,1,13.9,False,0.0,1016.37
3590,2025-01-27,15,15,2,10.3,True,1673.75,753.14
3591,2025-01-27,15,19,2,9.7,True,1576.25,709.26
3592,2025-01-27,15,17,2,16.7,False,0.0,1221.1
3593,2025-02-03,15,23,2,5.5,True,893.75,402.16
3594,2025-02-03,15,15,2,11.3,True,1836.25,826.26
3595,2025-02-03,15,17,2,17.8,False,0.0,1301.54
3596,2025-02-10,15,19,2,23.1,True,3753.75,1689.07
3597,2025-02-10,15,17,2,12.8,False,0.0,935.94
3598,2025-02-17,15,15,3,25.8,True,4192.5,1886.5
3599,2025-02-17,15,17,3,15.4,False,0.0,1126.05
3600,2025-02-24,15,19,1,24.0,True,3900.0,1754.88
3601,2025-02-24,15,17,1,10.6,False,0.0,775.07
3602,2025-03-03,15,15,1,19.6,True,3185.0,1433.15
3603,2025-03-03,15,17,1,14.7,False,0.0,1074.86
3604,2025-03-10,15,15,3,9.5,True,1543.75,694.64
3605,2025-03-10,15,23,3,16.8,True,2730.0,1228.42
3606,2025-03-10,15,17,3,8.3,False,0.0,606.9
3607,2025-03-17,15,23,1,25.2,True,4095.0,1842.62
3608,2025-03-17,15,17,1,10.4,False,0.0,760.45
3609,2025-03-24,15,19,3,29.4,True,4777.5,2149.73
3610,2025-03-24,15,17,3,4.3,False,0.0,314.42
3611,2025-03-31,15,19,1,26.3,True,4273.75,1923.06
3612,2025-03-31,15,17,1,13.1,False,0.0,957.87
3613,2025-04-07,15,15,3,24.2,True,3932.5,1769.5
3614,2025-04-07,15,17,3,11.3,False,0.0,826.26
3615,2025-04-14,15,19,3,8.8,True,1430.0,643.46
3616,2025-04-14,15,15,3,17.0,True,2762.5,1243.04
3617,2025-04-14,15,17,3,8.6,False,0.0,628.83
3618,2025-04-21,15,15,1,22.3,True,3623.75,1630.58
3619,2025-04-21,15,17,1,14.6,False,0.0,1067.55
3620,2025-04-28,15,23,2,22.8,True,3705.0,1667.14
3621,2025-04-28,15,17,2,10.6,False,0.0,775.07
3622,2025-05-05,15,19,2,24.1,True,3916.25,1762.19
3623,2025-05-05,15,17,2,12.5,False,0.0,914.0
3624,2025-05-12,15,19,3,26.8,True,4355.0,1959.62
3625,2025-05-12,15,17,3,10.2,False,0.0,745.82
3626,2025-05-19,15,15,2,0.7,True,113.75,51.18
3627,2025-05-19,15,19,2,21.5,True,3493.75,1572.08
3628,2025-05-19,15,17,2,12.7,False,0.0,928.62
3629,2025-05-26,15,15,2,22.3,True,3623.75,1630.58
3630,2025-05-26,15,17,2,10.5,False,0.0,767.76
3631,2025-06-02,15,15,2,15.5,True,2518.75,1133.36
3632,2025-06-02,15,23,2,7.4,True,1202.5,541.09
3633,2025-06-02,15,17,2,9.3,False,0.0,680.02
3634,2025-06-09,15,19,3,24.1,True,3916.25,1762.19
3635,2025-06-09,15,17,3,7.6,False,0.0,555.71
3636,2025-06-16,15,23,1,24.0,True,3900.0,1754.88
3637,2025-06-16,15,17,1,7.8,False,0.0,570.34
3638,2025-06-23,15,19,3,24.8,True,4030.0,1813.38
3639,2025-06-23,15,17,3,9.5,False,0.0,694.64
3640,2025-06-30,15,19,3,5.9,True,958.75,431.41
3641,2025-06-30,15,23,3,20.5,True,3331.25,1498.96
3642,2025-06-30,15,17,3,7.1,False,0.0,519.15
3643,2025-07-07,15,19,1,5.5,True,893.75,402.16
3644,2025-07-07,15,15,1,10.1,True,1641.25,738.51
3645,2025-07-07,15,17,1,4.3,False,0.0,314.42
3646,2025-07-14,15,15,2,10.2,True,1657.5,745.82
3647,2025-07-14,15,19,2,2.9,True,471.25,212.05
3648,2025-07-14,15,17,2,9.1,False,0.0,665.39
3649,2025-07-21,15,15,1,12.8,True,2080.0,935.94
3650,2025-07-21,15,17,1,7.8,False,0.0,570.34
3651,2025-07-28,15,15,2,5.3,True,861.25,387.54
3652,2025-07-28,15,19,2,6.2,True,1007.5,453.34
3653,2025-07-28,15,17,2,9.6,False,0.0,701.95
3654,2025-08-04,15,15,3,27.4,True,4452.5,2003.49
3655,2025-08-04,15,17,3,3.4,False,0.0,248.61
3656,2025-08-11,15,23,3,21.2,True,3445.0,1550.14
3657,2025-08-11,15,19,3,3.4,True,552.5,248.61
3658,2025-08-11,15,17,3,7.9,False,0.0,577.65
3659,2025-08-18,15,19,2,20.3,True,3298.75,1484.34
3660,2025-08-18,15,17,2,10.0,False,0.0,731.2
3661,2025-08-25,15,19,2,2.3,True,373.75,168.18
3662,2025-08-25,15,15,2,22.1,True,3591.25,1615.95
3663,2025-08-25,15,17,2,12.4,False,0.0,906.69
3664,2025-09-01,15,15,2,21.9,True,3558.75,1601.33
3665,2025-09-01,15,17,2,13.4,False,0.0,979.81
3666,2025-09-08,15,19,2,10.3,True,1673.75,753.14
3667,2025-09-08,15,23,2,13.6,True,2210.0,994.43
3668,2025-09-08,15,17,2,14.1,False,0.0,1030.99
3669,2025-09-15,15,23,3,12.7,True,2063.75,928.62
3670,2025-09-15,15,15,3,13.7,True,2226.25,1001.74
3671,2025-09-15,15,17,3,10.6,False,0.0,775.07
3672,2025-09-22,15,23,3,22.4,True,3640.0,1637.89
3673,2025-09-22,15,17,3,12.3,False,0.0,899.38
3674,2025-09-29,15,15,3,23.8,True,3867.5,1740.26
3675,2025-09-29,15,17,3,12.8,False,0.0,935.94
3676,2025-10-06,15,23,2,22.1,True,3591.25,1615.95
3677,2025-10-06,15,17,2,12.2,False,0.0,892.06
3678,2025-10-13,15,15,3,29.5,True,4793.75,2157.04
3679,2025-10-13,15,17,3,10.5,False,0.0,767.76
3680,2025-10-20,15,23,1,25.4,True,4127.5,1857.25
3681,2025-10-20,15,17,1,12.0,False,0.0,877.44
3682,2025-10-27,15,19,1,24.3,True,3948.75,1776.82
3683,2025-10-27,15,17,1,14.7,False,0.0,1074.86
3684,2025-11-03,15,23,2,23.0,True,3737.5,1681.76
3685,2025-11-03,15,17,2,14.3,False,0.0,1045.62
3686,2025-11-10,15,19,3,26.8,True,4355.0,1959.62
3687,2025-11-10,15,17,3,8.9,False,0.0,650.77
3688,2025-11-17,15,19,1,22.3,True,3623.75,1630.58
3689,2025-11-17,15,23,1,5.9,True,958.75,431.41
3690,2025-11-17,15,17,1,9.2,False,0.0,672.7
3691,2025-11-24,15,19,3,31.1,True,5053.75,2274.03
3692,2025-11-24,15,17,3,7.3,False,0.0,533.78
3693,2025-12-01,15,23,1,19.0,True,3087.5,1389.28
3694,2025-12-01,15,15,1,1.8,True,292.5,131.62
3695,2025-12-01,15,17,1,10.2,False,0.0,745.82
3696,2025-12-08,15,19,2,18.9,True,3071.25,1381.97
3697,2025-12-08,15,17,2,9.3,False,0.0,680.02
3698,2025-12-15,15,23,3,19.6,True,3185.0,1433.15
3699,2025-12-15,15,17,3,8.8,False,0.0,643.46
3700,2025-12-22,15,19,2,11.9,True,1933.75,870.13
3701,2025-12-22,15,23,2,7.6,True,1235.0,555.71
3702,2025-12-22,15,17,2,12.7,False,0.0,928.62
3703,2025-12-29,15,19,1,15.6,True,2535.0,1140.67
3704,2025-12-29,15,23,1,6.4,True,1040.0,467.97
3705,2025-12-29,15,17,1,10.5,False,0.0,767.76
3706,2024-01-01,16,15,3,30.5,True,3621.88,1629.92
3707,2024-01-01,16,17,3,4.1,False,0.0,219.1
3708,2024-01-08,16,19,3,31.9,True,3788.12,1704.74
3709,2024-01-08,16,17,3,2.7,False,0.0,144.29
3710,2024-01-15,16,23,2,3.0,True,356.25,160.32
3711,2024-01-15,16,19,2,23.5,True,2790.62,1255.84
3712,2024-01-15,16,17,2,12.7,False,0.0,678.69
3713,2024-01-22,16,23,1,22.8,True,2707.5,1218.43
3714,2024-01-22,16,17,1,9.9,False,0.0,529.06
3715,2024-01-29,16,15,3,27.0,True,3206.25,1442.88
3716,2024-01-29,16,17,3,6.8,False,0.0,363.39
3717,2024-02-05,16,23,3,24.0,True,2850.0,1282.56
3718,2024-02-05,16,17,3,8.2,False,0.0,438.21
3719,2024-02-12,16,15,2,19.0,True,2256.25,1015.36
3720,2024-02-12,16,19,2,6.4,True,760.0,342.02
3721,2024-02-12,16,17,2,6.1,False,0.0,325.98
3722,2024-02-19,16,15,2,21.2,True,2517.5,1132.93
3723,2024-02-19,16,17,2,13.0,False,0.0,694.72
3724,2024-02-26,16,15,1,28.4,True,3372.5,1517.7
3725,2024-02-26,16,17,1,8.6,False,0.0,459.58
3726,2024-03-04,16,23,3,25.6,True,3040.0,1368.06
3727,2024-03-04,16,15,3,2.7,True,320.62,144.29
3728,2024-03-04,16,17,3,6.8,False,0.0,363.39
3729,2024-03-11,16,23,1,28.7,True,3408.12,1533.73
3730,2024-03-11,16,17,1,11.0,False,0.0,587.84
3731,2024-03-18,16,15,3,16.4,True,1947.5,876.42
3732,2024-03-18,16,19,3,11.9,True,1413.12,635.94
3733,2024-03-18,16,17,3,5.4,False,0.0,288.58
3734,2024-03-25,16,19,2,24.1,True,2861.88,1287.9
3735,2024-03-25,16,17,2,10.2,False,0.0,545.09
3736,2024-04-01,16,15,2,25.6,True,3040.0,1368.06
3737,2024-04-01,16,17,2,9.0,False,0.0,480.96
3738,2024-04-08,16,15,3,27.5,True,3265.62,1469.6
3739,2024-04-08,16,17,3,5.8,False,0.0,309.95
3740,2024-04-15,16,15,1,29.0,True,3443.75,1549.76
3741,2024-04-15,16,17,1,5.7,False,0.0,304.61
3742,2024-04-22,16,23,2,23.0,True,2731.25,1229.12
3743,2024-04-22,16,17,2,12.1,False,0.0,646.62
3744,2024-04-29,16,19,3,34.0,True,4037.5,1816.96
3745,2024-04-29,16,17,3,4.0,False,0.0,213.76
3746,2024-05-06,16,23,1,25.8,True,3063.75,1378.75
3747,2024-05-06,16,17,1,12.7,False,0.0,678.69
3748,2024-05-13,16,15,2,28.3,True,3360.62,1512.35
3749,2024-05-13,16,17,2,9.1,False,0.0,486.3
3750,2024-05-20,16,23,1,26.1,True,3099.38,1394.78
3751,2024-05-20,16,17,1,11.3,False,0.0,603.87
3752,2024-05-27,16,19,3,12.5,True,1484.38,668.0
3753,2024-05-27,16,15,3,19.7,True,2339.38,1052.77
3754,2024-05-27,16,17,3,6.4,False,0.0,342.02
3755,2024-06-03,16,19,2,20.2,True,2398.75,1079.49
3756,2024-06-03,16,17,2,9.4,False,0.0,502.34
3757,2024-06-10,16,15,3,22.2,True,2636.25,1186.37
3758,2024-06-10,16,23,3,5.7,True,676.88,304.61
3759,2024-06-10,16,17,3,5.9,False,0.0,315.3
3760,2024-06-17,16,19,2,19.5,True,2315.62,1042.08
3761,2024-06-17,16,17,2,8.2,False,0.0,438.21
3762,2024-06-24,16,23,3,8.1,True,961.88,432.86
3763,2024-06-24,16,15,3,18.6,True,2208.75,993.98
3764,2024-06-24,16,17,3,5.2,False,0.0,277.89
3765,2024-07-01,16,19,1,14.1,True,1674.38,753.5
3766,2024-07-01,16,17,1,4.4,False,0.0,235.14
3767,2024-07-08,16,15,1,15.7,True,1864.38,839.01
3768,2024-07-08,16,17,1,3.6,False,0.0,192.38
3769,2024-07-15,16,19,3,14.5,True,1721.88,774.88
3770,2024-07-15,16,17,3,4.3,False,0.0,229.79
3771,2024-07-22,16,15,3,14.8,True,1757.5,790.91
3772,2024-07-22,16,17,3,5.6,False,0.0,299.26
3773,2024-07-29,16,15,1,15.9,True,1888.12,849.7
3774,2024-07-29,16,17,1,4.4,False,0.0,235.14
3775,2024-08-05,16,23,1,24.1,True,2861.88,1287.9
3776,2024-08-05,16,17,1,8.1,False,0.0,432.86
3777,2024-08-12,16,15,1,22.6,True,2683.75,1207.74
3778,2024-08-12,16,17,1,15.2,False,0.0,812.29
3779,2024-08-19,16,19,2,22.0,True,2612.5,1175.68
3780,2024-08-19,16,17,2,11.2,False,0.0,598.53
3781,2024-08-26,16,23,2,21.2,True,2517.5,1132.93
3782,2024-08-26,16,17,2,9.7,False,0.0,518.37
3783,2024-09-02,16,23,3,26.1,True,3099.38,1394.78
3784,2024-09-02,16,17,3,8.6,False,0.0,459.58
3785,2024-09-09,16,19,3,20.6,True,2446.25,1100.86
3786,2024-09-09,16,23,3,12.1,True,1436.88,646.62
3787,2024-09-09,16,17,3,7.1,False,0.0,379.42
3788,2024-09-16,16,15,1,25.8,True,3063.75,1378.75
3789,2024-09-16,16,17,1,11.2,False,0.0,598.53
3790,2024-09-23,16,15,2,29.7,True,3526.88,1587.17
3791,2024-09-23,16,17,2,7.5,False,0.0,400.8
3792,2024-09-30,16,19,2,25.9,True,3075.62,1384.1
3793,2024-09-30,16,17,2,10.4,False,0.0,555.78
3794,2024-10-07,16,23,3,0.7,True,83.12,37.41
3795,2024-10-07,16,15,3,36.2,True,4298.75,1934.53
3796,2024-10-07,16,17,3,2.4,False,0.0,128.26
3797,2024-10-14,16,19,3,29.7,True,3526.88,1587.17
3798,2024-10-14,16,17,3,9.4,False,0.0,502.34
3799,2024-10-21,16,23,2,7.9,True,938.12,422.18
3800,2024-10-21,16,19,2,16.3,True,1935.62,871.07
3801,2024-10-21,16,17,2,14.4,False,0.0,769.54
3802,2024-10-28,16,15,1,31.9,True,3788.12,1704.74
3803,2024-10-28,16,17,1,8.2,False,0.0,438.21
3804,2024-11-04,16,15,1,23.2,True,2755.0,1239.81
3805,2024-11-04,16,17,1,15.4,False,0.0,822.98
3806,2024-11-11,16,23,3,24.3,True,2885.62,1298.59
3807,2024-11-11,16,17,3,12.1,False,0.0,646.62
3808,2024-11-18,16,15,2,24.9,True,2956.88,1330.66
3809,2024-11-18,16,17,2,10.8,False,0.0,577.15
3810,2024-11-25,16,15,2,29.6,True,3515.0,1581.82
3811,2024-11-25,16,17,2,10.5,False,0.0,561.12
3812,2024-12-02,16,23,2,19.1,True,2268.12,1020.7
3813,2024-12-02,16,17,2,8.7,False,0.0,464.93
3814,2024-12-09,16,15,3,22.8,True,2707.5,1218.43
3815,2024-12-09,16,17,3,5.5,False,0.0,293.92
3816,2024-12-16,16,23,3,23.4,True,2778.75,1250.5
3817,2024-12-16,16,17,3,5.4,False,0.0,288.58
3818,2024-12-23,16,23,2,23.5,True,2790.62,1255.84
3819,2024-12-23,16,17,2,6.6,False,0.0,352.7
3820,2024-12-30,16,15,2,11.2,True,1330.0,598.53
3821,2024-12-30,16,19,2,12.5,True,1484.38,668.0
3822,2024-12-30,16,17,2,8.2,False,0.0,438.21
3823,2025-01-06,16,23,3,29.3,True,3479.38,1565.79
3824,2025-01-06,16,17,3,3.6,False,0.0,192.38
3825,2025-01-13,16,23,3,34.7,True,4120.62,1854.37
3826,2025-01-13,16,15,3,0.7,True,83.12,37.41
3827,2025-01-13,16,17,3,1.7,False,0.0,90.85
3828,2025-01-20,16,15,1,28.0,True,3325.0,1496.32
3829,2025-01-20,16,17,1,5.1,False,0.0,272.54
3830,2025-01-27,16,15,2,20.5,True,2434.38,1095.52
3831,2025-01-27,16,23,2,5.0,True,593.75,267.2
3832,2025-01-27,16,17,2,6.6,False,0.0,352.7
3833,2025-02-03,16,19,3,33.5,True,3978.12,1790.24
3834,2025-02-03,16,17,3,3.3,False,0.0,176.35
3835,2025-02-10,16,15,1,24.4,True,2897.5,1303.94
3836,2025-02-10,16,17,1,13.0,False,0.0,694.72
3837,2025-02-17,16,23,1,8.4,True,997.5,448.9
3838,2025-02-17,16,15,1,20.0,True,2375.0,1068.8
3839,2025-02-17,16,17,1,9.0,False,0.0,480.96
3840,2025-02-24,16,23,2,28.5,True,3384.38,1523.04
3841,2025-02-24,16,17,2,5.7,False,0.0,304.61
3842,2025-03-03,16,15,3,9.0,True,1068.75,480.96
3843,2025-03-03,16,19,3,20.2,True,2398.75,1079.49
3844,2025-03-03,16,17,3,7.3,False,0.0,390.11
3845,2025-03-10,16,19,1,27.9,True,3313.12,1490.98
3846,2025-03-10,16,17,1,9.7,False,0.0,518.37
3847,2025-03-17,16,15,3,14.1,True,1674.38,753.5
3848,2025-03-17,16,19,3,21.5,True,2553.12,1148.96
3849,2025-03-17,16,17,3,0.8,False,0.0,42.75
3850,2025-03-24,16,19,3,26.5,True,3146.88,1416.16
3851,2025-03-24,16,17,3,9.6,False,0.0,513.02
3852,2025-03-31,16,23,3,27.1,True,3218.12,1448.22
3853,2025-03-31,16,19,3,6.6,True,783.75,352.7
3854,2025-03-31,16,17,3,3.7,False,0.0,197.73
3855,2025-04-07,16,23,3,20.4,True,2422.5,1090.18
3856,2025-04-07,16,15,3,3.2,True,380.0,171.01
3857,2025-04-07,16,17,3,5.1,False,0.0,272.54
3858,2025-04-14,16,19,2,23.6,True,2802.5,1261.18
3859,2025-04-14,16,17,2,11.5,False,0.0,614.56
3860,2025-04-21,16,19,3,27.2,True,3230.0,1453.57
3861,2025-04-21,16,17,3,2.7,False,0.0,144.29
3862,2025-04-28,16,15,1,21.4,True,2541.25,1143.62
3863,2025-04-28,16,17,1,14.9,False,0.0,796.26
3864,2025-05-05,16,19,3,30.3,True,3598.12,1619.23
3865,2025-05-05,16,17,3,5.9,False,0.0,315.3
3866,2025-05-12,16,15,3,1.3,True,154.38,69.47
3867,2025-05-12,16,19,3,27.1,True,3218.12,1448.22
3868,2025-05-12,16,17,3,8.1,False,0.0,432.86
3869,2025-05-19,16,19,3,32.8,True,3895.0,1752.83
3870,2025-05-19,16,17,3,4.4,False,0.0,235.14
3871,2025-05-26,16,19,1,23.5,True,2790.62,1255.84
3872,2025-05-26,16,17,1,8.7,False,0.0,464.93
3873,2025-06-02,16,23,3,21.4,True,2541.25,1143.62
3874,2025-06-02,16,17,3,6.1,False,0.0,325.98
3875,2025-06-09,16,19,3,24.0,True,2850.0,1282.56
3876,2025-06-09,16,17,3,5.8,False,0.0,309.95
3877,2025-06-16,16,19,3,26.5,True,3146.88,1416.16
3878,2025-06-16,16,17,3,6.9,False,0.0,368.74
3879,2025-06-23,16,15,3,7.7,True,914.38,411.49
3880,2025-06-23,16,19,3,16.2,True,1923.75,865.73
3881,2025-06-23,16,17,3,9.0,False,0.0,480.96
3882,2025-06-30,16,23,1,22.0,True,2612.5,1175.68
3883,2025-06-30,16,17,1,7.2,False,0.0,384.77
3884,2025-07-07,16,19,1,7.2,True,855.0,384.77
3885,2025-07-07,16,23,1,6.8,True,807.5,363.39
3886,2025-07-07,16,17,1,5.3,False,0.0,283.23
3887,2025-07-14,16,15,3,14.7,True,1745.62,785.57
3888,2025-07-14,16,17,3,4.3,False,0.0,229.79
3889,2025-07-21,16,15,3,8.2,True,973.75,438.21
3890,2025-07-21,16,23,3,8.4,True,997.5,448.9
3891,2025-07-21,16,17,3,5.2,False,0.0,277.89
3892,2025-07-28,16,15,1,3.2,True,380.0,171.01
3893,2025-07-28,16,19,1,12.1,True,1436.88,646.62
3894,2025-07-28,16,17,1,4.5,False,0.0,240.48
3895,2025-08-04,16,23,2,26.1,True,3099.38,1394.78
3896,2025-08-04,16,17,2,9.2,False,0.0,491.65
3897,2025-08-11,16,19,3,25.3,True,3004.38,1352.03
3898,2025-08-11,16,17,3,7.4,False,0.0,395.46
3899,2025-08-18,16,15,1,8.9,True,1056.88,475.62
3900,2025-08-18,16,19,1,11.6,True,1377.5,619.9
3901,2025-08-18,16,17,1,10.3,False,0.0,550.43
3902,2025-08-25,16,23,1,23.2,True,2755.0,1239.81
3903,2025-08-25,16,17,1,12.8,False,0.0,684.03
3904,2025-09-01,16,15,3,24.1,True,2861.88,1287.9
3905,2025-09-01,16,17,3,7.2,False,0.0,384.77
3906,2025-09-08,16,19,2,25.9,True,3075.62,1384.1
3907,2025-09-08,16,17,2,7.9,False,0.0,422.18
3908,2025-09-15,16,15,1,26.0,True,3087.5,1389.44
3909,2025-09-15,16,17,1,12.6,False,0.0,673.34
3910,2025-09-22,16,23,1,13.9,True,1650.62,742.82
3911,2025-09-22,16,15,1,8.2,True,973.75,438.21
3912,2025-09-22,16,17,1,11.6,False,0.0,619.9
3913,2025-09-29,16,19,3,34.0,True,4037.5,1816.96
3914,2025-09-29,16,17,3,3.2,False,0.0,171.01
3915,2025-10-06,16,15,1,28.6,True,3396.25,1528.38
3916,2025-10-06,16,17,1,10.0,False,0.0,534.4
3917,2025-10-13,16,15,1,22.7,True,2695.62,1213.09
3918,2025-10-13,16,17,1,10.8,False,0.0,577.15
3919,2025-10-20,16,23,2,20.2,True,2398.75,1079.49
3920,2025-10-20,16,17,2,15.6,False,0.0,833.66
3921,2025-10-27,16,23,1,27.3,True,3241.88,1458.91
3922,2025-10-27,16,15,1,5.6,True,665.0,299.26
3923,2025-10-27,16,17,1,7.1,False,0.0,379.42
3924,2025-11-03,16,23,1,27.7,True,3289.38,1480.29
3925,2025-11-03,16,17,1,7.6,False,0.0,406.14
3926,2025-11-10,16,19,2,2.9,True,344.38,154.98
3927,2025-11-10,16,15,2,25.3,True,3004.38,1352.03
3928,2025-11-10,16,17,2,9.2,False,0.0,491.65
3929,2025-11-17,16,23,3,21.7,True,2576.88,1159.65
3930,2025-11-17,16,19,3,10.8,True,1282.5,577.15
3931,2025-11-17,16,17,3,4.3,False,0.0,229.79
3932,2025-11-24,16,15,2,20.4,True,2422.5,1090.18
3933,2025-11-24,16,17,2,12.4,False,0.0,662.66
3934,2025-12-01,16,15,3,24.0,True,2850.0,1282.56
3935,2025-12-01,16,17,3,4.6,False,0.0,245.82
3936,2025-12-08,16,23,3,24.4,True,2897.5,1303.94
3937,2025-12-08,16,17,3,6.6,False,0.0,352.7
3938,2025-12-15,16,15,3,30.6,True,3633.75,1635.26
3939,2025-12-15,16,17,3,0.8,False,0.0,42.75
3940,2025-12-22,16,15,3,23.3,True,2766.88,1245.15
3941,2025-12-22,16,17,3,5.0,False,0.0,267.2
3942,2025-12-29,16,23,2,16.2,True,1923.75,865.73
3943,2025-12-29,16,19,2,3.3,True,391.88,176.35
3944,2025-12-29,16,17,2,7.3,False,0.0,390.11
3945,2024-01-01,17,13,2,17.5,True,2616.25,1177.4
3946,2024-01-01,17,30,2,18.6,False,0.0,1251.41
3947,2024-01-08,17,28,1,17.8,True,2661.1,1197.58
3948,2024-01-08,17,30,1,16.6,False,0.0,1116.85
3949,2024-01-15,17,7,1,18.2,True,2720.9,1224.5
3950,2024-01-15,17,30,1,16.7,False,0.0,1123.58
3951,2024-01-22,17,28,2,15.6,True,2332.2,1049.57
3952,2024-01-22,17,30,2,19.0,False,0.0,1278.32
3953,2024-01-29,17,7,2,14.1,True,2107.95,948.65
3954,2024-01-29,17,9,2,4.2,True,627.9,282.58
3955,2024-01-29,17,30,2,15.6,False,0.0,1049.57
3956,2024-02-05,17,13,2,4.4,True,657.8,296.03
3957,2024-02-05,17,9,2,13.0,True,1943.5,874.64
3958,2024-02-05,17,30,2,21.2,False,0.0,1426.34
3959,2024-02-12,17,7,2,17.9,True,2676.05,1204.31
3960,2024-02-12,17,30,2,17.0,False,0.0,1143.76
3961,2024-02-19,17,13,2,17.6,True,2631.2,1184.13
3962,2024-02-19,17,30,2,19.0,False,0.0,1278.32
3963,2024-02-26,17,13,2,19.7,True,2945.15,1325.42
3964,2024-02-26,17,30,2,17.4,False,0.0,1170.67
3965,2024-03-04,17,13,1,24.8,True,3707.6,1668.54
3966,2024-03-04,17,30,1,11.8,False,0.0,793.9
3967,2024-03-11,17,9,1,18.1,True,2705.95,1217.77
3968,2024-03-11,17,30,1,18.8,False,0.0,1264.86
3969,2024-03-18,17,28,2,17.8,True,2661.1,1197.58
3970,2024-03-18,17,30,2,18.5,False,0.0,1244.68
3971,2024-03-25,17,9,2,20.1,True,3004.95,1352.33
3972,2024-03-25,17,30,2,20.4,False,0.0,1372.51
3973,2024-04-01,17,7,2,14.1,True,2107.95,948.65
3974,2024-04-01,17,28,2,4.1,True,612.95,275.85
3975,2024-04-01,17,30,2,15.8,False,0.0,1063.02
3976,2024-04-08,17,7,2,17.9,True,2676.05,1204.31
3977,2024-04-08,17,30,2,17.0,False,0.0,1143.76
3978,2024-04-15,17,9,2,10.3,True,1539.85,692.98
3979,2024-04-15,17,28,2,6.1,True,911.95,410.41
3980,2024-04-15,17,30,2,20.6,False,0.0,1385.97
3981,2024-04-22,17,7,2,21.0,True,3139.5,1412.88
3982,2024-04-22,17,30,2,15.6,False,0.0,1049.57
3983,2024-04-29,17,13,1,2.3,True,343.85,154.74
3984,2024-04-29,17,9,1,15.7,True,2347.15,1056.3
3985,2024-04-29,17,30,1,15.7,False,0.0,1056.3
3986,2024-05-06,17,7,2,16.5,True,2466.75,1110.12
3987,2024-05-06,17,30,2,20.3,False,0.0,1365.78
3988,2024-05-13,17,9,2,19.6,True,2930.2,1318.69
3989,2024-05-13,17,30,2,18.1,False,0.0,1217.77
3990,2024-05-20,17,7,2,19.3,True,2885.35,1298.5
3991,2024-05-20,17,30,2,15.7,False,0.0,1056.3
3992,2024-05-27,17,28,2,15.5,True,2317.25,1042.84
3993,2024-05-27,17,13,2,4.0,True,598.0,269.12
3994,2024-05-27,17,30,2,18.3,False,0.0,1231.22
3995,2024-06-03,17,28,2,20.0,True,2990.0,1345.6
3996,2024-06-03,17,30,2,14.7,False,0.0,989.02
3997,2024-06-10,17,9,1,13.7,True,2048.15,921.74
3998,2024-06-10,17,30,1,17.5,False,0.0,1177.4
3999,2024-06-17,17,9,1,15.6,True,2332.2,1049.57
4000,2024-06-17,17,13,1,2.3,True,343.85,154.74
4001,2024-06-17,17,30,1,13.5,False,0.0,908.28
4002,2024-06-24,17,9,2,16.5,True,2466.75,1110.12
4003,2024-06-24,17,30,2,16.4,False,0.0,1103.39
4004,2024-07-01,17,9,2,10.3,True,1539.85,692.98
4005,2024-07-01,17,30,2,10.5,False,0.0,706.44
4006,2024-07-08,17,28,2,11.6,True,1734.2,780.45
4007,2024-07-08,17,30,2,7.6,False,0.0,511.33
4008,2024-07-15,17,13,2,7.6,True,1136.2,511.33
4009,2024-07-15,17,7,2,2.4,True,358.8,161.47
4010,2024-07-15,17,30,2,9.3,False,0.0,625.7
4011,2024-07-22,17,28,2,10.9,True,1629.55,733.35
4012,2024-07-22,17,30,2,11.3,False,0.0,760.26
4013,2024-07-29,17,9,2,10.3,True,1539.85,692.98
4014,2024-07-29,17,30,2,10.0,False,0.0,672.8
4015,2024-08-05,17,7,1,18.3,True,2735.85,1231.22
4016,2024-08-05,17,13,1,0.5,True,74.75,33.64
4017,2024-08-05,17,30,1,16.3,False,0.0,1096.66
4018,2024-08-12,17,7,1,16.4,True,2451.8,1103.39
4019,2024-08-12,17,30,1,15.9,False,0.0,1069.75
4020,2024-08-19,17,13,1,1.9,True,284.05,127.83
4021,2024-08-19,17,7,1,19.4,True,2900.3,1305.23
4022,2024-08-19,17,30,1,15.4,False,0.0,1036.11
4023,2024-08-26,17,28,2,12.8,True,1913.6,861.18
4024,2024-08-26,17,9,2,4.7,True,702.65,316.22
4025,2024-08-26,17,30,2,13.7,False,0.0,921.74
4026,2024-09-02,17,9,2,15.4,True,2302.3,1036.11
4027,2024-09-02,17,28,2,3.0,True,448.5,201.84
4028,2024-09-02,17,30,2,16.0,False,0.0,1076.48
4029,2024-09-09,17,9,2,11.5,True,1719.25,773.72
4030,2024-09-09,17,30,2,23.3,False,0.0,1567.62
4031,2024-09-16,17,9,2,23.7,True,3543.15,1594.54
4032,2024-09-16,17,30,2,16.8,False,0.0,1130.3
4033,2024-09-23,17,28,2,17.1,True,2556.45,1150.49
4034,2024-09-23,17,30,2,18.4,False,0.0,1237.95
4035,2024-09-30,17,13,2,18.6,True,2780.7,1251.41
4036,2024-09-30,17,30,2,17.3,False,0.0,1163.94
4037,2024-10-07,17,13,1,18.6,True,2780.7,1251.41
4038,2024-10-07,17,30,1,19.0,False,0.0,1278.32
4039,2024-10-14,17,13,2,17.8,True,2661.1,1197.58
4040,2024-10-14,17,30,2,16.6,False,0.0,1116.85
4041,2024-10-21,17,13,2,20.0,True,2990.0,1345.6
4042,2024-10-21,17,30,2,18.6,False,0.0,1251.41
4043,2024-10-28,17,28,1,1.0,True,149.5,67.28
4044,2024-10-28,17,13,1,19.9,True,2975.05,1338.87
4045,2024-10-28,17,30,1,18.0,False,0.0,1211.04
4046,2024-11-04,17,9,2,14.8,True,2212.6,995.74
4047,2024-11-04,17,30,2,21.5,False,0.0,1446.52
4048,2024-11-11,17,28,2,14.8,True,2212.6,995.74
4049,2024-11-11,17,13,2,6.6,True,986.7,444.05
4050,2024-11-11,17,30,2,13.6,False,0.0,915.01
4051,2024-11-18,17,13,2,20.9,True,3124.55,1406.15
4052,2024-11-18,17,30,2,19.4,False,0.0,1305.23
4053,2024-11-25,17,28,2,17.6,True,2631.2,1184.13
4054,2024-11-25,17,30,2,19.3,False,0.0,1298.5
4055,2024-12-02,17,28,1,14.2,True,2122.9,955.38
4056,2024-12-02,17,30,1,16.4,False,0.0,1103.39
4057,2024-12-09,17,7,1,3.0,True,448.5,201.84
4058,2024-12-09,17,9,1,13.5,True,2018.25,908.28
4059,2024-12-09,17,30,1,14.4,False,0.0,968.83
4060,2024-12-16,17,13,1,13.6,True,2033.2,915.01
4061,2024-12-16,17,28,1,1.7,True,254.15,114.38
4062,2024-12-16,17,30,1,12.8,False,0.0,861.18
4063,2024-12-23,17,7,1,16.4,True,2451.8,1103.39
4064,2024-12-23,17,30,1,12.6,False,0.0,847.73
4065,2024-12-30,17,28,1,14.7,True,2197.65,989.02
4066,2024-12-30,17,30,1,12.5,False,0.0,841.0
4067,2025-01-06,17,28,2,21.6,True,3229.2,1453.25
4068,2025-01-06,17,30,2,16.0,False,0.0,1076.48
4069,2025-01-13,17,9,2,15.9,True,2377.05,1069.75
4070,2025-01-13,17,30,2,18.0,False,0.0,1211.04
4071,2025-01-20,17,13,1,18.6,True,2780.7,1251.41
4072,2025-01-20,17,30,1,15.4,False,0.0,1036.11
4073,2025-01-27,17,9,2,13.2,True,1973.4,888.1
4074,2025-01-27,17,30,2,19.5,False,0.0,1311.96
4075,2025-02-03,17,9,2,19.9,True,2975.05,1338.87
4076,2025-02-03,17,30,2,12.8,False,0.0,861.18
4077,2025-02-10,17,9,1,8.3,True,1240.85,558.42
4078,2025-02-10,17,13,1,8.8,True,1315.6,592.06
4079,2025-02-10,17,30,1,18.9,False,0.0,1271.59
4080,2025-02-17,17,7,2,4.7,True,702.65,316.22
4081,2025-02-17,17,9,2,13.7,True,2048.15,921.74
4082,2025-02-17,17,30,2,17.9,False,0.0,1204.31
4083,2025-02-24,17,7,1,17.5,True,2616.25,1177.4
4084,2025-02-24,17,30,1,22.6,False,0.0,1520.53
4085,2025-03-03,17,9,1,7.7,True,1151.15,518.06
4086,2025-03-03,17,13,1,12.9,True,1928.55,867.91
4087,2025-03-03,17,30,1,19.6,False,0.0,1318.69
4088,2025-03-10,17,7,2,18.5,True,2765.75,1244.68
4089,2025-03-10,17,30,2,20.3,False,0.0,1365.78
4090,2025-03-17,17,9,2,16.6,True,2481.7,1116.85
4091,2025-03-17,17,30,2,20.4,False,0.0,1372.51
4092,2025-03-24,17,13,2,2.1,True,313.95,141.29
4093,2025-03-24,17,7,2,15.3,True,2287.35,1029.38
4094,2025-03-24,17,30,2,23.2,False,0.0,1560.9
4095,2025-03-31,17,7,2,22.2,True,3318.9,1493.62
4096,2025-03-31,17,30,2,16.9,False,0.0,1137.03
4097,2025-04-07,17,28,2,15.5,True,2317.25,1042.84
4098,2025-04-07,17,13,2,6.9,True,1031.55,464.23
4099,2025-04-07,17,30,2,16.7,False,0.0,1123.58
4100,2025-04-14,17,28,2,14.6,True,2182.7,982.29
4101,2025-04-14,17,30,2,18.7,False,0.0,1258.14
4102,2025-04-21,17,9,1,17.2,True,2571.4,1157.22
4103,2025-04-21,17,30,1,17.4,False,0.0,1170.67
4104,2025-04-28,17,9,2,14.7,True,2197.65,989.02
4105,2025-04-28,17,30,2,17.9,False,0.0,1204.31
4106,2025-05-05,17,13,1,14.0,True,2093.0,941.92
4107,2025-05-05,17,30,1,17.3,False,0.0,1163.94
4108,2025-05-12,17,7,1,10.9,True,1629.55,733.35
4109,2025-05-12,17,9,1,10.6,True,1584.7,713.17
4110,2025-05-12,17,30,1,17.3,False,0.0,1163.94
4111,2025-05-19,17,9,2,9.3,True,1390.35,625.7
4112,2025-05-19,17,13,2,8.4,True,1255.8,565.15
4113,2025-05-19,17,30,2,19.2,False,0.0,1291.78
4114,2025-05-26,17,13,2,16.2,True,2421.9,1089.94
4115,2025-05-26,17,30,2,16.8,False,0.0,1130.3
4116,2025-06-02,17,7,2,12.7,True,1898.65,854.46
4117,2025-06-02,17,9,2,1.0,True,149.5,67.28
4118,2025-06-02,17,30,2,18.5,False,0.0,1244.68
4119,2025-06-09,17,9,1,11.6,True,1734.2,780.45
4120,2025-06-09,17,28,1,1.1,True,164.45,74.01
4121,2025-06-09,17,30,1,19.2,False,0.0,1291.78
4122,2025-06-16,17,7,1,15.1,True,2257.45,1015.93
4123,2025-06-16,17,30,1,17.4,False,0.0,1170.67
4124,2025-06-23,17,28,2,16.2,True,2421.9,1089.94
4125,2025-06-23,17,30,2,19.2,False,0.0,1291.78
4126,2025-06-30,17,7,2,13.3,True,1988.35,894.82
4127,2025-06-30,17,30,2,20.3,False,0.0,1365.78
4128,2025-07-07,17,9,1,9.4,True,1405.3,632.43
4129,2025-07-07,17,30,1,9.4,False,0.0,632.43
4130,2025-07-14,17,28,1,8.2,True,1225.9,551.7
4131,2025-07-14,17,30,1,9.9,False,0.0,666.07
4132,2025-07-21,17,28,1,9.7,True,1450.15,652.62
4133,2025-07-21,17,30,1,9.7,False,0.0,652.62
4134,2025-07-28,17,9,1,3.5,True,523.25,235.48
4135,2025-07-28,17,7,1,4.3,True,642.85,289.3
4136,2025-07-28,17,30,1,10.5,False,0.0,706.44
4137,2025-08-04,17,28,2,11.6,True,1734.2,780.45
4138,2025-08-04,17,30,2,17.3,False,0.0,1163.94
4139,2025-08-11,17,7,1,17.0,True,2541.5,1143.76
4140,2025-08-11,17,30,1,18.5,False,0.0,1244.68
4141,2025-08-18,17,28,2,14.6,True,2182.7,982.29
4142,2025-08-18,17,30,2,17.8,False,0.0,1197.58
4143,2025-08-25,17,7,1,14.6,True,2182.7,982.29
4144,2025-08-25,17,30,1,18.4,False,0.0,1237.95
4145,2025-09-01,17,13,2,17.1,True,2556.45,1150.49
4146,2025-09-01,17,30,2,23.4,False,0.0,1574.35
4147,2025-09-08,17,28,2,15.1,True,2257.45,1015.93
4148,2025-09-08,17,30,2,24.4,False,0.0,1641.63
4149,2025-09-15,17,28,2,16.4,True,2451.8,1103.39
4150,2025-09-15,17,30,2,22.8,False,0.0,1533.98
4151,2025-09-22,17,9,1,18.1,True,2705.95,1217.77
4152,2025-09-22,17,30,1,19.0,False,0.0,1278.32
4153,2025-09-29,17,28,1,14.0,True,2093.0,941.92
4154,2025-09-29,17,30,1,21.0,False,0.0,1412.88
4155,2025-10-06,17,13,2,14.9,True,2227.55,1002.47
4156,2025-10-06,17,30,2,20.2,False,0.0,1359.06
4157,2025-10-13,17,13,1,13.7,True,2048.15,921.74
4158,2025-10-13,17,28,1,0.9,True,134.55,60.55
4159,2025-10-13,17,30,1,23.6,False,0.0,1587.81
4160,2025-10-20,17,13,1,17.1,True,2556.45,1150.49
4161,2025-10-20,17,30,1,20.3,False,0.0,1365.78
4162,2025-10-27,17,7,2,16.6,True,2481.7,1116.85
4163,2025-10-27,17,30,2,18.5,False,0.0,1244.68
4164,2025-11-03,17,7,2,4.3,True,642.85,289.3
4165,2025-11-03,17,28,2,12.1,True,1808.95,814.09
4166,2025-11-03,17,30,2,17.7,False,0.0,1190.86
4167,2025-11-10,17,13,2,19.8,True,2960.1,1332.14
4168,2025-11-10,17,30,2,21.4,False,0.0,1439.79
4169,2025-11-17,17,28,1,16.2,True,2421.9,1089.94
4170,2025-11-17,17,30,1,20.3,False,0.0,1365.78
4171,2025-11-24,17,28,2,16.5,True,2466.75,1110.12
4172,2025-11-24,17,30,2,17.4,False,0.0,1170.67
4173,2025-12-01,17,9,1,9.2,True,1375.4,618.98
4174,2025-12-01,17,7,1,1.2,True,179.4,80.74
4175,2025-12-01,17,30,1,16.5,False,0.0,1110.12
4176,2025-12-08,17,7,1,1.7,True,254.15,114.38
4177,2025-12-08,17,9,1,11.2,True,1674.4,753.54
4178,2025-12-08,17,30,1,17.0,False,0.0,1143.76
4179,2025-12-15,17,13,1,13.0,True,1943.5,874.64
4180,2025-12-15,17,30,1,17.6,False,0.0,1184.13
4181,2025-12-22,17,13,2,11.2,True,1674.4,753.54
4182,2025-12-22,17,30,2,18.3,False,0.0,1231.22
4183,2025-12-29,17,7,1,13.0,True,1943.5,874.64
4184,2025-12-29,17,30,1,14.7,False,0.0,989.02
4185,2024-01-01,18,23,2,18.3,True,2973.75,1338.1
4186,2024-01-01,18,19,2,5.5,True,893.75,402.16
4187,2024-01-01,18,17,2,13.0,False,0.0,950.56
4188,2024-01-08,18,23,2,24.7,True,4013.75,1806.06
4189,2024-01-08,18,17,2,11.2,False,0.0,818.94
4190,2024-01-15,18,15,1,28.3,True,4598.75,2069.3
4191,2024-01-15,18,17,1,7.6,False,0.0,555.71
4192,2024-01-22,18,23,1,28.8,True,4680.0,2105.86
4193,2024-01-22,18,17,1,10.0,False,0.0,731.2
4194,2024-01-29,18,15,3,24.1,True,3916.25,1762.19
4195,2024-01-29,18,17,3,6.5,False,0.0,475.28
4196,2024-02-05,18,15,3,12.4,True,2015.0,906.69
4197,2024-02-05,18,23,3,16.8,True,2730.0,1228.42
4198,2024-02-05,18,17,3,8.4,False,0.0,614.21
4199,2024-02-12,18,19,3,22.4,True,3640.0,1637.89
4200,2024-02-12,18,17,3,15.4,False,0.0,1126.05
4201,2024-02-19,18,23,1,24.1,True,3916.25,1762.19
4202,2024-02-19,18,17,1,8.9,False,0.0,650.77
4203,2024-02-26,18,19,2,14.9,True,2421.25,1089.49
4204,2024-02-26,18,23,2,9.8,True,1592.5,716.58
4205,2024-02-26,18,17,2,11.8,False,0.0,862.82
4206,2024-03-04,18,23,2,18.6,True,3022.5,1360.03
4207,2024-03-04,18,17,2,14.8,False,0.0,1082.18
4208,2024-03-11,18,15,1,21.9,True,3558.75,1601.33
4209,2024-03-11,18,17,1,17.3,False,0.0,1264.98
4210,2024-03-18,18,15,3,28.0,True,4550.0,2047.36
4211,2024-03-18,18,17,3,11.0,False,0.0,804.32
4212,2024-03-25,18,23,1,20.1,True,3266.25,1469.71
4213,2024-03-25,18,17,1,12.0,False,0.0,877.44
4214,2024-04-01,18,15,3,23.7,True,3851.25,1732.94
4215,2024-04-01,18,17,3,13.5,False,0.0,987.12
4216,2024-04-08,18,23,3,18.1,True,2941.25,1323.47
4217,2024-04-08,18,15,3,7.6,True,1235.0,555.71
4218,2024-04-08,18,17,3,9.9,False,0.0,723.89
4219,2024-04-15,18,19,3,26.1,True,4241.25,1908.43
4220,2024-04-15,18,17,3,6.4,False,0.0,467.97
4221,2024-04-22,18,23,3,1.0,True,162.5,73.12
4222,2024-04-22,18,19,3,25.7,True,4176.25,1879.18
4223,2024-04-22,18,17,3,9.3,False,0.0,680.02
4224,2024-04-29,18,19,3,26.8,True,4355.0,1959.62
4225,2024-04-29,18,17,3,10.3,False,0.0,753.14
4226,2024-05-06,18,19,2,18.2,True,2957.5,1330.78
4227,2024-05-06,18,15,2,6.6,True,1072.5,482.59
4228,2024-05-06,18,17,2,10.5,False,0.0,767.76
4229,2024-05-13,18,15,3,26.2,True,4257.5,1915.74
4230,2024-05-13,18,17,3,13.5,False,0.0,987.12
4231,2024-05-20,18,19,3,22.0,True,3575.0,1608.64
4232,2024-05-20,18,15,3,4.1,True,666.25,299.79
4233,2024-05-20,18,17,3,9.5,False,0.0,694.64
4234,2024-05-27,18,19,1,12.3,True,1998.75,899.38
4235,2024-05-27,18,15,1,9.4,True,1527.5,687.33
4236,2024-05-27,18,17,1,11.6,False,0.0,848.19
4237,2024-06-03,18,19,2,19.2,True,3120.0,1403.9
4238,2024-06-03,18,23,2,5.0,True,812.5,365.6
4239,2024-06-03,18,17,2,11.1,False,0.0,811.63
4240,2024-06-10,18,19,1,23.1,True,3753.75,1689.07
4241,2024-06-10,18,17,1,9.0,False,0.0,658.08
4242,2024-06-17,18,23,3,11.3,True,1836.25,826.26
4243,2024-06-17,18,19,3,8.0,True,1300.0,584.96
4244,2024-06-17,18,17,3,11.1,False,0.0,811.63
4245,2024-06-24,18,23,3,18.6,True,3022.5,1360.03
4246,2024-06-24,18,17,3,11.7,False,0.0,855.5
4247,2024-07-01,18,19,3,18.2,True,2957.5,1330.78
4248,2024-07-01,18,17,3,1.9,False,0.0,138.93
4249,2024-07-08,18,19,2,13.2,True,2145.0,965.18
4250,2024-07-08,18,17,2,6.5,False,0.0,475.28
4251,2024-07-15,18,23,1,12.9,True,2096.25,943.25
4252,2024-07-15,18,17,1,6.7,False,0.0,489.9
4253,2024-07-22,18,19,3,17.9,True,2908.75,1308.85
4254,2024-07-22,18,17,3,3.4,False,0.0,248.61
4255,2024-07-29,18,19,1,4.7,True,763.75,343.66
4256,2024-07-29,18,23,1,12.1,True,1966.25,884.75
4257,2024-07-29,18,17,1,3.5,False,0.0,255.92
4258,2024-08-05,18,23,3,22.7,True,3688.75,1659.82
4259,2024-08-05,18,17,3,10.9,False,0.0,797.01
4260,2024-08-12,18,19,3,21.7,True,3526.25,1586.7
4261,2024-08-12,18,17,3,9.3,False,0.0,680.02
4262,2024-08-19,18,15,3,10.4,True,1690.0,760.45
4263,2024-08-19,18,19,3,14.9,True,2421.25,1089.49
4264,2024-08-19,18,17,3,7.1,False,0.0,519.15
4265,2024-08-26,18,23,2,18.5,True,3006.25,1352.72
4266,2024-08-26,18,17,2,14.1,False,0.0,1030.99
4267,2024-09-02,18,15,1,24.8,True,4030.0,1813.38
4268,2024-09-02,18,17,1,14.2,False,0.0,1038.3
4269,2024-09-09,18,19,1,21.8,True,3542.5,1594.02
4270,2024-09-09,18,17,1,13.0,False,0.0,950.56
4271,2024-09-16,18,15,3,6.1,True,991.25,446.03
4272,2024-09-16,18,19,3,19.9,True,3233.75,1455.09
4273,2024-09-16,18,17,3,8.8,False,0.0,643.46
4274,2024-09-23,18,15,3,28.4,True,4615.0,2076.61
4275,2024-09-23,18,17,3,9.4,False,0.0,687.33
4276,2024-09-30,18,19,1,18.8,True,3055.0,1374.66
4277,2024-09-30,18,15,1,1.9,True,308.75,138.93
4278,2024-09-30,18,17,1,17.8,False,0.0,1301.54
4279,2024-10-07,18,23,3,27.6,True,4485.0,2018.11
4280,2024-10-07,18,17,3,11.7,False,0.0,855.5
4281,2024-10-14,18,15,2,23.3,True,3786.25,1703.7
4282,2024-10-14,18,17,2,13.4,False,0.0,979.81
4283,2024-10-21,18,19,1,27.5,True,4468.75,2010.8
4284,2024-10-21,18,17,1,10.6,False,0.0,775.07
4285,2024-10-28,18,15,1,26.8,True,4355.0,1959.62
4286,2024-10-28,18,17,1,11.2,False,0.0,818.94
4287,2024-11-04,18,15,1,7.9,True,1283.75,577.65
4288,2024-11-04,18,19,1,16.8,True,2730.0,1228.42
4289,2024-11-04,18,17,1,12.9,False,0.0,943.25
4290,2024-11-11,18,19,2,26.9,True,4371.25,1966.93
4291,2024-11-11,18,17,2,10.0,False,0.0,731.2
4292,2024-11-18,18,19,3,6.4,True,1040.0,467.97
4293,2024-11-18,18,15,3,22.7,True,3688.75,1659.82
4294,2024-11-18,18,17,3,6.5,False,0.0,475.28
4295,2024-11-25,18,19,3,28.2,True,4582.5,2061.98
4296,2024-11-25,18,17,3,6.3,False,0.0,460.66
4297,2024-12-02,18,15,3,19.6,True,3185.0,1433.15
4298,2024-12-02,18,19,3,0.6,True,97.5,43.87
4299,2024-12-02,18,17,3,9.6,False,0.0,701.95
4300,2024-12-09,18,15,2,19.6,True,3185.0,1433.15
4301,2024-12-09,18,17,2,9.4,False,0.0,687.33
4302,2024-12-16,18,15,2,19.6,True,3185.0,1433.15
4303,2024-12-16,18,17,2,10.0,False,0.0,731.2
4304,2024-12-23,18,15,3,21.9,True,3558.75,1601.33
4305,2024-12-23,18,17,3,6.0,False,0.0,438.72
4306,2024-12-30,18,15,1,13.3,True,2161.25,972.5
4307,2024-12-30,18,17,1,11.7,False,0.0,855.5
4308,2025-01-06,18,19,3,25.7,True,4176.25,1879.18
4309,2025-01-06,18,17,3,12.9,False,0.0,943.25
4310,2025-01-13,18,23,3,22.2,True,3607.5,1623.26
4311,2025-01-13,18,17,3,9.8,False,0.0,716.58
4312,2025-01-20,18,23,2,0.8,True,130.0,58.5
4313,2025-01-20,18,19,2,20.9,True,3396.25,1528.21
4314,2025-01-20,18,17,2,11.5,False,0.0,840.88
4315,2025-01-27,18,15,3,26.9,True,4371.25,1966.93
4316,2025-01-27,18,17,3,10.1,False,0.0,738.51
4317,2025-02-03,18,19,1,22.6,True,3672.5,1652.51
4318,2025-02-03,18,17,1,11.2,False,0.0,818.94
4319,2025-02-10,18,15,3,2.1,True,341.25,153.55
4320,2025-02-10,18,23,3,25.0,True,4062.5,1828.0
4321,2025-02-10,18,17,3,9.5,False,0.0,694.64
4322,2025-02-17,18,19,3,25.9,True,4208.75,1893.81
4323,2025-02-17,18,17,3,6.4,False,0.0,467.97
4324,2025-02-24,18,15,3,25.7,True,4176.25,1879.18
4325,2025-02-24,18,17,3,10.8,False,0.0,789.7
4326,2025-03-03,18,23,2,24.3,True,3948.75,1776.82
4327,2025-03-03,18,15,2,1.6,True,260.0,116.99
4328,2025-03-03,18,17,2,8.6,False,0.0,628.83
4329,2025-03-10,18,15,1,23.4,True,3802.5,1711.01
4330,2025-03-10,18,17,1,15.1,False,0.0,1104.11
4331,2025-03-17,18,23,2,24.3,True,3948.75,1776.82
4332,2025-03-17,18,17,2,13.0,False,0.0,950.56
4333,2025-03-24,18,19,2,22.7,True,3688.75,1659.82
4334,2025-03-24,18,17,2,12.7,False,0.0,928.62
4335,2025-03-31,18,23,2,14.0,True,2275.0,1023.68
4336,2025-03-31,18,19,2,5.3,True,861.25,387.54
4337,2025-03-31,18,17,2,13.7,False,0.0,1001.74
4338,2025-04-07,18,19,1,15.3,True,2486.25,1118.74
4339,2025-04-07,18,23,1,9.9,True,1608.75,723.89
4340,2025-04-07,18,17,1,8.2,False,0.0,599.58
4341,2025-04-14,18,19,1,22.7,True,3688.75,1659.82
4342,2025-04-14,18,17,1,13.4,False,0.0,979.81
4343,2025-04-21,18,23,2,19.2,True,3120.0,1403.9
4344,2025-04-21,18,19,2,1.1,True,178.75,80.43
4345,2025-04-21,18,17,2,15.0,False,0.0,1096.8
4346,2025-04-28,18,19,3,21.0,True,3412.5,1535.52
4347,2025-04-28,18,17,3,13.5,False,0.0,987.12
4348,2025-05-05,18,23,1,25.2,True,4095.0,1842.62
4349,2025-05-05,18,17,1,11.3,False,0.0,826.26
4350,2025-05-12,18,23,3,29.7,True,4826.25,2171.66
4351,2025-05-12,18,17,3,6.3,False,0.0,460.66
4352,2025-05-19,18,19,3,27.7,True,4501.25,2025.42
4353,2025-05-19,18,17,3,9.7,False,0.0,709.26
4354,2025-05-26,18,23,1,20.4,True,3315.0,1491.65
4355,2025-05-26,18,17,1,15.2,False,0.0,1111.42
4356,2025-06-02,18,15,2,19.8,True,3217.5,1447.78
4357,2025-06-02,18,17,2,12.3,False,0.0,899.38
4358,2025-06-09,18,19,2,9.8,True,1592.5,716.58
4359,2025-06-09,18,15,2,14.2,True,2307.5,1038.3
4360,2025-06-09,18,17,2,8.7,False,0.0,636.14
4361,2025-06-16,18,19,3,25.7,True,4176.25,1879.18
4362,2025-06-16,18,17,3,6.5,False,0.0,475.28
4363,2025-06-23,18,15,2,18.1,True,2941.25,1323.47
4364,2025-06-23,18,17,2,12.4,False,0.0,906.69
4365,2025-06-30,18,15,2,22.3,True,3623.75,1630.58
4366,2025-06-30,18,17,2,10.5,False,0.0,767.76
4367,2025-07-07,18,23,2,14.0,True,2275.0,1023.68
4368,2025-07-07,18,17,2,6.6,False,0.0,482.59
4369,2025-07-14,18,15,2,13.7,True,2226.25,1001.74
4370,2025-07-14,18,17,2,6.4,False,0.0,467.97
4371,2025-07-21,18,23,3,14.1,True,2291.25,1030.99
4372,2025-07-21,18,17,3,5.7,False,0.0,416.78
4373,2025-07-28,18,19,3,16.9,True,2746.25,1235.73
4374,2025-07-28,18,17,3,4.4,False,0.0,321.73
4375,2025-08-04,18,19,2,23.5,True,3818.75,1718.32
4376,2025-08-04,18,17,2,10.4,False,0.0,760.45
4377,2025-08-11,18,19,2,25.0,True,4062.5,1828.0
4378,2025-08-11,18,17,2,9.2,False,0.0,672.7
4379,2025-08-18,18,19,1,8.6,True,1397.5,628.83
4380,2025-08-18,18,15,1,13.4,True,2177.5,979.81
4381,2025-08-18,18,17,1,12.9,False,0.0,943.25
4382,2025-08-25,18,23,1,8.4,True,1365.0,614.21
4383,2025-08-25,18,19,1,10.0,True,1625.0,731.2
4384,2025-08-25,18,17,1,11.8,False,0.0,862.82
4385,2025-09-01,18,19,3,26.4,True,4290.0,1930.37
4386,2025-09-01,18,15,3,9.3,True,1511.25,680.02
4387,2025-09-01,18,17,3,6.3,False,0.0,460.66
4388,2025-09-08,18,23,2,24.0,True,3900.0,1754.88
4389,2025-09-08,18,17,2,13.8,False,0.0,1009.06
4390,2025-09-15,18,19,2,8.8,True,1430.0,643.46
4391,2025-09-15,18,15,2,15.8,True,2567.5,1155.3
4392,2025-09-15,18,17,2,13.0,False,0.0,950.56
4393,2025-09-22,18,15,2,30.4,True,4940.0,2222.85
4394,2025-09-22,18,17,2,6.6,False,0.0,482.59
4395,2025-09-29,18,15,3,13.5,True,2193.75,987.12
4396,2025-09-29,18,19,3,16.2,True,2632.5,1184.54
4397,2025-09-29,18,17,3,6.7,False,0.0,489.9
4398,2025-10-06,18,15,2,19.2,True,3120.0,1403.9
4399,2025-10-06,18,17,2,17.2,False,0.0,1257.66
4400,2025-10-13,18,19,1,4.9,True,796.25,358.29
4401,2025-10-13,18,23,1,21.7,True,3526.25,1586.7
4402,2025-10-13,18,17,1,12.0,False,0.0,877.44
4403,2025-10-20,18,23,3,27.0,True,4387.5,1974.24
4404,2025-10-20,18,17,3,8.8,False,0.0,643.46
4405,2025-10-27,18,19,3,26.3,True,4273.75,1923.06
4406,2025-10-27,18,17,3,10.6,False,0.0,775.07
4407,2025-11-03,18,23,1,10.8,True,1755.0,789.7
4408,2025-11-03,18,15,1,12.4,True,2015.0,906.69
4409,2025-11-03,18,17,1,9.7,False,0.0,709.26
4410,2025-11-10,18,15,3,23.7,True,3851.25,1732.94
4411,2025-11-10,18,17,3,11.2,False,0.0,818.94
4412,2025-11-17,18,23,1,20.3,True,3298.75,1484.34
4413,2025-11-17,18,15,1,5.2,True,845.0,380.22
4414,2025-11-17,18,17,1,7.8,False,0.0,570.34
4415,2025-11-24,18,23,2,23.5,True,3818.75,1718.32
4416,2025-11-24,18,17,2,11.8,False,0.0,862.82
4417,2025-12-01,18,15,3,4.8,True,780.0,350.98
4418,2025-12-01,18,19,3,16.0,True,2600.0,1169.92
4419,2025-12-01,18,17,3,8.5,False,0.0,621.52
4420,2025-12-08,18,19,1,4.2,True,682.5,307.1
4421,2025-12-08,18,15,1,14.0,True,2275.0,1023.68
4422,2025-12-08,18,17,1,8.8,False,0.0,643.46
4423,2025-12-15,18,23,3,17.0,True,2762.5,1243.04
4424,2025-12-15,18,17,3,12.6,False,0.0,921.31
4425,2025-12-22,18,19,3,11.6,True,1885.0,848.19
4426,2025-12-22,18,23,3,12.5,True,2031.25,914.0
4427,2025-12-22,18,17,3,2.4,False,0.0,175.49
4428,2025-12-29,18,15,1,10.5,True,1706.25,767.76
4429,2025-12-29,18,19,1,10.9,True,1771.25,797.01
4430,2025-12-29,18,17,1,8.4,False,0.0,614.21
4431,2024-01-01,19,9,2,21.2,True,1584.7,713.17
4432,2024-01-01,19,30,2,14.7,False,0.0,494.51
4433,2024-01-08,19,9,2,16.3,True,1218.42,548.33
4434,2024-01-08,19,13,2,3.6,True,269.1,121.1
4435,2024-01-08,19,30,2,12.8,False,0.0,430.59
4436,2024-01-15,19,28,2,19.9,True,1487.52,669.44
4437,2024-01-15,19,30,2,15.9,False,0.0,534.88
4438,2024-01-22,19,7,1,19.5,True,1457.62,655.98
4439,2024-01-22,19,30,1,14.6,False,0.0,491.14
4440,2024-01-29,19,7,1,22.4,True,1674.4,753.54
4441,2024-01-29,19,28,1,2.9,True,216.78,97.56
4442,2024-01-29,19,30,1,12.7,False,0.0,427.23
4443,2024-02-05,19,9,1,21.5,True,1607.12,723.26
4444,2024-02-05,19,30,1,18.0,False,0.0,605.52
4445,2024-02-12,19,28,2,22.6,True,1689.35,760.26
4446,2024-02-12,19,30,2,16.4,False,0.0,551.7
4447,2024-02-19,19,13,1,4.5,True,336.38,151.38
4448,2024-02-19,19,28,1,12.5,True,934.38,420.5
4449,2024-02-19,19,30,1,12.9,False,0.0,433.96
4450,2024-02-26,19,28,1,20.2,True,1509.95,679.53
4451,2024-02-26,19,30,1,14.8,False,0.0,497.87
4452,2024-03-04,19,28,1,20.6,True,1539.85,692.98
4453,2024-03-04,19,30,1,16.8,False,0.0,565.15
4454,2024-03-11,19,7,1,17.8,True,1330.55,598.79
4455,2024-03-11,19,30,1,17.7,False,0.0,595.43
4456,2024-03-18,19,9,2,4.9,True,366.28,164.84
4457,2024-03-18,19,7,2,14.2,True,1061.45,477.69
4458,2024-03-18,19,30,2,16.0,False,0.0,538.24
4459,2024-03-25,19,9,1,20.9,True,1562.28,703.08
4460,2024-03-25,19,30,1,11.5,False,0.0,386.86
4461,2024-04-01,19,13,1,18.2,True,1360.45,612.25
4462,2024-04-01,19,30,1,15.3,False,0.0,514.69
4463,2024-04-08,19,13,1,22.1,True,1651.98,743.44
4464,2024-04-08,19,30,1,14.3,False,0.0,481.05
4465,2024-04-15,19,9,1,23.4,True,1749.15,787.18
4466,2024-04-15,19,30,1,16.0,False,0.0,538.24
4467,2024-04-22,19,9,2,21.2,True,1584.7,713.17
4468,2024-04-22,19,30,2,16.8,False,0.0,565.15
4469,2024-04-29,19,7,2,23.7,True,1771.58,797.27
4470,2024-04-29,19,30,2,13.1,False,0.0,440.68
4471,2024-05-06,19,28,1,17.1,True,1278.23,575.24
4472,2024-05-06,19,30,1,18.0,False,0.0,605.52
4473,2024-05-13,19,9,1,11.2,True,837.2,376.77
4474,2024-05-13,19,28,1,9.4,True,702.65,316.22
4475,2024-05-13,19,30,1,15.4,False,0.0,518.06
4476,2024-05-20,19,28,1,19.4,True,1450.15,652.62
4477,2024-05-20,19,30,1,15.8,False,0.0,531.51
4478,2024-05-27,19,7,2,15.8,True,1181.05,531.51
4479,2024-05-27,19,28,2,5.4,True,403.65,181.66
4480,2024-05-27,19,30,2,14.9,False,0.0,501.24
4481,2024-06-03,19,28,2,10.3,True,769.92,346.49
4482,2024-06-03,19,7,2,5.0,True,373.75,168.2
4483,2024-06-03,19,30,2,13.3,False,0.0,447.41
4484,2024-06-10,19,7,3,22.2,True,1659.45,746.81
4485,2024-06-10,19,30,3,11.8,False,0.0,396.95
4486,2024-06-17,19,9,3,19.2,True,1435.2,645.89
4487,2024-06-17,19,7,3,3.6,True,269.1,121.1
4488,2024-06-17,19,30,3,8.7,False,0.0,292.67
4489,2024-06-24,19,28,1,16.8,True,1255.8,565.15
4490,2024-06-24,19,30,1,15.6,False,0.0,524.78
4491,2024-07-01,19,9,2,6.6,True,493.35,222.02
4492,2024-07-01,19,28,2,5.2,True,388.7,174.93
4493,2024-07-01,19,30,2,9.3,False,0.0,312.85
4494,2024-07-08,19,28,3,9.0,True,672.75,302.76
4495,2024-07-08,19,13,3,3.8,True,284.05,127.83
4496,2024-07-08,19,30,3,8.1,False,0.0,272.48
4497,2024-07-15,19,9,2,11.4,True,852.15,383.5
4498,2024-07-15,19,30,2,9.0,False,0.0,302.76
4499,2024-07-22,19,7,1,11.5,True,859.62,386.86
4500,2024-07-22,19,30,1,9.6,False,0.0,322.94
4501,2024-07-29,19,13,2,11.5,True,859.62,386.86
4502,2024-07-29,19,30,2,11.2,False,0.0,376.77
4503,2024-08-05,19,9,2,8.0,True,598.0,269.12
4504,2024-08-05,19,7,2,13.5,True,1009.12,454.14
4505,2024-08-05,19,30,2,12.1,False,0.0,407.04
4506,2024-08-12,19,9,2,15.1,True,1128.72,507.96
4507,2024-08-12,19,30,2,17.8,False,0.0,598.79
4508,2024-08-19,19,28,2,9.5,True,710.12,319.58
4509,2024-08-19,19,7,2,12.6,True,941.85,423.86
4510,2024-08-19,19,30,2,13.6,False,0.0,457.5
4511,2024-08-26,19,13,2,16.3,True,1218.42,548.33
4512,2024-08-26,19,30,2,17.4,False,0.0,585.34
4513,2024-09-02,19,13,2,17.4,True,1300.65,585.34
4514,2024-09-02,19,7,2,7.6,True,568.1,255.66
4515,2024-09-02,19,30,2,13.2,False,0.0,444.05
4516,2024-09-09,19,13,1,17.8,True,1330.55,598.79
4517,2024-09-09,19,30,1,18.9,False,0.0,635.8
4518,2024-09-16,19,7,2,20.3,True,1517.42,682.89
4519,2024-09-16,19,30,2,17.3,False,0.0,581.97
4520,2024-09-23,19,7,1,9.4,True,702.65,316.22
4521,2024-09-23,19,13,1,12.9,True,964.28,433.96
4522,2024-09-23,19,30,1,17.6,False,0.0,592.06
4523,2024-09-30,19,13,2,20.2,True,1509.95,679.53
4524,2024-09-30,19,30,2,13.0,False,0.0,437.32
4525,2024-10-07,19,7,1,9.9,True,740.02,333.04
4526,2024-10-07,19,28,1,11.2,True,837.2,376.77
4527,2024-10-07,19,30,1,13.6,False,0.0,457.5
4528,2024-10-14,19,28,2,2.3,True,171.92,77.37
4529,2024-10-14,19,9,2,19.6,True,1465.1,659.34
4530,2024-10-14,19,30,2,13.6,False,0.0,457.5
4531,2024-10-21,19,28,1,20.8,True,1554.8,699.71
4532,2024-10-21,19,30,1,15.2,False,0.0,511.33
4533,2024-10-28,19,13,2,21.1,True,1577.22,709.8
4534,2024-10-28,19,9,2,2.8,True,209.3,94.19
4535,2024-10-28,19,30,2,15.0,False,0.0,504.6
4536,2024-11-04,19,7,2,20.0,True,1495.0,672.8
4537,2024-11-04,19,30,2,17.0,False,0.0,571.88
4538,2024-11-11,19,28,2,18.0,True,1345.5,605.52
4539,2024-11-11,19,13,2,1.2,True,89.7,40.37
4540,2024-11-11,19,30,2,19.5,False,0.0,655.98
4541,2024-11-18,19,7,1,23.3,True,1741.68,783.81
4542,2024-11-18,19,30,1,12.2,False,0.0,410.41
4543,2024-11-25,19,28,2,16.1,True,1203.48,541.6
4544,2024-11-25,19,30,2,23.6,False,0.0,793.9
4545,2024-12-02,19,13,2,9.8,True,732.55,329.67
4546,2024-12-02,19,9,2,8.8,True,657.8,296.03
4547,2024-12-02,19,30,2,10.9,False,0.0,366.68
4548,2024-12-09,19,9,2,12.9,True,964.28,433.96
4549,2024-12-09,19,7,2,5.1,True,381.22,171.56
4550,2024-12-09,19,30,2,10.5,False,0.0,353.22
4551,2024-12-16,19,9,2,8.4,True,627.9,282.58
4552,2024-12-16,19,13,2,8.8,True,657.8,296.03
4553,2024-12-16,19,30,2,12.5,False,0.0,420.5
4554,2024-12-23,19,13,2,18.4,True,1375.4,618.98
4555,2024-12-23,19,30,2,9.4,False,0.0,316.22
4556,2024-12-30,19,28,2,17.6,True,1315.6,592.06
4557,2024-12-30,19,30,2,10.3,False,0.0,346.49
4558,2025-01-06,19,7,2,13.2,True,986.7,444.05
4559,2025-01-06,19,13,2,9.6,True,717.6,322.94
4560,2025-01-06,19,30,2,10.8,False,0.0,363.31
4561,2025-01-13,19,28,1,21.5,True,1607.12,723.26
4562,2025-01-13,19,30,1,14.8,False,0.0,497.87
4563,2025-01-20,19,9,2,11.2,True,837.2,376.77
4564,2025-01-20,19,13,2,10.1,True,754.98,339.76
4565,2025-01-20,19,30,2,16.3,False,0.0,548.33
4566,2025-01-27,19,13,2,18.5,True,1382.88,622.34
4567,2025-01-27,19,30,2,15.9,False,0.0,534.88
4568,2025-02-03,19,7,2,19.0,True,1420.25,639.16
4569,2025-02-03,19,30,2,15.9,False,0.0,534.88
4570,2025-02-10,19,13,2,20.9,True,1562.28,703.08
4571,2025-02-10,19,30,2,16.1,False,0.0,541.6
4572,2025-02-17,19,9,1,12.1,True,904.48,407.04
4573,2025-02-17,19,7,1,8.8,True,657.8,296.03
4574,2025-02-17,19,30,1,16.0,False,0.0,538.24
4575,2025-02-24,19,13,3,22.5,True,1681.88,756.9
4576,2025-02-24,19,30,3,14.6,False,0.0,491.14
4577,2025-03-03,19,9,1,8.5,True,635.38,285.94
4578,2025-03-03,19,13,1,9.1,True,680.22,306.12
4579,2025-03-03,19,30,1,16.1,False,0.0,541.6
4580,2025-03-10,19,28,1,4.6,True,343.85,154.74
4581,2025-03-10,19,13,1,16.4,True,1225.9,551.7
4582,2025-03-10,19,30,1,16.9,False,0.0,568.52
4583,2025-03-17,19,7,1,20.0,True,1495.0,672.8
4584,2025-03-17,19,30,1,13.5,False,0.0,454.14
4585,2025-03-24,19,28,1,20.9,True,1562.28,703.08
4586,2025-03-24,19,30,1,19.0,False,0.0,639.16
4587,2025-03-31,19,28,2,17.8,True,1330.55,598.79
4588,2025-03-31,19,30,2,18.8,False,0.0,632.43
4589,2025-04-07,19,13,2,20.1,True,1502.48,676.16
4590,2025-04-07,19,30,2,15.6,False,0.0,524.78
4591,2025-04-14,19,28,3,24.4,True,1823.9,820.82
4592,2025-04-14,19,30,3,15.6,False,0.0,524.78
4593,2025-04-21,19,13,1,14.9,True,1113.78,501.24
4594,2025-04-21,19,30,1,16.2,False,0.0,544.97
4595,2025-04-28,19,7,1,9.0,True,672.75,302.76
4596,2025-04-28,19,9,1,7.2,True,538.2,242.21
4597,2025-04-28,19,30,1,15.4,False,0.0,518.06
4598,2025-05-05,19,9,1,23.2,True,1734.2,780.45
4599,2025-05-05,19,30,1,17.5,False,0.0,588.7
4600,2025-05-12,19,28,2,17.3,True,1293.18,581.97
4601,2025-05-12,19,30,2,16.7,False,0.0,561.79
4602,2025-05-19,19,28,2,2.2,True,164.45,74.01
4603,2025-05-19,19,9,2,13.9,True,1039.03,467.6
4604,2025-05-19,19,30,2,19.5,False,0.0,655.98
4605,2025-05-26,19,13,1,19.3,True,1442.68,649.25
4606,2025-05-26,19,30,1,18.2,False,0.0,612.25
4607,2025-06-02,19,13,2,19.3,True,1442.68,649.25
4608,2025-06-02,19,30,2,14.6,False,0.0,491.14
4609,2025-06-09,19,7,2,2.6,True,194.35,87.46
4610,2025-06-09,19,28,2,14.6,True,1091.35,491.14
4611,2025-06-09,19,30,2,14.2,False,0.0,477.69
4612,2025-06-16,19,13,1,12.2,True,911.95,410.41
4613,2025-06-16,19,7,1,0.9,True,67.28,30.28
4614,2025-06-16,19,30,1,14.7,False,0.0,494.51
4615,2025-06-23,19,7,2,7.0,True,523.25,235.48
4616,2025-06-23,19,9,2,11.7,True,874.58,393.59
4617,2025-06-23,19,30,2,13.5,False,0.0,454.14
4618,2025-06-30,19,28,1,13.4,True,1001.65,450.78
4619,2025-06-30,19,30,1,16.1,False,0.0,541.6
4620,2025-07-07,19,28,3,12.9,True,964.28,433.96
4621,2025-07-07,19,30,3,6.9,False,0.0,232.12
4622,2025-07-14,19,13,2,9.4,True,702.65,316.22
4623,2025-07-14,19,30,2,10.8,False,0.0,363.31
4624,2025-07-21,19,28,1,12.0,True,897.0,403.68
4625,2025-07-21,19,30,1,8.9,False,0.0,299.4
4626,2025-07-28,19,7,2,13.2,True,986.7,444.05
4627,2025-07-28,19,30,2,8.3,False,0.0,279.21
4628,2025-08-04,19,9,1,6.6,True,493.35,222.02
4629,2025-08-04,19,28,1,13.0,True,971.75,437.32
4630,2025-08-04,19,30,1,13.0,False,0.0,437.32
4631,2025-08-11,19,28,2,17.1,True,1278.23,575.24
4632,2025-08-11,19,13,2,2.5,True,186.88,84.1
4633,2025-08-11,19,30,2,16.6,False,0.0,558.42
4634,2025-08-18,19,28,2,3.5,True,261.62,117.74
4635,2025-08-18,19,13,2,10.2,True,762.45,343.13
4636,2025-08-18,19,30,2,21.8,False,0.0,733.35
4637,2025-08-25,19,28,2,15.5,True,1158.62,521.42
4638,2025-08-25,19,30,2,18.4,False,0.0,618.98
4639,2025-09-01,19,7,2,17.7,True,1323.08,595.43
4640,2025-09-01,19,9,2,1.7,True,127.08,57.19
4641,2025-09-01,19,30,2,16.5,False,0.0,555.06
4642,2025-09-08,19,28,2,18.5,True,1382.88,622.34
4643,2025-09-08,19,30,2,19.6,False,0.0,659.34
4644,2025-09-15,19,13,2,8.6,True,642.85,289.3
4645,2025-09-15,19,7,2,7.7,True,575.58,259.03
4646,2025-09-15,19,30,2,18.0,False,0.0,605.52
4647,2025-09-22,19,13,3,14.8,True,1106.3,497.87
4648,2025-09-22,19,30,3,18.4,False,0.0,618.98
4649,2025-09-29,19,13,1,6.6,True,493.35,222.02
4650,2025-09-29,19,9,1,6.6,True,493.35,222.02
4651,2025-09-29,19,30,1,25.9,False,0.0,871.28
4652,2025-10-06,19,9,1,20.0,True,1495.0,672.8
4653,2025-10-06,19,30,1,16.4,False,0.0,551.7
4654,2025-10-13,19,7,2,18.2,True,1360.45,612.25
4655,2025-10-13,19,30,2,18.0,False,0.0,605.52
4656,2025-10-20,19,13,2,16.8,True,1255.8,565.15
4657,2025-10-20,19,30,2,16.4,False,0.0,551.7
4658,2025-10-27,19,9,1,11.4,True,852.15,383.5
4659,2025-10-27,19,7,1,6.3,True,470.92,211.93
4660,2025-10-27,19,30,1,15.5,False,0.0,521.42
4661,2025-11-03,19,7,1,1.1,True,82.22,37.0
4662,2025-11-03,19,9,1,14.9,True,1113.78,501.24
4663,2025-11-03,19,30,1,16.5,False,0.0,555.06
4664,2025-11-10,19,7,2,13.8,True,1031.55,464.23
4665,2025-11-10,19,30,2,19.5,False,0.0,655.98
4666,2025-11-17,19,28,2,16.0,True,1196.0,538.24
4667,2025-11-17,19,30,2,20.3,False,0.0,682.89
4668,2025-11-24,19,9,2,10.2,True,762.45,343.13
4669,2025-11-24,19,7,2,4.3,True,321.42,144.65
4670,2025-11-24,19,30,2,21.8,False,0.0,733.35
4671,2025-12-01,19,13,2,10.4,True,777.4,349.86
4672,2025-12-01,19,9,2,3.2,True,239.2,107.65
4673,2025-12-01,19,30,2,15.9,False,0.0,534.88
4674,2025-12-08,19,28,2,14.5,True,1083.88,487.78
4675,2025-12-08,19,30,2,14.2,False,0.0,477.69
4676,2025-12-15,19,9,2,14.5,True,1083.88,487.78
4677,2025-12-15,19,30,2,18.5,False,0.0,622.34
4678,2025-12-22,19,13,2,3.2,True,239.2,107.65
4679,2025-12-22,19,7,2,8.9,True,665.28,299.4
4680,2025-12-22,19,30,2,17.6,False,0.0,592.06
4681,2025-12-29,19,28,2,9.8,True,732.55,329.67
4682,2025-12-29,19,13,2,2.2,True,164.45,74.01
4683,2025-12-29,19,30,2,15.7,False,0.0,528.15
4684,2024-01-01,20,21,1,24.0,True,2280.0,1026.0
4685,2024-01-01,20,29,1,9.8,False,0.0,418.95
4686,2024-01-08,20,12,1,22.3,True,2118.5,953.32
4687,2024-01-08,20,29,1,11.4,False,0.0,487.35
4688,2024-01-15,20,25,3,30.5,True,2897.5,1303.88
4689,2024-01-15,20,29,3,4.7,False,0.0,200.92
4690,2024-01-22,20,12,2,10.7,True,1016.5,457.42
4691,2024-01-22,20,16,2,15.8,True,1501.0,675.45
4692,2024-01-22,20,29,2,9.8,False,0.0,418.95
4693,2024-01-29,20,16,3,31.1,True,2954.5,1329.52
4694,2024-01-29,20,29,3,1.1,False,0.0,47.03
4695,2024-02-05,20,11,3,27.8,True,2641.0,1188.45
4696,2024-02-05,20,5,3,5.7,True,541.5,243.68
4697,2024-02-05,20,29,3,2.7,False,0.0,115.43
4698,2024-02-12,20,22,2,13.1,True,1244.5,560.02
4699,2024-02-12,20,21,2,15.7,True,1491.5,671.18
4700,2024-02-12,20,29,2,7.3,False,0.0,312.08
4701,2024-02-19,20,11,2,28.5,True,2707.5,1218.38
4702,2024-02-19,20,29,2,7.0,False,0.0,299.25
4703,2024-02-26,20,21,2,15.4,True,1463.0,658.35
4704,2024-02-26,20,10,2,15.1,True,1434.5,645.52
4705,2024-02-26,20,29,2,6.4,False,0.0,273.6
4706,2024-03-04,20,22,2,19.6,True,1862.0,837.9
4707,2024-03-04,20,8,2,5.8,True,551.0,247.95
4708,2024-03-04,20,29,2,12.7,False,0.0,542.92
4709,2024-03-11,20,12,2,28.2,True,2679.0,1205.55
4710,2024-03-11,20,29,2,8.3,False,0.0,354.83
4711,2024-03-18,20,8,1,6.5,True,617.5,277.88
4712,2024-03-18,20,12,1,23.7,True,2251.5,1013.18
4713,2024-03-18,20,29,1,5.4,False,0.0,230.85
4714,2024-03-25,20,10,1,26.9,True,2555.5,1149.97
4715,2024-03-25,20,29,1,7.5,False,0.0,320.62
4716,2024-04-01,20,8,2,33.1,True,3144.5,1415.02
4717,2024-04-01,20,29,2,2.9,False,0.0,123.98
4718,2024-04-08,20,11,2,4.0,True,380.0,171.0
4719,2024-04-08,20,24,2,26.6,True,2527.0,1137.15
4720,2024-04-08,20,29,2,5.4,False,0.0,230.85
4721,2024-04-15,20,8,1,24.9,True,2365.5,1064.47
4722,2024-04-15,20,29,1,5.2,False,0.0,222.3
4723,2024-04-22,20,11,3,28.3,True,2688.5,1209.82
4724,2024-04-22,20,29,3,4.8,False,0.0,205.2
4725,2024-04-29,20,11,3,27.7,True,2631.5,1184.18
4726,2024-04-29,20,12,3,2.3,True,218.5,98.32
4727,2024-04-29,20,29,3,6.0,False,0.0,256.5
4728,2024-05-06,20,25,2,26.2,True,2489.0,1120.05
4729,2024-05-06,20,29,2,11.9,False,0.0,508.72
4730,2024-05-13,20,5,2,30.4,True,2888.0,1299.6
4731,2024-05-13,20,29,2,5.1,False,0.0,218.02
4732,2024-05-20,20,22,2,35.1,True,3334.5,1500.52
4733,2024-05-20,20,29,2,5.5,False,0.0,235.12
4734,2024-05-27,20,21,3,27.5,True,2612.5,1175.62
4735,2024-05-27,20,29,3,3.0,False,0.0,128.25
4736,2024-06-03,20,11,2,24.4,True,2318.0,1043.1
4737,2024-06-03,20,29,2,7.6,False,0.0,324.9
4738,2024-06-10,20,5,1,21.1,True,2004.5,902.03
4739,2024-06-10,20,29,1,6.2,False,0.0,265.05
4740,2024-06-17,20,22,1,4.6,True,437.0,196.65
4741,2024-06-17,20,12,1,20.1,True,1909.5,859.28
4742,2024-06-17,20,29,1,6.0,False,0.0,256.5
4743,2024-06-24,20,16,2,22.2,True,2109.0,949.05
4744,2024-06-24,20,29,2,7.5,False,0.0,320.62
4745,2024-07-01,20,5,2,11.7,True,1111.5,500.17
4746,2024-07-01,20,29,2,7.5,False,0.0,320.62
4747,2024-07-08,20,8,3,17.8,True,1691.0,760.95
4748,2024-07-08,20,29,3,1.0,False,0.0,42.75
4749,2024-07-15,20,16,2,12.4,True,1178.0,530.1
4750,2024-07-15,20,11,2,0.8,True,76.0,34.2
4751,2024-07-15,20,29,2,7.2,False,0.0,307.8
4752,2024-07-22,20,8,2,8.2,True,779.0,350.55
4753,2024-07-22,20,12,2,6.0,True,570.0,256.5
4754,2024-07-22,20,29,2,5.6,False,0.0,239.4
4755,2024-07-29,20,12,2,14.5,True,1377.5,619.88
4756,2024-07-29,20,29,2,6.3,False,0.0,269.32
4757,2024-08-05,20,10,2,15.3,True,1453.5,654.08
4758,2024-08-05,20,12,2,10.5,True,997.5,448.88
4759,2024-08-05,20,29,2,10.4,False,0.0,444.6
4760,2024-08-12,20,11,3,28.8,True,2736.0,1231.2
4761,2024-08-12,20,16,3,1.7,True,161.5,72.68
4762,2024-08-12,20,29,3,7.5,False,0.0,320.62
4763,2024-08-19,20,10,3,21.0,True,1995.0,897.75
4764,2024-08-19,20,24,3,7.3,True,693.5,312.08
4765,2024-08-19,20,29,3,6.3,False,0.0,269.32
4766,2024-08-26,20,16,1,23.9,True,2270.5,1021.72
4767,2024-08-26,20,29,1,11.5,False,0.0,491.62
4768,2024-09-02,20,12,2,18.4,True,1748.0,786.6
4769,2024-09-02,20,11,2,10.2,True,969.0,436.05
4770,2024-09-02,20,29,2,5.8,False,0.0,247.95
4771,2024-09-09,20,12,1,26.6,True,2527.0,1137.15
4772,2024-09-09,20,29,1,9.3,False,0.0,397.58
4773,2024-09-16,20,16,3,24.9,True,2365.5,1064.47
4774,2024-09-16,20,5,3,7.6,True,722.0,324.9
4775,2024-09-16,20,29,3,3.4,False,0.0,145.35
4776,2024-09-23,20,10,2,27.2,True,2584.0,1162.8
4777,2024-09-23,20,29,2,11.0,False,0.0,470.25
4778,2024-09-30,20,24,2,28.3,True,2688.5,1209.82
4779,2024-09-30,20,29,2,6.9,False,0.0,294.98
4780,2024-10-07,20,8,1,2.9,True,275.5,123.98
4781,2024-10-07,20,10,1,26.0,True,2470.0,1111.5
4782,2024-10-07,20,29,1,5.9,False,0.0,252.23
4783,2024-10-14,20,5,2,18.2,True,1729.0,778.05
4784,2024-10-14,20,22,2,3.2,True,304.0,136.8
4785,2024-10-14,20,29,2,11.4,False,0.0,487.35
4786,2024-10-21,20,24,1,38.1,True,3619.5,1628.78
4787,2024-10-21,20,29,1,2.1,False,0.0,89.78
4788,2024-10-28,20,5,1,13.5,True,1282.5,577.12
4789,2024-10-28,20,8,1,20.3,True,1928.5,867.82
4790,2024-10-28,20,29,1,6.1,False,0.0,260.77
4791,2024-11-04,20,25,3,14.1,True,1339.5,602.78
4792,2024-11-04,20,21,3,15.9,True,1510.5,679.72
4793,2024-11-04,20,29,3,4.3,False,0.0,183.82
4794,2024-11-11,20,5,1,22.2,True,2109.0,949.05
4795,2024-11-11,20,29,1,9.5,False,0.0,406.12
4796,2024-11-18,20,24,1,26.7,True,2536.5,1141.42
4797,2024-11-18,20,5,1,1.1,True,104.5,47.03
4798,2024-11-18,20,29,1,5.3,False,0.0,226.58
4799,2024-11-25,20,24,2,25.1,True,2384.5,1073.03
4800,2024-11-25,20,10,2,2.0,True,190.0,85.5
4801,2024-11-25,20,29,2,11.6,False,0.0,495.9
4802,2024-12-02,20,21,1,23.5,True,2232.5,1004.62
4803,2024-12-02,20,29,1,5.3,False,0.0,226.58
4804,2024-12-09,20,10,2,23.6,True,2242.0,1008.9
4805,2024-12-09,20,29,2,6.6,False,0.0,282.15
4806,2024-12-16,20,25,2,19.0,True,1805.0,812.25
4807,2024-12-16,20,29,2,11.1,False,0.0,474.52
4808,2024-12-23,20,16,2,19.4,True,1843.0,829.35
4809,2024-12-23,20,29,2,9.5,False,0.0,406.12
4810,2024-12-30,20,25,3,25.3,True,2403.5,1081.58
4811,2024-12-30,20,29,3,3.3,False,0.0,141.07
4812,2025-01-06,20,25,2,28.2,True,2679.0,1205.55
4813,2025-01-06,20,29,2,8.9,False,0.0,380.48
4814,2025-01-13,20,12,2,1.1,True,104.5,47.03
4815,2025-01-13,20,21,2,24.8,True,2356.0,1060.2
4816,2025-01-13,20,29,2,13.3,False,0.0,568.58
4817,2025-01-20,20,22,3,24.1,True,2289.5,1030.28
4818,2025-01-20,20,29,3,9.6,False,0.0,410.4
4819,2025-01-27,20,16,1,29.1,True,2764.5,1244.03
4820,2025-01-27,20,29,1,4.4,False,0.0,188.1
4821,2025-02-03,20,5,2,9.4,True,893.0,401.85
4822,2025-02-03,20,12,2,19.7,True,1871.5,842.18
4823,2025-02-03,20,29,2,6.5,False,0.0,277.88
4824,2025-02-10,20,24,1,16.1,True,1529.5,688.28
4825,2025-02-10,20,5,1,7.1,True,674.5,303.52
4826,2025-02-10,20,29,1,13.1,False,0.0,560.02
4827,2025-02-17,20,22,2,25.8,True,2451.0,1102.95
4828,2025-02-17,20,29,2,12.0,False,0.0,513.0
4829,2025-02-24,20,24,3,38.4,True,3648.0,1641.6
4830,2025-02-24,20,29,3,0.8,False,0.0,34.2
4831,2025-03-03,20,16,2,18.5,True,1757.5,790.88
4832,2025-03-03,20,25,2,12.9,True,1225.5,551.48
4833,2025-03-03,20,29,2,8.3,False,0.0,354.83
4834,2025-03-10,20,24,1,30.0,True,2850.0,1282.5
4835,2025-03-10,20,29,1,6.1,False,0.0,260.77
4836,2025-03-17,20,11,2,27.5,True,2612.5,1175.62
4837,2025-03-17,20,29,2,7.2,False,0.0,307.8
4838,2025-03-24,20,12,3,19.5,True,1852.5,833.62
4839,2025-03-24,20,25,3,9.7,True,921.5,414.67
4840,2025-03-24,20,29,3,4.8,False,0.0,205.2
4841,2025-03-31,20,12,2,28.3,True,2688.5,1209.82
4842,2025-03-31,20,29,2,10.3,False,0.0,440.33
4843,2025-04-07,20,25,2,29.6,True,2812.0,1265.4
4844,2025-04-07,20,29,2,9.7,False,0.0,414.67
4845,2025-04-14,20,21,2,20.2,True,1919.0,863.55
4846,2025-04-14,20,8,2,1.6,True,152.0,68.4
4847,2025-04-14,20,29,2,11.7,False,0.0,500.17
4848,2025-04-21,20,25,2,18.8,True,1786.0,803.7
4849,2025-04-21,20,12,2,8.8,True,836.0,376.2
4850,2025-04-21,20,29,2,7.9,False,0.0,337.72
4851,2025-04-28,20,12,2,21.0,True,1995.0,897.75
4852,2025-04-28,20,11,2,2.1,True,199.5,89.78
4853,2025-04-28,20,29,2,9.4,False,0.0,401.85
4854,2025-05-05,20,10,2,14.9,True,1415.5,636.98
4855,2025-05-05,20,24,2,14.6,True,1387.0,624.15
4856,2025-05-05,20,29,2,7.3,False,0.0,312.08
4857,2025-05-12,20,11,1,30.6,True,2907.0,1308.15
4858,2025-05-12,20,29,1,4.3,False,0.0,183.82
4859,2025-05-19,20,11,2,23.9,True,2270.5,1021.72
4860,2025-05-19,20,16,2,3.6,True,342.0,153.9
4861,2025-05-19,20,29,2,8.4,False,0.0,359.1
4862,2025-05-26,20,10,2,27.3,True,2593.5,1167.08
4863,2025-05-26,20,29,2,8.3,False,0.0,354.83
4864,2025-06-02,20,22,1,26.0,True,2470.0,1111.5
4865,2025-06-02,20,29,1,4.4,False,0.0,188.1
4866,2025-06-09,20,22,2,15.5,True,1472.5,662.62
4867,2025-06-09,20,11,2,5.6,True,532.0,239.4
4868,2025-06-09,20,29,2,10.6,False,0.0,453.15
4869,2025-06-16,20,21,1,27.6,True,2622.0,1179.9
4870,2025-06-16,20,29,1,7.1,False,0.0,303.52
4871,2025-06-23,20,16,3,26.5,True,2517.5,1132.88
4872,2025-06-23,20,29,3,8.2,False,0.0,350.55
4873,2025-06-30,20,22,1,26.7,True,2536.5,1141.42
4874,2025-06-30,20,29,1,4.8,False,0.0,205.2
4875,2025-07-07,20,24,1,14.5,True,1377.5,619.88
4876,2025-07-07,20,29,1,5.8,False,0.0,247.95
4877,2025-07-14,20,12,2,3.3,True,313.5,141.07
4878,2025-07-14,20,24,2,10.8,True,1026.0,461.7
4879,2025-07-14,20,29,2,5.6,False,0.0,239.4
4880,2025-07-21,20,10,3,16.7,True,1586.5,713.92
4881,2025-07-21,20,29,3,3.2,False,0.0,136.8
4882,2025-07-28,20,12,1,13.5,True,1282.5,577.12
4883,2025-07-28,20,8,1,4.7,True,446.5,200.92
4884,2025-07-28,20,29,1,2.1,False,0.0,89.78
4885,2025-08-04,20,8,1,3.7,True,351.5,158.18
4886,2025-08-04,20,5,1,21.7,True,2061.5,927.68
4887,2025-08-04,20,29,1,6.9,False,0.0,294.98
4888,2025-08-11,20,10,1,23.4,True,2223.0,1000.35
4889,2025-08-11,20,29,1,8.8,False,0.0,376.2
4890,2025-08-18,20,24,2,24.7,True,2346.5,1055.92
4891,2025-08-18,20,29,2,7.0,False,0.0,299.25
4892,2025-08-25,20,21,1,19.9,True,1890.5,850.72
4893,2025-08-25,20,10,1,8.6,True,817.0,367.65
4894,2025-08-25,20,29,1,5.1,False,0.0,218.02
4895,2025-09-01,20,25,1,27.5,True,2612.5,1175.62
4896,2025-09-01,20,29,1,8.8,False,0.0,376.2
4897,2025-09-08,20,16,2,27.8,True,2641.0,1188.45
4898,2025-09-08,20,29,2,11.1,False,0.0,474.52
4899,2025-09-15,20,22,3,9.9,True,940.5,423.22
4900,2025-09-15,20,5,3,24.3,True,2308.5,1038.82
4901,2025-09-15,20,29,3,4.0,False,0.0,171.0
4902,2025-09-22,20,11,3,9.1,True,864.5,389.02
4903,2025-09-22,20,21,3,26.9,True,2555.5,1149.97
4904,2025-09-22,20,29,3,1.3,False,0.0,55.58
4905,2025-09-29,20,24,2,19.6,True,1862.0,837.9
4906,2025-09-29,20,8,2,10.7,True,1016.5,457.42
4907,2025-09-29,20,29,2,9.4,False,0.0,401.85
4908,2025-10-06,20,5,1,22.5,True,2137.5,961.88
4909,2025-10-06,20,29,1,13.9,False,0.0,594.22
4910,2025-10-13,20,21,1,30.1,True,2859.5,1286.78
4911,2025-10-13,20,29,1,5.2,False,0.0,222.3
4912,2025-10-20,20,5,2,26.0,True,2470.0,1111.5
4913,2025-10-20,20,29,2,11.6,False,0.0,495.9
4914,2025-10-27,20,24,1,4.0,True,380.0,171.0
4915,2025-10-27,20,12,1,27.9,True,2650.5,1192.72
4916,2025-10-27,20,29,1,7.5,False,0.0,320.62
4917,2025-11-03,20,21,2,24.3,True,2308.5,1038.82
4918,2025-11-03,20,29,2,8.2,False,0.0,350.55
4919,2025-11-10,20,11,3,31.7,True,3011.5,1355.18
4920,2025-11-10,20,29,3,4.4,False,0.0,188.1
4921,2025-11-17,20,5,2,19.6,True,1862.0,837.9
4922,2025-11-17,20,11,2,6.7,True,636.5,286.42
4923,2025-11-17,20,29,2,8.3,False,0.0,354.83
4924,2025-11-24,20,12,2,28.8,True,2736.0,1231.2
4925,2025-11-24,20,29,2,8.6,False,0.0,367.65
4926,2025-12-01,20,5,1,25.1,True,2384.5,1073.03
4927,2025-12-01,20,29,1,5.0,False,0.0,213.75
4928,2025-12-08,20,11,1,22.9,True,2175.5,978.97
4929,2025-12-08,20,24,1,0.7,True,66.5,29.92
4930,2025-12-08,20,29,1,6.4,False,0.0,273.6
4931,2025-12-15,20,5,3,22.5,True,2137.5,961.88
4932,2025-12-15,20,29,3,4.8,False,0.0,205.2
4933,2025-12-22,20,25,2,20.0,True,1900.0,855.0
4934,2025-12-22,20,8,2,2.8,True,266.0,119.7
4935,2025-12-22,20,29,2,7.6,False,0.0,324.9
4936,2025-12-29,20,22,1,4.6,True,437.0,196.65
4937,2025-12-29,20,10,1,20.7,True,1966.5,884.92
4938,2025-12-29,20,29,1,0.8,False,0.0,34.2
4939,2024-01-01,21,28,2,12.6,True,941.85,423.86
4940,2024-01-01,21,13,2,7.3,True,545.67,245.57
4941,2024-01-01,21,30,2,14.3,False,0.0,481.05
4942,2024-01-08,21,28,2,24.2,True,1808.95,814.09
4943,2024-01-08,21,30,2,12.0,False,0.0,403.68
4944,2024-01-15,21,13,1,18.2,True,1360.45,612.25
4945,2024-01-15,21,30,1,14.8,False,0.0,497.87
4946,2024-01-22,21,7,2,7.2,True,538.2,242.21
4947,2024-01-22,21,13,2,9.6,True,717.6,322.94
4948,2024-01-22,21,30,2,15.1,False,0.0,507.96
4949,2024-01-29,21,13,3,11.6,True,867.1,390.22
4950,2024-01-29,21,9,3,13.3,True,994.18,447.41
4951,2024-01-29,21,30,3,11.3,False,0.0,380.13
4952,2024-02-05,21,7,2,19.1,True,1427.72,642.52
4953,2024-02-05,21,30,2,12.8,False,0.0,430.59
4954,2024-02-12,21,9,2,19.3,True,1442.68,649.25
4955,2024-02-12,21,30,2,15.1,False,0.0,507.96
4956,2024-02-19,21,9,2,13.1,True,979.22,440.68
4957,2024-02-19,21,13,2,9.9,True,740.02,333.04
4958,2024-02-19,21,30,2,14.0,False,0.0,470.96
4959,2024-02-26,21,7,3,18.0,True,1345.5,605.52
4960,2024-02-26,21,28,3,5.2,True,388.7,174.93
4961,2024-02-26,21,30,3,12.9,False,0.0,433.96
4962,2024-03-04,21,13,1,19.8,True,1480.05,666.07
4963,2024-03-04,21,30,1,16.8,False,0.0,565.15
4964,2024-03-11,21,28,2,24.7,True,1846.32,830.91
4965,2024-03-11,21,30,2,15.0,False,0.0,504.6
4966,2024-03-18,21,9,1,24.5,True,1831.38,824.18
4967,2024-03-18,21,30,1,11.7,False,0.0,393.59
4968,2024-03-25,21,13,1,27.1,True,2025.72,911.64
4969,2024-03-25,21,30,1,12.5,False,0.0,420.5
4970,2024-04-01,21,28,1,22.5,True,1681.88,756.9
4971,2024-04-01,21,30,1,14.1,False,0.0,474.32
4972,2024-04-08,21,13,1,19.9,True,1487.52,669.44
4973,2024-04-08,21,7,1,4.2,True,313.95,141.29
4974,2024-04-08,21,30,1,14.8,False,0.0,497.87
4975,2024-04-15,21,7,2,18.8,True,1405.3,632.43
4976,2024-04-15,21,30,2,13.2,False,0.0,444.05
4977,2024-04-22,21,9,2,7.0,True,523.25,235.48
4978,2024-04-22,21,13,2,13.5,True,1009.12,454.14
4979,2024-04-22,21,30,2,13.6,False,0.0,457.5
4980,2024-04-29,21,13,2,1.0,True,74.75,33.64
4981,2024-04-29,21,28,2,25.4,True,1898.65,854.46
4982,2024-04-29,21,30,2,13.2,False,0.0,444.05
4983,2024-05-06,21,28,2,19.1,True,1427.72,642.52
4984,2024-05-06,21,30,2,17.9,False,0.0,602.16
4985,2024-05-13,21,7,1,20.5,True,1532.38,689.62
4986,2024-05-13,21,30,1,14.8,False,0.0,497.87
4987,2024-05-20,21,28,2,3.0,True,224.25,100.92
4988,2024-05-20,21,9,2,14.2,True,1061.45,477.69
4989,2024-05-20,21,30,2,13.1,False,0.0,440.68
4990,2024-05-27,21,13,2,19.3,True,1442.68,649.25
4991,2024-05-27,21,30,2,17.1,False,0.0,575.24
4992,2024-06-03,21,7,2,18.3,True,1367.92,615.61
4993,2024-06-03,21,30,2,13.8,False,0.0,464.23
4994,2024-06-10,21,7,2,18.6,True,1390.35,625.7
4995,2024-06-10,21,30,2,14.7,False,0.0,494.51
4996,2024-06-17,21,9,2,11.4,True,852.15,383.5
4997,2024-06-17,21,28,2,3.7,True,276.58,124.47
4998,2024-06-17,21,30,2,16.4,False,0.0,551.7
4999,2024-06-24,21,7,1,3.4,True,254.15,114.38
5000,2024-06-24,21,9,1,15.1,True,1128.72,507.96
5001,2024-06-24,21,30,1,9.6,False,0.0,322.94
5002,2024-07-01,21,28,2,11.5,True,859.62,386.86
5003,2024-07-01,21,30,2,6.8,False,0.0,228.75
5004,2024-07-08,21,7,2,7.3,True,545.67,245.57
5005,2024-07-08,21,9,2,4.2,True,313.95,141.29
5006,2024-07-08,21,30,2,9.0,False,0.0,302.76
5007,2024-07-15,21,13,1,14.1,True,1053.97,474.32
5008,2024-07-15,21,30,1,7.2,False,0.0,242.21
5009,2024-07-22,21,9,2,10.6,True,792.35,356.58
5010,2024-07-22,21,30,2,8.6,False,0.0,289.3
5011,2024-07-29,21,13,1,5.6,True,418.6,188.38
5012,2024-07-29,21,9,1,5.3,True,396.18,178.29
5013,2024-07-29,21,30,1,9.4,False,0.0,316.22
5014,2024-08-05,21,13,1,17.2,True,1285.7,578.61
5015,2024-08-05,21,7,1,1.1,True,82.22,37.0
5016,2024-08-05,21,30,1,16.9,False,0.0,568.52
5017,2024-08-12,21,28,2,17.8,True,1330.55,598.79
5018,2024-08-12,21,30,2,14.9,False,0.0,501.24
5019,2024-08-19,21,28,1,19.1,True,1427.72,642.52
5020,2024-08-19,21,30,1,12.6,False,0.0,423.86
5021,2024-08-26,21,7,1,20.9,True,1562.28,703.08
5022,2024-08-26,21,30,1,12.9,False,0.0,433.96
5023,2024-09-02,21,28,1,21.3,True,1592.18,716.53
5024,2024-09-02,21,30,1,19.1,False,0.0,642.52
5025,2024-09-09,21,28,1,26.1,True,1950.98,878.0
5026,2024-09-09,21,30,1,10.2,False,0.0,343.13
5027,2024-09-16,21,13,1,20.5,True,1532.38,689.62
5028,2024-09-16,21,30,1,19.5,False,0.0,655.98
5029,2024-09-23,21,28,1,18.2,True,1360.45,612.25
5030,2024-09-23,21,13,1,4.1,True,306.47,137.92
5031,2024-09-23,21,30,1,12.3,False,0.0,413.77
5032,2024-09-30,21,7,1,3.2,True,239.2,107.65
5033,2024-09-30,21,9,1,22.5,True,1681.88,756.9
5034,2024-09-30,21,30,1,13.1,False,0.0,440.68
5035,2024-10-07,21,7,2,21.1,True,1577.22,709.8
5036,2024-10-07,21,30,2,15.2,False,0.0,511.33
5037,2024-10-14,21,9,2,23.9,True,1786.52,804.0
5038,2024-10-14,21,30,2,11.1,False,0.0,373.4
5039,2024-10-21,21,7,1,21.5,True,1607.12,723.26
5040,2024-10-21,21,30,1,16.1,False,0.0,541.6
5041,2024-10-28,21,9,2,18.3,True,1367.92,615.61
5042,2024-10-28,21,30,2,16.1,False,0.0,541.6
5043,2024-11-04,21,28,2,3.0,True,224.25,100.92
5044,2024-11-04,21,9,2,16.8,True,1255.8,565.15
5045,2024-11-04,21,30,2,15.4,False,0.0,518.06
5046,2024-11-11,21,9,2,20.2,True,1509.95,679.53
5047,2024-11-11,21,30,2,19.2,False,0.0,645.89
5048,2024-11-18,21,13,2,23.9,True,1786.52,804.0
5049,2024-11-18,21,30,2,15.3,False,0.0,514.69
5050,2024-11-25,21,13,2,16.7,True,1248.32,561.79
5051,2024-11-25,21,30,2,19.0,False,0.0,639.16
5052,2024-12-02,21,13,3,16.6,True,1240.85,558.42
5053,2024-12-02,21,28,3,8.3,True,620.43,279.21
5054,2024-12-02,21,30,3,7.1,False,0.0,238.84
5055,2024-12-09,21,9,2,10.1,True,754.98,339.76
5056,2024-12-09,21,13,2,5.6,True,418.6,188.38
5057,2024-12-09,21,30,2,12.8,False,0.0,430.59
5058,2024-12-16,21,7,1,19.5,True,1457.62,655.98
5059,2024-12-16,21,30,1,10.6,False,0.0,356.58
5060,2024-12-23,21,7,2,20.7,True,1547.32,696.35
5061,2024-12-23,21,30,2,12.3,False,0.0,413.77
5062,2024-12-30,21,9,3,17.7,True,1323.08,595.43
5063,2024-12-30,21,30,3,11.1,False,0.0,373.4
5064,2025-01-06,21,7,1,22.4,True,1674.4,753.54
5065,2025-01-06,21,30,1,10.7,False,0.0,359.95
5066,2025-01-13,21,9,2,13.6,True,1016.6,457.5
5067,2025-01-13,21,30,2,16.7,False,0.0,561.79
5068,2025-01-20,21,7,2,21.5,True,1607.12,723.26
5069,2025-01-20,21,30,2,14.4,False,0.0,484.42
5070,2025-01-27,21,13,2,17.0,True,1270.75,571.88
5071,2025-01-27,21,7,2,0.9,True,67.28,30.28
5072,2025-01-27,21,30,2,13.6,False,0.0,457.5
5073,2025-02-03,21,13,1,19.5,True,1457.62,655.98
5074,2025-02-03,21,30,1,21.7,False,0.0,729.99
5075,2025-02-10,21,13,1,21.4,True,1599.65,719.9
5076,2025-02-10,21,30,1,12.2,False,0.0,410.41
5077,2025-02-17,21,28,1,25.0,True,1868.75,841.0
5078,2025-02-17,21,30,1,16.2,False,0.0,544.97
5079,2025-02-24,21,9,1,21.9,True,1637.02,736.72
5080,2025-02-24,21,30,1,15.2,False,0.0,511.33
5081,2025-03-03,21,7,1,21.3,True,1592.18,716.53
5082,2025-03-03,21,30,1,14.0,False,0.0,470.96
5083,2025-03-10,21,13,1,4.2,True,313.95,141.29
5084,2025-03-10,21,9,1,18.5,True,1382.88,622.34
5085,2025-03-10,21,30,1,15.2,False,0.0,511.33
5086,2025-03-17,21,9,1,15.3,True,1143.68,514.69
5087,2025-03-17,21,13,1,8.4,True,627.9,282.58
5088,2025-03-17,21,30,1,14.9,False,0.0,501.24
5089,2025-03-24,21,28,2,20.8,True,1554.8,699.71
5090,2025-03-24,21,30,2,16.8,False,0.0,565.15
5091,2025-03-31,21,13,1,20.5,True,1532.38,689.62
5092,2025-03-31,21,30,1,12.9,False,0.0,433.96
5093,2025-04-07,21,9,2,21.2,True,1584.7,713.17
5094,2025-04-07,21,30,2,12.6,False,0.0,423.86
5095,2025-04-14,21,7,2,15.8,True,1181.05,531.51
5096,2025-04-14,21,9,2,5.6,True,418.6,188.38
5097,2025-04-14,21,30,2,12.1,False,0.0,407.04
5098,2025-04-21,21,7,2,8.0,True,598.0,269.12
5099,2025-04-21,21,9,2,7.8,True,583.05,262.39
5100,2025-04-21,21,30,2,22.1,False,0.0,743.44
5101,2025-04-28,21,7,1,12.2,True,911.95,410.41
5102,2025-04-28,21,28,1,8.8,True,657.8,296.03
5103,2025-04-28,21,30,1,16.0,False,0.0,538.24
5104,2025-05-05,21,7,2,19.9,True,1487.52,669.44
5105,2025-05-05,21,30,2,17.7,False,0.0,595.43
5106,2025-05-12,21,28,1,0.5,True,37.38,16.82
5107,2025-05-12,21,13,1,20.4,True,1524.9,686.26
5108,2025-05-12,21,30,1,18.8,False,0.0,632.43
5109,2025-05-19,21,13,3,10.3,True,769.92,346.49
5110,2025-05-19,21,28,3,14.6,True,1091.35,491.14
5111,2025-05-19,21,30,3,12.5,False,0.0,420.5
5112,2025-05-26,21,13,2,15.5,True,1158.62,521.42
5113,2025-05-26,21,30,2,19.7,False,0.0,662.71
5114,2025-06-02,21,28,1,16.6,True,1240.85,558.42
5115,2025-06-02,21,30,1,17.2,False,0.0,578.61
5116,2025-06-09,21,9,2,15.0,True,1121.25,504.6
5117,2025-06-09,21,30,2,14.0,False,0.0,470.96
5118,2025-06-16,21,9,1,17.7,True,1323.08,595.43
5119,2025-06-16,21,30,1,14.5,False,0.0,487.78
5120,2025-06-23,21,7,1,15.3,True,1143.68,514.69
5121,2025-06-23,21,9,1,1.3,True,97.18,43.73
5122,2025-06-23,21,30,1,17.1,False,0.0,575.24
5123,2025-06-30,21,9,2,3.9,True,291.52,131.2
5124,2025-06-30,21,7,2,13.7,True,1024.08,460.87
5125,2025-06-30,21,30,2,16.2,False,0.0,544.97
5126,2025-07-07,21,13,2,3.1,True,231.72,104.28
5127,2025-07-07,21,28,2,4.9,True,366.28,164.84
5128,2025-07-07,21,30,2,12.3,False,0.0,413.77
5129,2025-07-14,21,28,1,9.0,True,672.75,302.76
5130,2025-07-14,21,30,1,11.9,False,0.0,400.32
5131,2025-07-21,21,9,1,9.3,True,695.18,312.85
5132,2025-07-21,21,30,1,11.4,False,0.0,383.5
5133,2025-07-28,21,13,2,8.9,True,665.28,299.4
5134,2025-07-28,21,30,2,8.7,False,0.0,292.67
5135,2025-08-04,21,9,2,8.8,True,657.8,296.03
5136,2025-08-04,21,7,2,6.1,True,455.98,205.2
5137,2025-08-04,21,30,2,15.3,False,0.0,514.69
5138,2025-08-11,21,7,2,21.3,True,1592.18,716.53
5139,2025-08-11,21,30,2,12.2,False,0.0,410.41
5140,2025-08-18,21,28,1,17.2,True,1285.7,578.61
5141,2025-08-18,21,30,1,15.5,False,0.0,521.42
5142,2025-08-25,21,13,1,8.6,True,642.85,289.3
5143,2025-08-25,21,28,1,8.4,True,627.9,282.58
5144,2025-08-25,21,30,1,17.0,False,0.0,571.88
5145,2025-09-01,21,7,2,22.4,True,1674.4,753.54
5146,2025-09-01,21,30,2,16.7,False,0.0,561.79
5147,2025-09-08,21,28,2,21.2,True,1584.7,713.17
5148,2025-09-08,21,30,2,18.7,False,0.0,629.07
5149,2025-09-15,21,7,1,19.2,True,1435.2,645.89
5150,2025-09-15,21,30,1,19.0,False,0.0,639.16
5151,2025-09-22,21,28,2,17.3,True,1293.18,581.97
5152,2025-09-22,21,30,2,17.2,False,0.0,578.61
5153,2025-09-29,21,28,2,18.3,True,1367.92,615.61
5154,2025-09-29,21,30,2,18.2,False,0.0,612.25
5155,2025-10-06,21,9,2,17.1,True,1278.23,575.24
5156,2025-10-06,21,30,2,22.8,False,0.0,766.99
5157,2025-10-13,21,28,2,14.8,True,1106.3,497.87
5158,2025-10-13,21,30,2,16.4,False,0.0,551.7
5159,2025-10-20,21,13,2,21.5,True,1607.12,723.26
5160,2025-10-20,21,30,2,17.1,False,0.0,575.24
5161,2025-10-27,21,9,1,11.4,True,852.15,383.5
5162,2025-10-27,21,13,1,8.2,True,612.95,275.85
5163,2025-10-27,21,30,1,17.1,False,0.0,575.24
5164,2025-11-03,21,9,1,16.7,True,1248.32,561.79
5165,2025-11-03,21,30,1,17.8,False,0.0,598.79
5166,2025-11-10,21,7,1,16.7,True,1248.32,561.79
5167,2025-11-10,21,9,1,3.6,True,269.1,121.1
5168,2025-11-10,21,30,1,18.0,False,0.0,605.52
5169,2025-11-17,21,9,1,16.4,True,1225.9,551.7
5170,2025-11-17,21,30,1,17.3,False,0.0,581.97
5171,2025-11-24,21,7,3,24.2,True,1808.95,814.09
5172,2025-11-24,21,30,3,13.5,False,0.0,454.14
5173,2025-12-01,21,9,2,13.7,True,1024.08,460.87
5174,2025-12-01,21,30,2,15.9,False,0.0,534.88
5175,2025-12-08,21,13,2,13.8,True,1031.55,464.23
5176,2025-12-08,21,30,2,17.8,False,0.0,598.79
5177,2025-12-15,21,9,2,14.2,True,1061.45,477.69
5178,2025-12-15,21,30,2,14.0,False,0.0,470.96
5179,2025-12-22,21,7,1,4.5,True,336.38,151.38
5180,2025-12-22,21,28,1,11.2,True,837.2,376.77
5181,2025-12-22,21,30,1,14.1,False,0.0,474.32
5182,2025-12-29,21,7,2,9.5,True,710.12,319.58
5183,2025-12-29,21,28,2,5.8,True,433.55,195.11
5184,2025-12-29,21,30,2,16.8,False,0.0,565.15
5185,2024-01-01,22,13,1,17.6,True,2631.2,1184.13
5186,2024-01-01,22,30,1,19.0,False,0.0,1278.32
5187,2024-01-08,22,9,2,19.3,True,2885.35,1298.5
5188,2024-01-08,22,30,2,14.6,False,0.0,982.29
5189,2024-01-15,22,28,1,16.6,True,2481.7,1116.85
5190,2024-01-15,22,30,1,18.4,False,0.0,1237.95
5191,2024-01-22,22,28,2,16.8,True,2511.6,1130.3
5192,2024-01-22,22,30,2,17.5,False,0.0,1177.4
5193,2024-01-29,22,9,3,8.7,True,1300.65,585.34
5194,2024-01-29,22,7,3,11.4,True,1704.3,766.99
5195,2024-01-29,22,30,3,14.4,False,0.0,968.83
5196,2024-02-05,22,13,1,5.4,True,807.3,363.31
5197,2024-02-05,22,9,1,17.0,True,2541.5,1143.76
5198,2024-02-05,22,30,1,18.5,False,0.0,1244.68
5199,2024-02-12,22,7,2,17.5,True,2616.25,1177.4
5200,2024-02-12,22,30,2,16.5,False,0.0,1110.12
5201,2024-02-19,22,28,2,16.2,True,2421.9,1089.94
5202,2024-02-19,22,30,2,18.1,False,0.0,1217.77
5203,2024-02-26,22,28,1,12.4,True,1853.8,834.27
5204,2024-02-26,22,9,1,6.8,True,1016.6,457.5
5205,2024-02-26,22,30,1,17.5,False,0.0,1177.4
5206,2024-03-04,22,9,1,1.6,True,239.2,107.65
5207,2024-03-04,22,7,1,15.5,True,2317.25,1042.84
5208,2024-03-04,22,30,1,16.8,False,0.0,1130.3
5209,2024-03-11,22,28,1,20.6,True,3079.7,1385.97
5210,2024-03-11,22,30,1,15.4,False,0.0,1036.11
5211,2024-03-18,22,9,2,19.7,True,2945.15,1325.42
5212,2024-03-18,22,30,2,17.1,False,0.0,1150.49
5213,2024-03-25,22,13,2,21.4,True,3199.3,1439.79
5214,2024-03-25,22,30,2,16.2,False,0.0,1089.94
5215,2024-04-01,22,9,2,20.3,True,3034.85,1365.78
5216,2024-04-01,22,30,2,18.0,False,0.0,1211.04
5217,2024-04-08,22,13,1,19.3,True,2885.35,1298.5
5218,2024-04-08,22,30,1,15.2,False,0.0,1022.66
5219,2024-04-15,22,7,1,15.8,True,2362.1,1063.02
5220,2024-04-15,22,30,1,19.1,False,0.0,1285.05
5221,2024-04-22,22,13,2,11.3,True,1689.35,760.26
5222,2024-04-22,22,7,2,4.2,True,627.9,282.58
5223,2024-04-22,22,30,2,21.0,False,0.0,1412.88
5224,2024-04-29,22,13,2,18.2,True,2720.9,1224.5
5225,2024-04-29,22,30,2,15.0,False,0.0,1009.2
5226,2024-05-06,22,7,1,20.5,True,3064.75,1379.24
5227,2024-05-06,22,30,1,14.5,False,0.0,975.56
5228,2024-05-13,22,28,2,9.9,True,1480.05,666.07
5229,2024-05-13,22,13,2,7.8,True,1166.1,524.78
5230,2024-05-13,22,30,2,18.4,False,0.0,1237.95
5231,2024-05-20,22,13,1,22.2,True,3318.9,1493.62
5232,2024-05-20,22,30,1,16.5,False,0.0,1110.12
5233,2024-05-27,22,13,1,22.8,True,3408.6,1533.98
5234,2024-05-27,22,30,1,11.3,False,0.0,760.26
5235,2024-06-03,22,28,2,16.9,True,2526.55,1137.03
5236,2024-06-03,22,30,2,16.3,False,0.0,1096.66
5237,2024-06-10,22,28,2,15.6,True,2332.2,1049.57
5238,2024-06-10,22,30,2,11.8,False,0.0,793.9
5239,2024-06-17,22,13,1,2.6,True,388.7,174.93
5240,2024-06-17,22,9,1,16.0,True,2392.0,1076.48
5241,2024-06-17,22,30,1,15.8,False,0.0,1063.02
5242,2024-06-24,22,13,1,16.4,True,2451.8,1103.39
5243,2024-06-24,22,30,1,13.1,False,0.0,881.37
5244,2024-07-01,22,9,1,12.4,True,1853.8,834.27
5245,2024-07-01,22,30,1,7.5,False,0.0,504.6
5246,2024-07-08,22,7,2,3.2,True,478.4,215.3
5247,2024-07-08,22,13,2,8.2,True,1225.9,551.7
5248,2024-07-08,22,30,2,9.2,False,0.0,618.98
5249,2024-07-15,22,28,2,10.4,True,1554.8,699.71
5250,2024-07-15,22,30,2,9.5,False,0.0,639.16
5251,2024-07-22,22,7,2,8.0,True,1196.0,538.24
5252,2024-07-22,22,30,2,10.8,False,0.0,726.62
5253,2024-07-29,22,28,2,9.8,True,1465.1,659.34
5254,2024-07-29,22,30,2,10.8,False,0.0,726.62
5255,2024-08-05,22,28,2,3.8,True,568.1,255.66
5256,2024-08-05,22,9,2,14.1,True,2107.95,948.65
5257,2024-08-05,22,30,2,16.6,False,0.0,1116.85
5258,2024-08-12,22,9,2,16.5,True,2466.75,1110.12
5259,2024-08-12,22,30,2,17.3,False,0.0,1163.94
5260,2024-08-19,22,9,2,16.5,True,2466.75,1110.12
5261,2024-08-19,22,30,2,15.5,False,0.0,1042.84
5262,2024-08-26,22,7,1,16.9,True,2526.55,1137.03
5263,2024-08-26,22,30,1,17.8,False,0.0,1197.58
5264,2024-09-02,22,9,2,14.5,True,2167.75,975.56
5265,2024-09-02,22,7,2,4.0,True,598.0,269.12
5266,2024-09-02,22,30,2,20.7,False,0.0,1392.7
5267,2024-09-09,22,9,1,3.9,True,583.05,262.39
5268,2024-09-09,22,7,1,12.6,True,1883.7,847.73
5269,2024-09-09,22,30,1,18.0,False,0.0,1211.04
5270,2024-09-16,22,28,1,9.1,True,1360.45,612.25
5271,2024-09-16,22,13,1,5.8,True,867.1,390.22
5272,2024-09-16,22,30,1,16.5,False,0.0,1110.12
5273,2024-09-23,22,28,2,7.6,True,1136.2,511.33
5274,2024-09-23,22,13,2,10.9,True,1629.55,733.35
5275,2024-09-23,22,30,2,17.7,False,0.0,1190.86
5276,2024-09-30,22,7,1,18.4,True,2750.8,1237.95
5277,2024-09-30,22,30,1,17.4,False,0.0,1170.67
5278,2024-10-07,22,28,2,1.1,True,164.45,74.01
5279,2024-10-07,22,7,2,17.7,True,2646.15,1190.86
5280,2024-10-07,22,30,2,18.5,False,0.0,1244.68
5281,2024-10-14,22,28,1,3.3,True,493.35,222.02
5282,2024-10-14,22,7,1,17.1,True,2556.45,1150.49
5283,2024-10-14,22,30,1,15.4,False,0.0,1036.11
5284,2024-10-21,22,9,1,20.4,True,3049.8,1372.51
5285,2024-10-21,22,30,1,13.3,False,0.0,894.82
5286,2024-10-28,22,13,2,5.8,True,867.1,390.22
5287,2024-10-28,22,7,2,14.1,True,2107.95,948.65
5288,2024-10-28,22,30,2,14.1,False,0.0,948.65
5289,2024-11-04,22,13,2,2.8,True,418.6,188.38
5290,2024-11-04,22,9,2,12.0,True,1794.0,807.36
5291,2024-11-04,22,30,2,17.8,False,0.0,1197.58
5292,2024-11-11,22,13,2,16.0,True,2392.0,1076.48
5293,2024-11-11,22,30,2,19.5,False,0.0,1311.96
5294,2024-11-18,22,28,1,15.5,True,2317.25,1042.84
5295,2024-11-18,22,7,1,5.1,True,762.45,343.13
5296,2024-11-18,22,30,1,15.4,False,0.0,1036.11
5297,2024-11-25,22,13,3,20.0,True,2990.0,1345.6
5298,2024-11-25,22,30,3,14.0,False,0.0,941.92
5299,2024-12-02,22,9,2,10.4,True,1554.8,699.71
5300,2024-12-02,22,30,2,16.4,False,0.0,1103.39
5301,2024-12-09,22,28,2,2.5,True,373.75,168.2
5302,2024-12-09,22,13,2,10.6,True,1584.7,713.17
5303,2024-12-09,22,30,2,15.5,False,0.0,1042.84
5304,2024-12-16,22,28,1,13.9,True,2078.05,935.19
5305,2024-12-16,22,7,1,5.3,True,792.35,356.58
5306,2024-12-16,22,30,1,10.5,False,0.0,706.44
5307,2024-12-23,22,7,2,14.1,True,2107.95,948.65
5308,2024-12-23,22,30,2,13.7,False,0.0,921.74
5309,2024-12-30,22,7,1,11.5,True,1719.25,773.72
5310,2024-12-30,22,9,1,4.1,True,612.95,275.85
5311,2024-12-30,22,30,1,10.3,False,0.0,692.98
5312,2025-01-06,22,9,2,3.8,True,568.1,255.66
5313,2025-01-06,22,7,2,13.6,True,2033.2,915.01
5314,2025-01-06,22,30,2,16.8,False,0.0,1130.3
5315,2025-01-13,22,9,1,20.4,True,3049.8,1372.51
5316,2025-01-13,22,30,1,18.1,False,0.0,1217.77
5317,2025-01-20,22,13,2,13.8,True,2063.1,928.46
5318,2025-01-20,22,30,2,17.2,False,0.0,1157.22
5319,2025-01-27,22,7,2,16.9,True,2526.55,1137.03
5320,2025-01-27,22,30,2,19.3,False,0.0,1298.5
5321,2025-02-03,22,7,2,15.2,True,2272.4,1022.66
5322,2025-02-03,22,30,2,19.1,False,0.0,1285.05
5323,2025-02-10,22,7,2,10.6,True,1584.7,713.17
5324,2025-02-10,22,9,2,7.7,True,1151.15,518.06
5325,2025-02-10,22,30,2,18.9,False,0.0,1271.59
5326,2025-02-17,22,13,1,11.8,True,1764.1,793.9
5327,2025-02-17,22,9,1,8.5,True,1270.75,571.88
5328,2025-02-17,22,30,1,15.5,False,0.0,1042.84
5329,2025-02-24,22,9,1,19.5,True,2915.25,1311.96
5330,2025-02-24,22,30,1,15.6,False,0.0,1049.57
5331,2025-03-03,22,13,1,10.2,True,1524.9,686.26
5332,2025-03-03,22,9,1,7.5,True,1121.25,504.6
5333,2025-03-03,22,30,1,17.1,False,0.0,1150.49
5334,2025-03-10,22,9,1,16.5,True,2466.75,1110.12
5335,2025-03-10,22,30,1,13.9,False,0.0,935.19
5336,2025-03-17,22,7,1,7.4,True,1106.3,497.87
5337,2025-03-17,22,13,1,9.6,True,1435.2,645.89
5338,2025-03-17,22,30,1,21.4,False,0.0,1439.79
5339,2025-03-24,22,13,2,19.2,True,2870.4,1291.78
5340,2025-03-24,22,30,2,17.3,False,0.0,1163.94
5341,2025-03-31,22,9,1,1.1,True,164.45,74.01
5342,2025-03-31,22,13,1,16.8,True,2511.6,1130.3
5343,2025-03-31,22,30,1,18.2,False,0.0,1224.5
5344,2025-04-07,22,7,3,15.4,True,2302.3,1036.11
5345,2025-04-07,22,13,3,8.3,True,1240.85,558.42
5346,2025-04-07,22,30,3,14.7,False,0.0,989.02
5347,2025-04-14,22,7,1,15.0,True,2242.5,1009.2
5348,2025-04-14,22,30,1,14.8,False,0.0,995.74
5349,2025-04-21,22,9,2,3.7,True,553.15,248.94
5350,2025-04-21,22,7,2,10.2,True,1524.9,686.26
5351,2025-04-21,22,30,2,17.6,False,0.0,1184.13
5352,2025-04-28,22,28,2,16.0,True,2392.0,1076.48
5353,2025-04-28,22,30,2,17.7,False,0.0,1190.86
5354,2025-05-05,22,13,1,8.4,True,1255.8,565.15
5355,2025-05-05,22,28,1,6.0,True,897.0,403.68
5356,2025-05-05,22,30,1,18.0,False,0.0,1211.04
5357,2025-05-12,22,13,2,8.8,True,1315.6,592.06
5358,2025-05-12,22,9,2,8.1,True,1210.95,544.97
5359,2025-05-12,22,30,2,19.2,False,0.0,1291.78
5360,2025-05-19,22,28,2,15.8,True,2362.1,1063.02
5361,2025-05-19,22,30,2,20.5,False,0.0,1379.24
5362,2025-05-26,22,28,2,16.6,True,2481.7,1116.85
5363,2025-05-26,22,30,2,19.3,False,0.0,1298.5
5364,2025-06-02,22,28,2,12.6,True,1883.7,847.73
5365,2025-06-02,22,30,2,16.3,False,0.0,1096.66
5366,2025-06-09,22,9,1,15.5,True,2317.25,1042.84
5367,2025-06-09,22,30,1,17.5,False,0.0,1177.4
5368,2025-06-16,22,7,1,16.0,True,2392.0,1076.48
5369,2025-06-16,22,30,1,16.5,False,0.0,1110.12
5370,2025-06-23,22,7,2,12.7,True,1898.65,854.46
5371,2025-06-23,22,9,2,2.9,True,433.55,195.11
5372,2025-06-23,22,30,2,14.4,False,0.0,968.83
5373,2025-06-30,22,7,2,15.7,True,2347.15,1056.3
5374,2025-06-30,22,30,2,16.2,False,0.0,1089.94
5375,2025-07-07,22,28,1,7.9,True,1181.05,531.51
5376,2025-07-07,22,30,1,10.4,False,0.0,699.71
5377,2025-07-14,22,13,1,14.4,True,2152.8,968.83
5378,2025-07-14,22,30,1,7.5,False,0.0,504.6
5379,2025-07-21,22,13,1,10.6,True,1584.7,713.17
5380,2025-07-21,22,30,1,11.0,False,0.0,740.08
5381,2025-07-28,22,7,1,7.3,True,1091.35,491.14
5382,2025-07-28,22,30,1,11.8,False,0.0,793.9
5383,2025-08-04,22,7,2,12.2,True,1823.9,820.82
5384,2025-08-04,22,30,2,22.1,False,0.0,1486.89
5385,2025-08-11,22,13,3,20.2,True,3019.9,1359.06
5386,2025-08-11,22,30,3,13.8,False,0.0,928.46
5387,2025-08-18,22,28,1,16.1,True,2406.95,1083.21
5388,2025-08-18,22,30,1,15.1,False,0.0,1015.93
5389,2025-08-25,22,13,1,17.4,True,2601.3,1170.67
5390,2025-08-25,22,30,1,14.9,False,0.0,1002.47
5391,2025-09-01,22,9,2,16.5,True,2466.75,1110.12
5392,2025-09-01,22,30,2,20.9,False,0.0,1406.15
5393,2025-09-08,22,9,3,10.6,True,1584.7,713.17
5394,2025-09-08,22,7,3,7.3,True,1091.35,491.14
5395,2025-09-08,22,30,3,19.7,False,0.0,1325.42
5396,2025-09-15,22,9,2,15.6,True,2332.2,1049.57
5397,2025-09-15,22,30,2,22.0,False,0.0,1480.16
5398,2025-09-22,22,13,1,15.9,True,2377.05,1069.75
5399,2025-09-22,22,30,1,22.0,False,0.0,1480.16
5400,2025-09-29,22,7,2,14.7,True,2197.65,989.02
5401,2025-09-29,22,30,2,26.3,False,0.0,1769.46
5402,2025-10-06,22,9,2,15.7,True,2347.15,1056.3
5403,2025-10-06,22,30,2,19.4,False,0.0,1305.23
5404,2025-10-13,22,13,2,15.9,True,2377.05,1069.75
5405,2025-10-13,22,30,2,21.6,False,0.0,1453.25
5406,2025-10-20,22,7,1,18.4,True,2750.8,1237.95
5407,2025-10-20,22,30,1,19.2,False,0.0,1291.78
5408,2025-10-27,22,7,2,15.2,True,2272.4,1022.66
5409,2025-10-27,22,30,2,26.8,False,0.0,1803.1
5410,2025-11-03,22,13,2,14.8,True,2212.6,995.74
5411,2025-11-03,22,30,2,19.6,False,0.0,1318.69
5412,2025-11-10,22,28,2,10.8,True,1614.6,726.62
5413,2025-11-10,22,30,2,17.2,False,0.0,1157.22
5414,2025-11-17,22,9,3,15.2,True,2272.4,1022.66
5415,2025-11-17,22,30,3,19.6,False,0.0,1318.69
5416,2025-11-24,22,13,1,7.4,True,1106.3,497.87
5417,2025-11-24,22,28,1,8.1,True,1210.95,544.97
5418,2025-11-24,22,30,1,22.2,False,0.0,1493.62
5419,2025-12-01,22,28,1,7.5,True,1121.25,504.6
5420,2025-12-01,22,9,1,6.0,True,897.0,403.68
5421,2025-12-01,22,30,1,15.7,False,0.0,1056.3
5422,2025-12-08,22,28,2,4.9,True,732.55,329.67
5423,2025-12-08,22,7,2,7.0,True,1046.5,470.96
5424,2025-12-08,22,30,2,14.6,False,0.0,982.29
5425,2025-12-15,22,9,3,14.9,True,2227.55,1002.47
5426,2025-12-15,22,30,3,11.0,False,0.0,740.08
5427,2025-12-22,22,7,2,10.7,True,1599.65,719.9
5428,2025-12-22,22,30,2,14.5,False,0.0,975.56
5429,2025-12-29,22,9,1,1.7,True,254.15,114.38
5430,2025-12-29,22,13,1,8.9,True,1330.55,598.79
5431,2025-12-29,22,30,1,20.9,False,0.0,1406.15
5432,2024-01-01,23,26,2,29.4,True,2102.1,946.09
5433,2024-01-01,23,4,2,7.9,False,0.0,254.22
5434,2024-01-08,23,18,2,23.8,True,1701.7,765.88
5435,2024-01-08,23,4,2,6.8,False,0.0,218.82
5436,2024-01-15,23,18,3,11.6,True,829.4,373.29
5437,2024-01-15,23,26,3,15.4,True,1101.1,495.57
5438,2024-01-15,23,4,3,8.9,False,0.0,286.4
5439,2024-01-22,23,18,2,27.9,True,1994.85,897.82
5440,2024-01-22,23,4,2,6.8,False,0.0,218.82
5441,2024-01-29,23,18,1,23.5,True,1680.25,756.23
5442,2024-01-29,23,4,1,8.3,False,0.0,267.09
5443,2024-02-05,23,27,2,32.7,True,2338.05,1052.29
5444,2024-02-05,23,4,2,6.3,False,0.0,202.73
5445,2024-02-12,23,3,2,22.5,True,1608.75,724.05
5446,2024-02-12,23,4,2,9.7,False,0.0,312.15
5447,2024-02-19,23,20,2,25.7,True,1837.55,827.03
5448,2024-02-19,23,4,2,10.4,False,0.0,334.67
5449,2024-02-26,23,20,2,24.6,True,1758.9,791.63
5450,2024-02-26,23,26,2,7.2,True,514.8,231.7
5451,2024-02-26,23,4,2,3.3,False,0.0,106.19
5452,2024-03-04,23,6,1,23.9,True,1708.85,769.1
5453,2024-03-04,23,3,1,7.8,True,557.7,251.0
5454,2024-03-04,23,4,1,4.6,False,0.0,148.03
5455,2024-03-11,23,6,2,13.4,True,958.1,431.21
5456,2024-03-11,23,26,2,14.7,True,1051.05,473.05
5457,2024-03-11,23,4,2,9.5,False,0.0,305.71
5458,2024-03-18,23,3,2,29.2,True,2087.8,939.66
5459,2024-03-18,23,4,2,11.2,False,0.0,360.42
5460,2024-03-25,23,27,2,27.7,True,1980.55,891.39
5461,2024-03-25,23,4,2,8.6,False,0.0,276.75
5462,2024-04-01,23,26,2,26.2,True,1873.3,843.12
5463,2024-04-01,23,4,2,10.8,False,0.0,347.54
5464,2024-04-08,23,18,2,18.3,True,1308.45,588.89
5465,2024-04-08,23,27,2,6.3,True,450.45,202.73
5466,2024-04-08,23,4,2,8.2,False,0.0,263.88
5467,2024-04-15,23,18,2,15.1,True,1079.65,485.92
5468,2024-04-15,23,26,2,15.7,True,1122.55,505.23
5469,2024-04-15,23,4,2,8.0,False,0.0,257.44
5470,2024-04-22,23,6,1,20.6,True,1472.9,662.91
5471,2024-04-22,23,20,1,1.3,True,92.95,41.83
5472,2024-04-22,23,4,1,11.5,False,0.0,370.07
5473,2024-04-29,23,26,2,27.6,True,1973.4,888.17
5474,2024-04-29,23,4,2,8.3,False,0.0,267.09
5475,2024-05-06,23,26,2,22.8,True,1630.2,733.7
5476,2024-05-06,23,4,2,7.7,False,0.0,247.79
5477,2024-05-13,23,3,2,21.9,True,1565.85,704.74
5478,2024-05-13,23,18,2,3.9,True,278.85,125.5
5479,2024-05-13,23,4,2,7.7,False,0.0,247.79
5480,2024-05-20,23,6,2,15.6,True,1115.4,502.01
5481,2024-05-20,23,2,2,6.8,True,486.2,218.82
5482,2024-05-20,23,4,2,17.3,False,0.0,556.71
5483,2024-05-27,23,1,1,26.4,True,1887.6,849.55
5484,2024-05-27,23,27,1,1.4,True,100.1,45.05
5485,2024-05-27,23,4,1,7.1,False,0.0,228.48
5486,2024-06-03,23,18,2,7.4,True,529.1,238.13
5487,2024-06-03,23,26,2,17.6,True,1258.4,566.37
5488,2024-06-03,23,4,2,7.0,False,0.0,225.26
5489,2024-06-10,23,2,1,29.6,True,2116.4,952.53
5490,2024-06-10,23,4,1,5.9,False,0.0,189.86
5491,2024-06-17,23,20,1,17.4,True,1244.1,559.93
5492,2024-06-17,23,26,1,6.3,True,450.45,202.73
5493,2024-06-17,23,4,1,5.5,False,0.0,176.99
5494,2024-06-24,23,26,2,14.7,True,1051.05,473.05
5495,2024-06-24,23,3,2,11.3,True,807.95,363.63
5496,2024-06-24,23,4,2,3.3,False,0.0,106.19
5497,2024-07-01,23,26,2,4.8,True,343.2,154.46
5498,2024-07-01,23,3,2,10.1,True,722.15,325.02
5499,2024-07-01,23,4,2,4.4,False,0.0,141.59
5500,2024-07-08,23,27,2,19.7,True,1408.55,633.95
5501,2024-07-08,23,4,2,2.2,False,0.0,70.8
5502,2024-07-15,23,6,1,15.0,True,1072.5,482.7
5503,2024-07-15,23,4,1,6.4,False,0.0,205.95
5504,2024-07-22,23,1,2,5.8,True,414.7,186.64
5505,2024-07-22,23,20,2,8.7,True,622.05,279.97
5506,2024-07-22,23,4,2,4.5,False,0.0,144.81
5507,2024-07-29,23,26,3,20.2,True,1444.3,650.04
5508,2024-08-05,23,26,1,29.0,True,2073.5,933.22
5509,2024-08-05,23,4,1,5.6,False,0.0,180.21
5510,2024-08-12,23,2,1,22.5,True,1608.75,724.05
5511,2024-08-12,23,4,1,10.4,False,0.0,334.67
5512,2024-08-19,23,1,2,7.4,True,529.1,238.13
5513,2024-08-19,23,27,2,16.7,True,1194.05,537.41
5514,2024-08-19,23,4,2,9.3,False,0.0,299.27
5515,2024-08-26,23,26,2,9.7,True,693.55,312.15
5516,2024-08-26,23,3,2,14.6,True,1043.9,469.83
5517,2024-08-26,23,4,2,8.8,False,0.0,283.18
5518,2024-09-02,23,6,3,4.0,True,286.0,128.72
5519,2024-09-02,23,2,3,24.3,True,1737.45,781.97
5520,2024-09-02,23,4,3,9.1,False,0.0,292.84
5521,2024-09-09,23,18,3,5.8,True,414.7,186.64
5522,2024-09-09,23,26,3,26.7,True,1909.05,859.21
5523,2024-09-09,23,4,3,4.7,False,0.0,151.25
5524,2024-09-16,23,27,1,33.3,True,2380.95,1071.59
5525,2024-09-16,23,4,1,3.3,False,0.0,106.19
5526,2024-09-23,23,6,2,33.7,True,2409.55,1084.47
5527,2024-09-23,23,4,2,6.2,False,0.0,199.52
5528,2024-09-30,23,20,1,32.6,True,2330.9,1049.07
5529,2024-09-30,23,4,1,6.6,False,0.0,212.39
5530,2024-10-07,23,6,1,23.9,True,1708.85,769.1
5531,2024-10-07,23,4,1,9.4,False,0.0,302.49
5532,2024-10-14,23,2,1,27.6,True,1973.4,888.17
5533,2024-10-14,23,4,1,8.3,False,0.0,267.09
5534,2024-10-21,23,27,2,21.1,True,1508.65,679.0
5535,2024-10-21,23,3,2,1.0,True,71.5,32.18
5536,2024-10-21,23,4,2,11.1,False,0.0,357.2
5537,2024-10-28,23,20,2,14.3,True,1022.45,460.17
5538,2024-10-28,23,2,2,15.1,True,1079.65,485.92
5539,2024-10-28,23,4,2,7.9,False,0.0,254.22
5540,2024-11-04,23,20,2,27.3,True,1951.95,878.51
5541,2024-11-04,23,4,2,7.5,False,0.0,241.35
5542,2024-11-11,23,3,2,29.8,True,2130.7,958.96
5543,2024-11-11,23,4,2,4.9,False,0.0,157.68
5544,2024-11-18,23,6,3,31.8,True,2273.7,1023.32
5545,2024-11-18,23,4,3,0.7,False,0.0,22.53
5546,2024-11-25,23,3,1,29.2,True,2087.8,939.66
5547,2024-11-25,23,4,1,5.7,False,0.0,183.43
5548,2024-12-02,23,26,2,22.0,True,1573.0,707.96
5549,2024-12-02,23,4,2,6.5,False,0.0,209.17
5550,2024-12-09,23,3,2,24.1,True,1723.15,775.54
5551,2024-12-09,23,4,2,7.8,False,0.0,251.0
5552,2024-12-16,23,20,1,21.3,True,1522.95,685.43
5553,2024-12-16,23,4,1,8.0,False,0.0,257.44
5554,2024-12-23,23,26,2,4.3,True,307.45,138.37
5555,2024-12-23,23,27,2,14.4,True,1029.6,463.39
5556,2024-12-23,23,4,2,7.3,False,0.0,234.91
5557,2024-12-30,23,27,1,16.6,True,1186.9,534.19
5558,2024-12-30,23,20,1,4.5,True,321.75,144.81
5559,2024-12-30,23,4,1,7.6,False,0.0,244.57
5560,2025-01-06,23,1,2,4.2,True,300.3,135.16
5561,2025-01-06,23,20,2,19.3,True,1379.95,621.07
5562,2025-01-06,23,4,2,8.1,False,0.0,260.66
5563,2025-01-13,23,3,2,23.5,True,1680.25,756.23
5564,2025-01-13,23,4,2,7.8,False,0.0,251.0
5565,2025-01-20,23,6,2,23.7,True,1694.55,762.67
5566,2025-01-20,23,4,2,9.6,False,0.0,308.93
5567,2025-01-27,23,20,2,16.6,True,1186.9,534.19
5568,2025-01-27,23,18,2,7.2,True,514.8,231.7
5569,2025-01-27,23,4,2,13.0,False,0.0,418.34
5570,2025-02-03,23,26,2,24.1,True,1723.15,775.54
5571,2025-02-03,23,4,2,10.9,False,0.0,350.76
5572,2025-02-10,23,18,2,22.4,True,1601.6,720.83
5573,2025-02-10,23,20,2,4.7,True,336.05,151.25
5574,2025-02-10,23,4,2,8.7,False,0.0,279.97
5575,2025-02-17,23,6,3,0.5,True,35.75,16.09
5576,2025-02-17,23,18,3,27.1,True,1937.65,872.08
5577,2025-02-17,23,4,3,2.2,False,0.0,70.8
5578,2025-02-24,23,20,2,28.6,True,2044.9,920.35
5579,2025-02-24,23,3,2,1.3,True,92.95,41.83
5580,2025-02-24,23,4,2,6.1,False,0.0,196.3
5581,2025-03-03,23,26,1,29.5,True,2109.25,949.31
5582,2025-03-03,23,4,1,6.2,False,0.0,199.52
5583,2025-03-10,23,26,2,29.4,True,2102.1,946.09
5584,2025-03-10,23,4,2,2.7,False,0.0,86.89
5585,2025-03-17,23,2,1,24.5,True,1751.75,788.41
5586,2025-03-17,23,4,1,9.4,False,0.0,302.49
5587,2025-03-24,23,26,3,34.3,True,2452.45,1103.77
5588,2025-03-24,23,4,3,4.3,False,0.0,138.37
5589,2025-03-31,23,2,1,30.4,True,2173.6,978.27
5590,2025-03-31,23,4,1,6.4,False,0.0,205.95
5591,2025-04-07,23,27,1,1.7,True,121.55,54.71
5592,2025-04-07,23,18,1,32.2,True,2302.3,1036.2
5593,2025-04-07,23,4,1,3.4,False,0.0,109.41
5594,2025-04-14,23,2,2,29.7,True,2123.55,955.75
5595,2025-04-14,23,4,2,10.3,False,0.0,331.45
5596,2025-04-21,23,18,2,18.4,True,1315.6,592.11
5597,2025-04-21,23,6,2,8.0,True,572.0,257.44
5598,2025-04-21,23,4,2,7.7,False,0.0,247.79
5599,2025-04-28,23,26,1,29.9,True,2137.85,962.18
5600,2025-04-28,23,4,1,6.3,False,0.0,202.73
5601,2025-05-05,23,3,2,30.7,True,2195.05,987.93
5602,2025-05-05,23,4,2,10.0,False,0.0,321.8
5603,2025-05-12,23,18,1,24.6,True,1758.9,791.63
5604,2025-05-12,23,4,1,11.4,False,0.0,366.85
5605,2025-05-19,23,20,1,18.9,True,1351.35,608.2
5606,2025-05-19,23,2,1,5.5,True,393.25,176.99
5607,2025-05-19,23,4,1,10.5,False,0.0,337.89
5608,2025-05-26,23,3,2,28.0,True,2002.0,901.04
5609,2025-05-26,23,4,2,11.3,False,0.0,363.63
5610,2025-06-02,23,20,2,19.6,True,1401.4,630.73
5611,2025-06-02,23,4,2,10.8,False,0.0,347.54
5612,2025-06-09,23,18,1,19.4,True,1387.1,624.29
5613,2025-06-09,23,4,1,11.6,False,0.0,373.29
5614,2025-06-16,23,1,3,26.1,True,1866.15,839.9
5615,2025-06-16,23,4,3,4.6,False,0.0,148.03
5616,2025-06-23,23,26,1,23.1,True,1651.65,743.36
5617,2025-06-23,23,4,1,7.6,False,0.0,244.57
5618,2025-06-30,23,20,2,23.7,True,1694.55,762.67
5619,2025-06-30,23,4,2,7.1,False,0.0,228.48
5620,2025-07-07,23,3,2,13.2,True,943.8,424.78
5621,2025-07-07,23,4,2,8.2,False,0.0,263.88
5622,2025-07-14,23,1,2,14.0,True,1001.0,450.52
5623,2025-07-14,23,4,2,4.6,False,0.0,148.03
5624,2025-07-21,23,6,2,13.9,True,993.85,447.3
5625,2025-07-21,23,4,2,6.1,False,0.0,196.3
5626,2025-07-28,23,1,1,13.8,True,986.7,444.08
5627,2025-07-28,23,4,1,5.0,False,0.0,160.9
5628,2025-08-04,23,6,2,24.6,True,1758.9,791.63
5629,2025-08-04,23,4,2,4.7,False,0.0,151.25
5630,2025-08-11,23,3,2,22.4,True,1601.6,720.83
5631,2025-08-11,23,4,2,10.2,False,0.0,328.24
5632,2025-08-18,23,18,1,24.4,True,1744.6,785.19
5633,2025-08-18,23,4,1,8.0,False,0.0,257.44
5634,2025-08-25,23,20,2,28.3,True,2023.45,910.69
5635,2025-08-25,23,4,2,6.5,False,0.0,209.17
5636,2025-09-01,23,20,2,15.3,True,1093.95,492.35
5637,2025-09-01,23,26,2,11.9,True,850.85,382.94
5638,2025-09-01,23,4,2,12.0,False,0.0,386.16
5639,2025-09-08,23,3,2,19.3,True,1379.95,621.07
5640,2025-09-08,23,1,2,7.6,True,543.4,244.57
5641,2025-09-08,23,4,2,10.7,False,0.0,344.33
5642,2025-09-15,23,2,2,31.1,True,2223.65,1000.8
5643,2025-09-15,23,4,2,6.6,False,0.0,212.39
5644,2025-09-22,23,6,1,29.5,True,2109.25,949.31
5645,2025-09-22,23,4,1,10.3,False,0.0,331.45
5646,2025-09-29,23,27,2,19.2,True,1372.8,617.86
5647,2025-09-29,23,3,2,13.2,True,943.8,424.78
5648,2025-09-29,23,4,2,5.4,False,0.0,173.77
5649,2025-10-06,23,20,1,26.1,True,1866.15,839.9
5650,2025-10-06,23,4,1,11.7,False,0.0,376.51
5651,2025-10-13,23,3,2,9.1,True,650.65,292.84
5652,2025-10-13,23,2,2,18.2,True,1301.3,585.68
5653,2025-10-13,23,4,2,12.3,False,0.0,395.81
5654,2025-10-20,23,20,3,12.8,True,915.2,411.9
5655,2025-10-20,23,2,3,22.6,True,1615.9,727.27
5656,2025-10-20,23,4,3,1.4,False,0.0,45.05
5657,2025-10-27,23,2,2,17.1,True,1222.65,550.28
5658,2025-10-27,23,3,2,9.4,True,672.1,302.49
5659,2025-10-27,23,4,2,7.0,False,0.0,225.26
5660,2025-11-03,23,3,1,32.6,True,2330.9,1049.07
5661,2025-11-03,23,2,1,1.6,True,114.4,51.49
5662,2025-11-03,23,4,1,7.0,False,0.0,225.26
5663,2025-11-10,23,3,1,11.0,True,786.5,353.98
5664,2025-11-10,23,6,1,25.3,True,1808.95,814.15
5665,2025-11-10,23,4,1,3.3,False,0.0,106.19
5666,2025-11-17,23,1,2,6.3,True,450.45,202.73
5667,2025-11-17,23,26,2,22.5,True,1608.75,724.05
5668,2025-11-17,23,4,2,6.4,False,0.0,205.95
5669,2025-11-24,23,3,2,21.9,True,1565.85,704.74
5670,2025-11-24,23,4,2,12.7,False,0.0,408.69
5671,2025-12-01,23,20,1,21.2,True,1515.8,682.22
5672,2025-12-01,23,4,1,11.2,False,0.0,360.42
5673,2025-12-08,23,26,2,20.3,True,1451.45,653.25
5674,2025-12-08,23,18,2,4.3,True,307.45,138.37
5675,2025-12-08,23,4,2,5.1,False,0.0,164.12
5676,2025-12-15,23,3,1,18.4,True,1315.6,592.11
5677,2025-12-15,23,20,1,6.6,True,471.9,212.39
5678,2025-12-15,23,4,1,3.2,False,0.0,102.98
5679,2025-12-22,23,18,2,22.9,True,1637.35,736.92
5680,2025-12-22,23,4,2,6.2,False,0.0,199.52
5681,2025-12-29,23,26,2,23.5,True,1680.25,756.23
5682,2025-12-29,23,4,2,5.3,False,0.0,170.55
5683,2024-01-01,24,25,2,20.0,True,1900.0,855.0
5684,2024-01-01,24,29,2,10.7,False,0.0,457.42
5685,2024-01-08,24,25,3,28.3,True,2688.5,1209.82
5686,2024-01-08,24,29,3,7.0,False,0.0,299.25
5687,2024-01-15,24,10,2,27.4,True,2603.0,1171.35
5688,2024-01-15,24,29,2,6.3,False,0.0,269.32
5689,2024-01-22,24,5,2,29.5,True,2802.5,1261.12
5690,2024-01-22,24,29,2,4.5,False,0.0,192.38
5691,2024-01-29,24,21,2,27.0,True,2565.0,1154.25
5692,2024-01-29,24,29,2,2.3,False,0.0,98.32
5693,2024-02-05,24,16,2,28.5,True,2707.5,1218.38
5694,2024-02-05,24,29,2,9.1,False,0.0,389.02
5695,2024-02-12,24,25,2,25.4,True,2413.0,1085.85
5696,2024-02-12,24,29,2,7.1,False,0.0,303.52
5697,2024-02-19,24,25,3,34.5,True,3277.5,1474.88
5698,2024-02-19,24,29,3,3.2,False,0.0,136.8
5699,2024-02-26,24,16,1,11.5,True,1092.5,491.62
5700,2024-02-26,24,25,1,19.2,True,1824.0,820.8
5701,2024-02-26,24,29,1,7.8,False,0.0,333.45
5702,2024-03-04,24,24,2,26.3,True,2498.5,1124.32
5703,2024-03-04,24,29,2,8.4,False,0.0,359.1
5704,2024-03-11,24,21,1,27.1,True,2574.5,1158.53
5705,2024-03-11,24,29,1,9.9,False,0.0,423.22
5706,2024-03-18,24,10,1,26.3,True,2498.5,1124.32
5707,2024-03-18,24,29,1,10.0,False,0.0,427.5
5708,2024-03-25,24,22,1,11.9,True,1130.5,508.72
5709,2024-03-25,24,11,1,20.4,True,1938.0,872.1
5710,2024-03-25,24,29,1,6.1,False,0.0,260.77
5711,2024-04-01,24,21,2,6.5,True,617.5,277.88
5712,2024-04-01,24,24,2,22.2,True,2109.0,949.05
5713,2024-04-01,24,29,2,7.0,False,0.0,299.25
5714,2024-04-08,24,5,2,25.1,True,2384.5,1073.03
5715,2024-04-08,24,29,2,9.8,False,0.0,418.95
5716,2024-04-15,24,8,1,30.5,True,2897.5,1303.88
5717,2024-04-15,24,29,1,7.6,False,0.0,324.9
5718,2024-04-22,24,10,3,15.5,True,1472.5,662.62
5719,2024-04-22,24,25,3,13.5,True,1282.5,577.12
5720,2024-04-22,24,29,3,7.0,False,0.0,299.25
5721,2024-04-29,24,12,2,27.0,True,2565.0,1154.25
5722,2024-04-29,24,29,2,9.5,False,0.0,406.12
5723,2024-05-06,24,16,2,26.6,True,2527.0,1137.15
5724,2024-05-06,24,24,2,2.5,True,237.5,106.88
5725,2024-05-06,24,29,2,3.9,False,0.0,166.72
5726,2024-05-13,24,22,3,34.1,True,3239.5,1457.78
5727,2024-05-13,24,29,3,1.3,False,0.0,55.58
5728,2024-05-20,24,21,2,0.6,True,57.0,25.65
5729,2024-05-20,24,22,2,25.6,True,2432.0,1094.4
5730,2024-05-20,24,29,2,9.0,False,0.0,384.75
5731,2024-05-27,24,21,2,28.8,True,2736.0,1231.2
5732,2024-05-27,24,24,2,1.3,True,123.5,55.58
5733,2024-05-27,24,29,2,7.5,False,0.0,320.62
5734,2024-06-03,24,10,2,25.7,True,2441.5,1098.68
5735,2024-06-03,24,29,2,5.1,False,0.0,218.02
5736,2024-06-10,24,11,2,28.8,True,2736.0,1231.2
5737,2024-06-10,24,29,2,4.0,False,0.0,171.0
5738,2024-06-17,24,10,2,24.2,True,2299.0,1034.55
5739,2024-06-17,24,29,2,6.8,False,0.0,290.7
5740,2024-06-24,24,25,2,22.1,True,2099.5,944.78
5741,2024-06-24,24,29,2,5.4,False,0.0,230.85
5742,2024-07-01,24,5,1,15.4,True,1463.0,658.35
5743,2024-07-01,24,29,1,6.2,False,0.0,265.05
5744,2024-07-08,24,11,1,12.4,True,1178.0,530.1
5745,2024-07-08,24,29,1,7.6,False,0.0,324.9
5746,2024-07-15,24,24,1,9.9,True,940.5,423.22
5747,2024-07-15,24,16,1,6.1,True,579.5,260.77
5748,2024-07-15,24,29,1,5.4,False,0.0,230.85
5749,2024-07-22,24,10,2,16.6,True,1577.0,709.65
5750,2024-07-22,24,29,2,2.1,False,0.0,89.78
5751,2024-07-29,24,11,1,12.3,True,1168.5,525.83
5752,2024-07-29,24,29,1,5.9,False,0.0,252.23
5753,2024-08-05,24,11,3,32.6,True,3097.0,1393.65
5754,2024-08-05,24,29,3,2.8,False,0.0,119.7
5755,2024-08-12,24,22,2,24.4,True,2318.0,1043.1
5756,2024-08-12,24,29,2,8.3,False,0.0,354.83
5757,2024-08-19,24,5,2,28.4,True,2698.0,1214.1
5758,2024-08-19,24,29,2,5.1,False,0.0,218.02
5759,2024-08-26,24,12,2,23.7,True,2251.5,1013.18
5760,2024-08-26,24,29,2,10.0,False,0.0,427.5
5761,2024-09-02,24,11,2,2.3,True,218.5,98.32
5762,2024-09-02,24,10,2,31.9,True,3030.5,1363.72
5763,2024-09-02,24,29,2,5.7,False,0.0,243.68
5764,2024-09-09,24,10,2,31.5,True,2992.5,1346.62
5765,2024-09-09,24,8,2,0.7,True,66.5,29.92
5766,2024-09-09,24,29,2,8.1,False,0.0,346.28
5767,2024-09-16,24,16,2,32.5,True,3087.5,1389.38
5768,2024-09-16,24,29,2,7.3,False,0.0,312.08
5769,2024-09-23,24,21,2,23.8,True,2261.0,1017.45
5770,2024-09-23,24,29,2,13.6,False,0.0,581.4
5771,2024-09-30,24,22,2,28.2,True,2679.0,1205.55
5772,2024-09-30,24,29,2,9.8,False,0.0,418.95
5773,2024-10-07,24,10,1,3.1,True,294.5,132.52
5774,2024-10-07,24,11,1,22.3,True,2118.5,953.32
5775,2024-10-07,24,29,1,9.6,False,0.0,410.4
5776,2024-10-14,24,8,2,27.6,True,2622.0,1179.9
5777,2024-10-14,24,29,2,9.8,False,0.0,418.95
5778,2024-10-21,24,5,2,31.8,True,3021.0,1359.45
5779,2024-10-21,24,29,2,7.3,False,0.0,312.08
5780,2024-10-28,24,11,2,28.0,True,2660.0,1197.0
5781,2024-10-28,24,29,2,8.2,False,0.0,350.55
5782,2024-11-04,24,5,2,6.2,True,589.0,265.05
5783,2024-11-04,24,21,2,20.0,True,1900.0,855.0
5784,2024-11-04,24,29,2,11.0,False,0.0,470.25
5785,2024-11-11,24,21,2,26.8,True,2546.0,1145.7
5786,2024-11-11,24,29,2,10.0,False,0.0,427.5
5787,2024-11-18,24,16,3,31.9,True,3030.5,1363.72
5788,2024-11-18,24,29,3,2.7,False,0.0,115.43
5789,2024-11-25,24,16,3,33.0,True,3135.0,1410.75
5790,2024-11-25,24,29,3,0.6,False,0.0,25.65
5791,2024-12-02,24,11,2,2.2,True,209.0,94.05
5792,2024-12-02,24,25,2,20.2,True,1919.0,863.55
5793,2024-12-02,24,29,2,6.7,False,0.0,286.42
5794,2024-12-09,24,11,1,22.1,True,2099.5,944.78
5795,2024-12-09,24,29,1,1.8,False,0.0,76.95
5796,2024-12-16,24,22,2,20.3,True,1928.5,867.82
5797,2024-12-16,24,29,2,8.4,False,0.0,359.1
5798,2024-12-23,24,16,2,20.1,True,1909.5,859.28
5799,2024-12-23,24,29,2,7.7,False,0.0,329.18
5800,2024-12-30,24,11,2,15.2,True,1444.0,649.8
5801,2024-12-30,24,5,2,9.6,True,912.0,410.4
5802,2024-12-30,24,29,2,4.6,False,0.0,196.65
5803,2025-01-06,24,24,1,24.2,True,2299.0,1034.55
5804,2025-01-06,24,29,1,6.4,False,0.0,273.6
5805,2025-01-13,24,10,2,24.9,True,2365.5,1064.47
5806,2025-01-13,24,29,2,10.8,False,0.0,461.7
5807,2025-01-20,24,8,1,23.2,True,2204.0,991.8
5808,2025-01-20,24,29,1,11.6,False,0.0,495.9
5809,2025-01-27,24,8,2,1.2,True,114.0,51.3
5810,2025-01-27,24,11,2,29.2,True,2774.0,1248.3
5811,2025-01-27,24,29,2,3.5,False,0.0,149.62
5812,2025-02-03,24,25,1,30.7,True,2916.5,1312.42
5813,2025-02-03,24,29,1,4.6,False,0.0,196.65
5814,2025-02-10,24,21,2,9.8,True,931.0,418.95
5815,2025-02-10,24,5,2,14.7,True,1396.5,628.42
5816,2025-02-10,24,29,2,12.7,False,0.0,542.92
5817,2025-02-17,24,24,2,33.3,True,3163.5,1423.57
5818,2025-02-17,24,29,2,4.3,False,0.0,183.82
5819,2025-02-24,24,5,1,25.1,True,2384.5,1073.03
5820,2025-02-24,24,22,1,4.6,True,437.0,196.65
5821,2025-02-24,24,29,1,6.3,False,0.0,269.32
5822,2025-03-03,24,12,1,25.6,True,2432.0,1094.4
5823,2025-03-03,24,24,1,1.9,True,180.5,81.22
5824,2025-03-03,24,29,1,8.2,False,0.0,350.55
5825,2025-03-10,24,8,1,4.6,True,437.0,196.65
5826,2025-03-10,24,22,1,17.0,True,1615.0,726.75
5827,2025-03-10,24,29,1,15.0,False,0.0,641.25
5828,2025-03-17,24,10,1,31.7,True,3011.5,1355.18
5829,2025-03-17,24,29,1,2.7,False,0.0,115.43
5830,2025-03-24,24,22,2,24.4,True,2318.0,1043.1
5831,2025-03-24,24,29,2,10.5,False,0.0,448.88
5832,2025-03-31,24,25,2,23.7,True,2251.5,1013.18
5833,2025-03-31,24,21,2,4.4,True,418.0,188.1
5834,2025-03-31,24,29,2,7.0,False,0.0,299.25
5835,2025-04-07,24,25,2,24.6,True,2337.0,1051.65
5836,2025-04-07,24,29,2,9.7,False,0.0,414.67
5837,2025-04-14,24,10,1,23.9,True,2270.5,1021.72
5838,2025-04-14,24,16,1,7.4,True,703.0,316.35
5839,2025-04-14,24,29,1,2.9,False,0.0,123.98
5840,2025-04-21,24,10,2,32.9,True,3125.5,1406.48
5841,2025-04-21,24,29,2,4.4,False,0.0,188.1
5842,2025-04-28,24,10,2,30.5,True,2897.5,1303.88
5843,2025-04-28,24,29,2,5.7,False,0.0,243.68
5844,2025-05-05,24,8,1,30.1,True,2859.5,1286.78
5845,2025-05-05,24,29,1,5.4,False,0.0,230.85
5846,2025-05-12,24,12,1,30.8,True,2926.0,1316.7
5847,2025-05-12,24,29,1,4.6,False,0.0,196.65
5848,2025-05-19,24,5,2,29.2,True,2774.0,1248.3
5849,2025-05-19,24,29,2,8.9,False,0.0,380.48
5850,2025-05-26,24,22,2,30.3,True,2878.5,1295.32
5851,2025-05-26,24,29,2,6.7,False,0.0,286.42
5852,2025-06-02,24,22,1,25.6,True,2432.0,1094.4
5853,2025-06-02,24,29,1,6.3,False,0.0,269.32
5854,2025-06-09,24,21,1,23.9,True,2270.5,1021.72
5855,2025-06-09,24,29,1,6.0,False,0.0,256.5
5856,2025-06-16,24,11,1,34.2,True,3249.0,1462.05
5857,2025-06-16,24,29,1,2.1,False,0.0,89.78
5858,2025-06-23,24,11,1,26.2,True,2489.0,1120.05
5859,2025-06-23,24,29,1,6.8,False,0.0,290.7
5860,2025-06-30,24,16,3,28.9,True,2745.5,1235.47
5861,2025-06-30,24,29,3,1.2,False,0.0,51.3
5862,2025-07-07,24,24,2,11.6,True,1102.0,495.9
5863,2025-07-07,24,29,2,6.8,False,0.0,290.7
5864,2025-07-14,24,10,1,16.1,True,1529.5,688.28
5865,2025-07-14,24,29,1,3.9,False,0.0,166.72
5866,2025-07-21,24,8,1,14.0,True,1330.0,598.5
5867,2025-07-21,24,29,1,5.9,False,0.0,252.23
5868,2025-07-28,24,12,1,15.4,True,1463.0,658.35
5869,2025-07-28,24,29,1,5.9,False,0.0,252.23
5870,2025-08-04,24,25,1,24.1,True,2289.5,1030.28
5871,2025-08-04,24,29,1,8.4,False,0.0,359.1
5872,2025-08-11,24,10,2,27.9,True,2650.5,1192.72
5873,2025-08-11,24,29,2,6.5,False,0.0,277.88
5874,2025-08-18,24,12,1,27.7,True,2631.5,1184.18
5875,2025-08-18,24,29,1,5.2,False,0.0,222.3
5876,2025-08-25,24,16,2,11.4,True,1083.0,487.35
5877,2025-08-25,24,21,2,11.1,True,1054.5,474.52
5878,2025-08-25,24,29,2,6.3,False,0.0,269.32
5879,2025-09-01,24,8,1,25.6,True,2432.0,1094.4
5880,2025-09-01,24,29,1,12.0,False,0.0,513.0
5881,2025-09-08,24,16,1,2.7,True,256.5,115.43
5882,2025-09-08,24,25,1,21.9,True,2080.5,936.22
5883,2025-09-08,24,29,1,11.5,False,0.0,491.62
5884,2025-09-15,24,5,1,10.3,True,978.5,440.33
5885,2025-09-15,24,22,1,27.6,True,2622.0,1179.9
5886,2025-09-15,24,29,1,0.8,False,0.0,34.2
5887,2025-09-22,24,12,2,28.5,True,2707.5,1218.38
5888,2025-09-22,24,29,2,7.6,False,0.0,324.9
5889,2025-09-29,24,5,2,31.3,True,2973.5,1338.08
5890,2025-09-29,24,29,2,7.6,False,0.0,324.9
5891,2025-10-06,24,12,2,11.8,True,1121.0,504.45
5892,2025-10-06,24,25,2,15.8,True,1501.0,675.45
5893,2025-10-06,24,29,2,12.1,False,0.0,517.28
5894,2025-10-13,24,12,1,27.8,True,2641.0,1188.45
5895,2025-10-13,24,29,1,9.8,False,0.0,418.95
5896,2025-10-20,24,11,1,29.9,True,2840.5,1278.22
5897,2025-10-20,24,29,1,7.5,False,0.0,320.62
5898,2025-10-27,24,22,2,10.9,True,1035.5,465.98
5899,2025-10-27,24,10,2,16.6,True,1577.0,709.65
5900,2025-10-27,24,29,2,8.9,False,0.0,380.48
5901,2025-11-03,24,5,1,29.2,True,2774.0,1248.3
5902,2025-11-03,24,29,1,9.6,False,0.0,410.4
5903,2025-11-10,24,16,2,23.2,True,2204.0,991.8
5904,2025-11-10,24,29,2,10.4,False,0.0,444.6
5905,2025-11-17,24,8,2,28.0,True,2660.0,1197.0
5906,2025-11-17,24,29,2,8.5,False,0.0,363.38
5907,2025-11-24,24,10,1,21.7,True,2061.5,927.68
5908,2025-11-24,24,29,1,10.7,False,0.0,457.42
5909,2025-12-01,24,25,1,5.3,True,503.5,226.58
5910,2025-12-01,24,16,1,18.2,True,1729.0,778.05
5911,2025-12-01,24,29,1,3.8,False,0.0,162.45
5912,2025-12-08,24,10,2,19.9,True,1890.5,850.72
5913,2025-12-08,24,29,2,8.9,False,0.0,380.48
5914,2025-12-15,24,8,1,14.4,True,1368.0,615.6
5915,2025-12-15,24,22,1,8.8,True,836.0,376.2
5916,2025-12-15,24,29,1,4.6,False,0.0,196.65
5917,2025-12-22,24,25,2,13.6,True,1292.0,581.4
5918,2025-12-22,24,22,2,12.4,True,1178.0,530.1
5919,2025-12-22,24,29,2,4.5,False,0.0,192.38
5920,2025-12-29,24,5,2,9.8,True,931.0,418.95
5921,2025-12-29,24,12,2,11.5,True,1092.5,491.62
5922,2025-12-29,24,29,2,6.0,False,0.0,256.5
5923,2024-01-01,25,25,3,29.5,True,1917.5,862.88
5924,2024-01-01,25,29,3,3.3,False,0.0,96.52
5925,2024-01-08,25,21,1,27.1,True,1761.5,792.68
5926,2024-01-08,25,29,1,7.4,False,0.0,216.45
5927,2024-01-15,25,25,3,0.5,True,32.5,14.62
5928,2024-01-15,25,11,3,33.5,True,2177.5,979.88
5929,2024-01-15,25,29,3,0.7,False,0.0,20.47
5930,2024-01-22,25,21,3,33.1,True,2151.5,968.18
5931,2024-01-22,25,29,3,3.2,False,0.0,93.6
5932,2024-01-29,25,22,2,32.1,True,2086.5,938.92
5933,2024-01-29,25,29,2,1.8,False,0.0,52.65
5934,2024-02-05,25,11,2,20.7,True,1345.5,605.48
5935,2024-02-05,25,22,2,9.9,True,643.5,289.58
5936,2024-02-05,25,29,2,6.4,False,0.0,187.2
5937,2024-02-12,25,12,3,33.3,True,2164.5,974.02
5938,2024-02-12,25,29,3,4.1,False,0.0,119.92
5939,2024-02-19,25,5,2,22.4,True,1456.0,655.2
5940,2024-02-19,25,29,2,9.9,False,0.0,289.58
5941,2024-02-26,25,24,2,35.9,True,2333.5,1050.08
5942,2024-02-26,25,29,2,0.7,False,0.0,20.47
5943,2024-03-04,25,21,3,34.7,True,2255.5,1014.98
5944,2024-03-04,25,29,3,4.5,False,0.0,131.62
5945,2024-03-11,25,12,2,13.9,True,903.5,406.58
5946,2024-03-11,25,10,2,15.7,True,1020.5,459.22
5947,2024-03-11,25,29,2,7.8,False,0.0,228.15
5948,2024-03-18,25,16,2,17.4,True,1131.0,508.95
5949,2024-03-18,25,12,2,12.4,True,806.0,362.7
5950,2024-03-18,25,29,2,5.8,False,0.0,169.65
5951,2024-03-25,25,8,1,30.3,True,1969.5,886.28
5952,2024-03-25,25,29,1,8.2,False,0.0,239.85
5953,2024-04-01,25,21,3,30.7,True,1995.5,897.98
5954,2024-04-01,25,29,3,3.5,False,0.0,102.38
5955,2024-04-08,25,24,3,32.7,True,2125.5,956.48
5956,2024-04-08,25,29,3,2.3,False,0.0,67.27
5957,2024-04-15,25,11,2,31.3,True,2034.5,915.52
5958,2024-04-15,25,29,2,7.4,False,0.0,216.45
5959,2024-04-22,25,10,2,12.4,True,806.0,362.7
5960,2024-04-22,25,25,2,16.0,True,1040.0,468.0
5961,2024-04-22,25,29,2,9.5,False,0.0,277.88
5962,2024-04-29,25,21,2,13.0,True,845.0,380.25
5963,2024-04-29,25,11,2,13.7,True,890.5,400.72
5964,2024-04-29,25,29,2,7.1,False,0.0,207.68
5965,2024-05-06,25,25,2,15.8,True,1027.0,462.15
5966,2024-05-06,25,8,2,14.3,True,929.5,418.28
5967,2024-05-06,25,29,2,8.5,False,0.0,248.62
5968,2024-05-13,25,5,2,31.1,True,2021.5,909.68
5969,2024-05-13,25,29,2,3.7,False,0.0,108.22
5970,2024-05-20,25,10,1,18.1,True,1176.5,529.43
5971,2024-05-20,25,5,1,7.8,True,507.0,228.15
5972,2024-05-20,25,29,1,11.3,False,0.0,330.52
5973,2024-05-27,25,12,1,10.1,True,656.5,295.42
5974,2024-05-27,25,8,1,19.3,True,1254.5,564.52
5975,2024-05-27,25,29,1,7.9,False,0.0,231.08
5976,2024-06-03,25,24,2,13.3,True,864.5,389.02
5977,2024-06-03,25,16,2,14.9,True,968.5,435.82
5978,2024-06-03,25,29,2,3.5,False,0.0,102.38
5979,2024-06-10,25,12,2,24.9,True,1618.5,728.32
5980,2024-06-10,25,29,2,7.8,False,0.0,228.15
5981,2024-06-17,25,12,2,17.3,True,1124.5,506.02
5982,2024-06-17,25,24,2,1.4,True,91.0,40.95
5983,2024-06-17,25,29,2,9.6,False,0.0,280.8
5984,2024-06-24,25,10,1,25.6,True,1664.0,748.8
5985,2024-06-24,25,29,1,10.7,False,0.0,312.97
5986,2024-07-01,25,21,2,12.6,True,819.0,368.55
5987,2024-07-01,25,29,2,5.4,False,0.0,157.95
5988,2024-07-08,25,8,3,1.9,True,123.5,55.58
5989,2024-07-08,25,25,3,15.2,True,988.0,444.6
5990,2024-07-08,25,29,3,2.8,False,0.0,81.9
5991,2024-07-15,25,12,1,1.2,True,78.0,35.1
5992,2024-07-15,25,16,1,19.3,True,1254.5,564.52
5993,2024-07-22,25,10,1,13.7,True,890.5,400.72
5994,2024-07-22,25,29,1,4.9,False,0.0,143.33
5995,2024-07-29,25,22,2,13.6,True,884.0,397.8
5996,2024-07-29,25,29,2,6.3,False,0.0,184.28
5997,2024-08-05,25,10,2,25.8,True,1677.0,754.65
5998,2024-08-05,25,29,2,6.3,False,0.0,184.28
5999,2024-08-12,25,16,2,15.6,True,1014.0,456.3
6000,2024-08-12,25,8,2,9.5,True,617.5,277.88
6001,2024-08-12,25,29,2,10.1,False,0.0,295.42
6002,2024-08-19,25,11,2,2.3,True,149.5,67.27
6003,2024-08-19,25,16,2,26.0,True,1690.0,760.5
6004,2024-08-19,25,29,2,5.3,False,0.0,155.02
6005,2024-08-26,25,24,3,29.5,True,1917.5,862.88
6006,2024-08-26,25,29,3,2.2,False,0.0,64.35
6007,2024-09-02,25,5,1,36.2,True,2353.0,1058.85
6008,2024-09-02,25,29,1,2.6,False,0.0,76.05
6009,2024-09-09,25,16,2,23.8,True,1547.0,696.15
6010,2024-09-09,25,11,2,0.7,True,45.5,20.47
6011,2024-09-09,25,29,2,13.0,False,0.0,380.25
6012,2024-09-16,25,22,2,28.6,True,1859.0,836.55
6013,2024-09-16,25,29,2,6.8,False,0.0,198.9
6014,2024-09-23,25,22,3,34.7,True,2255.5,1014.98
6015,2024-09-23,25,29,3,0.7,False,0.0,20.47
6016,2024-09-30,25,24,1,23.6,True,1534.0,690.3
6017,2024-09-30,25,29,1,8.6,False,0.0,251.55
6018,2024-10-07,25,5,1,2.7,True,175.5,78.98
6019,2024-10-07,25,16,1,21.7,True,1410.5,634.72
6020,2024-10-07,25,29,1,13.3,False,0.0,389.02
6021,2024-10-14,25,24,1,38.8,True,2522.0,1134.9
6022,2024-10-14,25,29,1,1.8,False,0.0,52.65
6023,2024-10-21,25,16,3,32.6,True,2119.0,953.55
6024,2024-10-21,25,29,3,0.7,False,0.0,20.47
6025,2024-10-28,25,10,2,11.5,True,747.5,336.38
6026,2024-10-28,25,24,2,17.6,True,1144.0,514.8
6027,2024-10-28,25,29,2,6.5,False,0.0,190.12
6028,2024-11-04,25,21,2,22.5,True,1462.5,658.12
6029,2024-11-04,25,29,2,11.3,False,0.0,330.52
6030,2024-11-11,25,12,3,33.7,True,2190.5,985.73
6031,2024-11-11,25,29,3,3.2,False,0.0,93.6
6032,2024-11-18,25,21,1,29.9,True,1943.5,874.58
6033,2024-11-18,25,29,1,10.8,False,0.0,315.9
6034,2024-11-25,25,21,2,33.1,True,2151.5,968.18
6035,2024-11-25,25,29,2,2.5,False,0.0,73.12
6036,2024-12-02,25,22,2,26.5,True,1722.5,775.12
6037,2024-12-02,25,29,2,5.4,False,0.0,157.95
6038,2024-12-09,25,16,2,22.3,True,1449.5,652.28
6039,2024-12-09,25,29,2,5.2,False,0.0,152.1
6040,2024-12-16,25,12,1,22.8,True,1482.0,666.9
6041,2024-12-16,25,29,1,5.5,False,0.0,160.88
6042,2024-12-23,25,8,1,15.8,True,1027.0,462.15
6043,2024-12-23,25,21,1,5.2,True,338.0,152.1
6044,2024-12-23,25,29,1,6.9,False,0.0,201.82
6045,2024-12-30,25,5,2,14.3,True,929.5,418.28
6046,2024-12-30,25,21,2,10.4,True,676.0,304.2
6047,2024-12-30,25,29,2,6.4,False,0.0,187.2
6048,2025-01-06,25,22,2,14.8,True,962.0,432.9
6049,2025-01-06,25,12,2,19.3,True,1254.5,564.52
6050,2025-01-06,25,29,2,4.9,False,0.0,143.33
6051,2025-01-13,25,24,2,28.7,True,1865.5,839.48
6052,2025-01-13,25,29,2,5.3,False,0.0,155.02
6053,2025-01-20,25,25,1,14.2,True,923.0,415.35
6054,2025-01-20,25,21,1,11.7,True,760.5,342.22
6055,2025-01-20,25,29,1,6.6,False,0.0,193.05
6056,2025-01-27,25,24,2,24.4,True,1586.0,713.7
6057,2025-01-27,25,21,2,1.5,True,97.5,43.88
6058,2025-01-27,25,29,2,9.3,False,0.0,272.03
6059,2025-02-03,25,16,3,37.8,True,2457.0,1105.65
6060,2025-02-03,25,29,3,1.0,False,0.0,29.25
6061,2025-02-10,25,25,2,5.0,True,325.0,146.25
6062,2025-02-10,25,5,2,25.7,True,1670.5,751.72
6063,2025-02-10,25,29,2,5.4,False,0.0,157.95
6064,2025-02-17,25,25,3,28.9,True,1878.5,845.32
6065,2025-02-17,25,29,3,3.9,False,0.0,114.08
6066,2025-02-24,25,22,3,12.3,True,799.5,359.78
6067,2025-02-24,25,16,3,20.4,True,1326.0,596.7
6068,2025-02-24,25,29,3,6.2,False,0.0,181.35
6069,2025-03-03,25,11,1,33.1,True,2151.5,968.18
6070,2025-03-03,25,29,1,5.5,False,0.0,160.88
6071,2025-03-10,25,21,2,11.4,True,741.0,333.45
6072,2025-03-10,25,16,2,15.5,True,1007.5,453.38
6073,2025-03-10,25,29,2,10.2,False,0.0,298.35
6074,2025-03-17,25,25,2,30.3,True,1969.5,886.28
6075,2025-03-17,25,29,2,11.0,False,0.0,321.75
6076,2025-03-24,25,24,1,22.5,True,1462.5,658.12
6077,2025-03-24,25,29,1,13.1,False,0.0,383.18
6078,2025-03-31,25,11,2,30.2,True,1963.0,883.35
6079,2025-03-31,25,29,2,7.4,False,0.0,216.45
6080,2025-04-07,25,21,2,11.7,True,760.5,342.22
6081,2025-04-07,25,16,2,14.3,True,929.5,418.28
6082,2025-04-07,25,29,2,8.9,False,0.0,260.32
6083,2025-04-14,25,24,2,24.4,True,1586.0,713.7
6084,2025-04-14,25,29,2,10.1,False,0.0,295.42
6085,2025-04-21,25,11,2,32.8,True,2132.0,959.4
6086,2025-04-21,25,29,2,1.5,False,0.0,43.88
6087,2025-04-28,25,24,2,0.8,True,52.0,23.4
6088,2025-04-28,25,10,2,24.3,True,1579.5,710.78
6089,2025-04-28,25,29,2,9.5,False,0.0,277.88
6090,2025-05-05,25,8,2,17.1,True,1111.5,500.18
6091,2025-05-05,25,22,2,9.5,True,617.5,277.88
6092,2025-05-05,25,29,2,9.0,False,0.0,263.25
6093,2025-05-12,25,10,2,27.7,True,1800.5,810.22
6094,2025-05-12,25,29,2,4.5,False,0.0,131.62
6095,2025-05-19,25,16,3,37.9,True,2463.5,1108.58
6096,2025-05-19,25,29,3,1.4,False,0.0,40.95
6097,2025-05-26,25,8,1,33.1,True,2151.5,968.18
6098,2025-05-26,25,29,1,3.9,False,0.0,114.08
6099,2025-06-02,25,24,2,24.8,True,1612.0,725.4
6100,2025-06-02,25,29,2,9.4,False,0.0,274.95
6101,2025-06-09,25,22,3,15.2,True,988.0,444.6
6102,2025-06-09,25,25,3,12.2,True,793.0,356.85
6103,2025-06-09,25,29,3,2.7,False,0.0,78.98
6104,2025-06-16,25,5,2,22.2,True,1443.0,649.35
6105,2025-06-16,25,29,2,7.9,False,0.0,231.08
6106,2025-06-23,25,25,2,24.0,True,1560.0,702.0
6107,2025-06-23,25,29,2,6.5,False,0.0,190.12
6108,2025-06-30,25,25,2,25.8,True,1677.0,754.65
6109,2025-06-30,25,29,2,6.9,False,0.0,201.82
6110,2025-07-07,25,24,1,15.0,True,975.0,438.75
6111,2025-07-07,25,29,1,2.6,False,0.0,76.05
6112,2025-07-14,25,5,1,13.8,True,897.0,403.65
6113,2025-07-14,25,10,1,2.7,True,175.5,78.98
6114,2025-07-14,25,29,1,2.5,False,0.0,73.12
6115,2025-07-21,25,11,2,17.8,True,1157.0,520.65
6116,2025-07-21,25,29,2,2.2,False,0.0,64.35
6117,2025-07-28,25,16,2,15.9,True,1033.5,465.08
6118,2025-07-28,25,29,2,4.6,False,0.0,134.55
6119,2025-08-04,25,24,2,26.6,True,1729.0,778.05
6120,2025-08-04,25,29,2,5.7,False,0.0,166.72
6121,2025-08-11,25,16,2,27.4,True,1781.0,801.45
6122,2025-08-11,25,29,2,6.0,False,0.0,175.5
6123,2025-08-18,25,16,2,21.0,True,1365.0,614.25
6124,2025-08-18,25,29,2,13.7,False,0.0,400.72
6125,2025-08-25,25,24,2,8.4,True,546.0,245.7
6126,2025-08-25,25,12,2,16.3,True,1059.5,476.78
6127,2025-08-25,25,29,2,3.4,False,0.0,99.45
6128,2025-09-01,25,25,1,33.7,True,2190.5,985.73
6129,2025-09-01,25,29,1,6.7,False,0.0,195.98
6130,2025-09-08,25,12,1,6.8,True,442.0,198.9
6131,2025-09-08,25,24,1,23.3,True,1514.5,681.52
6132,2025-09-08,25,29,1,5.5,False,0.0,160.88
6133,2025-09-15,25,24,1,28.7,True,1865.5,839.48
6134,2025-09-15,25,29,1,10.2,False,0.0,298.35
6135,2025-09-22,25,25,3,14.0,True,910.0,409.5
6136,2025-09-22,25,12,3,20.7,True,1345.5,605.48
6137,2025-09-22,25,29,3,7.3,False,0.0,213.52
6138,2025-09-29,25,11,2,24.5,True,1592.5,716.62
6139,2025-09-29,25,29,2,8.0,False,0.0,234.0
6140,2025-10-06,25,25,2,3.7,True,240.5,108.22
6141,2025-10-06,25,12,2,24.0,True,1560.0,702.0
6142,2025-10-06,25,29,2,10.5,False,0.0,307.12
6143,2025-10-13,25,22,1,27.4,True,1781.0,801.45
6144,2025-10-13,25,29,1,7.6,False,0.0,222.3
6145,2025-10-20,25,16,1,36.2,True,2353.0,1058.85
6146,2025-10-20,25,29,1,0.7,False,0.0,20.47
6147,2025-10-27,25,11,1,20.5,True,1332.5,599.62
6148,2025-10-27,25,21,1,1.5,True,97.5,43.88
6149,2025-10-27,25,29,1,13.7,False,0.0,400.72
6150,2025-11-03,25,10,1,27.9,True,1813.5,816.08
6151,2025-11-03,25,29,1,5.0,False,0.0,146.25
6152,2025-11-10,25,12,2,24.5,True,1592.5,716.62
6153,2025-11-10,25,25,2,4.2,True,273.0,122.85
6154,2025-11-10,25,29,2,7.0,False,0.0,204.75
6155,2025-11-17,25,22,1,14.4,True,936.0,421.2
6156,2025-11-17,25,8,1,15.3,True,994.5,447.52
6157,2025-11-17,25,29,1,3.1,False,0.0,90.68
6158,2025-11-24,25,11,1,23.0,True,1495.0,672.75
6159,2025-11-24,25,21,1,2.4,True,156.0,70.2
6160,2025-11-24,25,29,1,9.1,False,0.0,266.18
6161,2025-12-01,25,11,2,24.9,True,1618.5,728.32
6162,2025-12-01,25,29,2,4.8,False,0.0,140.4
6163,2025-12-08,25,16,3,3.0,True,195.0,87.75
6164,2025-12-08,25,5,3,24.0,True,1560.0,702.0
6165,2025-12-08,25,29,3,3.9,False,0.0,114.08
6166,2025-12-15,25,25,2,23.0,True,1495.0,672.75
6167,2025-12-15,25,29,2,8.3,False,0.0,242.78
6168,2025-12-22,25,5,1,30.5,True,1982.5,892.12
6169,2025-12-22,25,29,1,1.2,False,0.0,35.1
6170,2025-12-29,25,24,2,18.7,True,1215.5,546.98
6171,2025-12-29,25,29,2,10.4,False,0.0,304.2
6172,2024-01-01,26,23,2,20.2,True,3282.5,1477.02
6173,2024-01-01,26,17,2,15.1,False,0.0,1104.11
6174,2024-01-08,26,19,3,26.7,True,4338.75,1952.3
6175,2024-01-08,26,17,3,7.9,False,0.0,577.65
6176,2024-01-15,26,23,2,23.2,True,3770.0,1696.38
6177,2024-01-15,26,17,2,12.1,False,0.0,884.75
6178,2024-01-22,26,23,3,31.1,True,5053.75,2274.03
6179,2024-01-22,26,17,3,5.5,False,0.0,402.16
6180,2024-01-29,26,23,2,19.8,True,3217.5,1447.78
6181,2024-01-29,26,17,2,13.3,False,0.0,972.5
6182,2024-02-05,26,23,3,26.6,True,4322.5,1944.99
6183,2024-02-05,26,17,3,11.5,False,0.0,840.88
6184,2024-02-12,26,15,2,18.4,True,2990.0,1345.41
6185,2024-02-12,26,23,2,5.9,True,958.75,431.41
6186,2024-02-12,26,17,2,14.1,False,0.0,1030.99
6187,2024-02-19,26,23,3,27.7,True,4501.25,2025.42
6188,2024-02-19,26,17,3,9.0,False,0.0,658.08
6189,2024-02-26,26,19,3,27.3,True,4436.25,1996.18
6190,2024-02-26,26,17,3,11.7,False,0.0,855.5
6191,2024-03-04,26,23,2,23.5,True,3818.75,1718.32
6192,2024-03-04,26,17,2,12.8,False,0.0,935.94
6193,2024-03-11,26,19,1,18.1,True,2941.25,1323.47
6194,2024-03-11,26,15,1,8.5,True,1381.25,621.52
6195,2024-03-11,26,17,1,10.3,False,0.0,753.14
6196,2024-03-18,26,23,2,22.7,True,3688.75,1659.82
6197,2024-03-18,26,17,2,17.6,False,0.0,1286.91
6198,2024-03-25,26,19,3,30.9,True,5021.25,2259.41
6199,2024-03-25,26,17,3,6.7,False,0.0,489.9
6200,2024-04-01,26,19,1,25.0,True,4062.5,1828.0
6201,2024-04-01,26,17,1,9.9,False,0.0,723.89
6202,2024-04-08,26,15,3,2.8,True,455.0,204.74
6203,2024-04-08,26,19,3,27.6,True,4485.0,2018.11
6204,2024-04-08,26,17,3,2.5,False,0.0,182.8
6205,2024-04-15,26,23,3,22.6,True,3672.5,1652.51
6206,2024-04-15,26,17,3,9.5,False,0.0,694.64
6207,2024-04-22,26,19,3,1.4,True,227.5,102.37
6208,2024-04-22,26,15,3,30.6,True,4972.5,2237.47
6209,2024-04-22,26,17,3,7.2,False,0.0,526.46
6210,2024-04-29,26,15,1,25.8,True,4192.5,1886.5
6211,2024-04-29,26,17,1,9.7,False,0.0,709.26
6212,2024-05-06,26,19,1,5.8,True,942.5,424.1
6213,2024-05-06,26,23,1,21.6,True,3510.0,1579.39
6214,2024-05-06,26,17,1,9.4,False,0.0,687.33
6215,2024-05-13,26,15,1,4.8,True,780.0,350.98
6216,2024-05-13,26,23,1,15.2,True,2470.0,1111.42
6217,2024-05-13,26,17,1,12.7,False,0.0,928.62
6218,2024-05-20,26,15,3,12.9,True,2096.25,943.25
6219,2024-05-20,26,23,3,17.0,True,2762.5,1243.04
6220,2024-05-20,26,17,3,7.3,False,0.0,533.78
6221,2024-05-27,26,15,3,32.1,True,5216.25,2347.15
6222,2024-05-27,26,17,3,4.6,False,0.0,336.35
6223,2024-06-03,26,15,3,22.5,True,3656.25,1645.2
6224,2024-06-03,26,17,3,7.6,False,0.0,555.71
6225,2024-06-10,26,23,1,3.4,True,552.5,248.61
6226,2024-06-10,26,15,1,18.6,True,3022.5,1360.03
6227,2024-06-10,26,17,1,10.5,False,0.0,767.76
6228,2024-06-17,26,15,3,16.3,True,2648.75,1191.86
6229,2024-06-17,26,23,3,5.0,True,812.5,365.6
6230,2024-06-17,26,17,3,9.6,False,0.0,701.95
6231,2024-06-24,26,23,2,23.8,True,3867.5,1740.26
6232,2024-06-24,26,17,2,9.6,False,0.0,701.95
6233,2024-07-01,26,19,1,1.4,True,227.5,102.37
6234,2024-07-01,26,15,1,12.1,True,1966.25,884.75
6235,2024-07-01,26,17,1,6.9,False,0.0,504.53
6236,2024-07-08,26,15,1,12.9,True,2096.25,943.25
6237,2024-07-08,26,17,1,8.3,False,0.0,606.9
6238,2024-07-15,26,15,2,12.1,True,1966.25,884.75
6239,2024-07-15,26,17,2,6.7,False,0.0,489.9
6240,2024-07-22,26,15,3,14.5,True,2356.25,1060.24
6241,2024-07-22,26,17,3,3.9,False,0.0,285.17
6242,2024-07-29,26,23,2,13.9,True,2258.75,1016.37
6243,2024-07-29,26,17,2,5.6,False,0.0,409.47
6244,2024-08-05,26,15,1,24.2,True,3932.5,1769.5
6245,2024-08-05,26,17,1,10.7,False,0.0,782.38
6246,2024-08-12,26,23,3,15.0,True,2437.5,1096.8
6247,2024-08-12,26,15,3,6.2,True,1007.5,453.34
6248,2024-08-12,26,17,3,12.6,False,0.0,921.31
6249,2024-08-19,26,15,2,7.1,True,1153.75,519.15
6250,2024-08-19,26,19,2,15.0,True,2437.5,1096.8
6251,2024-08-19,26,17,2,12.5,False,0.0,914.0
6252,2024-08-26,26,15,1,20.1,True,3266.25,1469.71
6253,2024-08-26,26,17,1,10.9,False,0.0,797.01
6254,2024-09-02,26,23,3,29.4,True,4777.5,2149.73
6255,2024-09-02,26,17,3,9.0,False,0.0,658.08
6256,2024-09-09,26,23,2,26.4,True,4290.0,1930.37
6257,2024-09-09,26,17,2,13.9,False,0.0,1016.37
6258,2024-09-16,26,19,3,4.5,True,731.25,329.04
6259,2024-09-16,26,15,3,25.2,True,4095.0,1842.62
6260,2024-09-16,26,17,3,10.0,False,0.0,731.2
6261,2024-09-23,26,23,2,24.9,True,4046.25,1820.69
6262,2024-09-23,26,17,2,12.6,False,0.0,921.31
6263,2024-09-30,26,15,3,10.1,True,1641.25,738.51
6264,2024-09-30,26,23,3,17.6,True,2860.0,1286.91
6265,2024-09-30,26,17,3,5.9,False,0.0,431.41
6266,2024-10-07,26,23,3,20.7,True,3363.75,1513.58
6267,2024-10-07,26,15,3,7.1,True,1153.75,519.15
6268,2024-10-07,26,17,3,9.9,False,0.0,723.89
6269,2024-10-14,26,19,3,26.1,True,4241.25,1908.43
6270,2024-10-14,26,17,3,6.9,False,0.0,504.53
6271,2024-10-21,26,23,3,15.5,True,2518.75,1133.36
6272,2024-10-21,26,15,3,5.1,True,828.75,372.91
6273,2024-10-21,26,17,3,12.8,False,0.0,935.94
6274,2024-10-28,26,23,2,2.0,True,325.0,146.24
6275,2024-10-28,26,19,2,27.4,True,4452.5,2003.49
6276,2024-10-28,26,17,2,7.2,False,0.0,526.46
6277,2024-11-04,26,15,3,26.4,True,4290.0,1930.37
6278,2024-11-04,26,17,3,7.5,False,0.0,548.4
6279,2024-11-11,26,19,3,12.3,True,1998.75,899.38
6280,2024-11-11,26,15,3,14.8,True,2405.0,1082.18
6281,2024-11-11,26,17,3,11.1,False,0.0,811.63
6282,2024-11-18,26,23,1,27.8,True,4517.5,2032.74
6283,2024-11-18,26,17,1,10.6,False,0.0,775.07
6284,2024-11-25,26,15,2,23.0,True,3737.5,1681.76
6285,2024-11-25,26,17,2,11.0,False,0.0,804.32
6286,2024-12-02,26,15,3,22.8,True,3705.0,1667.14
6287,2024-12-02,26,17,3,8.8,False,0.0,643.46
6288,2024-12-09,26,23,3,23.7,True,3851.25,1732.94
6289,2024-12-09,26,17,3,2.7,False,0.0,197.42
6290,2024-12-16,26,15,3,26.0,True,4225.0,1901.12
6291,2024-12-16,26,17,3,4.4,False,0.0,321.73
6292,2024-12-23,26,19,3,19.3,True,3136.25,1411.22
6293,2024-12-23,26,17,3,7.8,False,0.0,570.34
6294,2024-12-30,26,15,3,20.6,True,3347.5,1506.27
6295,2024-12-30,26,17,3,7.1,False,0.0,519.15
6296,2025-01-06,26,19,1,23.0,True,3737.5,1681.76
6297,2025-01-06,26,17,1,9.5,False,0.0,694.64
6298,2025-01-13,26,23,1,25.5,True,4143.75,1864.56
6299,2025-01-13,26,17,1,10.6,False,0.0,775.07
6300,2025-01-20,26,23,2,8.0,True,1300.0,584.96
6301,2025-01-20,26,15,2,17.8,True,2892.5,1301.54
6302,2025-01-20,26,17,2,8.9,False,0.0,650.77
6303,2025-01-27,26,15,3,27.7,True,4501.25,2025.42
6304,2025-01-27,26,17,3,7.0,False,0.0,511.84
6305,2025-02-03,26,23,3,25.8,True,4192.5,1886.5
6306,2025-02-03,26,17,3,10.7,False,0.0,782.38
6307,2025-02-10,26,19,2,27.1,True,4403.75,1981.55
6308,2025-02-10,26,17,2,8.8,False,0.0,643.46
6309,2025-02-17,26,15,3,11.1,True,1803.75,811.63
6310,2025-02-17,26,19,3,13.8,True,2242.5,1009.06
6311,2025-02-17,26,17,3,7.8,False,0.0,570.34
6312,2025-02-24,26,23,2,22.3,True,3623.75,1630.58
6313,2025-02-24,26,17,2,13.6,False,0.0,994.43
6314,2025-03-03,26,15,1,24.5,True,3981.25,1791.44
6315,2025-03-03,26,17,1,11.5,False,0.0,840.88
6316,2025-03-10,26,15,2,9.2,True,1495.0,672.7
6317,2025-03-10,26,19,2,12.7,True,2063.75,928.62
6318,2025-03-10,26,17,2,17.3,False,0.0,1264.98
6319,2025-03-17,26,19,2,17.2,True,2795.0,1257.66
6320,2025-03-17,26,23,2,3.0,True,487.5,219.36
6321,2025-03-17,26,17,2,16.0,False,0.0,1169.92
6322,2025-03-24,26,15,3,20.7,True,3363.75,1513.58
6323,2025-03-24,26,19,3,9.6,True,1560.0,701.95
6324,2025-03-24,26,17,3,9.7,False,0.0,709.26
6325,2025-03-31,26,15,1,14.6,True,2372.5,1067.55
6326,2025-03-31,26,23,1,8.9,True,1446.25,650.77
6327,2025-03-31,26,17,1,8.8,False,0.0,643.46
6328,2025-04-07,26,15,2,25.6,True,4160.0,1871.87
6329,2025-04-07,26,17,2,13.8,False,0.0,1009.06
6330,2025-04-14,26,15,2,17.5,True,2843.75,1279.6
6331,2025-04-14,26,23,2,5.3,True,861.25,387.54
6332,2025-04-14,26,17,2,13.1,False,0.0,957.87
6333,2025-04-21,26,19,3,12.0,True,1950.0,877.44
6334,2025-04-21,26,15,3,12.0,True,1950.0,877.44
6335,2025-04-21,26,17,3,12.7,False,0.0,928.62
6336,2025-04-28,26,19,3,17.0,True,2762.5,1243.04
6337,2025-04-28,26,23,3,10.2,True,1657.5,745.82
6338,2025-04-28,26,17,3,7.8,False,0.0,570.34
6339,2025-05-05,26,19,2,26.6,True,4322.5,1944.99
6340,2025-05-05,26,17,2,6.5,False,0.0,475.28
6341,2025-05-12,26,15,1,30.9,True,5021.25,2259.41
6342,2025-05-12,26,17,1,10.4,False,0.0,760.45
6343,2025-05-19,26,23,2,25.6,True,4160.0,1871.87
6344,2025-05-19,26,17,2,10.2,False,0.0,745.82
6345,2025-05-26,26,23,2,25.9,True,4208.75,1893.81
6346,2025-05-26,26,17,2,8.7,False,0.0,636.14
6347,2025-06-02,26,23,3,21.4,True,3477.5,1564.77
6348,2025-06-02,26,17,3,7.8,False,0.0,570.34
6349,2025-06-09,26,15,2,20.1,True,3266.25,1469.71
6350,2025-06-09,26,17,2,12.2,False,0.0,892.06
6351,2025-06-16,26,15,3,16.6,True,2697.5,1213.79
6352,2025-06-16,26,19,3,6.8,True,1105.0,497.22
6353,2025-06-16,26,17,3,5.3,False,0.0,387.54
6354,2025-06-23,26,15,3,0.8,True,130.0,58.5
6355,2025-06-23,26,23,3,22.8,True,3705.0,1667.14
6356,2025-06-23,26,17,3,8.6,False,0.0,628.83
6357,2025-06-30,26,19,2,21.7,True,3526.25,1586.7
6358,2025-06-30,26,17,2,8.4,False,0.0,614.21
6359,2025-07-07,26,15,2,11.1,True,1803.75,811.63
6360,2025-07-07,26,17,2,7.4,False,0.0,541.09
6361,2025-07-14,26,19,3,1.3,True,211.25,95.06
6362,2025-07-14,26,23,3,12.8,True,2080.0,935.94
6363,2025-07-14,26,17,3,3.5,False,0.0,255.92
6364,2025-07-21,26,15,3,0.5,True,81.25,36.56
6365,2025-07-21,26,23,3,16.5,True,2681.25,1206.48
6366,2025-07-21,26,17,3,2.4,False,0.0,175.49
6367,2025-07-28,26,19,2,10.4,True,1690.0,760.45
6368,2025-07-28,26,15,2,1.9,True,308.75,138.93
6369,2025-07-28,26,17,2,7.4,False,0.0,541.09
6370,2025-08-04,26,19,1,20.7,True,3363.75,1513.58
6371,2025-08-04,26,17,1,11.3,False,0.0,826.26
6372,2025-08-11,26,19,1,20.8,True,3380.0,1520.9
6373,2025-08-11,26,17,1,12.7,False,0.0,928.62
6374,2025-08-18,26,23,2,21.6,True,3510.0,1579.39
6375,2025-08-18,26,17,2,10.6,False,0.0,775.07
6376,2025-08-25,26,15,1,20.6,True,3347.5,1506.27
6377,2025-08-25,26,17,1,10.2,False,0.0,745.82
6378,2025-09-01,26,15,2,17.4,True,2827.5,1272.29
6379,2025-09-01,26,17,2,15.3,False,0.0,1118.74
6380,2025-09-08,26,23,3,34.1,True,5541.25,2493.39
6381,2025-09-08,26,17,3,7.1,False,0.0,519.15
6382,2025-09-15,26,23,1,20.8,True,3380.0,1520.9
6383,2025-09-15,26,15,1,4.9,True,796.25,358.29
6384,2025-09-15,26,17,1,10.8,False,0.0,789.7
6385,2025-09-22,26,19,2,26.0,True,4225.0,1901.12
6386,2025-09-22,26,17,2,6.6,False,0.0,482.59
6387,2025-09-29,26,23,3,12.0,True,1950.0,877.44
6388,2025-09-29,26,19,3,13.9,True,2258.75,1016.37
6389,2025-09-29,26,17,3,14.3,False,0.0,1045.62
6390,2025-10-06,26,23,1,25.0,True,4062.5,1828.0
6391,2025-10-06,26,17,1,15.6,False,0.0,1140.67
6392,2025-10-13,26,15,2,5.4,True,877.5,394.85
6393,2025-10-13,26,19,2,15.2,True,2470.0,1111.42
6394,2025-10-13,26,17,2,15.5,False,0.0,1133.36
6395,2025-10-20,26,19,3,9.0,True,1462.5,658.08
6396,2025-10-20,26,15,3,15.4,True,2502.5,1126.05
6397,2025-10-20,26,17,3,11.0,False,0.0,804.32
6398,2025-10-27,26,15,3,2.3,True,373.75,168.18
6399,2025-10-27,26,23,3,22.4,True,3640.0,1637.89
6400,2025-10-27,26,17,3,9.2,False,0.0,672.7
6401,2025-11-03,26,23,1,28.2,True,4582.5,2061.98
6402,2025-11-03,26,17,1,8.2,False,0.0,599.58
6403,2025-11-10,26,15,3,28.0,True,4550.0,2047.36
6404,2025-11-10,26,17,3,8.3,False,0.0,606.9
6405,2025-11-17,26,23,1,10.3,True,1673.75,753.14
6406,2025-11-17,26,15,1,18.0,True,2925.0,1316.16
6407,2025-11-17,26,17,1,9.3,False,0.0,680.02
6408,2025-11-24,26,23,2,19.0,True,3087.5,1389.28
6409,2025-11-24,26,15,2,4.7,True,763.75,343.66
6410,2025-11-24,26,17,2,9.4,False,0.0,687.33
6411,2025-12-01,26,19,3,23.3,True,3786.25,1703.7
6412,2025-12-01,26,17,3,6.3,False,0.0,460.66
6413,2025-12-08,26,23,2,16.1,True,2616.25,1177.23
6414,2025-12-08,26,17,2,9.8,False,0.0,716.58
6415,2025-12-15,26,19,3,24.3,True,3948.75,1776.82
6416,2025-12-15,26,17,3,3.8,False,0.0,277.86
6417,2025-12-22,26,23,3,19.5,True,3168.75,1425.84
6418,2025-12-22,26,17,3,11.3,False,0.0,826.26
6419,2025-12-29,26,15,2,14.1,True,2291.25,1030.99
6420,2025-12-29,26,23,2,5.7,True,926.25,416.78
6421,2025-12-29,26,17,2,11.5,False,0.0,840.88
6422,2024-01-01,27,25,2,2.5,True,437.5,196.88
6423,2024-01-01,27,10,2,17.1,True,2992.5,1346.62
6424,2024-01-01,27,29,2,14.8,False,0.0,1165.5
6425,2024-01-08,27,12,1,5.2,True,910.0,409.5
6426,2024-01-08,27,22,1,11.7,True,2047.5,921.38
6427,2024-01-08,27,29,1,16.5,False,0.0,1299.38
6428,2024-01-15,27,22,2,19.0,True,3325.0,1496.25
6429,2024-01-15,27,29,2,19.2,False,0.0,1512.0
6430,2024-01-22,27,24,1,19.0,True,3325.0,1496.25
6431,2024-01-22,27,29,1,14.4,False,0.0,1134.0
6432,2024-01-29,27,21,3,21.4,True,3745.0,1685.25
6433,2024-01-29,27,29,3,11.5,False,0.0,905.62
6434,2024-02-05,27,24,1,17.4,True,3045.0,1370.25
6435,2024-02-05,27,25,1,2.2,True,385.0,173.25
6436,2024-02-05,27,29,1,15.3,False,0.0,1204.88
6437,2024-02-12,27,10,2,5.8,True,1015.0,456.75
6438,2024-02-12,27,25,2,12.1,True,2117.5,952.88
6439,2024-02-12,27,29,2,19.6,False,0.0,1543.5
6440,2024-02-19,27,24,1,17.0,True,2975.0,1338.75
6441,2024-02-19,27,29,1,17.1,False,0.0,1346.62
6442,2024-02-26,27,11,1,24.0,True,4200.0,1890.0
6443,2024-02-26,27,29,1,11.1,False,0.0,874.12
6444,2024-03-04,27,5,1,16.2,True,2835.0,1275.75
6445,2024-03-04,27,22,1,5.3,True,927.5,417.38
6446,2024-03-04,27,29,1,15.9,False,0.0,1252.12
6447,2024-03-11,27,21,3,19.8,True,3465.0,1559.25
6448,2024-03-11,27,11,3,7.0,True,1225.0,551.25
6449,2024-03-11,27,29,3,11.7,False,0.0,921.38
6450,2024-03-18,27,25,2,11.2,True,1960.0,882.0
6451,2024-03-18,27,12,2,4.3,True,752.5,338.62
6452,2024-03-18,27,29,2,14.8,False,0.0,1165.5
6453,2024-03-25,27,24,1,6.5,True,1137.5,511.88
6454,2024-03-25,27,22,1,14.6,True,2555.0,1149.75
6455,2024-03-25,27,29,1,16.7,False,0.0,1315.12
6456,2024-04-01,27,12,2,6.1,True,1067.5,480.38
6457,2024-04-01,27,11,2,7.5,True,1312.5,590.62
6458,2024-04-01,27,29,2,16.9,False,0.0,1330.88
6459,2024-04-08,27,10,2,22.6,True,3955.0,1779.75
6460,2024-04-08,27,29,2,13.7,False,0.0,1078.88
6461,2024-04-15,27,11,3,21.0,True,3675.0,1653.75
6462,2024-04-15,27,29,3,13.8,False,0.0,1086.75
6463,2024-04-22,27,8,2,17.9,True,3132.5,1409.62
6464,2024-04-22,27,29,2,14.0,False,0.0,1102.5
6465,2024-04-29,27,21,1,22.4,True,3920.0,1764.0
6466,2024-04-29,27,29,1,16.9,False,0.0,1330.88
6467,2024-05-06,27,16,3,22.8,True,3990.0,1795.5
6468,2024-05-06,27,29,3,11.5,False,0.0,905.62
6469,2024-05-13,27,11,2,19.6,True,3430.0,1543.5
6470,2024-05-13,27,29,2,18.6,False,0.0,1464.75
6471,2024-05-20,27,21,1,6.9,True,1207.5,543.38
6472,2024-05-20,27,8,1,10.2,True,1785.0,803.25
6473,2024-05-20,27,29,1,15.9,False,0.0,1252.12
6474,2024-05-27,27,8,1,19.5,True,3412.5,1535.62
6475,2024-05-27,27,29,1,18.1,False,0.0,1425.38
6476,2024-06-03,27,21,1,20.0,True,3500.0,1575.0
6477,2024-06-03,27,29,1,12.9,False,0.0,1015.88
6478,2024-06-10,27,10,2,2.5,True,437.5,196.88
6479,2024-06-10,27,12,2,14.9,True,2607.5,1173.38
6480,2024-06-10,27,29,2,16.5,False,0.0,1299.38
6481,2024-06-17,27,8,2,16.3,True,2852.5,1283.62
6482,2024-06-17,27,29,2,16.4,False,0.0,1291.5
6483,2024-06-24,27,10,2,3.1,True,542.5,244.12
6484,2024-06-24,27,5,2,13.6,True,2380.0,1071.0
6485,2024-06-24,27,29,2,14.5,False,0.0,1141.88
6486,2024-07-01,27,25,3,13.0,True,2275.0,1023.75
6487,2024-07-01,27,29,3,6.9,False,0.0,543.38
6488,2024-07-08,27,12,2,10.8,True,1890.0,850.5
6489,2024-07-08,27,29,2,8.5,False,0.0,669.38
6490,2024-07-15,27,5,3,11.6,True,2030.0,913.5
6491,2024-07-15,27,29,3,9.2,False,0.0,724.5
6492,2024-07-22,27,21,1,6.6,True,1155.0,519.75
6493,2024-07-22,27,16,1,4.1,True,717.5,322.88
6494,2024-07-22,27,29,1,9.9,False,0.0,779.62
6495,2024-07-29,27,5,2,9.8,True,1715.0,771.75
6496,2024-07-29,27,29,2,10.3,False,0.0,811.12
6497,2024-08-05,27,24,3,2.3,True,402.5,181.12
6498,2024-08-05,27,22,3,16.8,True,2940.0,1323.0
6499,2024-08-05,27,29,3,14.1,False,0.0,1110.38
6500,2024-08-12,27,25,2,17.9,True,3132.5,1409.62
6501,2024-08-12,27,29,2,14.4,False,0.0,1134.0
6502,2024-08-19,27,22,1,15.9,True,2782.5,1252.12
6503,2024-08-19,27,29,1,16.4,False,0.0,1291.5
6504,2024-08-26,27,12,1,21.8,True,3815.0,1716.75
6505,2024-08-26,27,29,1,11.1,False,0.0,874.12
6506,2024-09-02,27,12,2,20.8,True,3640.0,1638.0
6507,2024-09-02,27,29,2,15.8,False,0.0,1244.25
6508,2024-09-09,27,21,2,22.8,True,3990.0,1795.5
6509,2024-09-09,27,29,2,18.8,False,0.0,1480.5
6510,2024-09-16,27,25,1,20.4,True,3570.0,1606.5
6511,2024-09-16,27,10,1,3.3,True,577.5,259.88
6512,2024-09-16,27,29,1,10.7,False,0.0,842.62
6513,2024-09-23,27,16,2,22.0,True,3850.0,1732.5
6514,2024-09-23,27,29,2,20.0,False,0.0,1575.0
6515,2024-09-30,27,5,2,20.3,True,3552.5,1598.62
6516,2024-09-30,27,29,2,18.0,False,0.0,1417.5
6517,2024-10-07,27,25,2,9.5,True,1662.5,748.12
6518,2024-10-07,27,24,2,8.3,True,1452.5,653.62
6519,2024-10-07,27,29,2,19.8,False,0.0,1559.25
6520,2024-10-14,27,10,2,21.4,True,3745.0,1685.25
6521,2024-10-14,27,29,2,16.1,False,0.0,1267.88
6522,2024-10-21,27,5,2,20.3,True,3552.5,1598.62
6523,2024-10-21,27,29,2,16.0,False,0.0,1260.0
6524,2024-10-28,27,12,2,18.7,True,3272.5,1472.62
6525,2024-10-28,27,29,2,19.8,False,0.0,1559.25
6526,2024-11-04,27,22,1,21.7,True,3797.5,1708.88
6527,2024-11-04,27,29,1,17.0,False,0.0,1338.75
6528,2024-11-11,27,8,2,20.5,True,3587.5,1614.38
6529,2024-11-11,27,29,2,14.5,False,0.0,1141.88
6530,2024-11-18,27,8,1,5.1,True,892.5,401.62
6531,2024-11-18,27,5,1,15.6,True,2730.0,1228.5
6532,2024-11-18,27,29,1,18.1,False,0.0,1425.38
6533,2024-11-25,27,10,1,22.4,True,3920.0,1764.0
6534,2024-11-25,27,29,1,13.8,False,0.0,1086.75
6535,2024-12-02,27,24,2,11.2,True,1960.0,882.0
6536,2024-12-02,27,29,2,16.2,False,0.0,1275.75
6537,2024-12-09,27,11,3,20.0,True,3500.0,1575.0
6538,2024-12-09,27,29,3,8.1,False,0.0,637.88
6539,2024-12-16,27,21,3,19.2,True,3360.0,1512.0
6540,2024-12-16,27,29,3,9.1,False,0.0,716.62
6541,2024-12-23,27,24,2,16.3,True,2852.5,1283.62
6542,2024-12-23,27,29,2,12.2,False,0.0,960.75
6543,2024-12-30,27,25,3,18.2,True,3185.0,1433.25
6544,2024-12-30,27,29,3,13.2,False,0.0,1039.5
6545,2025-01-06,27,24,1,20.7,True,3622.5,1630.12
6546,2025-01-06,27,29,1,16.5,False,0.0,1299.38
6547,2025-01-13,27,22,2,14.0,True,2450.0,1102.5
6548,2025-01-13,27,11,2,6.5,True,1137.5,511.88
6549,2025-01-13,27,29,2,16.7,False,0.0,1315.12
6550,2025-01-20,27,10,1,19.5,True,3412.5,1535.62
6551,2025-01-20,27,29,1,13.6,False,0.0,1071.0
6552,2025-01-27,27,22,1,16.9,True,2957.5,1330.88
6553,2025-01-27,27,29,1,16.0,False,0.0,1260.0
6554,2025-02-03,27,25,2,21.4,True,3745.0,1685.25
6555,2025-02-03,27,29,2,15.4,False,0.0,1212.75
6556,2025-02-10,27,24,2,19.7,True,3447.5,1551.38
6557,2025-02-10,27,29,2,18.1,False,0.0,1425.38
6558,2025-02-17,27,12,1,13.0,True,2275.0,1023.75
6559,2025-02-17,27,21,1,9.4,True,1645.0,740.25
6560,2025-02-17,27,29,1,14.4,False,0.0,1134.0
6561,2025-02-24,27,16,3,25.0,True,4375.0,1968.75
6562,2025-02-24,27,29,3,13.0,False,0.0,1023.75
6563,2025-03-03,27,22,1,9.1,True,1592.5,716.62
6564,2025-03-03,27,12,1,12.7,True,2222.5,1000.12
6565,2025-03-03,27,29,1,14.0,False,0.0,1102.5
6566,2025-03-10,27,21,2,1.3,True,227.5,102.38
6567,2025-03-10,27,8,2,16.5,True,2887.5,1299.38
6568,2025-03-10,27,29,2,17.0,False,0.0,1338.75
6569,2025-03-17,27,25,1,18.4,True,3220.0,1449.0
6570,2025-03-17,27,10,1,4.8,True,840.0,378.0
6571,2025-03-17,27,29,1,12.9,False,0.0,1015.88
6572,2025-03-24,27,22,3,28.4,True,4970.0,2236.5
6573,2025-03-24,27,29,3,9.5,False,0.0,748.12
6574,2025-03-31,27,25,2,23.5,True,4112.5,1850.62
6575,2025-03-31,27,29,2,15.1,False,0.0,1189.12
6576,2025-04-07,27,12,3,25.1,True,4392.5,1976.62
6577,2025-04-07,27,29,3,12.7,False,0.0,1000.12
6578,2025-04-14,27,22,1,21.9,True,3832.5,1724.62
6579,2025-04-14,27,29,1,15.8,False,0.0,1244.25
6580,2025-04-21,27,5,1,21.1,True,3692.5,1661.62
6581,2025-04-21,27,29,1,13.4,False,0.0,1055.25
6582,2025-04-28,27,25,2,17.8,True,3115.0,1401.75
6583,2025-04-28,27,29,2,14.8,False,0.0,1165.5
6584,2025-05-05,27,25,2,15.5,True,2712.5,1220.62
6585,2025-05-05,27,29,2,20.5,False,0.0,1614.38
6586,2025-05-12,27,12,2,18.5,True,3237.5,1456.88
6587,2025-05-12,27,22,2,1.8,True,315.0,141.75
6588,2025-05-12,27,29,2,16.3,False,0.0,1283.62
6589,2025-05-19,27,10,2,19.9,True,3482.5,1567.12
6590,2025-05-19,27,29,2,17.7,False,0.0,1393.88
6591,2025-05-26,27,24,2,22.7,True,3972.5,1787.62
6592,2025-05-26,27,29,2,15.5,False,0.0,1220.62
6593,2025-06-02,27,8,2,13.1,True,2292.5,1031.62
6594,2025-06-02,27,21,2,3.3,True,577.5,259.88
6595,2025-06-02,27,29,2,14.5,False,0.0,1141.88
6596,2025-06-09,27,11,2,10.9,True,1907.5,858.38
6597,2025-06-09,27,5,2,1.8,True,315.0,141.75
6598,2025-06-09,27,29,2,19.1,False,0.0,1504.12
6599,2025-06-16,27,16,2,12.5,True,2187.5,984.38
6600,2025-06-16,27,5,2,8.4,True,1470.0,661.5
6601,2025-06-16,27,29,2,14.4,False,0.0,1134.0
6602,2025-06-23,27,22,2,18.7,True,3272.5,1472.62
6603,2025-06-23,27,29,2,16.4,False,0.0,1291.5
6604,2025-06-30,27,22,2,16.9,True,2957.5,1330.88
6605,2025-06-30,27,29,2,19.4,False,0.0,1527.75
6606,2025-07-07,27,8,2,10.6,True,1855.0,834.75
6607,2025-07-07,27,29,2,9.5,False,0.0,748.12
6608,2025-07-14,27,25,1,11.3,True,1977.5,889.88
6609,2025-07-14,27,29,1,6.6,False,0.0,519.75
6610,2025-07-21,27,24,2,9.8,True,1715.0,771.75
6611,2025-07-21,27,29,2,6.9,False,0.0,543.38
6612,2025-07-28,27,24,2,8.7,True,1522.5,685.12
6613,2025-07-28,27,29,2,10.8,False,0.0,850.5
6614,2025-08-04,27,11,1,9.4,True,1645.0,740.25
6615,2025-08-04,27,12,1,8.7,True,1522.5,685.12
6616,2025-08-04,27,29,1,15.3,False,0.0,1204.88
6617,2025-08-11,27,25,2,17.1,True,2992.5,1346.62
6618,2025-08-11,27,29,2,13.7,False,0.0,1078.88
6619,2025-08-18,27,24,2,16.7,True,2922.5,1315.12
6620,2025-08-18,27,21,2,3.6,True,630.0,283.5
6621,2025-08-18,27,29,2,12.7,False,0.0,1000.12
6622,2025-08-25,27,21,2,13.2,True,2310.0,1039.5
6623,2025-08-25,27,10,2,2.9,True,507.5,228.38
6624,2025-08-25,27,29,2,12.9,False,0.0,1015.88
6625,2025-09-01,27,10,2,19.0,True,3325.0,1496.25
6626,2025-09-01,27,29,2,12.1,False,0.0,952.88
6627,2025-09-08,27,10,1,3.5,True,612.5,275.62
6628,2025-09-08,27,21,1,19.8,True,3465.0,1559.25
6629,2025-09-08,27,29,1,17.5,False,0.0,1378.12
6630,2025-09-15,27,22,2,7.2,True,1260.0,567.0
6631,2025-09-15,27,5,2,13.5,True,2362.5,1063.12
6632,2025-09-15,27,29,2,16.2,False,0.0,1275.75
6633,2025-09-22,27,8,1,20.7,True,3622.5,1630.12
6634,2025-09-22,27,29,1,16.2,False,0.0,1275.75
6635,2025-09-29,27,25,2,9.2,True,1610.0,724.5
6636,2025-09-29,27,22,2,9.3,True,1627.5,732.38
6637,2025-09-29,27,29,2,15.2,False,0.0,1197.0
6638,2025-10-06,27,11,2,19.7,True,3447.5,1551.38
6639,2025-10-06,27,29,2,18.0,False,0.0,1417.5
6640,2025-10-13,27,12,1,15.8,True,2765.0,1244.25
6641,2025-10-13,27,29,1,18.3,False,0.0,1441.12
6642,2025-10-20,27,5,3,29.0,True,5075.0,2283.75
6643,2025-10-20,27,29,3,13.0,False,0.0,1023.75
6644,2025-10-27,27,8,2,8.5,True,1487.5,669.38
6645,2025-10-27,27,12,2,11.4,True,1995.0,897.75
6646,2025-10-27,27,29,2,22.1,False,0.0,1740.38
6647,2025-11-03,27,5,3,16.8,True,2940.0,1323.0
6648,2025-11-03,27,25,3,5.7,True,997.5,448.88
6649,2025-11-03,27,29,3,13.3,False,0.0,1047.38
6650,2025-11-10,27,8,2,19.3,True,3377.5,1519.88
6651,2025-11-10,27,29,2,16.5,False,0.0,1299.38
6652,2025-11-17,27,12,2,15.1,True,2642.5,1189.12
6653,2025-11-17,27,29,2,17.2,False,0.0,1354.5
6654,2025-11-24,27,12,3,25.3,True,4427.5,1992.38
6655,2025-11-24,27,29,3,8.8,False,0.0,693.0
6656,2025-12-01,27,24,3,19.3,True,3377.5,1519.88
6657,2025-12-01,27,29,3,11.7,False,0.0,921.38
6658,2025-12-08,27,12,1,23.1,True,4042.5,1819.12
6659,2025-12-08,27,29,1,7.2,False,0.0,567.0
6660,2025-12-15,27,16,2,13.6,True,2380.0,1071.0
6661,2025-12-15,27,29,2,12.3,False,0.0,968.62
6662,2025-12-22,27,11,2,19.2,True,3360.0,1512.0
6663,2025-12-22,27,29,2,11.4,False,0.0,897.75
6664,2025-12-29,27,5,2,18.3,True,3202.5,1441.12
6665,2025-12-29,27,29,2,13.1,False,0.0,1031.62
6666,2024-01-01,28,26,1,11.2,True,1848.0,831.6
6667,2024-01-01,28,4,1,22.0,False,0.0,1633.5
6668,2024-01-08,28,27,2,3.5,True,577.5,259.88
6669,2024-01-08,28,3,2,4.4,True,726.0,326.7
6670,2024-01-08,28,4,2,23.5,False,0.0,1744.88
6671,2024-01-15,28,2,2,9.8,True,1617.0,727.65
6672,2024-01-15,28,4,2,24.2,False,0.0,1796.85
6673,2024-01-22,28,6,1,11.4,True,1881.0,846.45
6674,2024-01-22,28,4,1,23.4,False,0.0,1737.45
6675,2024-01-29,28,3,2,10.2,True,1683.0,757.35
6676,2024-01-29,28,4,2,29.0,False,0.0,2153.25
6677,2024-02-05,28,20,2,11.3,True,1864.5,839.03
6678,2024-02-05,28,4,2,25.4,False,0.0,1885.95
6679,2024-02-12,28,3,2,8.6,True,1419.0,638.55
6680,2024-02-12,28,26,2,2.5,True,412.5,185.62
6681,2024-02-12,28,4,2,28.3,False,0.0,2101.28
6682,2024-02-19,28,6,2,11.3,True,1864.5,839.03
6683,2024-02-19,28,4,2,24.6,False,0.0,1826.55
6684,2024-02-26,28,27,2,9.2,True,1518.0,683.1
6685,2024-02-26,28,4,2,22.6,False,0.0,1678.05
6686,2024-03-04,28,18,2,2.3,True,379.5,170.77
6687,2024-03-04,28,20,2,9.7,True,1600.5,720.22
6688,2024-03-04,28,4,2,27.2,False,0.0,2019.6
6689,2024-03-11,28,18,2,10.5,True,1732.5,779.62
6690,2024-03-11,28,4,2,26.4,False,0.0,1960.2
6691,2024-03-18,28,26,1,5.8,True,957.0,430.65
6692,2024-03-18,28,1,1,6.5,True,1072.5,482.62
6693,2024-03-18,28,4,1,26.2,False,0.0,1945.35
6694,2024-03-25,28,27,2,10.2,True,1683.0,757.35
6695,2024-03-25,28,4,2,28.6,False,0.0,2123.55
6696,2024-04-01,28,6,2,8.6,True,1419.0,638.55
6697,2024-04-01,28,4,2,27.3,False,0.0,2027.02
6698,2024-04-08,28,2,1,10.7,True,1765.5,794.47
6699,2024-04-08,28,4,1,23.9,False,0.0,1774.57
6700,2024-04-15,28,6,2,11.0,True,1815.0,816.75
6701,2024-04-15,28,4,2,23.6,False,0.0,1752.3
6702,2024-04-22,28,6,2,8.6,True,1419.0,638.55
6703,2024-04-22,28,4,2,30.5,False,0.0,2264.62
6704,2024-04-29,28,26,2,11.7,True,1930.5,868.72
6705,2024-04-29,28,4,2,25.5,False,0.0,1893.38
6706,2024-05-06,28,26,2,4.6,True,759.0,341.55
6707,2024-05-06,28,20,2,5.1,True,841.5,378.67
6708,2024-05-06,28,4,2,25.3,False,0.0,1878.52
6709,2024-05-13,28,20,1,6.8,True,1122.0,504.9
6710,2024-05-13,28,27,1,3.4,True,561.0,252.45
6711,2024-05-13,28,4,1,24.0,False,0.0,1782.0
6712,2024-05-20,28,2,3,11.0,True,1815.0,816.75
6713,2024-05-20,28,4,3,21.3,False,0.0,1581.52
6714,2024-05-27,28,1,2,1.0,True,165.0,74.25
6715,2024-05-27,28,20,2,10.2,True,1683.0,757.35
6716,2024-05-27,28,4,2,26.1,False,0.0,1937.93
6717,2024-06-03,28,3,2,8.4,True,1386.0,623.7
6718,2024-06-03,28,4,2,20.8,False,0.0,1544.4
6719,2024-06-10,28,1,3,8.1,True,1336.5,601.42
6720,2024-06-10,28,2,3,2.2,True,363.0,163.35
6721,2024-06-10,28,4,3,21.1,False,0.0,1566.68
6722,2024-06-17,28,3,2,5.1,True,841.5,378.67
6723,2024-06-17,28,2,2,2.7,True,445.5,200.48
6724,2024-06-17,28,4,2,24.3,False,0.0,1804.28
6725,2024-06-24,28,26,1,7.7,True,1270.5,571.72
6726,2024-06-24,28,4,1,24.2,False,0.0,1796.85
6727,2024-07-01,28,1,2,4.0,True,660.0,297.0
6728,2024-07-01,28,26,2,2.6,True,429.0,193.05
6729,2024-07-01,28,4,2,13.5,False,0.0,1002.38
6730,2024-07-08,28,20,2,6.1,True,1006.5,452.92
6731,2024-07-08,28,4,2,13.6,False,0.0,1009.8
6732,2024-07-15,28,1,2,5.9,True,973.5,438.08
6733,2024-07-15,28,4,2,14.8,False,0.0,1098.9
6734,2024-07-22,28,6,2,7.5,True,1237.5,556.88
6735,2024-07-22,28,4,2,15.2,False,0.0,1128.6
6736,2024-07-29,28,6,2,6.6,True,1089.0,490.05
6737,2024-07-29,28,4,2,13.2,False,0.0,980.1
6738,2024-08-05,28,26,3,0.6,True,99.0,44.55
6739,2024-08-05,28,27,3,9.1,True,1501.5,675.68
6740,2024-08-05,28,4,3,26.2,False,0.0,1945.35
6741,2024-08-12,28,6,2,11.6,True,1914.0,861.3
6742,2024-08-12,28,4,2,22.8,False,0.0,1692.9
6743,2024-08-19,28,3,2,3.8,True,627.0,282.15
6744,2024-08-19,28,26,2,5.5,True,907.5,408.38
6745,2024-08-19,28,4,2,24.0,False,0.0,1782.0
6746,2024-08-26,28,6,2,8.7,True,1435.5,645.97
6747,2024-08-26,28,4,2,25.7,False,0.0,1908.22
6748,2024-09-02,28,1,2,6.4,True,1056.0,475.2
6749,2024-09-02,28,20,2,5.2,True,858.0,386.1
6750,2024-09-02,28,4,2,24.8,False,0.0,1841.4
6751,2024-09-09,28,1,2,9.5,True,1567.5,705.38
6752,2024-09-09,28,4,2,28.7,False,0.0,2130.98
6753,2024-09-16,28,2,2,5.0,True,825.0,371.25
6754,2024-09-16,28,27,2,4.1,True,676.5,304.42
6755,2024-09-16,28,4,2,27.0,False,0.0,2004.75
6756,2024-09-23,28,1,1,10.4,True,1716.0,772.2
6757,2024-09-23,28,4,1,25.4,False,0.0,1885.95
6758,2024-09-30,28,26,2,11.2,True,1848.0,831.6
6759,2024-09-30,28,4,2,28.2,False,0.0,2093.85
6760,2024-10-07,28,1,1,10.5,True,1732.5,779.62
6761,2024-10-07,28,4,1,27.9,False,0.0,2071.57
6762,2024-10-14,28,20,2,4.4,True,726.0,326.7
6763,2024-10-14,28,6,2,7.0,True,1155.0,519.75
6764,2024-10-14,28,4,2,21.4,False,0.0,1588.95
6765,2024-10-21,28,6,1,10.3,True,1699.5,764.78
6766,2024-10-21,28,4,1,24.8,False,0.0,1841.4
6767,2024-10-28,28,3,1,12.7,True,2095.5,942.97
6768,2024-10-28,28,4,1,27.9,False,0.0,2071.57
6769,2024-11-04,28,1,1,10.2,True,1683.0,757.35
6770,2024-11-04,28,4,1,25.1,False,0.0,1863.68
6771,2024-11-11,28,18,2,11.7,True,1930.5,868.72
6772,2024-11-11,28,4,2,26.0,False,0.0,1930.5
6773,2024-11-18,28,6,1,12.2,True,2013.0,905.85
6774,2024-11-18,28,4,1,28.4,False,0.0,2108.7
6775,2024-11-25,28,3,1,11.4,True,1881.0,846.45
6776,2024-11-25,28,4,1,23.6,False,0.0,1752.3
6777,2024-12-02,28,1,2,8.4,True,1386.0,623.7
6778,2024-12-02,28,4,2,22.4,False,0.0,1663.2
6779,2024-12-09,28,2,1,10.1,True,1666.5,749.92
6780,2024-12-09,28,4,1,21.8,False,0.0,1618.65
6781,2024-12-16,28,20,1,9.7,True,1600.5,720.22
6782,2024-12-16,28,4,1,21.1,False,0.0,1566.68
6783,2024-12-23,28,1,1,3.9,True,643.5,289.58
6784,2024-12-23,28,2,1,3.7,True,610.5,274.73
6785,2024-12-23,28,4,1,21.3,False,0.0,1581.52
6786,2024-12-30,28,2,2,5.2,True,858.0,386.1
6787,2024-12-30,28,3,2,4.1,True,676.5,304.42
6788,2024-12-30,28,4,2,22.6,False,0.0,1678.05
6789,2025-01-06,28,1,2,4.4,True,726.0,326.7
6790,2025-01-06,28,2,2,5.8,True,957.0,430.65
6791,2025-01-06,28,4,2,21.2,False,0.0,1574.1
6792,2025-01-13,28,1,1,10.1,True,1666.5,749.92
6793,2025-01-13,28,4,1,25.5,False,0.0,1893.38
6794,2025-01-20,28,27,1,10.6,True,1749.0,787.05
6795,2025-01-20,28,4,1,20.4,False,0.0,1514.7
6796,2025-01-27,28,27,2,7.0,True,1155.0,519.75
6797,2025-01-27,28,3,2,2.9,True,478.5,215.32
6798,2025-01-27,28,4,2,25.9,False,0.0,1923.07
6799,2025-02-03,28,26,2,5.7,True,940.5,423.22
6800,2025-02-03,28,2,2,3.7,True,610.5,274.73
6801,2025-02-03,28,4,2,26.9,False,0.0,1997.32
6802,2025-02-10,28,26,2,9.6,True,1584.0,712.8
6803,2025-02-10,28,4,2,25.7,False,0.0,1908.22
6804,2025-02-17,28,3,1,2.1,True,346.5,155.93
6805,2025-02-17,28,18,1,8.3,True,1369.5,616.28
6806,2025-02-17,28,4,1,23.6,False,0.0,1752.3
6807,2025-02-24,28,18,2,3.2,True,528.0,237.6
6808,2025-02-24,28,20,2,4.9,True,808.5,363.83
6809,2025-02-24,28,4,2,23.4,False,0.0,1737.45
6810,2025-03-03,28,18,2,6.9,True,1138.5,512.33
6811,2025-03-03,28,1,2,1.5,True,247.5,111.38
6812,2025-03-03,28,4,2,24.3,False,0.0,1804.28
6813,2025-03-10,28,26,2,10.8,True,1782.0,801.9
6814,2025-03-10,28,4,2,25.3,False,0.0,1878.52
6815,2025-03-17,28,3,2,8.3,True,1369.5,616.28
6816,2025-03-17,28,4,2,29.3,False,0.0,2175.52
6817,2025-03-24,28,2,2,10.8,True,1782.0,801.9
6818,2025-03-24,28,4,2,29.8,False,0.0,2212.65
6819,2025-03-31,28,2,2,8.2,True,1353.0,608.85
6820,2025-03-31,28,4,2,24.1,False,0.0,1789.43
6821,2025-04-07,28,26,2,10.1,True,1666.5,749.92
6822,2025-04-07,28,4,2,26.7,False,0.0,1982.48
6823,2025-04-14,28,3,2,9.4,True,1551.0,697.95
6824,2025-04-14,28,4,2,26.7,False,0.0,1982.48
6825,2025-04-21,28,6,2,8.9,True,1468.5,660.82
6826,2025-04-21,28,4,2,24.9,False,0.0,1848.82
6827,2025-04-28,28,6,1,9.5,True,1567.5,705.38
6828,2025-04-28,28,3,1,1.8,True,297.0,133.65
6829,2025-04-28,28,4,1,25.7,False,0.0,1908.22
6830,2025-05-05,28,18,2,3.4,True,561.0,252.45
6831,2025-05-05,28,3,2,8.1,True,1336.5,601.42
6832,2025-05-05,28,4,2,27.5,False,0.0,2041.88
6833,2025-05-12,28,6,2,10.4,True,1716.0,772.2
6834,2025-05-12,28,4,2,26.9,False,0.0,1997.32
6835,2025-05-19,28,27,2,12.2,True,2013.0,905.85
6836,2025-05-19,28,4,2,26.9,False,0.0,1997.32
6837,2025-05-26,28,1,2,9.6,True,1584.0,712.8
6838,2025-05-26,28,4,2,28.5,False,0.0,2116.12
6839,2025-06-02,28,20,2,8.2,True,1353.0,608.85
6840,2025-06-02,28,4,2,24.6,False,0.0,1826.55
6841,2025-06-09,28,27,2,0.7,True,115.5,51.97
6842,2025-06-09,28,26,2,7.2,True,1188.0,534.6
6843,2025-06-09,28,4,2,22.8,False,0.0,1692.9
6844,2025-06-16,28,27,2,10.5,True,1732.5,779.62
6845,2025-06-16,28,4,2,21.9,False,0.0,1626.07
6846,2025-06-23,28,3,2,8.1,True,1336.5,601.42
6847,2025-06-23,28,26,2,3.0,True,495.0,222.75
6848,2025-06-23,28,4,2,22.2,False,0.0,1648.35
6849,2025-06-30,28,20,1,9.5,True,1567.5,705.38
6850,2025-06-30,28,4,1,22.2,False,0.0,1648.35
6851,2025-07-07,28,3,1,0.7,True,115.5,51.97
6852,2025-07-07,28,27,1,5.0,True,825.0,371.25
6853,2025-07-07,28,4,1,15.6,False,0.0,1158.3
6854,2025-07-14,28,20,2,5.3,True,874.5,393.52
6855,2025-07-14,28,4,2,14.1,False,0.0,1046.92
6856,2025-07-21,28,26,2,6.0,True,990.0,445.5
6857,2025-07-21,28,4,2,13.6,False,0.0,1009.8
6858,2025-07-28,28,18,1,5.7,True,940.5,423.22
6859,2025-07-28,28,20,1,0.6,True,99.0,44.55
6860,2025-07-28,28,4,1,12.9,False,0.0,957.82
6861,2025-08-04,28,1,2,3.7,True,610.5,274.73
6862,2025-08-04,28,18,2,5.5,True,907.5,408.38
6863,2025-08-04,28,4,2,20.9,False,0.0,1551.82
6864,2025-08-11,28,27,1,10.5,True,1732.5,779.62
6865,2025-08-11,28,4,1,24.7,False,0.0,1833.98
6866,2025-08-18,28,26,2,2.4,True,396.0,178.2
6867,2025-08-18,28,18,2,5.6,True,924.0,415.8
6868,2025-08-18,28,4,2,20.6,False,0.0,1529.55
6869,2025-08-25,28,18,2,11.0,True,1815.0,816.75
6870,2025-08-25,28,4,2,23.4,False,0.0,1737.45
6871,2025-09-01,28,27,2,10.2,True,1683.0,757.35
6872,2025-09-01,28,4,2,26.4,False,0.0,1960.2
6873,2025-09-08,28,27,2,8.3,True,1369.5,616.28
6874,2025-09-08,28,4,2,28.1,False,0.0,2086.43
6875,2025-09-15,28,2,2,10.2,True,1683.0,757.35
6876,2025-09-15,28,4,2,26.7,False,0.0,1982.48
6877,2025-09-22,28,27,2,11.5,True,1897.5,853.88
6878,2025-09-22,28,4,2,28.1,False,0.0,2086.43
6879,2025-09-29,28,3,2,8.1,True,1336.5,601.42
6880,2025-09-29,28,4,2,28.4,False,0.0,2108.7
6881,2025-10-06,28,2,2,4.7,True,775.5,348.98
6882,2025-10-06,28,6,2,5.2,True,858.0,386.1
6883,2025-10-06,28,4,2,24.1,False,0.0,1789.43
6884,2025-10-13,28,20,2,9.0,True,1485.0,668.25
6885,2025-10-13,28,4,2,25.4,False,0.0,1885.95
6886,2025-10-20,28,18,1,7.9,True,1303.5,586.58
6887,2025-10-20,28,27,1,2.5,True,412.5,185.62
6888,2025-10-20,28,4,1,28.8,False,0.0,2138.4
6889,2025-10-27,28,20,1,10.6,True,1749.0,787.05
6890,2025-10-27,28,4,1,25.3,False,0.0,1878.52
6891,2025-11-03,28,2,2,8.5,True,1402.5,631.12
6892,2025-11-03,28,4,2,24.0,False,0.0,1782.0
6893,2025-11-10,28,18,1,10.2,True,1683.0,757.35
6894,2025-11-10,28,4,1,26.1,False,0.0,1937.93
6895,2025-11-17,28,2,3,11.8,True,1947.0,876.15
6896,2025-11-17,28,4,3,21.3,False,0.0,1581.52
6897,2025-11-24,28,26,2,6.6,True,1089.0,490.05
6898,2025-11-24,28,2,2,3.4,True,561.0,252.45
6899,2025-11-24,28,4,2,28.8,False,0.0,2138.4
6900,2025-12-01,28,6,2,7.3,True,1204.5,542.02
6901,2025-12-01,28,4,2,22.4,False,0.0,1663.2
6902,2025-12-08,28,1,2,7.9,True,1303.5,586.58
6903,2025-12-08,28,4,2,19.0,False,0.0,1410.75
6904,2025-12-15,28,18,2,9.6,True,1584.0,712.8
6905,2025-12-15,28,4,2,21.3,False,0.0,1581.52
6906,2025-12-22,28,18,2,6.1,True,1006.5,452.92
6907,2025-12-22,28,4,2,22.3,False,0.0,1655.78
6908,2025-12-29,28,18,2,8.3,True,1369.5,616.28
6909,2025-12-29,28,4,2,22.8,False,0.0,1692.9
6910,2024-01-01,29,25,1,34.2,True,3249.0,1462.05
6911,2024-01-01,29,29,1,5.0,False,0.0,213.75
6912,2024-01-08,29,11,2,14.9,True,1415.5,636.98
6913,2024-01-08,29,16,2,7.9,True,750.5,337.72
6914,2024-01-08,29,29,2,13.6,False,0.0,581.4
6915,2024-01-15,29,25,2,28.4,True,2698.0,1214.1
6916,2024-01-15,29,29,2,6.7,False,0.0,286.42
6917,2024-01-22,29,8,3,34.9,True,3315.5,1491.98
6918,2024-01-22,29,29,3,0.7,False,0.0,29.92
6919,2024-01-29,29,11,1,25.3,True,2403.5,1081.58
6920,2024-01-29,29,29,1,8.2,False,0.0,350.55
6921,2024-02-05,29,16,2,10.7,True,1016.5,457.42
6922,2024-02-05,29,11,2,15.8,True,1501.0,675.45
6923,2024-02-05,29,29,2,8.5,False,0.0,363.38
6924,2024-02-12,29,10,1,34.9,True,3315.5,1491.98
6925,2024-02-12,29,29,1,2.7,False,0.0,115.43
6926,2024-02-19,29,22,1,29.6,True,2812.0,1265.4
6927,2024-02-19,29,29,1,6.3,False,0.0,269.32
6928,2024-02-26,29,24,2,28.2,True,2679.0,1205.55
6929,2024-02-26,29,29,2,6.2,False,0.0,265.05
6930,2024-03-04,29,12,2,5.5,True,522.5,235.12
6931,2024-03-04,29,16,2,24.5,True,2327.5,1047.38
6932,2024-03-04,29,29,2,4.6,False,0.0,196.65
6933,2024-03-11,29,8,1,27.8,True,2641.0,1188.45
6934,2024-03-11,29,29,1,3.0,False,0.0,128.25
6935,2024-03-18,29,16,1,31.3,True,2973.5,1338.08
6936,2024-03-18,29,29,1,5.1,False,0.0,218.02
6937,2024-03-25,29,11,1,24.1,True,2289.5,1030.28
6938,2024-03-25,29,24,1,10.4,True,988.0,444.6
6939,2024-03-25,29,29,1,0.7,False,0.0,29.92
6940,2024-04-01,29,11,3,29.3,True,2783.5,1252.58
6941,2024-04-01,29,29,3,7.6,False,0.0,324.9
6942,2024-04-08,29,12,1,24.9,True,2365.5,1064.47
6943,2024-04-08,29,25,1,0.7,True,66.5,29.92
6944,2024-04-08,29,29,1,7.9,False,0.0,337.72
6945,2024-04-15,29,10,1,26.6,True,2527.0,1137.15
6946,2024-04-15,29,29,1,7.4,False,0.0,316.35
6947,2024-04-22,29,12,3,33.4,True,3173.0,1427.85
6948,2024-04-22,29,29,3,0.6,False,0.0,25.65
6949,2024-04-29,29,12,1,33.5,True,3182.5,1432.12
6950,2024-04-29,29,29,1,2.3,False,0.0,98.32
6951,2024-05-06,29,25,3,11.4,True,1083.0,487.35
6952,2024-05-06,29,12,3,23.1,True,2194.5,987.53
6953,2024-05-06,29,29,3,1.9,False,0.0,81.22
6954,2024-05-13,29,8,2,22.4,True,2128.0,957.6
6955,2024-05-13,29,24,2,6.9,True,655.5,294.98
6956,2024-05-13,29,29,2,10.2,False,0.0,436.05
6957,2024-05-20,29,16,2,31.9,True,3030.5,1363.72
6958,2024-05-20,29,29,2,5.0,False,0.0,213.75
6959,2024-05-27,29,10,2,12.8,True,1216.0,547.2
6960,2024-05-27,29,21,2,14.3,True,1358.5,611.33
6961,2024-05-27,29,29,2,10.5,False,0.0,448.88
6962,2024-06-03,29,10,2,29.8,True,2831.0,1273.95
6963,2024-06-03,29,29,2,1.1,False,0.0,47.03
6964,2024-06-10,29,24,2,1.4,True,133.0,59.85
6965,2024-06-10,29,16,2,21.2,True,2014.0,906.3
6966,2024-06-10,29,29,2,9.0,False,0.0,384.75
6967,2024-06-17,29,5,1,27.1,True,2574.5,1158.53
6968,2024-06-17,29,16,1,3.4,True,323.0,145.35
6969,2024-06-17,29,29,1,4.5,False,0.0,192.38
6970,2024-06-24,29,5,2,29.0,True,2755.0,1239.75
6971,2024-06-24,29,29,2,6.6,False,0.0,282.15
6972,2024-07-01,29,25,2,9.1,True,864.5,389.02
6973,2024-07-01,29,12,2,4.4,True,418.0,188.1
6974,2024-07-01,29,29,2,5.3,False,0.0,226.58
6975,2024-07-08,29,21,2,14.0,True,1330.0,598.5
6976,2024-07-08,29,22,2,4.2,True,399.0,179.55
6977,2024-07-08,29,29,2,2.8,False,0.0,119.7
6978,2024-07-15,29,10,2,15.9,True,1510.5,679.72
6979,2024-07-15,29,29,2,5.0,False,0.0,213.75
6980,2024-07-22,29,5,2,10.0,True,950.0,427.5
6981,2024-07-22,29,25,2,5.8,True,551.0,247.95
6982,2024-07-22,29,29,2,4.4,False,0.0,188.1
6983,2024-07-29,29,5,2,16.1,True,1529.5,688.28
6984,2024-07-29,29,29,2,2.4,False,0.0,102.6
6985,2024-08-05,29,21,3,24.9,True,2365.5,1064.47
6986,2024-08-05,29,29,3,7.0,False,0.0,299.25
6987,2024-08-12,29,8,3,18.3,True,1738.5,782.32
6988,2024-08-12,29,25,3,10.4,True,988.0,444.6
6989,2024-08-12,29,29,3,3.2,False,0.0,136.8
6990,2024-08-19,29,5,2,23.7,True,2251.5,1013.18
6991,2024-08-19,29,29,2,11.8,False,0.0,504.45
6992,2024-08-26,29,10,2,30.2,True,2869.0,1291.05
6993,2024-08-26,29,21,2,2.5,True,237.5,106.88
6994,2024-08-26,29,29,2,3.1,False,0.0,132.52
6995,2024-09-02,29,25,1,30.5,True,2897.5,1303.88
6996,2024-09-02,29,29,1,5.6,False,0.0,239.4
6997,2024-09-09,29,21,2,26.8,True,2546.0,1145.7
6998,2024-09-09,29,29,2,8.8,False,0.0,376.2
6999,2024-09-16,29,8,1,18.1,True,1719.5,773.78
7000,2024-09-16,29,5,1,15.7,True,1491.5,671.18
7001,2024-09-16,29,29,1,5.6,False,0.0,239.4
7002,2024-09-23,29,5,2,28.5,True,2707.5,1218.38
7003,2024-09-23,29,29,2,9.1,False,0.0,389.02
7004,2024-09-30,29,11,2,29.3,True,2783.5,1252.58
7005,2024-09-30,29,29,2,4.0,False,0.0,171.0
7006,2024-10-07,29,5,2,29.8,True,2831.0,1273.95
7007,2024-10-07,29,29,2,6.0,False,0.0,256.5
7008,2024-10-14,29,5,3,9.2,True,874.0,393.3
7009,2024-10-14,29,12,3,23.2,True,2204.0,991.8
7010,2024-10-14,29,29,3,1.3,False,0.0,55.58
7011,2024-10-21,29,5,2,31.3,True,2973.5,1338.08
7012,2024-10-21,29,29,2,5.0,False,0.0,213.75
7013,2024-10-28,29,12,3,34.9,True,3315.5,1491.98
7014,2024-10-28,29,29,3,0.8,False,0.0,34.2
7015,2024-11-04,29,8,1,28.2,True,2679.0,1205.55
7016,2024-11-04,29,29,1,10.5,False,0.0,448.88
7017,2024-11-11,29,5,2,24.4,True,2318.0,1043.1
7018,2024-11-11,29,29,2,9.1,False,0.0,389.02
7019,2024-11-18,29,5,1,25.8,True,2451.0,1102.95
7020,2024-11-18,29,29,1,7.2,False,0.0,307.8
7021,2024-11-25,29,8,2,27.7,True,2631.5,1184.18
7022,2024-11-25,29,29,2,7.2,False,0.0,307.8
7023,2024-12-02,29,5,2,18.9,True,1795.5,807.97
7024,2024-12-02,29,29,2,8.9,False,0.0,380.48
7025,2024-12-09,29,21,2,24.6,True,2337.0,1051.65
7026,2024-12-09,29,29,2,2.9,False,0.0,123.98
7027,2024-12-16,29,8,1,22.5,True,2137.5,961.88
7028,2024-12-16,29,29,1,6.7,False,0.0,286.42
7029,2024-12-23,29,11,2,25.0,True,2375.0,1068.75
7030,2024-12-23,29,29,2,5.2,False,0.0,222.3
7031,2024-12-30,29,22,2,7.8,True,741.0,333.45
7032,2024-12-30,29,16,2,18.1,True,1719.5,773.78
7033,2024-12-30,29,29,2,5.1,False,0.0,218.02
7034,2025-01-06,29,11,2,28.7,True,2726.5,1226.92
7035,2025-01-06,29,29,2,9.6,False,0.0,410.4
7036,2025-01-13,29,22,2,25.0,True,2375.0,1068.75
7037,2025-01-13,29,29,2,9.7,False,0.0,414.67
7038,2025-01-20,29,21,2,27.6,True,2622.0,1179.9
7039,2025-01-20,29,29,2,6.5,False,0.0,277.88
7040,2025-01-27,29,21,2,26.7,True,2536.5,1141.42
7041,2025-01-27,29,29,2,10.7,False,0.0,457.42
7042,2025-02-03,29,24,2,30.0,True,2850.0,1282.5
7043,2025-02-03,29,29,2,5.2,False,0.0,222.3
7044,2025-02-10,29,25,1,29.5,True,2802.5,1261.12
7045,2025-02-10,29,29,1,4.2,False,0.0,179.55
7046,2025-02-17,29,12,2,12.0,True,1140.0,513.0
7047,2025-02-17,29,24,2,15.1,True,1434.5,645.52
7048,2025-02-17,29,29,2,9.7,False,0.0,414.67
7049,2025-02-24,29,22,1,23.4,True,2223.0,1000.35
7050,2025-02-24,29,29,1,9.0,False,0.0,384.75
7051,2025-03-03,29,21,2,34.9,True,3315.5,1491.98
7052,2025-03-03,29,29,2,5.5,False,0.0,235.12
7053,2025-03-10,29,21,2,28.8,True,2736.0,1231.2
7054,2025-03-10,29,29,2,9.1,False,0.0,389.02
7055,2025-03-17,29,16,2,30.0,True,2850.0,1282.5
7056,2025-03-17,29,29,2,8.1,False,0.0,346.28
7057,2025-03-24,29,24,2,24.4,True,2318.0,1043.1
7058,2025-03-24,29,12,2,2.4,True,228.0,102.6
7059,2025-03-24,29,29,2,7.8,False,0.0,333.45
7060,2025-03-31,29,22,1,26.2,True,2489.0,1120.05
7061,2025-03-31,29,29,1,7.0,False,0.0,299.25
7062,2025-04-07,29,11,2,25.4,True,2413.0,1085.85
7063,2025-04-07,29,29,2,8.6,False,0.0,367.65
7064,2025-04-14,29,12,3,22.3,True,2118.5,953.32
7065,2025-04-14,29,8,3,6.6,True,627.0,282.15
7066,2025-04-14,29,29,3,5.9,False,0.0,252.23
7067,2025-04-21,29,24,1,5.3,True,503.5,226.58
7068,2025-04-21,29,12,1,18.3,True,1738.5,782.32
7069,2025-04-21,29,29,1,9.3,False,0.0,397.58
7070,2025-04-28,29,22,2,18.4,True,1748.0,786.6
7071,2025-04-28,29,16,2,5.0,True,475.0,213.75
7072,2025-04-28,29,29,2,9.7,False,0.0,414.67
7073,2025-05-05,29,8,2,32.2,True,3059.0,1376.55
7074,2025-05-05,29,29,2,3.2,False,0.0,136.8
7075,2025-05-12,29,25,1,27.6,True,2622.0,1179.9
7076,2025-05-12,29,29,1,9.2,False,0.0,393.3
7077,2025-05-19,29,25,1,30.9,True,2935.5,1320.98
7078,2025-05-19,29,29,1,8.5,False,0.0,363.38
7079,2025-05-26,29,22,2,26.5,True,2517.5,1132.88
7080,2025-05-26,29,29,2,10.3,False,0.0,440.33
7081,2025-06-02,29,22,1,29.6,True,2812.0,1265.4
7082,2025-06-02,29,29,1,4.1,False,0.0,175.27
7083,2025-06-09,29,5,1,25.4,True,2413.0,1085.85
7084,2025-06-09,29,29,1,5.9,False,0.0,252.23
7085,2025-06-16,29,5,1,14.6,True,1387.0,624.15
7086,2025-06-16,29,16,1,10.2,True,969.0,436.05
7087,2025-06-16,29,29,1,8.4,False,0.0,359.1
7088,2025-06-23,29,8,2,3.3,True,313.5,141.07
7089,2025-06-23,29,22,2,21.3,True,2023.5,910.58
7090,2025-06-23,29,29,2,8.6,False,0.0,367.65
7091,2025-06-30,29,24,2,8.5,True,807.5,363.38
7092,2025-06-30,29,25,2,16.5,True,1567.5,705.38
7093,2025-06-30,29,29,2,10.2,False,0.0,436.05
7094,2025-07-07,29,12,1,14.0,True,1330.0,598.5
7095,2025-07-07,29,29,1,4.4,False,0.0,188.1
7096,2025-07-14,29,10,1,9.4,True,893.0,401.85
7097,2025-07-14,29,24,1,8.2,True,779.0,350.55
7098,2025-07-14,29,29,1,2.8,False,0.0,119.7
7099,2025-07-21,29,11,2,3.1,True,294.5,132.52
7100,2025-07-21,29,10,2,14.3,True,1358.5,611.33
7101,2025-07-21,29,29,2,3.9,False,0.0,166.72
7102,2025-07-28,29,10,1,21.0,True,1995.0,897.75
7103,2025-08-04,29,22,2,8.1,True,769.5,346.28
7104,2025-08-04,29,21,2,17.0,True,1615.0,726.75
7105,2025-08-04,29,29,2,8.4,False,0.0,359.1
7106,2025-08-11,29,10,3,7.0,True,665.0,299.25
7107,2025-08-11,29,24,3,21.8,True,2071.0,931.95
7108,2025-08-11,29,29,3,7.0,False,0.0,299.25
7109,2025-08-18,29,5,1,10.2,True,969.0,436.05
7110,2025-08-18,29,21,1,18.0,True,1710.0,769.5
7111,2025-08-18,29,29,1,6.8,False,0.0,290.7
7112,2025-08-25,29,25,2,1.3,True,123.5,55.58
7113,2025-08-25,29,8,2,25.2,True,2394.0,1077.3
7114,2025-08-25,29,29,2,6.4,False,0.0,273.6
7115,2025-09-01,29,12,2,30.5,True,2897.5,1303.88
7116,2025-09-01,29,29,2,6.3,False,0.0,269.32
7117,2025-09-08,29,16,2,24.4,True,2318.0,1043.1
7118,2025-09-08,29,29,2,12.7,False,0.0,542.92
7119,2025-09-15,29,25,2,22.7,True,2156.5,970.42
7120,2025-09-15,29,10,2,0.8,True,76.0,34.2
7121,2025-09-15,29,29,2,14.6,False,0.0,624.15
7122,2025-09-22,29,11,2,25.8,True,2451.0,1102.95
7123,2025-09-22,29,29,2,7.4,False,0.0,316.35
7124,2025-09-29,29,21,2,0.7,True,66.5,29.92
7125,2025-09-29,29,12,2,32.2,True,3059.0,1376.55
7126,2025-09-29,29,29,2,6.0,False,0.0,256.5
7127,2025-10-06,29,8,2,26.9,True,2555.5,1149.97
7128,2025-10-06,29,29,2,8.0,False,0.0,342.0
7129,2025-10-13,29,16,1,30.4,True,2888.0,1299.6
7130,2025-10-13,29,29,1,7.2,False,0.0,307.8
7131,2025-10-20,29,24,2,14.4,True,1368.0,615.6
7132,2025-10-20,29,22,2,20.3,True,1928.5,867.82
7133,2025-10-20,29,29,2,4.2,False,0.0,179.55
7134,2025-10-27,29,5,2,30.0,True,2850.0,1282.5
7135,2025-10-27,29,29,2,6.4,False,0.0,273.6
7136,2025-11-03,29,8,1,25.8,True,2451.0,1102.95
7137,2025-11-03,29,29,1,8.6,False,0.0,367.65
7138,2025-11-10,29,21,2,24.4,True,2318.0,1043.1
7139,2025-11-10,29,29,2,8.8,False,0.0,376.2
7140,2025-11-17,29,8,2,30.6,True,2907.0,1308.15
7141,2025-11-17,29,29,2,6.4,False,0.0,273.6
7142,2025-11-24,29,16,2,26.5,True,2517.5,1132.88
7143,2025-11-24,29,29,2,10.4,False,0.0,444.6
7144,2025-12-01,29,16,2,1.6,True,152.0,68.4
7145,2025-12-01,29,22,2,15.0,True,1425.0,641.25
7146,2025-12-01,29,29,2,12.4,False,0.0,530.1
7147,2025-12-08,29,25,2,22.6,True,2147.0,966.15
7148,2025-12-08,29,29,2,4.7,False,0.0,200.92
7149,2025-12-15,29,8,2,22.7,True,2156.5,970.42
7150,2025-12-15,29,29,2,7.7,False,0.0,329.18
7151,2025-12-22,29,10,2,17.8,True,1691.0,760.95
7152,2025-12-22,29,29,2,12.8,False,0.0,547.2
7153,2025-12-29,29,5,2,27.2,True,2584.0,1162.8
7154,2025-12-29,29,29,2,3.3,False,0.0,141.07
7155,2024-01-01,30,9,1,18.1,True,1352.98,608.88
7156,2024-01-01,30,30,1,15.1,False,0.0,507.96
7157,2024-01-08,30,7,2,19.2,True,1435.2,645.89
7158,2024-01-08,30,30,2,16.1,False,0.0,541.6
7159,2024-01-15,30,9,1,18.5,True,1382.88,622.34
7160,2024-01-15,30,30,1,10.6,False,0.0,356.58
7161,2024-01-22,30,9,1,18.3,True,1367.92,615.61
7162,2024-01-22,30,30,1,14.7,False,0.0,494.51
7163,2024-01-29,30,7,2,20.6,True,1539.85,692.98
7164,2024-01-29,30,30,2,16.7,False,0.0,561.79
7165,2024-02-05,30,28,1,1.6,True,119.6,53.82
7166,2024-02-05,30,13,1,17.6,True,1315.6,592.06
7167,2024-02-05,30,30,1,11.5,False,0.0,386.86
7168,2024-02-12,30,9,3,14.4,True,1076.4,484.42
7169,2024-02-12,30,28,3,8.5,True,635.38,285.94
7170,2024-02-12,30,30,3,11.7,False,0.0,393.59
7171,2024-02-19,30,9,2,23.2,True,1734.2,780.45
7172,2024-02-19,30,30,2,12.3,False,0.0,413.77
7173,2024-02-26,30,7,2,22.9,True,1711.78,770.36
7174,2024-02-26,30,30,2,14.8,False,0.0,497.87
7175,2024-03-04,30,9,2,17.5,True,1308.12,588.7
7176,2024-03-04,30,30,2,13.3,False,0.0,447.41
7177,2024-03-11,30,13,1,21.3,True,1592.18,716.53
7178,2024-03-11,30,28,1,1.6,True,119.6,53.82
7179,2024-03-11,30,30,1,15.2,False,0.0,511.33
7180,2024-03-18,30,28,1,20.5,True,1532.38,689.62
7181,2024-03-18,30,30,1,18.3,False,0.0,615.61
7182,2024-03-25,30,13,1,20.0,True,1495.0,672.8
7183,2024-03-25,30,30,1,16.6,False,0.0,558.42
7184,2024-04-01,30,9,1,17.9,True,1338.02,602.16
7185,2024-04-01,30,13,1,4.0,True,299.0,134.56
7186,2024-04-01,30,30,1,14.6,False,0.0,491.14
7187,2024-04-08,30,9,3,24.6,True,1838.85,827.54
7188,2024-04-08,30,30,3,9.4,False,0.0,316.22
7189,2024-04-15,30,13,2,18.4,True,1375.4,618.98
7190,2024-04-15,30,28,2,3.5,True,261.62,117.74
7191,2024-04-15,30,30,2,13.0,False,0.0,437.32
7192,2024-04-22,30,28,2,9.4,True,702.65,316.22
7193,2024-04-22,30,9,2,9.9,True,740.02,333.04
7194,2024-04-22,30,30,2,15.4,False,0.0,518.06
7195,2024-04-29,30,9,2,18.6,True,1390.35,625.7
7196,2024-04-29,30,30,2,15.3,False,0.0,514.69
7197,2024-05-06,30,7,2,9.0,True,672.75,302.76
7198,2024-05-06,30,9,2,12.0,True,897.0,403.68
7199,2024-05-06,30,30,2,13.4,False,0.0,450.78
7200,2024-05-13,30,7,2,18.2,True,1360.45,612.25
7201,2024-05-13,30,30,2,14.2,False,0.0,477.69
7202,2024-05-20,30,9,1,27.9,True,2085.52,938.56
7203,2024-05-20,30,30,1,11.3,False,0.0,380.13
7204,2024-05-27,30,7,2,26.0,True,1943.5,874.64
7205,2024-05-27,30,30,2,10.4,False,0.0,349.86
7206,2024-06-03,30,7,2,6.7,True,500.82,225.39
7207,2024-06-03,30,13,2,9.5,True,710.12,319.58
7208,2024-06-03,30,30,2,14.8,False,0.0,497.87
7209,2024-06-10,30,13,1,15.7,True,1173.58,528.15
7210,2024-06-10,30,30,1,16.4,False,0.0,551.7
7211,2024-06-17,30,28,1,13.5,True,1009.12,454.14
7212,2024-06-17,30,13,1,5.6,True,418.6,188.38
7213,2024-06-17,30,30,1,13.4,False,0.0,450.78
7214,2024-06-24,30,9,1,18.2,True,1360.45,612.25
7215,2024-06-24,30,30,1,11.2,False,0.0,376.77
7216,2024-07-01,30,7,2,14.0,True,1046.5,470.96
7217,2024-07-01,30,30,2,6.6,False,0.0,222.02
7218,2024-07-08,30,9,2,11.2,True,837.2,376.77
7219,2024-07-08,30,30,2,10.1,False,0.0,339.76
7220,2024-07-15,30,9,3,10.1,True,754.98,339.76
7221,2024-07-15,30,13,3,1.8,True,134.55,60.55
7222,2024-07-15,30,30,3,6.8,False,0.0,228.75
7223,2024-07-22,30,9,2,1.6,True,119.6,53.82
7224,2024-07-22,30,13,2,8.0,True,598.0,269.12
7225,2024-07-22,30,30,2,8.2,False,0.0,275.85
7226,2024-07-29,30,7,2,11.0,True,822.25,370.04
7227,2024-07-29,30,30,2,9.1,False,0.0,306.12
7228,2024-08-05,30,9,2,14.8,True,1106.3,497.87
7229,2024-08-05,30,30,2,13.8,False,0.0,464.23
7230,2024-08-12,30,13,1,19.8,True,1480.05,666.07
7231,2024-08-12,30,30,1,14.8,False,0.0,497.87
7232,2024-08-19,30,13,1,7.6,True,568.1,255.66
7233,2024-08-19,30,9,1,15.9,True,1188.53,534.88
7234,2024-08-19,30,30,1,12.0,False,0.0,403.68
7235,2024-08-26,30,28,2,18.6,True,1390.35,625.7
7236,2024-08-26,30,30,2,13.2,False,0.0,444.05
7237,2024-09-02,30,9,2,23.0,True,1719.25,773.72
7238,2024-09-02,30,30,2,13.9,False,0.0,467.6
7239,2024-09-09,30,28,1,12.5,True,934.38,420.5
7240,2024-09-09,30,7,1,4.2,True,313.95,141.29
7241,2024-09-09,30,30,1,19.8,False,0.0,666.07
7242,2024-09-16,30,28,2,7.3,True,545.67,245.57
7243,2024-09-16,30,7,2,14.7,True,1098.82,494.51
7244,2024-09-16,30,30,2,14.2,False,0.0,477.69
7245,2024-09-23,30,7,2,10.6,True,792.35,356.58
7246,2024-09-23,30,9,2,9.9,True,740.02,333.04
7247,2024-09-23,30,30,2,15.3,False,0.0,514.69
7248,2024-09-30,30,7,2,11.9,True,889.52,400.32
7249,2024-09-30,30,28,2,8.0,True,598.0,269.12
7250,2024-09-30,30,30,2,16.1,False,0.0,541.6
7251,2024-10-07,30,7,2,5.5,True,411.12,185.02
7252,2024-10-07,30,13,2,17.6,True,1315.6,592.06
7253,2024-10-07,30,30,2,14.1,False,0.0,474.32
7254,2024-10-14,30,28,2,18.1,True,1352.98,608.88
7255,2024-10-14,30,30,2,17.8,False,0.0,598.79
7256,2024-10-21,30,7,2,24.8,True,1853.8,834.27
7257,2024-10-21,30,30,2,14.9,False,0.0,501.24
7258,2024-10-28,30,13,1,13.2,True,986.7,444.05
7259,2024-10-28,30,9,1,5.9,True,441.02,198.48
7260,2024-10-28,30,30,1,16.2,False,0.0,544.97
7261,2024-11-04,30,28,2,25.8,True,1928.55,867.91
7262,2024-11-04,30,30,2,10.6,False,0.0,356.58
7263,2024-11-11,30,7,2,2.2,True,164.45,74.01
7264,2024-11-11,30,9,2,14.9,True,1113.78,501.24
7265,2024-11-11,30,30,2,18.6,False,0.0,625.7
7266,2024-11-18,30,9,2,15.5,True,1158.62,521.42
7267,2024-11-18,30,30,2,19.1,False,0.0,642.52
7268,2024-11-25,30,9,1,5.9,True,441.02,198.48
7269,2024-11-25,30,13,1,18.0,True,1345.5,605.52
7270,2024-11-25,30,30,1,13.0,False,0.0,437.32
7271,2024-12-02,30,7,1,4.4,True,328.9,148.02
7272,2024-12-02,30,13,1,13.3,True,994.18,447.41
7273,2024-12-02,30,30,1,9.0,False,0.0,302.76
7274,2024-12-09,30,9,2,13.2,True,986.7,444.05
7275,2024-12-09,30,28,2,2.9,True,216.78,97.56
7276,2024-12-09,30,30,2,14.1,False,0.0,474.32
7277,2024-12-16,30,13,2,15.7,True,1173.58,528.15
7278,2024-12-16,30,30,2,14.0,False,0.0,470.96
7279,2024-12-23,30,7,1,17.3,True,1293.18,581.97
7280,2024-12-23,30,30,1,13.7,False,0.0,460.87
7281,2024-12-30,30,9,2,2.8,True,209.3,94.19
7282,2024-12-30,30,28,2,15.3,True,1143.68,514.69
7283,2024-12-30,30,30,2,8.2,False,0.0,275.85
7284,2025-01-06,30,13,1,19.3,True,1442.68,649.25
7285,2025-01-06,30,9,1,1.9,True,142.02,63.92
7286,2025-01-06,30,30,1,13.9,False,0.0,467.6
7287,2025-01-13,30,7,1,21.9,True,1637.02,736.72
7288,2025-01-13,30,30,1,15.7,False,0.0,528.15
7289,2025-01-20,30,28,2,1.3,True,97.18,43.73
7290,2025-01-20,30,9,2,21.3,True,1592.18,716.53
7291,2025-01-20,30,30,2,12.1,False,0.0,407.04
7292,2025-01-27,30,28,1,21.9,True,1637.02,736.72
7293,2025-01-27,30,30,1,15.6,False,0.0,524.78
7294,2025-02-03,30,7,2,16.6,True,1240.85,558.42
7295,2025-02-03,30,30,2,14.1,False,0.0,474.32
7296,2025-02-10,30,7,3,23.4,True,1749.15,787.18
7297,2025-02-10,30,30,3,12.4,False,0.0,417.14
7298,2025-02-17,30,9,1,1.3,True,97.18,43.73
7299,2025-02-17,30,28,1,22.4,True,1674.4,753.54
7300,2025-02-17,30,30,1,14.5,False,0.0,487.78
7301,2025-02-24,30,28,1,22.6,True,1689.35,760.26
7302,2025-02-24,30,30,1,15.8,False,0.0,531.51
7303,2025-03-03,30,28,1,20.4,True,1524.9,686.26
7304,2025-03-03,30,30,1,14.8,False,0.0,497.87
7305,2025-03-10,30,28,1,18.8,True,1405.3,632.43
7306,2025-03-10,30,30,1,15.8,False,0.0,531.51
7307,2025-03-17,30,13,2,18.9,True,1412.78,635.8
7308,2025-03-17,30,30,2,20.6,False,0.0,692.98
7309,2025-03-24,30,28,2,0.9,True,67.28,30.28
7310,2025-03-24,30,7,2,13.3,True,994.18,447.41
7311,2025-03-24,30,30,2,22.0,False,0.0,740.08
7312,2025-03-31,30,9,1,11.6,True,867.1,390.22
7313,2025-03-31,30,7,1,9.8,True,732.55,329.67
7314,2025-03-31,30,30,1,13.4,False,0.0,450.78
7315,2025-04-07,30,7,2,18.4,True,1375.4,618.98
7316,2025-04-07,30,30,2,14.3,False,0.0,481.05
7317,2025-04-14,30,9,2,19.3,True,1442.68,649.25
7318,2025-04-14,30,30,2,15.0,False,0.0,504.6
7319,2025-04-21,30,9,2,19.3,True,1442.68,649.25
7320,2025-04-21,30,30,2,15.7,False,0.0,528.15
7321,2025-04-28,30,9,1,6.0,True,448.5,201.84
7322,2025-04-28,30,7,1,12.4,True,926.9,417.14
7323,2025-04-28,30,30,1,17.8,False,0.0,598.79
7324,2025-05-05,30,13,2,20.0,True,1495.0,672.8
7325,2025-05-05,30,30,2,17.5,False,0.0,588.7
7326,2025-05-12,30,7,2,18.1,True,1352.98,608.88
7327,2025-05-12,30,30,2,18.7,False,0.0,629.07
7328,2025-05-19,30,9,1,18.6,True,1390.35,625.7
7329,2025-05-19,30,30,1,21.7,False,0.0,729.99
7330,2025-05-26,30,13,1,16.6,True,1240.85,558.42
7331,2025-05-26,30,30,1,18.0,False,0.0,605.52
7332,2025-06-02,30,9,1,17.3,True,1293.18,581.97
7333,2025-06-02,30,30,1,12.4,False,0.0,417.14
7334,2025-06-09,30,13,1,15.4,True,1151.15,518.06
7335,2025-06-09,30,9,1,1.7,True,127.08,57.19
7336,2025-06-09,30,30,1,15.4,False,0.0,518.06
7337,2025-06-16,30,9,2,6.5,True,485.88,218.66
7338,2025-06-16,30,28,2,10.8,True,807.3,363.31
7339,2025-06-16,30,30,2,15.7,False,0.0,528.15
7340,2025-06-23,30,9,1,1.5,True,112.12,50.46
7341,2025-06-23,30,13,1,15.6,True,1166.1,524.78
7342,2025-06-23,30,30,1,16.6,False,0.0,558.42
7343,2025-06-30,30,13,2,14.9,True,1113.78,501.24
7344,2025-06-30,30,30,2,16.1,False,0.0,541.6
7345,2025-07-07,30,28,2,6.6,True,493.35,222.02
7346,2025-07-07,30,9,2,3.5,True,261.62,117.74
7347,2025-07-07,30,30,2,11.2,False,0.0,376.77
7348,2025-07-14,30,28,1,10.5,True,784.88,353.22
7349,2025-07-14,30,30,1,8.9,False,0.0,299.4
7350,2025-07-21,30,28,2,5.1,True,381.22,171.56
7351,2025-07-21,30,9,2,4.6,True,343.85,154.74
7352,2025-07-21,30,30,2,9.2,False,0.0,309.49
7353,2025-07-28,30,9,1,9.3,True,695.18,312.85
7354,2025-07-28,30,30,1,10.6,False,0.0,356.58
7355,2025-08-04,30,13,1,15.2,True,1136.2,511.33
7356,2025-08-04,30,30,1,17.7,False,0.0,595.43
7357,2025-08-11,30,28,2,1.3,True,97.18,43.73
7358,2025-08-11,30,13,2,13.6,True,1016.6,457.5
7359,2025-08-11,30,30,2,17.9,False,0.0,602.16
7360,2025-08-18,30,7,2,8.1,True,605.48,272.48
7361,2025-08-18,30,28,2,7.3,True,545.67,245.57
7362,2025-08-18,30,30,2,19.9,False,0.0,669.44
7363,2025-08-25,30,9,1,7.7,True,575.58,259.03
7364,2025-08-25,30,7,1,6.0,True,448.5,201.84
7365,2025-08-25,30,30,1,19.1,False,0.0,642.52
7366,2025-09-01,30,13,1,10.7,True,799.82,359.95
7367,2025-09-01,30,9,1,6.9,True,515.78,232.12
7368,2025-09-01,30,30,1,18.4,False,0.0,618.98
7369,2025-09-08,30,9,1,16.4,True,1225.9,551.7
7370,2025-09-08,30,30,1,19.7,False,0.0,662.71
7371,2025-09-15,30,7,1,20.4,True,1524.9,686.26
7372,2025-09-15,30,30,1,16.3,False,0.0,548.33
7373,2025-09-22,30,7,2,15.1,True,1128.72,507.96
7374,2025-09-22,30,28,2,1.7,True,127.08,57.19
7375,2025-09-22,30,30,2,20.0,False,0.0,672.8
7376,2025-09-29,30,7,1,20.3,True,1517.42,682.89
7377,2025-09-29,30,30,1,20.0,False,0.0,672.8
7378,2025-10-06,30,9,2,10.0,True,747.5,336.4
7379,2025-10-06,30,13,2,7.2,True,538.2,242.21
7380,2025-10-06,30,30,2,17.4,False,0.0,585.34
7381,2025-10-13,30,9,1,18.1,True,1352.98,608.88
7382,2025-10-13,30,30,1,21.2,False,0.0,713.17
7383,2025-10-20,30,7,2,15.8,True,1181.05,531.51
7384,2025-10-20,30,30,2,20.1,False,0.0,676.16
7385,2025-10-27,30,13,2,9.1,True,680.22,306.12
7386,2025-10-27,30,28,2,6.7,True,500.82,225.39
7387,2025-10-27,30,30,2,19.3,False,0.0,649.25
7388,2025-11-03,30,28,2,12.1,True,904.48,407.04
7389,2025-11-03,30,13,2,3.4,True,254.15,114.38
7390,2025-11-03,30,30,2,17.5,False,0.0,588.7
7391,2025-11-10,30,7,2,10.3,True,769.92,346.49
7392,2025-11-10,30,28,2,6.6,True,493.35,222.02
7393,2025-11-10,30,30,2,21.5,False,0.0,723.26
7394,2025-11-17,30,9,2,7.0,True,523.25,235.48
7395,2025-11-17,30,28,2,10.4,True,777.4,349.86
7396,2025-11-17,30,30,2,16.1,False,0.0,541.6
7397,2025-11-24,30,7,2,14.6,True,1091.35,491.14
7398,2025-11-24,30,30,2,21.6,False,0.0,726.62
7399,2025-12-01,30,7,1,12.7,True,949.32,427.23
7400,2025-12-01,30,9,1,0.7,True,52.32,23.55
7401,2025-12-01,30,30,1,17.8,False,0.0,598.79
7402,2025-12-08,30,7,1,14.5,True,1083.88,487.78
7403,2025-12-08,30,30,1,13.4,False,0.0,450.78
7404,2025-12-15,30,28,1,4.2,True,313.95,141.29
7405,2025-12-15,30,13,1,9.5,True,710.12,319.58
7406,2025-12-15,30,30,1,14.0,False,0.0,470.96
7407,2025-12-22,30,13,3,3.3,True,246.68,111.01
7408,2025-12-22,30,28,3,17.4,True,1300.65,585.34
7409,2025-12-22,30,30,3,10.4,False,0.0,349.86
7410,2025-12-29,30,7,2,12.9,True,964.28,433.96
7411,2025-12-29,30,9,2,0.8,True,59.8,26.91
7412,2025-12-29,30,30,2,14.9,False,0.0,501.24
7413,2024-01-01,31,16,1,8.9,True,1157.0,520.65
7414,2024-01-01,31,10,1,11.3,True,1469.0,661.05
7415,2024-01-01,31,29,1,12.3,False,0.0,719.55
7416,2024-01-08,31,24,3,28.2,True,3666.0,1649.7
7417,2024-01-08,31,29,3,6.9,False,0.0,403.65
7418,2024-01-15,31,11,2,25.0,True,3250.0,1462.5
7419,2024-01-15,31,29,2,9.7,False,0.0,567.45
7420,2024-01-22,31,22,1,24.2,True,3146.0,1415.7
7421,2024-01-22,31,29,1,11.7,False,0.0,684.45
7422,2024-01-29,31,24,1,27.7,True,3601.0,1620.45
7423,2024-01-29,31,29,1,7.9,False,0.0,462.15
7424,2024-02-05,31,5,3,2.4,True,312.0,140.4
7425,2024-02-05,31,11,3,25.7,True,3341.0,1503.45
7426,2024-02-05,31,29,3,5.8,False,0.0,339.3
7427,2024-02-12,31,24,3,30.5,True,3965.0,1784.25
7428,2024-02-12,31,29,3,8.0,False,0.0,468.0
7429,2024-02-19,31,11,2,13.8,True,1794.0,807.3
7430,2024-02-19,31,24,2,7.7,True,1001.0,450.45
7431,2024-02-19,31,29,2,10.5,False,0.0,614.25
7432,2024-02-26,31,5,2,15.8,True,2054.0,924.3
7433,2024-02-26,31,11,2,14.2,True,1846.0,830.7
7434,2024-02-26,31,29,2,7.1,False,0.0,415.35
7435,2024-03-04,31,10,1,10.5,True,1365.0,614.25
7436,2024-03-04,31,12,1,19.9,True,2587.0,1164.15
7437,2024-03-04,31,29,1,6.3,False,0.0,368.55
7438,2024-03-11,31,10,1,12.4,True,1612.0,725.4
7439,2024-03-11,31,22,1,13.9,True,1807.0,813.15
7440,2024-03-11,31,29,1,9.9,False,0.0,579.15
7441,2024-03-18,31,25,1,22.6,True,2938.0,1322.1
7442,2024-03-18,31,22,1,4.9,True,637.0,286.65
7443,2024-03-18,31,29,1,9.2,False,0.0,538.2
7444,2024-03-25,31,16,1,26.1,True,3393.0,1526.85
7445,2024-03-25,31,29,1,9.0,False,0.0,526.5
7446,2024-04-01,31,16,3,23.4,True,3042.0,1368.9
7447,2024-04-01,31,29,3,11.5,False,0.0,672.75
7448,2024-04-08,31,12,2,24.4,True,3172.0,1427.4
7449,2024-04-08,31,29,2,9.9,False,0.0,579.15
7450,2024-04-15,31,12,1,29.3,True,3809.0,1714.05
7451,2024-04-15,31,29,1,5.7,False,0.0,333.45
7452,2024-04-22,31,24,1,31.8,True,4134.0,1860.3
7453,2024-04-22,31,29,1,6.6,False,0.0,386.1
7454,2024-04-29,31,22,3,24.5,True,3185.0,1433.25
7455,2024-04-29,31,29,3,10.9,False,0.0,637.65
7456,2024-05-06,31,11,2,33.6,True,4368.0,1965.6
7457,2024-05-06,31,29,2,7.5,False,0.0,438.75
7458,2024-05-13,31,11,2,10.4,True,1352.0,608.4
7459,2024-05-13,31,8,2,18.3,True,2379.0,1070.55
7460,2024-05-13,31,29,2,9.4,False,0.0,549.9
7461,2024-05-20,31,8,2,28.1,True,3653.0,1643.85
7462,2024-05-20,31,29,2,12.4,False,0.0,725.4
7463,2024-05-27,31,24,1,26.0,True,3380.0,1521.0
7464,2024-05-27,31,29,1,9.8,False,0.0,573.3
7465,2024-06-03,31,25,3,27.6,True,3588.0,1614.6
7466,2024-06-03,31,29,3,6.0,False,0.0,351.0
7467,2024-06-10,31,22,2,21.7,True,2821.0,1269.45
7468,2024-06-10,31,29,2,9.4,False,0.0,549.9
7469,2024-06-17,31,10,1,12.3,True,1599.0,719.55
7470,2024-06-17,31,22,1,7.6,True,988.0,444.6
7471,2024-06-17,31,29,1,11.6,False,0.0,678.6
7472,2024-06-24,31,24,2,21.5,True,2795.0,1257.75
7473,2024-06-24,31,29,2,8.5,False,0.0,497.25
7474,2024-07-01,31,21,2,12.2,True,1586.0,713.7
7475,2024-07-01,31,29,2,8.0,False,0.0,468.0
7476,2024-07-08,31,25,3,15.8,True,2054.0,924.3
7477,2024-07-08,31,29,3,6.1,False,0.0,356.85
7478,2024-07-15,31,25,2,3.7,True,481.0,216.45
7479,2024-07-15,31,21,2,10.6,True,1378.0,620.1
7480,2024-07-15,31,29,2,3.8,False,0.0,222.3
7481,2024-07-22,31,16,1,7.6,True,988.0,444.6
7482,2024-07-22,31,22,1,9.7,True,1261.0,567.45
7483,2024-07-22,31,29,1,2.9,False,0.0,169.65
7484,2024-07-29,31,11,1,12.2,True,1586.0,713.7
7485,2024-07-29,31,29,1,4.6,False,0.0,269.1
7486,2024-08-05,31,16,2,17.7,True,2301.0,1035.45
7487,2024-08-05,31,5,2,8.4,True,1092.0,491.4
7488,2024-08-05,31,29,2,8.4,False,0.0,491.4
7489,2024-08-12,31,16,2,23.5,True,3055.0,1374.75
7490,2024-08-12,31,29,2,7.9,False,0.0,462.15
7491,2024-08-19,31,16,1,24.1,True,3133.0,1409.85
7492,2024-08-19,31,29,1,11.6,False,0.0,678.6
7493,2024-08-26,31,16,3,26.2,True,3406.0,1532.7
7494,2024-08-26,31,22,3,1.6,True,208.0,93.6
7495,2024-08-26,31,29,3,4.4,False,0.0,257.4
7496,2024-09-02,31,22,1,27.4,True,3562.0,1602.9
7497,2024-09-02,31,29,1,8.4,False,0.0,491.4
7498,2024-09-09,31,22,2,28.0,True,3640.0,1638.0
7499,2024-09-09,31,29,2,8.3,False,0.0,485.55
7500,2024-09-16,31,11,2,24.8,True,3224.0,1450.8
7501,2024-09-16,31,29,2,11.1,False,0.0,649.35
7502,2024-09-23,31,8,1,29.5,True,3835.0,1725.75
7503,2024-09-23,31,29,1,12.5,False,0.0,731.25
7504,2024-09-30,31,21,2,24.0,True,3120.0,1404.0
7505,2024-09-30,31,29,2,15.3,False,0.0,895.05
7506,2024-10-07,31,12,2,7.4,True,962.0,432.9
7507,2024-10-07,31,16,2,21.9,True,2847.0,1281.15
7508,2024-10-07,31,29,2,11.2,False,0.0,655.2
7509,2024-10-14,31,21,2,12.6,True,1638.0,737.1
7510,2024-10-14,31,11,2,11.4,True,1482.0,666.9
7511,2024-10-14,31,29,2,14.7,False,0.0,859.95
7512,2024-10-21,31,25,2,31.2,True,4056.0,1825.2
7513,2024-10-21,31,29,2,8.5,False,0.0,497.25
7514,2024-10-28,31,25,1,24.7,True,3211.0,1444.95
7515,2024-10-28,31,29,1,11.9,False,0.0,696.15
7516,2024-11-04,31,22,1,25.3,True,3289.0,1480.05
7517,2024-11-04,31,29,1,11.5,False,0.0,672.75
7518,2024-11-11,31,16,3,24.1,True,3133.0,1409.85
7519,2024-11-11,31,29,3,10.4,False,0.0,608.4
7520,2024-11-18,31,21,1,22.0,True,2860.0,1287.0
7521,2024-11-18,31,11,1,3.3,True,429.0,193.05
7522,2024-11-18,31,29,1,11.7,False,0.0,684.45
7523,2024-11-25,31,12,1,29.4,True,3822.0,1719.9
7524,2024-11-25,31,29,1,7.2,False,0.0,421.2
7525,2024-12-02,31,16,3,29.7,True,3861.0,1737.45
7526,2024-12-02,31,29,3,1.3,False,0.0,76.05
7527,2024-12-09,31,24,3,6.8,True,884.0,397.8
7528,2024-12-09,31,21,3,16.2,True,2106.0,947.7
7529,2024-12-09,31,29,3,3.4,False,0.0,198.9
7530,2024-12-16,31,11,2,23.7,True,3081.0,1386.45
7531,2024-12-16,31,29,2,8.4,False,0.0,491.4
7532,2024-12-23,31,8,1,26.7,True,3471.0,1561.95
7533,2024-12-23,31,29,1,6.3,False,0.0,368.55
7534,2024-12-30,31,5,1,22.3,True,2899.0,1304.55
7535,2024-12-30,31,29,1,6.3,False,0.0,368.55
7536,2025-01-06,31,21,3,28.6,True,3718.0,1673.1
7537,2025-01-06,31,29,3,9.0,False,0.0,526.5
7538,2025-01-13,31,12,2,1.6,True,208.0,93.6
7539,2025-01-13,31,22,2,20.2,True,2626.0,1181.7
7540,2025-01-13,31,29,2,11.3,False,0.0,661.05
7541,2025-01-20,31,24,2,25.2,True,3276.0,1474.2
7542,2025-01-20,31,29,2,10.4,False,0.0,608.4
7543,2025-01-27,31,16,2,10.8,True,1404.0,631.8
7544,2025-01-27,31,10,2,8.1,True,1053.0,473.85
7545,2025-01-27,31,29,2,14.3,False,0.0,836.55
7546,2025-02-03,31,22,2,33.6,True,4368.0,1965.6
7547,2025-02-03,31,29,2,6.2,False,0.0,362.7
7548,2025-02-10,31,11,1,25.8,True,3354.0,1509.3
7549,2025-02-10,31,29,1,9.0,False,0.0,526.5
7550,2025-02-17,31,22,1,21.5,True,2795.0,1257.75
7551,2025-02-17,31,24,1,3.3,True,429.0,193.05
7552,2025-02-17,31,29,1,13.5,False,0.0,789.75
7553,2025-02-24,31,21,1,26.4,True,3432.0,1544.4
7554,2025-02-24,31,29,1,12.9,False,0.0,754.65
7555,2025-03-03,31,11,2,25.6,True,3328.0,1497.6
7556,2025-03-03,31,29,2,7.3,False,0.0,427.05
7557,2025-03-10,31,24,2,26.4,True,3432.0,1544.4
7558,2025-03-10,31,29,2,10.9,False,0.0,637.65
7559,2025-03-17,31,22,2,1.4,True,182.0,81.9
7560,2025-03-17,31,10,2,26.6,True,3458.0,1556.1
7561,2025-03-17,31,29,2,9.1,False,0.0,532.35
7562,2025-03-24,31,5,3,31.0,True,4030.0,1813.5
7563,2025-03-24,31,29,3,4.8,False,0.0,280.8
7564,2025-03-31,31,22,2,11.4,True,1482.0,666.9
7565,2025-03-31,31,21,2,12.3,True,1599.0,719.55
7566,2025-03-31,31,29,2,11.4,False,0.0,666.9
7567,2025-04-07,31,12,1,21.9,True,2847.0,1281.15
7568,2025-04-07,31,29,1,10.2,False,0.0,596.7
7569,2025-04-14,31,16,1,5.6,True,728.0,327.6
7570,2025-04-14,31,25,1,21.8,True,2834.0,1275.3
7571,2025-04-14,31,29,1,6.6,False,0.0,386.1
7572,2025-04-21,31,25,1,24.7,True,3211.0,1444.95
7573,2025-04-21,31,29,1,14.9,False,0.0,871.65
7574,2025-04-28,31,25,1,28.6,True,3718.0,1673.1
7575,2025-04-28,31,29,1,9.0,False,0.0,526.5
7576,2025-05-05,31,8,1,30.3,True,3939.0,1772.55
7577,2025-05-05,31,29,1,8.8,False,0.0,514.8
7578,2025-05-12,31,11,1,17.8,True,2314.0,1041.3
7579,2025-05-12,31,12,1,0.8,True,104.0,46.8
7580,2025-05-12,31,29,1,10.6,False,0.0,620.1
7581,2025-05-19,31,8,2,23.0,True,2990.0,1345.5
7582,2025-05-19,31,5,2,0.9,True,117.0,52.65
7583,2025-05-19,31,29,2,8.8,False,0.0,514.8
7584,2025-05-26,31,11,2,23.1,True,3003.0,1351.35
7585,2025-05-26,31,29,2,10.4,False,0.0,608.4
7586,2025-06-02,31,22,1,25.8,True,3354.0,1509.3
7587,2025-06-02,31,29,1,7.8,False,0.0,456.3
7588,2025-06-09,31,16,3,24.7,True,3211.0,1444.95
7589,2025-06-09,31,29,3,5.7,False,0.0,333.45
7590,2025-06-16,31,8,2,17.0,True,2210.0,994.5
7591,2025-06-16,31,5,2,7.7,True,1001.0,450.45
7592,2025-06-16,31,29,2,8.2,False,0.0,479.7
7593,2025-06-23,31,10,2,21.2,True,2756.0,1240.2
7594,2025-06-23,31,29,2,12.1,False,0.0,707.85
7595,2025-06-30,31,25,1,22.6,True,2938.0,1322.1
7596,2025-06-30,31,29,1,8.1,False,0.0,473.85
7597,2025-07-07,31,8,3,17.1,True,2223.0,1000.35
7598,2025-07-07,31,29,3,2.9,False,0.0,169.65
7599,2025-07-14,31,25,2,15.0,True,1950.0,877.5
7600,2025-07-14,31,29,2,4.3,False,0.0,251.55
7601,2025-07-21,31,8,1,11.9,True,1547.0,696.15
7602,2025-07-21,31,29,1,9.3,False,0.0,544.05
7603,2025-07-28,31,5,2,8.7,True,1131.0,508.95
7604,2025-07-28,31,12,2,3.1,True,403.0,181.35
7605,2025-07-28,31,29,2,6.1,False,0.0,356.85
7606,2025-08-04,31,25,2,19.8,True,2574.0,1158.3
7607,2025-08-04,31,29,2,12.0,False,0.0,702.0
7608,2025-08-11,31,21,2,25.6,True,3328.0,1497.6
7609,2025-08-11,31,29,2,12.1,False,0.0,707.85
7610,2025-08-18,31,11,1,20.1,True,2613.0,1175.85
7611,2025-08-18,31,29,1,11.8,False,0.0,690.3
7612,2025-08-25,31,5,1,26.5,True,3445.0,1550.25
7613,2025-08-25,31,29,1,10.0,False,0.0,585.0
7614,2025-09-01,31,22,2,28.3,True,3679.0,1655.55
7615,2025-09-01,31,29,2,11.5,False,0.0,672.75
7616,2025-09-08,31,24,2,30.6,True,3978.0,1790.1
7617,2025-09-08,31,29,2,10.7,False,0.0,625.95
7618,2025-09-15,31,5,2,22.4,True,2912.0,1310.4
7619,2025-09-15,31,29,2,13.4,False,0.0,783.9
7620,2025-09-22,31,11,2,20.8,True,2704.0,1216.8
7621,2025-09-22,31,29,2,13.4,False,0.0,783.9
7622,2025-09-29,31,16,2,27.7,True,3601.0,1620.45
7623,2025-09-29,31,29,2,7.4,False,0.0,432.9
7624,2025-10-06,31,8,3,27.1,True,3523.0,1585.35
7625,2025-10-06,31,29,3,8.6,False,0.0,503.1
7626,2025-10-13,31,24,2,26.5,True,3445.0,1550.25
7627,2025-10-13,31,16,2,3.8,True,494.0,222.3
7628,2025-10-13,31,29,2,8.1,False,0.0,473.85
7629,2025-10-20,31,11,2,22.4,True,2912.0,1310.4
7630,2025-10-20,31,29,2,11.6,False,0.0,678.6
7631,2025-10-27,31,24,3,28.5,True,3705.0,1667.25
7632,2025-10-27,31,29,3,5.2,False,0.0,304.2
7633,2025-11-03,31,10,1,12.3,True,1599.0,719.55
7634,2025-11-03,31,16,1,14.5,True,1885.0,848.25
7635,2025-11-03,31,29,1,6.8,False,0.0,397.8
7636,2025-11-10,31,5,1,31.2,True,4056.0,1825.2
7637,2025-11-10,31,29,1,7.4,False,0.0,432.9
7638,2025-11-17,31,21,1,31.3,True,4069.0,1831.05
7639,2025-11-17,31,29,1,7.4,False,0.0,432.9
7640,2025-11-24,31,10,2,25.3,True,3289.0,1480.05
7641,2025-11-24,31,29,2,11.1,False,0.0,649.35
7642,2025-12-01,31,11,2,19.3,True,2509.0,1129.05
7643,2025-12-01,31,29,2,10.7,False,0.0,625.95
7644,2025-12-08,31,11,2,18.5,True,2405.0,1082.25
7645,2025-12-08,31,29,2,9.2,False,0.0,538.2
7646,2025-12-15,31,10,3,19.0,True,2470.0,1111.5
7647,2025-12-15,31,29,3,9.8,False,0.0,573.3
7648,2025-12-22,31,16,1,22.6,True,2938.0,1322.1
7649,2025-12-22,31,29,1,7.4,False,0.0,432.9
7650,2025-12-29,31,24,2,20.6,True,2678.0,1205.1
7651,2025-12-29,31,29,2,8.8,False,0.0,514.8
7652,2024-01-01,32,5,2,21.9,True,2847.0,1281.15
7653,2024-01-01,32,29,2,9.0,False,0.0,526.5
7654,2024-01-08,32,25,1,25.0,True,3250.0,1462.5
7655,2024-01-08,32,29,1,10.2,False,0.0,596.7
7656,2024-01-15,32,24,3,28.3,True,3679.0,1655.55
7657,2024-01-15,32,29,3,4.1,False,0.0,239.85
7658,2024-01-22,32,21,1,27.1,True,3523.0,1585.35
7659,2024-01-22,32,29,1,8.0,False,0.0,468.0
7660,2024-01-29,32,10,2,19.0,True,2470.0,1111.5
7661,2024-01-29,32,29,2,10.9,False,0.0,637.65
7662,2024-02-05,32,22,1,23.5,True,3055.0,1374.75
7663,2024-02-05,32,29,1,12.7,False,0.0,742.95
7664,2024-02-12,32,8,1,22.1,True,2873.0,1292.85
7665,2024-02-12,32,29,1,15.8,False,0.0,924.3
7666,2024-02-19,32,10,1,25.2,True,3276.0,1474.2
7667,2024-02-19,32,29,1,12.4,False,0.0,725.4
7668,2024-02-26,32,22,1,22.0,True,2860.0,1287.0
7669,2024-02-26,32,5,1,4.5,True,585.0,263.25
7670,2024-02-26,32,29,1,6.9,False,0.0,403.65
7671,2024-03-04,32,8,2,23.8,True,3094.0,1392.3
7672,2024-03-04,32,29,2,11.6,False,0.0,678.6
7673,2024-03-11,32,22,2,25.2,True,3276.0,1474.2
7674,2024-03-11,32,29,2,9.0,False,0.0,526.5
7675,2024-03-18,32,10,1,23.8,True,3094.0,1392.3
7676,2024-03-18,32,29,1,11.5,False,0.0,672.75
7677,2024-03-25,32,12,2,29.6,True,3848.0,1731.6
7678,2024-03-25,32,29,2,11.6,False,0.0,678.6
7679,2024-04-01,32,8,2,7.4,True,962.0,432.9
7680,2024-04-01,32,10,2,16.0,True,2080.0,936.0
7681,2024-04-01,32,29,2,10.6,False,0.0,620.1
7682,2024-04-08,32,10,2,25.1,True,3263.0,1468.35
7683,2024-04-08,32,29,2,9.9,False,0.0,579.15
7684,2024-04-15,32,25,2,12.7,True,1651.0,742.95
7685,2024-04-15,32,24,2,14.0,True,1820.0,819.0
7686,2024-04-15,32,29,2,9.9,False,0.0,579.15
7687,2024-04-22,32,5,1,21.2,True,2756.0,1240.2
7688,2024-04-22,32,29,1,11.4,False,0.0,666.9
7689,2024-04-29,32,11,1,27.6,True,3588.0,1614.6
7690,2024-04-29,32,29,1,8.6,False,0.0,503.1
7691,2024-05-06,32,8,2,13.7,True,1781.0,801.45
7692,2024-05-06,32,12,2,14.1,True,1833.0,824.85
7693,2024-05-06,32,29,2,9.8,False,0.0,573.3
7694,2024-05-13,32,25,1,22.6,True,2938.0,1322.1
7695,2024-05-13,32,21,1,4.1,True,533.0,239.85
7696,2024-05-13,32,29,1,11.6,False,0.0,678.6
7697,2024-05-20,32,8,1,29.0,True,3770.0,1696.5
7698,2024-05-20,32,29,1,6.9,False,0.0,403.65
7699,2024-05-27,32,10,1,28.4,True,3692.0,1661.4
7700,2024-05-27,32,29,1,9.7,False,0.0,567.45
7701,2024-06-03,32,25,1,21.6,True,2808.0,1263.6
7702,2024-06-03,32,29,1,9.7,False,0.0,567.45
7703,2024-06-10,32,21,2,19.6,True,2548.0,1146.6
7704,2024-06-10,32,11,2,1.7,True,221.0,99.45
7705,2024-06-10,32,29,2,9.3,False,0.0,544.05
7706,2024-06-17,32,10,1,25.2,True,3276.0,1474.2
7707,2024-06-17,32,29,1,8.4,False,0.0,491.4
7708,2024-06-24,32,24,2,19.3,True,2509.0,1129.05
7709,2024-06-24,32,29,2,13.0,False,0.0,760.5
7710,2024-07-01,32,5,1,4.9,True,637.0,286.65
7711,2024-07-01,32,11,1,9.0,True,1170.0,526.5
7712,2024-07-01,32,29,1,4.4,False,0.0,257.4
7713,2024-07-08,32,8,2,12.9,True,1677.0,754.65
7714,2024-07-08,32,29,2,6.0,False,0.0,351.0
7715,2024-07-15,32,11,2,6.2,True,806.0,362.7
7716,2024-07-15,32,21,2,7.0,True,910.0,409.5
7717,2024-07-15,32,29,2,4.9,False,0.0,286.65
7718,2024-07-22,32,10,2,3.7,True,481.0,216.45
7719,2024-07-22,32,12,2,8.0,True,1040.0,468.0
7720,2024-07-22,32,29,2,7.6,False,0.0,444.6
7721,2024-07-29,32,25,2,6.0,True,780.0,351.0
7722,2024-07-29,32,24,2,6.7,True,871.0,391.95
7723,2024-07-29,32,29,2,7.5,False,0.0,438.75
7724,2024-08-05,32,24,2,22.2,True,2886.0,1298.7
7725,2024-08-05,32,10,2,4.6,True,598.0,269.1
7726,2024-08-05,32,29,2,7.3,False,0.0,427.05
7727,2024-08-12,32,16,2,24.4,True,3172.0,1427.4
7728,2024-08-12,32,29,2,12.3,False,0.0,719.55
7729,2024-08-19,32,10,1,21.4,True,2782.0,1251.9
7730,2024-08-19,32,8,1,0.8,True,104.0,46.8
7731,2024-08-19,32,29,1,11.3,False,0.0,661.05
7732,2024-08-26,32,5,1,9.0,True,1170.0,526.5
7733,2024-08-26,32,12,1,13.1,True,1703.0,766.35
7734,2024-08-26,32,29,1,9.0,False,0.0,526.5
7735,2024-09-02,32,22,1,26.9,True,3497.0,1573.65
7736,2024-09-02,32,24,1,6.5,True,845.0,380.25
7737,2024-09-02,32,29,1,5.6,False,0.0,327.6
7738,2024-09-09,32,16,2,28.1,True,3653.0,1643.85
7739,2024-09-09,32,29,2,11.8,False,0.0,690.3
7740,2024-09-16,32,11,2,30.4,True,3952.0,1778.4
7741,2024-09-16,32,29,2,9.2,False,0.0,538.2
7742,2024-09-23,32,12,2,9.5,True,1235.0,555.75
7743,2024-09-23,32,10,2,15.5,True,2015.0,906.75
7744,2024-09-23,32,29,2,8.9,False,0.0,520.65
7745,2024-09-30,32,22,2,5.9,True,767.0,345.15
7746,2024-09-30,32,12,2,22.0,True,2860.0,1287.0
7747,2024-09-30,32,29,2,10.6,False,0.0,620.1
7748,2024-10-07,32,22,2,27.4,True,3562.0,1602.9
7749,2024-10-07,32,25,2,2.0,True,260.0,117.0
7750,2024-10-07,32,29,2,11.3,False,0.0,661.05
7751,2024-10-14,32,8,2,24.9,True,3237.0,1456.65
7752,2024-10-14,32,29,2,15.5,False,0.0,906.75
7753,2024-10-21,32,16,3,17.8,True,2314.0,1041.3
7754,2024-10-21,32,11,3,15.8,True,2054.0,924.3
7755,2024-10-21,32,29,3,4.9,False,0.0,286.65
7756,2024-10-28,32,24,1,24.7,True,3211.0,1444.95
7757,2024-10-28,32,29,1,9.3,False,0.0,544.05
7758,2024-11-04,32,5,1,28.3,True,3679.0,1655.55
7759,2024-11-04,32,29,1,10.7,False,0.0,625.95
7760,2024-11-11,32,5,2,12.0,True,1560.0,702.0
7761,2024-11-11,32,12,2,12.0,True,1560.0,702.0
7762,2024-11-11,32,29,2,14.3,False,0.0,836.55
7763,2024-11-18,32,21,1,25.8,True,3354.0,1509.3
7764,2024-11-18,32,29,1,5.0,False,0.0,292.5
7765,2024-11-25,32,11,1,27.6,True,3588.0,1614.6
7766,2024-11-25,32,29,1,9.4,False,0.0,549.9
7767,2024-12-02,32,25,3,25.0,True,3250.0,1462.5
7768,2024-12-02,32,29,3,3.5,False,0.0,204.75
7769,2024-12-09,32,10,1,22.0,True,2860.0,1287.0
7770,2024-12-09,32,29,1,9.4,False,0.0,549.9
7771,2024-12-16,32,16,1,21.8,True,2834.0,1275.3
7772,2024-12-16,32,29,1,11.0,False,0.0,643.5
7773,2024-12-23,32,11,1,19.6,True,2548.0,1146.6
7774,2024-12-23,32,29,1,10.7,False,0.0,625.95
7775,2024-12-30,32,12,1,19.0,True,2470.0,1111.5
7776,2024-12-30,32,29,1,7.4,False,0.0,432.9
7777,2025-01-06,32,10,1,23.4,True,3042.0,1368.9
7778,2025-01-06,32,29,1,11.8,False,0.0,690.3
7779,2025-01-13,32,24,2,30.4,True,3952.0,1778.4
7780,2025-01-13,32,29,2,4.4,False,0.0,257.4
7781,2025-01-20,32,25,1,28.3,True,3679.0,1655.55
7782,2025-01-20,32,29,1,5.6,False,0.0,327.6
7783,2025-01-27,32,11,3,29.7,True,3861.0,1737.45
7784,2025-01-27,32,29,3,2.1,False,0.0,122.85
7785,2025-02-03,32,11,1,29.8,True,3874.0,1743.3
7786,2025-02-03,32,29,1,7.0,False,0.0,409.5
7787,2025-02-10,32,25,1,7.7,True,1001.0,450.45
7788,2025-02-10,32,10,1,17.6,True,2288.0,1029.6
7789,2025-02-10,32,29,1,9.7,False,0.0,567.45
7790,2025-02-17,32,12,1,23.7,True,3081.0,1386.45
7791,2025-02-17,32,29,1,9.5,False,0.0,555.75
7792,2025-02-24,32,22,2,8.7,True,1131.0,508.95
7793,2025-02-24,32,10,2,19.9,True,2587.0,1164.15
7794,2025-02-24,32,29,2,9.8,False,0.0,573.3
7795,2025-03-03,32,25,3,31.9,True,4147.0,1866.15
7796,2025-03-03,32,29,3,5.2,False,0.0,304.2
7797,2025-03-10,32,25,2,28.4,True,3692.0,1661.4
7798,2025-03-10,32,29,2,12.3,False,0.0,719.55
7799,2025-03-17,32,21,1,21.2,True,2756.0,1240.2
7800,2025-03-17,32,29,1,12.8,False,0.0,748.8
7801,2025-03-24,32,22,3,29.7,True,3861.0,1737.45
7802,2025-03-24,32,29,3,8.4,False,0.0,491.4
7803,2025-03-31,32,11,2,22.5,True,2925.0,1316.25
7804,2025-03-31,32,29,2,15.0,False,0.0,877.5
7805,2025-04-07,32,25,2,22.4,True,2912.0,1310.4
7806,2025-04-07,32,29,2,11.1,False,0.0,649.35
7807,2025-04-14,32,8,1,5.2,True,676.0,304.2
7808,2025-04-14,32,10,1,22.2,True,2886.0,1298.7
7809,2025-04-14,32,29,1,7.5,False,0.0,438.75
7810,2025-04-21,32,10,3,32.8,True,4264.0,1918.8
7811,2025-04-21,32,29,3,2.1,False,0.0,122.85
7812,2025-04-28,32,11,2,20.4,True,2652.0,1193.4
7813,2025-04-28,32,29,2,16.1,False,0.0,941.85
7814,2025-05-05,32,11,2,8.7,True,1131.0,508.95
7815,2025-05-05,32,22,2,11.2,True,1456.0,655.2
7816,2025-05-05,32,29,2,12.8,False,0.0,748.8
7817,2025-05-12,32,25,1,25.6,True,3328.0,1497.6
7818,2025-05-12,32,29,1,8.6,False,0.0,503.1
7819,2025-05-19,32,12,2,31.7,True,4121.0,1854.45
7820,2025-05-19,32,29,2,5.2,False,0.0,304.2
7821,2025-05-26,32,10,2,22.9,True,2977.0,1339.65
7822,2025-05-26,32,29,2,7.7,False,0.0,450.45
7823,2025-06-02,32,25,2,19.1,True,2483.0,1117.35
7824,2025-06-02,32,8,2,0.9,True,117.0,52.65
7825,2025-06-02,32,29,2,13.3,False,0.0,778.05
7826,2025-06-09,32,11,3,28.2,True,3666.0,1649.7
7827,2025-06-09,32,29,3,2.8,False,0.0,163.8
7828,2025-06-16,32,11,2,19.3,True,2509.0,1129.05
7829,2025-06-16,32,29,2,14.4,False,0.0,842.4
7830,2025-06-23,32,8,3,26.4,True,3432.0,1544.4
7831,2025-06-23,32,29,3,6.1,False,0.0,356.85
7832,2025-06-30,32,10,1,25.6,True,3328.0,1497.6
7833,2025-06-30,32,29,1,6.9,False,0.0,403.65
7834,2025-07-07,32,11,2,11.3,True,1469.0,661.05
7835,2025-07-07,32,29,2,7.2,False,0.0,421.2
7836,2025-07-14,32,16,2,15.2,True,1976.0,889.2
7837,2025-07-14,32,29,2,4.5,False,0.0,263.25
7838,2025-07-21,32,12,1,13.2,True,1716.0,772.2
7839,2025-07-21,32,29,1,5.7,False,0.0,333.45
7840,2025-07-28,32,5,2,3.2,True,416.0,187.2
7841,2025-07-28,32,16,2,15.1,True,1963.0,883.35
7842,2025-07-28,32,29,2,2.3,False,0.0,134.55
7843,2025-08-04,32,16,2,24.7,True,3211.0,1444.95
7844,2025-08-04,32,29,2,7.8,False,0.0,456.3
7845,2025-08-11,32,24,3,29.6,True,3848.0,1731.6
7846,2025-08-11,32,29,3,3.7,False,0.0,216.45
7847,2025-08-18,32,25,2,23.7,True,3081.0,1386.45
7848,2025-08-18,32,29,2,10.4,False,0.0,608.4
7849,2025-08-25,32,21,3,16.8,True,2184.0,982.8
7850,2025-08-25,32,11,3,12.4,True,1612.0,725.4
7851,2025-08-25,32,29,3,4.0,False,0.0,234.0
7852,2025-09-01,32,21,1,22.7,True,2951.0,1327.95
7853,2025-09-01,32,24,1,2.5,True,325.0,146.25
7854,2025-09-01,32,29,1,13.9,False,0.0,813.15
7855,2025-09-08,32,8,2,30.8,True,4004.0,1801.8
7856,2025-09-08,32,29,2,9.2,False,0.0,538.2
7857,2025-09-15,32,5,2,20.9,True,2717.0,1222.65
7858,2025-09-15,32,29,2,19.5,False,0.0,1140.75
7859,2025-09-22,32,24,2,25.7,True,3341.0,1503.45
7860,2025-09-22,32,29,2,10.3,False,0.0,602.55
7861,2025-09-29,32,24,3,14.5,True,1885.0,848.25
7862,2025-09-29,32,8,3,15.8,True,2054.0,924.3
7863,2025-09-29,32,29,3,10.4,False,0.0,608.4
7864,2025-10-06,32,10,2,10.9,True,1417.0,637.65
7865,2025-10-06,32,24,2,17.4,True,2262.0,1017.9
7866,2025-10-06,32,29,2,8.6,False,0.0,503.1
7867,2025-10-13,32,11,2,17.3,True,2249.0,1012.05
7868,2025-10-13,32,21,2,11.2,True,1456.0,655.2
7869,2025-10-13,32,29,2,12.5,False,0.0,731.25
7870,2025-10-20,32,12,2,21.8,True,2834.0,1275.3
7871,2025-10-20,32,29,2,15.5,False,0.0,906.75
7872,2025-10-27,32,10,3,19.1,True,2483.0,1117.35
7873,2025-10-27,32,25,3,6.3,True,819.0,368.55
7874,2025-10-27,32,29,3,9.1,False,0.0,532.35
7875,2025-11-03,32,11,3,29.5,True,3835.0,1725.75
7876,2025-11-03,32,29,3,8.8,False,0.0,514.8
7877,2025-11-10,32,8,2,26.1,True,3393.0,1526.85
7878,2025-11-10,32,29,2,11.1,False,0.0,649.35
7879,2025-11-17,32,10,1,25.5,True,3315.0,1491.75
7880,2025-11-17,32,29,1,11.9,False,0.0,696.15
7881,2025-11-24,32,11,1,0.5,True,65.0,29.25
7882,2025-11-24,32,16,1,26.3,True,3419.0,1538.55
7883,2025-11-24,32,29,1,8.9,False,0.0,520.65
7884,2025-12-01,32,22,2,9.6,True,1248.0,561.6
7885,2025-12-01,32,21,2,11.5,True,1495.0,672.75
7886,2025-12-01,32,29,2,8.3,False,0.0,485.55
7887,2025-12-08,32,25,3,9.6,True,1248.0,561.6
7888,2025-12-08,32,10,3,14.0,True,1820.0,819.0
7889,2025-12-08,32,29,3,4.6,False,0.0,269.1
7890,2025-12-15,32,24,1,21.5,True,2795.0,1257.75
7891,2025-12-15,32,29,1,7.9,False,0.0,462.15
7892,2025-12-22,32,8,2,1.2,True,156.0,70.2
7893,2025-12-22,32,25,2,23.6,True,3068.0,1380.6
7894,2025-12-22,32,29,2,5.2,False,0.0,304.2
7895,2025-12-29,32,11,1,18.3,True,2379.0,1070.55
7896,2025-12-29,32,29,1,9.7,False,0.0,567.45
7897,2024-01-01,33,5,3,19.7,True,3447.5,1551.38
7898,2024-01-01,33,29,3,12.8,False,0.0,1008.0
7899,2024-01-08,33,10,1,18.7,True,3272.5,1472.62
7900,2024-01-08,33,29,1,11.0,False,0.0,866.25
7901,2024-01-15,33,5,1,5.8,True,1015.0,456.75
7902,2024-01-15,33,21,1,16.9,True,2957.5,1330.88
7903,2024-01-15,33,29,1,12.6,False,0.0,992.25
7904,2024-01-22,33,5,1,18.4,True,3220.0,1449.0
7905,2024-01-22,33,29,1,14.4,False,0.0,1134.0
7906,2024-01-29,33,8,3,15.2,True,2660.0,1197.0
7907,2024-01-29,33,16,3,6.1,True,1067.5,480.38
7908,2024-01-29,33,29,3,14.4,False,0.0,1134.0
7909,2024-02-05,33,22,3,16.4,True,2870.0,1291.5
7910,2024-02-05,33,24,3,7.1,True,1242.5,559.12
7911,2024-02-05,33,29,3,9.9,False,0.0,779.62
7912,2024-02-12,33,24,3,24.0,True,4200.0,1890.0
7913,2024-02-12,33,29,3,13.2,False,0.0,1039.5
7914,2024-02-19,33,24,2,15.5,True,2712.5,1220.62
7915,2024-02-19,33,16,2,4.7,True,822.5,370.12
7916,2024-02-19,33,29,2,16.1,False,0.0,1267.88
7917,2024-02-26,33,25,1,18.1,True,3167.5,1425.38
7918,2024-02-26,33,29,1,16.8,False,0.0,1323.0
7919,2024-03-04,33,25,2,18.2,True,3185.0,1433.25
7920,2024-03-04,33,16,2,5.0,True,875.0,393.75
7921,2024-03-04,33,29,2,14.9,False,0.0,1173.38
7922,2024-03-11,33,5,2,22.4,True,3920.0,1764.0
7923,2024-03-11,33,29,2,15.7,False,0.0,1236.38
7924,2024-03-18,33,10,3,19.9,True,3482.5,1567.12
7925,2024-03-18,33,29,3,15.1,False,0.0,1189.12
7926,2024-03-25,33,10,2,18.8,True,3290.0,1480.5
7927,2024-03-25,33,29,2,19.9,False,0.0,1567.12
7928,2024-04-01,33,24,2,19.8,True,3465.0,1559.25
7929,2024-04-01,33,29,2,16.3,False,0.0,1283.62
7930,2024-04-08,33,25,3,22.3,True,3902.5,1756.12
7931,2024-04-08,33,29,3,13.5,False,0.0,1063.12
7932,2024-04-15,33,25,1,16.8,True,2940.0,1323.0
7933,2024-04-15,33,29,1,18.7,False,0.0,1472.62
7934,2024-04-22,33,25,1,13.5,True,2362.5,1063.12
7935,2024-04-22,33,29,1,19.4,False,0.0,1527.75
7936,2024-04-29,33,16,1,17.9,True,3132.5,1409.62
7937,2024-04-29,33,29,1,18.7,False,0.0,1472.62
7938,2024-05-06,33,24,2,16.6,True,2905.0,1307.25
7939,2024-05-06,33,29,2,17.7,False,0.0,1393.88
7940,2024-05-13,33,8,1,17.3,True,3027.5,1362.38
7941,2024-05-13,33,29,1,18.0,False,0.0,1417.5
7942,2024-05-20,33,16,2,19.0,True,3325.0,1496.25
7943,2024-05-20,33,29,2,17.1,False,0.0,1346.62
7944,2024-05-27,33,10,2,8.2,True,1435.0,645.75
7945,2024-05-27,33,16,2,15.5,True,2712.5,1220.62
7946,2024-05-27,33,29,2,14.0,False,0.0,1102.5
7947,2024-06-03,33,21,2,18.6,True,3255.0,1464.75
7948,2024-06-03,33,29,2,12.3,False,0.0,968.62
7949,2024-06-10,33,24,1,4.6,True,805.0,362.25
7950,2024-06-10,33,5,1,12.1,True,2117.5,952.88
7951,2024-06-10,33,29,1,14.3,False,0.0,1126.12
7952,2024-06-17,33,24,1,14.3,True,2502.5,1126.12
7953,2024-06-17,33,29,1,14.9,False,0.0,1173.38
7954,2024-06-24,33,25,2,15.7,True,2747.5,1236.38
7955,2024-06-24,33,24,2,0.8,True,140.0,63.0
7956,2024-06-24,33,29,2,19.8,False,0.0,1559.25
7957,2024-07-01,33,24,2,11.8,True,2065.0,929.25
7958,2024-07-01,33,29,2,9.7,False,0.0,763.88
7959,2024-07-08,33,22,2,10.4,True,1820.0,819.0
7960,2024-07-08,33,29,2,8.8,False,0.0,693.0
7961,2024-07-15,33,11,1,12.6,True,2205.0,992.25
7962,2024-07-15,33,29,1,8.8,False,0.0,693.0
7963,2024-07-22,33,11,2,8.9,True,1557.5,700.88
7964,2024-07-22,33,29,2,9.1,False,0.0,716.62
7965,2024-07-29,33,24,2,5.6,True,980.0,441.0
7966,2024-07-29,33,16,2,4.2,True,735.0,330.75
7967,2024-07-29,33,29,2,11.0,False,0.0,866.25
7968,2024-08-05,33,25,1,17.9,True,3132.5,1409.62
7969,2024-08-05,33,29,1,20.1,False,0.0,1582.88
7970,2024-08-12,33,8,1,18.2,True,3185.0,1433.25
7971,2024-08-12,33,29,1,15.9,False,0.0,1252.12
7972,2024-08-19,33,16,1,17.5,True,3062.5,1378.12
7973,2024-08-19,33,29,1,13.6,False,0.0,1071.0
7974,2024-08-26,33,25,2,19.2,True,3360.0,1512.0
7975,2024-08-26,33,29,2,15.3,False,0.0,1204.88
7976,2024-09-02,33,16,3,20.5,True,3587.5,1614.38
7977,2024-09-02,33,29,3,19.1,False,0.0,1504.12
7978,2024-09-09,33,8,2,19.0,True,3325.0,1496.25
7979,2024-09-09,33,29,2,17.4,False,0.0,1370.25
7980,2024-09-16,33,10,1,20.9,True,3657.5,1645.88
7981,2024-09-16,33,29,1,17.0,False,0.0,1338.75
7982,2024-09-23,33,5,2,21.5,True,3762.5,1693.12
7983,2024-09-23,33,29,2,16.7,False,0.0,1315.12
7984,2024-09-30,33,10,2,22.5,True,3937.5,1771.88
7985,2024-09-30,33,29,2,14.0,False,0.0,1102.5
7986,2024-10-07,33,8,1,22.4,True,3920.0,1764.0
7987,2024-10-07,33,29,1,15.7,False,0.0,1236.38
7988,2024-10-14,33,21,3,6.4,True,1120.0,504.0
7989,2024-10-14,33,8,3,17.0,True,2975.0,1338.75
7990,2024-10-14,33,29,3,11.7,False,0.0,921.38
7991,2024-10-21,33,8,3,26.6,True,4655.0,2094.75
7992,2024-10-21,33,29,3,12.1,False,0.0,952.88
7993,2024-10-28,33,12,2,8.7,True,1522.5,685.12
7994,2024-10-28,33,24,2,11.0,True,1925.0,866.25
7995,2024-10-28,33,29,2,15.6,False,0.0,1228.5
7996,2024-11-04,33,8,1,21.5,True,3762.5,1693.12
7997,2024-11-04,33,29,1,16.0,False,0.0,1260.0
7998,2024-11-11,33,21,2,8.0,True,1400.0,630.0
7999,2024-11-11,33,12,2,9.6,True,1680.0,756.0
8000,2024-11-11,33,29,2,17.3,False,0.0,1362.38
8001,2024-11-18,33,22,2,20.9,True,3657.5,1645.88
8002,2024-11-18,33,29,2,17.5,False,0.0,1378.12
8003,2024-11-25,33,5,1,12.8,True,2240.0,1008.0
8004,2024-11-25,33,25,1,3.6,True,630.0,283.5
8005,2024-11-25,33,29,1,16.8,False,0.0,1323.0
8006,2024-12-02,33,24,2,17.4,True,3045.0,1370.25
8007,2024-12-02,33,29,2,12.0,False,0.0,945.0
8008,2024-12-09,33,22,1,15.6,True,2730.0,1228.5
8009,2024-12-09,33,29,1,10.8,False,0.0,850.5
8010,2024-12-16,33,22,2,14.5,True,2537.5,1141.88
8011,2024-12-16,33,5,2,0.5,True,87.5,39.38
8012,2024-12-16,33,29,2,15.7,False,0.0,1236.38
8013,2024-12-23,33,8,2,17.5,True,3062.5,1378.12
8014,2024-12-23,33,29,2,13.1,False,0.0,1031.62
8015,2024-12-30,33,16,2,6.8,True,1190.0,535.5
8016,2024-12-30,33,10,2,8.9,True,1557.5,700.88
8017,2024-12-30,33,29,2,11.0,False,0.0,866.25
8018,2025-01-06,33,8,2,16.8,True,2940.0,1323.0
8019,2025-01-06,33,29,2,18.1,False,0.0,1425.38
8020,2025-01-13,33,10,2,9.9,True,1732.5,779.62
8021,2025-01-13,33,24,2,6.1,True,1067.5,480.38
8022,2025-01-13,33,29,2,20.6,False,0.0,1622.25
8023,2025-01-20,33,11,3,8.7,True,1522.5,685.12
8024,2025-01-20,33,16,3,14.6,True,2555.0,1149.75
8025,2025-01-20,33,29,3,11.6,False,0.0,913.5
8026,2025-01-27,33,22,2,3.0,True,525.0,236.25
8027,2025-01-27,33,16,2,16.9,True,2957.5,1330.88
8028,2025-01-27,33,29,2,17.2,False,0.0,1354.5
8029,2025-02-03,33,5,2,23.1,True,4042.5,1819.12
8030,2025-02-03,33,29,2,13.4,False,0.0,1055.25
8031,2025-02-10,33,16,2,22.8,True,3990.0,1795.5
8032,2025-02-10,33,29,2,14.8,False,0.0,1165.5
8033,2025-02-17,33,8,1,22.4,True,3920.0,1764.0
8034,2025-02-17,33,29,1,13.8,False,0.0,1086.75
8035,2025-02-24,33,21,1,14.1,True,2467.5,1110.38
8036,2025-02-24,33,12,1,11.8,True,2065.0,929.25
8037,2025-02-24,33,29,1,10.2,False,0.0,803.25
8038,2025-03-03,33,5,1,21.8,True,3815.0,1716.75
8039,2025-03-03,33,29,1,15.9,False,0.0,1252.12
8040,2025-03-10,33,12,1,19.3,True,3377.5,1519.88
8041,2025-03-10,33,29,1,13.8,False,0.0,1086.75
8042,2025-03-17,33,8,2,19.8,True,3465.0,1559.25
8043,2025-03-17,33,29,2,17.9,False,0.0,1409.62
8044,2025-03-24,33,11,2,16.4,True,2870.0,1291.5
8045,2025-03-24,33,29,2,18.2,False,0.0,1433.25
8046,2025-03-31,33,22,1,23.2,True,4060.0,1827.0
8047,2025-03-31,33,29,1,10.8,False,0.0,850.5
8048,2025-04-07,33,11,3,21.7,True,3797.5,1708.88
8049,2025-04-07,33,29,3,16.6,False,0.0,1307.25
8050,2025-04-14,33,11,1,2.8,True,490.0,220.5
8051,2025-04-14,33,21,1,17.8,True,3115.0,1401.75
8052,2025-04-14,33,29,1,13.7,False,0.0,1078.88
8053,2025-04-21,33,11,2,16.5,True,2887.5,1299.38
8054,2025-04-21,33,29,2,19.6,False,0.0,1543.5
8055,2025-04-28,33,11,1,1.2,True,210.0,94.5
8056,2025-04-28,33,12,1,18.6,True,3255.0,1464.75
8057,2025-04-28,33,29,1,15.0,False,0.0,1181.25
8058,2025-05-05,33,10,1,18.9,True,3307.5,1488.38
8059,2025-05-05,33,29,1,19.1,False,0.0,1504.12
8060,2025-05-12,33,5,2,15.2,True,2660.0,1197.0
8061,2025-05-12,33,29,2,20.5,False,0.0,1614.38
8062,2025-05-19,33,12,2,22.3,True,3902.5,1756.12
8063,2025-05-19,33,29,2,16.0,False,0.0,1260.0
8064,2025-05-26,33,5,1,1.2,True,210.0,94.5
8065,2025-05-26,33,22,1,16.5,True,2887.5,1299.38
8066,2025-05-26,33,29,1,20.5,False,0.0,1614.38
8067,2025-06-02,33,24,1,17.5,True,3062.5,1378.12
8068,2025-06-02,33,29,1,11.3,False,0.0,889.88
8069,2025-06-09,33,8,1,17.0,True,2975.0,1338.75
8070,2025-06-09,33,29,1,13.9,False,0.0,1094.62
8071,2025-06-16,33,8,2,21.0,True,3675.0,1653.75
8072,2025-06-16,33,29,2,12.9,False,0.0,1015.88
8073,2025-06-23,33,11,1,15.2,True,2660.0,1197.0
8074,2025-06-23,33,29,1,15.3,False,0.0,1204.88
8075,2025-06-30,33,11,2,20.2,True,3535.0,1590.75
8076,2025-06-30,33,29,2,12.8,False,0.0,1008.0
8077,2025-07-07,33,12,1,11.4,True,1995.0,897.75
8078,2025-07-07,33,29,1,9.7,False,0.0,763.88
8079,2025-07-14,33,11,2,10.8,True,1890.0,850.5
8080,2025-07-14,33,29,2,8.1,False,0.0,637.88
8081,2025-07-21,33,5,1,6.5,True,1137.5,511.88
8082,2025-07-21,33,16,1,3.8,True,665.0,299.25
8083,2025-07-21,33,29,1,10.1,False,0.0,795.38
8084,2025-07-28,33,10,1,11.9,True,2082.5,937.12
8085,2025-07-28,33,29,1,9.2,False,0.0,724.5
8086,2025-08-04,33,5,3,4.4,True,770.0,346.5
8087,2025-08-04,33,25,3,16.1,True,2817.5,1267.88
8088,2025-08-04,33,29,3,12.3,False,0.0,968.62
8089,2025-08-11,33,5,1,22.1,True,3867.5,1740.38
8090,2025-08-11,33,29,1,14.9,False,0.0,1173.38
8091,2025-08-18,33,12,2,5.1,True,892.5,401.62
8092,2025-08-18,33,25,2,17.0,True,2975.0,1338.75
8093,2025-08-18,33,29,2,13.2,False,0.0,1039.5
8094,2025-08-25,33,21,3,20.2,True,3535.0,1590.75
8095,2025-08-25,33,29,3,11.8,False,0.0,929.25
8096,2025-09-01,33,11,3,13.7,True,2397.5,1078.88
8097,2025-09-01,33,25,3,6.8,True,1190.0,535.5
8098,2025-09-01,33,29,3,15.5,False,0.0,1220.62
8099,2025-09-08,33,10,1,20.4,True,3570.0,1606.5
8100,2025-09-08,33,29,1,15.8,False,0.0,1244.25
8101,2025-09-15,33,8,3,23.9,True,4182.5,1882.12
8102,2025-09-15,33,10,3,1.7,True,297.5,133.88
8103,2025-09-15,33,29,3,14.0,False,0.0,1102.5
8104,2025-09-22,33,10,2,13.8,True,2415.0,1086.75
8105,2025-09-22,33,25,2,5.8,True,1015.0,456.75
8106,2025-09-22,33,29,2,16.4,False,0.0,1291.5
8107,2025-09-29,33,22,3,20.5,True,3587.5,1614.38
8108,2025-09-29,33,29,3,14.9,False,0.0,1173.38
8109,2025-10-06,33,12,1,19.0,True,3325.0,1496.25
8110,2025-10-06,33,5,1,4.2,True,735.0,330.75
8111,2025-10-06,33,29,1,16.5,False,0.0,1299.38
8112,2025-10-13,33,25,1,3.9,True,682.5,307.12
8113,2025-10-13,33,10,1,16.1,True,2817.5,1267.88
8114,2025-10-13,33,29,1,16.3,False,0.0,1283.62
8115,2025-10-20,33,16,3,26.1,True,4567.5,2055.38
8116,2025-10-20,33,29,3,14.4,False,0.0,1134.0
8117,2025-10-27,33,11,2,10.2,True,1785.0,803.25
8118,2025-10-27,33,21,2,12.6,True,2205.0,992.25
8119,2025-10-27,33,29,2,14.1,False,0.0,1110.38
8120,2025-11-03,33,25,2,19.5,True,3412.5,1535.62
8121,2025-11-03,33,29,2,17.8,False,0.0,1401.75
8122,2025-11-10,33,11,3,21.8,True,3815.0,1716.75
8123,2025-11-10,33,29,3,18.7,False,0.0,1472.62
8124,2025-11-17,33,16,2,15.7,True,2747.5,1236.38
8125,2025-11-17,33,29,2,17.9,False,0.0,1409.62
8126,2025-11-24,33,24,2,13.4,True,2345.0,1055.25
8127,2025-11-24,33,29,2,19.7,False,0.0,1551.38
8128,2025-12-01,33,21,1,14.3,True,2502.5,1126.12
8129,2025-12-01,33,29,1,15.7,False,0.0,1236.38
8130,2025-12-08,33,21,1,1.8,True,315.0,141.75
8131,2025-12-08,33,12,1,11.1,True,1942.5,874.12
8132,2025-12-08,33,29,1,14.3,False,0.0,1126.12
8133,2025-12-15,33,25,2,14.2,True,2485.0,1118.25
8134,2025-12-15,33,29,2,15.2,False,0.0,1197.0
8135,2025-12-22,33,24,1,17.1,True,2992.5,1346.62
8136,2025-12-22,33,29,1,14.1,False,0.0,1110.38
8137,2025-12-29,33,25,2,17.4,True,3045.0,1370.25
8138,2025-12-29,33,29,2,11.4,False,0.0,897.75
8139,2024-01-01,34,15,3,25.9,True,2104.38,946.9
8140,2024-01-01,34,23,3,7.7,True,625.62,281.51
8141,2024-01-01,34,17,3,3.7,False,0.0,135.27
8142,2024-01-08,34,23,3,28.7,True,2331.88,1049.27
8143,2024-01-08,34,17,3,8.4,False,0.0,307.1
8144,2024-01-15,34,23,3,29.9,True,2429.38,1093.14
8145,2024-01-15,34,17,3,4.6,False,0.0,168.18
8146,2024-01-22,34,23,1,8.5,True,690.62,310.76
8147,2024-01-22,34,15,1,17.9,True,1454.37,654.42
8148,2024-01-22,34,17,1,7.0,False,0.0,255.92
8149,2024-01-29,34,23,1,22.3,True,1811.88,815.29
8150,2024-01-29,34,17,1,13.6,False,0.0,497.22
8151,2024-02-05,34,23,2,27.1,True,2201.88,990.78
8152,2024-02-05,34,17,2,12.0,False,0.0,438.72
8153,2024-02-12,34,19,2,25.8,True,2096.25,943.25
8154,2024-02-12,34,17,2,11.2,False,0.0,409.47
8155,2024-02-19,34,15,3,12.2,True,991.25,446.03
8156,2024-02-19,34,23,3,14.1,True,1145.62,515.5
8157,2024-02-19,34,17,3,6.8,False,0.0,248.61
8158,2024-02-26,34,15,2,4.3,True,349.38,157.21
8159,2024-02-26,34,19,2,18.9,True,1535.62,690.98
8160,2024-02-26,34,17,2,10.8,False,0.0,394.85
8161,2024-03-04,34,23,3,34.6,True,2811.25,1264.98
8162,2024-03-04,34,17,3,1.4,False,0.0,51.18
8163,2024-03-11,34,23,1,29.7,True,2413.12,1085.83
8164,2024-03-11,34,17,1,11.6,False,0.0,424.1
8165,2024-03-18,34,23,3,26.5,True,2153.12,968.84
8166,2024-03-18,34,17,3,9.4,False,0.0,343.66
8167,2024-03-25,34,23,3,4.4,True,357.5,160.86
8168,2024-03-25,34,15,3,27.6,True,2242.5,1009.06
8169,2024-03-25,34,17,3,2.9,False,0.0,106.02
8170,2024-04-01,34,23,3,25.7,True,2088.12,939.59
8171,2024-04-01,34,17,3,6.6,False,0.0,241.3
8172,2024-04-08,34,15,3,5.4,True,438.75,197.42
8173,2024-04-08,34,19,3,24.6,True,1998.75,899.38
8174,2024-04-08,34,17,3,7.7,False,0.0,281.51
8175,2024-04-15,34,15,1,28.3,True,2299.38,1034.65
8176,2024-04-15,34,17,1,4.6,False,0.0,168.18
8177,2024-04-22,34,15,1,14.0,True,1137.5,511.84
8178,2024-04-22,34,23,1,10.5,True,853.12,383.88
8179,2024-04-22,34,17,1,8.3,False,0.0,303.45
8180,2024-04-29,34,23,1,25.7,True,2088.12,939.59
8181,2024-04-29,34,17,1,12.9,False,0.0,471.62
8182,2024-05-06,34,15,2,22.1,True,1795.63,807.98
8183,2024-05-06,34,19,2,7.1,True,576.88,259.58
8184,2024-05-06,34,17,2,11.6,False,0.0,424.1
8185,2024-05-13,34,23,1,28.3,True,2299.38,1034.65
8186,2024-05-13,34,19,1,3.1,True,251.88,113.34
8187,2024-05-13,34,17,1,4.3,False,0.0,157.21
8188,2024-05-20,34,23,3,29.6,True,2405.0,1082.18
8189,2024-05-20,34,17,3,9.0,False,0.0,329.04
8190,2024-05-27,34,23,3,26.5,True,2153.12,968.84
8191,2024-05-27,34,15,3,12.2,True,991.25,446.03
8192,2024-05-27,34,17,3,1.0,False,0.0,36.56
8193,2024-06-03,34,19,3,27.2,True,2210.0,994.43
8194,2024-06-03,34,17,3,5.4,False,0.0,197.42
8195,2024-06-10,34,19,1,23.1,True,1876.88,844.54
8196,2024-06-10,34,17,1,8.8,False,0.0,321.73
8197,2024-06-17,34,19,3,23.3,True,1893.12,851.85
8198,2024-06-17,34,17,3,7.6,False,0.0,277.86
8199,2024-06-24,34,19,1,24.2,True,1966.25,884.75
8200,2024-06-24,34,17,1,6.3,False,0.0,230.33
8201,2024-07-01,34,19,2,12.6,True,1023.75,460.66
8202,2024-07-01,34,17,2,6.6,False,0.0,241.3
8203,2024-07-08,34,19,3,15.9,True,1291.88,581.3
8204,2024-07-08,34,17,3,4.0,False,0.0,146.24
8205,2024-07-15,34,15,3,2.2,True,178.75,80.43
8206,2024-07-15,34,19,3,13.4,True,1088.75,489.9
8207,2024-07-15,34,17,3,5.1,False,0.0,186.46
8208,2024-07-22,34,15,3,20.3,True,1649.38,742.17
8209,2024-07-22,34,17,3,1.2,False,0.0,43.87
8210,2024-07-29,34,23,2,4.2,True,341.25,153.55
8211,2024-07-29,34,15,2,10.1,True,820.62,369.26
8212,2024-07-29,34,17,2,5.1,False,0.0,186.46
8213,2024-08-05,34,23,3,32.8,True,2665.0,1199.17
8214,2024-08-05,34,17,3,2.0,False,0.0,73.12
8215,2024-08-12,34,23,2,24.5,True,1990.62,895.72
8216,2024-08-12,34,17,2,7.9,False,0.0,288.82
8217,2024-08-19,34,23,3,32.8,True,2665.0,1199.17
8218,2024-08-19,34,17,3,3.9,False,0.0,142.58
8219,2024-08-26,34,19,1,21.8,True,1771.25,797.01
8220,2024-08-26,34,17,1,8.4,False,0.0,307.1
8221,2024-09-02,34,19,1,12.6,True,1023.75,460.66
8222,2024-09-02,34,15,1,23.4,True,1901.25,855.5
8223,2024-09-02,34,17,1,3.7,False,0.0,135.27
8224,2024-09-09,34,19,3,5.9,True,479.38,215.7
8225,2024-09-09,34,15,3,21.9,True,1779.37,800.66
8226,2024-09-09,34,17,3,8.9,False,0.0,325.38
8227,2024-09-16,34,19,1,37.2,True,3022.5,1360.03
8228,2024-09-16,34,17,1,1.3,False,0.0,47.53
8229,2024-09-23,34,15,3,15.7,True,1275.62,573.99
8230,2024-09-23,34,23,3,17.5,True,1421.88,639.8
8231,2024-09-23,34,17,3,4.5,False,0.0,164.52
8232,2024-09-30,34,15,3,34.2,True,2778.75,1250.35
8233,2024-09-30,34,17,3,5.3,False,0.0,193.77
8234,2024-10-07,34,19,3,31.9,True,2591.88,1166.26
8235,2024-10-07,34,17,3,4.4,False,0.0,160.86
8236,2024-10-14,34,23,3,18.2,True,1478.75,665.39
8237,2024-10-14,34,19,3,13.1,True,1064.38,478.94
8238,2024-10-14,34,17,3,8.4,False,0.0,307.1
8239,2024-10-21,34,19,2,24.4,True,1982.5,892.06
8240,2024-10-21,34,17,2,11.0,False,0.0,402.16
8241,2024-10-28,34,15,2,20.0,True,1625.0,731.2
8242,2024-10-28,34,23,2,6.4,True,520.0,233.98
8243,2024-10-28,34,17,2,12.0,False,0.0,438.72
8244,2024-11-04,34,15,3,34.8,True,2827.5,1272.29
8245,2024-11-04,34,17,3,3.2,False,0.0,116.99
8246,2024-11-11,34,19,3,29.9,True,2429.38,1093.14
8247,2024-11-11,34,17,3,4.0,False,0.0,146.24
8248,2024-11-18,34,23,3,34.1,True,2770.62,1246.7
8249,2024-11-18,34,17,3,3.3,False,0.0,120.65
8250,2024-11-25,34,23,1,27.5,True,2234.38,1005.4
8251,2024-11-25,34,17,1,8.7,False,0.0,318.07
8252,2024-12-02,34,19,3,24.9,True,2023.12,910.34
8253,2024-12-02,34,17,3,1.4,False,0.0,51.18
8254,2024-12-09,34,19,2,22.7,True,1844.38,829.91
8255,2024-12-09,34,17,2,9.0,False,0.0,329.04
8256,2024-12-16,34,23,1,23.0,True,1868.75,840.88
8257,2024-12-16,34,17,1,5.4,False,0.0,197.42
8258,2024-12-23,34,15,3,24.6,True,1998.75,899.38
8259,2024-12-23,34,17,3,4.7,False,0.0,171.83
8260,2024-12-30,34,23,2,21.4,True,1738.75,782.38
8261,2024-12-30,34,17,2,7.5,False,0.0,274.2
8262,2025-01-06,34,15,3,18.6,True,1511.25,680.02
8263,2025-01-06,34,19,3,3.3,True,268.12,120.65
8264,2025-01-06,34,17,3,9.1,False,0.0,332.7
8265,2025-01-13,34,15,1,20.4,True,1657.5,745.82
8266,2025-01-13,34,17,1,11.4,False,0.0,416.78
8267,2025-01-20,34,15,2,26.0,True,2112.5,950.56
8268,2025-01-20,34,17,2,9.4,False,0.0,343.66
8269,2025-01-27,34,23,1,2.9,True,235.62,106.02
8270,2025-01-27,34,19,1,22.4,True,1820.0,818.94
8271,2025-01-27,34,17,1,10.8,False,0.0,394.85
8272,2025-02-03,34,19,1,5.9,True,479.38,215.7
8273,2025-02-03,34,23,1,20.7,True,1681.88,756.79
8274,2025-02-03,34,17,1,12.8,False,0.0,467.97
8275,2025-02-10,34,15,2,24.3,True,1974.38,888.41
8276,2025-02-10,34,17,2,12.7,False,0.0,464.31
8277,2025-02-17,34,23,1,23.4,True,1901.25,855.5
8278,2025-02-17,34,15,1,1.7,True,138.12,62.15
8279,2025-02-17,34,17,1,9.4,False,0.0,343.66
8280,2025-02-24,34,19,3,20.4,True,1657.5,745.82
8281,2025-02-24,34,23,3,9.1,True,739.38,332.7
8282,2025-02-24,34,17,3,7.8,False,0.0,285.17
8283,2025-03-03,34,15,1,16.8,True,1365.0,614.21
8284,2025-03-03,34,19,1,9.2,True,747.5,336.35
8285,2025-03-03,34,17,1,9.9,False,0.0,361.94
8286,2025-03-10,34,23,1,23.0,True,1868.75,840.88
8287,2025-03-10,34,17,1,11.9,False,0.0,435.06
8288,2025-03-17,34,19,1,22.1,True,1795.63,807.98
8289,2025-03-17,34,23,1,3.4,True,276.25,124.3
8290,2025-03-17,34,17,1,10.3,False,0.0,376.57
8291,2025-03-24,34,15,1,7.5,True,609.38,274.2
8292,2025-03-24,34,23,1,19.0,True,1543.75,694.64
8293,2025-03-24,34,17,1,10.7,False,0.0,391.19
8294,2025-03-31,34,15,1,24.2,True,1966.25,884.75
8295,2025-03-31,34,17,1,11.1,False,0.0,405.82
8296,2025-04-07,34,15,3,28.0,True,2275.0,1023.68
8297,2025-04-07,34,19,3,6.7,True,544.38,244.95
8298,2025-04-07,34,17,3,1.1,False,0.0,40.22
8299,2025-04-14,34,19,3,35.2,True,2860.0,1286.91
8300,2025-04-14,34,17,3,4.6,False,0.0,168.18
8301,2025-04-21,34,23,2,23.7,True,1925.62,866.47
8302,2025-04-21,34,19,2,6.0,True,487.5,219.36
8303,2025-04-21,34,17,2,10.3,False,0.0,376.57
8304,2025-04-28,34,23,1,5.7,True,463.12,208.39
8305,2025-04-28,34,19,1,17.9,True,1454.37,654.42
8306,2025-04-28,34,17,1,10.4,False,0.0,380.22
8307,2025-05-05,34,19,1,27.1,True,2201.88,990.78
8308,2025-05-05,34,17,1,8.8,False,0.0,321.73
8309,2025-05-12,34,23,2,25.9,True,2104.38,946.9
8310,2025-05-12,34,17,2,10.0,False,0.0,365.6
8311,2025-05-19,34,19,2,8.8,True,715.0,321.73
8312,2025-05-19,34,15,2,20.7,True,1681.88,756.79
8313,2025-05-19,34,17,2,9.2,False,0.0,336.35
8314,2025-05-26,34,19,2,0.5,True,40.62,18.28
8315,2025-05-26,34,15,2,26.2,True,2128.75,957.87
8316,2025-05-26,34,17,2,14.0,False,0.0,511.84
8317,2025-06-02,34,23,3,6.7,True,544.38,244.95
8318,2025-06-02,34,15,3,20.2,True,1641.25,738.51
8319,2025-06-02,34,17,3,5.7,False,0.0,208.39
8320,2025-06-09,34,23,2,23.1,True,1876.88,844.54
8321,2025-06-09,34,17,2,10.7,False,0.0,391.19
8322,2025-06-16,34,23,1,22.4,True,1820.0,818.94
8323,2025-06-16,34,19,1,7.9,True,641.88,288.82
8324,2025-06-16,34,17,1,1.5,False,0.0,54.84
8325,2025-06-23,34,15,1,9.7,True,788.12,354.63
8326,2025-06-23,34,23,1,12.3,True,999.38,449.69
8327,2025-06-23,34,17,1,7.7,False,0.0,281.51
8328,2025-06-30,34,19,1,20.4,True,1657.5,745.82
8329,2025-06-30,34,17,1,13.4,False,0.0,489.9
8330,2025-07-07,34,23,1,17.5,True,1421.88,639.8
8331,2025-07-07,34,17,1,3.5,False,0.0,127.96
8332,2025-07-14,34,19,3,17.9,True,1454.37,654.42
8333,2025-07-14,34,17,3,3.6,False,0.0,131.62
8334,2025-07-21,34,23,1,17.0,True,1381.25,621.52
8335,2025-07-21,34,17,1,4.4,False,0.0,160.86
8336,2025-07-28,34,15,1,0.5,True,40.62,18.28
8337,2025-07-28,34,23,1,16.9,True,1373.12,617.86
8338,2025-07-28,34,17,1,4.1,False,0.0,149.9
8339,2025-08-04,34,19,3,18.2,True,1478.75,665.39
8340,2025-08-04,34,23,3,6.1,True,495.62,223.02
8341,2025-08-04,34,17,3,6.2,False,0.0,226.67
8342,2025-08-11,34,19,1,26.6,True,2161.25,972.5
8343,2025-08-11,34,17,1,8.6,False,0.0,314.42
8344,2025-08-18,34,19,2,4.3,True,349.38,157.21
8345,2025-08-18,34,23,2,12.6,True,1023.75,460.66
8346,2025-08-18,34,17,2,14.0,False,0.0,511.84
8347,2025-08-25,34,15,3,33.6,True,2730.0,1228.42
8348,2025-08-25,34,17,3,1.6,False,0.0,58.5
8349,2025-09-01,34,19,3,29.8,True,2421.25,1089.49
8350,2025-09-01,34,17,3,4.1,False,0.0,149.9
8351,2025-09-08,34,19,3,23.9,True,1941.87,873.78
8352,2025-09-08,34,17,3,10.5,False,0.0,383.88
8353,2025-09-15,34,15,3,31.4,True,2551.25,1147.98
8354,2025-09-15,34,17,3,4.6,False,0.0,168.18
8355,2025-09-22,34,15,1,23.3,True,1893.12,851.85
8356,2025-09-22,34,23,1,1.6,True,130.0,58.5
8357,2025-09-22,34,17,1,10.5,False,0.0,383.88
8358,2025-09-29,34,19,1,30.6,True,2486.25,1118.74
8359,2025-09-29,34,17,1,10.2,False,0.0,372.91
8360,2025-10-06,34,15,1,13.5,True,1096.88,493.56
8361,2025-10-06,34,23,1,17.9,True,1454.37,654.42
8362,2025-10-06,34,17,1,9.4,False,0.0,343.66
8363,2025-10-13,34,23,2,19.4,True,1576.25,709.26
8364,2025-10-13,34,15,2,8.3,True,674.38,303.45
8365,2025-10-13,34,17,2,11.1,False,0.0,405.82
8366,2025-10-20,34,19,2,23.3,True,1893.12,851.85
8367,2025-10-20,34,17,2,12.5,False,0.0,457.0
8368,2025-10-27,34,19,1,25.3,True,2055.62,924.97
8369,2025-10-27,34,17,1,14.8,False,0.0,541.09
8370,2025-11-03,34,15,3,30.2,True,2453.75,1104.11
8371,2025-11-03,34,17,3,5.6,False,0.0,204.74
8372,2025-11-10,34,23,1,24.1,True,1958.13,881.1
8373,2025-11-10,34,17,1,10.7,False,0.0,391.19
8374,2025-11-17,34,23,2,27.6,True,2242.5,1009.06
8375,2025-11-17,34,17,2,10.0,False,0.0,365.6
8376,2025-11-24,34,23,3,33.0,True,2681.25,1206.48
8377,2025-11-24,34,17,3,2.8,False,0.0,102.37
8378,2025-12-01,34,19,3,28.6,True,2323.75,1045.62
8379,2025-12-01,34,17,3,0.6,False,0.0,21.94
8380,2025-12-08,34,15,3,20.1,True,1633.13,734.86
8381,2025-12-08,34,17,3,5.2,False,0.0,190.11
8382,2025-12-15,34,19,3,25.5,True,2071.88,932.28
8383,2025-12-15,34,17,3,1.8,False,0.0,65.81
8384,2025-12-22,34,19,3,24.6,True,1998.75,899.38
8385,2025-12-22,34,17,3,6.1,False,0.0,223.02
8386,2025-12-29,34,15,1,15.4,True,1251.25,563.02
8387,2025-12-29,34,23,1,7.4,True,601.25,270.54
8388,2025-12-29,34,17,1,7.2,False,0.0,263.23
8389,2024-01-01,35,7,1,22.2,True,1659.45,746.81
8390,2024-01-01,35,30,1,12.7,False,0.0,427.23
8391,2024-01-08,35,9,2,14.6,True,1091.35,491.14
8392,2024-01-08,35,30,2,17.3,False,0.0,581.97
8393,2024-01-15,35,13,1,11.6,True,867.1,390.22
8394,2024-01-15,35,28,1,8.0,True,598.0,269.12
8395,2024-01-15,35,30,1,14.2,False,0.0,477.69
8396,2024-01-22,35,9,1,18.9,True,1412.78,635.8
8397,2024-01-22,35,30,1,15.9,False,0.0,534.88
8398,2024-01-29,35,7,2,1.4,True,104.65,47.1
8399,2024-01-29,35,13,2,15.2,True,1136.2,511.33
8400,2024-01-29,35,30,2,21.0,False,0.0,706.44
8401,2024-02-05,35,9,1,3.0,True,224.25,100.92
8402,2024-02-05,35,7,1,19.8,True,1480.05,666.07
8403,2024-02-05,35,30,1,16.5,False,0.0,555.06
8404,2024-02-12,35,9,2,17.4,True,1300.65,585.34
8405,2024-02-12,35,30,2,18.8,False,0.0,632.43
8406,2024-02-19,35,7,2,1.4,True,104.65,47.1
8407,2024-02-19,35,13,2,27.3,True,2040.68,918.37
8408,2024-02-19,35,30,2,10.8,False,0.0,363.31
8409,2024-02-26,35,28,2,18.1,True,1352.98,608.88
8410,2024-02-26,35,30,2,17.4,False,0.0,585.34
8411,2024-03-04,35,13,3,20.2,True,1509.95,679.53
8412,2024-03-04,35,28,3,4.2,True,313.95,141.29
8413,2024-03-04,35,30,3,9.9,False,0.0,333.04
8414,2024-03-11,35,28,1,15.5,True,1158.62,521.42
8415,2024-03-11,35,30,1,18.4,False,0.0,618.98
8416,2024-03-18,35,9,1,22.7,True,1696.82,763.63
8417,2024-03-18,35,30,1,16.7,False,0.0,561.79
8418,2024-03-25,35,13,1,21.9,True,1637.02,736.72
8419,2024-03-25,35,30,1,19.1,False,0.0,642.52
8420,2024-04-01,35,13,1,25.1,True,1876.22,844.36
8421,2024-04-01,35,30,1,11.3,False,0.0,380.13
8422,2024-04-08,35,28,2,22.4,True,1674.4,753.54
8423,2024-04-08,35,30,2,14.5,False,0.0,487.78
8424,2024-04-15,35,13,2,16.2,True,1210.95,544.97
8425,2024-04-15,35,28,2,7.3,True,545.67,245.57
8426,2024-04-15,35,30,2,13.8,False,0.0,464.23
8427,2024-04-22,35,13,2,19.1,True,1427.72,642.52
8428,2024-04-22,35,30,2,13.5,False,0.0,454.14
8429,2024-04-29,35,7,1,14.2,True,1061.45,477.69
8430,2024-04-29,35,9,1,7.2,True,538.2,242.21
8431,2024-04-29,35,30,1,14.8,False,0.0,497.87
8432,2024-05-06,35,13,2,18.5,True,1382.88,622.34
8433,2024-05-06,35,30,2,16.1,False,0.0,541.6
8434,2024-05-13,35,28,1,15.5,True,1158.62,521.42
8435,2024-05-13,35,13,1,7.5,True,560.62,252.3
8436,2024-05-13,35,30,1,13.2,False,0.0,444.05
8437,2024-05-20,35,13,2,15.8,True,1181.05,531.51
8438,2024-05-20,35,30,2,17.7,False,0.0,595.43
8439,2024-05-27,35,7,2,20.3,True,1517.42,682.89
8440,2024-05-27,35,30,2,12.9,False,0.0,433.96
8441,2024-06-03,35,7,2,1.8,True,134.55,60.55
8442,2024-06-03,35,13,2,13.7,True,1024.08,460.87
8443,2024-06-03,35,30,2,12.8,False,0.0,430.59
8444,2024-06-10,35,28,2,19.3,True,1442.68,649.25
8445,2024-06-10,35,30,2,15.2,False,0.0,511.33
8446,2024-06-17,35,13,2,18.9,True,1412.78,635.8
8447,2024-06-17,35,30,2,13.4,False,0.0,450.78
8448,2024-06-24,35,7,1,10.8,True,807.3,363.31
8449,2024-06-24,35,28,1,10.2,True,762.45,343.13
8450,2024-06-24,35,30,1,14.7,False,0.0,494.51
8451,2024-07-01,35,9,2,11.3,True,844.68,380.13
8452,2024-07-01,35,30,2,8.6,False,0.0,289.3
8453,2024-07-08,35,7,2,11.4,True,852.15,383.5
8454,2024-07-08,35,30,2,9.7,False,0.0,326.31
8455,2024-07-15,35,13,1,9.1,True,680.22,306.12
8456,2024-07-15,35,30,1,10.5,False,0.0,353.22
8457,2024-07-22,35,28,3,14.5,True,1083.88,487.78
8458,2024-07-22,35,30,3,5.9,False,0.0,198.48
8459,2024-07-29,35,13,1,11.5,True,859.62,386.86
8460,2024-07-29,35,30,1,8.5,False,0.0,285.94
8461,2024-08-05,35,28,1,23.1,True,1726.72,777.08
8462,2024-08-05,35,30,1,12.3,False,0.0,413.77
8463,2024-08-12,35,9,1,14.8,True,1106.3,497.87
8464,2024-08-12,35,13,1,7.0,True,523.25,235.48
8465,2024-08-12,35,30,1,12.3,False,0.0,413.77
8466,2024-08-19,35,28,2,16.3,True,1218.42,548.33
8467,2024-08-19,35,30,2,16.5,False,0.0,555.06
8468,2024-08-26,35,13,2,2.7,True,201.82,90.83
8469,2024-08-26,35,9,2,19.1,True,1427.72,642.52
8470,2024-08-26,35,30,2,12.3,False,0.0,413.77
8471,2024-09-02,35,28,2,26.0,True,1943.5,874.64
8472,2024-09-02,35,30,2,14.7,False,0.0,494.51
8473,2024-09-09,35,7,2,15.6,True,1166.1,524.78
8474,2024-09-09,35,30,2,18.1,False,0.0,608.88
8475,2024-09-16,35,13,2,22.1,True,1651.98,743.44
8476,2024-09-16,35,30,2,15.3,False,0.0,514.69
8477,2024-09-23,35,13,2,19.1,True,1427.72,642.52
8478,2024-09-23,35,30,2,17.0,False,0.0,571.88
8479,2024-09-30,35,7,2,8.9,True,665.28,299.4
8480,2024-09-30,35,13,2,14.8,True,1106.3,497.87
8481,2024-09-30,35,30,2,13.7,False,0.0,460.87
8482,2024-10-07,35,7,1,21.9,True,1637.02,736.72
8483,2024-10-07,35,30,1,15.1,False,0.0,507.96
8484,2024-10-14,35,28,2,10.9,True,814.78,366.68
8485,2024-10-14,35,7,2,9.4,True,702.65,316.22
8486,2024-10-14,35,30,2,16.1,False,0.0,541.6
8487,2024-10-21,35,28,3,24.5,True,1831.38,824.18
8488,2024-10-21,35,9,3,1.0,True,74.75,33.64
8489,2024-10-21,35,30,3,15.1,False,0.0,507.96
8490,2024-10-28,35,9,2,23.5,True,1756.62,790.54
8491,2024-10-28,35,30,2,12.4,False,0.0,417.14
8492,2024-11-04,35,9,2,16.0,True,1196.0,538.24
8493,2024-11-04,35,30,2,19.0,False,0.0,639.16
8494,2024-11-11,35,7,1,20.7,True,1547.32,696.35
8495,2024-11-11,35,30,1,15.8,False,0.0,531.51
8496,2024-11-18,35,7,2,20.2,True,1509.95,679.53
8497,2024-11-18,35,9,2,1.2,True,89.7,40.37
8498,2024-11-18,35,30,2,15.5,False,0.0,521.42
8499,2024-11-25,35,13,1,21.1,True,1577.22,709.8
8500,2024-11-25,35,30,1,12.6,False,0.0,423.86
8501,2024-12-02,35,13,2,17.2,True,1285.7,578.61
8502,2024-12-02,35,30,2,15.3,False,0.0,514.69
8503,2024-12-09,35,9,1,14.8,True,1106.3,497.87
8504,2024-12-09,35,30,1,14.7,False,0.0,494.51
8505,2024-12-16,35,13,1,6.4,True,478.4,215.3
8506,2024-12-16,35,7,1,13.8,True,1031.55,464.23
8507,2024-12-16,35,30,1,12.8,False,0.0,430.59
8508,2024-12-23,35,9,1,16.6,True,1240.85,558.42
8509,2024-12-23,35,7,1,1.2,True,89.7,40.37
8510,2024-12-23,35,30,1,12.1,False,0.0,407.04
8511,2024-12-30,35,9,1,18.9,True,1412.78,635.8
8512,2024-12-30,35,30,1,10.9,False,0.0,366.68
8513,2025-01-06,35,9,1,17.9,True,1338.02,602.16
8514,2025-01-06,35,30,1,14.7,False,0.0,494.51
8515,2025-01-13,35,9,1,20.3,True,1517.42,682.89
8516,2025-01-13,35,30,1,15.8,False,0.0,531.51
8517,2025-01-20,35,7,1,16.8,True,1255.8,565.15
8518,2025-01-20,35,30,1,14.0,False,0.0,470.96
8519,2025-01-27,35,28,2,20.1,True,1502.48,676.16
8520,2025-01-27,35,30,2,13.4,False,0.0,450.78
8521,2025-02-03,35,13,3,21.8,True,1629.55,733.35
8522,2025-02-03,35,30,3,12.1,False,0.0,407.04
8523,2025-02-10,35,13,1,19.5,True,1457.62,655.98
8524,2025-02-10,35,30,1,12.8,False,0.0,430.59
8525,2025-02-17,35,13,1,13.7,True,1024.08,460.87
8526,2025-02-17,35,28,1,5.9,True,441.02,198.48
8527,2025-02-17,35,30,1,17.3,False,0.0,581.97
8528,2025-02-24,35,7,2,8.8,True,657.8,296.03
8529,2025-02-24,35,13,2,13.6,True,1016.6,457.5
8530,2025-02-24,35,30,2,17.6,False,0.0,592.06
8531,2025-03-03,35,7,2,18.6,True,1390.35,625.7
8532,2025-03-03,35,30,2,16.5,False,0.0,555.06
8533,2025-03-10,35,7,1,17.8,True,1330.55,598.79
8534,2025-03-10,35,30,1,19.5,False,0.0,655.98
8535,2025-03-17,35,13,2,17.9,True,1338.02,602.16
8536,2025-03-17,35,30,2,16.9,False,0.0,568.52
8537,2025-03-24,35,9,2,17.9,True,1338.02,602.16
8538,2025-03-24,35,28,2,2.4,True,179.4,80.74
8539,2025-03-24,35,30,2,17.6,False,0.0,592.06
8540,2025-03-31,35,9,2,20.4,True,1524.9,686.26
8541,2025-03-31,35,30,2,14.9,False,0.0,501.24
8542,2025-04-07,35,13,2,18.9,True,1412.78,635.8
8543,2025-04-07,35,30,2,17.3,False,0.0,581.97
8544,2025-04-14,35,13,3,22.2,True,1659.45,746.81
8545,2025-04-14,35,30,3,12.8,False,0.0,430.59
8546,2025-04-21,35,28,2,4.5,True,336.38,151.38
8547,2025-04-21,35,7,2,14.8,True,1106.3,497.87
8548,2025-04-21,35,30,2,15.6,False,0.0,524.78
8549,2025-04-28,35,9,2,17.3,True,1293.18,581.97
8550,2025-04-28,35,30,2,16.9,False,0.0,568.52
8551,2025-05-05,35,13,1,21.5,True,1607.12,723.26
8552,2025-05-05,35,30,1,16.1,False,0.0,541.6
8553,2025-05-12,35,13,2,19.2,True,1435.2,645.89
8554,2025-05-12,35,30,2,18.7,False,0.0,629.07
8555,2025-05-19,35,13,2,12.7,True,949.32,427.23
8556,2025-05-19,35,7,2,9.3,True,695.18,312.85
8557,2025-05-19,35,30,2,15.2,False,0.0,511.33
8558,2025-05-26,35,28,2,20.6,True,1539.85,692.98
8559,2025-05-26,35,30,2,15.0,False,0.0,504.6
8560,2025-06-02,35,9,2,16.7,True,1248.32,561.79
8561,2025-06-02,35,30,2,16.9,False,0.0,568.52
8562,2025-06-09,35,28,2,17.9,True,1338.02,602.16
8563,2025-06-09,35,30,2,15.0,False,0.0,504.6
8564,2025-06-16,35,28,2,8.9,True,665.28,299.4
8565,2025-06-16,35,13,2,5.0,True,373.75,168.2
8566,2025-06-16,35,30,2,17.0,False,0.0,571.88
8567,2025-06-23,35,13,2,9.8,True,732.55,329.67
8568,2025-06-23,35,9,2,5.7,True,426.08,191.75
8569,2025-06-23,35,30,2,17.5,False,0.0,588.7
8570,2025-06-30,35,7,1,16.4,True,1225.9,551.7
8571,2025-06-30,35,30,1,15.9,False,0.0,534.88
8572,2025-07-07,35,9,2,7.4,True,553.15,248.94
8573,2025-07-07,35,7,2,3.2,True,239.2,107.65
8574,2025-07-07,35,30,2,9.6,False,0.0,322.94
8575,2025-07-14,35,28,2,6.4,True,478.4,215.3
8576,2025-07-14,35,13,2,3.4,True,254.15,114.38
8577,2025-07-14,35,30,2,9.4,False,0.0,316.22
8578,2025-07-21,35,9,2,4.7,True,351.32,158.11
8579,2025-07-21,35,7,2,3.5,True,261.62,117.74
8580,2025-07-21,35,30,2,11.8,False,0.0,396.95
8581,2025-07-28,35,28,3,13.5,True,1009.12,454.14
8582,2025-07-28,35,30,3,7.6,False,0.0,255.66
8583,2025-08-04,35,9,2,14.1,True,1053.97,474.32
8584,2025-08-04,35,30,2,16.8,False,0.0,565.15
8585,2025-08-11,35,7,2,2.3,True,171.92,77.37
8586,2025-08-11,35,9,2,14.9,True,1113.78,501.24
8587,2025-08-11,35,30,2,17.5,False,0.0,588.7
8588,2025-08-18,35,7,2,13.8,True,1031.55,464.23
8589,2025-08-18,35,30,2,16.1,False,0.0,541.6
8590,2025-08-25,35,13,2,10.6,True,792.35,356.58
8591,2025-08-25,35,9,2,6.0,True,448.5,201.84
8592,2025-08-25,35,30,2,14.6,False,0.0,491.14
8593,2025-09-01,35,28,2,17.5,True,1308.12,588.7
8594,2025-09-01,35,30,2,19.8,False,0.0,666.07
8595,2025-09-08,35,9,2,18.4,True,1375.4,618.98
8596,2025-09-08,35,30,2,18.6,False,0.0,625.7
8597,2025-09-15,35,7,2,17.9,True,1338.02,602.16
8598,2025-09-15,35,30,2,21.6,False,0.0,726.62
8599,2025-09-22,35,13,1,14.3,True,1068.92,481.05
8600,2025-09-22,35,28,1,4.1,True,306.47,137.92
8601,2025-09-22,35,30,1,20.9,False,0.0,703.08
8602,2025-09-29,35,28,2,17.1,True,1278.23,575.24
8603,2025-09-29,35,30,2,20.5,False,0.0,689.62
8604,2025-10-06,35,28,2,16.4,True,1225.9,551.7
8605,2025-10-06,35,30,2,20.2,False,0.0,679.53
8606,2025-10-13,35,28,1,17.3,True,1293.18,581.97
8607,2025-10-13,35,30,1,17.1,False,0.0,575.24
8608,2025-10-20,35,9,2,10.3,True,769.92,346.49
8609,2025-10-20,35,13,2,9.6,True,717.6,322.94
8610,2025-10-20,35,30,2,18.2,False,0.0,612.25
8611,2025-10-27,35,7,2,3.6,True,269.1,121.1
8612,2025-10-27,35,9,2,13.6,True,1016.6,457.5
8613,2025-10-27,35,30,2,21.5,False,0.0,723.26
8614,2025-11-03,35,9,2,18.3,True,1367.92,615.61
8615,2025-11-03,35,30,2,20.3,False,0.0,682.89
8616,2025-11-10,35,9,2,17.8,True,1330.55,598.79
8617,2025-11-10,35,30,2,16.7,False,0.0,561.79
8618,2025-11-17,35,7,2,19.3,True,1442.68,649.25
8619,2025-11-17,35,30,2,20.4,False,0.0,686.26
8620,2025-11-24,35,9,2,19.6,True,1465.1,659.34
8621,2025-11-24,35,30,2,21.1,False,0.0,709.8
8622,2025-12-01,35,13,2,11.6,True,867.1,390.22
8623,2025-12-01,35,30,2,18.8,False,0.0,632.43
8624,2025-12-08,35,28,1,9.8,True,732.55,329.67
8625,2025-12-08,35,30,1,16.5,False,0.0,555.06
8626,2025-12-15,35,9,1,12.8,True,956.8,430.59
8627,2025-12-15,35,30,1,15.6,False,0.0,524.78
8628,2025-12-22,35,9,3,15.2,True,1136.2,511.33
8629,2025-12-22,35,30,3,12.4,False,0.0,417.14
8630,2025-12-29,35,13,2,14.8,True,1106.3,497.87
8631,2025-12-29,35,30,2,14.5,False,0.0,487.78
8632,2024-01-01,36,7,2,19.0,True,2840.5,1278.32
8633,2024-01-01,36,30,2,16.8,False,0.0,1130.3
8634,2024-01-08,36,28,2,16.5,True,2466.75,1110.12
8635,2024-01-08,36,30,2,20.3,False,0.0,1365.78
8636,2024-01-15,36,9,3,23.6,True,3528.2,1587.81
8637,2024-01-15,36,30,3,11.8,False,0.0,793.9
8638,2024-01-22,36,9,2,5.3,True,792.35,356.58
8639,2024-01-22,36,13,2,10.8,True,1614.6,726.62
8640,2024-01-22,36,30,2,18.3,False,0.0,1231.22
8641,2024-01-29,36,13,1,13.1,True,1958.45,881.37
8642,2024-01-29,36,30,1,17.3,False,0.0,1163.94
8643,2024-02-05,36,28,2,19.4,True,2900.3,1305.23
8644,2024-02-05,36,30,2,16.9,False,0.0,1137.03
8645,2024-02-12,36,13,2,15.9,True,2377.05,1069.75
8646,2024-02-12,36,30,2,19.6,False,0.0,1318.69
8647,2024-02-19,36,9,2,9.1,True,1360.45,612.25
8648,2024-02-19,36,7,2,8.6,True,1285.7,578.61
8649,2024-02-19,36,30,2,15.7,False,0.0,1056.3
8650,2024-02-26,36,13,1,5.7,True,852.15,383.5
8651,2024-02-26,36,28,1,10.7,True,1599.65,719.9
8652,2024-02-26,36,30,1,15.6,False,0.0,1049.57
8653,2024-03-04,36,13,1,21.2,True,3169.4,1426.34
8654,2024-03-04,36,30,1,13.8,False,0.0,928.46
8655,2024-03-11,36,9,3,20.9,True,3124.55,1406.15
8656,2024-03-11,36,30,3,14.8,False,0.0,995.74
8657,2024-03-18,36,13,2,19.5,True,2915.25,1311.96
8658,2024-03-18,36,30,2,14.1,False,0.0,948.65
8659,2024-03-25,36,7,3,21.9,True,3274.05,1473.43
8660,2024-03-25,36,30,3,13.9,False,0.0,935.19
8661,2024-04-01,36,7,2,13.2,True,1973.4,888.1
8662,2024-04-01,36,28,2,6.2,True,926.9,417.14
8663,2024-04-01,36,30,2,15.6,False,0.0,1049.57
8664,2024-04-08,36,13,2,18.2,True,2720.9,1224.5
8665,2024-04-08,36,30,2,16.3,False,0.0,1096.66
8666,2024-04-15,36,13,2,6.8,True,1016.6,457.5
8667,2024-04-15,36,9,2,11.1,True,1659.45,746.81
8668,2024-04-15,36,30,2,15.6,False,0.0,1049.57
8669,2024-04-22,36,9,2,2.7,True,403.65,181.66
8670,2024-04-22,36,13,2,11.8,True,1764.1,793.9
8671,2024-04-22,36,30,2,17.5,False,0.0,1177.4
8672,2024-04-29,36,9,1,12.5,True,1868.75,841.0
8673,2024-04-29,36,28,1,5.9,True,882.05,396.95
8674,2024-04-29,36,30,1,15.1,False,0.0,1015.93
8675,2024-05-06,36,28,2,13.6,True,2033.2,915.01
8676,2024-05-06,36,9,2,2.1,True,313.95,141.29
8677,2024-05-06,36,30,2,15.0,False,0.0,1009.2
8678,2024-05-13,36,9,1,18.6,True,2780.7,1251.41
8679,2024-05-13,36,30,1,19.8,False,0.0,1332.14
8680,2024-05-20,36,7,2,19.7,True,2945.15,1325.42
8681,2024-05-20,36,30,2,16.5,False,0.0,1110.12
8682,2024-05-27,36,9,2,15.2,True,2272.4,1022.66
8683,2024-05-27,36,13,2,2.4,True,358.8,161.47
8684,2024-05-27,36,30,2,16.8,False,0.0,1130.3
8685,2024-06-03,36,9,1,7.5,True,1121.25,504.6
8686,2024-06-03,36,28,1,7.3,True,1091.35,491.14
8687,2024-06-03,36,30,1,14.3,False,0.0,962.1
8688,2024-06-10,36,9,2,16.6,True,2481.7,1116.85
8689,2024-06-10,36,28,2,0.5,True,74.75,33.64
8690,2024-06-10,36,30,2,16.5,False,0.0,1110.12
8691,2024-06-17,36,13,2,16.3,True,2436.85,1096.66
8692,2024-06-17,36,30,2,14.4,False,0.0,968.83
8693,2024-06-24,36,7,2,17.2,True,2571.4,1157.22
8694,2024-06-24,36,30,2,17.3,False,0.0,1163.94
8695,2024-07-01,36,28,1,2.1,True,313.95,141.29
8696,2024-07-01,36,7,1,10.6,True,1584.7,713.17
8697,2024-07-01,36,30,1,9.3,False,0.0,625.7
8698,2024-07-08,36,7,3,12.7,True,1898.65,854.46
8699,2024-07-08,36,30,3,6.7,False,0.0,450.78
8700,2024-07-15,36,7,1,9.6,True,1435.2,645.89
8701,2024-07-15,36,30,1,9.8,False,0.0,659.34
8702,2024-07-22,36,13,1,4.6,True,687.7,309.49
8703,2024-07-22,36,28,1,6.1,True,911.95,410.41
8704,2024-07-22,36,30,1,8.5,False,0.0,571.88
8705,2024-07-29,36,28,1,2.8,True,418.6,188.38
8706,2024-07-29,36,7,1,8.7,True,1300.65,585.34
8707,2024-07-29,36,30,1,9.7,False,0.0,652.62
8708,2024-08-05,36,7,2,3.8,True,568.1,255.66
8709,2024-08-05,36,28,2,12.9,True,1928.55,867.91
8710,2024-08-05,36,30,2,20.6,False,0.0,1385.97
8711,2024-08-12,36,7,1,18.1,True,2705.95,1217.77
8712,2024-08-12,36,30,1,12.7,False,0.0,854.46
8713,2024-08-19,36,9,2,16.9,True,2526.55,1137.03
8714,2024-08-19,36,30,2,15.3,False,0.0,1029.38
8715,2024-08-26,36,7,1,19.8,True,2960.1,1332.14
8716,2024-08-26,36,30,1,14.8,False,0.0,995.74
8717,2024-09-02,36,9,1,18.4,True,2750.8,1237.95
8718,2024-09-02,36,30,1,18.7,False,0.0,1258.14
8719,2024-09-09,36,9,1,21.2,True,3169.4,1426.34
8720,2024-09-09,36,30,1,15.0,False,0.0,1009.2
8721,2024-09-16,36,7,1,2.2,True,328.9,148.02
8722,2024-09-16,36,28,1,15.1,True,2257.45,1015.93
8723,2024-09-16,36,30,1,18.6,False,0.0,1251.41
8724,2024-09-23,36,28,2,21.9,True,3274.05,1473.43
8725,2024-09-23,36,30,2,16.3,False,0.0,1096.66
8726,2024-09-30,36,28,1,18.9,True,2825.55,1271.59
8727,2024-09-30,36,30,1,21.6,False,0.0,1453.25
8728,2024-10-07,36,9,2,12.9,True,1928.55,867.91
8729,2024-10-07,36,13,2,4.5,True,672.75,302.76
8730,2024-10-07,36,30,2,17.1,False,0.0,1150.49
8731,2024-10-14,36,9,2,17.1,True,2556.45,1150.49
8732,2024-10-14,36,30,2,16.3,False,0.0,1096.66
8733,2024-10-21,36,13,2,18.0,True,2691.0,1211.04
8734,2024-10-21,36,30,2,17.7,False,0.0,1190.86
8735,2024-10-28,36,13,2,4.4,True,657.8,296.03
8736,2024-10-28,36,9,2,15.9,True,2377.05,1069.75
8737,2024-10-28,36,30,2,19.3,False,0.0,1298.5
8738,2024-11-04,36,7,1,22.6,True,3378.7,1520.53
8739,2024-11-04,36,30,1,16.8,False,0.0,1130.3
8740,2024-11-11,36,13,1,4.3,True,642.85,289.3
8741,2024-11-11,36,7,1,15.5,True,2317.25,1042.84
8742,2024-11-11,36,30,1,18.4,False,0.0,1237.95
8743,2024-11-18,36,9,2,12.8,True,1913.6,861.18
8744,2024-11-18,36,28,2,4.2,True,627.9,282.58
8745,2024-11-18,36,30,2,17.6,False,0.0,1184.13
8746,2024-11-25,36,7,1,23.1,True,3453.45,1554.17
8747,2024-11-25,36,30,1,14.6,False,0.0,982.29
8748,2024-12-02,36,13,1,16.9,True,2526.55,1137.03
8749,2024-12-02,36,30,1,12.2,False,0.0,820.82
8750,2024-12-09,36,13,3,1.7,True,254.15,114.38
8751,2024-12-09,36,9,3,14.8,True,2212.6,995.74
8752,2024-12-09,36,30,3,16.2,False,0.0,1089.94
8753,2024-12-16,36,28,2,8.8,True,1315.6,592.06
8754,2024-12-16,36,9,2,4.2,True,627.9,282.58
8755,2024-12-16,36,30,2,13.9,False,0.0,935.19
8756,2024-12-23,36,13,2,6.0,True,897.0,403.68
8757,2024-12-23,36,9,2,5.7,True,852.15,383.5
8758,2024-12-23,36,30,2,15.2,False,0.0,1022.66
8759,2024-12-30,36,13,1,12.0,True,1794.0,807.36
8760,2024-12-30,36,30,1,16.5,False,0.0,1110.12
8761,2025-01-06,36,7,2,20.7,True,3094.65,1392.7
8762,2025-01-06,36,30,2,18.5,False,0.0,1244.68
8763,2025-01-13,36,7,1,16.1,True,2406.95,1083.21
8764,2025-01-13,36,30,1,21.1,False,0.0,1419.61
8765,2025-01-20,36,7,2,13.0,True,1943.5,874.64
8766,2025-01-20,36,30,2,19.2,False,0.0,1291.78
8767,2025-01-27,36,13,1,18.4,True,2750.8,1237.95
8768,2025-01-27,36,30,1,14.8,False,0.0,995.74
8769,2025-02-03,36,28,1,3.9,True,583.05,262.39
8770,2025-02-03,36,7,1,17.8,True,2661.1,1197.58
8771,2025-02-03,36,30,1,14.8,False,0.0,995.74
8772,2025-02-10,36,28,1,16.3,True,2436.85,1096.66
8773,2025-02-10,36,13,1,2.5,True,373.75,168.2
8774,2025-02-10,36,30,1,16.6,False,0.0,1116.85
8775,2025-02-17,36,9,1,3.1,True,463.45,208.57
8776,2025-02-17,36,13,1,14.5,True,2167.75,975.56
8777,2025-02-17,36,30,1,16.7,False,0.0,1123.58
8778,2025-02-24,36,28,1,19.4,True,2900.3,1305.23
8779,2025-02-24,36,30,1,16.5,False,0.0,1110.12
8780,2025-03-03,36,28,2,18.2,True,2720.9,1224.5
8781,2025-03-03,36,30,2,19.3,False,0.0,1298.5
8782,2025-03-10,36,7,2,16.0,True,2392.0,1076.48
8783,2025-03-10,36,30,2,21.0,False,0.0,1412.88
8784,2025-03-17,36,13,2,16.9,True,2526.55,1137.03
8785,2025-03-17,36,30,2,16.0,False,0.0,1076.48
8786,2025-03-24,36,7,2,13.1,True,1958.45,881.37
8787,2025-03-24,36,9,2,6.0,True,897.0,403.68
8788,2025-03-24,36,30,2,19.2,False,0.0,1291.78
8789,2025-03-31,36,28,2,18.4,True,2750.8,1237.95
8790,2025-03-31,36,30,2,17.6,False,0.0,1184.13
8791,2025-04-07,36,13,3,17.1,True,2556.45,1150.49
8792,2025-04-07,36,30,3,18.5,False,0.0,1244.68
8793,2025-04-14,36,13,1,16.0,True,2392.0,1076.48
8794,2025-04-14,36,30,1,20.3,False,0.0,1365.78
8795,2025-04-21,36,13,1,9.0,True,1345.5,605.52
8796,2025-04-21,36,28,1,5.3,True,792.35,356.58
8797,2025-04-21,36,30,1,21.9,False,0.0,1473.43
8798,2025-04-28,36,13,1,15.7,True,2347.15,1056.3
8799,2025-04-28,36,30,1,19.7,False,0.0,1325.42
8800,2025-05-05,36,13,1,20.0,True,2990.0,1345.6
8801,2025-05-05,36,30,1,17.7,False,0.0,1190.86
8802,2025-05-12,36,7,2,17.4,True,2601.3,1170.67
8803,2025-05-12,36,30,2,17.4,False,0.0,1170.67
8804,2025-05-19,36,13,2,11.0,True,1644.5,740.08
8805,2025-05-19,36,9,2,4.6,True,687.7,309.49
8806,2025-05-19,36,30,2,19.8,False,0.0,1332.14
8807,2025-05-26,36,28,1,14.7,True,2197.65,989.02
8808,2025-05-26,36,30,1,18.5,False,0.0,1244.68
8809,2025-06-02,36,9,2,17.0,True,2541.5,1143.76
8810,2025-06-02,36,30,2,14.8,False,0.0,995.74
8811,2025-06-09,36,7,1,15.0,True,2242.5,1009.2
8812,2025-06-09,36,30,1,15.8,False,0.0,1063.02
8813,2025-06-16,36,9,2,17.7,True,2646.15,1190.86
8814,2025-06-16,36,30,2,15.4,False,0.0,1036.11
8815,2025-06-23,36,13,3,3.8,True,568.1,255.66
8816,2025-06-23,36,9,3,13.6,True,2033.2,915.01
8817,2025-06-23,36,30,3,13.3,False,0.0,894.82
8818,2025-06-30,36,9,1,13.9,True,2078.05,935.19
8819,2025-06-30,36,30,1,16.6,False,0.0,1116.85
8820,2025-07-07,36,13,2,8.2,True,1225.9,551.7
8821,2025-07-07,36,7,2,1.6,True,239.2,107.65
8822,2025-07-07,36,30,2,11.3,False,0.0,760.26
8823,2025-07-14,36,9,1,9.7,True,1450.15,652.62
8824,2025-07-14,36,30,1,10.6,False,0.0,713.17
8825,2025-07-21,36,9,2,2.7,True,403.65,181.66
8826,2025-07-21,36,7,2,5.9,True,882.05,396.95
8827,2025-07-21,36,30,2,12.2,False,0.0,820.82
8828,2025-07-28,36,13,2,9.5,True,1420.25,639.16
8829,2025-07-28,36,30,2,8.3,False,0.0,558.42
8830,2025-08-04,36,7,2,14.2,True,2122.9,955.38
8831,2025-08-04,36,30,2,18.4,False,0.0,1237.95
8832,2025-08-11,36,28,1,14.0,True,2093.0,941.92
8833,2025-08-11,36,30,1,17.1,False,0.0,1150.49
8834,2025-08-18,36,13,2,13.3,True,1988.35,894.82
8835,2025-08-18,36,30,2,16.8,False,0.0,1130.3
8836,2025-08-25,36,13,1,7.3,True,1091.35,491.14
8837,2025-08-25,36,9,1,7.7,True,1151.15,518.06
8838,2025-08-25,36,30,1,18.4,False,0.0,1237.95
8839,2025-09-01,36,28,2,4.1,True,612.95,275.85
8840,2025-09-01,36,13,2,9.1,True,1360.45,612.25
8841,2025-09-01,36,30,2,19.2,False,0.0,1291.78
8842,2025-09-08,36,7,1,14.6,True,2182.7,982.29
8843,2025-09-08,36,30,1,19.1,False,0.0,1285.05
8844,2025-09-15,36,9,1,18.4,True,2750.8,1237.95
8845,2025-09-15,36,30,1,17.7,False,0.0,1190.86
8846,2025-09-22,36,9,3,7.9,True,1181.05,531.51
8847,2025-09-22,36,28,3,11.0,True,1644.5,740.08
8848,2025-09-22,36,30,3,19.7,False,0.0,1325.42
8849,2025-09-29,36,7,1,16.3,True,2436.85,1096.66
8850,2025-09-29,36,30,1,20.1,False,0.0,1352.33
8851,2025-10-06,36,28,1,13.3,True,1988.35,894.82
8852,2025-10-06,36,13,1,3.3,True,493.35,222.02
8853,2025-10-06,36,30,1,24.6,False,0.0,1655.09
8854,2025-10-13,36,7,2,6.0,True,897.0,403.68
8855,2025-10-13,36,13,2,3.8,True,568.1,255.66
8856,2025-10-13,36,30,2,23.8,False,0.0,1601.26
8857,2025-10-20,36,7,2,14.6,True,2182.7,982.29
8858,2025-10-20,36,30,2,19.4,False,0.0,1305.23
8859,2025-10-27,36,13,1,15.2,True,2272.4,1022.66
8860,2025-10-27,36,30,1,19.9,False,0.0,1338.87
8861,2025-11-03,36,13,1,10.5,True,1569.75,706.44
8862,2025-11-03,36,9,1,6.5,True,971.75,437.32
8863,2025-11-03,36,30,1,20.8,False,0.0,1399.42
8864,2025-11-10,36,7,1,17.3,True,2586.35,1163.94
8865,2025-11-10,36,30,1,21.5,False,0.0,1446.52
8866,2025-11-17,36,13,2,8.7,True,1300.65,585.34
8867,2025-11-17,36,7,2,3.5,True,523.25,235.48
8868,2025-11-17,36,30,2,22.7,False,0.0,1527.26
8869,2025-11-24,36,13,1,16.8,True,2511.6,1130.3
8870,2025-11-24,36,30,1,19.6,False,0.0,1318.69
8871,2025-12-01,36,9,1,11.4,True,1704.3,766.99
8872,2025-12-01,36,30,1,13.5,False,0.0,908.28
8873,2025-12-08,36,7,1,12.7,True,1898.65,854.46
8874,2025-12-08,36,30,1,19.8,False,0.0,1332.14
8875,2025-12-15,36,7,2,12.9,True,1928.55,867.91
8876,2025-12-15,36,30,2,13.2,False,0.0,888.1
8877,2025-12-22,36,13,1,9.9,True,1480.05,666.07
8878,2025-12-22,36,30,1,20.2,False,0.0,1359.06
8879,2025-12-29,36,9,3,15.5,True,2317.25,1042.84
8880,2025-12-29,36,30,3,16.4,False,0.0,1103.39
8881,2024-01-01,37,24,2,20.1,True,1306.5,587.93
8882,2024-01-01,37,10,2,9.3,True,604.5,272.03
8883,2024-01-01,37,29,2,5.7,False,0.0,166.72
8884,2024-01-08,37,22,2,28.2,True,1833.0,824.85
8885,2024-01-08,37,29,2,8.9,False,0.0,260.32
8886,2024-01-15,37,8,2,19.4,True,1261.0,567.45
8887,2024-01-15,37,11,2,8.6,True,559.0,251.55
8888,2024-01-15,37,29,2,5.3,False,0.0,155.02
8889,2024-01-22,37,11,2,1.9,True,123.5,55.58
8890,2024-01-22,37,22,2,22.9,True,1488.5,669.82
8891,2024-01-22,37,29,2,9.3,False,0.0,272.03
8892,2024-01-29,37,10,1,26.6,True,1729.0,778.05
8893,2024-01-29,37,29,1,3.9,False,0.0,114.08
8894,2024-02-05,37,21,2,20.8,True,1352.0,608.4
8895,2024-02-05,37,16,2,14.8,True,962.0,432.9
8896,2024-02-05,37,29,2,1.4,False,0.0,40.95
8897,2024-02-12,37,16,3,15.8,True,1027.0,462.15
8898,2024-02-12,37,12,3,18.4,True,1196.0,538.2
8899,2024-02-12,37,29,3,5.2,False,0.0,152.1
8900,2024-02-19,37,21,1,6.9,True,448.5,201.82
8901,2024-02-19,37,25,1,25.8,True,1677.0,754.65
8902,2024-02-19,37,29,1,2.0,False,0.0,58.5
8903,2024-02-26,37,21,1,28.6,True,1859.0,836.55
8904,2024-02-26,37,29,1,5.2,False,0.0,152.1
8905,2024-03-04,37,25,2,33.6,True,2184.0,982.8
8906,2024-03-04,37,29,2,6.0,False,0.0,175.5
8907,2024-03-11,37,11,2,29.3,True,1904.5,857.02
8908,2024-03-11,37,29,2,9.0,False,0.0,263.25
8909,2024-03-18,37,12,2,24.7,True,1605.5,722.48
8910,2024-03-18,37,29,2,11.9,False,0.0,348.08
8911,2024-03-25,37,16,1,32.6,True,2119.0,953.55
8912,2024-03-25,37,29,1,6.0,False,0.0,175.5
8913,2024-04-01,37,11,1,25.8,True,1677.0,754.65
8914,2024-04-01,37,29,1,11.1,False,0.0,324.68
8915,2024-04-08,37,8,2,32.5,True,2112.5,950.62
8916,2024-04-08,37,29,2,3.5,False,0.0,102.38
8917,2024-04-15,37,25,3,2.3,True,149.5,67.27
8918,2024-04-15,37,5,3,27.0,True,1755.0,789.75
8919,2024-04-15,37,29,3,5.6,False,0.0,163.8
8920,2024-04-22,37,10,1,11.2,True,728.0,327.6
8921,2024-04-22,37,16,1,16.6,True,1079.0,485.55
8922,2024-04-22,37,29,1,7.7,False,0.0,225.22
8923,2024-04-29,37,5,1,29.3,True,1904.5,857.02
8924,2024-04-29,37,29,1,8.8,False,0.0,257.4
8925,2024-05-06,37,24,2,22.5,True,1462.5,658.12
8926,2024-05-06,37,16,2,5.1,True,331.5,149.17
8927,2024-05-06,37,29,2,7.2,False,0.0,210.6
8928,2024-05-13,37,22,1,13.6,True,884.0,397.8
8929,2024-05-13,37,8,1,15.3,True,994.5,447.52
8930,2024-05-13,37,29,1,7.1,False,0.0,207.68
8931,2024-05-20,37,24,1,24.2,True,1573.0,707.85
8932,2024-05-20,37,5,1,8.1,True,526.5,236.92
8933,2024-05-20,37,29,1,4.5,False,0.0,131.62
8934,2024-05-27,37,24,2,30.4,True,1976.0,889.2
8935,2024-05-27,37,29,2,4.8,False,0.0,140.4
8936,2024-06-03,37,11,2,8.9,True,578.5,260.32
8937,2024-06-03,37,10,2,17.6,True,1144.0,514.8
8938,2024-06-03,37,29,2,6.2,False,0.0,181.35
8939,2024-06-10,37,21,3,27.1,True,1761.5,792.68
8940,2024-06-10,37,29,3,0.6,False,0.0,17.55
8941,2024-06-17,37,22,2,27.9,True,1813.5,816.08
8942,2024-06-17,37,29,2,2.6,False,0.0,76.05
8943,2024-06-24,37,12,1,2.4,True,156.0,70.2
8944,2024-06-24,37,25,1,23.3,True,1514.5,681.52
8945,2024-06-24,37,29,1,8.1,False,0.0,236.92
8946,2024-07-01,37,22,3,13.8,True,897.0,403.65
8947,2024-07-01,37,10,3,3.8,True,247.0,111.15
8948,2024-07-01,37,29,3,1.1,False,0.0,32.18
8949,2024-07-08,37,8,2,14.4,True,936.0,421.2
8950,2024-07-08,37,29,2,4.8,False,0.0,140.4
8951,2024-07-15,37,22,1,16.1,True,1046.5,470.93
8952,2024-07-15,37,29,1,2.8,False,0.0,81.9
8953,2024-07-22,37,16,2,14.4,True,936.0,421.2
8954,2024-07-22,37,29,2,5.8,False,0.0,169.65
8955,2024-07-29,37,22,2,19.8,True,1287.0,579.15
8956,2024-07-29,37,29,2,2.5,False,0.0,73.12
8957,2024-08-05,37,8,1,26.9,True,1748.5,786.82
8958,2024-08-05,37,29,1,9.1,False,0.0,266.18
8959,2024-08-12,37,24,2,21.5,True,1397.5,628.88
8960,2024-08-12,37,29,2,8.7,False,0.0,254.47
8961,2024-08-19,37,12,2,25.4,True,1651.0,742.95
8962,2024-08-19,37,29,2,6.3,False,0.0,184.28
8963,2024-08-26,37,22,2,18.7,True,1215.5,546.98
8964,2024-08-26,37,5,2,6.7,True,435.5,195.98
8965,2024-08-26,37,29,2,8.1,False,0.0,236.92
8966,2024-09-02,37,21,2,5.7,True,370.5,166.72
8967,2024-09-02,37,12,2,22.1,True,1436.5,646.43
8968,2024-09-02,37,29,2,4.6,False,0.0,134.55
8969,2024-09-09,37,10,1,31.7,True,2060.5,927.22
8970,2024-09-09,37,29,1,5.5,False,0.0,160.88
8971,2024-09-16,37,16,2,30.4,True,1976.0,889.2
8972,2024-09-16,37,29,2,5.3,False,0.0,155.02
8973,2024-09-23,37,5,2,31.5,True,2047.5,921.38
8974,2024-09-23,37,29,2,7.7,False,0.0,225.22
8975,2024-09-30,37,16,2,22.2,True,1443.0,649.35
8976,2024-09-30,37,29,2,11.4,False,0.0,333.45
8977,2024-10-07,37,12,1,25.2,True,1638.0,737.1
8978,2024-10-07,37,29,1,7.2,False,0.0,210.6
8979,2024-10-14,37,11,1,35.3,True,2294.5,1032.52
8980,2024-10-14,37,29,1,0.8,False,0.0,23.4
8981,2024-10-21,37,16,2,27.4,True,1781.0,801.45
8982,2024-10-21,37,29,2,10.8,False,0.0,315.9
8983,2024-10-28,37,21,1,36.4,True,2366.0,1064.7
8984,2024-10-28,37,29,1,4.4,False,0.0,128.7
8985,2024-11-04,37,21,2,26.1,True,1696.5,763.42
8986,2024-11-04,37,8,2,3.7,True,240.5,108.22
8987,2024-11-04,37,29,2,9.1,False,0.0,266.18
8988,2024-11-11,37,24,3,29.1,True,1891.5,851.18
8989,2024-11-11,37,29,3,5.5,False,0.0,160.88
8990,2024-11-18,37,21,2,31.0,True,2015.0,906.75
8991,2024-11-18,37,29,2,4.6,False,0.0,134.55
8992,2024-11-25,37,21,1,31.6,True,2054.0,924.3
8993,2024-11-25,37,29,1,6.3,False,0.0,184.28
8994,2024-12-02,37,8,1,18.6,True,1209.0,544.05
8995,2024-12-02,37,29,1,5.4,False,0.0,157.95
8996,2024-12-09,37,22,2,18.5,True,1202.5,541.12
8997,2024-12-09,37,29,2,6.2,False,0.0,181.35
8998,2024-12-16,37,24,2,17.5,True,1137.5,511.88
8999,2024-12-16,37,11,2,1.7,True,110.5,49.72
9000,2024-12-16,37,29,2,6.9,False,0.0,201.82
9001,2024-12-23,37,12,1,7.6,True,494.0,222.3
9002,2024-12-23,37,25,1,15.8,True,1027.0,462.15
9003,2024-12-23,37,29,1,6.4,False,0.0,187.2
9004,2024-12-30,37,10,2,11.5,True,747.5,336.38
9005,2024-12-30,37,11,2,10.4,True,676.0,304.2
9006,2024-12-30,37,29,2,5.6,False,0.0,163.8
9007,2025-01-06,37,22,1,16.6,True,1079.0,485.55
9008,2025-01-06,37,24,1,5.0,True,325.0,146.25
9009,2025-01-06,37,29,1,13.1,False,0.0,383.18
9010,2025-01-13,37,25,2,29.4,True,1911.0,859.95
9011,2025-01-13,37,29,2,6.4,False,0.0,187.2
9012,2025-01-20,37,10,1,21.9,True,1423.5,640.57
9013,2025-01-20,37,29,1,9.3,False,0.0,272.03
9014,2025-01-27,37,10,2,27.6,True,1794.0,807.3
9015,2025-01-27,37,29,2,5.6,False,0.0,163.8
9016,2025-02-03,37,22,2,8.3,True,539.5,242.78
9017,2025-02-03,37,8,2,19.1,True,1241.5,558.68
9018,2025-02-03,37,29,2,6.0,False,0.0,175.5
9019,2025-02-10,37,12,1,26.3,True,1709.5,769.28
9020,2025-02-10,37,29,1,8.2,False,0.0,239.85
9021,2025-02-17,37,11,3,2.9,True,188.5,84.82
9022,2025-02-17,37,24,3,25.5,True,1657.5,745.88
9023,2025-02-17,37,29,3,5.7,False,0.0,166.72
9024,2025-02-24,37,8,2,26.4,True,1716.0,772.2
9025,2025-02-24,37,29,2,7.5,False,0.0,219.38
9026,2025-03-03,37,25,2,26.7,True,1735.5,780.98
9027,2025-03-03,37,29,2,10.3,False,0.0,301.28
9028,2025-03-10,37,21,1,25.3,True,1644.5,740.02
9029,2025-03-10,37,29,1,9.2,False,0.0,269.1
9030,2025-03-17,37,8,3,3.5,True,227.5,102.38
9031,2025-03-17,37,16,3,29.5,True,1917.5,862.88
9032,2025-03-17,37,29,3,3.0,False,0.0,87.75
9033,2025-03-24,37,22,1,31.1,True,2021.5,909.68
9034,2025-03-24,37,29,1,3.5,False,0.0,102.38
9035,2025-03-31,37,21,1,17.6,True,1144.0,514.8
9036,2025-03-31,37,5,1,13.3,True,864.5,389.02
9037,2025-03-31,37,29,1,9.6,False,0.0,280.8
9038,2025-04-07,37,21,3,29.2,True,1898.0,854.1
9039,2025-04-07,37,29,3,7.0,False,0.0,204.75
9040,2025-04-14,37,11,3,36.7,True,2385.5,1073.48
9041,2025-04-14,37,29,3,1.4,False,0.0,40.95
9042,2025-04-21,37,11,2,16.3,True,1059.5,476.78
9043,2025-04-21,37,12,2,10.0,True,650.0,292.5
9044,2025-04-21,37,29,2,7.4,False,0.0,216.45
9045,2025-04-28,37,12,1,29.5,True,1917.5,862.88
9046,2025-04-28,37,29,1,4.1,False,0.0,119.92
9047,2025-05-05,37,25,2,37.0,True,2405.0,1082.25
9048,2025-05-05,37,29,2,2.3,False,0.0,67.27
9049,2025-05-12,37,25,2,33.9,True,2203.5,991.58
9050,2025-05-12,37,29,2,3.9,False,0.0,114.08
9051,2025-05-19,37,25,2,28.4,True,1846.0,830.7
9052,2025-05-19,37,29,2,10.1,False,0.0,295.42
9053,2025-05-26,37,16,2,28.2,True,1833.0,824.85
9054,2025-05-26,37,29,2,7.9,False,0.0,231.08
9055,2025-06-02,37,10,2,23.6,True,1534.0,690.3
9056,2025-06-02,37,12,2,8.8,True,572.0,257.4
9057,2025-06-02,37,29,2,3.6,False,0.0,105.3
9058,2025-06-09,37,12,2,25.2,True,1638.0,737.1
9059,2025-06-09,37,29,2,6.8,False,0.0,198.9
9060,2025-06-16,37,11,1,30.3,True,1969.5,886.28
9061,2025-06-16,37,29,1,5.8,False,0.0,169.65
9062,2025-06-23,37,22,3,16.7,True,1085.5,488.48
9063,2025-06-23,37,24,3,8.7,True,565.5,254.47
9064,2025-06-23,37,29,3,4.6,False,0.0,134.55
9065,2025-06-30,37,24,2,9.1,True,591.5,266.18
9066,2025-06-30,37,25,2,16.8,True,1092.0,491.4
9067,2025-06-30,37,29,2,8.7,False,0.0,254.47
9068,2025-07-07,37,21,2,9.7,True,630.5,283.72
9069,2025-07-07,37,8,2,7.7,True,500.5,225.22
9070,2025-07-07,37,29,2,3.4,False,0.0,99.45
9071,2025-07-14,37,25,2,12.3,True,799.5,359.78
9072,2025-07-14,37,8,2,2.8,True,182.0,81.9
9073,2025-07-14,37,29,2,3.0,False,0.0,87.75
9074,2025-07-21,37,8,3,20.7,True,1345.5,605.48
9075,2025-07-28,37,12,3,19.9,True,1293.5,582.07
9076,2025-08-04,37,24,1,28.0,True,1820.0,819.0
9077,2025-08-04,37,29,1,6.3,False,0.0,184.28
9078,2025-08-11,37,16,3,29.4,True,1911.0,859.95
9079,2025-08-11,37,29,3,2.6,False,0.0,76.05
9080,2025-08-18,37,12,1,24.7,True,1605.5,722.48
9081,2025-08-18,37,29,1,7.1,False,0.0,207.68
9082,2025-08-25,37,16,1,6.2,True,403.0,181.35
9083,2025-08-25,37,12,1,22.8,True,1482.0,666.9
9084,2025-08-25,37,29,1,3.6,False,0.0,105.3
9085,2025-09-01,37,22,2,26.6,True,1729.0,778.05
9086,2025-09-01,37,29,2,7.9,False,0.0,231.08
9087,2025-09-08,37,5,2,32.1,True,2086.5,938.92
9088,2025-09-08,37,29,2,5.5,False,0.0,160.88
9089,2025-09-15,37,10,1,17.0,True,1105.0,497.25
9090,2025-09-15,37,16,1,14.7,True,955.5,429.98
9091,2025-09-15,37,29,1,3.5,False,0.0,102.38
9092,2025-09-22,37,10,2,28.6,True,1859.0,836.55
9093,2025-09-22,37,12,2,5.4,True,351.0,157.95
9094,2025-09-22,37,29,2,6.8,False,0.0,198.9
9095,2025-09-29,37,21,2,28.7,True,1865.5,839.48
9096,2025-09-29,37,29,2,4.1,False,0.0,119.92
9097,2025-10-06,37,8,2,28.1,True,1826.5,821.92
9098,2025-10-06,37,29,2,11.9,False,0.0,348.08
9099,2025-10-13,37,24,3,30.5,True,1982.5,892.12
9100,2025-10-13,37,29,3,3.5,False,0.0,102.38
9101,2025-10-20,37,8,2,25.8,True,1677.0,754.65
9102,2025-10-20,37,29,2,6.6,False,0.0,193.05
9103,2025-10-27,37,11,2,10.9,True,708.5,318.82
9104,2025-10-27,37,21,2,14.5,True,942.5,424.12
9105,2025-10-27,37,29,2,12.2,False,0.0,356.85
9106,2025-11-03,37,10,1,15.0,True,975.0,438.75
9107,2025-11-03,37,12,1,18.7,True,1215.5,546.98
9108,2025-11-03,37,29,1,3.4,False,0.0,99.45
9109,2025-11-10,37,25,3,27.7,True,1800.5,810.22
9110,2025-11-10,37,5,3,2.6,True,169.0,76.05
9111,2025-11-10,37,29,3,1.0,False,0.0,29.25
9112,2025-11-17,37,22,2,31.5,True,2047.5,921.38
9113,2025-11-17,37,29,2,5.5,False,0.0,160.88
9114,2025-11-24,37,8,1,8.5,True,552.5,248.62
9115,2025-11-24,37,24,1,17.6,True,1144.0,514.8
9116,2025-11-24,37,29,1,8.7,False,0.0,254.47
9117,2025-12-01,37,22,1,25.0,True,1625.0,731.25
9118,2025-12-01,37,29,1,5.2,False,0.0,152.1
9119,2025-12-08,37,5,1,3.3,True,214.5,96.52
9120,2025-12-08,37,16,1,21.4,True,1391.0,625.95
9121,2025-12-08,37,29,1,5.6,False,0.0,163.8
9122,2025-12-15,37,25,1,6.9,True,448.5,201.82
9123,2025-12-15,37,21,1,15.6,True,1014.0,456.3
9124,2025-12-15,37,29,1,8.2,False,0.0,239.85
9125,2025-12-22,37,21,2,23.0,True,1495.0,672.75
9126,2025-12-22,37,29,2,5.9,False,0.0,172.58
9127,2025-12-29,37,16,1,19.1,True,1241.5,558.68
9128,2025-12-29,37,29,1,10.8,False,0.0,315.9
9129,2024-01-01,38,18,2,23.0,True,3289.0,1480.05
9130,2024-01-01,38,4,2,9.7,False,0.0,624.19
9131,2024-01-08,38,18,1,23.7,True,3389.1,1525.09
9132,2024-01-08,38,4,1,13.6,False,0.0,875.16
9133,2024-01-15,38,2,2,26.7,True,3818.1,1718.14
9134,2024-01-15,38,4,2,9.7,False,0.0,624.19
9135,2024-01-22,38,3,1,4.3,True,614.9,276.7
9136,2024-01-22,38,18,1,24.5,True,3503.5,1576.57
9137,2024-01-22,38,4,1,10.4,False,0.0,669.24
9138,2024-01-29,38,6,2,26.5,True,3789.5,1705.28
9139,2024-01-29,38,4,2,11.5,False,0.0,740.02
9140,2024-02-05,38,18,2,26.1,True,3732.3,1679.54
9141,2024-02-05,38,4,2,12.3,False,0.0,791.5
9142,2024-02-12,38,18,2,26.1,True,3732.3,1679.54
9143,2024-02-12,38,4,2,9.7,False,0.0,624.19
9144,2024-02-19,38,1,1,25.3,True,3617.9,1628.05
9145,2024-02-19,38,4,1,12.7,False,0.0,817.24
9146,2024-02-26,38,26,1,24.0,True,3432.0,1544.4
9147,2024-02-26,38,4,1,13.7,False,0.0,881.59
9148,2024-03-04,38,3,2,23.6,True,3374.8,1518.66
9149,2024-03-04,38,4,2,10.5,False,0.0,675.68
9150,2024-03-11,38,20,2,16.1,True,2302.3,1036.04
9151,2024-03-11,38,6,2,8.7,True,1244.1,559.84
9152,2024-03-11,38,4,2,7.8,False,0.0,501.93
9153,2024-03-18,38,3,1,14.8,True,2116.4,952.38
9154,2024-03-18,38,20,1,12.6,True,1801.8,810.81
9155,2024-03-18,38,4,1,9.8,False,0.0,630.63
9156,2024-03-25,38,3,2,27.9,True,3989.7,1795.36
9157,2024-03-25,38,4,2,9.3,False,0.0,598.46
9158,2024-04-01,38,1,2,26.0,True,3718.0,1673.1
9159,2024-04-01,38,3,2,2.9,True,414.7,186.61
9160,2024-04-01,38,4,2,6.3,False,0.0,405.4
9161,2024-04-08,38,1,1,27.4,True,3918.2,1763.19
9162,2024-04-08,38,4,1,8.4,False,0.0,540.54
9163,2024-04-15,38,18,2,7.9,True,1129.7,508.36
9164,2024-04-15,38,6,2,14.6,True,2087.8,939.51
9165,2024-04-15,38,4,2,7.7,False,0.0,495.49
9166,2024-04-22,38,27,2,22.8,True,3260.4,1467.18
9167,2024-04-22,38,4,2,13.3,False,0.0,855.86
9168,2024-04-29,38,1,3,27.3,True,3903.9,1756.76
9169,2024-04-29,38,3,3,1.7,True,243.1,109.39
9170,2024-04-29,38,4,3,6.6,False,0.0,424.71
9171,2024-05-06,38,20,2,18.6,True,2659.8,1196.91
9172,2024-05-06,38,18,2,7.7,True,1101.1,495.49
9173,2024-05-06,38,4,2,9.0,False,0.0,579.15
9174,2024-05-13,38,1,2,11.6,True,1658.8,746.46
9175,2024-05-13,38,20,2,13.0,True,1859.0,836.55
9176,2024-05-13,38,4,2,9.9,False,0.0,637.06
9177,2024-05-20,38,1,1,29.5,True,4218.5,1898.32
9178,2024-05-20,38,4,1,9.3,False,0.0,598.46
9179,2024-05-27,38,3,2,28.2,True,4032.6,1814.67
9180,2024-05-27,38,4,2,9.2,False,0.0,592.02
9181,2024-06-03,38,2,1,24.8,True,3546.4,1595.88
9182,2024-06-03,38,4,1,8.1,False,0.0,521.23
9183,2024-06-10,38,20,2,3.2,True,457.6,205.92
9184,2024-06-10,38,6,2,19.3,True,2759.9,1241.96
9185,2024-06-10,38,4,2,8.5,False,0.0,546.97
9186,2024-06-17,38,3,2,2.9,True,414.7,186.61
9187,2024-06-17,38,6,2,13.0,True,1859.0,836.55
9188,2024-06-17,38,4,2,10.8,False,0.0,694.98
9189,2024-06-24,38,27,1,5.9,True,843.7,379.66
9190,2024-06-24,38,18,1,17.9,True,2559.7,1151.86
9191,2024-06-24,38,4,1,9.6,False,0.0,617.76
9192,2024-07-01,38,27,2,5.3,True,757.9,341.05
9193,2024-07-01,38,1,2,4.3,True,614.9,276.7
9194,2024-07-01,38,4,2,9.6,False,0.0,617.76
9195,2024-07-08,38,26,2,17.5,True,2502.5,1126.12
9196,2024-07-08,38,4,2,4.6,False,0.0,296.01
9197,2024-07-15,38,26,3,17.0,True,2431.0,1093.95
9198,2024-07-15,38,20,3,1.1,True,157.3,70.78
9199,2024-07-15,38,4,3,3.4,False,0.0,218.79
9200,2024-07-22,38,1,2,6.6,True,943.8,424.71
9201,2024-07-22,38,27,2,3.8,True,543.4,244.53
9202,2024-07-22,38,4,2,9.1,False,0.0,585.58
9203,2024-07-29,38,20,1,14.9,True,2130.7,958.82
9204,2024-07-29,38,4,1,5.0,False,0.0,321.75
9205,2024-08-05,38,27,2,13.0,True,1859.0,836.55
9206,2024-08-05,38,26,2,7.6,True,1086.8,489.06
9207,2024-08-05,38,4,2,13.9,False,0.0,894.46
9208,2024-08-12,38,6,1,17.0,True,2431.0,1093.95
9209,2024-08-12,38,2,1,4.7,True,672.1,302.44
9210,2024-08-12,38,4,1,13.0,False,0.0,836.55
9211,2024-08-19,38,3,2,20.0,True,2860.0,1287.0
9212,2024-08-19,38,4,2,12.5,False,0.0,804.37
9213,2024-08-26,38,18,1,2.4,True,343.2,154.44
9214,2024-08-26,38,3,1,20.7,True,2960.1,1332.04
9215,2024-08-26,38,4,1,9.3,False,0.0,598.46
9216,2024-09-02,38,26,2,23.3,True,3331.9,1499.36
9217,2024-09-02,38,4,2,12.9,False,0.0,830.11
9218,2024-09-09,38,3,2,23.8,True,3403.4,1531.53
9219,2024-09-09,38,4,2,14.1,False,0.0,907.33
9220,2024-09-16,38,6,1,25.6,True,3660.8,1647.36
9221,2024-09-16,38,4,1,9.4,False,0.0,604.89
9222,2024-09-23,38,26,2,23.4,True,3346.2,1505.79
9223,2024-09-23,38,4,2,13.5,False,0.0,868.72
9224,2024-09-30,38,1,2,23.3,True,3331.9,1499.36
9225,2024-09-30,38,4,2,11.3,False,0.0,727.16
9226,2024-10-07,38,27,2,22.0,True,3146.0,1415.7
9227,2024-10-07,38,4,2,12.6,False,0.0,810.81
9228,2024-10-14,38,3,3,32.6,True,4661.8,2097.81
9229,2024-10-14,38,4,3,0.6,False,0.0,38.61
9230,2024-10-21,38,27,2,11.4,True,1630.2,733.59
9231,2024-10-21,38,3,2,12.3,True,1758.9,791.5
9232,2024-10-21,38,4,2,12.6,False,0.0,810.81
9233,2024-10-28,38,2,2,26.9,True,3846.7,1731.01
9234,2024-10-28,38,4,2,10.6,False,0.0,682.11
9235,2024-11-04,38,1,2,21.1,True,3017.3,1357.78
9236,2024-11-04,38,4,2,13.0,False,0.0,836.55
9237,2024-11-11,38,6,2,26.1,True,3732.3,1679.54
9238,2024-11-11,38,4,2,11.2,False,0.0,720.72
9239,2024-11-18,38,1,2,20.5,True,2931.5,1319.18
9240,2024-11-18,38,4,2,14.0,False,0.0,900.9
9241,2024-11-25,38,3,1,11.0,True,1573.0,707.85
9242,2024-11-25,38,6,1,13.0,True,1859.0,836.55
9243,2024-11-25,38,4,1,14.7,False,0.0,945.94
9244,2024-12-02,38,27,2,17.7,True,2531.1,1138.99
9245,2024-12-02,38,4,2,11.6,False,0.0,746.46
9246,2024-12-09,38,1,2,23.6,True,3374.8,1518.66
9247,2024-12-09,38,4,2,5.7,False,0.0,366.79
9248,2024-12-16,38,18,1,15.0,True,2145.0,965.25
9249,2024-12-16,38,4,1,13.9,False,0.0,894.46
9250,2024-12-23,38,1,1,7.4,True,1058.2,476.19
9251,2024-12-23,38,27,1,14.8,True,2116.4,952.38
9252,2024-12-23,38,4,1,7.3,False,0.0,469.75
9253,2024-12-30,38,3,2,23.3,True,3331.9,1499.36
9254,2024-12-30,38,4,2,7.0,False,0.0,450.45
9255,2025-01-06,38,20,1,1.6,True,228.8,102.96
9256,2025-01-06,38,18,1,22.5,True,3217.5,1447.87
9257,2025-01-06,38,4,1,8.4,False,0.0,540.54
9258,2025-01-13,38,2,2,21.3,True,3045.9,1370.66
9259,2025-01-13,38,4,2,10.1,False,0.0,649.93
9260,2025-01-20,38,26,2,23.0,True,3289.0,1480.05
9261,2025-01-20,38,4,2,11.4,False,0.0,733.59
9262,2025-01-27,38,2,2,24.4,True,3489.2,1570.14
9263,2025-01-27,38,4,2,11.3,False,0.0,727.16
9264,2025-02-03,38,2,2,28.8,True,4118.4,1853.28
9265,2025-02-03,38,4,2,9.6,False,0.0,617.76
9266,2025-02-10,38,20,1,25.5,True,3646.5,1640.92
9267,2025-02-10,38,4,1,10.3,False,0.0,662.8
9268,2025-02-17,38,20,3,27.9,True,3989.7,1795.36
9269,2025-02-17,38,4,3,7.7,False,0.0,495.49
9270,2025-02-24,38,3,2,26.2,True,3746.6,1685.97
9271,2025-02-24,38,4,2,9.2,False,0.0,592.02
9272,2025-03-03,38,18,2,14.0,True,2002.0,900.9
9273,2025-03-03,38,20,2,6.9,True,986.7,444.02
9274,2025-03-03,38,4,2,20.4,False,0.0,1312.74
9275,2025-03-10,38,2,2,25.1,True,3589.3,1615.18
9276,2025-03-10,38,4,2,12.0,False,0.0,772.2
9277,2025-03-17,38,20,2,24.3,True,3474.9,1563.7
9278,2025-03-17,38,4,2,14.0,False,0.0,900.9
9279,2025-03-24,38,3,1,23.1,True,3303.3,1486.48
9280,2025-03-24,38,4,1,13.4,False,0.0,862.29
9281,2025-03-31,38,6,2,25.4,True,3632.2,1634.49
9282,2025-03-31,38,4,2,13.7,False,0.0,881.59
9283,2025-04-07,38,26,1,26.1,True,3732.3,1679.54
9284,2025-04-07,38,4,1,13.5,False,0.0,868.72
9285,2025-04-14,38,27,2,17.8,True,2545.4,1145.43
9286,2025-04-14,38,1,2,12.2,True,1744.6,785.07
9287,2025-04-14,38,4,2,9.6,False,0.0,617.76
9288,2025-04-21,38,6,2,28.3,True,4046.9,1821.1
9289,2025-04-21,38,2,2,1.5,True,214.5,96.52
9290,2025-04-21,38,4,2,6.7,False,0.0,431.14
9291,2025-04-28,38,3,2,24.5,True,3503.5,1576.57
9292,2025-04-28,38,4,2,13.0,False,0.0,836.55
9293,2025-05-05,38,26,2,5.6,True,800.8,360.36
9294,2025-05-05,38,6,2,28.6,True,4089.8,1840.41
9295,2025-05-05,38,4,2,3.4,False,0.0,218.79
9296,2025-05-12,38,2,2,27.1,True,3875.3,1743.88
9297,2025-05-12,38,4,2,11.3,False,0.0,727.16
9298,2025-05-19,38,27,2,24.9,True,3560.7,1602.31
9299,2025-05-19,38,4,2,11.1,False,0.0,714.28
9300,2025-05-26,38,2,2,8.7,True,1244.1,559.84
9301,2025-05-26,38,1,2,16.2,True,2316.6,1042.47
9302,2025-05-26,38,4,2,11.2,False,0.0,720.72
9303,2025-06-02,38,1,2,26.6,True,3803.8,1711.71
9304,2025-06-02,38,4,2,9.7,False,0.0,624.19
9305,2025-06-09,38,26,2,2.8,True,400.4,180.18
9306,2025-06-09,38,1,2,17.7,True,2531.1,1138.99
9307,2025-06-09,38,4,2,12.2,False,0.0,785.07
9308,2025-06-16,38,1,1,29.7,True,4247.1,1911.19
9309,2025-06-16,38,4,1,4.9,False,0.0,315.32
9310,2025-06-23,38,20,2,17.4,True,2488.2,1119.69
9311,2025-06-23,38,4,2,12.5,False,0.0,804.37
9312,2025-06-30,38,18,2,22.1,True,3160.3,1422.14
9313,2025-06-30,38,27,2,4.7,True,672.1,302.44
9314,2025-06-30,38,4,2,5.1,False,0.0,328.18
9315,2025-07-07,38,1,2,15.0,True,2145.0,965.25
9316,2025-07-07,38,4,2,5.1,False,0.0,328.18
9317,2025-07-14,38,26,2,13.6,True,1944.8,875.16
9318,2025-07-14,38,4,2,6.5,False,0.0,418.28
9319,2025-07-21,38,18,2,14.2,True,2030.6,913.77
9320,2025-07-21,38,4,2,5.9,False,0.0,379.66
9321,2025-07-28,38,6,2,13.6,True,1944.8,875.16
9322,2025-07-28,38,4,2,6.6,False,0.0,424.71
9323,2025-08-04,38,2,2,6.8,True,972.4,437.58
9324,2025-08-04,38,26,2,16.3,True,2330.9,1048.9
9325,2025-08-04,38,4,2,11.0,False,0.0,707.85
9326,2025-08-11,38,6,2,17.9,True,2559.7,1151.86
9327,2025-08-11,38,4,2,15.6,False,0.0,1003.86
9328,2025-08-18,38,2,2,22.3,True,3188.9,1435.0
9329,2025-08-18,38,4,2,10.6,False,0.0,682.11
9330,2025-08-25,38,20,2,4.1,True,586.3,263.83
9331,2025-08-25,38,18,2,19.5,True,2788.5,1254.82
9332,2025-08-25,38,4,2,13.8,False,0.0,888.03
9333,2025-09-01,38,26,2,22.6,True,3231.8,1454.31
9334,2025-09-01,38,4,2,13.6,False,0.0,875.16
9335,2025-09-08,38,6,2,23.9,True,3417.7,1537.96
9336,2025-09-08,38,4,2,12.5,False,0.0,804.37
9337,2025-09-15,38,18,2,21.8,True,3117.4,1402.83
9338,2025-09-15,38,4,2,11.8,False,0.0,759.33
9339,2025-09-22,38,18,2,3.9,True,557.7,250.96
9340,2025-09-22,38,20,2,22.1,True,3160.3,1422.14
9341,2025-09-22,38,4,2,11.7,False,0.0,752.89
9342,2025-09-29,38,1,2,24.0,True,3432.0,1544.4
9343,2025-09-29,38,4,2,9.6,False,0.0,617.76
9344,2025-10-06,38,2,2,16.8,True,2402.4,1081.08
9345,2025-10-06,38,3,2,6.6,True,943.8,424.71
9346,2025-10-06,38,4,2,15.4,False,0.0,990.99
9347,2025-10-13,38,18,1,24.3,True,3474.9,1563.7
9348,2025-10-13,38,4,1,10.1,False,0.0,649.93
9349,2025-10-20,38,1,2,13.4,True,1916.2,862.29
9350,2025-10-20,38,20,2,7.9,True,1129.7,508.36
9351,2025-10-20,38,4,2,11.4,False,0.0,733.59
9352,2025-10-27,38,1,1,9.2,True,1315.6,592.02
9353,2025-10-27,38,26,1,18.2,True,2602.6,1171.17
9354,2025-10-27,38,4,1,9.5,False,0.0,611.32
9355,2025-11-03,38,27,2,24.3,True,3474.9,1563.7
9356,2025-11-03,38,4,2,17.0,False,0.0,1093.95
9357,2025-11-10,38,2,2,7.6,True,1086.8,489.06
9358,2025-11-10,38,27,2,16.1,True,2302.3,1036.04
9359,2025-11-10,38,4,2,12.8,False,0.0,823.68
9360,2025-11-17,38,18,1,20.4,True,2917.2,1312.74
9361,2025-11-17,38,4,1,13.9,False,0.0,894.46
9362,2025-11-24,38,2,2,0.5,True,71.5,32.17
9363,2025-11-24,38,3,2,25.5,True,3646.5,1640.92
9364,2025-11-24,38,4,2,11.0,False,0.0,707.85
9365,2025-12-01,38,2,2,8.3,True,1186.9,534.1
9366,2025-12-01,38,18,2,11.9,True,1701.7,765.76
9367,2025-12-01,38,4,2,10.7,False,0.0,688.54
9368,2025-12-08,38,27,2,21.3,True,3045.9,1370.66
9369,2025-12-08,38,4,2,9.8,False,0.0,630.63
9370,2025-12-15,38,6,2,17.2,True,2459.6,1106.82
9371,2025-12-15,38,2,2,1.0,True,143.0,64.35
9372,2025-12-15,38,4,2,11.7,False,0.0,752.89
9373,2025-12-22,38,3,1,19.0,True,2717.0,1222.65
9374,2025-12-22,38,4,1,9.3,False,0.0,598.46
9375,2025-12-29,38,20,1,4.3,True,614.9,276.7
9376,2025-12-29,38,3,1,19.2,True,2745.6,1235.52
9377,2025-12-29,38,4,1,6.2,False,0.0,398.97
9378,2024-01-01,39,16,3,25.3,True,2403.5,1081.58
9379,2024-01-01,39,29,3,6.7,False,0.0,286.42
9380,2024-01-08,39,5,1,28.6,True,2717.0,1222.65
9381,2024-01-08,39,8,1,1.1,True,104.5,47.03
9382,2024-01-08,39,29,1,6.2,False,0.0,265.05
9383,2024-01-15,39,24,2,28.4,True,2698.0,1214.1
9384,2024-01-15,39,29,2,7.6,False,0.0,324.9
9385,2024-01-22,39,8,3,24.6,True,2337.0,1051.65
9386,2024-01-22,39,29,3,7.6,False,0.0,324.9
9387,2024-01-29,39,16,1,27.7,True,2631.5,1184.18
9388,2024-01-29,39,29,1,9.9,False,0.0,423.22
9389,2024-02-05,39,12,1,22.9,True,2175.5,978.97
9390,2024-02-05,39,16,1,9.1,True,864.5,389.02
9391,2024-02-05,39,29,1,4.1,False,0.0,175.27
9392,2024-02-12,39,5,2,11.0,True,1045.0,470.25
9393,2024-02-12,39,12,2,17.0,True,1615.0,726.75
9394,2024-02-12,39,29,2,10.9,False,0.0,465.98
9395,2024-02-19,39,16,3,28.3,True,2688.5,1209.82
9396,2024-02-19,39,24,3,6.6,True,627.0,282.15
9397,2024-02-19,39,29,3,0.7,False,0.0,29.92
9398,2024-02-26,39,12,1,27.2,True,2584.0,1162.8
9399,2024-02-26,39,29,1,7.5,False,0.0,320.62
9400,2024-03-04,39,24,2,32.9,True,3125.5,1406.48
9401,2024-03-04,39,29,2,7.0,False,0.0,299.25
9402,2024-03-11,39,8,2,30.3,True,2878.5,1295.32
9403,2024-03-11,39,29,2,5.5,False,0.0,235.12
9404,2024-03-18,39,12,2,26.9,True,2555.5,1149.97
9405,2024-03-18,39,29,2,7.6,False,0.0,324.9
9406,2024-03-25,39,12,2,27.8,True,2641.0,1188.45
9407,2024-03-25,39,29,2,8.5,False,0.0,363.38
9408,2024-04-01,39,21,2,24.2,True,2299.0,1034.55
9409,2024-04-01,39,29,2,9.9,False,0.0,423.22
9410,2024-04-08,39,8,2,32.8,True,3116.0,1402.2
9411,2024-04-08,39,29,2,5.5,False,0.0,235.12
9412,2024-04-15,39,10,3,34.3,True,3258.5,1466.32
9413,2024-04-15,39,29,3,3.9,False,0.0,166.72
9414,2024-04-22,39,21,2,30.7,True,2916.5,1312.42
9415,2024-04-22,39,29,2,6.9,False,0.0,294.98
9416,2024-04-29,39,12,1,29.0,True,2755.0,1239.75
9417,2024-04-29,39,29,1,8.5,False,0.0,363.38
9418,2024-05-06,39,22,1,22.3,True,2118.5,953.32
9419,2024-05-06,39,21,1,3.0,True,285.0,128.25
9420,2024-05-06,39,29,1,12.8,False,0.0,547.2
9421,2024-05-13,39,25,1,29.5,True,2802.5,1261.12
9422,2024-05-13,39,29,1,9.3,False,0.0,397.58
9423,2024-05-20,39,16,2,16.4,True,1558.0,701.1
9424,2024-05-20,39,11,2,12.7,True,1206.5,542.92
9425,2024-05-20,39,29,2,4.6,False,0.0,196.65
9426,2024-05-27,39,22,1,5.9,True,560.5,252.23
9427,2024-05-27,39,10,1,23.6,True,2242.0,1008.9
9428,2024-05-27,39,29,1,6.2,False,0.0,265.05
9429,2024-06-03,39,8,1,3.9,True,370.5,166.72
9430,2024-06-03,39,12,1,21.3,True,2023.5,910.58
9431,2024-06-03,39,29,1,5.9,False,0.0,252.23
9432,2024-06-10,39,25,1,7.4,True,703.0,316.35
9433,2024-06-10,39,5,1,16.5,True,1567.5,705.38
9434,2024-06-10,39,29,1,7.0,False,0.0,299.25
9435,2024-06-17,39,16,1,15.9,True,1510.5,679.72
9436,2024-06-17,39,24,1,13.7,True,1301.5,585.67
9437,2024-06-17,39,29,1,3.8,False,0.0,162.45
9438,2024-06-24,39,10,2,24.4,True,2318.0,1043.1
9439,2024-06-24,39,29,2,9.5,False,0.0,406.12
9440,2024-07-01,39,10,2,16.1,True,1529.5,688.28
9441,2024-07-01,39,29,2,4.0,False,0.0,171.0
9442,2024-07-08,39,24,3,18.5,True,1757.5,790.88
9443,2024-07-08,39,29,3,0.8,False,0.0,34.2
9444,2024-07-15,39,16,2,16.2,True,1539.0,692.55
9445,2024-07-15,39,29,2,5.0,False,0.0,213.75
9446,2024-07-22,39,16,1,19.8,True,1881.0,846.45
9447,2024-07-22,39,29,1,1.1,False,0.0,47.03
9448,2024-07-29,39,22,2,16.9,True,1605.5,722.47
9449,2024-07-29,39,29,2,3.7,False,0.0,158.18
9450,2024-08-05,39,10,2,23.4,True,2223.0,1000.35
9451,2024-08-05,39,29,2,8.4,False,0.0,359.1
9452,2024-08-12,39,21,1,7.3,True,693.5,312.08
9453,2024-08-12,39,11,1,15.3,True,1453.5,654.08
9454,2024-08-12,39,29,1,8.6,False,0.0,367.65
9455,2024-08-19,39,8,1,29.3,True,2783.5,1252.58
9456,2024-08-19,39,29,1,5.4,False,0.0,230.85
9457,2024-08-26,39,8,1,7.5,True,712.5,320.62
9458,2024-08-26,39,25,1,17.5,True,1662.5,748.12
9459,2024-08-26,39,29,1,8.4,False,0.0,359.1
9460,2024-09-02,39,22,2,30.0,True,2850.0,1282.5
9461,2024-09-02,39,29,2,10.6,False,0.0,453.15
9462,2024-09-09,39,24,2,21.2,True,2014.0,906.3
9463,2024-09-09,39,29,2,13.8,False,0.0,589.95
9464,2024-09-16,39,24,2,27.8,True,2641.0,1188.45
9465,2024-09-16,39,29,2,8.5,False,0.0,363.38
9466,2024-09-23,39,5,2,26.6,True,2527.0,1137.15
9467,2024-09-23,39,8,2,3.2,True,304.0,136.8
9468,2024-09-23,39,29,2,9.0,False,0.0,384.75
9469,2024-09-30,39,10,2,23.4,True,2223.0,1000.35
9470,2024-09-30,39,21,2,5.3,True,503.5,226.58
9471,2024-09-30,39,29,2,11.8,False,0.0,504.45
9472,2024-10-07,39,22,1,18.8,True,1786.0,803.7
9473,2024-10-07,39,8,1,9.1,True,864.5,389.02
9474,2024-10-07,39,29,1,7.8,False,0.0,333.45
9475,2024-10-14,39,16,2,31.3,True,2973.5,1338.08
9476,2024-10-14,39,29,2,4.9,False,0.0,209.48
9477,2024-10-21,39,25,2,32.7,True,3106.5,1397.93
9478,2024-10-21,39,29,2,3.8,False,0.0,162.45
9479,2024-10-28,39,22,2,33.9,True,3220.5,1449.22
9480,2024-10-28,39,29,2,8.0,False,0.0,342.0
9481,2024-11-04,39,12,1,27.1,True,2574.5,1158.53
9482,2024-11-04,39,29,1,6.3,False,0.0,269.32
9483,2024-11-11,39,16,1,26.6,True,2527.0,1137.15
9484,2024-11-11,39,29,1,9.2,False,0.0,393.3
9485,2024-11-18,39,22,2,18.1,True,1719.5,773.78
9486,2024-11-18,39,11,2,9.0,True,855.0,384.75
9487,2024-11-18,39,29,2,11.6,False,0.0,495.9
9488,2024-11-25,39,24,2,7.1,True,674.5,303.52
9489,2024-11-25,39,8,2,16.1,True,1529.5,688.28
9490,2024-11-25,39,29,2,11.8,False,0.0,504.45
9491,2024-12-02,39,25,1,24.4,True,2318.0,1043.1
9492,2024-12-02,39,29,1,5.4,False,0.0,230.85
9493,2024-12-09,39,24,2,14.2,True,1349.0,607.05
9494,2024-12-09,39,10,2,10.1,True,959.5,431.78
9495,2024-12-09,39,29,2,5.2,False,0.0,222.3
9496,2024-12-16,39,8,2,11.3,True,1073.5,483.08
9497,2024-12-16,39,5,2,13.4,True,1273.0,572.85
9498,2024-12-16,39,29,2,5.5,False,0.0,235.12
9499,2024-12-23,39,25,1,23.7,True,2251.5,1013.18
9500,2024-12-23,39,29,1,3.6,False,0.0,153.9
9501,2024-12-30,39,24,2,6.6,True,627.0,282.15
9502,2024-12-30,39,8,2,18.9,True,1795.5,807.97
9503,2024-12-30,39,29,2,7.5,False,0.0,320.62
9504,2025-01-06,39,12,3,32.3,True,3068.5,1380.82
9505,2025-01-06,39,29,3,4.1,False,0.0,175.27
9506,2025-01-13,39,11,3,37.1,True,3524.5,1586.02
9507,2025-01-13,39,29,3,0.9,False,0.0,38.48
9508,2025-01-20,39,5,3,32.2,True,3059.0,1376.55
9509,2025-01-20,39,29,3,0.7,False,0.0,29.92
9510,2025-01-27,39,16,2,23.2,True,2204.0,991.8
9511,2025-01-27,39,29,2,12.3,False,0.0,525.83
9512,2025-02-03,39,16,1,3.6,True,342.0,153.9
9513,2025-02-03,39,25,1,24.6,True,2337.0,1051.65
9514,2025-02-03,39,29,1,8.3,False,0.0,354.83
9515,2025-02-10,39,12,1,2.4,True,228.0,102.6
9516,2025-02-10,39,25,1,27.2,True,2584.0,1162.8
9517,2025-02-10,39,29,1,5.6,False,0.0,239.4
9518,2025-02-17,39,24,2,23.4,True,2223.0,1000.35
9519,2025-02-17,39,29,2,13.6,False,0.0,581.4
9520,2025-02-24,39,24,2,24.1,True,2289.5,1030.28
9521,2025-02-24,39,29,2,13.1,False,0.0,560.02
9522,2025-03-03,39,24,3,40.0,True,3800.0,1710.0
9523,2025-03-03,39,29,3,0.8,False,0.0,34.2
9524,2025-03-10,39,8,2,26.3,True,2498.5,1124.32
9525,2025-03-10,39,29,2,6.0,False,0.0,256.5
9526,2025-03-17,39,24,3,33.3,True,3163.5,1423.57
9527,2025-03-17,39,29,3,2.9,False,0.0,123.98
9528,2025-03-24,39,21,2,4.6,True,437.0,196.65
9529,2025-03-24,39,25,2,19.0,True,1805.0,812.25
9530,2025-03-24,39,29,2,13.1,False,0.0,560.02
9531,2025-03-31,39,5,2,10.7,True,1016.5,457.42
9532,2025-03-31,39,25,2,19.9,True,1890.5,850.72
9533,2025-03-31,39,29,2,7.5,False,0.0,320.62
9534,2025-04-07,39,21,2,16.1,True,1529.5,688.28
9535,2025-04-07,39,22,2,12.9,True,1225.5,551.48
9536,2025-04-07,39,29,2,5.5,False,0.0,235.12
9537,2025-04-14,39,24,2,22.2,True,2109.0,949.05
9538,2025-04-14,39,8,2,7.0,True,665.0,299.25
9539,2025-04-14,39,29,2,8.0,False,0.0,342.0
9540,2025-04-21,39,25,2,25.0,True,2375.0,1068.75
9541,2025-04-21,39,29,2,5.7,False,0.0,243.68
9542,2025-04-28,39,22,3,23.0,True,2185.0,983.25
9543,2025-04-28,39,8,3,7.0,True,665.0,299.25
9544,2025-04-28,39,29,3,6.1,False,0.0,260.77
9545,2025-05-05,39,25,2,31.0,True,2945.0,1325.25
9546,2025-05-05,39,29,2,4.1,False,0.0,175.27
9547,2025-05-12,39,21,3,8.5,True,807.5,363.38
9548,2025-05-12,39,25,3,17.5,True,1662.5,748.12
9549,2025-05-12,39,29,3,7.3,False,0.0,312.08
9550,2025-05-19,39,10,1,33.3,True,3163.5,1423.57
9551,2025-05-19,39,29,1,4.5,False,0.0,192.38
9552,2025-05-26,39,24,1,17.7,True,1681.5,756.68
9553,2025-05-26,39,22,1,4.1,True,389.5,175.27
9554,2025-05-26,39,29,1,14.2,False,0.0,607.05
9555,2025-06-02,39,22,2,27.7,True,2631.5,1184.18
9556,2025-06-02,39,29,2,5.1,False,0.0,218.02
9557,2025-06-09,39,10,2,16.9,True,1605.5,722.47
9558,2025-06-09,39,5,2,9.7,True,921.5,414.67
9559,2025-06-09,39,29,2,8.2,False,0.0,350.55
9560,2025-06-16,39,24,2,25.9,True,2460.5,1107.22
9561,2025-06-16,39,29,2,6.1,False,0.0,260.77
9562,2025-06-23,39,5,2,26.5,True,2517.5,1132.88
9563,2025-06-23,39,29,2,6.1,False,0.0,260.77
9564,2025-06-30,39,16,1,30.2,True,2869.0,1291.05
9565,2025-06-30,39,29,1,4.8,False,0.0,205.2
9566,2025-07-07,39,5,2,14.6,True,1387.0,624.15
9567,2025-07-07,39,29,2,5.4,False,0.0,230.85
9568,2025-07-14,39,10,3,11.8,True,1121.0,504.45
9569,2025-07-14,39,22,3,7.5,True,712.5,320.62
9570,2025-07-21,39,12,2,6.4,True,608.0,273.6
9571,2025-07-21,39,11,2,8.3,True,788.5,354.83
9572,2025-07-21,39,29,2,4.3,False,0.0,183.82
9573,2025-07-28,39,11,2,9.8,True,931.0,418.95
9574,2025-07-28,39,24,2,5.7,True,541.5,243.68
9575,2025-07-28,39,29,2,5.3,False,0.0,226.58
9576,2025-08-04,39,8,1,3.2,True,304.0,136.8
9577,2025-08-04,39,16,1,29.8,True,2831.0,1273.95
9578,2025-08-04,39,29,1,0.7,False,0.0,29.92
9579,2025-08-11,39,25,2,24.4,True,2318.0,1043.1
9580,2025-08-11,39,29,2,6.7,False,0.0,286.42
9581,2025-08-18,39,8,3,9.8,True,931.0,418.95
9582,2025-08-18,39,25,3,17.1,True,1624.5,731.03
9583,2025-08-18,39,29,3,3.4,False,0.0,145.35
9584,2025-08-25,39,25,3,32.7,True,3106.5,1397.93
9585,2025-08-25,39,29,3,0.7,False,0.0,29.92
9586,2025-09-01,39,22,3,13.1,True,1244.5,560.02
9587,2025-09-01,39,25,3,21.5,True,2042.5,919.12
9588,2025-09-01,39,29,3,4.2,False,0.0,179.55
9589,2025-09-08,39,16,1,31.1,True,2954.5,1329.52
9590,2025-09-08,39,29,1,5.4,False,0.0,230.85
9591,2025-09-15,39,5,2,20.1,True,1909.5,859.28
9592,2025-09-15,39,10,2,6.4,True,608.0,273.6
9593,2025-09-15,39,29,2,6.6,False,0.0,282.15
9594,2025-09-22,39,11,2,7.1,True,674.5,303.52
9595,2025-09-22,39,8,2,20.4,True,1938.0,872.1
9596,2025-09-22,39,29,2,8.6,False,0.0,367.65
9597,2025-09-29,39,5,2,11.4,True,1083.0,487.35
9598,2025-09-29,39,24,2,18.2,True,1729.0,778.05
9599,2025-09-29,39,29,2,11.9,False,0.0,508.72
9600,2025-10-06,39,10,2,27.7,True,2631.5,1184.18
9601,2025-10-06,39,29,2,7.0,False,0.0,299.25
9602,2025-10-13,39,8,2,27.3,True,2593.5,1167.08
9603,2025-10-13,39,29,2,6.4,False,0.0,273.6
9604,2025-10-20,39,5,2,23.5,True,2232.5,1004.62
9605,2025-10-20,39,29,2,10.5,False,0.0,448.88
9606,2025-10-27,39,11,2,28.8,True,2736.0,1231.2
9607,2025-10-27,39,29,2,9.1,False,0.0,389.02
9608,2025-11-03,39,21,3,36.0,True,3420.0,1539.0
9609,2025-11-03,39,29,3,2.0,False,0.0,85.5
9610,2025-11-10,39,8,3,25.7,True,2441.5,1098.68
9611,2025-11-10,39,25,3,7.8,True,741.0,333.45
9612,2025-11-10,39,29,3,2.4,False,0.0,102.6
9613,2025-11-17,39,25,2,26.9,True,2555.5,1149.97
9614,2025-11-17,39,29,2,11.5,False,0.0,491.62
9615,2025-11-24,39,24,1,20.8,True,1976.0,889.2
9616,2025-11-24,39,8,1,11.4,True,1083.0,487.35
9617,2025-11-24,39,29,1,7.0,False,0.0,299.25
9618,2025-12-01,39,8,2,17.3,True,1643.5,739.58
9619,2025-12-01,39,29,2,10.5,False,0.0,448.88
9620,2025-12-08,39,12,1,19.9,True,1890.5,850.72
9621,2025-12-08,39,29,1,10.0,False,0.0,427.5
9622,2025-12-15,39,16,2,23.3,True,2213.5,996.08
9623,2025-12-15,39,29,2,6.3,False,0.0,269.32
9624,2025-12-22,39,25,1,24.2,True,2299.0,1034.55
9625,2025-12-22,39,29,1,4.7,False,0.0,200.92
9626,2025-12-29,39,11,2,22.5,True,2137.5,961.88
9627,2025-12-29,39,29,2,4.4,False,0.0,188.1
9628,2024-01-01,40,25,3,23.3,True,4077.5,1834.88
9629,2024-01-01,40,29,3,10.0,False,0.0,787.5
9630,2024-01-08,40,10,1,19.4,True,3395.0,1527.75
9631,2024-01-08,40,29,1,14.4,False,0.0,1134.0
9632,2024-01-15,40,10,1,21.7,True,3797.5,1708.88
9633,2024-01-15,40,29,1,13.7,False,0.0,1078.88
9634,2024-01-22,40,24,2,15.3,True,2677.5,1204.88
9635,2024-01-22,40,29,2,17.3,False,0.0,1362.38
9636,2024-01-29,40,8,3,19.5,True,3412.5,1535.62
9637,2024-01-29,40,29,3,12.2,False,0.0,960.75
9638,2024-02-05,40,10,3,24.4,True,4270.0,1921.5
9639,2024-02-05,40,29,3,15.4,False,0.0,1212.75
9640,2024-02-12,40,24,2,19.2,True,3360.0,1512.0
9641,2024-02-12,40,29,2,16.6,False,0.0,1307.25
9642,2024-02-19,40,16,1,17.4,True,3045.0,1370.25
9643,2024-02-19,40,29,1,15.7,False,0.0,1236.38
9644,2024-02-26,40,5,2,16.7,True,2922.5,1315.12
9645,2024-02-26,40,29,2,16.5,False,0.0,1299.38
9646,2024-03-04,40,21,1,23.1,True,4042.5,1819.12
9647,2024-03-04,40,29,1,14.5,False,0.0,1141.88
9648,2024-03-11,40,12,3,2.9,True,507.5,228.38
9649,2024-03-11,40,8,3,22.0,True,3850.0,1732.5
9650,2024-03-11,40,29,3,11.0,False,0.0,866.25
9651,2024-03-18,40,21,3,14.9,True,2607.5,1173.38
9652,2024-03-18,40,25,3,11.6,True,2030.0,913.5
9653,2024-03-18,40,29,3,13.1,False,0.0,1031.62
9654,2024-03-25,40,21,3,25.4,True,4445.0,2000.25
9655,2024-03-25,40,29,3,13.6,False,0.0,1071.0
9656,2024-04-01,40,11,1,25.9,True,4532.5,2039.62
9657,2024-04-01,40,29,1,13.6,False,0.0,1071.0
9658,2024-04-08,40,12,2,18.4,True,3220.0,1449.0
9659,2024-04-08,40,29,2,17.6,False,0.0,1386.0
9660,2024-04-15,40,11,1,17.6,True,3080.0,1386.0
9661,2024-04-15,40,29,1,16.9,False,0.0,1330.88
9662,2024-04-22,40,12,2,17.8,True,3115.0,1401.75
9663,2024-04-22,40,29,2,16.4,False,0.0,1291.5
9664,2024-04-29,40,24,2,16.8,True,2940.0,1323.0
9665,2024-04-29,40,29,2,20.1,False,0.0,1582.88
9666,2024-05-06,40,10,2,21.7,True,3797.5,1708.88
9667,2024-05-06,40,29,2,16.1,False,0.0,1267.88
9668,2024-05-13,40,5,2,17.3,True,3027.5,1362.38
9669,2024-05-13,40,29,2,18.7,False,0.0,1472.62
9670,2024-05-20,40,12,1,14.3,True,2502.5,1126.12
9671,2024-05-20,40,16,1,4.1,True,717.5,322.88
9672,2024-05-20,40,29,1,16.6,False,0.0,1307.25
9673,2024-05-27,40,8,1,25.5,True,4462.5,2008.12
9674,2024-05-27,40,29,1,13.2,False,0.0,1039.5
9675,2024-06-03,40,16,2,17.6,True,3080.0,1386.0
9676,2024-06-03,40,29,2,13.5,False,0.0,1063.12
9677,2024-06-10,40,5,3,18.2,True,3185.0,1433.25
9678,2024-06-10,40,16,3,4.0,True,700.0,315.0
9679,2024-06-10,40,29,3,10.9,False,0.0,858.38
9680,2024-06-17,40,25,2,17.5,True,3062.5,1378.12
9681,2024-06-17,40,29,2,14.6,False,0.0,1149.75
9682,2024-06-24,40,10,1,15.6,True,2730.0,1228.5
9683,2024-06-24,40,29,1,15.1,False,0.0,1189.12
9684,2024-07-01,40,5,1,3.9,True,682.5,307.12
9685,2024-07-01,40,8,1,8.5,True,1487.5,669.38
9686,2024-07-01,40,29,1,9.5,False,0.0,748.12
9687,2024-07-08,40,8,1,9.3,True,1627.5,732.38
9688,2024-07-08,40,29,1,10.7,False,0.0,842.62
9689,2024-07-15,40,8,2,3.2,True,560.0,252.0
9690,2024-07-15,40,25,2,4.6,True,805.0,362.25
9691,2024-07-15,40,29,2,9.4,False,0.0,740.25
9692,2024-07-22,40,8,2,3.4,True,595.0,267.75
9693,2024-07-22,40,24,2,8.4,True,1470.0,661.5
9694,2024-07-22,40,29,2,8.3,False,0.0,653.62
9695,2024-07-29,40,21,2,12.4,True,2170.0,976.5
9696,2024-07-29,40,29,2,8.5,False,0.0,669.38
9697,2024-08-05,40,21,3,5.3,True,927.5,417.38
9698,2024-08-05,40,11,3,14.6,True,2555.0,1149.75
9699,2024-08-05,40,29,3,10.3,False,0.0,811.12
9700,2024-08-12,40,8,2,13.3,True,2327.5,1047.38
9701,2024-08-12,40,12,2,6.3,True,1102.5,496.12
9702,2024-08-12,40,29,2,11.5,False,0.0,905.62
9703,2024-08-19,40,12,2,18.1,True,3167.5,1425.38
9704,2024-08-19,40,29,2,15.8,False,0.0,1244.25
9705,2024-08-26,40,25,2,0.6,True,105.0,47.25
9706,2024-08-26,40,12,2,19.9,True,3482.5,1567.12
9707,2024-08-26,40,29,2,13.0,False,0.0,1023.75
9708,2024-09-02,40,22,2,9.7,True,1697.5,763.88
9709,2024-09-02,40,25,2,10.0,True,1750.0,787.5
9710,2024-09-02,40,29,2,18.2,False,0.0,1433.25
9711,2024-09-09,40,22,1,7.8,True,1365.0,614.25
9712,2024-09-09,40,21,1,10.6,True,1855.0,834.75
9713,2024-09-09,40,29,1,17.3,False,0.0,1362.38
9714,2024-09-16,40,12,3,25.8,True,4515.0,2031.75
9715,2024-09-16,40,29,3,11.5,False,0.0,905.62
9716,2024-09-23,40,24,1,28.0,True,4900.0,2205.0
9717,2024-09-23,40,29,1,10.3,False,0.0,811.12
9718,2024-09-30,40,10,3,22.3,True,3902.5,1756.12
9719,2024-09-30,40,21,3,2.1,True,367.5,165.38
9720,2024-09-30,40,29,3,11.9,False,0.0,937.12
9721,2024-10-07,40,25,2,14.5,True,2537.5,1141.88
9722,2024-10-07,40,29,2,19.5,False,0.0,1535.62
9723,2024-10-14,40,22,2,17.6,True,3080.0,1386.0
9724,2024-10-14,40,29,2,20.8,False,0.0,1638.0
9725,2024-10-21,40,12,2,20.2,True,3535.0,1590.75
9726,2024-10-21,40,29,2,13.8,False,0.0,1086.75
9727,2024-10-28,40,5,1,12.5,True,2187.5,984.38
9728,2024-10-28,40,16,1,5.2,True,910.0,409.5
9729,2024-10-28,40,29,1,18.7,False,0.0,1472.62
9730,2024-11-04,40,24,1,18.8,True,3290.0,1480.5
9731,2024-11-04,40,29,1,13.6,False,0.0,1071.0
9732,2024-11-11,40,10,3,26.0,True,4550.0,2047.5
9733,2024-11-11,40,29,3,9.3,False,0.0,732.38
9734,2024-11-18,40,10,1,21.7,True,3797.5,1708.88
9735,2024-11-18,40,29,1,17.1,False,0.0,1346.62
9736,2024-11-25,40,25,3,22.2,True,3885.0,1748.25
9737,2024-11-25,40,29,3,14.6,False,0.0,1149.75
9738,2024-12-02,40,22,2,17.0,True,2975.0,1338.75
9739,2024-12-02,40,29,2,11.4,False,0.0,897.75
9740,2024-12-09,40,25,2,19.7,True,3447.5,1551.38
9741,2024-12-09,40,29,2,11.5,False,0.0,905.62
9742,2024-12-16,40,25,1,14.4,True,2520.0,1134.0
9743,2024-12-16,40,29,1,13.9,False,0.0,1094.62
9744,2024-12-23,40,24,3,15.4,True,2695.0,1212.75
9745,2024-12-23,40,8,3,0.8,True,140.0,63.0
9746,2024-12-23,40,29,3,7.9,False,0.0,622.12
9747,2024-12-30,40,21,1,11.0,True,1925.0,866.25
9748,2024-12-30,40,5,1,3.6,True,630.0,283.5
9749,2024-12-30,40,29,1,15.5,False,0.0,1220.62
9750,2025-01-06,40,8,1,5.2,True,910.0,409.5
9751,2025-01-06,40,24,1,16.1,True,2817.5,1267.88
9752,2025-01-06,40,29,1,12.8,False,0.0,1008.0
9753,2025-01-13,40,22,1,5.4,True,945.0,425.25
9754,2025-01-13,40,25,1,12.5,True,2187.5,984.38
9755,2025-01-13,40,29,1,15.8,False,0.0,1244.25
9756,2025-01-20,40,5,1,11.4,True,1995.0,897.75
9757,2025-01-20,40,25,1,4.5,True,787.5,354.38
9758,2025-01-20,40,29,1,20.2,False,0.0,1590.75
9759,2025-01-27,40,10,1,20.9,True,3657.5,1645.88
9760,2025-01-27,40,29,1,13.7,False,0.0,1078.88
9761,2025-02-03,40,12,2,2.3,True,402.5,181.12
9762,2025-02-03,40,11,2,15.8,True,2765.0,1244.25
9763,2025-02-03,40,29,2,17.1,False,0.0,1346.62
9764,2025-02-10,40,25,2,11.6,True,2030.0,913.5
9765,2025-02-10,40,11,2,9.0,True,1575.0,708.75
9766,2025-02-10,40,29,2,19.2,False,0.0,1512.0
9767,2025-02-17,40,8,3,12.4,True,2170.0,976.5
9768,2025-02-17,40,16,3,11.8,True,2065.0,929.25
9769,2025-02-17,40,29,3,12.8,False,0.0,1008.0
9770,2025-02-24,40,21,2,13.1,True,2292.5,1031.62
9771,2025-02-24,40,8,2,9.3,True,1627.5,732.38
9772,2025-02-24,40,29,2,14.0,False,0.0,1102.5
9773,2025-03-03,40,24,3,20.1,True,3517.5,1582.88
9774,2025-03-03,40,29,3,17.6,False,0.0,1386.0
9775,2025-03-10,40,12,2,18.5,True,3237.5,1456.88
9776,2025-03-10,40,29,2,16.1,False,0.0,1267.88
9777,2025-03-17,40,22,1,9.5,True,1662.5,748.12
9778,2025-03-17,40,12,1,9.9,True,1732.5,779.62
9779,2025-03-17,40,29,1,17.1,False,0.0,1346.62
9780,2025-03-24,40,16,2,20.9,True,3657.5,1645.88
9781,2025-03-24,40,29,2,16.9,False,0.0,1330.88
9782,2025-03-31,40,12,3,16.4,True,2870.0,1291.5
9783,2025-03-31,40,29,3,23.6,False,0.0,1858.5
9784,2025-04-07,40,11,2,15.0,True,2625.0,1181.25
9785,2025-04-07,40,25,2,4.1,True,717.5,322.88
9786,2025-04-07,40,29,2,18.6,False,0.0,1464.75
9787,2025-04-14,40,12,2,12.4,True,2170.0,976.5
9788,2025-04-14,40,16,2,6.8,True,1190.0,535.5
9789,2025-04-14,40,29,2,18.8,False,0.0,1480.5
9790,2025-04-21,40,8,2,20.3,True,3552.5,1598.62
9791,2025-04-21,40,29,2,13.9,False,0.0,1094.62
9792,2025-04-28,40,24,1,24.1,True,4217.5,1897.88
9793,2025-04-28,40,29,1,15.1,False,0.0,1189.12
9794,2025-05-05,40,16,1,20.5,True,3587.5,1614.38
9795,2025-05-05,40,29,1,16.2,False,0.0,1275.75
9796,2025-05-12,40,10,3,17.3,True,3027.5,1362.38
9797,2025-05-12,40,11,3,6.5,True,1137.5,511.88
9798,2025-05-12,40,29,3,14.5,False,0.0,1141.88
9799,2025-05-19,40,8,2,20.5,True,3587.5,1614.38
9800,2025-05-19,40,29,2,18.5,False,0.0,1456.88
9801,2025-05-26,40,21,2,21.3,True,3727.5,1677.38
9802,2025-05-26,40,29,2,16.4,False,0.0,1291.5
9803,2025-06-02,40,22,2,19.7,True,3447.5,1551.38
9804,2025-06-02,40,29,2,13.3,False,0.0,1047.38
9805,2025-06-09,40,11,1,17.5,True,3062.5,1378.12
9806,2025-06-09,40,29,1,13.7,False,0.0,1078.88
9807,2025-06-16,40,11,1,4.8,True,840.0,378.0
9808,2025-06-16,40,5,1,16.3,True,2852.5,1283.62
9809,2025-06-16,40,29,1,13.5,False,0.0,1063.12
9810,2025-06-23,40,11,1,12.9,True,2257.5,1015.88
9811,2025-06-23,40,10,1,2.8,True,490.0,220.5
9812,2025-06-23,40,29,1,15.3,False,0.0,1204.88
9813,2025-06-30,40,24,2,14.6,True,2555.0,1149.75
9814,2025-06-30,40,29,2,13.2,False,0.0,1039.5
9815,2025-07-07,40,24,3,13.7,True,2397.5,1078.88
9816,2025-07-07,40,29,3,4.8,False,0.0,378.0
9817,2025-07-14,40,5,1,11.2,True,1960.0,882.0
9818,2025-07-14,40,29,1,8.9,False,0.0,700.88
9819,2025-07-21,40,16,2,3.9,True,682.5,307.12
9820,2025-07-21,40,22,2,4.7,True,822.5,370.12
9821,2025-07-21,40,29,2,10.6,False,0.0,834.75
9822,2025-07-28,40,10,2,13.4,True,2345.0,1055.25
9823,2025-07-28,40,29,2,7.4,False,0.0,582.75
9824,2025-08-04,40,11,2,16.3,True,2852.5,1283.62
9825,2025-08-04,40,29,2,15.5,False,0.0,1220.62
9826,2025-08-11,40,21,2,18.5,True,3237.5,1456.88
9827,2025-08-11,40,5,2,1.2,True,210.0,94.5
9828,2025-08-11,40,29,2,13.5,False,0.0,1063.12
9829,2025-08-18,40,16,2,17.4,True,3045.0,1370.25
9830,2025-08-18,40,29,2,17.5,False,0.0,1378.12
9831,2025-08-25,40,11,3,20.2,True,3535.0,1590.75
9832,2025-08-25,40,29,3,16.1,False,0.0,1267.88
9833,2025-09-01,40,5,1,21.4,True,3745.0,1685.25
9834,2025-09-01,40,29,1,17.6,False,0.0,1386.0
9835,2025-09-08,40,22,2,22.9,True,4007.5,1803.38
9836,2025-09-08,40,29,2,14.8,False,0.0,1165.5
9837,2025-09-15,40,24,2,12.5,True,2187.5,984.38
9838,2025-09-15,40,8,2,5.5,True,962.5,433.12
9839,2025-09-15,40,29,2,20.6,False,0.0,1622.25
9840,2025-09-22,40,24,2,22.5,True,3937.5,1771.88
9841,2025-09-22,40,29,2,14.4,False,0.0,1134.0
9842,2025-09-29,40,8,2,17.6,True,3080.0,1386.0
9843,2025-09-29,40,29,2,19.7,False,0.0,1551.38
9844,2025-10-06,40,11,1,20.8,True,3640.0,1638.0
9845,2025-10-06,40,29,1,13.7,False,0.0,1078.88
9846,2025-10-13,40,25,2,20.9,True,3657.5,1645.88
9847,2025-10-13,40,29,2,13.4,False,0.0,1055.25
9848,2025-10-20,40,11,3,23.5,True,4112.5,1850.62
9849,2025-10-20,40,29,3,11.1,False,0.0,874.12
9850,2025-10-27,40,24,2,18.7,True,3272.5,1472.62
9851,2025-10-27,40,22,2,3.9,True,682.5,307.12
9852,2025-10-27,40,29,2,15.9,False,0.0,1252.12
9853,2025-11-03,40,25,1,25.0,True,4375.0,1968.75
9854,2025-11-03,40,29,1,14.8,False,0.0,1165.5
9855,2025-11-10,40,25,1,22.1,True,3867.5,1740.38
9856,2025-11-10,40,29,1,13.5,False,0.0,1063.12
9857,2025-11-17,40,12,2,21.9,True,3832.5,1724.62
9858,2025-11-17,40,29,2,19.4,False,0.0,1527.75
9859,2025-11-24,40,10,2,17.5,True,3062.5,1378.12
9860,2025-11-24,40,29,2,16.9,False,0.0,1330.88
9861,2025-12-01,40,10,1,3.7,True,647.5,291.38
9862,2025-12-01,40,12,1,10.3,True,1802.5,811.12
9863,2025-12-01,40,29,1,14.5,False,0.0,1141.88
9864,2025-12-08,40,10,2,19.5,True,3412.5,1535.62
9865,2025-12-08,40,29,2,11.2,False,0.0,882.0
9866,2025-12-15,40,12,2,17.7,True,3097.5,1393.88
9867,2025-12-15,40,29,2,12.4,False,0.0,976.5
9868,2025-12-22,40,21,1,14.6,True,2555.0,1149.75
9869,2025-12-22,40,29,1,14.0,False,0.0,1102.5
9870,2025-12-29,40,12,2,18.9,True,3307.5,1488.38
9871,2025-12-29,40,29,2,10.9,False,0.0,858.38
9872,2024-01-01,41,10,2,6.4,True,1120.0,504.0
9873,2024-01-01,41,22,2,14.2,True,2485.0,1118.25
9874,2024-01-01,41,29,2,15.5,False,0.0,1220.62
9875,2024-01-08,41,12,1,0.6,True,105.0,47.25
9876,2024-01-08,41,22,1,21.2,True,3710.0,1669.5
9877,2024-01-08,41,29,1,14.1,False,0.0,1110.38
9878,2024-01-15,41,12,3,19.1,True,3342.5,1504.12
9879,2024-01-15,41,29,3,15.5,False,0.0,1220.62
9880,2024-01-22,41,24,2,7.3,True,1277.5,574.88
9881,2024-01-22,41,8,2,11.5,True,2012.5,905.62
9882,2024-01-22,41,29,2,15.0,False,0.0,1181.25
9883,2024-01-29,41,25,1,10.5,True,1837.5,826.88
9884,2024-01-29,41,10,1,8.0,True,1400.0,630.0
9885,2024-01-29,41,29,1,16.5,False,0.0,1299.38
9886,2024-02-05,41,22,2,19.7,True,3447.5,1551.38
9887,2024-02-05,41,29,2,14.8,False,0.0,1165.5
9888,2024-02-12,41,5,2,18.4,True,3220.0,1449.0
9889,2024-02-12,41,29,2,16.9,False,0.0,1330.88
9890,2024-02-19,41,10,2,19.9,True,3482.5,1567.12
9891,2024-02-19,41,29,2,15.7,False,0.0,1236.38
9892,2024-02-26,41,21,2,21.7,True,3797.5,1708.88
9893,2024-02-26,41,29,2,19.2,False,0.0,1512.0
9894,2024-03-04,41,16,3,21.7,True,3797.5,1708.88
9895,2024-03-04,41,29,3,18.0,False,0.0,1417.5
9896,2024-03-11,41,10,3,18.4,True,3220.0,1449.0
9897,2024-03-11,41,22,3,3.1,True,542.5,244.12
9898,2024-03-11,41,29,3,14.4,False,0.0,1134.0
9899,2024-03-18,41,25,3,23.0,True,4025.0,1811.25
9900,2024-03-18,41,29,3,13.0,False,0.0,1023.75
9901,2024-03-25,41,16,2,10.3,True,1802.5,811.12
9902,2024-03-25,41,24,2,8.5,True,1487.5,669.38
9903,2024-03-25,41,29,2,18.5,False,0.0,1456.88
9904,2024-04-01,41,8,1,17.7,True,3097.5,1393.88
9905,2024-04-01,41,29,1,13.6,False,0.0,1071.0
9906,2024-04-08,41,24,2,21.2,True,3710.0,1669.5
9907,2024-04-08,41,29,2,14.9,False,0.0,1173.38
9908,2024-04-15,41,21,3,20.9,True,3657.5,1645.88
9909,2024-04-15,41,29,3,13.6,False,0.0,1071.0
9910,2024-04-22,41,25,1,6.8,True,1190.0,535.5
9911,2024-04-22,41,5,1,13.6,True,2380.0,1071.0
9912,2024-04-22,41,29,1,14.6,False,0.0,1149.75
9913,2024-04-29,41,22,2,23.9,True,4182.5,1882.12
9914,2024-04-29,41,29,2,15.0,False,0.0,1181.25
9915,2024-05-06,41,22,2,9.4,True,1645.0,740.25
9916,2024-05-06,41,11,2,10.7,True,1872.5,842.62
9917,2024-05-06,41,29,2,14.8,False,0.0,1165.5
9918,2024-05-13,41,10,2,19.3,True,3377.5,1519.88
9919,2024-05-13,41,29,2,19.2,False,0.0,1512.0
9920,2024-05-20,41,22,1,19.4,True,3395.0,1527.75
9921,2024-05-20,41,29,1,18.2,False,0.0,1433.25
9922,2024-05-27,41,10,2,19.6,True,3430.0,1543.5
9923,2024-05-27,41,29,2,19.2,False,0.0,1512.0
9924,2024-06-03,41,8,2,17.9,True,3132.5,1409.62
9925,2024-06-03,41,29,2,13.7,False,0.0,1078.88
9926,2024-06-10,41,25,2,2.9,True,507.5,228.38
9927,2024-06-10,41,12,2,15.2,True,2660.0,1197.0
9928,2024-06-10,41,29,2,12.9,False,0.0,1015.88
9929,2024-06-17,41,24,2,11.5,True,2012.5,905.62
9930,2024-06-17,41,8,2,4.8,True,840.0,378.0
9931,2024-06-17,41,29,2,13.9,False,0.0,1094.62
9932,2024-06-24,41,16,2,15.5,True,2712.5,1220.62
9933,2024-06-24,41,29,2,18.7,False,0.0,1472.62
9934,2024-07-01,41,12,1,12.3,True,2152.5,968.62
9935,2024-07-01,41,29,1,8.6,False,0.0,677.25
9936,2024-07-08,41,24,2,0.6,True,105.0,47.25
9937,2024-07-08,41,12,2,11.6,True,2030.0,913.5
9938,2024-07-08,41,29,2,7.7,False,0.0,606.38
9939,2024-07-15,41,25,2,12.1,True,2117.5,952.88
9940,2024-07-15,41,29,2,7.5,False,0.0,590.62
9941,2024-07-22,41,21,2,1.0,True,175.0,78.75
9942,2024-07-22,41,16,2,11.6,True,2030.0,913.5
9943,2024-07-22,41,29,2,7.6,False,0.0,598.5
9944,2024-07-29,41,5,1,11.1,True,1942.5,874.12
9945,2024-07-29,41,29,1,8.7,False,0.0,685.12
9946,2024-08-05,41,11,2,9.1,True,1592.5,716.62
9947,2024-08-05,41,25,2,3.2,True,560.0,252.0
9948,2024-08-05,41,29,2,21.5,False,0.0,1693.12
9949,2024-08-12,41,8,1,16.2,True,2835.0,1275.75
9950,2024-08-12,41,22,1,0.8,True,140.0,63.0
9951,2024-08-12,41,29,1,15.3,False,0.0,1204.88
9952,2024-08-19,41,5,2,19.4,True,3395.0,1527.75
9953,2024-08-19,41,29,2,15.5,False,0.0,1220.62
9954,2024-08-26,41,22,3,12.2,True,2135.0,960.75
9955,2024-08-26,41,12,3,15.3,True,2677.5,1204.88
9956,2024-08-26,41,29,3,10.5,False,0.0,826.88
9957,2024-09-02,41,24,1,10.5,True,1837.5,826.88
9958,2024-09-02,41,22,1,11.9,True,2082.5,937.12
9959,2024-09-02,41,29,1,15.0,False,0.0,1181.25
9960,2024-09-09,41,25,1,15.5,True,2712.5,1220.62
9961,2024-09-09,41,10,1,6.0,True,1050.0,472.5
9962,2024-09-09,41,29,1,17.9,False,0.0,1409.62
9963,2024-09-16,41,12,1,5.4,True,945.0,425.25
9964,2024-09-16,41,10,1,18.7,True,3272.5,1472.62
9965,2024-09-16,41,29,1,16.0,False,0.0,1260.0
9966,2024-09-23,41,21,3,21.4,True,3745.0,1685.25
9967,2024-09-23,41,29,3,14.6,False,0.0,1149.75
9968,2024-09-30,41,16,2,12.5,True,2187.5,984.38
9969,2024-09-30,41,5,2,10.6,True,1855.0,834.75
9970,2024-09-30,41,29,2,14.3,False,0.0,1126.12
9971,2024-10-07,41,5,1,18.3,True,3202.5,1441.12
9972,2024-10-07,41,29,1,17.5,False,0.0,1378.12
9973,2024-10-14,41,12,1,16.9,True,2957.5,1330.88
9974,2024-10-14,41,29,1,18.7,False,0.0,1472.62
9975,2024-10-21,41,5,2,20.0,True,3500.0,1575.0
9976,2024-10-21,41,29,2,15.0,False,0.0,1181.25
9977,2024-10-28,41,5,3,23.8,True,4165.0,1874.25
9978,2024-10-28,41,29,3,15.1,False,0.0,1189.12
9979,2024-11-04,41,11,3,2.3,True,402.5,181.12
9980,2024-11-04,41,25,3,22.5,True,3937.5,1771.88
9981,2024-11-04,41,29,3,9.3,False,0.0,732.38
9982,2024-11-11,41,5,3,23.9,True,4182.5,1882.12
9983,2024-11-11,41,29,3,12.4,False,0.0,976.5
9984,2024-11-18,41,10,2,13.9,True,2432.5,1094.62
9985,2024-11-18,41,12,2,3.0,True,525.0,236.25
9986,2024-11-18,41,29,2,24.4,False,0.0,1921.5
9987,2024-11-25,41,16,2,19.8,True,3465.0,1559.25
9988,2024-11-25,41,29,2,17.8,False,0.0,1401.75
9989,2024-12-02,41,5,1,9.6,True,1680.0,756.0
9990,2024-12-02,41,21,1,7.6,True,1330.0,598.5
9991,2024-12-02,41,29,1,11.9,False,0.0,937.12
9992,2024-12-09,41,22,2,13.8,True,2415.0,1086.75
9993,2024-12-09,41,29,2,15.4,False,0.0,1212.75
9994,2024-12-16,41,16,1,19.1,True,3342.5,1504.12
9995,2024-12-16,41,29,1,12.1,False,0.0,952.88
9996,2024-12-23,41,24,2,15.7,True,2747.5,1236.38
9997,2024-12-23,41,29,2,13.0,False,0.0,1023.75
9998,2024-12-30,41,8,1,15.1,True,2642.5,1189.12
9999,2024-12-30,41,29,1,14.3,False,0.0,1126.12
10000,2025-01-06,41,22,1,20.3,True,3552.5,1598.62
10001,2025-01-06,41,29,1,14.6,False,0.0,1149.75
10002,2025-01-13,41,16,2,12.3,True,2152.5,968.62
10003,2025-01-13,41,12,2,3.8,True,665.0,299.25
10004,2025-01-13,41,29,2,13.4,False,0.0,1055.25
10005,2025-01-20,41,11,2,13.2,True,2310.0,1039.5
10006,2025-01-20,41,8,2,5.5,True,962.5,433.12
10007,2025-01-20,41,29,2,12.3,False,0.0,968.62
10008,2025-01-27,41,10,1,10.3,True,1802.5,811.12
10009,2025-01-27,41,5,1,8.1,True,1417.5,637.88
10010,2025-01-27,41,29,1,15.8,False,0.0,1244.25
10011,2025-02-03,41,5,2,18.0,True,3150.0,1417.5
10012,2025-02-03,41,29,2,16.1,False,0.0,1267.88
10013,2025-02-10,41,25,3,18.9,True,3307.5,1488.38
10014,2025-02-10,41,29,3,15.3,False,0.0,1204.88
10015,2025-02-17,41,16,2,23.1,True,4042.5,1819.12
10016,2025-02-17,41,29,2,14.9,False,0.0,1173.38
10017,2025-02-24,41,10,2,19.0,True,3325.0,1496.25
10018,2025-02-24,41,29,2,14.7,False,0.0,1157.62
10019,2025-03-03,41,25,2,19.1,True,3342.5,1504.12
10020,2025-03-03,41,29,2,18.0,False,0.0,1417.5
10021,2025-03-10,41,11,2,21.5,True,3762.5,1693.12
10022,2025-03-10,41,29,2,14.4,False,0.0,1134.0
10023,2025-03-17,41,12,3,23.1,True,4042.5,1819.12
10024,2025-03-17,41,29,3,12.4,False,0.0,976.5
10025,2025-03-24,41,11,2,21.4,True,3745.0,1685.25
10026,2025-03-24,41,29,2,15.6,False,0.0,1228.5
10027,2025-03-31,41,11,2,13.8,True,2415.0,1086.75
10028,2025-03-31,41,29,2,21.9,False,0.0,1724.62
10029,2025-04-07,41,11,3,16.2,True,2835.0,1275.75
10030,2025-04-07,41,8,3,2.4,True,420.0,189.0
10031,2025-04-07,41,29,3,14.7,False,0.0,1157.62
10032,2025-04-14,41,11,1,5.3,True,927.5,417.38
10033,2025-04-14,41,22,1,14.0,True,2450.0,1102.5
10034,2025-04-14,41,29,1,15.3,False,0.0,1204.88
10035,2025-04-21,41,22,1,3.3,True,577.5,259.88
10036,2025-04-21,41,24,1,19.9,True,3482.5,1567.12
10037,2025-04-21,41,29,1,13.1,False,0.0,1031.62
10038,2025-04-28,41,12,3,17.3,True,3027.5,1362.38
10039,2025-04-28,41,11,3,2.8,True,490.0,220.5
10040,2025-04-28,41,29,3,15.8,False,0.0,1244.25
10041,2025-05-05,41,10,2,22.0,True,3850.0,1732.5
10042,2025-05-05,41,29,2,14.0,False,0.0,1102.5
10043,2025-05-12,41,10,2,21.8,True,3815.0,1716.75
10044,2025-05-12,41,29,2,14.4,False,0.0,1134.0
10045,2025-05-19,41,11,1,20.8,True,3640.0,1638.0
10046,2025-05-19,41,29,1,14.2,False,0.0,1118.25
10047,2025-05-26,41,24,1,18.2,True,3185.0,1433.25
10048,2025-05-26,41,29,1,16.2,False,0.0,1275.75
10049,2025-06-02,41,8,2,20.8,True,3640.0,1638.0
10050,2025-06-02,41,29,2,14.6,False,0.0,1149.75
10051,2025-06-09,41,16,2,16.8,True,2940.0,1323.0
10052,2025-06-09,41,29,2,11.8,False,0.0,929.25
10053,2025-06-16,41,8,1,16.3,True,2852.5,1283.62
10054,2025-06-16,41,29,1,13.6,False,0.0,1071.0
10055,2025-06-23,41,11,3,1.9,True,332.5,149.62
10056,2025-06-23,41,8,3,18.1,True,3167.5,1425.38
10057,2025-06-23,41,29,3,11.7,False,0.0,921.38
10058,2025-06-30,41,21,1,4.8,True,840.0,378.0
10059,2025-06-30,41,10,1,14.7,True,2572.5,1157.62
10060,2025-06-30,41,29,1,12.3,False,0.0,968.62
10061,2025-07-07,41,22,3,14.8,True,2590.0,1165.5
10062,2025-07-07,41,29,3,5.3,False,0.0,417.38
10063,2025-07-14,41,16,1,12.5,True,2187.5,984.38
10064,2025-07-14,41,29,1,9.6,False,0.0,756.0
10065,2025-07-21,41,24,1,1.3,True,227.5,102.38
10066,2025-07-21,41,12,1,9.2,True,1610.0,724.5
10067,2025-07-21,41,29,1,8.4,False,0.0,661.5
10068,2025-07-28,41,8,1,9.9,True,1732.5,779.62
10069,2025-07-28,41,24,1,2.0,True,350.0,157.5
10070,2025-07-28,41,29,1,8.3,False,0.0,653.62
10071,2025-08-04,41,16,2,17.3,True,3027.5,1362.38
10072,2025-08-04,41,29,2,16.7,False,0.0,1315.12
10073,2025-08-11,41,24,2,13.4,True,2345.0,1055.25
10074,2025-08-11,41,22,2,7.2,True,1260.0,567.0
10075,2025-08-11,41,29,2,16.3,False,0.0,1283.62
10076,2025-08-18,41,25,3,21.2,True,3710.0,1669.5
10077,2025-08-18,41,29,3,13.3,False,0.0,1047.38
10078,2025-08-25,41,24,2,18.3,True,3202.5,1441.12
10079,2025-08-25,41,29,2,12.3,False,0.0,968.62
10080,2025-09-01,41,5,2,5.2,True,910.0,409.5
10081,2025-09-01,41,22,2,14.4,True,2520.0,1134.0
10082,2025-09-01,41,29,2,13.9,False,0.0,1094.62
10083,2025-09-08,41,5,2,17.9,True,3132.5,1409.62
10084,2025-09-08,41,29,2,15.8,False,0.0,1244.25
10085,2025-09-15,41,5,2,24.3,True,4252.5,1913.62
10086,2025-09-15,41,29,2,15.9,False,0.0,1252.12
10087,2025-09-22,41,25,1,13.6,True,2380.0,1071.0
10088,2025-09-22,41,22,1,9.5,True,1662.5,748.12
10089,2025-09-22,41,29,1,15.7,False,0.0,1236.38
10090,2025-09-29,41,5,1,18.0,True,3150.0,1417.5
10091,2025-09-29,41,29,1,17.7,False,0.0,1393.88
10092,2025-10-06,41,24,3,0.5,True,87.5,39.38
10093,2025-10-06,41,16,3,20.2,True,3535.0,1590.75
10094,2025-10-06,41,29,3,18.1,False,0.0,1425.38
10095,2025-10-13,41,24,2,19.1,True,3342.5,1504.12
10096,2025-10-13,41,29,2,19.0,False,0.0,1496.25
10097,2025-10-20,41,5,2,17.2,True,3010.0,1354.5
10098,2025-10-20,41,29,2,18.1,False,0.0,1425.38
10099,2025-10-27,41,8,1,19.1,True,3342.5,1504.12
10100,2025-10-27,41,29,1,14.7,False,0.0,1157.62
10101,2025-11-03,41,10,2,21.2,True,3710.0,1669.5
10102,2025-11-03,41,29,2,15.0,False,0.0,1181.25
10103,2025-11-10,41,22,1,19.7,True,3447.5,1551.38
10104,2025-11-10,41,29,1,14.5,False,0.0,1141.88
10105,2025-11-17,41,22,3,25.5,True,4462.5,2008.12
10106,2025-11-17,41,29,3,13.2,False,0.0,1039.5
10107,2025-11-24,41,24,2,19.6,True,3430.0,1543.5
10108,2025-11-24,41,29,2,18.6,False,0.0,1464.75
10109,2025-12-01,41,11,3,16.9,True,2957.5,1330.88
10110,2025-12-01,41,29,3,11.0,False,0.0,866.25
10111,2025-12-08,41,12,3,19.4,True,3395.0,1527.75
10112,2025-12-08,41,29,3,9.5,False,0.0,748.12
10113,2025-12-15,41,10,3,22.7,True,3972.5,1787.62
10114,2025-12-15,41,29,3,10.3,False,0.0,811.12
10115,2025-12-22,41,5,2,17.2,True,3010.0,1354.5
10116,2025-12-22,41,29,2,15.0,False,0.0,1181.25
10117,2025-12-29,41,10,3,18.0,True,3150.0,1417.5
10118,2025-12-29,41,29,3,9.2,False,0.0,724.5
10119,2024-01-01,42,19,1,11.9,True,1413.12,635.94
10120,2024-01-01,42,23,1,16.3,True,1935.62,871.07
10121,2024-01-01,42,17,1,6.1,False,0.0,325.98
10122,2024-01-08,42,23,3,26.4,True,3135.0,1410.82
10123,2024-01-08,42,17,3,7.3,False,0.0,390.11
10124,2024-01-15,42,15,3,19.7,True,2339.38,1052.77
10125,2024-01-15,42,19,3,5.1,True,605.62,272.54
10126,2024-01-15,42,17,3,9.6,False,0.0,513.02
10127,2024-01-22,42,15,2,21.5,True,2553.12,1148.96
10128,2024-01-22,42,17,2,13.5,False,0.0,721.44
10129,2024-01-29,42,23,2,24.0,True,2850.0,1282.56
10130,2024-01-29,42,17,2,10.0,False,0.0,534.4
10131,2024-02-05,42,19,1,21.4,True,2541.25,1143.62
10132,2024-02-05,42,17,1,12.2,False,0.0,651.97
10133,2024-02-12,42,15,2,20.5,True,2434.38,1095.52
10134,2024-02-12,42,17,2,13.0,False,0.0,694.72
10135,2024-02-19,42,15,3,27.7,True,3289.38,1480.29
10136,2024-02-19,42,17,3,9.8,False,0.0,523.71
10137,2024-02-26,42,23,3,12.1,True,1436.88,646.62
10138,2024-02-26,42,15,3,18.5,True,2196.88,988.64
10139,2024-02-26,42,17,3,6.0,False,0.0,320.64
10140,2024-03-04,42,23,1,24.9,True,2956.88,1330.66
10141,2024-03-04,42,17,1,11.5,False,0.0,614.56
10142,2024-03-11,42,15,3,30.6,True,3633.75,1635.26
10143,2024-03-11,42,17,3,6.6,False,0.0,352.7
10144,2024-03-18,42,23,2,15.7,True,1864.38,839.01
10145,2024-03-18,42,19,2,12.0,True,1425.0,641.28
10146,2024-03-18,42,17,2,8.2,False,0.0,438.21
10147,2024-03-25,42,23,1,19.7,True,2339.38,1052.77
10148,2024-03-25,42,17,1,17.6,False,0.0,940.54
10149,2024-04-01,42,19,3,27.0,True,3206.25,1442.88
10150,2024-04-01,42,17,3,8.5,False,0.0,454.24
10151,2024-04-08,42,19,1,26.3,True,3123.12,1405.47
10152,2024-04-08,42,17,1,6.5,False,0.0,347.36
10153,2024-04-15,42,23,2,9.2,True,1092.5,491.65
10154,2024-04-15,42,19,2,15.1,True,1793.12,806.94
10155,2024-04-15,42,17,2,11.1,False,0.0,593.18
10156,2024-04-22,42,15,3,33.6,True,3990.0,1795.58
10157,2024-04-22,42,17,3,2.0,False,0.0,106.88
10158,2024-04-29,42,19,3,15.3,True,1816.88,817.63
10159,2024-04-29,42,15,3,11.6,True,1377.5,619.9
10160,2024-04-29,42,17,3,9.0,False,0.0,480.96
10161,2024-05-06,42,15,3,36.7,True,4358.12,1961.25
10162,2024-05-06,42,17,3,0.8,False,0.0,42.75
10163,2024-05-13,42,19,2,22.2,True,2636.25,1186.37
10164,2024-05-13,42,17,2,16.3,False,0.0,871.07
10165,2024-05-20,42,19,1,26.3,True,3123.12,1405.47
10166,2024-05-20,42,17,1,9.6,False,0.0,513.02
10167,2024-05-27,42,19,1,25.7,True,3051.88,1373.41
10168,2024-05-27,42,17,1,10.4,False,0.0,555.78
10169,2024-06-03,42,23,2,18.4,True,2185.0,983.3
10170,2024-06-03,42,17,2,14.0,False,0.0,748.16
10171,2024-06-10,42,15,1,18.2,True,2161.25,972.61
10172,2024-06-10,42,19,1,5.1,True,605.62,272.54
10173,2024-06-10,42,17,1,8.6,False,0.0,459.58
10174,2024-06-17,42,19,3,13.2,True,1567.5,705.41
10175,2024-06-17,42,23,3,10.5,True,1246.88,561.12
10176,2024-06-17,42,17,3,7.7,False,0.0,411.49
10177,2024-06-24,42,15,3,18.7,True,2220.62,999.33
10178,2024-06-24,42,19,3,5.7,True,676.88,304.61
10179,2024-06-24,42,17,3,7.7,False,0.0,411.49
10180,2024-07-01,42,19,1,12.7,True,1508.12,678.69
10181,2024-07-01,42,17,1,6.3,False,0.0,336.67
10182,2024-07-08,42,23,2,13.2,True,1567.5,705.41
10183,2024-07-08,42,17,2,7.8,False,0.0,416.83
10184,2024-07-15,42,15,2,12.4,True,1472.5,662.66
10185,2024-07-15,42,19,2,4.2,True,498.75,224.45
10186,2024-07-15,42,17,2,5.2,False,0.0,277.89
10187,2024-07-22,42,19,3,9.8,True,1163.75,523.71
10188,2024-07-22,42,15,3,6.4,True,760.0,342.02
10189,2024-07-22,42,17,3,3.3,False,0.0,176.35
10190,2024-07-29,42,23,3,16.6,True,1971.25,887.1
10191,2024-07-29,42,17,3,5.1,False,0.0,272.54
10192,2024-08-05,42,15,3,30.9,True,3669.38,1651.3
10193,2024-08-05,42,17,3,4.9,False,0.0,261.86
10194,2024-08-12,42,15,1,26.6,True,3158.75,1421.5
10195,2024-08-12,42,17,1,8.3,False,0.0,443.55
10196,2024-08-19,42,15,3,28.1,True,3336.88,1501.66
10197,2024-08-19,42,17,3,5.7,False,0.0,304.61
10198,2024-08-26,42,23,1,31.0,True,3681.25,1656.64
10199,2024-08-26,42,17,1,6.0,False,0.0,320.64
10200,2024-09-02,42,15,3,29.3,True,3479.38,1565.79
10201,2024-09-02,42,17,3,7.1,False,0.0,379.42
10202,2024-09-09,42,19,1,27.2,True,3230.0,1453.57
10203,2024-09-09,42,23,1,4.8,True,570.0,256.51
10204,2024-09-09,42,17,1,5.5,False,0.0,293.92
10205,2024-09-16,42,23,1,26.6,True,3158.75,1421.5
10206,2024-09-16,42,17,1,10.4,False,0.0,555.78
10207,2024-09-23,42,23,3,26.0,True,3087.5,1389.44
10208,2024-09-23,42,19,3,3.2,True,380.0,171.01
10209,2024-09-23,42,17,3,11.6,False,0.0,619.9
10210,2024-09-30,42,23,1,21.8,True,2588.75,1164.99
10211,2024-09-30,42,17,1,14.6,False,0.0,780.22
10212,2024-10-07,42,23,2,26.9,True,3194.38,1437.54
10213,2024-10-07,42,17,2,6.2,False,0.0,331.33
10214,2024-10-14,42,19,2,29.9,True,3550.62,1597.86
10215,2024-10-14,42,17,2,9.8,False,0.0,523.71
10216,2024-10-21,42,15,3,3.6,True,427.5,192.38
10217,2024-10-21,42,23,3,26.7,True,3170.62,1426.85
10218,2024-10-21,42,17,3,6.9,False,0.0,368.74
10219,2024-10-28,42,23,2,18.5,True,2196.88,988.64
10220,2024-10-28,42,15,2,9.9,True,1175.62,529.06
10221,2024-10-28,42,17,2,12.5,False,0.0,668.0
10222,2024-11-04,42,15,2,20.7,True,2458.12,1106.21
10223,2024-11-04,42,17,2,10.2,False,0.0,545.09
10224,2024-11-11,42,15,3,3.9,True,463.12,208.42
10225,2024-11-11,42,23,3,27.0,True,3206.25,1442.88
10226,2024-11-11,42,17,3,7.6,False,0.0,406.14
10227,2024-11-18,42,19,1,8.0,True,950.0,427.52
10228,2024-11-18,42,15,1,16.4,True,1947.5,876.42
10229,2024-11-18,42,17,1,9.8,False,0.0,523.71
10230,2024-11-25,42,15,3,33.2,True,3942.5,1774.21
10231,2024-11-25,42,17,3,3.6,False,0.0,192.38
10232,2024-12-02,42,15,3,26.1,True,3099.38,1394.78
10233,2024-12-02,42,17,3,2.7,False,0.0,144.29
10234,2024-12-09,42,23,2,23.0,True,2731.25,1229.12
10235,2024-12-09,42,17,2,9.7,False,0.0,518.37
10236,2024-12-16,42,23,2,10.4,True,1235.0,555.78
10237,2024-12-16,42,15,2,7.5,True,890.62,400.8
10238,2024-12-16,42,17,2,12.0,False,0.0,641.28
10239,2024-12-23,42,15,2,1.2,True,142.5,64.13
10240,2024-12-23,42,23,2,16.1,True,1911.88,860.38
10241,2024-12-23,42,17,2,11.2,False,0.0,598.53
10242,2024-12-30,42,15,3,13.6,True,1615.0,726.78
10243,2024-12-30,42,19,3,6.1,True,724.38,325.98
10244,2024-12-30,42,17,3,6.2,False,0.0,331.33
10245,2025-01-06,42,15,1,20.9,True,2481.88,1116.9
10246,2025-01-06,42,17,1,9.0,False,0.0,480.96
10247,2025-01-13,42,19,1,25.4,True,3016.25,1357.38
10248,2025-01-13,42,17,1,8.6,False,0.0,459.58
10249,2025-01-20,42,15,3,13.3,True,1579.38,710.75
10250,2025-01-20,42,19,3,9.1,True,1080.62,486.3
10251,2025-01-20,42,17,3,8.9,False,0.0,475.62
10252,2025-01-27,42,19,3,20.1,True,2386.88,1074.14
10253,2025-01-27,42,15,3,9.8,True,1163.75,523.71
10254,2025-01-27,42,17,3,7.2,False,0.0,384.77
10255,2025-02-03,42,15,1,25.0,True,2968.75,1336.0
10256,2025-02-03,42,17,1,11.5,False,0.0,614.56
10257,2025-02-10,42,23,3,27.4,True,3253.75,1464.26
10258,2025-02-10,42,15,3,4.0,True,475.0,213.76
10259,2025-02-10,42,17,3,3.7,False,0.0,197.73
10260,2025-02-17,42,19,3,28.5,True,3384.38,1523.04
10261,2025-02-17,42,17,3,6.9,False,0.0,368.74
10262,2025-02-24,42,19,2,6.9,True,819.38,368.74
10263,2025-02-24,42,15,2,20.3,True,2410.62,1084.83
10264,2025-02-24,42,17,2,9.3,False,0.0,496.99
10265,2025-03-03,42,15,2,14.8,True,1757.5,790.91
10266,2025-03-03,42,23,2,10.1,True,1199.38,539.74
10267,2025-03-03,42,17,2,10.2,False,0.0,545.09
10268,2025-03-10,42,15,1,21.8,True,2588.75,1164.99
10269,2025-03-10,42,17,1,13.6,False,0.0,726.78
10270,2025-03-17,42,23,3,31.7,True,3764.38,1694.05
10271,2025-03-17,42,17,3,5.8,False,0.0,309.95
10272,2025-03-24,42,15,3,38.6,True,4583.75,2062.78
10273,2025-03-24,42,17,3,0.8,False,0.0,42.75
10274,2025-03-31,42,23,1,17.5,True,2078.12,935.2
10275,2025-03-31,42,15,1,5.5,True,653.12,293.92
10276,2025-03-31,42,17,1,11.6,False,0.0,619.9
10277,2025-04-07,42,15,1,5.0,True,593.75,267.2
10278,2025-04-07,42,19,1,24.0,True,2850.0,1282.56
10279,2025-04-07,42,17,1,7.3,False,0.0,390.11
10280,2025-04-14,42,19,2,24.7,True,2933.12,1319.97
10281,2025-04-14,42,17,2,9.0,False,0.0,480.96
10282,2025-04-21,42,19,1,26.5,True,3146.88,1416.16
10283,2025-04-21,42,17,1,9.3,False,0.0,496.99
10284,2025-04-28,42,19,3,28.1,True,3336.88,1501.66
10285,2025-04-28,42,17,3,5.0,False,0.0,267.2
10286,2025-05-05,42,19,3,25.7,True,3051.88,1373.41
10287,2025-05-05,42,15,3,8.1,True,961.88,432.86
10288,2025-05-05,42,17,3,3.7,False,0.0,197.73
10289,2025-05-12,42,23,1,17.4,True,2066.25,929.86
10290,2025-05-12,42,15,1,10.6,True,1258.75,566.46
10291,2025-05-12,42,17,1,5.4,False,0.0,288.58
10292,2025-05-19,42,15,3,25.6,True,3040.0,1368.06
10293,2025-05-19,42,19,3,5.7,True,676.88,304.61
10294,2025-05-19,42,17,3,2.9,False,0.0,154.98
10295,2025-05-26,42,23,3,27.8,True,3301.25,1485.63
10296,2025-05-26,42,17,3,8.3,False,0.0,443.55
10297,2025-06-02,42,15,1,23.7,True,2814.38,1266.53
10298,2025-06-02,42,17,1,7.2,False,0.0,384.77
10299,2025-06-09,42,19,3,24.0,True,2850.0,1282.56
10300,2025-06-09,42,17,3,5.9,False,0.0,315.3
10301,2025-06-16,42,15,1,16.8,True,1995.0,897.79
10302,2025-06-16,42,17,1,13.9,False,0.0,742.82
10303,2025-06-23,42,19,3,8.3,True,985.63,443.55
10304,2025-06-23,42,23,3,17.1,True,2030.63,913.82
10305,2025-06-23,42,17,3,7.1,False,0.0,379.42
10306,2025-06-30,42,15,2,1.6,True,190.0,85.5
10307,2025-06-30,42,23,2,21.9,True,2600.62,1170.34
10308,2025-06-30,42,17,2,10.0,False,0.0,534.4
10309,2025-07-07,42,15,1,13.0,True,1543.75,694.72
10310,2025-07-07,42,17,1,5.1,False,0.0,272.54
10311,2025-07-14,42,23,3,16.8,True,1995.0,897.79
10312,2025-07-14,42,17,3,2.7,False,0.0,144.29
10313,2025-07-21,42,23,2,7.6,True,902.5,406.14
10314,2025-07-21,42,15,2,8.4,True,997.5,448.9
10315,2025-07-21,42,17,2,4.3,False,0.0,229.79
10316,2025-07-28,42,15,3,16.6,True,1971.25,887.1
10317,2025-07-28,42,17,3,4.1,False,0.0,219.1
10318,2025-08-04,42,23,3,28.2,True,3348.75,1507.01
10319,2025-08-04,42,17,3,3.8,False,0.0,203.07
10320,2025-08-11,42,23,1,10.1,True,1199.38,539.74
10321,2025-08-11,42,19,1,11.4,True,1353.75,609.22
10322,2025-08-11,42,17,1,7.8,False,0.0,416.83
10323,2025-08-18,42,19,3,21.1,True,2505.62,1127.58
10324,2025-08-18,42,17,3,13.3,False,0.0,710.75
10325,2025-08-25,42,23,2,6.8,True,807.5,363.39
10326,2025-08-25,42,15,2,13.4,True,1591.25,716.1
10327,2025-08-25,42,17,2,14.8,False,0.0,790.91
10328,2025-09-01,42,15,1,10.3,True,1223.12,550.43
10329,2025-09-01,42,23,1,17.5,True,2078.12,935.2
10330,2025-09-01,42,17,1,12.9,False,0.0,689.38
10331,2025-09-08,42,15,2,16.7,True,1983.12,892.45
10332,2025-09-08,42,23,2,7.0,True,831.25,374.08
10333,2025-09-08,42,17,2,11.2,False,0.0,598.53
10334,2025-09-15,42,15,1,24.8,True,2945.0,1325.31
10335,2025-09-15,42,17,1,11.4,False,0.0,609.22
10336,2025-09-22,42,19,1,28.7,True,3408.12,1533.73
10337,2025-09-22,42,17,1,5.0,False,0.0,267.2
10338,2025-09-29,42,23,2,23.1,True,2743.12,1234.46
10339,2025-09-29,42,17,2,10.1,False,0.0,539.74
10340,2025-10-06,42,23,3,33.4,True,3966.25,1784.9
10341,2025-10-06,42,17,3,2.5,False,0.0,133.6
10342,2025-10-13,42,19,1,17.8,True,2113.75,951.23
10343,2025-10-13,42,15,1,9.8,True,1163.75,523.71
10344,2025-10-13,42,17,1,11.3,False,0.0,603.87
10345,2025-10-20,42,19,3,19.3,True,2291.88,1031.39
10346,2025-10-20,42,23,3,13.8,True,1638.75,737.47
10347,2025-10-20,42,17,3,4.3,False,0.0,229.79
10348,2025-10-27,42,15,1,5.6,True,665.0,299.26
10349,2025-10-27,42,23,1,21.3,True,2529.38,1138.27
10350,2025-10-27,42,17,1,12.2,False,0.0,651.97
10351,2025-11-03,42,15,3,3.6,True,427.5,192.38
10352,2025-11-03,42,19,3,20.5,True,2434.38,1095.52
10353,2025-11-03,42,17,3,11.1,False,0.0,593.18
10354,2025-11-10,42,15,1,32.1,True,3811.88,1715.42
10355,2025-11-10,42,17,1,6.5,False,0.0,347.36
10356,2025-11-17,42,19,1,4.9,True,581.88,261.86
10357,2025-11-17,42,23,1,22.9,True,2719.38,1223.78
10358,2025-11-17,42,17,1,12.5,False,0.0,668.0
10359,2025-11-24,42,23,2,27.2,True,3230.0,1453.57
10360,2025-11-24,42,17,2,14.0,False,0.0,748.16
10361,2025-12-01,42,23,1,16.8,True,1995.0,897.79
10362,2025-12-01,42,15,1,3.5,True,415.62,187.04
10363,2025-12-01,42,17,1,8.4,False,0.0,448.9
10364,2025-12-08,42,23,1,16.5,True,1959.38,881.76
10365,2025-12-08,42,17,1,11.4,False,0.0,609.22
10366,2025-12-15,42,15,2,15.1,True,1793.12,806.94
10367,2025-12-15,42,23,2,5.6,True,665.0,299.26
10368,2025-12-15,42,17,2,9.8,False,0.0,523.71
10369,2025-12-22,42,23,3,22.6,True,2683.75,1207.74
10370,2025-12-22,42,17,3,5.0,False,0.0,267.2
10371,2025-12-29,42,23,2,22.8,True,2707.5,1218.43
10372,2025-12-29,42,17,2,8.4,False,0.0,448.9
10373,2024-01-01,43,21,1,20.7,True,1966.5,884.92
10374,2024-01-01,43,25,1,10.5,True,997.5,448.88
10375,2024-01-01,43,29,1,5.6,False,0.0,239.4
10376,2024-01-08,43,12,1,30.7,True,2916.5,1312.42
10377,2024-01-08,43,29,1,5.1,False,0.0,218.02
10378,2024-01-15,43,25,3,31.1,True,2954.5,1329.52
10379,2024-01-15,43,29,3,3.4,False,0.0,145.35
10380,2024-01-22,43,11,1,22.5,True,2137.5,961.88
10381,2024-01-22,43,12,1,5.3,True,503.5,226.58
10382,2024-01-22,43,29,1,6.5,False,0.0,277.88
10383,2024-01-29,43,24,2,24.6,True,2337.0,1051.65
10384,2024-01-29,43,29,2,10.5,False,0.0,448.88
10385,2024-02-05,43,11,2,24.5,True,2327.5,1047.38
10386,2024-02-05,43,29,2,11.2,False,0.0,478.8
10387,2024-02-12,43,16,3,25.4,True,2413.0,1085.85
10388,2024-02-12,43,29,3,8.4,False,0.0,359.1
10389,2024-02-19,43,12,2,22.6,True,2147.0,966.15
10390,2024-02-19,43,29,2,12.9,False,0.0,551.48
10391,2024-02-26,43,8,3,30.8,True,2926.0,1316.7
10392,2024-02-26,43,29,3,4.5,False,0.0,192.38
10393,2024-03-04,43,24,1,29.9,True,2840.5,1278.22
10394,2024-03-04,43,29,1,8.6,False,0.0,367.65
10395,2024-03-11,43,24,1,17.0,True,1615.0,726.75
10396,2024-03-11,43,16,1,11.8,True,1121.0,504.45
10397,2024-03-11,43,29,1,7.4,False,0.0,316.35
10398,2024-03-18,43,16,2,28.1,True,2669.5,1201.28
10399,2024-03-18,43,29,2,7.6,False,0.0,324.9
10400,2024-03-25,43,25,1,26.2,True,2489.0,1120.05
10401,2024-03-25,43,29,1,11.6,False,0.0,495.9
10402,2024-04-01,43,21,3,30.2,True,2869.0,1291.05
10403,2024-04-01,43,29,3,6.0,False,0.0,256.5
10404,2024-04-08,43,5,1,27.9,True,2650.5,1192.72
10405,2024-04-08,43,29,1,3.5,False,0.0,149.62
10406,2024-04-15,43,24,1,27.5,True,2612.5,1175.62
10407,2024-04-15,43,29,1,8.7,False,0.0,371.92
10408,2024-04-22,43,24,1,3.6,True,342.0,153.9
10409,2024-04-22,43,11,1,24.0,True,2280.0,1026.0
10410,2024-04-22,43,29,1,11.1,False,0.0,474.52
10411,2024-04-29,43,25,2,26.8,True,2546.0,1145.7
10412,2024-04-29,43,29,2,7.8,False,0.0,333.45
10413,2024-05-06,43,22,2,30.0,True,2850.0,1282.5
10414,2024-05-06,43,5,2,2.5,True,237.5,106.88
10415,2024-05-06,43,29,2,3.6,False,0.0,153.9
10416,2024-05-13,43,10,2,30.7,True,2916.5,1312.42
10417,2024-05-13,43,29,2,7.5,False,0.0,320.62
10418,2024-05-20,43,10,2,30.1,True,2859.5,1286.78
10419,2024-05-20,43,29,2,6.2,False,0.0,265.05
10420,2024-05-27,43,11,2,3.1,True,294.5,132.52
10421,2024-05-27,43,21,2,26.4,True,2508.0,1128.6
10422,2024-05-27,43,29,2,7.8,False,0.0,333.45
10423,2024-06-03,43,11,2,13.3,True,1263.5,568.58
10424,2024-06-03,43,12,2,11.7,True,1111.5,500.17
10425,2024-06-03,43,29,2,7.0,False,0.0,299.25
10426,2024-06-10,43,25,1,35.6,True,3382.0,1521.9
10427,2024-06-10,43,29,1,0.7,False,0.0,29.92
10428,2024-06-17,43,25,2,24.7,True,2346.5,1055.92
10429,2024-06-17,43,5,2,1.4,True,133.0,59.85
10430,2024-06-17,43,29,2,3.4,False,0.0,145.35
10431,2024-06-24,43,5,2,12.6,True,1197.0,538.65
10432,2024-06-24,43,8,2,9.9,True,940.5,423.22
10433,2024-06-24,43,29,2,11.8,False,0.0,504.45
10434,2024-07-01,43,22,2,14.8,True,1406.0,632.7
10435,2024-07-01,43,29,2,5.0,False,0.0,213.75
10436,2024-07-08,43,21,2,5.9,True,560.5,252.23
10437,2024-07-08,43,5,2,9.1,True,864.5,389.02
10438,2024-07-08,43,29,2,4.2,False,0.0,179.55
10439,2024-07-15,43,21,2,16.7,True,1586.5,713.92
10440,2024-07-15,43,29,2,4.3,False,0.0,183.82
10441,2024-07-22,43,10,1,17.8,True,1691.0,760.95
10442,2024-07-22,43,29,1,2.0,False,0.0,85.5
10443,2024-07-29,43,5,1,14.2,True,1349.0,607.05
10444,2024-07-29,43,29,1,6.6,False,0.0,282.15
10445,2024-08-05,43,5,2,20.0,True,1900.0,855.0
10446,2024-08-05,43,22,2,6.7,True,636.5,286.42
10447,2024-08-05,43,29,2,5.9,False,0.0,252.23
10448,2024-08-12,43,16,1,32.6,True,3097.0,1393.65
10449,2024-08-12,43,29,1,0.7,False,0.0,29.92
10450,2024-08-19,43,24,1,28.1,True,2669.5,1201.28
10451,2024-08-19,43,29,1,6.2,False,0.0,265.05
10452,2024-08-26,43,21,1,8.4,True,798.0,359.1
10453,2024-08-26,43,11,1,12.8,True,1216.0,547.2
10454,2024-08-26,43,29,1,8.0,False,0.0,342.0
10455,2024-09-02,43,11,2,25.4,True,2413.0,1085.85
10456,2024-09-02,43,29,2,7.0,False,0.0,299.25
10457,2024-09-09,43,12,2,16.2,True,1539.0,692.55
10458,2024-09-09,43,21,2,13.6,True,1292.0,581.4
10459,2024-09-09,43,29,2,10.1,False,0.0,431.78
10460,2024-09-16,43,25,1,11.7,True,1111.5,500.17
10461,2024-09-16,43,21,1,13.3,True,1263.5,568.58
10462,2024-09-16,43,29,1,10.0,False,0.0,427.5
10463,2024-09-23,43,11,2,24.9,True,2365.5,1064.47
10464,2024-09-23,43,29,2,10.8,False,0.0,461.7
10465,2024-09-30,43,11,2,6.9,True,655.5,294.98
10466,2024-09-30,43,10,2,21.4,True,2033.0,914.85
10467,2024-09-30,43,29,2,10.4,False,0.0,444.6
10468,2024-10-07,43,21,2,27.3,True,2593.5,1167.08
10469,2024-10-07,43,29,2,9.1,False,0.0,389.02
10470,2024-10-14,43,21,2,29.5,True,2802.5,1261.12
10471,2024-10-14,43,29,2,7.5,False,0.0,320.62
10472,2024-10-21,43,5,2,26.1,True,2479.5,1115.78
10473,2024-10-21,43,29,2,6.1,False,0.0,260.77
10474,2024-10-28,43,25,2,26.1,True,2479.5,1115.78
10475,2024-10-28,43,29,2,6.2,False,0.0,265.05
10476,2024-11-04,43,22,3,30.1,True,2859.5,1286.78
10477,2024-11-04,43,29,3,4.9,False,0.0,209.48
10478,2024-11-11,43,21,2,26.9,True,2555.5,1149.97
10479,2024-11-11,43,29,2,8.6,False,0.0,367.65
10480,2024-11-18,43,5,2,22.3,True,2118.5,953.32
10481,2024-11-18,43,29,2,11.0,False,0.0,470.25
10482,2024-11-25,43,8,2,27.4,True,2603.0,1171.35
10483,2024-11-25,43,29,2,5.9,False,0.0,252.23
10484,2024-12-02,43,12,2,23.5,True,2232.5,1004.62
10485,2024-12-02,43,29,2,6.9,False,0.0,294.98
10486,2024-12-09,43,5,2,16.8,True,1596.0,718.2
10487,2024-12-09,43,29,2,10.3,False,0.0,440.33
10488,2024-12-16,43,25,2,23.5,True,2232.5,1004.62
10489,2024-12-16,43,29,2,5.7,False,0.0,243.68
10490,2024-12-23,43,11,1,23.5,True,2232.5,1004.62
10491,2024-12-23,43,29,1,8.1,False,0.0,346.28
10492,2024-12-30,43,21,2,21.5,True,2042.5,919.12
10493,2024-12-30,43,29,2,9.6,False,0.0,410.4
10494,2025-01-06,43,16,1,7.2,True,684.0,307.8
10495,2025-01-06,43,10,1,22.1,True,2099.5,944.78
10496,2025-01-06,43,29,1,2.1,False,0.0,89.78
10497,2025-01-13,43,8,1,25.9,True,2460.5,1107.22
10498,2025-01-13,43,29,1,12.2,False,0.0,521.55
10499,2025-01-20,43,11,3,33.7,True,3201.5,1440.68
10500,2025-01-20,43,29,3,1.5,False,0.0,64.12
10501,2025-01-27,43,24,1,20.8,True,1976.0,889.2
10502,2025-01-27,43,29,1,11.7,False,0.0,500.17
10503,2025-02-03,43,25,2,30.6,True,2907.0,1308.15
10504,2025-02-03,43,29,2,6.7,False,0.0,286.42
10505,2025-02-10,43,24,1,30.7,True,2916.5,1312.42
10506,2025-02-10,43,29,1,7.2,False,0.0,307.8
10507,2025-02-17,43,10,2,29.4,True,2793.0,1256.85
10508,2025-02-17,43,29,2,10.2,False,0.0,436.05
10509,2025-02-24,43,25,3,34.9,True,3315.5,1491.98
10510,2025-02-24,43,29,3,0.7,False,0.0,29.92
10511,2025-03-03,43,22,1,25.7,True,2441.5,1098.68
10512,2025-03-03,43,29,1,11.1,False,0.0,474.52
10513,2025-03-10,43,25,1,30.3,True,2878.5,1295.32
10514,2025-03-10,43,29,1,7.1,False,0.0,303.52
10515,2025-03-17,43,12,2,14.9,True,1415.5,636.98
10516,2025-03-17,43,10,2,10.3,True,978.5,440.33
10517,2025-03-17,43,29,2,11.7,False,0.0,500.17
10518,2025-03-24,43,10,3,8.6,True,817.0,367.65
10519,2025-03-24,43,16,3,23.0,True,2185.0,983.25
10520,2025-03-24,43,29,3,3.0,False,0.0,128.25
10521,2025-03-31,43,24,2,24.7,True,2346.5,1055.92
10522,2025-03-31,43,29,2,10.2,False,0.0,436.05
10523,2025-04-07,43,11,1,17.9,True,1700.5,765.22
10524,2025-04-07,43,8,1,11.6,True,1102.0,495.9
10525,2025-04-07,43,29,1,2.3,False,0.0,98.32
10526,2025-04-14,43,25,2,6.8,True,646.0,290.7
10527,2025-04-14,43,22,2,20.8,True,1976.0,889.2
10528,2025-04-14,43,29,2,8.6,False,0.0,367.65
10529,2025-04-21,43,22,2,19.8,True,1881.0,846.45
10530,2025-04-21,43,5,2,7.7,True,731.5,329.18
10531,2025-04-21,43,29,2,7.9,False,0.0,337.72
10532,2025-04-28,43,10,3,24.9,True,2365.5,1064.47
10533,2025-04-28,43,29,3,8.9,False,0.0,380.48
10534,2025-05-05,43,22,3,2.8,True,266.0,119.7
10535,2025-05-05,43,10,3,26.5,True,2517.5,1132.88
10536,2025-05-05,43,29,3,7.2,False,0.0,307.8
10537,2025-05-12,43,5,1,27.7,True,2631.5,1184.18
10538,2025-05-12,43,29,1,8.7,False,0.0,371.92
10539,2025-05-19,43,22,2,24.2,True,2299.0,1034.55
10540,2025-05-19,43,29,2,13.1,False,0.0,560.02
10541,2025-05-26,43,16,1,20.6,True,1957.0,880.65
10542,2025-05-26,43,8,1,10.4,True,988.0,444.6
10543,2025-05-26,43,29,1,5.0,False,0.0,213.75
10544,2025-06-02,43,16,2,18.5,True,1757.5,790.88
10545,2025-06-02,43,25,2,8.1,True,769.5,346.28
10546,2025-06-02,43,29,2,4.0,False,0.0,171.0
10547,2025-06-09,43,25,2,28.8,True,2736.0,1231.2
10548,2025-06-09,43,29,2,4.7,False,0.0,200.92
10549,2025-06-16,43,21,1,26.4,True,2508.0,1128.6
10550,2025-06-16,43,29,1,5.6,False,0.0,239.4
10551,2025-06-23,43,24,2,22.2,True,2109.0,949.05
10552,2025-06-23,43,29,2,7.0,False,0.0,299.25
10553,2025-06-30,43,8,2,21.2,True,2014.0,906.3
10554,2025-06-30,43,5,2,6.0,True,570.0,256.5
10555,2025-06-30,43,29,2,5.3,False,0.0,226.58
10556,2025-07-07,43,16,1,14.8,True,1406.0,632.7
10557,2025-07-07,43,29,1,6.2,False,0.0,265.05
10558,2025-07-14,43,21,1,14.4,True,1368.0,615.6
10559,2025-07-14,43,29,1,5.4,False,0.0,230.85
10560,2025-07-21,43,8,2,14.7,True,1396.5,628.42
10561,2025-07-21,43,10,2,1.2,True,114.0,51.3
10562,2025-07-21,43,29,2,3.1,False,0.0,132.52
10563,2025-07-28,43,5,2,15.6,True,1482.0,666.9
10564,2025-07-28,43,29,2,2.4,False,0.0,102.6
10565,2025-08-04,43,8,1,28.2,True,2679.0,1205.55
10566,2025-08-04,43,29,1,5.2,False,0.0,222.3
10567,2025-08-11,43,12,1,10.5,True,997.5,448.88
10568,2025-08-11,43,24,1,16.2,True,1539.0,692.55
10569,2025-08-11,43,29,1,4.8,False,0.0,205.2
10570,2025-08-18,43,22,2,23.1,True,2194.5,987.53
10571,2025-08-18,43,29,2,6.4,False,0.0,273.6
10572,2025-08-25,43,25,2,10.9,True,1035.5,465.98
10573,2025-08-25,43,16,2,15.8,True,1501.0,675.45
10574,2025-08-25,43,29,2,7.6,False,0.0,324.9
10575,2025-09-01,43,11,2,25.0,True,2375.0,1068.75
10576,2025-09-01,43,16,2,4.5,True,427.5,192.38
10577,2025-09-01,43,29,2,6.5,False,0.0,277.88
10578,2025-09-08,43,8,2,30.9,True,2935.5,1320.98
10579,2025-09-08,43,29,2,8.5,False,0.0,363.38
10580,2025-09-15,43,24,1,8.4,True,798.0,359.1
10581,2025-09-15,43,21,1,23.2,True,2204.0,991.8
10582,2025-09-15,43,29,1,6.1,False,0.0,260.77
10583,2025-09-22,43,5,2,0.8,True,76.0,34.2
10584,2025-09-22,43,22,2,23.5,True,2232.5,1004.62
10585,2025-09-22,43,29,2,6.4,False,0.0,273.6
10586,2025-09-29,43,8,1,26.0,True,2470.0,1111.5
10587,2025-09-29,43,29,1,9.3,False,0.0,397.58
10588,2025-10-06,43,12,2,21.7,True,2061.5,927.68
10589,2025-10-06,43,29,2,13.8,False,0.0,589.95
10590,2025-10-13,43,11,1,34.3,True,3258.5,1466.32
10591,2025-10-13,43,29,1,1.7,False,0.0,72.68
10592,2025-10-20,43,16,1,27.4,True,2603.0,1171.35
10593,2025-10-20,43,29,1,8.2,False,0.0,350.55
10594,2025-10-27,43,22,2,28.5,True,2707.5,1218.38
10595,2025-10-27,43,29,2,8.0,False,0.0,342.0
10596,2025-11-03,43,21,2,26.3,True,2498.5,1124.32
10597,2025-11-03,43,29,2,10.3,False,0.0,440.33
10598,2025-11-10,43,25,2,4.1,True,389.5,175.27
10599,2025-11-10,43,21,2,25.4,True,2413.0,1085.85
10600,2025-11-10,43,29,2,7.2,False,0.0,307.8
10601,2025-11-17,43,21,2,2.2,True,209.0,94.05
10602,2025-11-17,43,11,2,26.9,True,2555.5,1149.97
10603,2025-11-17,43,29,2,7.9,False,0.0,337.72
10604,2025-11-24,43,21,2,30.1,True,2859.5,1286.78
10605,2025-11-24,43,22,2,1.6,True,152.0,68.4
10606,2025-11-24,43,29,2,7.0,False,0.0,299.25
10607,2025-12-01,43,21,1,14.4,True,1368.0,615.6
10608,2025-12-01,43,10,1,12.9,True,1225.5,551.48
10609,2025-12-01,43,29,1,2.2,False,0.0,94.05
10610,2025-12-08,43,8,2,21.2,True,2014.0,906.3
10611,2025-12-08,43,29,2,9.6,False,0.0,410.4
10612,2025-12-15,43,22,3,26.6,True,2527.0,1137.15
10613,2025-12-15,43,29,3,2.3,False,0.0,98.32
10614,2025-12-22,43,8,2,20.3,True,1928.5,867.82
10615,2025-12-22,43,29,2,7.8,False,0.0,333.45
10616,2025-12-29,43,16,1,6.8,True,646.0,290.7
10617,2025-12-29,43,10,1,18.5,True,1757.5,790.88
10618,2025-12-29,43,29,1,4.6,False,0.0,196.65
10619,2024-01-01,44,9,2,19.7,True,2152.22,968.45
10620,2024-01-01,44,30,2,12.5,False,0.0,614.5
10621,2024-01-08,44,28,2,14.1,True,1540.42,693.16
10622,2024-01-08,44,30,2,19.5,False,0.0,958.62
10623,2024-01-15,44,28,1,9.1,True,994.18,447.36
10624,2024-01-15,44,9,1,8.6,True,939.55,422.78
10625,2024-01-15,44,30,1,16.1,False,0.0,791.48
10626,2024-01-22,44,13,2,17.9,True,1955.57,879.96
10627,2024-01-22,44,30,2,14.7,False,0.0,722.65
10628,2024-01-29,44,13,2,14.8,True,1616.9,727.57
10629,2024-01-29,44,9,2,4.6,True,502.55,226.14
10630,2024-01-29,44,30,2,13.3,False,0.0,653.83
10631,2024-02-05,44,13,2,7.4,True,808.45,363.78
10632,2024-02-05,44,9,2,17.9,True,1955.57,879.96
10633,2024-02-05,44,30,2,13.7,False,0.0,673.49
10634,2024-02-12,44,28,1,24.3,True,2654.78,1194.59
10635,2024-02-12,44,30,1,11.6,False,0.0,570.26
10636,2024-02-19,44,28,2,19.9,True,2174.07,978.28
10637,2024-02-19,44,30,2,13.2,False,0.0,648.91
10638,2024-02-26,44,9,2,21.6,True,2359.8,1061.86
10639,2024-02-26,44,30,2,16.9,False,0.0,830.8
10640,2024-03-04,44,13,1,19.6,True,2141.3,963.54
10641,2024-03-04,44,30,1,15.5,False,0.0,761.98
10642,2024-03-11,44,28,1,25.0,True,2731.25,1229.0
10643,2024-03-11,44,30,1,16.2,False,0.0,796.39
10644,2024-03-18,44,9,2,16.4,True,1791.7,806.22
10645,2024-03-18,44,13,2,5.5,True,600.88,270.38
10646,2024-03-18,44,30,2,14.0,False,0.0,688.24
10647,2024-03-25,44,28,3,26.7,True,2916.98,1312.57
10648,2024-03-25,44,30,3,10.5,False,0.0,516.18
10649,2024-04-01,44,13,2,22.2,True,2425.35,1091.35
10650,2024-04-01,44,30,2,12.7,False,0.0,624.33
10651,2024-04-08,44,9,2,20.7,True,2261.48,1017.61
10652,2024-04-08,44,30,2,13.2,False,0.0,648.91
10653,2024-04-15,44,7,1,21.6,True,2359.8,1061.86
10654,2024-04-15,44,30,1,15.8,False,0.0,776.73
10655,2024-04-22,44,9,1,20.0,True,2185.0,983.2
10656,2024-04-22,44,30,1,12.6,False,0.0,619.42
10657,2024-04-29,44,13,2,21.1,True,2305.18,1037.28
10658,2024-04-29,44,30,2,15.5,False,0.0,761.98
10659,2024-05-06,44,13,1,14.1,True,1540.42,693.16
10660,2024-05-06,44,7,1,4.9,True,535.33,240.88
10661,2024-05-06,44,30,1,16.0,False,0.0,786.56
10662,2024-05-13,44,9,1,14.6,True,1595.05,717.74
10663,2024-05-13,44,13,1,1.6,True,174.8,78.66
10664,2024-05-13,44,30,1,17.4,False,0.0,855.38
10665,2024-05-20,44,13,2,21.0,True,2294.25,1032.36
10666,2024-05-20,44,30,2,16.3,False,0.0,801.31
10667,2024-05-27,44,9,2,23.7,True,2589.22,1165.09
10668,2024-05-27,44,30,2,14.4,False,0.0,707.9
10669,2024-06-03,44,13,1,17.6,True,1922.8,865.22
10670,2024-06-03,44,30,1,14.3,False,0.0,702.99
10671,2024-06-10,44,28,1,17.4,True,1900.95,855.38
10672,2024-06-10,44,30,1,13.4,False,0.0,658.74
10673,2024-06-17,44,13,2,16.5,True,1802.62,811.14
10674,2024-06-17,44,30,2,16.1,False,0.0,791.48
10675,2024-06-24,44,13,1,19.2,True,2097.6,943.87
10676,2024-06-24,44,30,1,17.1,False,0.0,840.64
10677,2024-07-01,44,9,2,4.7,True,513.48,231.05
10678,2024-07-01,44,28,2,5.6,True,611.8,275.3
10679,2024-07-01,44,30,2,9.1,False,0.0,447.36
10680,2024-07-08,44,28,2,12.0,True,1311.0,589.92
10681,2024-07-08,44,30,2,9.0,False,0.0,442.44
10682,2024-07-15,44,9,2,4.0,True,437.0,196.64
10683,2024-07-15,44,28,2,8.6,True,939.55,422.78
10684,2024-07-15,44,30,2,8.2,False,0.0,403.11
10685,2024-07-22,44,13,2,11.3,True,1234.53,555.51
10686,2024-07-22,44,30,2,7.7,False,0.0,378.53
10687,2024-07-29,44,28,1,10.2,True,1114.35,501.43
10688,2024-07-29,44,30,1,12.0,False,0.0,589.92
10689,2024-08-05,44,7,2,13.2,True,1442.1,648.91
10690,2024-08-05,44,13,2,7.1,True,775.68,349.04
10691,2024-08-05,44,30,2,15.8,False,0.0,776.73
10692,2024-08-12,44,9,1,18.8,True,2053.9,924.21
10693,2024-08-12,44,30,1,13.7,False,0.0,673.49
10694,2024-08-19,44,28,1,18.5,True,2021.12,909.46
10695,2024-08-19,44,30,1,16.1,False,0.0,791.48
10696,2024-08-26,44,7,1,20.8,True,2272.4,1022.53
10697,2024-08-26,44,30,1,14.5,False,0.0,712.82
10698,2024-09-02,44,9,2,15.0,True,1638.75,737.4
10699,2024-09-02,44,28,2,6.4,True,699.2,314.62
10700,2024-09-02,44,30,2,17.2,False,0.0,845.55
10701,2024-09-09,44,28,3,23.0,True,2512.75,1130.68
10702,2024-09-09,44,30,3,11.7,False,0.0,575.17
10703,2024-09-16,44,13,2,18.6,True,2032.05,914.38
10704,2024-09-16,44,30,2,18.7,False,0.0,919.29
10705,2024-09-23,44,9,3,29.0,True,3168.25,1425.64
10706,2024-09-23,44,30,3,10.3,False,0.0,506.35
10707,2024-09-30,44,28,2,21.2,True,2316.1,1042.19
10708,2024-09-30,44,30,2,17.2,False,0.0,845.55
10709,2024-10-07,44,13,1,19.2,True,2097.6,943.87
10710,2024-10-07,44,30,1,17.9,False,0.0,879.96
10711,2024-10-14,44,13,1,17.9,True,1955.57,879.96
10712,2024-10-14,44,30,1,20.6,False,0.0,1012.7
10713,2024-10-21,44,9,2,13.6,True,1485.8,668.58
10714,2024-10-21,44,28,2,6.7,True,731.98,329.37
10715,2024-10-21,44,30,2,17.3,False,0.0,850.47
10716,2024-10-28,44,28,2,12.8,True,1398.4,629.25
10717,2024-10-28,44,13,2,11.4,True,1245.45,560.42
10718,2024-10-28,44,30,2,16.8,False,0.0,825.89
10719,2024-11-04,44,28,2,22.7,True,2479.98,1115.93
10720,2024-11-04,44,30,2,13.9,False,0.0,683.32
10721,2024-11-11,44,28,1,23.1,True,2523.68,1135.6
10722,2024-11-11,44,30,1,16.5,False,0.0,811.14
10723,2024-11-18,44,9,2,11.4,True,1245.45,560.42
10724,2024-11-18,44,28,2,5.7,True,622.72,280.21
10725,2024-11-18,44,30,2,18.9,False,0.0,929.12
10726,2024-11-25,44,9,2,0.5,True,54.62,24.58
10727,2024-11-25,44,28,2,19.7,True,2152.22,968.45
10728,2024-11-25,44,30,2,15.5,False,0.0,761.98
10729,2024-12-02,44,28,3,18.4,True,2010.2,904.54
10730,2024-12-02,44,30,3,10.1,False,0.0,496.52
10731,2024-12-09,44,9,2,11.0,True,1201.75,540.76
10732,2024-12-09,44,7,2,5.3,True,579.02,260.55
10733,2024-12-09,44,30,2,11.2,False,0.0,550.59
10734,2024-12-16,44,9,2,14.5,True,1584.12,712.82
10735,2024-12-16,44,30,2,12.8,False,0.0,629.25
10736,2024-12-23,44,7,1,18.7,True,2042.98,919.29
10737,2024-12-23,44,30,1,9.7,False,0.0,476.85
10738,2024-12-30,44,28,2,2.0,True,218.5,98.32
10739,2024-12-30,44,7,2,15.8,True,1726.15,776.73
10740,2024-12-30,44,30,2,13.5,False,0.0,663.66
10741,2025-01-06,44,9,1,20.8,True,2272.4,1022.53
10742,2025-01-06,44,30,1,11.1,False,0.0,545.68
10743,2025-01-13,44,7,2,17.4,True,1900.95,855.38
10744,2025-01-13,44,30,2,15.8,False,0.0,776.73
10745,2025-01-20,44,13,2,20.0,True,2185.0,983.2
10746,2025-01-20,44,30,2,11.9,False,0.0,585.0
10747,2025-01-27,44,13,1,20.7,True,2261.48,1017.61
10748,2025-01-27,44,30,1,12.6,False,0.0,619.42
10749,2025-02-03,44,9,1,9.7,True,1059.72,476.85
10750,2025-02-03,44,13,1,11.1,True,1212.68,545.68
10751,2025-02-03,44,30,1,11.8,False,0.0,580.09
10752,2025-02-10,44,13,3,14.7,True,1605.98,722.65
10753,2025-02-10,44,9,3,10.0,True,1092.5,491.6
10754,2025-02-10,44,30,3,11.1,False,0.0,545.68
10755,2025-02-17,44,7,1,7.1,True,775.68,349.04
10756,2025-02-17,44,13,1,10.1,True,1103.42,496.52
10757,2025-02-17,44,30,1,14.5,False,0.0,712.82
10758,2025-02-24,44,9,2,8.1,True,884.92,398.2
10759,2025-02-24,44,28,2,8.0,True,874.0,393.28
10760,2025-02-24,44,30,2,17.1,False,0.0,840.64
10761,2025-03-03,44,7,2,19.7,True,2152.22,968.45
10762,2025-03-03,44,30,2,18.1,False,0.0,889.8
10763,2025-03-10,44,13,2,23.7,True,2589.22,1165.09
10764,2025-03-10,44,30,2,13.6,False,0.0,668.58
10765,2025-03-17,44,7,2,20.4,True,2228.7,1002.86
10766,2025-03-17,44,30,2,15.9,False,0.0,781.64
10767,2025-03-24,44,28,2,22.6,True,2469.05,1111.02
10768,2025-03-24,44,30,2,15.2,False,0.0,747.23
10769,2025-03-31,44,7,2,20.2,True,2206.85,993.03
10770,2025-03-31,44,30,2,16.1,False,0.0,791.48
10771,2025-04-07,44,9,2,18.4,True,2010.2,904.54
10772,2025-04-07,44,30,2,16.1,False,0.0,791.48
10773,2025-04-14,44,7,1,20.0,True,2185.0,983.2
10774,2025-04-14,44,30,1,17.8,False,0.0,875.05
10775,2025-04-21,44,28,2,14.7,True,1605.98,722.65
10776,2025-04-21,44,30,2,21.7,False,0.0,1066.77
10777,2025-04-28,44,9,1,5.9,True,644.58,290.04
10778,2025-04-28,44,7,1,14.8,True,1616.9,727.57
10779,2025-04-28,44,30,1,13.7,False,0.0,673.49
10780,2025-05-05,44,7,1,12.5,True,1365.62,614.5
10781,2025-05-05,44,13,1,5.8,True,633.65,285.13
10782,2025-05-05,44,30,1,18.1,False,0.0,889.8
10783,2025-05-12,44,13,2,17.2,True,1879.1,845.55
10784,2025-05-12,44,30,2,16.7,False,0.0,820.97
10785,2025-05-19,44,9,1,19.8,True,2163.15,973.37
10786,2025-05-19,44,30,1,18.5,False,0.0,909.46
10787,2025-05-26,44,13,1,11.8,True,1289.15,580.09
10788,2025-05-26,44,7,1,5.2,True,568.1,255.63
10789,2025-05-26,44,30,1,19.4,False,0.0,953.7
10790,2025-06-02,44,7,2,13.9,True,1518.58,683.32
10791,2025-06-02,44,30,2,15.6,False,0.0,766.9
10792,2025-06-09,44,7,2,3.1,True,338.68,152.4
10793,2025-06-09,44,9,2,13.2,True,1442.1,648.91
10794,2025-06-09,44,30,2,15.9,False,0.0,781.64
10795,2025-06-16,44,28,2,14.3,True,1562.28,702.99
10796,2025-06-16,44,30,2,17.5,False,0.0,860.3
10797,2025-06-23,44,28,2,12.3,True,1343.78,604.67
10798,2025-06-23,44,30,2,17.2,False,0.0,845.55
10799,2025-06-30,44,28,2,10.1,True,1103.42,496.52
10800,2025-06-30,44,7,2,5.8,True,633.65,285.13
10801,2025-06-30,44,30,2,15.7,False,0.0,771.81
10802,2025-07-07,44,9,2,6.8,True,742.9,334.29
10803,2025-07-07,44,7,2,4.2,True,458.85,206.47
10804,2025-07-07,44,30,2,9.5,False,0.0,467.02
10805,2025-07-14,44,13,2,10.6,True,1158.05,521.1
10806,2025-07-14,44,30,2,8.5,False,0.0,417.86
10807,2025-07-21,44,7,2,7.9,True,863.08,388.36
10808,2025-07-21,44,30,2,11.8,False,0.0,580.09
10809,2025-07-28,44,28,1,8.9,True,972.32,437.52
10810,2025-07-28,44,30,1,10.6,False,0.0,521.1
10811,2025-08-04,44,28,1,15.3,True,1671.52,752.15
10812,2025-08-04,44,30,1,18.5,False,0.0,909.46
10813,2025-08-11,44,9,2,15.5,True,1693.38,761.98
10814,2025-08-11,44,30,2,18.2,False,0.0,894.71
10815,2025-08-18,44,7,2,3.6,True,393.3,176.98
10816,2025-08-18,44,13,2,15.4,True,1682.45,757.06
10817,2025-08-18,44,30,2,14.8,False,0.0,727.57
10818,2025-08-25,44,9,1,17.7,True,1933.72,870.13
10819,2025-08-25,44,30,1,17.1,False,0.0,840.64
10820,2025-09-01,44,13,1,13.6,True,1485.8,668.58
10821,2025-09-01,44,30,1,18.2,False,0.0,894.71
10822,2025-09-08,44,28,1,16.5,True,1802.62,811.14
10823,2025-09-08,44,30,1,17.9,False,0.0,879.96
10824,2025-09-15,44,7,1,5.3,True,579.02,260.55
10825,2025-09-15,44,28,1,14.4,True,1573.2,707.9
10826,2025-09-15,44,30,1,20.5,False,0.0,1007.78
10827,2025-09-22,44,13,2,15.2,True,1660.6,747.23
10828,2025-09-22,44,30,2,16.8,False,0.0,825.89
10829,2025-09-29,44,9,1,13.4,True,1463.95,658.74
10830,2025-09-29,44,13,1,1.4,True,152.95,68.82
10831,2025-09-29,44,30,1,23.6,False,0.0,1160.18
10832,2025-10-06,44,9,2,15.9,True,1737.08,781.64
10833,2025-10-06,44,28,2,1.8,True,196.65,88.49
10834,2025-10-06,44,30,2,17.9,False,0.0,879.96
10835,2025-10-13,44,13,2,17.2,True,1879.1,845.55
10836,2025-10-13,44,30,2,17.4,False,0.0,855.38
10837,2025-10-20,44,28,2,16.3,True,1780.78,801.31
10838,2025-10-20,44,30,2,19.7,False,0.0,968.45
10839,2025-10-27,44,28,1,15.2,True,1660.6,747.23
10840,2025-10-27,44,13,1,0.8,True,87.4,39.33
10841,2025-10-27,44,30,1,20.5,False,0.0,1007.78
10842,2025-11-03,44,7,2,16.3,True,1780.78,801.31
10843,2025-11-03,44,30,2,19.3,False,0.0,948.79
10844,2025-11-10,44,9,1,10.9,True,1190.82,535.84
10845,2025-11-10,44,7,1,5.7,True,622.72,280.21
10846,2025-11-10,44,30,1,20.5,False,0.0,1007.78
10847,2025-11-17,44,7,2,16.4,True,1791.7,806.22
10848,2025-11-17,44,30,2,21.1,False,0.0,1037.28
10849,2025-11-24,44,7,2,13.5,True,1474.88,663.66
10850,2025-11-24,44,9,2,2.6,True,284.05,127.82
10851,2025-11-24,44,30,2,23.3,False,0.0,1145.43
10852,2025-12-01,44,28,2,11.9,True,1300.08,585.0
10853,2025-12-01,44,30,2,15.4,False,0.0,757.06
10854,2025-12-08,44,28,2,16.0,True,1748.0,786.56
10855,2025-12-08,44,30,2,16.1,False,0.0,791.48
10856,2025-12-15,44,13,2,1.6,True,174.8,78.66
10857,2025-12-15,44,28,2,11.8,True,1289.15,580.09
10858,2025-12-15,44,30,2,14.6,False,0.0,717.74
10859,2025-12-22,44,28,2,10.6,True,1158.05,521.1
10860,2025-12-22,44,30,2,16.0,False,0.0,786.56
10861,2025-12-29,44,13,2,10.2,True,1114.35,501.43
10862,2025-12-29,44,30,2,19.7,False,0.0,968.45
10863,2024-01-01,45,13,1,7.2,True,1242.0,558.86
10864,2024-01-01,45,30,1,26.7,False,0.0,2072.45
10865,2024-01-08,45,13,2,0.9,True,155.25,69.86
10866,2024-01-08,45,9,2,7.5,True,1293.75,582.15
10867,2024-01-08,45,30,2,29.3,False,0.0,2274.27
10868,2024-01-15,45,13,2,6.9,True,1190.25,535.58
10869,2024-01-15,45,30,2,28.9,False,0.0,2243.22
10870,2024-01-22,45,9,2,8.2,True,1414.5,636.48
10871,2024-01-22,45,30,2,28.9,False,0.0,2243.22
10872,2024-01-29,45,13,1,7.2,True,1242.0,558.86
10873,2024-01-29,45,30,1,27.8,False,0.0,2157.84
10874,2024-02-05,45,13,1,5.2,True,897.0,403.62
10875,2024-02-05,45,9,1,1.1,True,189.75,85.38
10876,2024-02-05,45,30,1,28.7,False,0.0,2227.69
10877,2024-02-12,45,7,2,5.3,True,914.25,411.39
10878,2024-02-12,45,9,2,1.1,True,189.75,85.38
10879,2024-02-12,45,30,2,30.1,False,0.0,2336.36
10880,2024-02-19,45,28,1,5.9,True,1017.75,457.96
10881,2024-02-19,45,30,1,29.5,False,0.0,2289.79
10882,2024-02-26,45,9,1,6.3,True,1086.75,489.01
10883,2024-02-26,45,30,1,28.6,False,0.0,2219.93
10884,2024-03-04,45,9,2,7.6,True,1311.0,589.91
10885,2024-03-04,45,30,2,28.9,False,0.0,2243.22
10886,2024-03-11,45,13,3,6.1,True,1052.25,473.48
10887,2024-03-11,45,30,3,25.8,False,0.0,2002.6
10888,2024-03-18,45,9,1,7.8,True,1345.5,605.44
10889,2024-03-18,45,30,1,27.5,False,0.0,2134.55
10890,2024-03-25,45,28,2,7.9,True,1362.75,613.2
10891,2024-03-25,45,30,2,30.4,False,0.0,2359.65
10892,2024-04-01,45,9,1,8.1,True,1397.25,628.72
10893,2024-04-01,45,30,1,26.9,False,0.0,2087.98
10894,2024-04-08,45,28,1,6.1,True,1052.25,473.48
10895,2024-04-08,45,9,1,2.1,True,362.25,163.0
10896,2024-04-08,45,30,1,24.6,False,0.0,1909.45
10897,2024-04-15,45,7,1,9.0,True,1552.5,698.58
10898,2024-04-15,45,28,1,0.7,True,120.75,54.33
10899,2024-04-15,45,30,1,25.5,False,0.0,1979.31
10900,2024-04-22,45,28,1,8.4,True,1449.0,652.01
10901,2024-04-22,45,30,1,28.6,False,0.0,2219.93
10902,2024-04-29,45,7,2,7.6,True,1311.0,589.91
10903,2024-04-29,45,30,2,26.2,False,0.0,2033.64
10904,2024-05-06,45,28,2,9.6,True,1656.0,745.15
10905,2024-05-06,45,30,2,26.8,False,0.0,2080.22
10906,2024-05-13,45,28,2,7.7,True,1328.25,597.67
10907,2024-05-13,45,30,2,28.6,False,0.0,2219.93
10908,2024-05-20,45,7,2,7.6,True,1311.0,589.91
10909,2024-05-20,45,9,2,1.0,True,172.5,77.62
10910,2024-05-20,45,30,2,29.2,False,0.0,2266.5
10911,2024-05-27,45,7,2,1.5,True,258.75,116.43
10912,2024-05-27,45,9,2,6.8,True,1173.0,527.82
10913,2024-05-27,45,30,2,28.6,False,0.0,2219.93
10914,2024-06-03,45,28,1,7.4,True,1276.5,574.39
10915,2024-06-03,45,30,1,24.0,False,0.0,1862.88
10916,2024-06-10,45,13,2,4.1,True,707.25,318.24
10917,2024-06-10,45,28,2,3.0,True,517.5,232.86
10918,2024-06-10,45,30,2,26.0,False,0.0,2018.12
10919,2024-06-17,45,28,1,7.9,True,1362.75,613.2
10920,2024-06-17,45,30,1,25.8,False,0.0,2002.6
10921,2024-06-24,45,28,2,7.2,True,1242.0,558.86
10922,2024-06-24,45,30,2,27.0,False,0.0,2095.74
10923,2024-07-01,45,13,1,4.5,True,776.25,349.29
10924,2024-07-01,45,30,1,17.0,False,0.0,1319.54
10925,2024-07-08,45,28,2,4.7,True,810.75,364.81
10926,2024-07-08,45,30,2,15.0,False,0.0,1164.3
10927,2024-07-15,45,9,2,1.7,True,293.25,131.95
10928,2024-07-15,45,28,2,1.7,True,293.25,131.95
10929,2024-07-15,45,30,2,14.9,False,0.0,1156.54
10930,2024-07-22,45,7,1,4.3,True,741.75,333.77
10931,2024-07-22,45,30,1,15.5,False,0.0,1203.11
10932,2024-07-29,45,7,2,4.3,True,741.75,333.77
10933,2024-07-29,45,30,2,16.1,False,0.0,1249.68
10934,2024-08-05,45,7,1,3.7,True,638.25,287.19
10935,2024-08-05,45,28,1,3.3,True,569.25,256.15
10936,2024-08-05,45,30,1,24.6,False,0.0,1909.45
10937,2024-08-12,45,13,1,7.9,True,1362.75,613.2
10938,2024-08-12,45,30,1,27.2,False,0.0,2111.26
10939,2024-08-19,45,28,1,6.2,True,1069.5,481.24
10940,2024-08-19,45,30,1,26.4,False,0.0,2049.17
10941,2024-08-26,45,28,2,7.9,True,1362.75,613.2
10942,2024-08-26,45,30,2,27.6,False,0.0,2142.31
10943,2024-09-02,45,13,2,7.8,True,1345.5,605.44
10944,2024-09-02,45,30,2,27.0,False,0.0,2095.74
10945,2024-09-09,45,28,1,10.1,True,1742.25,783.96
10946,2024-09-09,45,30,1,27.6,False,0.0,2142.31
10947,2024-09-16,45,13,2,1.2,True,207.0,93.14
10948,2024-09-16,45,9,2,7.1,True,1224.75,551.1
10949,2024-09-16,45,30,2,27.3,False,0.0,2119.03
10950,2024-09-23,45,9,2,2.7,True,465.75,209.57
10951,2024-09-23,45,7,2,4.0,True,690.0,310.48
10952,2024-09-23,45,30,2,30.2,False,0.0,2344.12
10953,2024-09-30,45,7,2,5.5,True,948.75,426.91
10954,2024-09-30,45,13,2,2.1,True,362.25,163.0
10955,2024-09-30,45,30,2,30.7,False,0.0,2382.93
10956,2024-10-07,45,28,3,2.7,True,465.75,209.57
10957,2024-10-07,45,13,3,7.0,True,1207.5,543.34
10958,2024-10-07,45,30,3,28.1,False,0.0,2181.12
10959,2024-10-14,45,28,1,1.2,True,207.0,93.14
10960,2024-10-14,45,13,1,7.3,True,1259.25,566.63
10961,2024-10-14,45,30,1,26.6,False,0.0,2064.69
10962,2024-10-21,45,13,2,0.5,True,86.25,38.81
10963,2024-10-21,45,28,2,7.6,True,1311.0,589.91
10964,2024-10-21,45,30,2,25.7,False,0.0,1994.83
10965,2024-10-28,45,28,1,7.1,True,1224.75,551.1
10966,2024-10-28,45,30,1,30.2,False,0.0,2344.12
10967,2024-11-04,45,28,1,7.6,True,1311.0,589.91
10968,2024-11-04,45,7,1,1.8,True,310.5,139.72
10969,2024-11-04,45,30,1,25.4,False,0.0,1971.55
10970,2024-11-11,45,7,2,7.8,True,1345.5,605.44
10971,2024-11-11,45,30,2,28.4,False,0.0,2204.41
10972,2024-11-18,45,13,2,7.1,True,1224.75,551.1
10973,2024-11-18,45,30,2,30.0,False,0.0,2328.6
10974,2024-11-25,45,9,2,1.2,True,207.0,93.14
10975,2024-11-25,45,13,2,6.5,True,1121.25,504.53
10976,2024-11-25,45,30,2,27.7,False,0.0,2150.07
10977,2024-12-02,45,9,2,7.0,True,1207.5,543.34
10978,2024-12-02,45,30,2,24.1,False,0.0,1870.64
10979,2024-12-09,45,13,2,5.2,True,897.0,403.62
10980,2024-12-09,45,28,2,1.8,True,310.5,139.72
10981,2024-12-09,45,30,2,24.2,False,0.0,1878.4
10982,2024-12-16,45,28,3,6.0,True,1035.0,465.72
10983,2024-12-16,45,30,3,23.5,False,0.0,1824.07
10984,2024-12-23,45,9,3,7.0,True,1207.5,543.34
10985,2024-12-23,45,30,3,22.4,False,0.0,1738.69
10986,2024-12-30,45,28,2,4.2,True,724.5,326.0
10987,2024-12-30,45,7,2,2.6,True,448.5,201.81
10988,2024-12-30,45,30,2,22.8,False,0.0,1769.74
10989,2025-01-06,45,9,1,8.4,True,1449.0,652.01
10990,2025-01-06,45,7,1,1.1,True,189.75,85.38
10991,2025-01-06,45,30,1,27.3,False,0.0,2119.03
10992,2025-01-13,45,13,1,7.4,True,1276.5,574.39
10993,2025-01-13,45,30,1,25.8,False,0.0,2002.6
10994,2025-01-20,45,9,2,3.1,True,534.75,240.62
10995,2025-01-20,45,28,2,3.3,True,569.25,256.15
10996,2025-01-20,45,30,2,28.4,False,0.0,2204.41
10997,2025-01-27,45,13,2,7.4,True,1276.5,574.39
10998,2025-01-27,45,30,2,29.8,False,0.0,2313.08
10999,2025-02-03,45,9,1,7.1,True,1224.75,551.1
11000,2025-02-03,45,30,1,26.6,False,0.0,2064.69
11001,2025-02-10,45,28,2,8.1,True,1397.25,628.72
11002,2025-02-10,45,30,2,30.1,False,0.0,2336.36
11003,2025-02-17,45,9,1,0.7,True,120.75,54.33
11004,2025-02-17,45,28,1,6.4,True,1104.0,496.77
11005,2025-02-17,45,30,1,29.4,False,0.0,2282.03
11006,2025-02-24,45,13,2,6.7,True,1155.75,520.05
11007,2025-02-24,45,30,2,30.0,False,0.0,2328.6
11008,2025-03-03,45,13,1,9.9,True,1707.75,768.44
11009,2025-03-03,45,30,1,25.8,False,0.0,2002.6
11010,2025-03-10,45,9,1,7.6,True,1311.0,589.91
11011,2025-03-10,45,30,1,27.2,False,0.0,2111.26
11012,2025-03-17,45,13,3,6.5,True,1121.25,504.53
11013,2025-03-17,45,28,3,2.4,True,414.0,186.29
11014,2025-03-17,45,30,3,27.6,False,0.0,2142.31
11015,2025-03-24,45,9,2,7.9,True,1362.75,613.2
11016,2025-03-24,45,30,2,28.7,False,0.0,2227.69
11017,2025-03-31,45,7,1,6.8,True,1173.0,527.82
11018,2025-03-31,45,30,1,28.9,False,0.0,2243.22
11019,2025-04-07,45,28,2,5.1,True,879.75,395.86
11020,2025-04-07,45,7,2,2.0,True,345.0,155.24
11021,2025-04-07,45,30,2,24.1,False,0.0,1870.64
11022,2025-04-14,45,7,1,7.7,True,1328.25,597.67
11023,2025-04-14,45,30,1,29.7,False,0.0,2305.31
11024,2025-04-21,45,9,1,8.3,True,1431.75,644.25
11025,2025-04-21,45,30,1,25.8,False,0.0,2002.6
11026,2025-04-28,45,9,2,7.2,True,1242.0,558.86
11027,2025-04-28,45,30,2,28.7,False,0.0,2227.69
11028,2025-05-05,45,9,1,7.9,True,1362.75,613.2
11029,2025-05-05,45,30,1,29.2,False,0.0,2266.5
11030,2025-05-12,45,28,2,6.6,True,1138.5,512.29
11031,2025-05-12,45,9,2,1.4,True,241.5,108.67
11032,2025-05-12,45,30,2,28.3,False,0.0,2196.65
11033,2025-05-19,45,28,3,8.4,True,1449.0,652.01
11034,2025-05-19,45,30,3,27.2,False,0.0,2111.26
11035,2025-05-26,45,28,2,6.3,True,1086.75,489.01
11036,2025-05-26,45,30,2,30.3,False,0.0,2351.89
11037,2025-06-02,45,7,1,6.5,True,1121.25,504.53
11038,2025-06-02,45,30,1,24.7,False,0.0,1917.21
11039,2025-06-09,45,13,2,5.1,True,879.75,395.86
11040,2025-06-09,45,30,2,25.7,False,0.0,1994.83
11041,2025-06-16,45,9,2,7.3,True,1259.25,566.63
11042,2025-06-16,45,30,2,23.9,False,0.0,1855.12
11043,2025-06-23,45,28,3,7.6,True,1311.0,589.91
11044,2025-06-23,45,30,3,26.3,False,0.0,2041.41
11045,2025-06-30,45,13,2,5.6,True,966.0,434.67
11046,2025-06-30,45,30,2,23.2,False,0.0,1800.78
11047,2025-07-07,45,9,1,3.1,True,534.75,240.62
11048,2025-07-07,45,30,1,15.9,False,0.0,1234.16
11049,2025-07-14,45,7,2,0.5,True,86.25,38.81
11050,2025-07-14,45,9,2,3.3,True,569.25,256.15
11051,2025-07-14,45,30,2,15.6,False,0.0,1210.87
11052,2025-07-21,45,28,1,3.7,True,638.25,287.19
11053,2025-07-21,45,30,1,16.2,False,0.0,1257.44
11054,2025-07-28,45,28,1,3.6,True,621.0,279.43
11055,2025-07-28,45,30,1,14.6,False,0.0,1133.25
11056,2025-08-04,45,9,2,3.8,True,655.5,294.96
11057,2025-08-04,45,7,2,1.2,True,207.0,93.14
11058,2025-08-04,45,30,2,26.9,False,0.0,2087.98
11059,2025-08-11,45,9,1,1.5,True,258.75,116.43
11060,2025-08-11,45,7,1,4.6,True,793.5,357.05
11061,2025-08-11,45,30,1,30.3,False,0.0,2351.89
11062,2025-08-18,45,28,1,5.4,True,931.5,419.15
11063,2025-08-18,45,30,1,27.0,False,0.0,2095.74
11064,2025-08-25,45,28,2,5.5,True,948.75,426.91
11065,2025-08-25,45,30,2,27.3,False,0.0,2119.03
11066,2025-09-01,45,7,2,2.2,True,379.5,170.76
11067,2025-09-01,45,9,2,4.0,True,690.0,310.48
11068,2025-09-01,45,30,2,31.4,False,0.0,2437.27
11069,2025-09-08,45,13,1,3.2,True,552.0,248.38
11070,2025-09-08,45,7,1,3.5,True,603.75,271.67
11071,2025-09-08,45,30,1,26.4,False,0.0,2049.17
11072,2025-09-15,45,7,2,5.9,True,1017.75,457.96
11073,2025-09-15,45,30,2,30.4,False,0.0,2359.65
11074,2025-09-22,45,13,1,6.0,True,1035.0,465.72
11075,2025-09-22,45,30,1,28.5,False,0.0,2212.17
11076,2025-09-29,45,28,1,5.9,True,1017.75,457.96
11077,2025-09-29,45,30,1,33.0,False,0.0,2561.46
11078,2025-10-06,45,28,2,5.9,True,1017.75,457.96
11079,2025-10-06,45,30,2,29.3,False,0.0,2274.27
11080,2025-10-13,45,13,1,1.5,True,258.75,116.43
11081,2025-10-13,45,9,1,3.8,True,655.5,294.96
11082,2025-10-13,45,30,1,34.9,False,0.0,2708.94
11083,2025-10-20,45,28,2,2.6,True,448.5,201.81
11084,2025-10-20,45,9,2,5.0,True,862.5,388.1
11085,2025-10-20,45,30,2,31.7,False,0.0,2460.55
11086,2025-10-27,45,7,2,7.6,True,1311.0,589.91
11087,2025-10-27,45,30,2,31.0,False,0.0,2406.22
11088,2025-11-03,45,9,2,5.9,True,1017.75,457.96
11089,2025-11-03,45,30,2,30.6,False,0.0,2375.17
11090,2025-11-10,45,13,2,2.7,True,465.75,209.57
11091,2025-11-10,45,9,2,3.4,True,586.5,263.91
11092,2025-11-10,45,30,2,29.6,False,0.0,2297.55
11093,2025-11-17,45,28,2,5.7,True,983.25,442.43
11094,2025-11-17,45,30,2,29.5,False,0.0,2289.79
11095,2025-11-24,45,7,2,6.1,True,1052.25,473.48
11096,2025-11-24,45,30,2,31.3,False,0.0,2429.51
11097,2025-12-01,45,28,2,4.7,True,810.75,364.81
11098,2025-12-01,45,30,2,23.5,False,0.0,1824.07
11099,2025-12-08,45,9,3,4.9,True,845.25,380.34
11100,2025-12-08,45,30,3,19.3,False,0.0,1498.07
11101,2025-12-15,45,7,2,2.3,True,396.75,178.53
11102,2025-12-15,45,9,2,3.1,True,534.75,240.62
11103,2025-12-15,45,30,2,22.7,False,0.0,1761.97
11104,2025-12-22,45,13,2,6.2,True,1069.5,481.24
11105,2025-12-22,45,30,2,25.3,False,0.0,1963.79
11106,2025-12-29,45,13,2,2.5,True,431.25,194.05
11107,2025-12-29,45,7,2,1.6,True,276.0,124.19
11108,2025-12-29,45,30,2,22.1,False,0.0,1715.4
11109,2024-01-01,46,18,2,21.1,True,2204.95,992.12
11110,2024-01-01,46,4,2,14.7,False,0.0,691.19
11111,2024-01-08,46,2,2,18.2,True,1901.9,855.76
11112,2024-01-08,46,26,2,12.0,True,1254.0,564.24
11113,2024-01-08,46,4,2,6.6,False,0.0,310.33
11114,2024-01-15,46,2,2,26.4,True,2758.8,1241.33
11115,2024-01-15,46,4,2,6.5,False,0.0,305.63
11116,2024-01-22,46,3,2,23.0,True,2403.5,1081.46
11117,2024-01-22,46,4,2,10.0,False,0.0,470.2
11118,2024-01-29,46,6,3,27.6,True,2884.2,1297.75
11119,2024-01-29,46,4,3,5.2,False,0.0,244.5
11120,2024-02-05,46,6,2,28.7,True,2999.15,1349.47
11121,2024-02-05,46,4,2,7.9,False,0.0,371.46
11122,2024-02-12,46,27,2,10.9,True,1139.05,512.52
11123,2024-02-12,46,2,2,17.0,True,1776.5,799.34
11124,2024-02-12,46,4,2,7.8,False,0.0,366.76
11125,2024-02-19,46,2,2,28.2,True,2946.9,1325.96
11126,2024-02-19,46,4,2,9.2,False,0.0,432.58
11127,2024-02-26,46,18,2,1.2,True,125.4,56.42
11128,2024-02-26,46,27,2,25.8,True,2696.1,1213.12
11129,2024-02-26,46,4,2,9.4,False,0.0,441.99
11130,2024-03-04,46,6,2,22.7,True,2372.15,1067.35
11131,2024-03-04,46,4,2,12.5,False,0.0,587.75
11132,2024-03-11,46,18,2,25.2,True,2633.4,1184.9
11133,2024-03-11,46,4,2,10.2,False,0.0,479.6
11134,2024-03-18,46,26,1,13.7,True,1431.65,644.17
11135,2024-03-18,46,27,1,10.2,True,1065.9,479.6
11136,2024-03-18,46,4,1,14.3,False,0.0,672.39
11137,2024-03-25,46,26,2,29.3,True,3061.85,1377.69
11138,2024-03-25,46,4,2,8.4,False,0.0,394.97
11139,2024-04-01,46,6,2,31.3,True,3270.85,1471.73
11140,2024-04-01,46,4,2,8.2,False,0.0,385.56
11141,2024-04-08,46,1,2,20.6,True,2152.7,968.61
11142,2024-04-08,46,6,2,7.5,True,783.75,352.65
11143,2024-04-08,46,4,2,6.0,False,0.0,282.12
11144,2024-04-15,46,20,2,4.1,True,428.45,192.78
11145,2024-04-15,46,3,2,18.6,True,1943.7,874.57
11146,2024-04-15,46,4,2,13.5,False,0.0,634.77
11147,2024-04-22,46,18,2,26.1,True,2727.45,1227.22
11148,2024-04-22,46,4,2,8.5,False,0.0,399.67
11149,2024-04-29,46,2,2,23.6,True,2466.2,1109.67
11150,2024-04-29,46,4,2,12.0,False,0.0,564.24
11151,2024-05-06,46,18,2,23.6,True,2466.2,1109.67
11152,2024-05-06,46,27,2,4.7,True,491.15,220.99
11153,2024-05-06,46,4,2,8.2,False,0.0,385.56
11154,2024-05-13,46,6,1,25.0,True,2612.5,1175.5
11155,2024-05-13,46,4,1,10.1,False,0.0,474.9
11156,2024-05-20,46,18,2,17.6,True,1839.2,827.55
11157,2024-05-20,46,3,2,7.3,True,762.85,343.25
11158,2024-05-20,46,4,2,10.9,False,0.0,512.52
11159,2024-05-27,46,18,2,16.8,True,1755.6,789.94
11160,2024-05-27,46,1,2,9.5,True,992.75,446.69
11161,2024-05-27,46,4,2,9.5,False,0.0,446.69
11162,2024-06-03,46,2,2,16.5,True,1724.25,775.83
11163,2024-06-03,46,3,2,10.3,True,1076.35,484.31
11164,2024-06-03,46,4,2,5.3,False,0.0,249.21
11165,2024-06-10,46,1,2,0.6,True,62.7,28.21
11166,2024-06-10,46,27,2,21.3,True,2225.85,1001.53
11167,2024-06-10,46,4,2,6.0,False,0.0,282.12
11168,2024-06-17,46,20,2,22.4,True,2340.8,1053.25
11169,2024-06-17,46,4,2,7.8,False,0.0,366.76
11170,2024-06-24,46,3,1,9.8,True,1024.1,460.8
11171,2024-06-24,46,20,1,13.7,True,1431.65,644.17
11172,2024-06-24,46,4,1,6.3,False,0.0,296.23
11173,2024-07-01,46,20,1,14.9,True,1557.05,700.6
11174,2024-07-01,46,4,1,5.0,False,0.0,235.1
11175,2024-07-08,46,3,2,7.7,True,804.65,362.05
11176,2024-07-08,46,27,2,4.0,True,418.0,188.08
11177,2024-07-08,46,4,2,8.1,False,0.0,380.86
11178,2024-07-15,46,18,2,14.7,True,1536.15,691.19
11179,2024-07-15,46,4,2,4.1,False,0.0,192.78
11180,2024-07-22,46,20,2,13.8,True,1442.1,648.88
11181,2024-07-22,46,4,2,6.8,False,0.0,319.74
11182,2024-07-29,46,18,1,17.4,True,1818.3,818.15
11183,2024-07-29,46,4,1,4.1,False,0.0,192.78
11184,2024-08-05,46,27,2,3.9,True,407.55,183.38
11185,2024-08-05,46,3,2,22.3,True,2330.35,1048.55
11186,2024-08-05,46,4,2,11.8,False,0.0,554.84
11187,2024-08-12,46,27,2,17.9,True,1870.55,841.66
11188,2024-08-12,46,3,2,4.5,True,470.25,211.59
11189,2024-08-12,46,4,2,10.3,False,0.0,484.31
11190,2024-08-19,46,26,2,25.5,True,2664.75,1199.01
11191,2024-08-19,46,4,2,7.3,False,0.0,343.25
11192,2024-08-26,46,3,2,25.8,True,2696.1,1213.12
11193,2024-08-26,46,4,2,5.0,False,0.0,235.1
11194,2024-09-02,46,18,1,15.5,True,1619.75,728.81
11195,2024-09-02,46,20,1,7.2,True,752.4,338.54
11196,2024-09-02,46,4,1,13.2,False,0.0,620.66
11197,2024-09-09,46,2,1,25.5,True,2664.75,1199.01
11198,2024-09-09,46,4,1,12.2,False,0.0,573.64
11199,2024-09-16,46,2,3,29.7,True,3103.65,1396.49
11200,2024-09-16,46,4,3,9.0,False,0.0,423.18
11201,2024-09-23,46,20,2,28.2,True,2946.9,1325.96
11202,2024-09-23,46,4,2,10.1,False,0.0,474.9
11203,2024-09-30,46,27,2,26.5,True,2769.25,1246.03
11204,2024-09-30,46,4,2,10.0,False,0.0,470.2
11205,2024-10-07,46,1,2,28.2,True,2946.9,1325.96
11206,2024-10-07,46,4,2,7.7,False,0.0,362.05
11207,2024-10-14,46,2,2,24.1,True,2518.45,1133.18
11208,2024-10-14,46,4,2,10.1,False,0.0,474.9
11209,2024-10-21,46,1,1,25.1,True,2622.95,1180.2
11210,2024-10-21,46,4,1,12.7,False,0.0,597.15
11211,2024-10-28,46,18,2,12.5,True,1306.25,587.75
11212,2024-10-28,46,26,2,18.8,True,1964.6,883.98
11213,2024-10-28,46,4,2,6.6,False,0.0,310.33
11214,2024-11-04,46,18,2,7.2,True,752.4,338.54
11215,2024-11-04,46,26,2,13.5,True,1410.75,634.77
11216,2024-11-04,46,4,2,15.0,False,0.0,705.3
11217,2024-11-11,46,26,1,28.4,True,2967.8,1335.37
11218,2024-11-11,46,4,1,7.9,False,0.0,371.46
11219,2024-11-18,46,1,2,14.1,True,1473.45,662.98
11220,2024-11-18,46,27,2,9.3,True,971.85,437.29
11221,2024-11-18,46,4,2,9.4,False,0.0,441.99
11222,2024-11-25,46,18,2,26.6,True,2779.7,1250.73
11223,2024-11-25,46,4,2,7.4,False,0.0,347.95
11224,2024-12-02,46,1,2,15.0,True,1567.5,705.3
11225,2024-12-02,46,4,2,11.2,False,0.0,526.62
11226,2024-12-09,46,6,3,24.0,True,2508.0,1128.48
11227,2024-12-09,46,20,3,0.6,True,62.7,28.21
11228,2024-12-09,46,4,3,4.6,False,0.0,216.29
11229,2024-12-16,46,1,2,20.8,True,2173.6,978.02
11230,2024-12-16,46,4,2,5.4,False,0.0,253.91
11231,2024-12-23,46,1,2,17.9,True,1870.55,841.66
11232,2024-12-23,46,4,2,13.4,False,0.0,630.07
11233,2024-12-30,46,2,2,25.1,True,2622.95,1180.2
11234,2024-12-30,46,4,2,4.6,False,0.0,216.29
11235,2025-01-06,46,3,2,23.4,True,2445.3,1100.27
11236,2025-01-06,46,4,2,8.0,False,0.0,376.16
11237,2025-01-13,46,20,1,27.8,True,2905.1,1307.16
11238,2025-01-13,46,4,1,8.9,False,0.0,418.48
11239,2025-01-20,46,1,2,5.4,True,564.3,253.91
11240,2025-01-20,46,20,2,21.2,True,2215.4,996.82
11241,2025-01-20,46,4,2,8.3,False,0.0,390.27
11242,2025-01-27,46,1,2,1.1,True,114.95,51.72
11243,2025-01-27,46,18,2,22.8,True,2382.6,1072.06
11244,2025-01-27,46,4,2,9.1,False,0.0,427.88
11245,2025-02-03,46,3,2,30.1,True,3145.45,1415.3
11246,2025-02-03,46,4,2,6.8,False,0.0,319.74
11247,2025-02-10,46,2,2,28.4,True,2967.8,1335.37
11248,2025-02-10,46,4,2,8.6,False,0.0,404.37
11249,2025-02-17,46,26,1,32.1,True,3354.45,1509.34
11250,2025-02-17,46,4,1,2.7,False,0.0,126.95
11251,2025-02-24,46,3,2,22.8,True,2382.6,1072.06
11252,2025-02-24,46,4,2,12.7,False,0.0,597.15
11253,2025-03-03,46,1,1,2.4,True,250.8,112.85
11254,2025-03-03,46,6,1,26.4,True,2758.8,1241.33
11255,2025-03-03,46,4,1,9.1,False,0.0,427.88
11256,2025-03-10,46,3,2,26.2,True,2737.9,1231.92
11257,2025-03-10,46,4,2,10.1,False,0.0,474.9
11258,2025-03-17,46,20,2,23.8,True,2487.1,1119.08
11259,2025-03-17,46,4,2,11.4,False,0.0,536.03
11260,2025-03-24,46,26,2,25.1,True,2622.95,1180.2
11261,2025-03-24,46,4,2,13.2,False,0.0,620.66
11262,2025-03-31,46,26,2,11.6,True,1212.2,545.43
11263,2025-03-31,46,6,2,14.4,True,1504.8,677.09
11264,2025-03-31,46,4,2,9.4,False,0.0,441.99
11265,2025-04-07,46,3,1,25.9,True,2706.55,1217.82
11266,2025-04-07,46,1,1,8.6,True,898.7,404.37
11267,2025-04-07,46,4,1,0.8,False,0.0,37.62
11268,2025-04-14,46,3,2,25.9,True,2706.55,1217.82
11269,2025-04-14,46,4,2,12.7,False,0.0,597.15
11270,2025-04-21,46,26,1,29.0,True,3030.5,1363.58
11271,2025-04-21,46,4,1,5.2,False,0.0,244.5
11272,2025-04-28,46,3,1,22.1,True,2309.45,1039.14
11273,2025-04-28,46,6,1,2.8,True,292.6,131.66
11274,2025-04-28,46,4,1,9.5,False,0.0,446.69
11275,2025-05-05,46,2,2,7.8,True,815.1,366.76
11276,2025-05-05,46,27,2,17.5,True,1828.75,822.85
11277,2025-05-05,46,4,2,11.1,False,0.0,521.92
11278,2025-05-12,46,3,2,2.9,True,303.05,136.36
11279,2025-05-12,46,26,2,22.9,True,2393.05,1076.76
11280,2025-05-12,46,4,2,10.4,False,0.0,489.01
11281,2025-05-19,46,2,2,29.5,True,3082.75,1387.09
11282,2025-05-19,46,4,2,7.7,False,0.0,362.05
11283,2025-05-26,46,20,3,28.6,True,2988.7,1344.77
11284,2025-05-26,46,4,3,3.5,False,0.0,164.57
11285,2025-06-02,46,1,2,19.3,True,2016.85,907.49
11286,2025-06-02,46,4,2,8.6,False,0.0,404.37
11287,2025-06-09,46,27,2,16.7,True,1745.15,785.23
11288,2025-06-09,46,2,2,7.3,True,762.85,343.25
11289,2025-06-09,46,4,2,8.0,False,0.0,376.16
11290,2025-06-16,46,18,2,14.6,True,1525.7,686.49
11291,2025-06-16,46,6,2,5.4,True,564.3,253.91
11292,2025-06-16,46,4,2,11.6,False,0.0,545.43
11293,2025-06-23,46,2,2,26.0,True,2717.0,1222.52
11294,2025-06-23,46,4,2,6.7,False,0.0,315.03
11295,2025-06-30,46,20,1,25.2,True,2633.4,1184.9
11296,2025-06-30,46,4,1,9.7,False,0.0,456.09
11297,2025-07-07,46,2,2,13.1,True,1368.95,615.96
11298,2025-07-07,46,26,2,0.9,True,94.05,42.32
11299,2025-07-07,46,4,2,6.2,False,0.0,291.52
11300,2025-07-14,46,27,3,14.5,True,1515.25,681.79
11301,2025-07-14,46,4,3,7.4,False,0.0,347.95
11302,2025-07-21,46,6,2,14.4,True,1504.8,677.09
11303,2025-07-21,46,4,2,5.7,False,0.0,268.01
11304,2025-07-28,46,2,2,9.0,True,940.5,423.18
11305,2025-07-28,46,18,2,2.3,True,240.35,108.15
11306,2025-07-28,46,4,2,4.8,False,0.0,225.7
11307,2025-08-04,46,27,2,30.3,True,3166.35,1424.71
11308,2025-08-04,46,4,2,5.3,False,0.0,249.21
11309,2025-08-11,46,20,1,24.1,True,2518.45,1133.18
11310,2025-08-11,46,4,1,9.2,False,0.0,432.58
11311,2025-08-18,46,6,1,25.9,True,2706.55,1217.82
11312,2025-08-18,46,4,1,5.9,False,0.0,277.42
11313,2025-08-25,46,20,2,21.5,True,2246.75,1010.93
11314,2025-08-25,46,4,2,9.0,False,0.0,423.18
11315,2025-09-01,46,26,2,28.8,True,3009.6,1354.18
11316,2025-09-01,46,4,2,6.2,False,0.0,291.52
11317,2025-09-08,46,26,2,29.6,True,3093.2,1391.79
11318,2025-09-08,46,4,2,9.7,False,0.0,456.09
11319,2025-09-15,46,2,1,30.0,True,3135.0,1410.6
11320,2025-09-15,46,4,1,6.5,False,0.0,305.63
11321,2025-09-22,46,2,2,25.0,True,2612.5,1175.5
11322,2025-09-22,46,4,2,12.4,False,0.0,583.05
11323,2025-09-29,46,18,2,25.5,True,2664.75,1199.01
11324,2025-09-29,46,4,2,11.2,False,0.0,526.62
11325,2025-10-06,46,6,2,27.0,True,2821.5,1269.54
11326,2025-10-06,46,4,2,10.3,False,0.0,484.31
11327,2025-10-13,46,18,2,30.2,True,3155.9,1420.0
11328,2025-10-13,46,4,2,6.6,False,0.0,310.33
11329,2025-10-20,46,1,2,27.1,True,2831.95,1274.24
11330,2025-10-20,46,4,2,9.5,False,0.0,446.69
11331,2025-10-27,46,6,2,30.1,True,3145.45,1415.3
11332,2025-10-27,46,4,2,6.0,False,0.0,282.12
11333,2025-11-03,46,3,3,33.5,True,3500.75,1575.17
11334,2025-11-03,46,4,3,2.6,False,0.0,122.25
11335,2025-11-10,46,26,2,24.0,True,2508.0,1128.48
11336,2025-11-10,46,4,2,9.1,False,0.0,427.88
11337,2025-11-17,46,18,1,30.9,True,3229.05,1452.92
11338,2025-11-17,46,4,1,8.2,False,0.0,385.56
11339,2025-11-24,46,26,1,27.2,True,2842.4,1278.94
11340,2025-11-24,46,4,1,9.1,False,0.0,427.88
11341,2025-12-01,46,6,2,15.3,True,1598.85,719.41
11342,2025-12-01,46,18,2,8.3,True,867.35,390.27
11343,2025-12-01,46,4,2,5.2,False,0.0,244.5
11344,2025-12-08,46,18,2,1.6,True,167.2,75.23
11345,2025-12-08,46,1,2,18.7,True,1954.15,879.27
11346,2025-12-08,46,4,2,7.6,False,0.0,357.35
11347,2025-12-15,46,27,2,21.9,True,2288.55,1029.74
11348,2025-12-15,46,4,2,6.4,False,0.0,300.93
11349,2025-12-22,46,20,2,8.4,True,877.8,394.97
11350,2025-12-22,46,3,2,11.2,True,1170.4,526.62
11351,2025-12-22,46,4,2,11.0,False,0.0,517.22
11352,2025-12-29,46,27,1,23.6,True,2466.2,1109.67
11353,2025-12-29,46,4,1,6.4,False,0.0,300.93
11354,2024-01-01,47,21,2,25.2,True,3276.0,1474.2
11355,2024-01-01,47,29,2,4.8,False,0.0,280.8
11356,2024-01-08,47,8,2,27.4,True,3562.0,1602.9
11357,2024-01-08,47,29,2,8.8,False,0.0,514.8
11358,2024-01-15,47,16,2,27.0,True,3510.0,1579.5
11359,2024-01-15,47,29,2,8.0,False,0.0,468.0
11360,2024-01-22,47,11,2,11.5,True,1495.0,672.75
11361,2024-01-22,47,22,2,14.6,True,1898.0,854.1
11362,2024-01-22,47,29,2,7.6,False,0.0,444.6
11363,2024-01-29,47,8,2,25.2,True,3276.0,1474.2
11364,2024-01-29,47,29,2,5.7,False,0.0,333.45
11365,2024-02-05,47,11,3,5.5,True,715.0,321.75
11366,2024-02-05,47,12,3,22.1,True,2873.0,1292.85
11367,2024-02-05,47,29,3,5.6,False,0.0,327.6
11368,2024-02-12,47,25,1,23.6,True,3068.0,1380.6
11369,2024-02-12,47,12,1,9.2,True,1196.0,538.2
11370,2024-02-12,47,29,1,5.2,False,0.0,304.2
11371,2024-02-19,47,5,2,28.7,True,3731.0,1678.95
11372,2024-02-19,47,29,2,10.3,False,0.0,602.55
11373,2024-02-26,47,24,1,8.6,True,1118.0,503.1
11374,2024-02-26,47,11,1,20.3,True,2639.0,1187.55
11375,2024-02-26,47,29,1,11.3,False,0.0,661.05
11376,2024-03-04,47,5,2,28.6,True,3718.0,1673.1
11377,2024-03-04,47,29,2,4.9,False,0.0,286.65
11378,2024-03-11,47,22,1,25.8,True,3354.0,1509.3
11379,2024-03-11,47,8,1,3.2,True,416.0,187.2
11380,2024-03-11,47,29,1,7.3,False,0.0,427.05
11381,2024-03-18,47,8,3,25.0,True,3250.0,1462.5
11382,2024-03-18,47,29,3,9.7,False,0.0,567.45
11383,2024-03-25,47,11,2,24.3,True,3159.0,1421.55
11384,2024-03-25,47,29,2,9.7,False,0.0,567.45
11385,2024-04-01,47,8,1,17.1,True,2223.0,1000.35
11386,2024-04-01,47,5,1,10.1,True,1313.0,590.85
11387,2024-04-01,47,29,1,7.6,False,0.0,444.6
11388,2024-04-08,47,12,2,26.7,True,3471.0,1561.95
11389,2024-04-08,47,29,2,8.3,False,0.0,485.55
11390,2024-04-15,47,25,1,28.6,True,3718.0,1673.1
11391,2024-04-15,47,29,1,8.8,False,0.0,514.8
11392,2024-04-22,47,10,1,16.2,True,2106.0,947.7
11393,2024-04-22,47,8,1,10.0,True,1300.0,585.0
11394,2024-04-22,47,29,1,8.1,False,0.0,473.85
11395,2024-04-29,47,11,2,28.4,True,3692.0,1661.4
11396,2024-04-29,47,29,2,9.2,False,0.0,538.2
11397,2024-05-06,47,5,2,24.3,True,3159.0,1421.55
11398,2024-05-06,47,8,2,6.7,True,871.0,391.95
11399,2024-05-06,47,29,2,6.4,False,0.0,374.4
11400,2024-05-13,47,25,1,12.3,True,1599.0,719.55
11401,2024-05-13,47,11,1,14.2,True,1846.0,830.7
11402,2024-05-13,47,29,1,8.7,False,0.0,508.95
11403,2024-05-20,47,25,2,25.4,True,3302.0,1485.9
11404,2024-05-20,47,29,2,13.6,False,0.0,795.6
11405,2024-05-27,47,12,3,37.2,True,4836.0,2176.2
11406,2024-05-27,47,29,3,2.9,False,0.0,169.65
11407,2024-06-03,47,11,1,18.7,True,2431.0,1093.95
11408,2024-06-03,47,22,1,4.4,True,572.0,257.4
11409,2024-06-03,47,29,1,9.1,False,0.0,532.35
11410,2024-06-10,47,8,1,24.5,True,3185.0,1433.25
11411,2024-06-10,47,29,1,8.5,False,0.0,497.25
11412,2024-06-17,47,8,2,20.5,True,2665.0,1199.25
11413,2024-06-17,47,29,2,10.8,False,0.0,631.8
11414,2024-06-24,47,16,1,21.0,True,2730.0,1228.5
11415,2024-06-24,47,29,1,10.0,False,0.0,585.0
11416,2024-07-01,47,25,2,16.0,True,2080.0,936.0
11417,2024-07-01,47,29,2,4.1,False,0.0,239.85
11418,2024-07-08,47,25,1,16.4,True,2132.0,959.4
11419,2024-07-08,47,29,1,4.0,False,0.0,234.0
11420,2024-07-15,47,5,2,14.8,True,1924.0,865.8
11421,2024-07-15,47,29,2,4.2,False,0.0,245.7
11422,2024-07-22,47,12,2,11.5,True,1495.0,672.75
11423,2024-07-22,47,10,2,0.6,True,78.0,35.1
11424,2024-07-22,47,29,2,7.8,False,0.0,456.3
11425,2024-07-29,47,24,2,9.4,True,1222.0,549.9
11426,2024-07-29,47,5,2,1.1,True,143.0,64.35
11427,2024-07-29,47,29,2,7.3,False,0.0,427.05
11428,2024-08-05,47,24,2,24.9,True,3237.0,1456.65
11429,2024-08-05,47,29,2,8.9,False,0.0,520.65
11430,2024-08-12,47,12,3,23.6,True,3068.0,1380.6
11431,2024-08-12,47,22,3,8.5,True,1105.0,497.25
11432,2024-08-12,47,29,3,4.1,False,0.0,239.85
11433,2024-08-19,47,21,2,25.7,True,3341.0,1503.45
11434,2024-08-19,47,29,2,5.8,False,0.0,339.3
11435,2024-08-26,47,21,1,27.0,True,3510.0,1579.5
11436,2024-08-26,47,29,1,6.1,False,0.0,356.85
11437,2024-09-02,47,25,2,28.3,True,3679.0,1655.55
11438,2024-09-02,47,29,2,8.6,False,0.0,503.1
11439,2024-09-09,47,11,2,7.7,True,1001.0,450.45
11440,2024-09-09,47,24,2,17.5,True,2275.0,1023.75
11441,2024-09-09,47,29,2,9.2,False,0.0,538.2
11442,2024-09-16,47,25,2,25.9,True,3367.0,1515.15
11443,2024-09-16,47,29,2,4.8,False,0.0,280.8
11444,2024-09-23,47,21,2,25.6,True,3328.0,1497.6
11445,2024-09-23,47,29,2,13.5,False,0.0,789.75
11446,2024-09-30,47,10,3,34.2,True,4446.0,2000.7
11447,2024-09-30,47,29,3,4.1,False,0.0,239.85
11448,2024-10-07,47,24,1,22.5,True,2925.0,1316.25
11449,2024-10-07,47,29,1,9.8,False,0.0,573.3
11450,2024-10-14,47,21,2,8.2,True,1066.0,479.7
11451,2024-10-14,47,24,2,18.1,True,2353.0,1058.85
11452,2024-10-14,47,29,2,10.5,False,0.0,614.25
11453,2024-10-21,47,22,2,20.8,True,2704.0,1216.8
11454,2024-10-21,47,11,2,9.5,True,1235.0,555.75
11455,2024-10-21,47,29,2,7.8,False,0.0,456.3
11456,2024-10-28,47,5,1,21.1,True,2743.0,1234.35
11457,2024-10-28,47,8,1,2.9,True,377.0,169.65
11458,2024-10-28,47,29,1,10.4,False,0.0,608.4
11459,2024-11-04,47,16,2,19.8,True,2574.0,1158.3
11460,2024-11-04,47,29,2,17.5,False,0.0,1023.75
11461,2024-11-11,47,8,1,14.1,True,1833.0,824.85
11462,2024-11-11,47,22,1,18.2,True,2366.0,1064.7
11463,2024-11-11,47,29,1,8.4,False,0.0,491.4
11464,2024-11-18,47,21,1,4.2,True,546.0,245.7
11465,2024-11-18,47,8,1,17.1,True,2223.0,1000.35
11466,2024-11-18,47,29,1,14.5,False,0.0,848.25
11467,2024-11-25,47,24,2,22.3,True,2899.0,1304.55
11468,2024-11-25,47,29,2,14.9,False,0.0,871.65
11469,2024-12-02,47,8,2,20.9,True,2717.0,1222.65
11470,2024-12-02,47,29,2,7.7,False,0.0,450.45
11471,2024-12-09,47,25,1,22.8,True,2964.0,1333.8
11472,2024-12-09,47,29,1,7.8,False,0.0,456.3
11473,2024-12-16,47,11,2,8.9,True,1157.0,520.65
11474,2024-12-16,47,8,2,6.8,True,884.0,397.8
11475,2024-12-16,47,29,2,11.2,False,0.0,655.2
11476,2024-12-23,47,12,1,4.6,True,598.0,269.1
11477,2024-12-23,47,11,1,17.0,True,2210.0,994.5
11478,2024-12-23,47,29,1,8.3,False,0.0,485.55
11479,2024-12-30,47,21,3,4.1,True,533.0,239.85
11480,2024-12-30,47,12,3,21.4,True,2782.0,1251.9
11481,2024-12-30,47,29,3,4.3,False,0.0,251.55
11482,2025-01-06,47,8,2,1.0,True,130.0,58.5
11483,2025-01-06,47,11,2,23.8,True,3094.0,1392.3
11484,2025-01-06,47,29,2,8.3,False,0.0,485.55
11485,2025-01-13,47,22,2,15.6,True,2028.0,912.6
11486,2025-01-13,47,25,2,6.1,True,793.0,356.85
11487,2025-01-13,47,29,2,10.3,False,0.0,602.55
11488,2025-01-20,47,10,3,30.4,True,3952.0,1778.4
11489,2025-01-20,47,29,3,6.1,False,0.0,356.85
11490,2025-01-27,47,24,2,16.2,True,2106.0,947.7
11491,2025-01-27,47,5,2,7.5,True,975.0,438.75
11492,2025-01-27,47,29,2,13.4,False,0.0,783.9
11493,2025-02-03,47,25,2,24.8,True,3224.0,1450.8
11494,2025-02-03,47,29,2,11.4,False,0.0,666.9
11495,2025-02-10,47,10,2,6.8,True,884.0,397.8
11496,2025-02-10,47,21,2,15.7,True,2041.0,918.45
11497,2025-02-10,47,29,2,11.7,False,0.0,684.45
11498,2025-02-17,47,5,2,26.6,True,3458.0,1556.1
11499,2025-02-17,47,29,2,12.0,False,0.0,702.0
11500,2025-02-24,47,10,2,27.2,True,3536.0,1591.2
11501,2025-02-24,47,21,2,1.6,True,208.0,93.6
11502,2025-02-24,47,29,2,8.6,False,0.0,503.1
11503,2025-03-03,47,10,1,2.9,True,377.0,169.65
11504,2025-03-03,47,21,1,19.8,True,2574.0,1158.3
11505,2025-03-03,47,29,1,11.7,False,0.0,684.45
11506,2025-03-10,47,22,2,26.3,True,3419.0,1538.55
11507,2025-03-10,47,29,2,8.6,False,0.0,503.1
11508,2025-03-17,47,25,2,29.5,True,3835.0,1725.75
11509,2025-03-17,47,29,2,10.5,False,0.0,614.25
11510,2025-03-24,47,21,2,22.0,True,2860.0,1287.0
11511,2025-03-24,47,29,2,16.5,False,0.0,965.25
11512,2025-03-31,47,10,1,26.4,True,3432.0,1544.4
11513,2025-03-31,47,29,1,8.3,False,0.0,485.55
11514,2025-04-07,47,21,2,22.7,True,2951.0,1327.95
11515,2025-04-07,47,29,2,12.8,False,0.0,748.8
11516,2025-04-14,47,8,1,16.4,True,2132.0,959.4
11517,2025-04-14,47,25,1,10.2,True,1326.0,596.7
11518,2025-04-14,47,29,1,5.6,False,0.0,327.6
11519,2025-04-21,47,16,1,18.4,True,2392.0,1076.4
11520,2025-04-21,47,29,1,13.8,False,0.0,807.3
11521,2025-04-28,47,5,2,19.4,True,2522.0,1134.9
11522,2025-04-28,47,29,2,14.9,False,0.0,871.65
11523,2025-05-05,47,25,2,26.9,True,3497.0,1573.65
11524,2025-05-05,47,29,2,10.4,False,0.0,608.4
11525,2025-05-12,47,8,1,31.7,True,4121.0,1854.45
11526,2025-05-12,47,29,1,7.1,False,0.0,415.35
11527,2025-05-19,47,11,1,27.2,True,3536.0,1591.2
11528,2025-05-19,47,29,1,11.6,False,0.0,678.6
11529,2025-05-26,47,12,2,19.8,True,2574.0,1158.3
11530,2025-05-26,47,22,2,5.4,True,702.0,315.9
11531,2025-05-26,47,29,2,11.0,False,0.0,643.5
11532,2025-06-02,47,22,1,23.9,True,3107.0,1398.15
11533,2025-06-02,47,29,1,8.3,False,0.0,485.55
11534,2025-06-09,47,16,3,27.8,True,3614.0,1626.3
11535,2025-06-09,47,29,3,1.1,False,0.0,64.35
11536,2025-06-16,47,5,2,22.6,True,2938.0,1322.1
11537,2025-06-16,47,29,2,10.6,False,0.0,620.1
11538,2025-06-23,47,21,2,19.8,True,2574.0,1158.3
11539,2025-06-23,47,29,2,10.1,False,0.0,590.85
11540,2025-06-30,47,11,3,3.9,True,507.0,228.15
11541,2025-06-30,47,24,3,26.1,True,3393.0,1526.85
11542,2025-06-30,47,29,3,3.4,False,0.0,198.9
11543,2025-07-07,47,8,2,14.5,True,1885.0,848.25
11544,2025-07-07,47,29,2,5.5,False,0.0,321.75
11545,2025-07-14,47,22,2,14.7,True,1911.0,859.95
11546,2025-07-14,47,29,2,5.6,False,0.0,327.6
11547,2025-07-21,47,8,3,16.0,True,2080.0,936.0
11548,2025-07-21,47,29,3,5.7,False,0.0,333.45
11549,2025-07-28,47,16,2,15.4,True,2002.0,900.9
11550,2025-07-28,47,29,2,3.0,False,0.0,175.5
11551,2025-08-04,47,21,3,19.0,True,2470.0,1111.5
11552,2025-08-04,47,12,3,10.9,True,1417.0,637.65
11553,2025-08-04,47,29,3,4.2,False,0.0,245.7
11554,2025-08-11,47,21,1,6.4,True,832.0,374.4
11555,2025-08-11,47,24,1,23.0,True,2990.0,1345.5
11556,2025-08-11,47,29,1,7.3,False,0.0,427.05
11557,2025-08-18,47,8,1,29.5,True,3835.0,1725.75
11558,2025-08-18,47,29,1,5.5,False,0.0,321.75
11559,2025-08-25,47,21,3,7.9,True,1027.0,462.15
11560,2025-08-25,47,8,3,23.8,True,3094.0,1392.3
11561,2025-08-25,47,29,3,1.0,False,0.0,58.5
11562,2025-09-01,47,21,3,15.9,True,2067.0,930.15
11563,2025-09-01,47,5,3,14.1,True,1833.0,824.85
11564,2025-09-01,47,29,3,5.1,False,0.0,298.35
11565,2025-09-08,47,11,2,20.4,True,2652.0,1193.4
11566,2025-09-08,47,22,2,2.8,True,364.0,163.8
11567,2025-09-08,47,29,2,13.4,False,0.0,783.9
11568,2025-09-15,47,25,2,24.7,True,3211.0,1444.95
11569,2025-09-15,47,29,2,14.4,False,0.0,842.4
11570,2025-09-22,47,11,3,25.4,True,3302.0,1485.9
11571,2025-09-22,47,29,3,9.2,False,0.0,538.2
11572,2025-09-29,47,12,2,27.1,True,3523.0,1585.35
11573,2025-09-29,47,29,2,13.6,False,0.0,795.6
11574,2025-10-06,47,11,2,24.5,True,3185.0,1433.25
11575,2025-10-06,47,29,2,12.5,False,0.0,731.25
11576,2025-10-13,47,5,1,30.5,True,3965.0,1784.25
11577,2025-10-13,47,29,1,6.8,False,0.0,397.8
11578,2025-10-20,47,10,1,9.1,True,1183.0,532.35
11579,2025-10-20,47,25,1,18.8,True,2444.0,1099.8
11580,2025-10-20,47,29,1,7.5,False,0.0,438.75
11581,2025-10-27,47,12,2,3.0,True,390.0,175.5
11582,2025-10-27,47,5,2,20.7,True,2691.0,1210.95
11583,2025-10-27,47,29,2,10.3,False,0.0,602.55
11584,2025-11-03,47,5,2,30.4,True,3952.0,1778.4
11585,2025-11-03,47,29,2,7.9,False,0.0,462.15
11586,2025-11-10,47,25,3,27.4,True,3562.0,1602.9
11587,2025-11-10,47,29,3,6.3,False,0.0,368.55
11588,2025-11-17,47,8,1,21.8,True,2834.0,1275.3
11589,2025-11-17,47,10,1,3.8,True,494.0,222.3
11590,2025-11-17,47,29,1,10.0,False,0.0,585.0
11591,2025-11-24,47,11,3,29.5,True,3835.0,1725.75
11592,2025-11-24,47,29,3,4.0,False,0.0,234.0
11593,2025-12-01,47,12,1,18.6,True,2418.0,1088.1
11594,2025-12-01,47,29,1,9.3,False,0.0,544.05
11595,2025-12-08,47,10,2,18.7,True,2431.0,1093.95
11596,2025-12-08,47,21,2,0.7,True,91.0,40.95
11597,2025-12-08,47,29,2,8.6,False,0.0,503.1
11598,2025-12-15,47,16,2,18.3,True,2379.0,1070.55
11599,2025-12-15,47,29,2,13.0,False,0.0,760.5
11600,2025-12-22,47,10,1,22.7,True,2951.0,1327.95
11601,2025-12-22,47,29,1,7.4,False,0.0,432.9
11602,2025-12-29,47,8,1,17.4,True,2262.0,1017.9
11603,2025-12-29,47,29,1,9.1,False,0.0,532.35
11604,2024-01-01,48,26,2,25.9,True,2706.55,1217.82
11605,2024-01-01,48,4,2,8.9,False,0.0,418.48
11606,2024-01-08,48,20,1,11.7,True,1222.65,550.13
11607,2024-01-08,48,18,1,15.0,True,1567.5,705.3
11608,2024-01-08,48,4,1,6.8,False,0.0,319.74
11609,2024-01-15,48,27,1,24.3,True,2539.35,1142.59
11610,2024-01-15,48,4,1,10.2,False,0.0,479.6
11611,2024-01-22,48,18,1,31.2,True,3260.4,1467.02
11612,2024-01-22,48,4,1,6.1,False,0.0,286.82
11613,2024-01-29,48,20,2,24.5,True,2560.25,1151.99
11614,2024-01-29,48,4,2,10.3,False,0.0,484.31
11615,2024-02-05,48,18,2,3.8,True,397.1,178.68
11616,2024-02-05,48,6,2,22.0,True,2299.0,1034.44
11617,2024-02-05,48,4,2,10.8,False,0.0,507.82
11618,2024-02-12,48,1,2,28.9,True,3020.05,1358.88
11619,2024-02-12,48,4,2,8.0,False,0.0,376.16
11620,2024-02-19,48,18,2,30.7,True,3208.15,1443.51
11621,2024-02-19,48,6,2,3.3,True,344.85,155.17
11622,2024-02-19,48,4,2,4.2,False,0.0,197.48
11623,2024-02-26,48,18,2,23.6,True,2466.2,1109.67
11624,2024-02-26,48,4,2,12.4,False,0.0,583.05
11625,2024-03-04,48,18,2,21.2,True,2215.4,996.82
11626,2024-03-04,48,4,2,11.3,False,0.0,531.33
11627,2024-03-11,48,1,2,22.8,True,2382.6,1072.06
11628,2024-03-11,48,4,2,13.5,False,0.0,634.77
11629,2024-03-18,48,6,3,25.0,True,2612.5,1175.5
11630,2024-03-18,48,4,3,7.7,False,0.0,362.05
11631,2024-03-25,48,1,2,28.9,True,3020.05,1358.88
11632,2024-03-25,48,4,2,5.9,False,0.0,277.42
11633,2024-04-01,48,27,2,28.3,True,2957.35,1330.67
11634,2024-04-01,48,4,2,6.5,False,0.0,305.63
11635,2024-04-08,48,20,2,24.6,True,2570.7,1156.69
11636,2024-04-08,48,4,2,9.1,False,0.0,427.88
11637,2024-04-15,48,18,1,23.1,True,2413.95,1086.16
11638,2024-04-15,48,4,1,12.1,False,0.0,568.94
11639,2024-04-22,48,2,1,30.8,True,3218.6,1448.22
11640,2024-04-22,48,4,1,3.4,False,0.0,159.87
11641,2024-04-29,48,26,2,11.7,True,1222.65,550.13
11642,2024-04-29,48,1,2,15.5,True,1619.75,728.81
11643,2024-04-29,48,4,2,10.2,False,0.0,479.6
11644,2024-05-06,48,3,2,23.5,True,2455.75,1104.97
11645,2024-05-06,48,4,2,9.1,False,0.0,427.88
11646,2024-05-13,48,18,1,22.5,True,2351.25,1057.95
11647,2024-05-13,48,4,1,11.3,False,0.0,531.33
11648,2024-05-20,48,26,2,29.0,True,3030.5,1363.58
11649,2024-05-20,48,4,2,6.4,False,0.0,300.93
11650,2024-05-27,48,26,2,25.5,True,2664.75,1199.01
11651,2024-05-27,48,4,2,9.9,False,0.0,465.5
11652,2024-06-03,48,27,2,21.0,True,2194.5,987.42
11653,2024-06-03,48,4,2,10.5,False,0.0,493.71
11654,2024-06-10,48,20,1,24.6,True,2570.7,1156.69
11655,2024-06-10,48,4,1,7.2,False,0.0,338.54
11656,2024-06-17,48,27,2,25.9,True,2706.55,1217.82
11657,2024-06-17,48,4,2,7.1,False,0.0,333.84
11658,2024-06-24,48,27,1,24.8,True,2591.6,1166.1
11659,2024-06-24,48,4,1,6.0,False,0.0,282.12
11660,2024-07-01,48,6,1,16.7,True,1745.15,785.23
11661,2024-07-01,48,4,1,2.8,False,0.0,131.66
11662,2024-07-08,48,3,2,15.9,True,1661.55,747.62
11663,2024-07-08,48,4,2,5.4,False,0.0,253.91
11664,2024-07-15,48,3,2,16.6,True,1734.7,780.53
11665,2024-07-15,48,4,2,4.2,False,0.0,197.48
11666,2024-07-22,48,2,2,11.5,True,1201.75,540.73
11667,2024-07-22,48,27,2,4.5,True,470.25,211.59
11668,2024-07-22,48,4,2,3.1,False,0.0,145.76
11669,2024-07-29,48,27,2,17.0,True,1776.5,799.34
11670,2024-07-29,48,4,2,4.3,False,0.0,202.19
11671,2024-08-05,48,1,2,25.4,True,2654.3,1194.31
11672,2024-08-05,48,4,2,10.6,False,0.0,498.41
11673,2024-08-12,48,27,1,21.7,True,2267.65,1020.33
11674,2024-08-12,48,4,1,11.0,False,0.0,517.22
11675,2024-08-19,48,3,2,28.4,True,2967.8,1335.37
11676,2024-08-19,48,4,2,6.6,False,0.0,310.33
11677,2024-08-26,48,2,2,27.0,True,2821.5,1269.54
11678,2024-08-26,48,4,2,4.9,False,0.0,230.4
11679,2024-09-02,48,1,2,24.8,True,2591.6,1166.1
11680,2024-09-02,48,4,2,10.3,False,0.0,484.31
11681,2024-09-09,48,6,2,32.5,True,3396.25,1528.15
11682,2024-09-09,48,4,2,6.3,False,0.0,296.23
11683,2024-09-16,48,3,2,29.1,True,3040.95,1368.28
11684,2024-09-16,48,4,2,8.4,False,0.0,394.97
11685,2024-09-23,48,2,2,28.8,True,3009.6,1354.18
11686,2024-09-23,48,4,2,9.7,False,0.0,456.09
11687,2024-09-30,48,26,2,1.6,True,167.2,75.23
11688,2024-09-30,48,1,2,27.4,True,2863.3,1288.35
11689,2024-09-30,48,4,2,6.2,False,0.0,291.52
11690,2024-10-07,48,2,2,21.6,True,2257.2,1015.63
11691,2024-10-07,48,1,2,4.7,True,491.15,220.99
11692,2024-10-07,48,4,2,7.6,False,0.0,357.35
11693,2024-10-14,48,18,2,32.2,True,3364.9,1514.04
11694,2024-10-14,48,4,2,9.7,False,0.0,456.09
11695,2024-10-21,48,20,1,33.0,True,3448.5,1551.66
11696,2024-10-21,48,4,1,6.6,False,0.0,310.33
11697,2024-10-28,48,2,1,16.7,True,1745.15,785.23
11698,2024-10-28,48,20,1,12.1,True,1264.45,568.94
11699,2024-10-28,48,4,1,6.8,False,0.0,319.74
11700,2024-11-04,48,6,1,13.7,True,1431.65,644.17
11701,2024-11-04,48,20,1,11.8,True,1233.1,554.84
11702,2024-11-04,48,4,1,11.9,False,0.0,559.54
11703,2024-11-11,48,27,1,27.8,True,2905.1,1307.16
11704,2024-11-11,48,1,1,5.2,True,543.4,244.5
11705,2024-11-11,48,4,1,6.6,False,0.0,310.33
11706,2024-11-18,48,18,2,20.8,True,2173.6,978.02
11707,2024-11-18,48,27,2,12.2,True,1274.9,573.64
11708,2024-11-18,48,4,2,4.9,False,0.0,230.4
11709,2024-11-25,48,6,2,27.9,True,2915.55,1311.86
11710,2024-11-25,48,4,2,5.6,False,0.0,263.31
11711,2024-12-02,48,20,1,17.6,True,1839.2,827.55
11712,2024-12-02,48,1,1,2.9,True,303.05,136.36
11713,2024-12-02,48,4,1,6.3,False,0.0,296.23
11714,2024-12-09,48,6,2,20.9,True,2184.05,982.72
11715,2024-12-09,48,4,2,8.3,False,0.0,390.27
11716,2024-12-16,48,3,3,27.0,True,2821.5,1269.54
11717,2024-12-16,48,4,3,1.8,False,0.0,84.64
11718,2024-12-23,48,20,2,20.5,True,2142.25,963.91
11719,2024-12-23,48,4,2,10.1,False,0.0,474.9
11720,2024-12-30,48,26,2,30.6,True,3197.7,1438.81
11721,2024-12-30,48,4,2,2.1,False,0.0,98.74
11722,2025-01-06,48,18,3,31.0,True,3239.5,1457.62
11723,2025-01-06,48,4,3,2.0,False,0.0,94.04
11724,2025-01-13,48,20,1,24.0,True,2508.0,1128.48
11725,2025-01-13,48,26,1,1.7,True,177.65,79.93
11726,2025-01-13,48,4,1,8.3,False,0.0,390.27
11727,2025-01-20,48,1,3,26.4,True,2758.8,1241.33
11728,2025-01-20,48,4,3,5.9,False,0.0,277.42
11729,2025-01-27,48,27,2,26.5,True,2769.25,1246.03
11730,2025-01-27,48,4,2,7.5,False,0.0,352.65
11731,2025-02-03,48,18,2,23.3,True,2434.85,1095.57
11732,2025-02-03,48,4,2,14.9,False,0.0,700.6
11733,2025-02-10,48,2,2,21.7,True,2267.65,1020.33
11734,2025-02-10,48,4,2,10.2,False,0.0,479.6
11735,2025-02-17,48,27,2,10.4,True,1086.8,489.01
11736,2025-02-17,48,26,2,12.5,True,1306.25,587.75
11737,2025-02-17,48,4,2,10.3,False,0.0,484.31
11738,2025-02-24,48,2,2,4.7,True,491.15,220.99
11739,2025-02-24,48,18,2,22.3,True,2330.35,1048.55
11740,2025-02-24,48,4,2,10.6,False,0.0,498.41
11741,2025-03-03,48,18,2,14.2,True,1483.9,667.68
11742,2025-03-03,48,26,2,10.9,True,1139.05,512.52
11743,2025-03-03,48,4,2,9.9,False,0.0,465.5
11744,2025-03-10,48,27,1,22.4,True,2340.8,1053.25
11745,2025-03-10,48,4,1,14.8,False,0.0,695.9
11746,2025-03-17,48,6,1,27.7,True,2894.65,1302.45
11747,2025-03-17,48,4,1,6.8,False,0.0,319.74
11748,2025-03-24,48,2,2,2.2,True,229.9,103.44
11749,2025-03-24,48,6,2,23.9,True,2497.55,1123.78
11750,2025-03-24,48,4,2,9.5,False,0.0,446.69
11751,2025-03-31,48,18,2,27.3,True,2852.85,1283.65
11752,2025-03-31,48,4,2,9.4,False,0.0,441.99
11753,2025-04-07,48,27,2,23.1,True,2413.95,1086.16
11754,2025-04-07,48,4,2,12.1,False,0.0,568.94
11755,2025-04-14,48,3,3,28.6,True,2988.7,1344.77
11756,2025-04-14,48,4,3,6.3,False,0.0,296.23
11757,2025-04-21,48,18,1,21.4,True,2236.3,1006.23
11758,2025-04-21,48,3,1,2.1,True,219.45,98.74
11759,2025-04-21,48,4,1,9.8,False,0.0,460.8
11760,2025-04-28,48,18,1,3.6,True,376.2,169.27
11761,2025-04-28,48,26,1,26.6,True,2779.7,1250.73
11762,2025-04-28,48,4,1,6.4,False,0.0,300.93
11763,2025-05-05,48,2,1,24.3,True,2539.35,1142.59
11764,2025-05-05,48,4,1,11.8,False,0.0,554.84
11765,2025-05-12,48,18,2,26.1,True,2727.45,1227.22
11766,2025-05-12,48,4,2,8.4,False,0.0,394.97
11767,2025-05-19,48,2,2,20.9,True,2184.05,982.72
11768,2025-05-19,48,4,2,14.1,False,0.0,662.98
11769,2025-05-26,48,27,2,2.9,True,303.05,136.36
11770,2025-05-26,48,1,2,22.3,True,2330.35,1048.55
11771,2025-05-26,48,4,2,12.0,False,0.0,564.24
11772,2025-06-02,48,26,2,27.3,True,2852.85,1283.65
11773,2025-06-02,48,4,2,5.3,False,0.0,249.21
11774,2025-06-09,48,27,1,19.7,True,2058.65,926.29
11775,2025-06-09,48,4,1,12.2,False,0.0,573.64
11776,2025-06-16,48,26,2,21.8,True,2278.1,1025.04
11777,2025-06-16,48,4,2,9.2,False,0.0,432.58
11778,2025-06-23,48,27,1,19.9,True,2079.55,935.7
11779,2025-06-23,48,4,1,8.2,False,0.0,385.56
11780,2025-06-30,48,26,2,22.8,True,2382.6,1072.06
11781,2025-06-30,48,4,2,7.4,False,0.0,347.95
11782,2025-07-07,48,6,2,12.7,True,1327.15,597.15
11783,2025-07-07,48,18,2,4.0,True,418.0,188.08
11784,2025-07-07,48,4,2,3.2,False,0.0,150.46
11785,2025-07-14,48,20,2,13.8,True,1442.1,648.88
11786,2025-07-14,48,18,2,1.3,True,135.85,61.13
11787,2025-07-14,48,4,2,5.5,False,0.0,258.61
11788,2025-07-21,48,2,2,17.4,True,1818.3,818.15
11789,2025-07-21,48,4,2,1.5,False,0.0,70.53
11790,2025-07-28,48,2,2,14.6,True,1525.7,686.49
11791,2025-07-28,48,4,2,4.6,False,0.0,216.29
11792,2025-08-04,48,6,2,20.3,True,2121.35,954.51
11793,2025-08-04,48,2,2,4.0,True,418.0,188.08
11794,2025-08-04,48,4,2,8.8,False,0.0,413.78
11795,2025-08-11,48,27,2,1.7,True,177.65,79.93
11796,2025-08-11,48,20,2,25.2,True,2633.4,1184.9
11797,2025-08-11,48,4,2,8.6,False,0.0,404.37
11798,2025-08-18,48,6,2,23.1,True,2413.95,1086.16
11799,2025-08-18,48,4,2,6.9,False,0.0,324.44
11800,2025-08-25,48,27,2,13.7,True,1431.65,644.17
11801,2025-08-25,48,26,2,7.2,True,752.4,338.54
11802,2025-08-25,48,4,2,11.1,False,0.0,521.92
11803,2025-09-01,48,1,1,22.4,True,2340.8,1053.25
11804,2025-09-01,48,4,1,11.4,False,0.0,536.03
11805,2025-09-08,48,2,1,27.1,True,2831.95,1274.24
11806,2025-09-08,48,4,1,11.7,False,0.0,550.13
11807,2025-09-15,48,1,2,27.2,True,2842.4,1278.94
11808,2025-09-15,48,4,2,6.4,False,0.0,300.93
11809,2025-09-22,48,2,2,27.9,True,2915.55,1311.86
11810,2025-09-22,48,4,2,9.1,False,0.0,427.88
11811,2025-09-29,48,18,2,22.6,True,2361.7,1062.65
11812,2025-09-29,48,4,2,11.3,False,0.0,531.33
11813,2025-10-06,48,27,2,14.3,True,1494.35,672.39
11814,2025-10-06,48,3,2,17.1,True,1786.95,804.04
11815,2025-10-06,48,4,2,6.0,False,0.0,282.12
11816,2025-10-13,48,26,2,27.6,True,2884.2,1297.75
11817,2025-10-13,48,4,2,7.3,False,0.0,343.25
11818,2025-10-20,48,1,2,25.8,True,2696.1,1213.12
11819,2025-10-20,48,4,2,8.9,False,0.0,418.48
11820,2025-10-27,48,27,2,26.4,True,2758.8,1241.33
11821,2025-10-27,48,4,2,7.2,False,0.0,338.54
11822,2025-11-03,48,3,2,21.8,True,2278.1,1025.04
11823,2025-11-03,48,4,2,13.1,False,0.0,615.96
11824,2025-11-10,48,18,2,25.1,True,2622.95,1180.2
11825,2025-11-10,48,4,2,12.3,False,0.0,578.35
11826,2025-11-17,48,26,1,9.3,True,971.85,437.29
11827,2025-11-17,48,18,1,22.2,True,2319.9,1043.84
11828,2025-11-17,48,4,1,7.7,False,0.0,362.05
11829,2025-11-24,48,26,1,32.7,True,3417.15,1537.55
11830,2025-11-24,48,4,1,7.2,False,0.0,338.54
11831,2025-12-01,48,3,2,9.6,True,1003.2,451.39
11832,2025-12-01,48,18,2,13.1,True,1368.95,615.96
11833,2025-12-01,48,4,2,4.8,False,0.0,225.7
11834,2025-12-08,48,26,2,22.7,True,2372.15,1067.35
11835,2025-12-08,48,4,2,7.9,False,0.0,371.46
11836,2025-12-15,48,27,2,20.5,True,2142.25,963.91
11837,2025-12-15,48,4,2,5.7,False,0.0,268.01
11838,2025-12-22,48,20,2,17.9,True,1870.55,841.66
11839,2025-12-22,48,4,2,9.6,False,0.0,451.39
11840,2025-12-29,48,2,2,18.9,True,1975.05,888.68
11841,2025-12-29,48,26,2,3.9,True,407.55,183.38
11842,2025-12-29,48,4,2,8.7,False,0.0,409.07
11843,2024-01-01,49,13,1,19.3,True,2885.35,1298.5
11844,2024-01-01,49,30,1,14.5,False,0.0,975.56
11845,2024-01-08,49,7,1,24.8,True,3707.6,1668.54
11846,2024-01-08,49,30,1,14.0,False,0.0,941.92
11847,2024-01-15,49,7,1,3.3,True,493.35,222.02
11848,2024-01-15,49,13,1,17.2,True,2571.4,1157.22
11849,2024-01-15,49,30,1,17.3,False,0.0,1163.94
11850,2024-01-22,49,28,1,16.1,True,2406.95,1083.21
11851,2024-01-22,49,30,1,18.6,False,0.0,1251.41
11852,2024-01-29,49,9,1,18.4,True,2750.8,1237.95
11853,2024-01-29,49,30,1,16.5,False,0.0,1110.12
11854,2024-02-05,49,9,2,17.5,True,2616.25,1177.4
11855,2024-02-05,49,30,2,23.0,False,0.0,1547.44
11856,2024-02-12,49,9,2,1.9,True,284.05,127.83
11857,2024-02-12,49,28,2,16.1,True,2406.95,1083.21
11858,2024-02-12,49,30,2,19.5,False,0.0,1311.96
11859,2024-02-19,49,7,2,10.4,True,1554.8,699.71
11860,2024-02-19,49,9,2,8.9,True,1330.55,598.79
11861,2024-02-19,49,30,2,18.2,False,0.0,1224.5
11862,2024-02-26,49,13,1,13.6,True,2033.2,915.01
11863,2024-02-26,49,9,1,7.8,True,1166.1,524.78
11864,2024-02-26,49,30,1,17.7,False,0.0,1190.86
11865,2024-03-04,49,7,1,21.3,True,3184.35,1433.06
11866,2024-03-04,49,30,1,20.0,False,0.0,1345.6
11867,2024-03-11,49,9,1,20.9,True,3124.55,1406.15
11868,2024-03-11,49,30,1,14.5,False,0.0,975.56
11869,2024-03-18,49,7,1,20.7,True,3094.65,1392.7
11870,2024-03-18,49,30,1,17.5,False,0.0,1177.4
11871,2024-03-25,49,13,2,20.8,True,3109.6,1399.42
11872,2024-03-25,49,30,2,16.6,False,0.0,1116.85
11873,2024-04-01,49,7,2,13.8,True,2063.1,928.46
11874,2024-04-01,49,30,2,20.4,False,0.0,1372.51
11875,2024-04-08,49,9,1,22.0,True,3289.0,1480.16
11876,2024-04-08,49,30,1,13.0,False,0.0,874.64
11877,2024-04-15,49,28,2,20.0,True,2990.0,1345.6
11878,2024-04-15,49,30,2,15.4,False,0.0,1036.11
11879,2024-04-22,49,9,1,15.1,True,2257.45,1015.93
11880,2024-04-22,49,30,1,18.8,False,0.0,1264.86
11881,2024-04-29,49,13,1,18.4,True,2750.8,1237.95
11882,2024-04-29,49,30,1,16.8,False,0.0,1130.3
11883,2024-05-06,49,13,2,23.5,True,3513.25,1581.08
11884,2024-05-06,49,30,2,16.5,False,0.0,1110.12
11885,2024-05-13,49,13,2,21.0,True,3139.5,1412.88
11886,2024-05-13,49,30,2,16.8,False,0.0,1130.3
11887,2024-05-20,49,9,2,17.7,True,2646.15,1190.86
11888,2024-05-20,49,30,2,16.7,False,0.0,1123.58
11889,2024-05-27,49,13,1,5.4,True,807.3,363.31
11890,2024-05-27,49,7,1,15.5,True,2317.25,1042.84
11891,2024-05-27,49,30,1,16.3,False,0.0,1096.66
11892,2024-06-03,49,28,1,5.2,True,777.4,349.86
11893,2024-06-03,49,7,1,15.2,True,2272.4,1022.66
11894,2024-06-03,49,30,1,12.8,False,0.0,861.18
11895,2024-06-10,49,9,1,12.0,True,1794.0,807.36
11896,2024-06-10,49,28,1,5.3,True,792.35,356.58
11897,2024-06-10,49,30,1,14.7,False,0.0,989.02
11898,2024-06-17,49,9,2,17.0,True,2541.5,1143.76
11899,2024-06-17,49,30,2,14.0,False,0.0,941.92
11900,2024-06-24,49,7,2,1.3,True,194.35,87.46
11901,2024-06-24,49,13,2,14.0,True,2093.0,941.92
11902,2024-06-24,49,30,2,13.0,False,0.0,874.64
11903,2024-07-01,49,9,1,2.2,True,328.9,148.02
11904,2024-07-01,49,28,1,8.6,True,1285.7,578.61
11905,2024-07-01,49,30,1,8.8,False,0.0,592.06
11906,2024-07-08,49,28,1,10.6,True,1584.7,713.17
11907,2024-07-08,49,30,1,8.3,False,0.0,558.42
11908,2024-07-15,49,13,1,4.3,True,642.85,289.3
11909,2024-07-15,49,28,1,7.8,True,1166.1,524.78
11910,2024-07-15,49,30,1,9.0,False,0.0,605.52
11911,2024-07-22,49,7,1,9.4,True,1405.3,632.43
11912,2024-07-22,49,30,1,9.4,False,0.0,632.43
11913,2024-07-29,49,7,3,11.3,True,1689.35,760.26
11914,2024-07-29,49,30,3,7.8,False,0.0,524.78
11915,2024-08-05,49,7,2,14.6,True,2182.7,982.29
11916,2024-08-05,49,9,2,0.9,True,134.55,60.55
11917,2024-08-05,49,30,2,16.2,False,0.0,1089.94
11918,2024-08-12,49,9,2,11.4,True,1704.3,766.99
11919,2024-08-12,49,7,2,8.5,True,1270.75,571.88
11920,2024-08-12,49,30,2,14.4,False,0.0,968.83
11921,2024-08-19,49,7,1,18.6,True,2780.7,1251.41
11922,2024-08-19,49,30,1,13.4,False,0.0,901.55
11923,2024-08-26,49,7,2,15.6,True,2332.2,1049.57
11924,2024-08-26,49,30,2,19.6,False,0.0,1318.69
11925,2024-09-02,49,7,1,15.5,True,2317.25,1042.84
11926,2024-09-02,49,9,1,4.2,True,627.9,282.58
11927,2024-09-02,49,30,1,19.0,False,0.0,1278.32
11928,2024-09-09,49,7,1,15.6,True,2332.2,1049.57
11929,2024-09-09,49,28,1,7.5,True,1121.25,504.6
11930,2024-09-09,49,30,1,16.5,False,0.0,1110.12
11931,2024-09-16,49,13,2,13.6,True,2033.2,915.01
11932,2024-09-16,49,28,2,5.6,True,837.2,376.77
11933,2024-09-16,49,30,2,18.8,False,0.0,1264.86
11934,2024-09-23,49,9,1,3.8,True,568.1,255.66
11935,2024-09-23,49,28,1,12.2,True,1823.9,820.82
11936,2024-09-23,49,30,1,18.7,False,0.0,1258.14
11937,2024-09-30,49,9,2,19.3,True,2885.35,1298.5
11938,2024-09-30,49,30,2,17.2,False,0.0,1157.22
11939,2024-10-07,49,13,1,24.2,True,3617.9,1628.18
11940,2024-10-07,49,30,1,15.5,False,0.0,1042.84
11941,2024-10-14,49,28,1,15.3,True,2287.35,1029.38
11942,2024-10-14,49,30,1,19.1,False,0.0,1285.05
11943,2024-10-21,49,9,1,8.8,True,1315.6,592.06
11944,2024-10-21,49,13,1,12.3,True,1838.85,827.54
11945,2024-10-21,49,30,1,13.8,False,0.0,928.46
11946,2024-10-28,49,7,2,18.4,True,2750.8,1237.95
11947,2024-10-28,49,30,2,18.8,False,0.0,1264.86
11948,2024-11-04,49,9,2,2.9,True,433.55,195.11
11949,2024-11-04,49,13,2,15.5,True,2317.25,1042.84
11950,2024-11-04,49,30,2,15.2,False,0.0,1022.66
11951,2024-11-11,49,13,3,20.2,True,3019.9,1359.06
11952,2024-11-11,49,30,3,16.3,False,0.0,1096.66
11953,2024-11-18,49,7,1,16.6,True,2481.7,1116.85
11954,2024-11-18,49,30,1,15.7,False,0.0,1056.3
11955,2024-11-25,49,13,1,17.0,True,2541.5,1143.76
11956,2024-11-25,49,30,1,14.5,False,0.0,975.56
11957,2024-12-02,49,13,1,18.5,True,2765.75,1244.68
11958,2024-12-02,49,30,1,10.8,False,0.0,726.62
11959,2024-12-09,49,13,2,10.1,True,1509.95,679.53
11960,2024-12-09,49,7,2,6.8,True,1016.6,457.5
11961,2024-12-09,49,30,2,16.1,False,0.0,1083.21
11962,2024-12-16,49,9,1,19.5,True,2915.25,1311.96
11963,2024-12-16,49,30,1,11.5,False,0.0,773.72
11964,2024-12-23,49,13,1,18.1,True,2705.95,1217.77
11965,2024-12-23,49,30,1,11.5,False,0.0,773.72
11966,2024-12-30,49,7,1,17.7,True,2646.15,1190.86
11967,2024-12-30,49,30,1,11.3,False,0.0,760.26
11968,2025-01-06,49,9,2,4.7,True,702.65,316.22
11969,2025-01-06,49,7,2,14.0,True,2093.0,941.92
11970,2025-01-06,49,30,2,17.0,False,0.0,1143.76
11971,2025-01-13,49,13,1,4.3,True,642.85,289.3
11972,2025-01-13,49,28,1,12.4,True,1853.8,834.27
11973,2025-01-13,49,30,1,17.9,False,0.0,1204.31
11974,2025-01-20,49,13,1,19.5,True,2915.25,1311.96
11975,2025-01-20,49,30,1,16.5,False,0.0,1110.12
11976,2025-01-27,49,9,2,16.5,True,2466.75,1110.12
11977,2025-01-27,49,30,2,17.2,False,0.0,1157.22
11978,2025-02-03,49,13,2,18.0,True,2691.0,1211.04
11979,2025-02-03,49,30,2,19.2,False,0.0,1291.78
11980,2025-02-10,49,7,2,13.4,True,2003.3,901.55
11981,2025-02-10,49,30,2,20.5,False,0.0,1379.24
11982,2025-02-17,49,9,2,20.8,True,3109.6,1399.42
11983,2025-02-17,49,30,2,17.8,False,0.0,1197.58
11984,2025-02-24,49,7,1,21.4,True,3199.3,1439.79
11985,2025-02-24,49,30,1,15.2,False,0.0,1022.66
11986,2025-03-03,49,9,2,13.7,True,2048.15,921.74
11987,2025-03-03,49,13,2,6.8,True,1016.6,457.5
11988,2025-03-03,49,30,2,17.4,False,0.0,1170.67
11989,2025-03-10,49,28,1,15.5,True,2317.25,1042.84
11990,2025-03-10,49,30,1,20.1,False,0.0,1352.33
11991,2025-03-17,49,13,1,17.4,True,2601.3,1170.67
11992,2025-03-17,49,30,1,22.1,False,0.0,1486.89
11993,2025-03-24,49,7,2,19.4,True,2900.3,1305.23
11994,2025-03-24,49,30,2,19.3,False,0.0,1298.5
11995,2025-03-31,49,9,1,18.1,True,2705.95,1217.77
11996,2025-03-31,49,30,1,18.5,False,0.0,1244.68
11997,2025-04-07,49,13,2,23.2,True,3468.4,1560.9
11998,2025-04-07,49,30,2,15.8,False,0.0,1063.02
11999,2025-04-14,49,28,2,13.4,True,2003.3,901.55
12000,2025-04-14,49,13,2,6.1,True,911.95,410.41
12001,2025-04-14,49,30,2,15.0,False,0.0,1009.2
12002,2025-04-21,49,9,2,1.1,True,164.45,74.01
12003,2025-04-21,49,7,2,17.7,True,2646.15,1190.86
12004,2025-04-21,49,30,2,18.9,False,0.0,1271.59
12005,2025-04-28,49,13,1,9.1,True,1360.45,612.25
12006,2025-04-28,49,28,1,7.8,True,1166.1,524.78
12007,2025-04-28,49,30,1,16.0,False,0.0,1076.48
12008,2025-05-05,49,7,1,3.7,True,553.15,248.94
12009,2025-05-05,49,28,1,18.1,True,2705.95,1217.77
12010,2025-05-05,49,30,1,18.9,False,0.0,1271.59
12011,2025-05-12,49,28,2,14.6,True,2182.7,982.29
12012,2025-05-12,49,30,2,19.8,False,0.0,1332.14
12013,2025-05-19,49,28,2,16.1,True,2406.95,1083.21
12014,2025-05-19,49,30,2,20.1,False,0.0,1352.33
12015,2025-05-26,49,9,1,23.3,True,3483.35,1567.62
12016,2025-05-26,49,30,1,17.8,False,0.0,1197.58
12017,2025-06-02,49,28,2,4.9,True,732.55,329.67
12018,2025-06-02,49,7,2,8.1,True,1210.95,544.97
12019,2025-06-02,49,30,2,14.6,False,0.0,982.29
12020,2025-06-09,49,7,2,17.1,True,2556.45,1150.49
12021,2025-06-09,49,30,2,13.1,False,0.0,881.37
12022,2025-06-16,49,7,2,13.7,True,2048.15,921.74
12023,2025-06-16,49,30,2,17.4,False,0.0,1170.67
12024,2025-06-23,49,28,2,16.5,True,2466.75,1110.12
12025,2025-06-23,49,30,2,19.8,False,0.0,1332.14
12026,2025-06-30,49,9,1,15.4,True,2302.3,1036.11
12027,2025-06-30,49,30,1,14.2,False,0.0,955.38
12028,2025-07-07,49,9,2,7.3,True,1091.35,491.14
12029,2025-07-07,49,13,2,0.9,True,134.55,60.55
12030,2025-07-07,49,30,2,10.0,False,0.0,672.8
12031,2025-07-14,49,9,2,10.1,True,1509.95,679.53
12032,2025-07-14,49,30,2,9.5,False,0.0,639.16
12033,2025-07-21,49,13,1,10.2,True,1524.9,686.26
12034,2025-07-21,49,30,1,10.3,False,0.0,692.98
12035,2025-07-28,49,28,3,10.3,True,1539.85,692.98
12036,2025-07-28,49,30,3,10.7,False,0.0,719.9
12037,2025-08-04,49,7,1,13.3,True,1988.35,894.82
12038,2025-08-04,49,30,1,21.5,False,0.0,1446.52
12039,2025-08-11,49,7,2,4.2,True,627.9,282.58
12040,2025-08-11,49,13,2,11.7,True,1749.15,787.18
12041,2025-08-11,49,30,2,19.0,False,0.0,1278.32
12042,2025-08-18,49,9,1,14.5,True,2167.75,975.56
12043,2025-08-18,49,30,1,20.0,False,0.0,1345.6
12044,2025-08-25,49,9,2,13.2,True,1973.4,888.1
12045,2025-08-25,49,30,2,18.9,False,0.0,1271.59
12046,2025-09-01,49,7,1,3.9,True,583.05,262.39
12047,2025-09-01,49,13,1,13.5,True,2018.25,908.28
12048,2025-09-01,49,30,1,19.7,False,0.0,1325.42
12049,2025-09-08,49,28,2,14.3,True,2137.85,962.1
12050,2025-09-08,49,30,2,20.1,False,0.0,1352.33
12051,2025-09-15,49,28,3,19.1,True,2855.45,1285.05
12052,2025-09-15,49,30,3,17.1,False,0.0,1150.49
12053,2025-09-22,49,9,1,15.5,True,2317.25,1042.84
12054,2025-09-22,49,30,1,18.6,False,0.0,1251.41
12055,2025-09-29,49,28,2,13.4,True,2003.3,901.55
12056,2025-09-29,49,30,2,23.0,False,0.0,1547.44
12057,2025-10-06,49,13,1,8.3,True,1240.85,558.42
12058,2025-10-06,49,9,1,7.9,True,1181.05,531.51
12059,2025-10-06,49,30,1,22.0,False,0.0,1480.16
12060,2025-10-13,49,13,3,18.3,True,2735.85,1231.22
12061,2025-10-13,49,30,3,18.8,False,0.0,1264.86
12062,2025-10-20,49,7,1,13.6,True,2033.2,915.01
12063,2025-10-20,49,13,1,3.9,True,583.05,262.39
12064,2025-10-20,49,30,1,24.3,False,0.0,1634.9
12065,2025-10-27,49,28,1,14.2,True,2122.9,955.38
12066,2025-10-27,49,30,1,21.1,False,0.0,1419.61
12067,2025-11-03,49,9,2,16.1,True,2406.95,1083.21
12068,2025-11-03,49,30,2,18.7,False,0.0,1258.14
12069,2025-11-10,49,28,1,5.2,True,777.4,349.86
12070,2025-11-10,49,13,1,8.8,True,1315.6,592.06
12071,2025-11-10,49,30,1,23.7,False,0.0,1594.54
12072,2025-11-17,49,13,2,12.9,True,1928.55,867.91
12073,2025-11-17,49,30,2,24.0,False,0.0,1614.72
12074,2025-11-24,49,9,2,17.2,True,2571.4,1157.22
12075,2025-11-24,49,30,2,19.9,False,0.0,1338.87
12076,2025-12-01,49,7,2,11.3,True,1689.35,760.26
12077,2025-12-01,49,13,2,2.7,True,403.65,181.66
12078,2025-12-01,49,30,2,17.2,False,0.0,1157.22
12079,2025-12-08,49,28,1,1.5,True,224.25,100.92
12080,2025-12-08,49,13,1,12.1,True,1808.95,814.09
12081,2025-12-08,49,30,1,16.5,False,0.0,1110.12
12082,2025-12-15,49,9,1,8.6,True,1285.7,578.61
12083,2025-12-15,49,30,1,17.8,False,0.0,1197.58
12084,2025-12-22,49,9,1,1.8,True,269.1,121.1
12085,2025-12-22,49,7,1,8.6,True,1285.7,578.61
12086,2025-12-22,49,30,1,16.5,False,0.0,1110.12
12087,2025-12-29,49,7,2,11.2,True,1674.4,753.54
12088,2025-12-29,49,30,2,17.1,False,0.0,1150.49
12089,2024-01-01,50,15,3,23.7,True,2814.38,1266.53
12090,2024-01-01,50,17,3,10.1,False,0.0,539.74
12091,2024-01-08,50,19,3,24.3,True,2885.62,1298.59
12092,2024-01-08,50,17,3,13.2,False,0.0,705.41
12093,2024-01-15,50,23,3,4.6,True,546.25,245.82
12094,2024-01-15,50,15,3,19.8,True,2351.25,1058.11
12095,2024-01-15,50,17,3,7.4,False,0.0,395.46
12096,2024-01-22,50,23,1,24.7,True,2933.12,1319.97
12097,2024-01-22,50,17,1,9.5,False,0.0,507.68
12098,2024-01-29,50,19,2,5.8,True,688.75,309.95
12099,2024-01-29,50,15,2,19.7,True,2339.38,1052.77
12100,2024-01-29,50,17,2,11.1,False,0.0,593.18
12101,2024-02-05,50,23,2,27.8,True,3301.25,1485.63
12102,2024-02-05,50,15,2,3.9,True,463.12,208.42
12103,2024-02-05,50,17,2,3.0,False,0.0,160.32
12104,2024-02-12,50,15,3,26.3,True,3123.12,1405.47
12105,2024-02-12,50,17,3,8.8,False,0.0,470.27
12106,2024-02-19,50,19,2,26.9,True,3194.38,1437.54
12107,2024-02-19,50,17,2,8.9,False,0.0,475.62
12108,2024-02-26,50,23,3,33.8,True,4013.75,1806.27
12109,2024-02-26,50,17,3,5.4,False,0.0,288.58
12110,2024-03-04,50,19,1,25.2,True,2992.5,1346.69
12111,2024-03-04,50,17,1,12.6,False,0.0,673.34
12112,2024-03-11,50,23,2,28.6,True,3396.25,1528.38
12113,2024-03-11,50,17,2,6.5,False,0.0,347.36
12114,2024-03-18,50,23,3,29.1,True,3455.62,1555.1
12115,2024-03-18,50,17,3,9.3,False,0.0,496.99
12116,2024-03-25,50,23,2,3.3,True,391.88,176.35
12117,2024-03-25,50,15,2,21.1,True,2505.62,1127.58
12118,2024-03-25,50,17,2,12.7,False,0.0,678.69
12119,2024-04-01,50,15,3,5.7,True,676.88,304.61
12120,2024-04-01,50,19,3,23.9,True,2838.12,1277.22
12121,2024-04-01,50,17,3,3.4,False,0.0,181.7
12122,2024-04-08,50,15,2,27.6,True,3277.5,1474.94
12123,2024-04-08,50,17,2,8.7,False,0.0,464.93
12124,2024-04-15,50,23,2,23.7,True,2814.38,1266.53
12125,2024-04-15,50,17,2,13.2,False,0.0,705.41
12126,2024-04-22,50,15,1,14.6,True,1733.75,780.22
12127,2024-04-22,50,19,1,10.1,True,1199.38,539.74
12128,2024-04-22,50,17,1,6.0,False,0.0,320.64
12129,2024-04-29,50,23,2,23.9,True,2838.12,1277.22
12130,2024-04-29,50,17,2,10.2,False,0.0,545.09
12131,2024-05-06,50,19,2,22.8,True,2707.5,1218.43
12132,2024-05-06,50,17,2,13.3,False,0.0,710.75
12133,2024-05-13,50,23,2,22.3,True,2648.12,1191.71
12134,2024-05-13,50,17,2,14.2,False,0.0,758.85
12135,2024-05-20,50,19,2,24.8,True,2945.0,1325.31
12136,2024-05-20,50,15,2,1.3,True,154.38,69.47
12137,2024-05-20,50,17,2,13.1,False,0.0,700.06
12138,2024-05-27,50,15,3,29.7,True,3526.88,1587.17
12139,2024-05-27,50,23,3,3.5,True,415.62,187.04
12140,2024-05-27,50,17,3,2.4,False,0.0,128.26
12141,2024-06-03,50,15,1,1.6,True,190.0,85.5
12142,2024-06-03,50,23,1,25.1,True,2980.62,1341.34
12143,2024-06-03,50,17,1,8.1,False,0.0,432.86
12144,2024-06-10,50,23,3,30.1,True,3574.38,1608.54
12145,2024-06-10,50,17,3,2.1,False,0.0,112.22
12146,2024-06-17,50,15,3,28.1,True,3336.88,1501.66
12147,2024-06-17,50,17,3,6.0,False,0.0,320.64
12148,2024-06-24,50,19,3,15.2,True,1805.0,812.29
12149,2024-06-24,50,15,3,8.9,True,1056.88,475.62
12150,2024-06-24,50,17,3,7.7,False,0.0,411.49
12151,2024-07-01,50,23,3,7.5,True,890.62,400.8
12152,2024-07-01,50,19,3,7.7,True,914.38,411.49
12153,2024-07-01,50,17,3,4.1,False,0.0,219.1
12154,2024-07-08,50,15,2,12.4,True,1472.5,662.66
12155,2024-07-08,50,19,2,4.5,True,534.38,240.48
12156,2024-07-08,50,17,2,4.6,False,0.0,245.82
12157,2024-07-15,50,23,1,14.6,True,1733.75,780.22
12158,2024-07-15,50,19,1,1.6,True,190.0,85.5
12159,2024-07-15,50,17,1,3.5,False,0.0,187.04
12160,2024-07-22,50,19,1,11.6,True,1377.5,619.9
12161,2024-07-22,50,17,1,7.1,False,0.0,379.42
12162,2024-07-29,50,15,2,12.4,True,1472.5,662.66
12163,2024-07-29,50,17,2,7.2,False,0.0,384.77
12164,2024-08-05,50,23,3,28.8,True,3420.0,1539.07
12165,2024-08-05,50,17,3,5.9,False,0.0,315.3
12166,2024-08-12,50,19,3,1.2,True,142.5,64.13
12167,2024-08-12,50,23,3,27.6,True,3277.5,1474.94
12168,2024-08-12,50,17,3,7.1,False,0.0,379.42
12169,2024-08-19,50,23,2,2.1,True,249.38,112.22
12170,2024-08-19,50,19,2,22.8,True,2707.5,1218.43
12171,2024-08-19,50,17,2,9.8,False,0.0,523.71
12172,2024-08-26,50,19,2,6.8,True,807.5,363.39
12173,2024-08-26,50,15,2,15.4,True,1828.75,822.98
12174,2024-08-26,50,17,2,12.0,False,0.0,641.28
12175,2024-09-02,50,19,1,23.0,True,2731.25,1229.12
12176,2024-09-02,50,17,1,11.5,False,0.0,614.56
12177,2024-09-09,50,23,1,26.0,True,3087.5,1389.44
12178,2024-09-09,50,17,1,13.7,False,0.0,732.13
12179,2024-09-16,50,19,2,26.1,True,3099.38,1394.78
12180,2024-09-16,50,17,2,9.4,False,0.0,502.34
12181,2024-09-23,50,19,2,21.5,True,2553.12,1148.96
12182,2024-09-23,50,17,2,13.8,False,0.0,737.47
12183,2024-09-30,50,23,3,27.5,True,3265.62,1469.6
12184,2024-09-30,50,17,3,5.0,False,0.0,267.2
12185,2024-10-07,50,19,1,27.2,True,3230.0,1453.57
12186,2024-10-07,50,17,1,6.0,False,0.0,320.64
12187,2024-10-14,50,19,3,32.2,True,3823.75,1720.77
12188,2024-10-14,50,17,3,7.4,False,0.0,395.46
12189,2024-10-21,50,19,1,22.4,True,2660.0,1197.06
12190,2024-10-21,50,17,1,12.3,False,0.0,657.31
12191,2024-10-28,50,19,1,30.6,True,3633.75,1635.26
12192,2024-10-28,50,17,1,6.5,False,0.0,347.36
12193,2024-11-04,50,19,2,23.2,True,2755.0,1239.81
12194,2024-11-04,50,17,2,11.3,False,0.0,603.87
12195,2024-11-11,50,23,3,25.2,True,2992.5,1346.69
12196,2024-11-11,50,17,3,11.2,False,0.0,598.53
12197,2024-11-18,50,15,3,30.6,True,3633.75,1635.26
12198,2024-11-18,50,17,3,6.5,False,0.0,347.36
12199,2024-11-25,50,23,3,32.8,True,3895.0,1752.83
12200,2024-11-25,50,17,3,3.0,False,0.0,160.32
12201,2024-12-02,50,19,1,19.7,True,2339.38,1052.77
12202,2024-12-02,50,17,1,7.5,False,0.0,400.8
12203,2024-12-09,50,23,2,23.4,True,2778.75,1250.5
12204,2024-12-09,50,17,2,4.2,False,0.0,224.45
12205,2024-12-16,50,23,1,9.5,True,1128.12,507.68
12206,2024-12-16,50,19,1,6.9,True,819.38,368.74
12207,2024-12-16,50,17,1,10.6,False,0.0,566.46
12208,2024-12-23,50,15,1,19.2,True,2280.0,1026.05
12209,2024-12-23,50,23,1,7.7,True,914.38,411.49
12210,2024-12-23,50,17,1,5.3,False,0.0,283.23
12211,2024-12-30,50,23,3,26.4,True,3135.0,1410.82
12212,2024-12-30,50,17,3,4.1,False,0.0,219.1
12213,2025-01-06,50,15,1,23.8,True,2826.25,1271.87
12214,2025-01-06,50,23,1,5.0,True,593.75,267.2
12215,2025-01-06,50,17,1,6.5,False,0.0,347.36
12216,2025-01-13,50,23,3,23.7,True,2814.38,1266.53
12217,2025-01-13,50,17,3,7.0,False,0.0,374.08
12218,2025-01-20,50,15,3,12.6,True,1496.25,673.34
12219,2025-01-20,50,23,3,18.5,True,2196.88,988.64
12220,2025-01-20,50,17,3,2.9,False,0.0,154.98
12221,2025-01-27,50,23,3,28.8,True,3420.0,1539.07
12222,2025-01-27,50,17,3,5.9,False,0.0,315.3
12223,2025-02-03,50,19,2,30.6,True,3633.75,1635.26
12224,2025-02-03,50,17,2,9.7,False,0.0,518.37
12225,2025-02-10,50,15,3,16.9,True,2006.87,903.14
12226,2025-02-10,50,23,3,11.9,True,1413.12,635.94
12227,2025-02-10,50,17,3,5.6,False,0.0,299.26
12228,2025-02-17,50,23,1,26.2,True,3111.25,1400.13
12229,2025-02-17,50,17,1,9.9,False,0.0,529.06
12230,2025-02-24,50,23,3,26.0,True,3087.5,1389.44
12231,2025-02-24,50,17,3,3.1,False,0.0,165.66
12232,2025-03-03,50,23,3,7.7,True,914.38,411.49
12233,2025-03-03,50,19,3,28.2,True,3348.75,1507.01
12234,2025-03-03,50,17,3,4.7,False,0.0,251.17
12235,2025-03-10,50,15,2,23.9,True,2838.12,1277.22
12236,2025-03-10,50,17,2,14.4,False,0.0,769.54
12237,2025-03-17,50,15,2,21.4,True,2541.25,1143.62
12238,2025-03-17,50,19,2,3.6,True,427.5,192.38
12239,2025-03-17,50,17,2,8.7,False,0.0,464.93
12240,2025-03-24,50,23,1,28.4,True,3372.5,1517.7
12241,2025-03-24,50,17,1,6.5,False,0.0,347.36
12242,2025-03-31,50,23,3,29.0,True,3443.75,1549.76
12243,2025-03-31,50,17,3,9.9,False,0.0,529.06
12244,2025-04-07,50,15,1,24.5,True,2909.38,1309.28
12245,2025-04-07,50,17,1,9.9,False,0.0,529.06
12246,2025-04-14,50,23,2,1.2,True,142.5,64.13
12247,2025-04-14,50,15,2,21.3,True,2529.38,1138.27
12248,2025-04-14,50,17,2,9.3,False,0.0,496.99
12249,2025-04-21,50,23,3,7.3,True,866.88,390.11
12250,2025-04-21,50,15,3,27.7,True,3289.38,1480.29
12251,2025-04-21,50,17,3,2.1,False,0.0,112.22
12252,2025-04-28,50,19,1,2.3,True,273.12,122.91
12253,2025-04-28,50,23,1,23.7,True,2814.38,1266.53
12254,2025-04-28,50,17,1,11.9,False,0.0,635.94
12255,2025-05-05,50,15,1,28.4,True,3372.5,1517.7
12256,2025-05-05,50,17,1,12.8,False,0.0,684.03
12257,2025-05-12,50,19,1,25.7,True,3051.88,1373.41
12258,2025-05-12,50,23,1,7.1,True,843.12,379.42
12259,2025-05-12,50,17,1,4.2,False,0.0,224.45
12260,2025-05-19,50,19,3,27.9,True,3313.12,1490.98
12261,2025-05-19,50,15,3,1.2,True,142.5,64.13
12262,2025-05-19,50,17,3,11.5,False,0.0,614.56
12263,2025-05-26,50,23,1,24.3,True,2885.62,1298.59
12264,2025-05-26,50,17,1,11.8,False,0.0,630.59
12265,2025-06-02,50,15,2,5.5,True,653.12,293.92
12266,2025-06-02,50,19,2,17.9,True,2125.62,956.58
12267,2025-06-02,50,17,2,9.3,False,0.0,496.99
12268,2025-06-09,50,15,1,26.9,True,3194.38,1437.54
12269,2025-06-09,50,17,1,9.4,False,0.0,502.34
12270,2025-06-16,50,23,1,22.4,True,2660.0,1197.06
12271,2025-06-16,50,17,1,7.7,False,0.0,411.49
12272,2025-06-23,50,23,2,20.3,True,2410.62,1084.83
12273,2025-06-23,50,17,2,10.7,False,0.0,571.81
12274,2025-06-30,50,15,2,21.3,True,2529.38,1138.27
12275,2025-06-30,50,17,2,11.5,False,0.0,614.56
12276,2025-07-07,50,19,3,4.6,True,546.25,245.82
12277,2025-07-07,50,15,3,14.0,True,1662.5,748.16
12278,2025-07-07,50,17,3,0.9,False,0.0,48.1
12279,2025-07-14,50,23,3,14.2,True,1686.25,758.85
12280,2025-07-14,50,17,3,3.2,False,0.0,171.01
12281,2025-07-21,50,19,1,10.1,True,1199.38,539.74
12282,2025-07-21,50,23,1,4.3,True,510.62,229.79
12283,2025-07-21,50,17,1,6.8,False,0.0,363.39
12284,2025-07-28,50,19,3,19.1,True,2268.12,1020.7
12285,2025-07-28,50,17,3,1.9,False,0.0,101.54
12286,2025-08-04,50,23,3,25.3,True,3004.38,1352.03
12287,2025-08-04,50,17,3,8.5,False,0.0,454.24
12288,2025-08-11,50,23,2,26.0,True,3087.5,1389.44
12289,2025-08-11,50,17,2,10.2,False,0.0,545.09
12290,2025-08-18,50,23,3,5.7,True,676.88,304.61
12291,2025-08-18,50,15,3,18.3,True,2173.12,977.95
12292,2025-08-18,50,17,3,7.8,False,0.0,416.83
12293,2025-08-25,50,23,2,24.0,True,2850.0,1282.56
12294,2025-08-25,50,17,2,11.1,False,0.0,593.18
12295,2025-09-01,50,19,3,14.7,True,1745.62,785.57
12296,2025-09-01,50,15,3,22.9,True,2719.38,1223.78
12297,2025-09-01,50,17,3,2.3,False,0.0,122.91
12298,2025-09-08,50,23,1,22.2,True,2636.25,1186.37
12299,2025-09-08,50,17,1,13.2,False,0.0,705.41
12300,2025-09-15,50,19,3,11.6,True,1377.5,619.9
12301,2025-09-15,50,23,3,15.8,True,1876.25,844.35
12302,2025-09-15,50,17,3,14.0,False,0.0,748.16
12303,2025-09-22,50,19,1,18.9,True,2244.38,1010.02
12304,2025-09-22,50,23,1,11.9,True,1413.12,635.94
12305,2025-09-22,50,17,1,10.2,False,0.0,545.09
12306,2025-09-29,50,15,3,14.7,True,1745.62,785.57
12307,2025-09-29,50,19,3,12.7,True,1508.12,678.69
12308,2025-09-29,50,17,3,9.0,False,0.0,480.96
12309,2025-10-06,50,23,1,7.7,True,914.38,411.49
12310,2025-10-06,50,19,1,18.8,True,2232.5,1004.67
12311,2025-10-06,50,17,1,9.9,False,0.0,529.06
12312,2025-10-13,50,23,2,15.8,True,1876.25,844.35
12313,2025-10-13,50,19,2,14.8,True,1757.5,790.91
12314,2025-10-13,50,17,2,5.9,False,0.0,315.3
12315,2025-10-20,50,15,2,26.1,True,3099.38,1394.78
12316,2025-10-20,50,17,2,9.9,False,0.0,529.06
12317,2025-10-27,50,23,3,29.7,True,3526.88,1587.17
12318,2025-10-27,50,17,3,7.8,False,0.0,416.83
12319,2025-11-03,50,23,3,36.2,True,4298.75,1934.53
12320,2025-11-03,50,17,3,0.8,False,0.0,42.75
12321,2025-11-10,50,15,1,29.2,True,3467.5,1560.45
12322,2025-11-10,50,17,1,11.9,False,0.0,635.94
12323,2025-11-17,50,23,2,24.8,True,2945.0,1325.31
12324,2025-11-17,50,17,2,13.0,False,0.0,694.72
12325,2025-11-24,50,15,2,8.5,True,1009.38,454.24
12326,2025-11-24,50,19,2,17.4,True,2066.25,929.86
12327,2025-11-24,50,17,2,13.9,False,0.0,742.82
12328,2025-12-01,50,19,3,22.7,True,2695.62,1213.09
12329,2025-12-01,50,17,3,3.6,False,0.0,192.38
12330,2025-12-08,50,19,3,23.2,True,2755.0,1239.81
12331,2025-12-08,50,17,3,3.7,False,0.0,197.73
12332,2025-12-15,50,19,2,14.5,True,1721.88,774.88
12333,2025-12-15,50,15,2,2.7,True,320.62,144.29
12334,2025-12-15,50,17,2,11.9,False,0.0,635.94
12335,2025-12-22,50,15,1,21.8,True,2588.75,1164.99
12336,2025-12-22,50,17,1,9.2,False,0.0,491.65
12337,2025-12-29,50,19,2,18.8,True,2232.5,1004.67
12338,2025-12-29,50,23,2,0.7,True,83.12,37.41
12339,2025-12-29,50,17,2,8.1,False,0.0,432.86
12340,2024-01-01,51,3,2,10.4,True,743.6,334.67
12341,2024-01-01,51,2,2,19.6,True,1401.4,630.73
12342,2024-01-01,51,4,2,4.9,False,0.0,157.68
12343,2024-01-08,51,2,2,26.7,True,1909.05,859.21
12344,2024-01-08,51,4,2,7.1,False,0.0,228.48
12345,2024-01-15,51,2,2,23.7,True,1694.55,762.67
12346,2024-01-15,51,4,2,9.6,False,0.0,308.93
12347,2024-01-22,51,20,2,25.9,True,1851.85,833.46
12348,2024-01-22,51,4,2,6.2,False,0.0,199.52
12349,2024-01-29,51,26,2,27.5,True,1966.25,884.95
12350,2024-01-29,51,4,2,7.9,False,0.0,254.22
12351,2024-02-05,51,1,1,26.8,True,1916.2,862.42
12352,2024-02-05,51,3,1,5.5,True,393.25,176.99
12353,2024-02-05,51,4,1,6.3,False,0.0,202.73
12354,2024-02-12,51,3,1,3.4,True,243.1,109.41
12355,2024-02-12,51,2,1,25.9,True,1851.85,833.46
12356,2024-02-12,51,4,1,7.1,False,0.0,228.48
12357,2024-02-19,51,1,2,28.8,True,2059.2,926.78
12358,2024-02-19,51,4,2,10.0,False,0.0,321.8
12359,2024-02-26,51,26,2,26.0,True,1859.0,836.68
12360,2024-02-26,51,4,2,7.9,False,0.0,254.22
12361,2024-03-04,51,18,2,9.3,True,664.95,299.27
12362,2024-03-04,51,2,2,19.7,True,1408.55,633.95
12363,2024-03-04,51,4,2,8.1,False,0.0,260.66
12364,2024-03-11,51,27,2,6.9,True,493.35,222.04
12365,2024-03-11,51,2,2,22.9,True,1637.35,736.92
12366,2024-03-11,51,4,2,4.4,False,0.0,141.59
12367,2024-03-18,51,6,2,30.9,True,2209.35,994.36
12368,2024-03-18,51,3,2,3.0,True,214.5,96.54
12369,2024-03-18,51,4,2,6.4,False,0.0,205.95
12370,2024-03-25,51,3,1,23.6,True,1687.4,759.45
12371,2024-03-25,51,4,1,15.0,False,0.0,482.7
12372,2024-04-01,51,1,2,21.8,True,1558.7,701.52
12373,2024-04-01,51,20,2,9.0,True,643.5,289.62
12374,2024-04-01,51,4,2,6.9,False,0.0,222.04
12375,2024-04-08,51,3,2,30.5,True,2180.75,981.49
12376,2024-04-08,51,4,2,8.7,False,0.0,279.97
12377,2024-04-15,51,2,2,17.0,True,1215.5,547.06
12378,2024-04-15,51,20,2,5.2,True,371.8,167.34
12379,2024-04-15,51,4,2,10.6,False,0.0,341.11
12380,2024-04-22,51,18,2,30.6,True,2187.9,984.71
12381,2024-04-22,51,4,2,3.6,False,0.0,115.85
12382,2024-04-29,51,26,2,22.5,True,1608.75,724.05
12383,2024-04-29,51,4,2,10.2,False,0.0,328.24
12384,2024-05-06,51,26,1,32.0,True,2288.0,1029.76
12385,2024-05-06,51,4,1,8.0,False,0.0,257.44
12386,2024-05-13,51,6,3,6.4,True,457.6,205.95
12387,2024-05-13,51,27,3,22.2,True,1587.3,714.4
12388,2024-05-13,51,4,3,9.1,False,0.0,292.84
12389,2024-05-20,51,6,3,36.7,True,2624.05,1181.01
12390,2024-05-20,51,4,3,0.8,False,0.0,25.74
12391,2024-05-27,51,1,2,31.2,True,2230.8,1004.02
12392,2024-05-27,51,4,2,8.1,False,0.0,260.66
12393,2024-06-03,51,6,2,18.9,True,1351.35,608.2
12394,2024-06-03,51,26,2,0.5,True,35.75,16.09
12395,2024-06-03,51,4,2,13.0,False,0.0,418.34
12396,2024-06-10,51,2,2,8.1,True,579.15,260.66
12397,2024-06-10,51,27,2,17.5,True,1251.25,563.15
12398,2024-06-10,51,4,2,4.9,False,0.0,157.68
12399,2024-06-17,51,26,2,22.1,True,1580.15,711.18
12400,2024-06-17,51,4,2,9.9,False,0.0,318.58
12401,2024-06-24,51,1,2,23.8,True,1701.7,765.88
12402,2024-06-24,51,4,2,10.1,False,0.0,325.02
12403,2024-07-01,51,20,1,12.4,True,886.6,399.03
12404,2024-07-01,51,18,1,5.7,True,407.55,183.43
12405,2024-07-01,51,4,1,3.6,False,0.0,115.85
12406,2024-07-08,51,1,1,17.8,True,1272.7,572.8
12407,2024-07-08,51,4,1,3.1,False,0.0,99.76
12408,2024-07-15,51,27,1,16.4,True,1172.6,527.75
12409,2024-07-15,51,4,1,4.1,False,0.0,131.94
12410,2024-07-22,51,27,1,16.5,True,1179.75,530.97
12411,2024-07-22,51,4,1,2.2,False,0.0,70.8
12412,2024-07-29,51,27,2,12.4,True,886.6,399.03
12413,2024-07-29,51,4,2,6.5,False,0.0,209.17
12414,2024-08-05,51,27,2,16.5,True,1179.75,530.97
12415,2024-08-05,51,4,2,10.3,False,0.0,331.45
12416,2024-08-12,51,27,2,22.8,True,1630.2,733.7
12417,2024-08-12,51,4,2,9.1,False,0.0,292.84
12418,2024-08-19,51,3,2,25.1,True,1794.65,807.72
12419,2024-08-19,51,4,2,4.8,False,0.0,154.46
12420,2024-08-26,51,1,1,28.3,True,2023.45,910.69
12421,2024-08-26,51,4,1,6.0,False,0.0,193.08
12422,2024-09-02,51,1,2,33.1,True,2366.65,1065.16
12423,2024-09-02,51,4,2,3.9,False,0.0,125.5
12424,2024-09-09,51,3,2,30.0,True,2145.0,965.4
12425,2024-09-09,51,4,2,6.6,False,0.0,212.39
12426,2024-09-16,51,18,2,28.0,True,2002.0,901.04
12427,2024-09-16,51,4,2,8.4,False,0.0,270.31
12428,2024-09-23,51,18,2,7.9,True,564.85,254.22
12429,2024-09-23,51,1,2,24.4,True,1744.6,785.19
12430,2024-09-23,51,4,2,7.2,False,0.0,231.7
12431,2024-09-30,51,1,1,25.7,True,1837.55,827.03
12432,2024-09-30,51,4,1,10.9,False,0.0,350.76
12433,2024-10-07,51,20,3,31.4,True,2245.1,1010.45
12434,2024-10-07,51,4,3,7.2,False,0.0,231.7
12435,2024-10-14,51,2,2,27.6,True,1973.4,888.17
12436,2024-10-14,51,4,2,4.3,False,0.0,138.37
12437,2024-10-21,51,18,2,27.1,True,1937.65,872.08
12438,2024-10-21,51,4,2,8.6,False,0.0,276.75
12439,2024-10-28,51,18,2,27.3,True,1951.95,878.51
12440,2024-10-28,51,4,2,8.7,False,0.0,279.97
12441,2024-11-04,51,18,2,30.4,True,2173.6,978.27
12442,2024-11-04,51,4,2,7.0,False,0.0,225.26
12443,2024-11-11,51,18,2,26.6,True,1901.9,855.99
12444,2024-11-11,51,6,2,5.6,True,400.4,180.21
12445,2024-11-11,51,4,2,6.9,False,0.0,222.04
12446,2024-11-18,51,6,2,27.3,True,1951.95,878.51
12447,2024-11-18,51,4,2,9.4,False,0.0,302.49
12448,2024-11-25,51,27,2,25.7,True,1837.55,827.03
12449,2024-11-25,51,4,2,9.5,False,0.0,305.71
12450,2024-12-02,51,26,2,23.0,True,1644.5,740.14
12451,2024-12-02,51,1,2,0.7,True,50.05,22.53
12452,2024-12-02,51,4,2,5.2,False,0.0,167.34
12453,2024-12-09,51,3,2,22.0,True,1573.0,707.96
12454,2024-12-09,51,4,2,4.8,False,0.0,154.46
12455,2024-12-16,51,3,1,26.5,True,1894.75,852.77
12456,2024-12-16,51,4,1,2.9,False,0.0,93.32
12457,2024-12-23,51,3,1,10.1,True,722.15,325.02
12458,2024-12-23,51,2,1,13.4,True,958.1,431.21
12459,2024-12-23,51,4,1,4.7,False,0.0,151.25
12460,2024-12-30,51,3,1,6.8,True,486.2,218.82
12461,2024-12-30,51,2,1,17.2,True,1229.8,553.5
12462,2024-12-30,51,4,1,5.5,False,0.0,176.99
12463,2025-01-06,51,6,1,26.0,True,1859.0,836.68
12464,2025-01-06,51,4,1,7.3,False,0.0,234.91
12465,2025-01-13,51,27,1,26.4,True,1887.6,849.55
12466,2025-01-13,51,4,1,6.0,False,0.0,193.08
12467,2025-01-20,51,6,2,26.5,True,1894.75,852.77
12468,2025-01-20,51,4,2,9.0,False,0.0,289.62
12469,2025-01-27,51,27,2,30.5,True,2180.75,981.49
12470,2025-01-27,51,4,2,3.6,False,0.0,115.85
12471,2025-02-03,51,2,1,24.0,True,1716.0,772.32
12472,2025-02-03,51,4,1,10.0,False,0.0,321.8
12473,2025-02-10,51,2,2,29.8,True,2130.7,958.96
12474,2025-02-10,51,4,2,6.8,False,0.0,218.82
12475,2025-02-17,51,20,2,32.3,True,2309.45,1039.41
12476,2025-02-17,51,4,2,4.5,False,0.0,144.81
12477,2025-02-24,51,1,2,12.3,True,879.45,395.81
12478,2025-02-24,51,2,2,15.0,True,1072.5,482.7
12479,2025-02-24,51,4,2,9.0,False,0.0,289.62
12480,2025-03-03,51,18,1,25.7,True,1837.55,827.03
12481,2025-03-03,51,4,1,9.0,False,0.0,289.62
12482,2025-03-10,51,27,2,6.6,True,471.9,212.39
12483,2025-03-10,51,1,2,25.1,True,1794.65,807.72
12484,2025-03-10,51,4,2,6.8,False,0.0,218.82
12485,2025-03-17,51,27,2,27.6,True,1973.4,888.17
12486,2025-03-17,51,4,2,9.5,False,0.0,305.71
12487,2025-03-24,51,2,2,29.0,True,2073.5,933.22
12488,2025-03-24,51,4,2,9.3,False,0.0,299.27
12489,2025-03-31,51,20,2,27.9,True,1994.85,897.82
12490,2025-03-31,51,4,2,7.8,False,0.0,251.0
12491,2025-04-07,51,1,1,32.0,True,2288.0,1029.76
12492,2025-04-07,51,4,1,5.1,False,0.0,164.12
12493,2025-04-14,51,18,1,32.3,True,2309.45,1039.41
12494,2025-04-14,51,4,1,7.0,False,0.0,225.26
12495,2025-04-21,51,3,2,21.3,True,1522.95,685.43
12496,2025-04-21,51,20,2,5.3,True,378.95,170.55
12497,2025-04-21,51,4,2,10.0,False,0.0,321.8
12498,2025-04-28,51,2,2,30.3,True,2166.45,975.05
12499,2025-04-28,51,4,2,4.1,False,0.0,131.94
12500,2025-05-05,51,27,2,22.2,True,1587.3,714.4
12501,2025-05-05,51,4,2,9.8,False,0.0,315.36
12502,2025-05-12,51,18,2,26.8,True,1916.2,862.42
12503,2025-05-12,51,4,2,11.6,False,0.0,373.29
12504,2025-05-19,51,6,1,31.7,True,2266.55,1020.11
12505,2025-05-19,51,4,1,5.7,False,0.0,183.43
12506,2025-05-26,51,20,2,28.7,True,2052.05,923.57
12507,2025-05-26,51,4,2,8.5,False,0.0,273.53
12508,2025-06-02,51,20,2,14.3,True,1022.45,460.17
12509,2025-06-02,51,3,2,6.1,True,436.15,196.3
12510,2025-06-02,51,4,2,9.2,False,0.0,296.06
12511,2025-06-09,51,1,3,26.8,True,1916.2,862.42
12512,2025-06-09,51,4,3,3.3,False,0.0,106.19
12513,2025-06-16,51,26,1,23.3,True,1665.95,749.79
12514,2025-06-16,51,4,1,4.9,False,0.0,157.68
12515,2025-06-23,51,3,2,24.8,True,1773.2,798.06
12516,2025-06-23,51,4,2,8.9,False,0.0,286.4
12517,2025-06-30,51,3,2,22.5,True,1608.75,724.05
12518,2025-06-30,51,4,2,8.2,False,0.0,263.88
12519,2025-07-07,51,6,2,13.1,True,936.65,421.56
12520,2025-07-07,51,4,2,6.1,False,0.0,196.3
12521,2025-07-14,51,6,2,11.1,True,793.65,357.2
12522,2025-07-14,51,2,2,3.9,True,278.85,125.5
12523,2025-07-14,51,4,2,4.5,False,0.0,144.81
12524,2025-07-21,51,6,2,17.2,True,1229.8,553.5
12525,2025-07-21,51,4,2,4.4,False,0.0,141.59
12526,2025-07-28,51,18,2,16.7,True,1194.05,537.41
12527,2025-07-28,51,4,2,4.4,False,0.0,141.59
12528,2025-08-04,51,18,1,4.9,True,350.35,157.68
12529,2025-08-04,51,1,1,26.0,True,1859.0,836.68
12530,2025-08-04,51,4,1,4.4,False,0.0,141.59
12531,2025-08-11,51,18,2,25.5,True,1823.25,820.59
12532,2025-08-11,51,4,2,8.1,False,0.0,260.66
12533,2025-08-18,51,26,2,20.5,True,1465.75,659.69
12534,2025-08-18,51,4,2,9.5,False,0.0,305.71
12535,2025-08-25,51,18,2,24.4,True,1744.6,785.19
12536,2025-08-25,51,26,2,4.7,True,336.05,151.25
12537,2025-08-25,51,4,2,4.4,False,0.0,141.59
12538,2025-09-01,51,2,2,28.3,True,2023.45,910.69
12539,2025-09-01,51,4,2,8.2,False,0.0,263.88
12540,2025-09-08,51,2,2,16.3,True,1165.45,524.53
12541,2025-09-08,51,1,2,7.1,True,507.65,228.48
12542,2025-09-08,51,4,2,10.7,False,0.0,344.33
12543,2025-09-15,51,1,2,31.6,True,2259.4,1016.89
12544,2025-09-15,51,4,2,3.8,False,0.0,122.28
12545,2025-09-22,51,20,2,13.6,True,972.4,437.65
12546,2025-09-22,51,1,2,16.2,True,1158.3,521.32
12547,2025-09-22,51,4,2,2.9,False,0.0,93.32
12548,2025-09-29,51,18,2,26.9,True,1923.35,865.64
12549,2025-09-29,51,4,2,10.0,False,0.0,321.8
12550,2025-10-06,51,18,1,28.2,True,2016.3,907.48
12551,2025-10-06,51,4,1,7.9,False,0.0,254.22
12552,2025-10-13,51,26,1,34.1,True,2438.15,1097.34
12553,2025-10-13,51,4,1,4.1,False,0.0,131.94
12554,2025-10-20,51,27,2,21.0,True,1501.5,675.78
12555,2025-10-20,51,4,2,16.3,False,0.0,524.53
12556,2025-10-27,51,6,2,2.7,True,193.05,86.89
12557,2025-10-27,51,2,2,26.4,True,1887.6,849.55
12558,2025-10-27,51,4,2,10.0,False,0.0,321.8
12559,2025-11-03,51,18,2,35.6,True,2545.4,1145.61
12560,2025-11-03,51,4,2,3.9,False,0.0,125.5
12561,2025-11-10,51,18,2,21.1,True,1508.65,679.0
12562,2025-11-10,51,4,2,13.7,False,0.0,440.87
12563,2025-11-17,51,26,2,7.2,True,514.8,231.7
12564,2025-11-17,51,1,2,21.3,True,1522.95,685.43
12565,2025-11-17,51,4,2,7.9,False,0.0,254.22
12566,2025-11-24,51,18,2,34.9,True,2495.35,1123.08
12567,2025-11-24,51,4,2,2.8,False,0.0,90.1
12568,2025-12-01,51,3,2,10.8,True,772.2,347.54
12569,2025-12-01,51,20,2,11.3,True,807.95,363.63
12570,2025-12-01,51,4,2,6.0,False,0.0,193.08
12571,2025-12-08,51,26,2,20.1,True,1437.15,646.82
12572,2025-12-08,51,4,2,8.9,False,0.0,286.4
12573,2025-12-15,51,2,2,19.3,True,1379.95,621.07
12574,2025-12-15,51,18,2,2.5,True,178.75,80.45
12575,2025-12-15,51,4,2,7.5,False,0.0,241.35
12576,2025-12-22,51,26,2,21.3,True,1522.95,685.43
12577,2025-12-22,51,4,2,8.5,False,0.0,273.53
12578,2025-12-29,51,6,2,26.7,True,1909.05,859.21
12579,2025-12-29,51,4,2,3.3,False,0.0,106.19
12580,2024-01-01,52,23,3,31.3,True,3716.88,1672.67
12581,2024-01-01,52,17,3,4.7,False,0.0,251.17
12582,2024-01-08,52,23,1,5.5,True,653.12,293.92
12583,2024-01-08,52,15,1,18.5,True,2196.88,988.64
12584,2024-01-08,52,17,1,7.7,False,0.0,411.49
12585,2024-01-15,52,15,3,27.8,True,3301.25,1485.63
12586,2024-01-15,52,17,3,9.4,False,0.0,502.34
12587,2024-01-22,52,23,2,6.9,True,819.38,368.74
12588,2024-01-22,52,15,2,15.1,True,1793.12,806.94
12589,2024-01-22,52,17,2,10.2,False,0.0,545.09
12590,2024-01-29,52,23,1,27.2,True,3230.0,1453.57
12591,2024-01-29,52,17,1,7.8,False,0.0,416.83
12592,2024-02-05,52,23,3,31.9,True,3788.12,1704.74
12593,2024-02-05,52,17,3,5.3,False,0.0,283.23
12594,2024-02-12,52,19,2,28.6,True,3396.25,1528.38
12595,2024-02-12,52,15,2,2.6,True,308.75,138.94
12596,2024-02-12,52,17,2,8.9,False,0.0,475.62
12597,2024-02-19,52,19,2,25.8,True,3063.75,1378.75
12598,2024-02-19,52,17,2,10.8,False,0.0,577.15
12599,2024-02-26,52,23,1,3.8,True,451.25,203.07
12600,2024-02-26,52,15,1,25.3,True,3004.38,1352.03
12601,2024-02-26,52,17,1,7.4,False,0.0,395.46
12602,2024-03-04,52,15,3,25.1,True,2980.62,1341.34
12603,2024-03-04,52,17,3,10.2,False,0.0,545.09
12604,2024-03-11,52,15,1,14.5,True,1721.88,774.88
12605,2024-03-11,52,19,1,13.6,True,1615.0,726.78
12606,2024-03-11,52,17,1,5.0,False,0.0,267.2
12607,2024-03-18,52,19,3,25.9,True,3075.62,1384.1
12608,2024-03-18,52,15,3,4.0,True,475.0,213.76
12609,2024-03-18,52,17,3,6.8,False,0.0,363.39
12610,2024-03-25,52,23,2,21.2,True,2517.5,1132.93
12611,2024-03-25,52,17,2,16.4,False,0.0,876.42
12612,2024-04-01,52,15,3,7.6,True,902.5,406.14
12613,2024-04-01,52,23,3,29.4,True,3491.25,1571.14
12614,2024-04-01,52,17,3,0.8,False,0.0,42.75
12615,2024-04-08,52,23,1,26.9,True,3194.38,1437.54
12616,2024-04-08,52,17,1,6.9,False,0.0,368.74
12617,2024-04-15,52,15,1,27.6,True,3277.5,1474.94
12618,2024-04-15,52,17,1,7.9,False,0.0,422.18
12619,2024-04-22,52,23,3,31.0,True,3681.25,1656.64
12620,2024-04-22,52,17,3,6.9,False,0.0,368.74
12621,2024-04-29,52,15,3,34.4,True,4085.0,1838.34
12622,2024-04-29,52,17,3,2.1,False,0.0,112.22
12623,2024-05-06,52,23,1,25.7,True,3051.88,1373.41
12624,2024-05-06,52,17,1,13.4,False,0.0,716.1
12625,2024-05-13,52,19,3,29.4,True,3491.25,1571.14
12626,2024-05-13,52,17,3,8.8,False,0.0,470.27
12627,2024-05-20,52,19,3,30.4,True,3610.0,1624.58
12628,2024-05-20,52,17,3,9.4,False,0.0,502.34
12629,2024-05-27,52,15,2,22.9,True,2719.38,1223.78
12630,2024-05-27,52,17,2,14.8,False,0.0,790.91
12631,2024-06-03,52,23,1,23.2,True,2755.0,1239.81
12632,2024-06-03,52,17,1,7.8,False,0.0,416.83
12633,2024-06-10,52,23,2,14.4,True,1710.0,769.54
12634,2024-06-10,52,19,2,10.9,True,1294.38,582.5
12635,2024-06-10,52,17,2,7.3,False,0.0,390.11
12636,2024-06-17,52,15,2,10.5,True,1246.88,561.12
12637,2024-06-17,52,19,2,12.3,True,1460.62,657.31
12638,2024-06-17,52,17,2,10.9,False,0.0,582.5
12639,2024-06-24,52,15,2,23.2,True,2755.0,1239.81
12640,2024-06-24,52,17,2,10.7,False,0.0,571.81
12641,2024-07-01,52,15,3,1.5,True,178.12,80.16
12642,2024-07-01,52,23,3,17.2,True,2042.5,919.17
12643,2024-07-01,52,17,3,3.2,False,0.0,171.01
12644,2024-07-08,52,15,2,4.7,True,558.12,251.17
12645,2024-07-08,52,19,2,9.1,True,1080.62,486.3
12646,2024-07-08,52,17,2,6.0,False,0.0,320.64
12647,2024-07-15,52,23,3,16.5,True,1959.38,881.76
12648,2024-07-15,52,15,3,0.7,True,83.12,37.41
12649,2024-07-15,52,17,3,3.9,False,0.0,208.42
12650,2024-07-22,52,15,2,14.8,True,1757.5,790.91
12651,2024-07-22,52,17,2,5.6,False,0.0,299.26
12652,2024-07-29,52,23,1,1.9,True,225.62,101.54
12653,2024-07-29,52,15,1,9.7,True,1151.88,518.37
12654,2024-07-29,52,17,1,7.5,False,0.0,400.8
12655,2024-08-05,52,23,3,25.6,True,3040.0,1368.06
12656,2024-08-05,52,17,3,4.4,False,0.0,235.14
12657,2024-08-12,52,23,2,24.3,True,2885.62,1298.59
12658,2024-08-12,52,17,2,10.0,False,0.0,534.4
12659,2024-08-19,52,19,1,24.0,True,2850.0,1282.56
12660,2024-08-19,52,17,1,8.6,False,0.0,459.58
12661,2024-08-26,52,23,3,21.2,True,2517.5,1132.93
12662,2024-08-26,52,15,3,6.5,True,771.88,347.36
12663,2024-08-26,52,17,3,4.5,False,0.0,240.48
12664,2024-09-02,52,23,2,25.2,True,2992.5,1346.69
12665,2024-09-02,52,17,2,11.6,False,0.0,619.9
12666,2024-09-09,52,23,3,31.3,True,3716.88,1672.67
12667,2024-09-09,52,17,3,3.9,False,0.0,208.42
12668,2024-09-16,52,23,2,25.7,True,3051.88,1373.41
12669,2024-09-16,52,17,2,12.3,False,0.0,657.31
12670,2024-09-23,52,15,2,25.6,True,3040.0,1368.06
12671,2024-09-23,52,17,2,10.0,False,0.0,534.4
12672,2024-09-30,52,19,2,13.2,True,1567.5,705.41
12673,2024-09-30,52,15,2,13.8,True,1638.75,737.47
12674,2024-09-30,52,17,2,11.2,False,0.0,598.53
12675,2024-10-07,52,19,3,26.7,True,3170.62,1426.85
12676,2024-10-07,52,17,3,10.1,False,0.0,539.74
12677,2024-10-14,52,15,3,34.4,True,4085.0,1838.34
12678,2024-10-14,52,17,3,7.6,False,0.0,406.14
12679,2024-10-21,52,15,2,20.2,True,2398.75,1079.49
12680,2024-10-21,52,19,2,8.0,True,950.0,427.52
12681,2024-10-21,52,17,2,10.3,False,0.0,550.43
12682,2024-10-28,52,15,3,31.4,True,3728.75,1678.02
12683,2024-10-28,52,17,3,6.0,False,0.0,320.64
12684,2024-11-04,52,15,1,26.8,True,3182.5,1432.19
12685,2024-11-04,52,17,1,9.6,False,0.0,513.02
12686,2024-11-11,52,15,3,30.4,True,3610.0,1624.58
12687,2024-11-11,52,17,3,0.6,False,0.0,32.06
12688,2024-11-18,52,15,3,26.0,True,3087.5,1389.44
12689,2024-11-18,52,17,3,8.7,False,0.0,464.93
12690,2024-11-25,52,19,1,27.6,True,3277.5,1474.94
12691,2024-11-25,52,17,1,9.3,False,0.0,496.99
12692,2024-12-02,52,15,2,7.2,True,855.0,384.77
12693,2024-12-02,52,19,2,11.3,True,1341.88,603.87
12694,2024-12-02,52,17,2,11.4,False,0.0,609.22
12695,2024-12-09,52,23,3,5.2,True,617.5,277.89
12696,2024-12-09,52,15,3,17.4,True,2066.25,929.86
12697,2024-12-09,52,17,3,7.4,False,0.0,395.46
12698,2024-12-16,52,15,3,26.4,True,3135.0,1410.82
12699,2024-12-16,52,17,3,4.2,False,0.0,224.45
12700,2024-12-23,52,23,3,26.4,True,3135.0,1410.82
12701,2024-12-23,52,17,3,3.9,False,0.0,208.42
12702,2024-12-30,52,15,1,12.0,True,1425.0,641.28
12703,2024-12-30,52,23,1,9.1,True,1080.62,486.3
12704,2024-12-30,52,17,1,7.9,False,0.0,422.18
12705,2025-01-06,52,15,2,27.5,True,3265.62,1469.6
12706,2025-01-06,52,17,2,6.1,False,0.0,325.98
12707,2025-01-13,52,23,2,23.8,True,2826.25,1271.87
12708,2025-01-13,52,17,2,12.7,False,0.0,678.69
12709,2025-01-20,52,15,2,21.9,True,2600.62,1170.34
12710,2025-01-20,52,17,2,15.3,False,0.0,817.63
12711,2025-01-27,52,23,3,16.0,True,1900.0,855.04
12712,2025-01-27,52,19,3,10.2,True,1211.25,545.09
12713,2025-01-27,52,17,3,7.7,False,0.0,411.49
12714,2025-02-03,52,23,2,25.8,True,3063.75,1378.75
12715,2025-02-03,52,17,2,12.0,False,0.0,641.28
12716,2025-02-10,52,23,3,27.2,True,3230.0,1453.57
12717,2025-02-10,52,17,3,7.8,False,0.0,416.83
12718,2025-02-17,52,15,2,2.0,True,237.5,106.88
12719,2025-02-17,52,23,2,30.0,True,3562.5,1603.2
12720,2025-02-17,52,17,2,8.9,False,0.0,475.62
12721,2025-02-24,52,15,3,22.3,True,2648.12,1191.71
12722,2025-02-24,52,19,3,9.5,True,1128.12,507.68
12723,2025-02-24,52,17,3,4.5,False,0.0,240.48
12724,2025-03-03,52,23,3,27.7,True,3289.38,1480.29
12725,2025-03-03,52,17,3,7.6,False,0.0,406.14
12726,2025-03-10,52,23,1,28.0,True,3325.0,1496.32
12727,2025-03-10,52,17,1,9.0,False,0.0,480.96
12728,2025-03-17,52,19,3,26.2,True,3111.25,1400.13
12729,2025-03-17,52,23,3,0.5,True,59.38,26.72
12730,2025-03-17,52,17,3,6.5,False,0.0,347.36
12731,2025-03-24,52,15,2,20.8,True,2470.0,1111.55
12732,2025-03-24,52,17,2,14.1,False,0.0,753.5
12733,2025-03-31,52,23,3,25.7,True,3051.88,1373.41
12734,2025-03-31,52,17,3,11.3,False,0.0,603.87
12735,2025-04-07,52,23,2,16.0,True,1900.0,855.04
12736,2025-04-07,52,15,2,5.9,True,700.62,315.3
12737,2025-04-07,52,17,2,13.2,False,0.0,705.41
12738,2025-04-14,52,23,3,31.5,True,3740.62,1683.36
12739,2025-04-14,52,17,3,3.3,False,0.0,176.35
12740,2025-04-21,52,15,2,20.9,True,2481.88,1116.9
12741,2025-04-21,52,17,2,16.0,False,0.0,855.04
12742,2025-04-28,52,15,1,25.2,True,2992.5,1346.69
12743,2025-04-28,52,17,1,11.1,False,0.0,593.18
12744,2025-05-05,52,23,2,4.9,True,581.88,261.86
12745,2025-05-05,52,15,2,17.9,True,2125.62,956.58
12746,2025-05-05,52,17,2,14.0,False,0.0,748.16
12747,2025-05-12,52,15,2,18.3,True,2173.12,977.95
12748,2025-05-12,52,19,2,15.0,True,1781.25,801.6
12749,2025-05-12,52,17,2,5.3,False,0.0,283.23
12750,2025-05-19,52,15,2,23.2,True,2755.0,1239.81
12751,2025-05-19,52,17,2,12.9,False,0.0,689.38
12752,2025-05-26,52,15,2,26.7,True,3170.62,1426.85
12753,2025-05-26,52,17,2,10.4,False,0.0,555.78
12754,2025-06-02,52,15,2,25.4,True,3016.25,1357.38
12755,2025-06-02,52,17,2,5.1,False,0.0,272.54
12756,2025-06-09,52,15,3,29.4,True,3491.25,1571.14
12757,2025-06-09,52,17,3,3.7,False,0.0,197.73
12758,2025-06-16,52,19,1,24.0,True,2850.0,1282.56
12759,2025-06-16,52,17,1,11.3,False,0.0,603.87
12760,2025-06-23,52,23,1,11.4,True,1353.75,609.22
12761,2025-06-23,52,15,1,11.0,True,1306.25,587.84
12762,2025-06-23,52,17,1,11.0,False,0.0,587.84
12763,2025-06-30,52,23,3,22.6,True,2683.75,1207.74
12764,2025-06-30,52,17,3,7.7,False,0.0,411.49
12765,2025-07-07,52,19,3,10.6,True,1258.75,566.46
12766,2025-07-07,52,23,3,8.6,True,1021.25,459.58
12767,2025-07-14,52,23,1,14.9,True,1769.38,796.26
12768,2025-07-14,52,17,1,4.0,False,0.0,213.76
12769,2025-07-21,52,15,1,15.7,True,1864.38,839.01
12770,2025-07-21,52,17,1,4.3,False,0.0,229.79
12771,2025-07-28,52,19,2,15.0,True,1781.25,801.6
12772,2025-07-28,52,17,2,5.6,False,0.0,299.26
12773,2025-08-04,52,23,3,30.2,True,3586.25,1613.89
12774,2025-08-04,52,17,3,4.4,False,0.0,235.14
12775,2025-08-11,52,23,2,29.1,True,3455.62,1555.1
12776,2025-08-11,52,17,2,6.2,False,0.0,331.33
12777,2025-08-18,52,19,2,24.4,True,2897.5,1303.94
12778,2025-08-18,52,17,2,12.2,False,0.0,651.97
12779,2025-08-25,52,19,2,22.1,True,2624.38,1181.02
12780,2025-08-25,52,17,2,9.5,False,0.0,507.68
12781,2025-09-01,52,19,2,25.2,True,2992.5,1346.69
12782,2025-09-01,52,17,2,9.2,False,0.0,491.65
12783,2025-09-08,52,23,3,26.1,True,3099.38,1394.78
12784,2025-09-08,52,17,3,7.9,False,0.0,422.18
12785,2025-09-15,52,19,3,4.8,True,570.0,256.51
12786,2025-09-15,52,23,3,23.7,True,2814.38,1266.53
12787,2025-09-15,52,17,3,7.3,False,0.0,390.11
12788,2025-09-22,52,23,2,24.0,True,2850.0,1282.56
12789,2025-09-22,52,15,2,1.5,True,178.12,80.16
12790,2025-09-22,52,17,2,9.6,False,0.0,513.02
12791,2025-09-29,52,15,1,15.2,True,1805.0,812.29
12792,2025-09-29,52,19,1,10.4,True,1235.0,555.78
12793,2025-09-29,52,17,1,12.6,False,0.0,673.34
12794,2025-10-06,52,15,1,31.5,True,3740.62,1683.36
12795,2025-10-06,52,17,1,7.8,False,0.0,416.83
12796,2025-10-13,52,23,1,20.3,True,2410.62,1084.83
12797,2025-10-13,52,19,1,9.9,True,1175.62,529.06
12798,2025-10-13,52,17,1,6.0,False,0.0,320.64
12799,2025-10-20,52,19,2,25.4,True,3016.25,1357.38
12800,2025-10-20,52,17,2,13.4,False,0.0,716.1
12801,2025-10-27,52,15,2,11.4,True,1353.75,609.22
12802,2025-10-27,52,19,2,20.2,True,2398.75,1079.49
12803,2025-10-27,52,17,2,7.7,False,0.0,411.49
12804,2025-11-03,52,15,3,27.2,True,3230.0,1453.57
12805,2025-11-03,52,17,3,7.1,False,0.0,379.42
12806,2025-11-10,52,23,3,18.9,True,2244.38,1010.02
12807,2025-11-10,52,15,3,16.1,True,1911.88,860.38
12808,2025-11-10,52,17,3,2.2,False,0.0,117.57
12809,2025-11-17,52,15,3,26.3,True,3123.12,1405.47
12810,2025-11-17,52,17,3,10.7,False,0.0,571.81
12811,2025-11-24,52,15,3,33.7,True,4001.88,1800.93
12812,2025-11-24,52,17,3,2.7,False,0.0,144.29
12813,2025-12-01,52,15,2,13.5,True,1603.12,721.44
12814,2025-12-01,52,19,2,4.8,True,570.0,256.51
12815,2025-12-01,52,17,2,10.9,False,0.0,582.5
12816,2025-12-08,52,23,1,7.0,True,831.25,374.08
12817,2025-12-08,52,19,1,17.5,True,2078.12,935.2
12818,2025-12-08,52,17,1,5.6,False,0.0,299.26
12819,2025-12-15,52,19,3,23.8,True,2826.25,1271.87
12820,2025-12-15,52,17,3,7.5,False,0.0,400.8
12821,2025-12-22,52,15,3,9.7,True,1151.88,518.37
12822,2025-12-22,52,19,3,16.1,True,1911.88,860.38
12823,2025-12-22,52,17,3,3.1,False,0.0,165.66
12824,2025-12-29,52,19,3,25.8,True,3063.75,1378.75
12825,2025-12-29,52,17,3,2.1,False,0.0,112.22
12826,2024-01-01,53,13,2,18.9,True,2825.55,1271.59
12827,2024-01-01,53,30,2,17.6,False,0.0,1184.13
12828,2024-01-08,53,13,2,13.4,True,2003.3,901.55
12829,2024-01-08,53,30,2,14.5,False,0.0,975.56
12830,2024-01-15,53,7,1,13.7,True,2048.15,921.74
12831,2024-01-15,53,28,1,8.4,True,1255.8,565.15
12832,2024-01-15,53,30,1,10.1,False,0.0,679.53
12833,2024-01-22,53,9,1,16.6,True,2481.7,1116.85
12834,2024-01-22,53,13,1,2.0,True,299.0,134.56
12835,2024-01-22,53,30,1,13.4,False,0.0,901.55
12836,2024-01-29,53,7,1,17.8,True,2661.1,1197.58
12837,2024-01-29,53,30,1,17.0,False,0.0,1143.76
12838,2024-02-05,53,13,2,17.0,True,2541.5,1143.76
12839,2024-02-05,53,9,2,0.6,True,89.7,40.37
12840,2024-02-05,53,30,2,18.6,False,0.0,1251.41
12841,2024-02-12,53,7,2,17.9,True,2676.05,1204.31
12842,2024-02-12,53,30,2,19.9,False,0.0,1338.87
12843,2024-02-19,53,7,1,9.3,True,1390.35,625.7
12844,2024-02-19,53,28,1,11.5,True,1719.25,773.72
12845,2024-02-19,53,30,1,16.6,False,0.0,1116.85
12846,2024-02-26,53,7,1,3.4,True,508.3,228.75
12847,2024-02-26,53,9,1,13.2,True,1973.4,888.1
12848,2024-02-26,53,30,1,17.0,False,0.0,1143.76
12849,2024-03-04,53,13,2,0.9,True,134.55,60.55
12850,2024-03-04,53,9,2,19.7,True,2945.15,1325.42
12851,2024-03-04,53,30,2,17.2,False,0.0,1157.22
12852,2024-03-11,53,13,1,19.6,True,2930.2,1318.69
12853,2024-03-11,53,9,1,1.8,True,269.1,121.1
12854,2024-03-11,53,30,1,16.9,False,0.0,1137.03
12855,2024-03-18,53,28,3,18.6,True,2780.7,1251.41
12856,2024-03-18,53,30,3,13.2,False,0.0,888.1
12857,2024-03-25,53,28,1,21.0,True,3139.5,1412.88
12858,2024-03-25,53,30,1,18.9,False,0.0,1271.59
12859,2024-04-01,53,28,1,11.9,True,1779.05,800.63
12860,2024-04-01,53,9,1,7.1,True,1061.45,477.69
12861,2024-04-01,53,30,1,17.2,False,0.0,1157.22
12862,2024-04-08,53,9,1,6.2,True,926.9,417.14
12863,2024-04-08,53,13,1,13.4,True,2003.3,901.55
12864,2024-04-08,53,30,1,14.8,False,0.0,995.74
12865,2024-04-15,53,9,1,20.2,True,3019.9,1359.06
12866,2024-04-15,53,30,1,18.4,False,0.0,1237.95
12867,2024-04-22,53,9,2,17.2,True,2571.4,1157.22
12868,2024-04-22,53,30,2,18.2,False,0.0,1224.5
12869,2024-04-29,53,7,1,17.7,True,2646.15,1190.86
12870,2024-04-29,53,30,1,13.6,False,0.0,915.01
12871,2024-05-06,53,9,1,19.3,True,2885.35,1298.5
12872,2024-05-06,53,30,1,16.0,False,0.0,1076.48
12873,2024-05-13,53,13,2,1.9,True,284.05,127.83
12874,2024-05-13,53,28,2,12.8,True,1913.6,861.18
12875,2024-05-13,53,30,2,16.9,False,0.0,1137.03
12876,2024-05-20,53,13,3,20.2,True,3019.9,1359.06
12877,2024-05-20,53,30,3,15.8,False,0.0,1063.02
12878,2024-05-27,53,9,1,20.4,True,3049.8,1372.51
12879,2024-05-27,53,30,1,18.4,False,0.0,1237.95
12880,2024-06-03,53,7,2,0.8,True,119.6,53.82
12881,2024-06-03,53,28,2,17.0,True,2541.5,1143.76
12882,2024-06-03,53,30,2,15.2,False,0.0,1022.66
12883,2024-06-10,53,13,2,4.6,True,687.7,309.49
12884,2024-06-10,53,7,2,12.2,True,1823.9,820.82
12885,2024-06-10,53,30,2,11.0,False,0.0,740.08
12886,2024-06-17,53,9,1,0.6,True,89.7,40.37
12887,2024-06-17,53,7,1,16.8,True,2511.6,1130.3
12888,2024-06-17,53,30,1,13.1,False,0.0,881.37
12889,2024-06-24,53,28,2,16.3,True,2436.85,1096.66
12890,2024-06-24,53,30,2,16.2,False,0.0,1089.94
12891,2024-07-01,53,28,1,10.5,True,1569.75,706.44
12892,2024-07-01,53,30,1,7.9,False,0.0,531.51
12893,2024-07-08,53,28,2,4.0,True,598.0,269.12
12894,2024-07-08,53,9,2,6.3,True,941.85,423.86
12895,2024-07-08,53,30,2,10.2,False,0.0,686.26
12896,2024-07-15,53,28,1,9.7,True,1450.15,652.62
12897,2024-07-15,53,30,1,9.6,False,0.0,645.89
12898,2024-07-22,53,13,1,11.4,True,1704.3,766.99
12899,2024-07-22,53,30,1,7.8,False,0.0,524.78
12900,2024-07-29,53,13,1,11.4,True,1704.3,766.99
12901,2024-07-29,53,30,1,9.6,False,0.0,645.89
12902,2024-08-05,53,7,3,4.5,True,672.75,302.76
12903,2024-08-05,53,28,3,10.8,True,1614.6,726.62
12904,2024-08-05,53,30,3,15.4,False,0.0,1036.11
12905,2024-08-12,53,28,2,14.2,True,2122.9,955.38
12906,2024-08-12,53,30,2,16.9,False,0.0,1137.03
12907,2024-08-19,53,9,2,20.2,True,3019.9,1359.06
12908,2024-08-19,53,30,2,14.5,False,0.0,975.56
12909,2024-08-26,53,9,1,21.3,True,3184.35,1433.06
12910,2024-08-26,53,30,1,13.5,False,0.0,908.28
12911,2024-09-02,53,28,1,9.8,True,1465.1,659.34
12912,2024-09-02,53,7,1,11.5,True,1719.25,773.72
12913,2024-09-02,53,30,1,16.5,False,0.0,1110.12
12914,2024-09-09,53,28,1,14.3,True,2137.85,962.1
12915,2024-09-09,53,7,1,1.2,True,179.4,80.74
12916,2024-09-09,53,30,1,20.3,False,0.0,1365.78
12917,2024-09-16,53,7,1,7.2,True,1076.4,484.42
12918,2024-09-16,53,13,1,14.3,True,2137.85,962.1
12919,2024-09-16,53,30,1,17.3,False,0.0,1163.94
12920,2024-09-23,53,9,2,16.7,True,2496.65,1123.58
12921,2024-09-23,53,30,2,19.1,False,0.0,1285.05
12922,2024-09-30,53,28,2,18.7,True,2795.65,1258.14
12923,2024-09-30,53,30,2,17.8,False,0.0,1197.58
12924,2024-10-07,53,28,2,17.3,True,2586.35,1163.94
12925,2024-10-07,53,30,2,21.5,False,0.0,1446.52
12926,2024-10-14,53,9,1,0.6,True,89.7,40.37
12927,2024-10-14,53,13,1,18.8,True,2810.6,1264.86
12928,2024-10-14,53,30,1,17.2,False,0.0,1157.22
12929,2024-10-21,53,9,1,8.5,True,1270.75,571.88
12930,2024-10-21,53,13,1,15.1,True,2257.45,1015.93
12931,2024-10-21,53,30,1,14.6,False,0.0,982.29
12932,2024-10-28,53,9,2,18.0,True,2691.0,1211.04
12933,2024-10-28,53,30,2,19.5,False,0.0,1311.96
12934,2024-11-04,53,7,3,23.5,True,3513.25,1581.08
12935,2024-11-04,53,30,3,13.1,False,0.0,881.37
12936,2024-11-11,53,9,1,19.6,True,2930.2,1318.69
12937,2024-11-11,53,30,1,19.0,False,0.0,1278.32
12938,2024-11-18,53,7,2,21.0,True,3139.5,1412.88
12939,2024-11-18,53,30,2,18.0,False,0.0,1211.04
12940,2024-11-25,53,9,1,19.0,True,2840.5,1278.32
12941,2024-11-25,53,30,1,15.0,False,0.0,1009.2
12942,2024-12-02,53,9,1,2.8,True,418.6,188.38
12943,2024-12-02,53,28,1,10.1,True,1509.95,679.53
12944,2024-12-02,53,30,1,14.3,False,0.0,962.1
12945,2024-12-09,53,9,1,7.0,True,1046.5,470.96
12946,2024-12-09,53,28,1,4.4,True,657.8,296.03
12947,2024-12-09,53,30,1,14.7,False,0.0,989.02
12948,2024-12-16,53,7,2,14.4,True,2152.8,968.83
12949,2024-12-16,53,30,2,14.1,False,0.0,948.65
12950,2024-12-23,53,28,1,5.5,True,822.25,370.04
12951,2024-12-23,53,13,1,10.8,True,1614.6,726.62
12952,2024-12-23,53,30,1,10.4,False,0.0,699.71
12953,2024-12-30,53,13,1,14.7,True,2197.65,989.02
12954,2024-12-30,53,30,1,14.2,False,0.0,955.38
12955,2025-01-06,53,28,1,23.3,True,3483.35,1567.62
12956,2025-01-06,53,30,1,11.6,False,0.0,780.45
12957,2025-01-13,53,13,2,13.7,True,2048.15,921.74
12958,2025-01-13,53,9,2,3.5,True,523.25,235.48
12959,2025-01-13,53,30,2,16.1,False,0.0,1083.21
12960,2025-01-20,53,7,1,18.8,True,2810.6,1264.86
12961,2025-01-20,53,13,1,1.0,True,149.5,67.28
12962,2025-01-20,53,30,1,13.0,False,0.0,874.64
12963,2025-01-27,53,13,2,21.5,True,3214.25,1446.52
12964,2025-01-27,53,30,2,16.3,False,0.0,1096.66
12965,2025-02-03,53,9,1,16.3,True,2436.85,1096.66
12966,2025-02-03,53,30,1,19.9,False,0.0,1338.87
12967,2025-02-10,53,9,1,18.2,True,2720.9,1224.5
12968,2025-02-10,53,28,1,2.3,True,343.85,154.74
12969,2025-02-10,53,30,1,15.0,False,0.0,1009.2
12970,2025-02-17,53,7,2,14.2,True,2122.9,955.38
12971,2025-02-17,53,13,2,1.5,True,224.25,100.92
12972,2025-02-17,53,30,2,20.2,False,0.0,1359.06
12973,2025-02-24,53,7,1,5.5,True,822.25,370.04
12974,2025-02-24,53,13,1,12.0,True,1794.0,807.36
12975,2025-02-24,53,30,1,18.4,False,0.0,1237.95
12976,2025-03-03,53,9,2,14.7,True,2197.65,989.02
12977,2025-03-03,53,28,2,4.2,True,627.9,282.58
12978,2025-03-03,53,30,2,20.2,False,0.0,1359.06
12979,2025-03-10,53,28,1,18.8,True,2810.6,1264.86
12980,2025-03-10,53,30,1,13.0,False,0.0,874.64
12981,2025-03-17,53,9,3,23.4,True,3498.3,1574.35
12982,2025-03-17,53,30,3,15.2,False,0.0,1022.66
12983,2025-03-24,53,28,2,19.2,True,2870.4,1291.78
12984,2025-03-24,53,30,2,18.2,False,0.0,1224.5
12985,2025-03-31,53,28,2,17.7,True,2646.15,1190.86
12986,2025-03-31,53,30,2,19.6,False,0.0,1318.69
12987,2025-04-07,53,7,1,21.2,True,3169.4,1426.34
12988,2025-04-07,53,30,1,18.8,False,0.0,1264.86
12989,2025-04-14,53,7,2,14.3,True,2137.85,962.1
12990,2025-04-14,53,30,2,19.9,False,0.0,1338.87
12991,2025-04-21,53,13,1,16.4,True,2451.8,1103.39
12992,2025-04-21,53,30,1,17.1,False,0.0,1150.49
12993,2025-04-28,53,9,2,14.2,True,2122.9,955.38
12994,2025-04-28,53,30,2,19.4,False,0.0,1305.23
12995,2025-05-05,53,9,2,16.7,True,2496.65,1123.58
12996,2025-05-05,53,30,2,15.7,False,0.0,1056.3
12997,2025-05-12,53,9,2,15.8,True,2362.1,1063.02
12998,2025-05-12,53,30,2,19.6,False,0.0,1318.69
12999,2025-05-19,53,9,2,13.9,True,2078.05,935.19
13000,2025-05-19,53,30,2,20.5,False,0.0,1379.24
13001,2025-05-26,53,9,2,17.8,True,2661.1,1197.58
13002,2025-05-26,53,30,2,18.5,False,0.0,1244.68
13003,2025-06-02,53,28,1,14.4,True,2152.8,968.83
13004,2025-06-02,53,30,1,15.6,False,0.0,1049.57
13005,2025-06-09,53,7,2,15.0,True,2242.5,1009.2
13006,2025-06-09,53,30,2,15.2,False,0.0,1022.66
13007,2025-06-16,53,9,2,16.9,True,2526.55,1137.03
13008,2025-06-16,53,30,2,15.9,False,0.0,1069.75
13009,2025-06-23,53,7,2,15.1,True,2257.45,1015.93
13010,2025-06-23,53,30,2,15.8,False,0.0,1063.02
13011,2025-06-30,53,13,2,7.0,True,1046.5,470.96
13012,2025-06-30,53,7,2,9.3,True,1390.35,625.7
13013,2025-06-30,53,30,2,17.6,False,0.0,1184.13
13014,2025-07-07,53,13,2,10.0,True,1495.0,672.8
13015,2025-07-07,53,30,2,10.1,False,0.0,679.53
13016,2025-07-14,53,9,1,4.7,True,702.65,316.22
13017,2025-07-14,53,7,1,3.4,True,508.3,228.75
13018,2025-07-14,53,30,1,10.4,False,0.0,699.71
13019,2025-07-21,53,7,2,3.0,True,448.5,201.84
13020,2025-07-21,53,9,2,6.4,True,956.8,430.59
13021,2025-07-21,53,30,2,10.0,False,0.0,672.8
13022,2025-07-28,53,13,2,8.5,True,1270.75,571.88
13023,2025-07-28,53,30,2,11.8,False,0.0,793.9
13024,2025-08-04,53,28,1,17.6,True,2631.2,1184.13
13025,2025-08-04,53,30,1,18.3,False,0.0,1231.22
13026,2025-08-11,53,13,1,14.0,True,2093.0,941.92
13027,2025-08-11,53,30,1,16.6,False,0.0,1116.85
13028,2025-08-18,53,28,2,14.1,True,2107.95,948.65
13029,2025-08-18,53,30,2,17.5,False,0.0,1177.4
13030,2025-08-25,53,7,2,11.5,True,1719.25,773.72
13031,2025-08-25,53,30,2,21.1,False,0.0,1419.61
13032,2025-09-01,53,13,1,14.5,True,2167.75,975.56
13033,2025-09-01,53,7,1,2.7,True,403.65,181.66
13034,2025-09-01,53,30,1,18.0,False,0.0,1211.04
13035,2025-09-08,53,7,2,15.8,True,2362.1,1063.02
13036,2025-09-08,53,30,2,23.8,False,0.0,1601.26
13037,2025-09-15,53,28,2,11.2,True,1674.4,753.54
13038,2025-09-15,53,13,2,2.1,True,313.95,141.29
13039,2025-09-15,53,30,2,19.4,False,0.0,1305.23
13040,2025-09-22,53,28,2,15.8,True,2362.1,1063.02
13041,2025-09-22,53,30,2,19.1,False,0.0,1285.05
13042,2025-09-29,53,7,1,11.8,True,1764.1,793.9
13043,2025-09-29,53,28,1,2.4,True,358.8,161.47
13044,2025-09-29,53,30,1,19.7,False,0.0,1325.42
13045,2025-10-06,53,9,1,9.8,True,1465.1,659.34
13046,2025-10-06,53,28,1,6.3,True,941.85,423.86
13047,2025-10-06,53,30,1,19.7,False,0.0,1325.42
13048,2025-10-13,53,13,2,2.0,True,299.0,134.56
13049,2025-10-13,53,9,2,12.4,True,1853.8,834.27
13050,2025-10-13,53,30,2,20.6,False,0.0,1385.97
13051,2025-10-20,53,28,2,11.9,True,1779.05,800.63
13052,2025-10-20,53,7,2,4.2,True,627.9,282.58
13053,2025-10-20,53,30,2,24.3,False,0.0,1634.9
13054,2025-10-27,53,28,1,5.4,True,807.3,363.31
13055,2025-10-27,53,7,1,10.7,True,1599.65,719.9
13056,2025-10-27,53,30,1,20.8,False,0.0,1399.42
13057,2025-11-03,53,9,2,11.5,True,1719.25,773.72
13058,2025-11-03,53,28,2,4.2,True,627.9,282.58
13059,2025-11-03,53,30,2,19.7,False,0.0,1325.42
13060,2025-11-10,53,9,2,14.3,True,2137.85,962.1
13061,2025-11-10,53,30,2,25.6,False,0.0,1722.37
13062,2025-11-17,53,7,2,15.8,True,2362.1,1063.02
13063,2025-11-17,53,30,2,22.3,False,0.0,1500.34
13064,2025-11-24,53,9,1,15.9,True,2377.05,1069.75
13065,2025-11-24,53,30,1,20.4,False,0.0,1372.51
13066,2025-12-01,53,9,2,11.9,True,1779.05,800.63
13067,2025-12-01,53,30,2,17.5,False,0.0,1177.4
13068,2025-12-08,53,9,2,12.7,True,1898.65,854.46
13069,2025-12-08,53,30,2,17.9,False,0.0,1204.31
13070,2025-12-15,53,9,1,9.9,True,1480.05,666.07
13071,2025-12-15,53,30,1,20.1,False,0.0,1352.33
13072,2025-12-22,53,7,2,12.8,True,1913.6,861.18
13073,2025-12-22,53,30,2,17.6,False,0.0,1184.13
13074,2025-12-29,53,9,2,12.1,True,1808.95,814.09
13075,2025-12-29,53,30,2,15.2,False,0.0,1022.66
13076,2024-01-01,54,13,3,20.8,True,3109.6,1399.42
13077,2024-01-01,54,30,3,12.9,False,0.0,867.91
13078,2024-01-08,54,9,2,8.0,True,1196.0,538.24
13079,2024-01-08,54,13,2,9.6,True,1435.2,645.89
13080,2024-01-08,54,30,2,18.2,False,0.0,1224.5
13081,2024-01-15,54,9,2,18.3,True,2735.85,1231.22
13082,2024-01-15,54,30,2,14.2,False,0.0,955.38
13083,2024-01-22,54,28,2,13.8,True,2063.1,928.46
13084,2024-01-22,54,7,2,2.8,True,418.6,188.38
13085,2024-01-22,54,30,2,14.3,False,0.0,962.1
13086,2024-01-29,54,7,1,16.1,True,2406.95,1083.21
13087,2024-01-29,54,30,1,16.0,False,0.0,1076.48
13088,2024-02-05,54,28,1,19.6,True,2930.2,1318.69
13089,2024-02-05,54,30,1,15.4,False,0.0,1036.11
13090,2024-02-12,54,13,2,7.5,True,1121.25,504.6
13091,2024-02-12,54,28,2,11.5,True,1719.25,773.72
13092,2024-02-12,54,30,2,17.3,False,0.0,1163.94
13093,2024-02-19,54,13,2,16.5,True,2466.75,1110.12
13094,2024-02-19,54,30,2,18.0,False,0.0,1211.04
13095,2024-02-26,54,7,1,20.5,True,3064.75,1379.24
13096,2024-02-26,54,30,1,14.8,False,0.0,995.74
13097,2024-03-04,54,28,2,9.2,True,1375.4,618.98
13098,2024-03-04,54,7,2,13.6,True,2033.2,915.01
13099,2024-03-04,54,30,2,15.4,False,0.0,1036.11
13100,2024-03-11,54,28,1,10.0,True,1495.0,672.8
13101,2024-03-11,54,13,1,9.2,True,1375.4,618.98
13102,2024-03-11,54,30,1,16.1,False,0.0,1083.21
13103,2024-03-18,54,7,2,21.4,True,3199.3,1439.79
13104,2024-03-18,54,30,2,15.8,False,0.0,1063.02
13105,2024-03-25,54,28,1,19.8,True,2960.1,1332.14
13106,2024-03-25,54,30,1,12.8,False,0.0,861.18
13107,2024-04-01,54,9,2,20.2,True,3019.9,1359.06
13108,2024-04-01,54,30,2,15.2,False,0.0,1022.66
13109,2024-04-08,54,13,1,20.6,True,3079.7,1385.97
13110,2024-04-08,54,30,1,17.8,False,0.0,1197.58
13111,2024-04-15,54,13,2,17.8,True,2661.1,1197.58
13112,2024-04-15,54,30,2,17.1,False,0.0,1150.49
13113,2024-04-22,54,7,2,16.3,True,2436.85,1096.66
13114,2024-04-22,54,30,2,17.5,False,0.0,1177.4
13115,2024-04-29,54,9,2,9.3,True,1390.35,625.7
13116,2024-04-29,54,28,2,8.6,True,1285.7,578.61
13117,2024-04-29,54,30,2,16.9,False,0.0,1137.03
13118,2024-05-06,54,9,2,17.2,True,2571.4,1157.22
13119,2024-05-06,54,30,2,17.1,False,0.0,1150.49
13120,2024-05-13,54,13,2,21.7,True,3244.15,1459.98
13121,2024-05-13,54,30,2,13.7,False,0.0,921.74
13122,2024-05-20,54,13,2,10.1,True,1509.95,679.53
13123,2024-05-20,54,9,2,9.5,True,1420.25,639.16
13124,2024-05-20,54,30,2,16.1,False,0.0,1083.21
13125,2024-05-27,54,7,1,19.2,True,2870.4,1291.78
13126,2024-05-27,54,30,1,17.6,False,0.0,1184.13
13127,2024-06-03,54,7,2,2.1,True,313.95,141.29
13128,2024-06-03,54,28,2,12.4,True,1853.8,834.27
13129,2024-06-03,54,30,2,17.0,False,0.0,1143.76
13130,2024-06-10,54,7,2,17.1,True,2556.45,1150.49
13131,2024-06-10,54,30,2,16.3,False,0.0,1096.66
13132,2024-06-17,54,9,2,16.9,True,2526.55,1137.03
13133,2024-06-17,54,30,2,12.7,False,0.0,854.46
13134,2024-06-24,54,7,2,19.9,True,2975.05,1338.87
13135,2024-06-24,54,30,2,13.9,False,0.0,935.19
13136,2024-07-01,54,9,1,10.6,True,1584.7,713.17
13137,2024-07-01,54,30,1,9.0,False,0.0,605.52
13138,2024-07-08,54,7,1,10.3,True,1539.85,692.98
13139,2024-07-08,54,30,1,8.4,False,0.0,565.15
13140,2024-07-15,54,9,1,9.0,True,1345.5,605.52
13141,2024-07-15,54,30,1,8.2,False,0.0,551.7
13142,2024-07-22,54,13,2,10.2,True,1524.9,686.26
13143,2024-07-22,54,30,2,7.5,False,0.0,504.6
13144,2024-07-29,54,7,2,8.9,True,1330.55,598.79
13145,2024-07-29,54,30,2,11.4,False,0.0,766.99
13146,2024-08-05,54,7,2,16.2,True,2421.9,1089.94
13147,2024-08-05,54,30,2,14.0,False,0.0,941.92
13148,2024-08-12,54,13,1,18.5,True,2765.75,1244.68
13149,2024-08-12,54,30,1,16.0,False,0.0,1076.48
13150,2024-08-19,54,7,1,18.8,True,2810.6,1264.86
13151,2024-08-19,54,30,1,11.4,False,0.0,766.99
13152,2024-08-26,54,7,2,15.5,True,2317.25,1042.84
13153,2024-08-26,54,30,2,15.5,False,0.0,1042.84
13154,2024-09-02,54,9,1,19.2,True,2870.4,1291.78
13155,2024-09-02,54,30,1,16.9,False,0.0,1137.03
13156,2024-09-09,54,7,2,1.0,True,149.5,67.28
13157,2024-09-09,54,13,2,16.8,True,2511.6,1130.3
13158,2024-09-09,54,30,2,18.1,False,0.0,1217.77
13159,2024-09-16,54,28,2,16.8,True,2511.6,1130.3
13160,2024-09-16,54,30,2,17.2,False,0.0,1157.22
13161,2024-09-23,54,28,2,18.8,True,2810.6,1264.86
13162,2024-09-23,54,30,2,13.9,False,0.0,935.19
13163,2024-09-30,54,13,1,12.0,True,1794.0,807.36
13164,2024-09-30,54,28,1,5.7,True,852.15,383.5
13165,2024-09-30,54,30,1,15.6,False,0.0,1049.57
13166,2024-10-07,54,9,1,3.6,True,538.2,242.21
13167,2024-10-07,54,7,1,19.2,True,2870.4,1291.78
13168,2024-10-07,54,30,1,18.0,False,0.0,1211.04
13169,2024-10-14,54,7,1,13.9,True,2078.05,935.19
13170,2024-10-14,54,30,1,18.3,False,0.0,1231.22
13171,2024-10-21,54,13,2,15.2,True,2272.4,1022.66
13172,2024-10-21,54,30,2,18.5,False,0.0,1244.68
13173,2024-10-28,54,7,1,21.3,True,3184.35,1433.06
13174,2024-10-28,54,30,1,12.8,False,0.0,861.18
13175,2024-11-04,54,9,1,22.6,True,3378.7,1520.53
13176,2024-11-04,54,30,1,13.8,False,0.0,928.46
13177,2024-11-11,54,7,2,11.1,True,1659.45,746.81
13178,2024-11-11,54,13,2,7.2,True,1076.4,484.42
13179,2024-11-11,54,30,2,20.3,False,0.0,1365.78
13180,2024-11-18,54,7,1,18.1,True,2705.95,1217.77
13181,2024-11-18,54,30,1,13.9,False,0.0,935.19
13182,2024-11-25,54,28,1,19.7,True,2945.15,1325.42
13183,2024-11-25,54,30,1,15.3,False,0.0,1029.38
13184,2024-12-02,54,13,2,15.5,True,2317.25,1042.84
13185,2024-12-02,54,30,2,13.2,False,0.0,888.1
13186,2024-12-09,54,9,1,13.4,True,2003.3,901.55
13187,2024-12-09,54,30,1,15.7,False,0.0,1056.3
13188,2024-12-16,54,7,1,15.4,True,2302.3,1036.11
13189,2024-12-16,54,30,1,13.1,False,0.0,881.37
13190,2024-12-23,54,7,1,16.2,True,2421.9,1089.94
13191,2024-12-23,54,30,1,11.9,False,0.0,800.63
13192,2024-12-30,54,28,2,14.3,True,2137.85,962.1
13193,2024-12-30,54,30,2,15.6,False,0.0,1049.57
13194,2025-01-06,54,9,1,1.5,True,224.25,100.92
13195,2025-01-06,54,28,1,15.4,True,2302.3,1036.11
13196,2025-01-06,54,30,1,16.1,False,0.0,1083.21
13197,2025-01-13,54,7,2,18.2,True,2720.9,1224.5
13198,2025-01-13,54,30,2,19.4,False,0.0,1305.23
13199,2025-01-20,54,28,1,14.8,True,2212.6,995.74
13200,2025-01-20,54,30,1,16.6,False,0.0,1116.85
13201,2025-01-27,54,9,1,4.9,True,732.55,329.67
13202,2025-01-27,54,13,1,11.6,True,1734.2,780.45
13203,2025-01-27,54,30,1,18.1,False,0.0,1217.77
13204,2025-02-03,54,28,1,18.4,True,2750.8,1237.95
13205,2025-02-03,54,30,1,16.8,False,0.0,1130.3
13206,2025-02-10,54,9,2,17.6,True,2631.2,1184.13
13207,2025-02-10,54,30,2,21.5,False,0.0,1446.52
13208,2025-02-17,54,28,2,20.1,True,3004.95,1352.33
13209,2025-02-17,54,30,2,10.9,False,0.0,733.35
13210,2025-02-24,54,9,1,19.3,True,2885.35,1298.5
13211,2025-02-24,54,30,1,15.7,False,0.0,1056.3
13212,2025-03-03,54,28,1,18.8,True,2810.6,1264.86
13213,2025-03-03,54,30,1,20.2,False,0.0,1359.06
13214,2025-03-10,54,13,2,18.2,True,2720.9,1224.5
13215,2025-03-10,54,30,2,21.7,False,0.0,1459.98
13216,2025-03-17,54,7,1,15.3,True,2287.35,1029.38
13217,2025-03-17,54,30,1,19.9,False,0.0,1338.87
13218,2025-03-24,54,13,2,14.2,True,2122.9,955.38
13219,2025-03-24,54,9,2,3.4,True,508.3,228.75
13220,2025-03-24,54,30,2,18.2,False,0.0,1224.5
13221,2025-03-31,54,9,2,14.9,True,2227.55,1002.47
13222,2025-03-31,54,30,2,19.6,False,0.0,1318.69
13223,2025-04-07,54,9,1,18.1,True,2705.95,1217.77
13224,2025-04-07,54,30,1,17.1,False,0.0,1150.49
13225,2025-04-14,54,9,1,13.7,True,2048.15,921.74
13226,2025-04-14,54,7,1,2.7,True,403.65,181.66
13227,2025-04-14,54,30,1,19.6,False,0.0,1318.69
13228,2025-04-21,54,7,2,19.9,True,2975.05,1338.87
13229,2025-04-21,54,30,2,18.5,False,0.0,1244.68
13230,2025-04-28,54,13,1,4.2,True,627.9,282.58
13231,2025-04-28,54,9,1,11.7,True,1749.15,787.18
13232,2025-04-28,54,30,1,19.2,False,0.0,1291.78
13233,2025-05-05,54,13,2,16.0,True,2392.0,1076.48
13234,2025-05-05,54,9,2,0.7,True,104.65,47.1
13235,2025-05-05,54,30,2,18.5,False,0.0,1244.68
13236,2025-05-12,54,7,2,14.9,True,2227.55,1002.47
13237,2025-05-12,54,30,2,20.7,False,0.0,1392.7
13238,2025-05-19,54,7,1,16.6,True,2481.7,1116.85
13239,2025-05-19,54,13,1,1.7,True,254.15,114.38
13240,2025-05-19,54,30,1,17.7,False,0.0,1190.86
13241,2025-05-26,54,13,2,11.5,True,1719.25,773.72
13242,2025-05-26,54,28,2,5.3,True,792.35,356.58
13243,2025-05-26,54,30,2,17.0,False,0.0,1143.76
13244,2025-06-02,54,13,2,11.3,True,1689.35,760.26
13245,2025-06-02,54,9,2,1.1,True,164.45,74.01
13246,2025-06-02,54,30,2,18.3,False,0.0,1231.22
13247,2025-06-09,54,7,2,2.0,True,299.0,134.56
13248,2025-06-09,54,28,2,7.9,True,1181.05,531.51
13249,2025-06-09,54,30,2,14.1,False,0.0,948.65
13250,2025-06-16,54,28,1,15.0,True,2242.5,1009.2
13251,2025-06-16,54,30,1,15.2,False,0.0,1022.66
13252,2025-06-23,54,13,2,13.1,True,1958.45,881.37
13253,2025-06-23,54,30,2,21.5,False,0.0,1446.52
13254,2025-06-30,54,28,1,15.0,True,2242.5,1009.2
13255,2025-06-30,54,30,1,15.2,False,0.0,1022.66
13256,2025-07-07,54,9,2,8.0,True,1196.0,538.24
13257,2025-07-07,54,30,2,11.2,False,0.0,753.54
13258,2025-07-14,54,9,2,9.9,True,1480.05,666.07
13259,2025-07-14,54,30,2,10.7,False,0.0,719.9
13260,2025-07-21,54,28,2,7.9,True,1181.05,531.51
13261,2025-07-21,54,30,2,12.4,False,0.0,834.27
13262,2025-07-28,54,7,1,8.5,True,1270.75,571.88
13263,2025-07-28,54,30,1,8.9,False,0.0,598.79
13264,2025-08-04,54,13,2,12.7,True,1898.65,854.46
13265,2025-08-04,54,30,2,18.3,False,0.0,1231.22
13266,2025-08-11,54,9,2,9.0,True,1345.5,605.52
13267,2025-08-11,54,28,2,8.9,True,1330.55,598.79
13268,2025-08-11,54,30,2,15.9,False,0.0,1069.75
13269,2025-08-18,54,13,2,14.6,True,2182.7,982.29
13270,2025-08-18,54,7,2,2.0,True,299.0,134.56
13271,2025-08-18,54,30,2,21.1,False,0.0,1419.61
13272,2025-08-25,54,13,1,16.1,True,2406.95,1083.21
13273,2025-08-25,54,30,1,15.9,False,0.0,1069.75
13274,2025-09-01,54,9,1,15.3,True,2287.35,1029.38
13275,2025-09-01,54,30,1,20.8,False,0.0,1399.42
13276,2025-09-08,54,9,1,4.4,True,657.8,296.03
13277,2025-09-08,54,28,1,11.2,True,1674.4,753.54
13278,2025-09-08,54,30,1,15.6,False,0.0,1049.57
13279,2025-09-15,54,7,1,19.6,True,2930.2,1318.69
13280,2025-09-15,54,30,1,18.5,False,0.0,1244.68
13281,2025-09-22,54,13,2,15.5,True,2317.25,1042.84
13282,2025-09-22,54,28,2,1.3,True,194.35,87.46
13283,2025-09-22,54,30,2,19.7,False,0.0,1325.42
13284,2025-09-29,54,13,1,8.8,True,1315.6,592.06
13285,2025-09-29,54,28,1,6.0,True,897.0,403.68
13286,2025-09-29,54,30,1,18.3,False,0.0,1231.22
13287,2025-10-06,54,13,1,14.9,True,2227.55,1002.47
13288,2025-10-06,54,9,1,2.8,True,418.6,188.38
13289,2025-10-06,54,30,1,20.1,False,0.0,1352.33
13290,2025-10-13,54,7,1,15.3,True,2287.35,1029.38
13291,2025-10-13,54,30,1,26.5,False,0.0,1782.92
13292,2025-10-20,54,7,2,13.2,True,1973.4,888.1
13293,2025-10-20,54,30,2,24.1,False,0.0,1621.45
13294,2025-10-27,54,7,1,19.2,True,2870.4,1291.78
13295,2025-10-27,54,30,1,20.4,False,0.0,1372.51
13296,2025-11-03,54,9,2,7.8,True,1166.1,524.78
13297,2025-11-03,54,7,2,7.4,True,1106.3,497.87
13298,2025-11-03,54,30,2,21.7,False,0.0,1459.98
13299,2025-11-10,54,9,1,14.1,True,2107.95,948.65
13300,2025-11-10,54,30,1,23.2,False,0.0,1560.9
13301,2025-11-17,54,9,1,8.2,True,1225.9,551.7
13302,2025-11-17,54,7,1,8.5,True,1270.75,571.88
13303,2025-11-17,54,30,1,19.6,False,0.0,1318.69
13304,2025-11-24,54,28,2,5.8,True,867.1,390.22
13305,2025-11-24,54,7,2,7.3,True,1091.35,491.14
13306,2025-11-24,54,30,2,20.4,False,0.0,1372.51
13307,2025-12-01,54,7,1,13.6,True,2033.2,915.01
13308,2025-12-01,54,30,1,16.9,False,0.0,1137.03
13309,2025-12-08,54,13,1,0.9,True,134.55,60.55
13310,2025-12-08,54,9,1,11.1,True,1659.45,746.81
13311,2025-12-08,54,30,1,18.2,False,0.0,1224.5
13312,2025-12-15,54,7,3,11.5,True,1719.25,773.72
13313,2025-12-15,54,30,3,17.0,False,0.0,1143.76
13314,2025-12-22,54,7,1,7.1,True,1061.45,477.69
13315,2025-12-22,54,13,1,7.9,True,1181.05,531.51
13316,2025-12-22,54,30,1,17.4,False,0.0,1170.67
13317,2025-12-29,54,13,2,14.2,True,2122.9,955.38
13318,2025-12-29,54,30,2,15.7,False,0.0,1056.3
13319,2024-01-01,55,6,2,2.5,True,481.25,216.55
13320,2024-01-01,55,1,2,12.1,True,2329.25,1048.1
13321,2024-01-01,55,4,2,23.3,False,0.0,2018.25
13322,2024-01-08,55,26,1,21.1,True,4061.75,1827.68
13323,2024-01-08,55,4,1,14.4,False,0.0,1247.33
13324,2024-01-15,55,26,1,18.6,True,3580.5,1611.13
13325,2024-01-15,55,4,1,14.3,False,0.0,1238.67
13326,2024-01-22,55,26,1,18.7,True,3599.75,1619.79
13327,2024-01-22,55,4,1,16.5,False,0.0,1429.23
13328,2024-01-29,55,20,3,14.5,True,2791.25,1255.99
13329,2024-01-29,55,2,3,7.5,True,1443.75,649.65
13330,2024-01-29,55,4,3,10.7,False,0.0,926.83
13331,2024-02-05,55,20,3,13.7,True,2637.25,1186.69
13332,2024-02-05,55,1,3,8.2,True,1578.5,710.28
13333,2024-02-05,55,4,3,14.9,False,0.0,1290.64
13334,2024-02-12,55,26,2,2.8,True,539.0,242.54
13335,2024-02-12,55,3,2,14.8,True,2849.0,1281.98
13336,2024-02-12,55,4,2,19.4,False,0.0,1680.43
13337,2024-02-19,55,1,2,19.9,True,3830.75,1723.74
13338,2024-02-19,55,4,2,17.1,False,0.0,1481.2
13339,2024-02-26,55,27,2,22.2,True,4273.5,1922.96
13340,2024-02-26,55,4,2,15.5,False,0.0,1342.61
13341,2024-03-04,55,2,2,21.5,True,4138.75,1862.33
13342,2024-03-04,55,4,2,19.8,False,0.0,1715.08
13343,2024-03-11,55,2,2,13.7,True,2637.25,1186.69
13344,2024-03-11,55,6,2,9.1,True,1751.75,788.24
13345,2024-03-11,55,4,2,15.9,False,0.0,1377.26
13346,2024-03-18,55,6,1,21.2,True,4081.0,1836.34
13347,2024-03-18,55,4,1,16.3,False,0.0,1411.91
13348,2024-03-25,55,2,2,18.7,True,3599.75,1619.79
13349,2024-03-25,55,4,2,17.7,False,0.0,1533.17
13350,2024-04-01,55,3,1,15.2,True,2926.0,1316.62
13351,2024-04-01,55,4,1,21.1,False,0.0,1827.68
13352,2024-04-08,55,27,2,21.1,True,4061.75,1827.68
13353,2024-04-08,55,4,2,14.9,False,0.0,1290.64
13354,2024-04-15,55,18,2,17.2,True,3311.0,1489.86
13355,2024-04-15,55,4,2,19.8,False,0.0,1715.08
13356,2024-04-22,55,26,1,19.3,True,3715.25,1671.77
13357,2024-04-22,55,4,1,14.7,False,0.0,1273.31
13358,2024-04-29,55,2,2,19.3,True,3715.25,1671.77
13359,2024-04-29,55,4,2,20.7,False,0.0,1793.03
13360,2024-05-06,55,1,1,16.2,True,3118.5,1403.24
13361,2024-05-06,55,18,1,5.1,True,981.75,441.76
13362,2024-05-06,55,4,1,12.7,False,0.0,1100.07
13363,2024-05-13,55,1,2,15.2,True,2926.0,1316.62
13364,2024-05-13,55,4,2,17.6,False,0.0,1524.51
13365,2024-05-20,55,6,2,19.0,True,3657.5,1645.78
13366,2024-05-20,55,4,2,15.8,False,0.0,1368.6
13367,2024-05-27,55,27,2,17.4,True,3349.5,1507.19
13368,2024-05-27,55,4,2,17.2,False,0.0,1489.86
13369,2024-06-03,55,6,2,11.6,True,2233.0,1004.79
13370,2024-06-03,55,1,2,5.2,True,1001.0,450.42
13371,2024-06-03,55,4,2,12.6,False,0.0,1091.41
13372,2024-06-10,55,2,2,5.2,True,1001.0,450.42
13373,2024-06-10,55,6,2,12.3,True,2367.75,1065.43
13374,2024-06-10,55,4,2,18.8,False,0.0,1628.46
13375,2024-06-17,55,26,2,8.2,True,1578.5,710.28
13376,2024-06-17,55,2,2,8.2,True,1578.5,710.28
13377,2024-06-17,55,4,2,14.7,False,0.0,1273.31
13378,2024-06-24,55,6,2,17.9,True,3445.75,1550.5
13379,2024-06-24,55,4,2,16.3,False,0.0,1411.91
13380,2024-07-01,55,20,3,13.7,True,2637.25,1186.69
13381,2024-07-01,55,4,3,7.6,False,0.0,658.31
13382,2024-07-08,55,3,3,12.5,True,2406.25,1082.75
13383,2024-07-08,55,4,3,6.3,False,0.0,545.71
13384,2024-07-15,55,2,2,10.2,True,1963.5,883.52
13385,2024-07-15,55,4,2,10.0,False,0.0,866.2
13386,2024-07-22,55,27,2,3.5,True,673.75,303.17
13387,2024-07-22,55,18,2,4.9,True,943.25,424.44
13388,2024-07-22,55,4,2,10.1,False,0.0,874.86
13389,2024-07-29,55,20,2,12.3,True,2367.75,1065.43
13390,2024-07-29,55,4,2,8.0,False,0.0,692.96
13391,2024-08-05,55,2,2,20.3,True,3907.75,1758.39
13392,2024-08-05,55,4,2,15.0,False,0.0,1299.3
13393,2024-08-12,55,1,1,14.7,True,2829.75,1273.31
13394,2024-08-12,55,4,1,17.9,False,0.0,1550.5
13395,2024-08-19,55,3,2,18.3,True,3522.75,1585.15
13396,2024-08-19,55,4,2,18.2,False,0.0,1576.48
13397,2024-08-26,55,26,2,18.8,True,3619.0,1628.46
13398,2024-08-26,55,4,2,16.4,False,0.0,1420.57
13399,2024-09-02,55,2,2,20.2,True,3888.5,1749.72
13400,2024-09-02,55,4,2,19.2,False,0.0,1663.1
13401,2024-09-09,55,1,2,17.5,True,3368.75,1515.85
13402,2024-09-09,55,4,2,19.0,False,0.0,1645.78
13403,2024-09-16,55,3,2,18.8,True,3619.0,1628.46
13404,2024-09-16,55,4,2,16.4,False,0.0,1420.57
13405,2024-09-23,55,3,2,24.5,True,4716.25,2122.19
13406,2024-09-23,55,4,2,17.1,False,0.0,1481.2
13407,2024-09-30,55,6,2,10.6,True,2040.5,918.17
13408,2024-09-30,55,18,2,9.5,True,1828.75,822.89
13409,2024-09-30,55,4,2,16.4,False,0.0,1420.57
13410,2024-10-07,55,20,2,21.0,True,4042.5,1819.02
13411,2024-10-07,55,4,2,17.5,False,0.0,1515.85
13412,2024-10-14,55,18,2,22.6,True,4350.5,1957.61
13413,2024-10-14,55,4,2,15.8,False,0.0,1368.6
13414,2024-10-21,55,26,2,20.2,True,3888.5,1749.72
13415,2024-10-21,55,4,2,17.0,False,0.0,1472.54
13416,2024-10-28,55,20,2,17.3,True,3330.25,1498.53
13417,2024-10-28,55,4,2,19.3,False,0.0,1671.77
13418,2024-11-04,55,26,1,23.5,True,4523.75,2035.57
13419,2024-11-04,55,4,1,16.3,False,0.0,1411.91
13420,2024-11-11,55,6,2,13.5,True,2598.75,1169.37
13421,2024-11-11,55,3,2,6.9,True,1328.25,597.68
13422,2024-11-11,55,4,2,12.0,False,0.0,1039.44
13423,2024-11-18,55,18,1,20.5,True,3946.25,1775.71
13424,2024-11-18,55,4,1,15.9,False,0.0,1377.26
13425,2024-11-25,55,26,1,13.9,True,2675.75,1204.02
13426,2024-11-25,55,3,1,5.6,True,1078.0,485.07
13427,2024-11-25,55,4,1,16.3,False,0.0,1411.91
13428,2024-12-02,55,3,2,15.0,True,2887.5,1299.3
13429,2024-12-02,55,4,2,17.5,False,0.0,1515.85
13430,2024-12-09,55,20,1,14.4,True,2772.0,1247.33
13431,2024-12-09,55,4,1,13.5,False,0.0,1169.37
13432,2024-12-16,55,26,2,13.0,True,2502.5,1126.06
13433,2024-12-16,55,4,2,15.0,False,0.0,1299.3
13434,2024-12-23,55,26,2,14.9,True,2868.25,1290.64
13435,2024-12-23,55,4,2,13.2,False,0.0,1143.38
13436,2024-12-30,55,20,2,10.9,True,2098.25,944.16
13437,2024-12-30,55,4,2,14.0,False,0.0,1212.68
13438,2025-01-06,55,3,1,16.5,True,3176.25,1429.23
13439,2025-01-06,55,4,1,19.5,False,0.0,1689.09
13440,2025-01-13,55,6,2,19.6,True,3773.0,1697.75
13441,2025-01-13,55,4,2,19.2,False,0.0,1663.1
13442,2025-01-20,55,2,2,10.2,True,1963.5,883.52
13443,2025-01-20,55,3,2,2.1,True,404.25,181.9
13444,2025-01-20,55,4,2,18.2,False,0.0,1576.48
13445,2025-01-27,55,20,3,18.4,True,3542.0,1593.81
13446,2025-01-27,55,4,3,15.7,False,0.0,1359.93
13447,2025-02-03,55,6,2,18.9,True,3638.25,1637.12
13448,2025-02-03,55,4,2,20.3,False,0.0,1758.39
13449,2025-02-10,55,26,2,19.0,True,3657.5,1645.78
13450,2025-02-10,55,4,2,19.5,False,0.0,1689.09
13451,2025-02-17,55,6,1,19.9,True,3830.75,1723.74
13452,2025-02-17,55,2,1,1.6,True,308.0,138.59
13453,2025-02-17,55,4,1,15.3,False,0.0,1325.29
13454,2025-02-24,55,3,1,9.2,True,1771.0,796.9
13455,2025-02-24,55,6,1,10.4,True,2002.0,900.85
13456,2025-02-24,55,4,1,14.8,False,0.0,1281.98
13457,2025-03-03,55,20,2,17.7,True,3407.25,1533.17
13458,2025-03-03,55,4,2,14.7,False,0.0,1273.31
13459,2025-03-10,55,3,2,17.4,True,3349.5,1507.19
13460,2025-03-10,55,6,2,1.6,True,308.0,138.59
13461,2025-03-10,55,4,2,15.8,False,0.0,1368.6
13462,2025-03-17,55,3,2,20.6,True,3965.5,1784.37
13463,2025-03-17,55,4,2,18.2,False,0.0,1576.48
13464,2025-03-24,55,3,2,10.1,True,1944.25,874.86
13465,2025-03-24,55,18,2,7.6,True,1463.0,658.31
13466,2025-03-24,55,4,2,17.2,False,0.0,1489.86
13467,2025-03-31,55,18,2,13.6,True,2618.0,1178.03
13468,2025-03-31,55,6,2,7.8,True,1501.5,675.64
13469,2025-03-31,55,4,2,17.3,False,0.0,1498.53
13470,2025-04-07,55,3,2,16.0,True,3080.0,1385.92
13471,2025-04-07,55,4,2,19.3,False,0.0,1671.77
13472,2025-04-14,55,1,1,15.2,True,2926.0,1316.62
13473,2025-04-14,55,4,1,17.1,False,0.0,1481.2
13474,2025-04-21,55,2,2,20.5,True,3946.25,1775.71
13475,2025-04-21,55,4,2,18.1,False,0.0,1567.82
13476,2025-04-28,55,27,2,17.8,True,3426.5,1541.84
13477,2025-04-28,55,4,2,14.8,False,0.0,1281.98
13478,2025-05-05,55,3,2,20.6,True,3965.5,1784.37
13479,2025-05-05,55,2,2,1.0,True,192.5,86.62
13480,2025-05-05,55,4,2,15.5,False,0.0,1342.61
13481,2025-05-12,55,26,2,24.5,True,4716.25,2122.19
13482,2025-05-12,55,4,2,15.4,False,0.0,1333.95
13483,2025-05-19,55,27,1,19.9,True,3830.75,1723.74
13484,2025-05-19,55,4,1,15.4,False,0.0,1333.95
13485,2025-05-26,55,18,2,20.9,True,4023.25,1810.36
13486,2025-05-26,55,4,2,17.0,False,0.0,1472.54
13487,2025-06-02,55,2,2,5.7,True,1097.25,493.73
13488,2025-06-02,55,20,2,10.3,True,1982.75,892.19
13489,2025-06-02,55,4,2,16.1,False,0.0,1394.58
13490,2025-06-09,55,1,1,19.1,True,3676.75,1654.44
13491,2025-06-09,55,4,1,12.8,False,0.0,1108.74
13492,2025-06-16,55,1,1,19.3,True,3715.25,1671.77
13493,2025-06-16,55,4,1,11.5,False,0.0,996.13
13494,2025-06-23,55,26,2,14.0,True,2695.0,1212.68
13495,2025-06-23,55,18,2,2.8,True,539.0,242.54
13496,2025-06-23,55,4,2,17.8,False,0.0,1541.84
13497,2025-06-30,55,2,1,8.4,True,1617.0,727.61
13498,2025-06-30,55,1,1,8.5,True,1636.25,736.27
13499,2025-06-30,55,4,1,15.3,False,0.0,1325.29
13500,2025-07-07,55,3,1,8.5,True,1636.25,736.27
13501,2025-07-07,55,4,1,10.6,False,0.0,918.17
13502,2025-07-14,55,2,2,10.2,True,1963.5,883.52
13503,2025-07-14,55,4,2,9.9,False,0.0,857.54
13504,2025-07-21,55,1,1,9.6,True,1848.0,831.55
13505,2025-07-21,55,3,1,1.5,True,288.75,129.93
13506,2025-07-21,55,4,1,8.6,False,0.0,744.93
13507,2025-07-28,55,18,1,10.7,True,2059.75,926.83
13508,2025-07-28,55,4,1,10.0,False,0.0,866.2
13509,2025-08-04,55,18,1,20.5,True,3946.25,1775.71
13510,2025-08-04,55,4,1,16.8,False,0.0,1455.22
13511,2025-08-11,55,3,1,17.5,True,3368.75,1515.85
13512,2025-08-11,55,4,1,14.9,False,0.0,1290.64
13513,2025-08-18,55,3,2,16.5,True,3176.25,1429.23
13514,2025-08-18,55,4,2,15.1,False,0.0,1307.96
13515,2025-08-25,55,6,1,13.6,True,2618.0,1178.03
13516,2025-08-25,55,4,1,19.1,False,0.0,1654.44
13517,2025-09-01,55,27,2,22.7,True,4369.75,1966.27
13518,2025-09-01,55,4,2,13.8,False,0.0,1195.36
13519,2025-09-08,55,6,2,24.3,True,4677.75,2104.87
13520,2025-09-08,55,4,2,9.9,False,0.0,857.54
13521,2025-09-15,55,27,1,14.9,True,2868.25,1290.64
13522,2025-09-15,55,4,1,21.0,False,0.0,1819.02
13523,2025-09-22,55,26,2,13.7,True,2637.25,1186.69
13524,2025-09-22,55,1,2,2.3,True,442.75,199.23
13525,2025-09-22,55,4,2,16.5,False,0.0,1429.23
13526,2025-09-29,55,18,1,21.1,True,4061.75,1827.68
13527,2025-09-29,55,4,1,15.9,False,0.0,1377.26
13528,2025-10-06,55,1,1,23.8,True,4581.5,2061.56
13529,2025-10-06,55,4,1,12.6,False,0.0,1091.41
13530,2025-10-13,55,27,1,22.9,True,4408.25,1983.6
13531,2025-10-13,55,4,1,13.4,False,0.0,1160.71
13532,2025-10-20,55,26,2,18.8,True,3619.0,1628.46
13533,2025-10-20,55,4,2,23.0,False,0.0,1992.26
13534,2025-10-27,55,26,3,22.2,True,4273.5,1922.96
13535,2025-10-27,55,4,3,12.8,False,0.0,1108.74
13536,2025-11-03,55,26,2,16.8,True,3234.0,1455.22
13537,2025-11-03,55,4,2,17.4,False,0.0,1507.19
13538,2025-11-10,55,18,2,20.0,True,3850.0,1732.4
13539,2025-11-10,55,4,2,17.0,False,0.0,1472.54
13540,2025-11-17,55,2,2,18.2,True,3503.5,1576.48
13541,2025-11-17,55,4,2,15.8,False,0.0,1368.6
13542,2025-11-24,55,2,1,17.1,True,3291.75,1481.2
13543,2025-11-24,55,20,1,2.0,True,385.0,173.24
13544,2025-11-24,55,4,1,18.7,False,0.0,1619.79
13545,2025-12-01,55,3,1,5.1,True,981.75,441.76
13546,2025-12-01,55,20,1,12.2,True,2348.5,1056.76
13547,2025-12-01,55,4,1,13.5,False,0.0,1169.37
13548,2025-12-08,55,27,2,11.9,True,2290.75,1030.78
13549,2025-12-08,55,6,2,1.1,True,211.75,95.28
13550,2025-12-08,55,4,2,15.7,False,0.0,1359.93
13551,2025-12-15,55,20,2,13.1,True,2521.75,1134.72
13552,2025-12-15,55,4,2,15.4,False,0.0,1333.95
13553,2025-12-22,55,2,1,10.0,True,1925.0,866.2
13554,2025-12-22,55,3,1,6.9,True,1328.25,597.68
13555,2025-12-22,55,4,1,12.0,False,0.0,1039.44
13556,2025-12-29,55,26,2,13.4,True,2579.5,1160.71
13557,2025-12-29,55,20,2,1.6,True,308.0,138.59
13558,2025-12-29,55,4,2,11.9,False,0.0,1030.78
13559,2024-01-01,56,24,3,8.0,True,1200.0,540.0
13560,2024-01-01,56,11,3,6.4,True,960.0,432.0
13561,2024-01-01,56,29,3,21.9,False,0.0,1478.25
13562,2024-01-08,56,8,2,4.1,True,615.0,276.75
13563,2024-01-08,56,11,2,8.4,True,1260.0,567.0
13564,2024-01-08,56,29,2,26.3,False,0.0,1775.25
13565,2024-01-15,56,5,2,12.1,True,1815.0,816.75
13566,2024-01-15,56,29,2,21.7,False,0.0,1464.75
13567,2024-01-22,56,21,3,9.3,True,1395.0,627.75
13568,2024-01-22,56,29,3,25.3,False,0.0,1707.75
13569,2024-01-29,56,21,3,11.7,True,1755.0,789.75
13570,2024-01-29,56,29,3,21.8,False,0.0,1471.5
13571,2024-02-05,56,12,2,11.0,True,1650.0,742.5
13572,2024-02-05,56,29,2,27.1,False,0.0,1829.25
13573,2024-02-12,56,10,3,13.8,True,2070.0,931.5
13574,2024-02-12,56,29,3,23.1,False,0.0,1559.25
13575,2024-02-19,56,22,2,10.7,True,1605.0,722.25
13576,2024-02-19,56,29,2,25.0,False,0.0,1687.5
13577,2024-02-26,56,8,1,11.2,True,1680.0,756.0
13578,2024-02-26,56,29,1,25.4,False,0.0,1714.5
13579,2024-03-04,56,22,1,12.0,True,1800.0,810.0
13580,2024-03-04,56,29,1,29.2,False,0.0,1971.0
13581,2024-03-11,56,22,2,9.0,True,1350.0,607.5
13582,2024-03-11,56,29,2,25.0,False,0.0,1687.5
13583,2024-03-18,56,16,1,11.5,True,1725.0,776.25
13584,2024-03-18,56,29,1,26.3,False,0.0,1775.25
13585,2024-03-25,56,12,2,10.0,True,1500.0,675.0
13586,2024-03-25,56,29,2,25.2,False,0.0,1701.0
13587,2024-04-01,56,16,2,9.3,True,1395.0,627.75
13588,2024-04-01,56,29,2,22.7,False,0.0,1532.25
13589,2024-04-08,56,16,1,10.0,True,1500.0,675.0
13590,2024-04-08,56,29,1,25.2,False,0.0,1701.0
13591,2024-04-15,56,8,3,10.6,True,1590.0,715.5
13592,2024-04-15,56,10,3,2.8,True,420.0,189.0
13593,2024-04-15,56,29,3,24.3,False,0.0,1640.25
13594,2024-04-22,56,24,1,4.0,True,600.0,270.0
13595,2024-04-22,56,22,1,6.0,True,900.0,405.0
13596,2024-04-22,56,29,1,20.4,False,0.0,1377.0
13597,2024-04-29,56,12,2,9.1,True,1365.0,614.25
13598,2024-04-29,56,29,2,26.4,False,0.0,1782.0
13599,2024-05-06,56,16,1,14.5,True,2175.0,978.75
13600,2024-05-06,56,29,1,24.1,False,0.0,1626.75
13601,2024-05-13,56,21,1,1.7,True,255.0,114.75
13602,2024-05-13,56,12,1,10.1,True,1515.0,681.75
13603,2024-05-13,56,29,1,21.4,False,0.0,1444.5
13604,2024-05-20,56,11,2,14.7,True,2205.0,992.25
13605,2024-05-20,56,29,2,24.3,False,0.0,1640.25
13606,2024-05-27,56,5,1,11.6,True,1740.0,783.0
13607,2024-05-27,56,12,1,0.9,True,135.0,60.75
13608,2024-05-27,56,29,1,23.8,False,0.0,1606.5
13609,2024-06-03,56,25,2,6.9,True,1035.0,465.75
13610,2024-06-03,56,22,2,1.9,True,285.0,128.25
13611,2024-06-03,56,29,2,22.2,False,0.0,1498.5
13612,2024-06-10,56,21,2,8.1,True,1215.0,546.75
13613,2024-06-10,56,29,2,20.5,False,0.0,1383.75
13614,2024-06-17,56,5,1,8.9,True,1335.0,600.75
13615,2024-06-17,56,29,1,23.3,False,0.0,1572.75
13616,2024-06-24,56,25,1,3.2,True,480.0,216.0
13617,2024-06-24,56,12,1,8.5,True,1275.0,573.75
13618,2024-06-24,56,29,1,24.4,False,0.0,1647.0
13619,2024-07-01,56,5,2,4.0,True,600.0,270.0
13620,2024-07-01,56,24,2,2.7,True,405.0,182.25
13621,2024-07-01,56,29,2,13.5,False,0.0,911.25
13622,2024-07-08,56,12,2,6.3,True,945.0,425.25
13623,2024-07-08,56,29,2,14.8,False,0.0,999.0
13624,2024-07-15,56,5,2,5.8,True,870.0,391.5
13625,2024-07-15,56,29,2,14.2,False,0.0,958.5
13626,2024-07-22,56,5,2,7.7,True,1155.0,519.75
13627,2024-07-22,56,29,2,13.7,False,0.0,924.75
13628,2024-07-29,56,22,3,2.0,True,300.0,135.0
13629,2024-07-29,56,10,3,5.8,True,870.0,391.5
13630,2024-07-29,56,29,3,11.9,False,0.0,803.25
13631,2024-08-05,56,5,2,4.1,True,615.0,276.75
13632,2024-08-05,56,25,2,7.0,True,1050.0,472.5
13633,2024-08-05,56,29,2,24.6,False,0.0,1660.5
13634,2024-08-12,56,16,1,9.2,True,1380.0,621.0
13635,2024-08-12,56,29,1,21.2,False,0.0,1431.0
13636,2024-08-19,56,24,2,8.9,True,1335.0,600.75
13637,2024-08-19,56,29,2,21.9,False,0.0,1478.25
13638,2024-08-26,56,21,1,8.3,True,1245.0,560.25
13639,2024-08-26,56,25,1,4.4,True,660.0,297.0
13640,2024-08-26,56,29,1,24.5,False,0.0,1653.75
13641,2024-09-02,56,11,1,6.1,True,915.0,411.75
13642,2024-09-02,56,5,1,3.3,True,495.0,222.75
13643,2024-09-02,56,29,1,27.6,False,0.0,1863.0
13644,2024-09-09,56,22,1,8.3,True,1245.0,560.25
13645,2024-09-09,56,5,1,2.6,True,390.0,175.5
13646,2024-09-09,56,29,1,23.7,False,0.0,1599.75
13647,2024-09-16,56,22,1,9.4,True,1410.0,634.5
13648,2024-09-16,56,29,1,26.9,False,0.0,1815.75
13649,2024-09-23,56,10,3,10.3,True,1545.0,695.25
13650,2024-09-23,56,22,3,2.1,True,315.0,141.75
13651,2024-09-23,56,29,3,25.5,False,0.0,1721.25
13652,2024-09-30,56,8,2,4.0,True,600.0,270.0
13653,2024-09-30,56,5,2,7.4,True,1110.0,499.5
13654,2024-09-30,56,29,2,25.2,False,0.0,1701.0
13655,2024-10-07,56,24,2,0.5,True,75.0,33.75
13656,2024-10-07,56,22,2,10.0,True,1500.0,675.0
13657,2024-10-07,56,29,2,28.5,False,0.0,1923.75
13658,2024-10-14,56,16,2,4.7,True,705.0,317.25
13659,2024-10-14,56,24,2,6.5,True,975.0,438.75
13660,2024-10-14,56,29,2,24.9,False,0.0,1680.75
13661,2024-10-21,56,25,2,10.1,True,1515.0,681.75
13662,2024-10-21,56,29,2,25.6,False,0.0,1728.0
13663,2024-10-28,56,16,1,12.9,True,1935.0,870.75
13664,2024-10-28,56,29,1,28.6,False,0.0,1930.5
13665,2024-11-04,56,24,2,5.2,True,780.0,351.0
13666,2024-11-04,56,12,2,4.3,True,645.0,290.25
13667,2024-11-04,56,29,2,26.9,False,0.0,1815.75
13668,2024-11-11,56,12,2,10.6,True,1590.0,715.5
13669,2024-11-11,56,29,2,28.1,False,0.0,1896.75
13670,2024-11-18,56,16,2,8.5,True,1275.0,573.75
13671,2024-11-18,56,29,2,26.3,False,0.0,1775.25
13672,2024-11-25,56,16,1,4.2,True,630.0,283.5
13673,2024-11-25,56,12,1,8.4,True,1260.0,567.0
13674,2024-11-25,56,29,1,24.3,False,0.0,1640.25
13675,2024-12-02,56,12,1,8.5,True,1275.0,573.75
13676,2024-12-02,56,29,1,19.0,False,0.0,1282.5
13677,2024-12-09,56,25,1,3.9,True,585.0,263.25
13678,2024-12-09,56,5,1,5.2,True,780.0,351.0
13679,2024-12-09,56,29,1,18.8,False,0.0,1269.0
13680,2024-12-16,56,8,1,3.5,True,525.0,236.25
13681,2024-12-16,56,5,1,3.7,True,555.0,249.75
13682,2024-12-16,56,29,1,16.8,False,0.0,1134.0
13683,2024-12-23,56,24,1,8.5,True,1275.0,573.75
13684,2024-12-23,56,29,1,19.6,False,0.0,1323.0
13685,2024-12-30,56,8,2,9.4,True,1410.0,634.5
13686,2024-12-30,56,29,2,21.7,False,0.0,1464.75
13687,2025-01-06,56,22,2,5.0,True,750.0,337.5
13688,2025-01-06,56,8,2,7.6,True,1140.0,513.0
13689,2025-01-06,56,29,2,25.3,False,0.0,1707.75
13690,2025-01-13,56,11,1,9.3,True,1395.0,627.75
13691,2025-01-13,56,29,1,21.5,False,0.0,1451.25
13692,2025-01-20,56,11,1,9.3,True,1395.0,627.75
13693,2025-01-20,56,29,1,25.8,False,0.0,1741.5
13694,2025-01-27,56,25,3,11.6,True,1740.0,783.0
13695,2025-01-27,56,29,3,22.5,False,0.0,1518.75
13696,2025-02-03,56,8,1,9.2,True,1380.0,621.0
13697,2025-02-03,56,29,1,22.9,False,0.0,1545.75
13698,2025-02-10,56,11,1,4.5,True,675.0,303.75
13699,2025-02-10,56,22,1,8.1,True,1215.0,546.75
13700,2025-02-10,56,29,1,23.3,False,0.0,1572.75
13701,2025-02-17,56,25,1,10.7,True,1605.0,722.25
13702,2025-02-17,56,29,1,24.7,False,0.0,1667.25
13703,2025-02-24,56,21,2,7.9,True,1185.0,533.25
13704,2025-02-24,56,8,2,2.7,True,405.0,182.25
13705,2025-02-24,56,29,2,24.6,False,0.0,1660.5
13706,2025-03-03,56,24,1,4.2,True,630.0,283.5
13707,2025-03-03,56,25,1,5.6,True,840.0,378.0
13708,2025-03-03,56,29,1,25.7,False,0.0,1734.75
13709,2025-03-10,56,25,2,12.6,True,1890.0,850.5
13710,2025-03-10,56,29,2,22.5,False,0.0,1518.75
13711,2025-03-17,56,12,1,11.9,True,1785.0,803.25
13712,2025-03-17,56,29,1,26.8,False,0.0,1809.0
13713,2025-03-24,56,16,2,12.6,True,1890.0,850.5
13714,2025-03-24,56,29,2,25.5,False,0.0,1721.25
13715,2025-03-31,56,8,1,5.8,True,870.0,391.5
13716,2025-03-31,56,25,1,7.0,True,1050.0,472.5
13717,2025-03-31,56,29,1,25.8,False,0.0,1741.5
13718,2025-04-07,56,11,2,8.9,True,1335.0,600.75
13719,2025-04-07,56,29,2,26.7,False,0.0,1802.25
13720,2025-04-14,56,5,2,4.1,True,615.0,276.75
13721,2025-04-14,56,25,2,6.7,True,1005.0,452.25
13722,2025-04-14,56,29,2,25.1,False,0.0,1694.25
13723,2025-04-21,56,5,1,6.2,True,930.0,418.5
13724,2025-04-21,56,25,1,4.6,True,690.0,310.5
13725,2025-04-21,56,29,1,22.9,False,0.0,1545.75
13726,2025-04-28,56,21,2,11.3,True,1695.0,762.75
13727,2025-04-28,56,29,2,28.7,False,0.0,1937.25
13728,2025-05-05,56,10,2,5.2,True,780.0,351.0
13729,2025-05-05,56,5,2,6.0,True,900.0,405.0
13730,2025-05-05,56,29,2,23.6,False,0.0,1593.0
13731,2025-05-12,56,5,2,12.8,True,1920.0,864.0
13732,2025-05-12,56,29,2,24.6,False,0.0,1660.5
13733,2025-05-19,56,16,2,9.1,True,1365.0,614.25
13734,2025-05-19,56,29,2,27.9,False,0.0,1883.25
13735,2025-05-26,56,25,1,14.0,True,2100.0,945.0
13736,2025-05-26,56,29,1,26.0,False,0.0,1755.0
13737,2025-06-02,56,10,2,9.5,True,1425.0,641.25
13738,2025-06-02,56,29,2,25.1,False,0.0,1694.25
13739,2025-06-09,56,16,1,10.6,True,1590.0,715.5
13740,2025-06-09,56,29,1,19.2,False,0.0,1296.0
13741,2025-06-16,56,25,2,11.6,True,1740.0,783.0
13742,2025-06-16,56,29,2,22.0,False,0.0,1485.0
13743,2025-06-23,56,24,1,12.1,True,1815.0,816.75
13744,2025-06-23,56,29,1,20.3,False,0.0,1370.25
13745,2025-06-30,56,24,2,7.1,True,1065.0,479.25
13746,2025-06-30,56,10,2,4.8,True,720.0,324.0
13747,2025-06-30,56,29,2,21.5,False,0.0,1451.25
13748,2025-07-07,56,25,2,5.8,True,870.0,391.5
13749,2025-07-07,56,29,2,14.9,False,0.0,1005.75
13750,2025-07-14,56,10,1,0.9,True,135.0,60.75
13751,2025-07-14,56,11,1,5.6,True,840.0,378.0
13752,2025-07-14,56,29,1,13.5,False,0.0,911.25
13753,2025-07-21,56,25,2,6.0,True,900.0,405.0
13754,2025-07-21,56,29,2,14.4,False,0.0,972.0
13755,2025-07-28,56,11,1,1.4,True,210.0,94.5
13756,2025-07-28,56,22,1,3.2,True,480.0,216.0
13757,2025-07-28,56,29,1,14.4,False,0.0,972.0
13758,2025-08-04,56,16,1,7.2,True,1080.0,486.0
13759,2025-08-04,56,29,1,21.4,False,0.0,1444.5
13760,2025-08-11,56,22,1,8.9,True,1335.0,600.75
13761,2025-08-11,56,24,1,1.8,True,270.0,121.5
13762,2025-08-11,56,29,1,22.9,False,0.0,1545.75
13763,2025-08-18,56,12,1,7.6,True,1140.0,513.0
13764,2025-08-18,56,29,1,21.4,False,0.0,1444.5
13765,2025-08-25,56,10,2,10.4,True,1560.0,702.0
13766,2025-08-25,56,29,2,23.4,False,0.0,1579.5
13767,2025-09-01,56,11,2,1.5,True,225.0,101.25
13768,2025-09-01,56,5,2,9.6,True,1440.0,648.0
13769,2025-09-01,56,29,2,26.6,False,0.0,1795.5
13770,2025-09-08,56,22,2,12.5,True,1875.0,843.75
13771,2025-09-08,56,29,2,23.0,False,0.0,1552.5
13772,2025-09-15,56,11,2,8.6,True,1290.0,580.5
13773,2025-09-15,56,29,2,26.3,False,0.0,1775.25
13774,2025-09-22,56,16,2,3.0,True,450.0,202.5
13775,2025-09-22,56,11,2,6.5,True,975.0,438.75
13776,2025-09-22,56,29,2,24.4,False,0.0,1647.0
13777,2025-09-29,56,22,2,12.9,True,1935.0,870.75
13778,2025-09-29,56,29,2,24.7,False,0.0,1667.25
13779,2025-10-06,56,8,1,9.7,True,1455.0,654.75
13780,2025-10-06,56,29,1,25.6,False,0.0,1728.0
13781,2025-10-13,56,11,2,10.5,True,1575.0,708.75
13782,2025-10-13,56,29,2,25.6,False,0.0,1728.0
13783,2025-10-20,56,21,2,10.5,True,1575.0,708.75
13784,2025-10-20,56,29,2,26.3,False,0.0,1775.25
13785,2025-10-27,56,5,2,10.6,True,1590.0,715.5
13786,2025-10-27,56,29,2,28.5,False,0.0,1923.75
13787,2025-11-03,56,10,1,12.6,True,1890.0,850.5
13788,2025-11-03,56,29,1,25.9,False,0.0,1748.25
13789,2025-11-10,56,25,1,12.6,True,1890.0,850.5
13790,2025-11-10,56,29,1,24.3,False,0.0,1640.25
13791,2025-11-17,56,25,2,10.9,True,1635.0,735.75
13792,2025-11-17,56,29,2,27.6,False,0.0,1863.0
13793,2025-11-24,56,22,2,11.3,True,1695.0,762.75
13794,2025-11-24,56,29,2,25.4,False,0.0,1714.5
13795,2025-12-01,56,21,2,2.0,True,300.0,135.0
13796,2025-12-01,56,24,2,5.3,True,795.0,357.75
13797,2025-12-01,56,29,2,20.2,False,0.0,1363.5
13798,2025-12-08,56,10,2,8.3,True,1245.0,560.25
13799,2025-12-08,56,29,2,20.0,False,0.0,1350.0
13800,2025-12-15,56,21,2,9.2,True,1380.0,621.0
13801,2025-12-15,56,11,2,0.7,True,105.0,47.25
13802,2025-12-15,56,29,2,18.8,False,0.0,1269.0
13803,2025-12-22,56,11,2,7.8,True,1170.0,526.5
13804,2025-12-22,56,29,2,19.9,False,0.0,1343.25
13805,2025-12-29,56,8,1,6.2,True,930.0,418.5
13806,2025-12-29,56,22,1,2.3,True,345.0,155.25
13807,2025-12-29,56,29,1,20.8,False,0.0,1404.0
13808,2024-01-01,57,5,2,14.3,True,929.5,418.28
13809,2024-01-01,57,25,2,16.4,True,1066.0,479.7
13810,2024-01-01,57,29,2,4.6,False,0.0,134.55
13811,2024-01-08,57,16,2,25.7,True,1670.5,751.72
13812,2024-01-08,57,29,2,8.1,False,0.0,236.92
13813,2024-01-15,57,11,2,30.2,True,1963.0,883.35
13814,2024-01-15,57,29,2,5.5,False,0.0,160.88
13815,2024-01-22,57,8,2,27.2,True,1768.0,795.6
13816,2024-01-22,57,29,2,5.8,False,0.0,169.65
13817,2024-01-29,57,5,1,31.3,True,2034.5,915.52
13818,2024-01-29,57,29,1,1.0,False,0.0,29.25
13819,2024-02-05,57,5,1,33.2,True,2158.0,971.1
13820,2024-02-05,57,29,1,3.3,False,0.0,96.52
13821,2024-02-12,57,11,2,31.1,True,2021.5,909.68
13822,2024-02-12,57,29,2,7.6,False,0.0,222.3
13823,2024-02-19,57,5,3,1.5,True,97.5,43.88
13824,2024-02-19,57,22,3,32.9,True,2138.5,962.32
13825,2024-02-19,57,29,3,2.7,False,0.0,78.98
13826,2024-02-26,57,16,2,24.4,True,1586.0,713.7
13827,2024-02-26,57,29,2,9.4,False,0.0,274.95
13828,2024-03-04,57,21,3,16.0,True,1040.0,468.0
13829,2024-03-04,57,22,3,15.1,True,981.5,441.68
13830,2024-03-04,57,29,3,3.9,False,0.0,114.08
13831,2024-03-11,57,11,2,21.4,True,1391.0,625.95
13832,2024-03-11,57,21,2,9.4,True,611.0,274.95
13833,2024-03-11,57,29,2,5.9,False,0.0,172.58
13834,2024-03-18,57,25,2,15.4,True,1001.0,450.45
13835,2024-03-18,57,21,2,5.8,True,377.0,169.65
13836,2024-03-18,57,29,2,13.9,False,0.0,406.58
13837,2024-03-25,57,24,2,6.9,True,448.5,201.82
13838,2024-03-25,57,8,2,22.2,True,1443.0,649.35
13839,2024-03-25,57,29,2,5.7,False,0.0,166.72
13840,2024-04-01,57,12,1,30.7,True,1995.5,897.98
13841,2024-04-01,57,25,1,4.5,True,292.5,131.62
13842,2024-04-01,57,29,1,3.3,False,0.0,96.52
13843,2024-04-08,57,5,1,25.3,True,1644.5,740.02
13844,2024-04-08,57,29,1,10.1,False,0.0,295.42
13845,2024-04-15,57,16,2,7.5,True,487.5,219.38
13846,2024-04-15,57,5,2,27.6,True,1794.0,807.3
13847,2024-04-15,57,29,2,0.7,False,0.0,20.47
13848,2024-04-22,57,10,2,9.4,True,611.0,274.95
13849,2024-04-22,57,21,2,13.6,True,884.0,397.8
13850,2024-04-22,57,29,2,11.3,False,0.0,330.52
13851,2024-04-29,57,16,2,27.1,True,1761.5,792.68
13852,2024-04-29,57,29,2,7.4,False,0.0,216.45
13853,2024-05-06,57,11,1,25.9,True,1683.5,757.58
13854,2024-05-06,57,10,1,5.6,True,364.0,163.8
13855,2024-05-06,57,29,1,5.3,False,0.0,155.02
13856,2024-05-13,57,16,3,38.2,True,2483.0,1117.35
13857,2024-05-13,57,29,3,1.6,False,0.0,46.8
13858,2024-05-20,57,12,1,32.2,True,2093.0,941.85
13859,2024-05-20,57,29,1,2.7,False,0.0,78.98
13860,2024-05-27,57,12,3,33.0,True,2145.0,965.25
13861,2024-05-27,57,29,3,6.5,False,0.0,190.12
13862,2024-06-03,57,24,2,23.0,True,1495.0,672.75
13863,2024-06-03,57,29,2,5.5,False,0.0,160.88
13864,2024-06-10,57,22,2,5.8,True,377.0,169.65
13865,2024-06-10,57,25,2,15.1,True,981.5,441.68
13866,2024-06-10,57,29,2,11.4,False,0.0,333.45
13867,2024-06-17,57,24,1,0.6,True,39.0,17.55
13868,2024-06-17,57,25,1,27.7,True,1800.5,810.22
13869,2024-06-17,57,29,1,5.2,False,0.0,152.1
13870,2024-06-24,57,12,2,26.7,True,1735.5,780.98
13871,2024-06-24,57,29,2,5.5,False,0.0,160.88
13872,2024-07-01,57,16,1,10.6,True,689.0,310.05
13873,2024-07-01,57,25,1,3.4,True,221.0,99.45
13874,2024-07-01,57,29,1,4.1,False,0.0,119.92
13875,2024-07-08,57,5,2,16.6,True,1079.0,485.55
13876,2024-07-08,57,29,2,4.9,False,0.0,143.33
13877,2024-07-15,57,22,2,16.3,True,1059.5,476.78
13878,2024-07-15,57,29,2,3.4,False,0.0,99.45
13879,2024-07-22,57,11,2,17.1,True,1111.5,500.18
13880,2024-07-22,57,29,2,3.9,False,0.0,114.08
13881,2024-07-29,57,10,3,8.9,True,578.5,260.32
13882,2024-07-29,57,11,3,12.2,True,793.0,356.85
13883,2024-07-29,57,29,3,1.2,False,0.0,35.1
13884,2024-08-05,57,5,2,26.2,True,1703.0,766.35
13885,2024-08-05,57,29,2,6.1,False,0.0,178.42
13886,2024-08-12,57,22,1,30.8,True,2002.0,900.9
13887,2024-08-12,57,29,1,2.0,False,0.0,58.5
13888,2024-08-19,57,22,1,25.4,True,1651.0,742.95
13889,2024-08-19,57,29,1,8.4,False,0.0,245.7
13890,2024-08-26,57,24,2,24.7,True,1605.5,722.48
13891,2024-08-26,57,29,2,9.2,False,0.0,269.1
13892,2024-09-02,57,10,2,11.8,True,767.0,345.15
13893,2024-09-02,57,21,2,14.9,True,968.5,435.82
13894,2024-09-02,57,29,2,9.8,False,0.0,286.65
13895,2024-09-09,57,16,2,31.8,True,2067.0,930.15
13896,2024-09-09,57,29,2,2.3,False,0.0,67.27
13897,2024-09-16,57,10,2,25.0,True,1625.0,731.25
13898,2024-09-16,57,25,2,3.9,True,253.5,114.08
13899,2024-09-16,57,29,2,5.6,False,0.0,163.8
13900,2024-09-23,57,8,1,29.8,True,1937.0,871.65
13901,2024-09-23,57,29,1,4.1,False,0.0,119.92
13902,2024-09-30,57,22,2,29.2,True,1898.0,854.1
13903,2024-09-30,57,29,2,11.2,False,0.0,327.6
13904,2024-10-07,57,8,1,28.3,True,1839.5,827.78
13905,2024-10-07,57,29,1,7.8,False,0.0,228.15
13906,2024-10-14,57,22,1,30.5,True,1982.5,892.12
13907,2024-10-14,57,29,1,4.1,False,0.0,119.92
13908,2024-10-21,57,10,2,4.9,True,318.5,143.33
13909,2024-10-21,57,24,2,21.3,True,1384.5,623.02
13910,2024-10-21,57,29,2,8.3,False,0.0,242.78
13911,2024-10-28,57,25,1,29.5,True,1917.5,862.88
13912,2024-10-28,57,29,1,4.2,False,0.0,122.85
13913,2024-11-04,57,11,3,35.5,True,2307.5,1038.38
13914,2024-11-04,57,29,3,0.7,False,0.0,20.47
13915,2024-11-11,57,8,2,26.6,True,1729.0,778.05
13916,2024-11-11,57,29,2,10.3,False,0.0,301.28
13917,2024-11-18,57,5,1,20.0,True,1300.0,585.0
13918,2024-11-18,57,16,1,4.1,True,266.5,119.92
13919,2024-11-18,57,29,1,10.6,False,0.0,310.05
13920,2024-11-25,57,16,1,25.0,True,1625.0,731.25
13921,2024-11-25,57,29,1,11.2,False,0.0,327.6
13922,2024-12-02,57,21,2,9.8,True,637.0,286.65
13923,2024-12-02,57,24,2,11.1,True,721.5,324.68
13924,2024-12-02,57,29,2,8.0,False,0.0,234.0
13925,2024-12-09,57,10,1,26.0,True,1690.0,760.5
13926,2024-12-09,57,29,1,3.8,False,0.0,111.15
13927,2024-12-16,57,16,2,20.0,True,1300.0,585.0
13928,2024-12-16,57,29,2,7.3,False,0.0,213.52
13929,2024-12-23,57,11,1,19.2,True,1248.0,561.6
13930,2024-12-23,57,29,1,8.7,False,0.0,254.47
13931,2024-12-30,57,12,1,12.4,True,806.0,362.7
13932,2024-12-30,57,24,1,6.5,True,422.5,190.12
13933,2024-12-30,57,29,1,10.0,False,0.0,292.5
13934,2025-01-06,57,12,1,5.3,True,344.5,155.02
13935,2025-01-06,57,10,1,20.7,True,1345.5,605.48
13936,2025-01-06,57,29,1,8.5,False,0.0,248.62
13937,2025-01-13,57,25,3,33.7,True,2190.5,985.73
13938,2025-01-13,57,29,3,2.4,False,0.0,70.2
13939,2025-01-20,57,5,1,25.6,True,1664.0,748.8
13940,2025-01-20,57,29,1,8.8,False,0.0,257.4
13941,2025-01-27,57,11,1,24.5,True,1592.5,716.62
13942,2025-01-27,57,29,1,10.6,False,0.0,310.05
13943,2025-02-03,57,22,1,27.4,True,1781.0,801.45
13944,2025-02-03,57,29,1,9.1,False,0.0,266.18
13945,2025-02-10,57,24,2,29.8,True,1937.0,871.65
13946,2025-02-10,57,29,2,8.8,False,0.0,257.4
13947,2025-02-17,57,25,2,30.0,True,1950.0,877.5
13948,2025-02-17,57,29,2,7.0,False,0.0,204.75
13949,2025-02-24,57,16,2,30.0,True,1950.0,877.5
13950,2025-02-24,57,29,2,8.2,False,0.0,239.85
13951,2025-03-03,57,11,1,5.4,True,351.0,157.95
13952,2025-03-03,57,22,1,23.7,True,1540.5,693.22
13953,2025-03-03,57,29,1,4.0,False,0.0,117.0
13954,2025-03-10,57,12,2,23.4,True,1521.0,684.45
13955,2025-03-10,57,29,2,10.7,False,0.0,312.97
13956,2025-03-17,57,22,1,23.3,True,1514.5,681.52
13957,2025-03-17,57,10,1,1.2,True,78.0,35.1
13958,2025-03-17,57,29,1,10.9,False,0.0,318.82
13959,2025-03-24,57,22,2,25.5,True,1657.5,745.88
13960,2025-03-24,57,29,2,11.3,False,0.0,330.52
13961,2025-03-31,57,25,1,23.4,True,1521.0,684.45
13962,2025-03-31,57,29,1,9.6,False,0.0,280.8
13963,2025-04-07,57,5,2,9.2,True,598.0,269.1
13964,2025-04-07,57,11,2,21.5,True,1397.5,628.88
13965,2025-04-07,57,29,2,4.6,False,0.0,134.55
13966,2025-04-14,57,25,2,29.5,True,1917.5,862.88
13967,2025-04-14,57,29,2,8.3,False,0.0,242.78
13968,2025-04-21,57,5,1,17.0,True,1105.0,497.25
13969,2025-04-21,57,16,1,9.3,True,604.5,272.03
13970,2025-04-21,57,29,1,11.3,False,0.0,330.52
13971,2025-04-28,57,21,1,28.2,True,1833.0,824.85
13972,2025-04-28,57,29,1,5.4,False,0.0,157.95
13973,2025-05-05,57,5,1,2.4,True,156.0,70.2
13974,2025-05-05,57,10,1,25.1,True,1631.5,734.18
13975,2025-05-05,57,29,1,8.2,False,0.0,239.85
13976,2025-05-12,57,10,2,28.0,True,1820.0,819.0
13977,2025-05-12,57,29,2,6.0,False,0.0,175.5
13978,2025-05-19,57,16,2,24.5,True,1592.5,716.62
13979,2025-05-19,57,12,2,4.9,True,318.5,143.33
13980,2025-05-19,57,29,2,7.6,False,0.0,222.3
13981,2025-05-26,57,25,2,28.7,True,1865.5,839.48
13982,2025-05-26,57,29,2,8.5,False,0.0,248.62
13983,2025-06-02,57,11,3,31.3,True,2034.5,915.52
13984,2025-06-02,57,29,3,0.6,False,0.0,17.55
13985,2025-06-09,57,12,2,25.5,True,1657.5,745.88
13986,2025-06-09,57,29,2,5.1,False,0.0,149.17
13987,2025-06-16,57,11,3,33.2,True,2158.0,971.1
13988,2025-06-16,57,29,3,0.7,False,0.0,20.47
13989,2025-06-23,57,10,1,22.3,True,1449.5,652.28
13990,2025-06-23,57,8,1,3.7,True,240.5,108.22
13991,2025-06-23,57,29,1,7.2,False,0.0,210.6
13992,2025-06-30,57,24,2,26.4,True,1716.0,772.2
13993,2025-06-30,57,12,2,1.1,True,71.5,32.18
13994,2025-06-30,57,29,2,6.7,False,0.0,195.98
13995,2025-07-07,57,11,3,15.1,True,981.5,441.68
13996,2025-07-07,57,8,3,4.0,True,260.0,117.0
13997,2025-07-07,57,29,3,1.3,False,0.0,38.02
13998,2025-07-14,57,21,2,19.0,True,1235.0,555.75
13999,2025-07-14,57,29,2,1.7,False,0.0,49.72
14000,2025-07-21,57,5,1,14.4,True,936.0,421.2
14001,2025-07-21,57,29,1,4.1,False,0.0,119.92
14002,2025-07-28,57,10,3,19.7,True,1280.5,576.22
14003,2025-08-04,57,21,2,26.4,True,1716.0,772.2
14004,2025-08-04,57,29,2,10.1,False,0.0,295.42
14005,2025-08-11,57,11,3,1.4,True,91.0,40.95
14006,2025-08-11,57,5,3,24.6,True,1599.0,719.55
14007,2025-08-11,57,29,3,6.1,False,0.0,178.42
14008,2025-08-18,57,8,2,21.9,True,1423.5,640.57
14009,2025-08-18,57,10,2,5.5,True,357.5,160.88
14010,2025-08-18,57,29,2,3.9,False,0.0,114.08
14011,2025-08-25,57,12,2,17.0,True,1105.0,497.25
14012,2025-08-25,57,22,2,8.1,True,526.5,236.92
14013,2025-08-25,57,29,2,6.3,False,0.0,184.28
14014,2025-09-01,57,21,1,38.2,True,2483.0,1117.35
14015,2025-09-01,57,29,1,0.8,False,0.0,23.4
14016,2025-09-08,57,25,2,30.7,True,1995.5,897.98
14017,2025-09-08,57,29,2,6.4,False,0.0,187.2
14018,2025-09-15,57,25,3,35.1,True,2281.5,1026.68
14019,2025-09-15,57,29,3,3.8,False,0.0,111.15
14020,2025-09-22,57,22,2,22.5,True,1462.5,658.12
14021,2025-09-22,57,29,2,9.1,False,0.0,266.18
14022,2025-09-29,57,12,3,11.5,True,747.5,336.38
14023,2025-09-29,57,10,3,25.1,True,1631.5,734.18
14024,2025-09-29,57,29,3,0.7,False,0.0,20.47
14025,2025-10-06,57,11,2,23.7,True,1540.5,693.22
14026,2025-10-06,57,29,2,10.7,False,0.0,312.97
14027,2025-10-13,57,11,2,29.3,True,1904.5,857.02
14028,2025-10-13,57,21,2,4.7,True,305.5,137.48
14029,2025-10-13,57,29,2,4.5,False,0.0,131.62
14030,2025-10-20,57,12,1,29.9,True,1943.5,874.58
14031,2025-10-20,57,29,1,8.9,False,0.0,260.32
14032,2025-10-27,57,11,3,34.5,True,2242.5,1009.12
14033,2025-10-27,57,12,3,2.7,True,175.5,78.98
14034,2025-10-27,57,29,3,2.1,False,0.0,61.42
14035,2025-11-03,57,16,2,26.7,True,1735.5,780.98
14036,2025-11-03,57,29,2,10.3,False,0.0,301.28
14037,2025-11-10,57,12,1,37.5,True,2437.5,1096.88
14038,2025-11-10,57,29,1,0.8,False,0.0,23.4
14039,2025-11-17,57,8,2,26.8,True,1742.0,783.9
14040,2025-11-17,57,29,2,8.6,False,0.0,251.55
14041,2025-11-24,57,24,1,26.1,True,1696.5,763.42
14042,2025-11-24,57,29,1,6.2,False,0.0,181.35
14043,2025-12-01,57,10,1,26.2,True,1703.0,766.35
14044,2025-12-01,57,29,1,5.7,False,0.0,166.72
14045,2025-12-08,57,11,2,24.8,True,1612.0,725.4
14046,2025-12-08,57,29,2,3.5,False,0.0,102.38
14047,2025-12-15,57,21,1,28.2,True,1833.0,824.85
14048,2025-12-15,57,29,1,2.6,False,0.0,76.05
14049,2025-12-22,57,11,2,10.8,True,702.0,315.9
14050,2025-12-22,57,25,2,10.7,True,695.5,312.97
14051,2025-12-22,57,29,2,6.8,False,0.0,198.9
14052,2025-12-29,57,22,1,28.2,True,1833.0,824.85
14053,2025-12-29,57,29,1,1.4,False,0.0,40.95
14054,2024-01-01,58,5,3,14.3,True,1859.0,836.55
14055,2024-01-01,58,22,3,9.9,True,1287.0,579.15
14056,2024-01-01,58,29,3,7.9,False,0.0,462.15
14057,2024-01-08,58,12,2,27.5,True,3575.0,1608.75
14058,2024-01-08,58,29,2,7.8,False,0.0,456.3
14059,2024-01-15,58,25,1,24.0,True,3120.0,1404.0
14060,2024-01-15,58,29,1,9.0,False,0.0,526.5
14061,2024-01-22,58,21,1,14.4,True,1872.0,842.4
14062,2024-01-22,58,11,1,10.6,True,1378.0,620.1
14063,2024-01-22,58,29,1,8.3,False,0.0,485.55
14064,2024-01-29,58,24,2,25.9,True,3367.0,1515.15
14065,2024-01-29,58,29,2,6.2,False,0.0,362.7
14066,2024-02-05,58,5,2,25.2,True,3276.0,1474.2
14067,2024-02-05,58,29,2,11.4,False,0.0,666.9
14068,2024-02-12,58,24,2,13.6,True,1768.0,795.6
14069,2024-02-12,58,12,2,11.3,True,1469.0,661.05
14070,2024-02-12,58,29,2,16.4,False,0.0,959.4
14071,2024-02-19,58,24,3,10.2,True,1326.0,596.7
14072,2024-02-19,58,21,3,24.4,True,3172.0,1427.4
14073,2024-02-19,58,29,3,2.6,False,0.0,152.1
14074,2024-02-26,58,24,3,28.5,True,3705.0,1667.25
14075,2024-02-26,58,29,3,8.0,False,0.0,468.0
14076,2024-03-04,58,16,1,13.3,True,1729.0,778.05
14077,2024-03-04,58,24,1,10.7,True,1391.0,625.95
14078,2024-03-04,58,29,1,11.1,False,0.0,649.35
14079,2024-03-11,58,8,2,23.0,True,2990.0,1345.5
14080,2024-03-11,58,29,2,11.2,False,0.0,655.2
14081,2024-03-18,58,16,2,25.5,True,3315.0,1491.75
14082,2024-03-18,58,21,2,1.1,True,143.0,64.35
14083,2024-03-18,58,29,2,8.2,False,0.0,479.7
14084,2024-03-25,58,10,2,13.8,True,1794.0,807.3
14085,2024-03-25,58,11,2,11.5,True,1495.0,672.75
14086,2024-03-25,58,29,2,10.5,False,0.0,614.25
14087,2024-04-01,58,12,3,29.0,True,3770.0,1696.5
14088,2024-04-01,58,29,3,7.0,False,0.0,409.5
14089,2024-04-08,58,25,2,8.3,True,1079.0,485.55
14090,2024-04-08,58,24,2,16.2,True,2106.0,947.7
14091,2024-04-08,58,29,2,11.7,False,0.0,684.45
14092,2024-04-15,58,12,1,14.2,True,1846.0,830.7
14093,2024-04-15,58,8,1,9.2,True,1196.0,538.2
14094,2024-04-15,58,29,1,9.5,False,0.0,555.75
14095,2024-04-22,58,25,3,12.2,True,1586.0,713.7
14096,2024-04-22,58,5,3,18.5,True,2405.0,1082.25
14097,2024-04-22,58,29,3,3.4,False,0.0,198.9
14098,2024-04-29,58,8,1,24.1,True,3133.0,1409.85
14099,2024-04-29,58,29,1,10.5,False,0.0,614.25
14100,2024-05-06,58,22,1,34.5,True,4485.0,2018.25
14101,2024-05-06,58,29,1,2.7,False,0.0,157.95
14102,2024-05-13,58,11,2,10.0,True,1300.0,585.0
14103,2024-05-13,58,5,2,11.7,True,1521.0,684.45
14104,2024-05-13,58,29,2,16.4,False,0.0,959.4
14105,2024-05-20,58,8,2,1.7,True,221.0,99.45
14106,2024-05-20,58,12,2,22.6,True,2938.0,1322.1
14107,2024-05-20,58,29,2,13.1,False,0.0,766.35
14108,2024-05-27,58,10,2,18.0,True,2340.0,1053.0
14109,2024-05-27,58,8,2,5.9,True,767.0,345.15
14110,2024-05-27,58,29,2,8.6,False,0.0,503.1
14111,2024-06-03,58,10,2,22.1,True,2873.0,1292.85
14112,2024-06-03,58,29,2,8.4,False,0.0,491.4
14113,2024-06-10,58,12,2,7.3,True,949.0,427.05
14114,2024-06-10,58,21,2,19.0,True,2470.0,1111.5
14115,2024-06-10,58,29,2,4.0,False,0.0,234.0
14116,2024-06-17,58,25,3,1.0,True,130.0,58.5
14117,2024-06-17,58,16,3,29.9,True,3887.0,1749.15
14118,2024-06-17,58,29,3,4.4,False,0.0,257.4
14119,2024-06-24,58,16,2,18.6,True,2418.0,1088.1
14120,2024-06-24,58,25,2,2.2,True,286.0,128.7
14121,2024-06-24,58,29,2,14.7,False,0.0,859.95
14122,2024-07-01,58,22,1,17.2,True,2236.0,1006.2
14123,2024-07-01,58,29,1,1.8,False,0.0,105.3
14124,2024-07-08,58,10,1,16.9,True,2197.0,988.65
14125,2024-07-08,58,29,1,3.6,False,0.0,210.6
14126,2024-07-15,58,22,1,8.6,True,1118.0,503.1
14127,2024-07-15,58,10,1,5.2,True,676.0,304.2
14128,2024-07-15,58,29,1,6.4,False,0.0,374.4
14129,2024-07-22,58,22,3,14.6,True,1898.0,854.1
14130,2024-07-22,58,12,3,1.5,True,195.0,87.75
14131,2024-07-22,58,29,3,2.4,False,0.0,140.4
14132,2024-07-29,58,16,1,6.5,True,845.0,380.25
14133,2024-07-29,58,24,1,10.6,True,1378.0,620.1
14134,2024-07-29,58,29,1,4.0,False,0.0,234.0
14135,2024-08-05,58,21,2,23.4,True,3042.0,1368.9
14136,2024-08-05,58,29,2,9.3,False,0.0,544.05
14137,2024-08-12,58,21,2,24.3,True,3159.0,1421.55
14138,2024-08-12,58,29,2,7.0,False,0.0,409.5
14139,2024-08-19,58,10,2,8.3,True,1079.0,485.55
14140,2024-08-19,58,16,2,9.8,True,1274.0,573.3
14141,2024-08-19,58,29,2,12.7,False,0.0,742.95
14142,2024-08-26,58,16,3,28.9,True,3757.0,1690.65
14143,2024-08-26,58,29,3,7.8,False,0.0,456.3
14144,2024-09-02,58,25,1,22.1,True,2873.0,1292.85
14145,2024-09-02,58,29,1,8.6,False,0.0,503.1
14146,2024-09-09,58,8,2,25.6,True,3328.0,1497.6
14147,2024-09-09,58,29,2,11.1,False,0.0,649.35
14148,2024-09-16,58,8,2,6.0,True,780.0,351.0
14149,2024-09-16,58,11,2,21.9,True,2847.0,1281.15
14150,2024-09-16,58,29,2,10.5,False,0.0,614.25
14151,2024-09-23,58,10,2,24.3,True,3159.0,1421.55
14152,2024-09-23,58,29,2,11.6,False,0.0,678.6
14153,2024-09-30,58,25,3,29.0,True,3770.0,1696.5
14154,2024-09-30,58,29,3,5.0,False,0.0,292.5
14155,2024-10-07,58,24,1,12.2,True,1586.0,713.7
14156,2024-10-07,58,10,1,17.5,True,2275.0,1023.75
14157,2024-10-07,58,29,1,8.1,False,0.0,473.85
14158,2024-10-14,58,21,2,5.6,True,728.0,327.6
14159,2024-10-14,58,24,2,20.3,True,2639.0,1187.55
14160,2024-10-14,58,29,2,11.0,False,0.0,643.5
14161,2024-10-21,58,5,3,31.7,True,4121.0,1854.45
14162,2024-10-21,58,29,3,4.5,False,0.0,263.25
14163,2024-10-28,58,10,1,17.3,True,2249.0,1012.05
14164,2024-10-28,58,25,1,10.6,True,1378.0,620.1
14165,2024-10-28,58,29,1,9.1,False,0.0,532.35
14166,2024-11-04,58,8,2,24.6,True,3198.0,1439.1
14167,2024-11-04,58,29,2,11.8,False,0.0,690.3
14168,2024-11-11,58,21,2,22.1,True,2873.0,1292.85
14169,2024-11-11,58,25,2,2.5,True,325.0,146.25
14170,2024-11-11,58,29,2,10.7,False,0.0,625.95
14171,2024-11-18,58,5,2,23.1,True,3003.0,1351.35
14172,2024-11-18,58,29,2,11.8,False,0.0,690.3
14173,2024-11-25,58,8,1,25.6,True,3328.0,1497.6
14174,2024-11-25,58,29,1,9.0,False,0.0,526.5
14175,2024-12-02,58,25,3,20.8,True,2704.0,1216.8
14176,2024-12-02,58,29,3,8.1,False,0.0,473.85
14177,2024-12-09,58,8,2,16.4,True,2132.0,959.4
14178,2024-12-09,58,29,2,11.4,False,0.0,666.9
14179,2024-12-16,58,25,1,22.1,True,2873.0,1292.85
14180,2024-12-16,58,29,1,8.5,False,0.0,497.25
14181,2024-12-23,58,12,1,18.7,True,2431.0,1093.95
14182,2024-12-23,58,29,1,8.3,False,0.0,485.55
14183,2024-12-30,58,25,1,22.9,True,2977.0,1339.65
14184,2024-12-30,58,29,1,7.6,False,0.0,444.6
14185,2025-01-06,58,16,2,24.1,True,3133.0,1409.85
14186,2025-01-06,58,29,2,11.5,False,0.0,672.75
14187,2025-01-13,58,8,1,19.4,True,2522.0,1134.9
14188,2025-01-13,58,12,1,6.9,True,897.0,403.65
14189,2025-01-13,58,29,1,8.4,False,0.0,491.4
14190,2025-01-20,58,25,1,13.1,True,1703.0,766.35
14191,2025-01-20,58,22,1,14.0,True,1820.0,819.0
14192,2025-01-20,58,29,1,7.5,False,0.0,438.75
14193,2025-01-27,58,12,2,20.5,True,2665.0,1199.25
14194,2025-01-27,58,29,2,10.5,False,0.0,614.25
14195,2025-02-03,58,8,3,28.0,True,3640.0,1638.0
14196,2025-02-03,58,22,3,5.3,True,689.0,310.05
14197,2025-02-03,58,29,3,3.5,False,0.0,204.75
14198,2025-02-10,58,8,1,10.6,True,1378.0,620.1
14199,2025-02-10,58,11,1,8.5,True,1105.0,497.25
14200,2025-02-10,58,29,1,14.5,False,0.0,848.25
14201,2025-02-17,58,11,2,2.8,True,364.0,163.8
14202,2025-02-17,58,16,2,18.3,True,2379.0,1070.55
14203,2025-02-17,58,29,2,16.0,False,0.0,936.0
14204,2025-02-24,58,22,1,21.8,True,2834.0,1275.3
14205,2025-02-24,58,29,1,10.5,False,0.0,614.25
14206,2025-03-03,58,25,3,26.3,True,3419.0,1538.55
14207,2025-03-03,58,29,3,12.7,False,0.0,742.95
14208,2025-03-10,58,11,1,22.4,True,2912.0,1310.4
14209,2025-03-10,58,29,1,14.1,False,0.0,824.85
14210,2025-03-17,58,24,2,28.8,True,3744.0,1684.8
14211,2025-03-17,58,29,2,8.5,False,0.0,497.25
14212,2025-03-24,58,10,2,11.8,True,1534.0,690.3
14213,2025-03-24,58,24,2,16.2,True,2106.0,947.7
14214,2025-03-24,58,29,2,7.2,False,0.0,421.2
14215,2025-03-31,58,5,1,7.9,True,1027.0,462.15
14216,2025-03-31,58,21,1,20.3,True,2639.0,1187.55
14217,2025-03-31,58,29,1,9.8,False,0.0,573.3
14218,2025-04-07,58,5,1,25.8,True,3354.0,1509.3
14219,2025-04-07,58,29,1,9.1,False,0.0,532.35
14220,2025-04-14,58,11,2,2.8,True,364.0,163.8
14221,2025-04-14,58,25,2,19.1,True,2483.0,1117.35
14222,2025-04-14,58,29,2,14.7,False,0.0,859.95
14223,2025-04-21,58,25,1,20.5,True,2665.0,1199.25
14224,2025-04-21,58,29,1,13.8,False,0.0,807.3
14225,2025-04-28,58,24,2,21.6,True,2808.0,1263.6
14226,2025-04-28,58,29,2,13.4,False,0.0,783.9
14227,2025-05-05,58,24,1,25.2,True,3276.0,1474.2
14228,2025-05-05,58,29,1,7.5,False,0.0,438.75
14229,2025-05-12,58,21,1,26.8,True,3484.0,1567.8
14230,2025-05-12,58,29,1,6.6,False,0.0,386.1
14231,2025-05-19,58,16,2,18.7,True,2431.0,1093.95
14232,2025-05-19,58,24,2,8.7,True,1131.0,508.95
14233,2025-05-19,58,29,2,11.5,False,0.0,672.75
14234,2025-05-26,58,22,2,22.3,True,2899.0,1304.55
14235,2025-05-26,58,29,2,10.9,False,0.0,637.65
14236,2025-06-02,58,24,2,22.3,True,2899.0,1304.55
14237,2025-06-02,58,29,2,10.2,False,0.0,596.7
14238,2025-06-09,58,22,2,28.5,True,3705.0,1667.25
14239,2025-06-09,58,29,2,6.0,False,0.0,351.0
14240,2025-06-16,58,22,2,26.1,True,3393.0,1526.85
14241,2025-06-16,58,29,2,3.9,False,0.0,228.15
14242,2025-06-23,58,11,2,22.4,True,2912.0,1310.4
14243,2025-06-23,58,29,2,9.1,False,0.0,532.35
14244,2025-06-30,58,25,1,21.7,True,2821.0,1269.45
14245,2025-06-30,58,29,1,12.3,False,0.0,719.55
14246,2025-07-07,58,21,2,4.7,True,611.0,274.95
14247,2025-07-07,58,25,2,11.4,True,1482.0,666.9
14248,2025-07-07,58,29,2,2.6,False,0.0,152.1
14249,2025-07-14,58,12,2,16.1,True,2093.0,941.85
14250,2025-07-14,58,29,2,3.2,False,0.0,187.2
14251,2025-07-21,58,5,1,11.0,True,1430.0,643.5
14252,2025-07-21,58,21,1,3.9,True,507.0,228.15
14253,2025-07-21,58,29,1,5.2,False,0.0,304.2
14254,2025-07-28,58,5,2,8.5,True,1105.0,497.25
14255,2025-07-28,58,16,2,6.2,True,806.0,362.7
14256,2025-07-28,58,29,2,5.5,False,0.0,321.75
14257,2025-08-04,58,22,2,27.1,True,3523.0,1585.35
14258,2025-08-04,58,29,2,6.2,False,0.0,362.7
14259,2025-08-11,58,25,1,25.0,True,3250.0,1462.5
14260,2025-08-11,58,29,1,10.6,False,0.0,620.1
14261,2025-08-18,58,21,1,8.9,True,1157.0,520.65
14262,2025-08-18,58,11,1,10.8,True,1404.0,631.8
14263,2025-08-18,58,29,1,11.8,False,0.0,690.3
14264,2025-08-25,58,24,1,5.4,True,702.0,315.9
14265,2025-08-25,58,5,1,16.5,True,2145.0,965.25
14266,2025-08-25,58,29,1,10.9,False,0.0,637.65
14267,2025-09-01,58,12,2,23.3,True,3029.0,1363.05
14268,2025-09-01,58,29,2,10.9,False,0.0,637.65
14269,2025-09-08,58,8,1,24.7,True,3211.0,1444.95
14270,2025-09-08,58,29,1,13.4,False,0.0,783.9
14271,2025-09-15,58,21,1,22.6,True,2938.0,1322.1
14272,2025-09-15,58,29,1,12.7,False,0.0,742.95
14273,2025-09-22,58,16,1,30.4,True,3952.0,1778.4
14274,2025-09-22,58,12,1,1.6,True,208.0,93.6
14275,2025-09-22,58,29,1,7.5,False,0.0,438.75
14276,2025-09-29,58,21,2,1.6,True,208.0,93.6
14277,2025-09-29,58,11,2,28.6,True,3718.0,1673.1
14278,2025-09-29,58,29,2,10.8,False,0.0,631.8
14279,2025-10-06,58,11,2,27.9,True,3627.0,1632.15
14280,2025-10-06,58,29,2,9.8,False,0.0,573.3
14281,2025-10-13,58,12,2,26.2,True,3406.0,1532.7
14282,2025-10-13,58,24,2,2.9,True,377.0,169.65
14283,2025-10-13,58,29,2,5.5,False,0.0,321.75
14284,2025-10-20,58,11,3,3.6,True,468.0,210.6
14285,2025-10-20,58,16,3,26.2,True,3406.0,1532.7
14286,2025-10-20,58,29,3,6.6,False,0.0,386.1
14287,2025-10-27,58,10,2,26.0,True,3380.0,1521.0
14288,2025-10-27,58,29,2,15.9,False,0.0,930.15
14289,2025-11-03,58,16,1,24.9,True,3237.0,1456.65
14290,2025-11-03,58,8,1,0.7,True,91.0,40.95
14291,2025-11-03,58,29,1,9.3,False,0.0,544.05
14292,2025-11-10,58,8,3,34.4,True,4472.0,2012.4
14293,2025-11-10,58,29,3,4.4,False,0.0,257.4
14294,2025-11-17,58,22,2,21.9,True,2847.0,1281.15
14295,2025-11-17,58,29,2,15.5,False,0.0,906.75
14296,2025-11-24,58,8,1,6.1,True,793.0,356.85
14297,2025-11-24,58,21,1,20.7,True,2691.0,1210.95
14298,2025-11-24,58,29,1,8.7,False,0.0,508.95
14299,2025-12-01,58,12,2,20.2,True,2626.0,1181.7
14300,2025-12-01,58,29,2,8.3,False,0.0,485.55
14301,2025-12-08,58,25,2,17.0,True,2210.0,994.5
14302,2025-12-08,58,29,2,9.6,False,0.0,561.6
14303,2025-12-15,58,10,2,17.6,True,2288.0,1029.6
14304,2025-12-15,58,29,2,8.9,False,0.0,520.65
14305,2025-12-22,58,11,1,23.3,True,3029.0,1363.05
14306,2025-12-22,58,29,1,5.3,False,0.0,310.05
14307,2025-12-29,58,16,2,23.4,True,3042.0,1368.9
14308,2025-12-29,58,29,2,5.7,False,0.0,333.45
14309,2024-01-01,59,5,3,29.7,True,2821.5,1269.68
14310,2024-01-01,59,29,3,4.2,False,0.0,179.55
14311,2024-01-08,59,25,3,31.2,True,2964.0,1333.8
14312,2024-01-08,59,29,3,0.7,False,0.0,29.92
14313,2024-01-15,59,11,2,27.8,True,2641.0,1188.45
14314,2024-01-15,59,29,2,8.0,False,0.0,342.0
14315,2024-01-22,59,21,1,26.6,True,2527.0,1137.15
14316,2024-01-22,59,29,1,6.8,False,0.0,290.7
14317,2024-01-29,59,22,2,22.2,True,2109.0,949.05
14318,2024-01-29,59,29,2,11.1,False,0.0,474.52
14319,2024-02-05,59,10,3,32.6,True,3097.0,1393.65
14320,2024-02-05,59,29,3,7.0,False,0.0,299.25
14321,2024-02-12,59,11,2,4.7,True,446.5,200.92
14322,2024-02-12,59,8,2,23.6,True,2242.0,1008.9
14323,2024-02-12,59,29,2,6.6,False,0.0,282.15
14324,2024-02-19,59,25,1,20.8,True,1976.0,889.2
14325,2024-02-19,59,12,1,7.9,True,750.5,337.72
14326,2024-02-19,59,29,1,7.2,False,0.0,307.8
14327,2024-02-26,59,25,2,28.6,True,2717.0,1222.65
14328,2024-02-26,59,29,2,7.1,False,0.0,303.52
14329,2024-03-04,59,16,1,32.7,True,3106.5,1397.93
14330,2024-03-04,59,29,1,3.9,False,0.0,166.72
14331,2024-03-11,59,24,2,7.9,True,750.5,337.72
14332,2024-03-11,59,12,2,23.4,True,2223.0,1000.35
14333,2024-03-11,59,29,2,9.5,False,0.0,406.12
14334,2024-03-18,59,5,1,35.9,True,3410.5,1534.72
14335,2024-03-18,59,29,1,3.2,False,0.0,136.8
14336,2024-03-25,59,21,1,30.5,True,2897.5,1303.88
14337,2024-03-25,59,29,1,8.1,False,0.0,346.28
14338,2024-04-01,59,10,1,3.4,True,323.0,145.35
14339,2024-04-01,59,21,1,20.7,True,1966.5,884.92
14340,2024-04-01,59,29,1,10.2,False,0.0,436.05
14341,2024-04-08,59,5,2,5.4,True,513.0,230.85
14342,2024-04-08,59,25,2,24.0,True,2280.0,1026.0
14343,2024-04-08,59,29,2,7.7,False,0.0,329.18
14344,2024-04-15,59,12,1,30.1,True,2859.5,1286.78
14345,2024-04-15,59,29,1,5.8,False,0.0,247.95
14346,2024-04-22,59,11,1,23.7,True,2251.5,1013.18
14347,2024-04-22,59,29,1,9.5,False,0.0,406.12
14348,2024-04-29,59,24,2,29.3,True,2783.5,1252.58
14349,2024-04-29,59,29,2,6.6,False,0.0,282.15
14350,2024-05-06,59,25,2,26.7,True,2536.5,1141.42
14351,2024-05-06,59,29,2,13.8,False,0.0,589.95
14352,2024-05-13,59,8,2,5.0,True,475.0,213.75
14353,2024-05-13,59,25,2,28.2,True,2679.0,1205.55
14354,2024-05-13,59,29,2,4.4,False,0.0,188.1
14355,2024-05-20,59,11,2,30.8,True,2926.0,1316.7
14356,2024-05-20,59,29,2,6.9,False,0.0,294.98
14357,2024-05-27,59,10,1,3.9,True,370.5,166.72
14358,2024-05-27,59,8,1,29.0,True,2755.0,1239.75
14359,2024-05-27,59,29,1,4.8,False,0.0,205.2
14360,2024-06-03,59,21,2,28.6,True,2717.0,1222.65
14361,2024-06-03,59,29,2,1.7,False,0.0,72.68
14362,2024-06-10,59,24,2,1.7,True,161.5,72.68
14363,2024-06-10,59,10,2,29.5,True,2802.5,1261.12
14364,2024-06-10,59,29,2,0.9,False,0.0,38.48
14365,2024-06-17,59,5,1,23.2,True,2204.0,991.8
14366,2024-06-17,59,29,1,6.3,False,0.0,269.32
14367,2024-06-24,59,22,2,7.8,True,741.0,333.45
14368,2024-06-24,59,16,2,14.8,True,1406.0,632.7
14369,2024-06-24,59,29,2,7.9,False,0.0,337.72
14370,2024-07-01,59,5,2,16.0,True,1520.0,684.0
14371,2024-07-01,59,29,2,3.8,False,0.0,162.45
14372,2024-07-08,59,10,1,12.4,True,1178.0,530.1
14373,2024-07-08,59,16,1,3.8,True,361.0,162.45
14374,2024-07-08,59,29,1,3.5,False,0.0,149.62
14375,2024-07-15,59,11,1,12.0,True,1140.0,513.0
14376,2024-07-15,59,29,1,5.8,False,0.0,247.95
14377,2024-07-22,59,5,2,7.2,True,684.0,307.8
14378,2024-07-22,59,16,2,6.0,True,570.0,256.5
14379,2024-07-22,59,29,2,6.2,False,0.0,265.05
14380,2024-07-29,59,22,2,12.0,True,1140.0,513.0
14381,2024-07-29,59,21,2,6.2,True,589.0,265.05
14382,2024-07-29,59,29,2,2.7,False,0.0,115.43
14383,2024-08-05,59,16,2,19.4,True,1843.0,829.35
14384,2024-08-05,59,25,2,2.0,True,190.0,85.5
14385,2024-08-05,59,29,2,9.3,False,0.0,397.58
14386,2024-08-12,59,22,1,21.0,True,1995.0,897.75
14387,2024-08-12,59,24,1,8.3,True,788.5,354.83
14388,2024-08-12,59,29,1,4.0,False,0.0,171.0
14389,2024-08-19,59,16,2,22.2,True,2109.0,949.05
14390,2024-08-19,59,5,2,4.1,True,389.5,175.27
14391,2024-08-19,59,29,2,8.1,False,0.0,346.28
14392,2024-08-26,59,5,1,24.3,True,2308.5,1038.82
14393,2024-08-26,59,29,1,10.2,False,0.0,436.05
14394,2024-09-02,59,21,2,31.3,True,2973.5,1338.08
14395,2024-09-02,59,29,2,8.6,False,0.0,367.65
14396,2024-09-09,59,24,1,24.7,True,2346.5,1055.92
14397,2024-09-09,59,29,1,13.9,False,0.0,594.22
14398,2024-09-16,59,21,2,28.1,True,2669.5,1201.28
14399,2024-09-16,59,29,2,7.1,False,0.0,303.52
14400,2024-09-23,59,12,1,2.9,True,275.5,123.98
14401,2024-09-23,59,10,1,26.3,True,2498.5,1124.32
14402,2024-09-23,59,29,1,7.7,False,0.0,329.18
14403,2024-09-30,59,22,2,27.5,True,2612.5,1175.62
14404,2024-09-30,59,29,2,10.0,False,0.0,427.5
14405,2024-10-07,59,21,1,27.5,True,2612.5,1175.62
14406,2024-10-07,59,29,1,9.5,False,0.0,406.12
14407,2024-10-14,59,25,1,36.2,True,3439.0,1547.55
14408,2024-10-14,59,29,1,2.7,False,0.0,115.43
14409,2024-10-21,59,16,2,22.9,True,2175.5,978.97
14410,2024-10-21,59,29,2,10.1,False,0.0,431.78
14411,2024-10-28,59,22,2,21.0,True,1995.0,897.75
14412,2024-10-28,59,10,2,2.8,True,266.0,119.7
14413,2024-10-28,59,29,2,10.6,False,0.0,453.15
14414,2024-11-04,59,24,2,26.4,True,2508.0,1128.6
14415,2024-11-04,59,29,2,12.7,False,0.0,542.92
14416,2024-11-11,59,5,2,24.8,True,2356.0,1060.2
14417,2024-11-11,59,29,2,13.3,False,0.0,568.58
14418,2024-11-18,59,10,3,11.1,True,1054.5,474.52
14419,2024-11-18,59,22,3,16.3,True,1548.5,696.82
14420,2024-11-18,59,29,3,2.9,False,0.0,123.98
14421,2024-11-25,59,12,2,28.3,True,2688.5,1209.82
14422,2024-11-25,59,29,2,9.7,False,0.0,414.67
14423,2024-12-02,59,12,2,11.8,True,1121.0,504.45
14424,2024-12-02,59,16,2,7.6,True,722.0,324.9
14425,2024-12-02,59,29,2,7.7,False,0.0,329.18
14426,2024-12-09,59,25,3,5.4,True,513.0,230.85
14427,2024-12-09,59,21,3,17.7,True,1681.5,756.68
14428,2024-12-09,59,29,3,6.2,False,0.0,265.05
14429,2024-12-16,59,25,2,22.9,True,2175.5,978.97
14430,2024-12-16,59,29,2,7.8,False,0.0,333.45
14431,2024-12-23,59,8,1,21.1,True,2004.5,902.03
14432,2024-12-23,59,29,1,8.7,False,0.0,371.92
14433,2024-12-30,59,11,2,18.9,True,1795.5,807.97
14434,2024-12-30,59,29,2,7.3,False,0.0,312.08
14435,2025-01-06,59,10,3,2.7,True,256.5,115.43
14436,2025-01-06,59,21,3,31.3,True,2973.5,1338.08
14437,2025-01-06,59,29,3,0.7,False,0.0,29.92
14438,2025-01-13,59,21,3,31.1,True,2954.5,1329.52
14439,2025-01-13,59,29,3,5.2,False,0.0,222.3
14440,2025-01-20,59,12,2,17.3,True,1643.5,739.58
14441,2025-01-20,59,29,2,15.9,False,0.0,679.72
14442,2025-01-27,59,10,2,23.5,True,2232.5,1004.62
14443,2025-01-27,59,29,2,11.6,False,0.0,495.9
14444,2025-02-03,59,24,2,22.2,True,2109.0,949.05
14445,2025-02-03,59,29,2,9.7,False,0.0,414.67
14446,2025-02-10,59,25,1,18.5,True,1757.5,790.88
14447,2025-02-10,59,5,1,1.5,True,142.5,64.12
14448,2025-02-10,59,29,1,15.0,False,0.0,641.25
14449,2025-02-17,59,11,2,15.2,True,1444.0,649.8
14450,2025-02-17,59,16,2,10.7,True,1016.5,457.42
14451,2025-02-17,59,29,2,10.4,False,0.0,444.6
14452,2025-02-24,59,11,1,14.5,True,1377.5,619.88
14453,2025-02-24,59,24,1,12.7,True,1206.5,542.92
14454,2025-02-24,59,29,1,6.3,False,0.0,269.32
14455,2025-03-03,59,12,3,31.1,True,2954.5,1329.52
14456,2025-03-03,59,29,3,4.6,False,0.0,196.65
14457,2025-03-10,59,10,2,26.0,True,2470.0,1111.5
14458,2025-03-10,59,29,2,9.0,False,0.0,384.75
14459,2025-03-17,59,25,3,13.0,True,1235.0,555.75
14460,2025-03-17,59,24,3,17.9,True,1700.5,765.22
14461,2025-03-17,59,29,3,2.1,False,0.0,89.78
14462,2025-03-24,59,21,3,7.8,True,741.0,333.45
14463,2025-03-24,59,25,3,25.5,True,2422.5,1090.12
14464,2025-03-24,59,29,3,3.9,False,0.0,166.72
14465,2025-03-31,59,10,2,21.7,True,2061.5,927.68
14466,2025-03-31,59,29,2,14.1,False,0.0,602.78
14467,2025-04-07,59,21,2,26.1,True,2479.5,1115.78
14468,2025-04-07,59,29,2,7.5,False,0.0,320.62
14469,2025-04-14,59,16,2,30.2,True,2869.0,1291.05
14470,2025-04-14,59,29,2,7.4,False,0.0,316.35
14471,2025-04-21,59,11,2,24.4,True,2318.0,1043.1
14472,2025-04-21,59,29,2,12.7,False,0.0,542.92
14473,2025-04-28,59,24,1,23.4,True,2223.0,1000.35
14474,2025-04-28,59,29,1,13.3,False,0.0,568.58
14475,2025-05-05,59,22,2,25.0,True,2375.0,1068.75
14476,2025-05-05,59,29,2,11.7,False,0.0,500.17
14477,2025-05-12,59,10,2,20.3,True,1928.5,867.82
14478,2025-05-12,59,25,2,4.9,True,465.5,209.48
14479,2025-05-12,59,29,2,9.6,False,0.0,410.4
14480,2025-05-19,59,24,1,28.6,True,2717.0,1222.65
14481,2025-05-19,59,29,1,8.2,False,0.0,350.55
14482,2025-05-26,59,12,2,13.3,True,1263.5,568.58
14483,2025-05-26,59,24,2,18.0,True,1710.0,769.5
14484,2025-05-26,59,29,2,5.5,False,0.0,235.12
14485,2025-06-02,59,21,1,3.9,True,370.5,166.72
14486,2025-06-02,59,24,1,20.0,True,1900.0,855.0
14487,2025-06-02,59,29,1,9.4,False,0.0,401.85
14488,2025-06-09,59,5,2,21.4,True,2033.0,914.85
14489,2025-06-09,59,11,2,1.9,True,180.5,81.22
14490,2025-06-09,59,29,2,7.4,False,0.0,316.35
14491,2025-06-16,59,16,1,28.2,True,2679.0,1205.55
14492,2025-06-16,59,29,1,6.1,False,0.0,260.77
14493,2025-06-23,59,12,2,22.4,True,2128.0,957.6
14494,2025-06-23,59,24,2,4.3,True,408.5,183.82
14495,2025-06-23,59,29,2,4.4,False,0.0,188.1
14496,2025-06-30,59,5,2,22.1,True,2099.5,944.78
14497,2025-06-30,59,29,2,9.4,False,0.0,401.85
14498,2025-07-07,59,5,1,16.6,True,1577.0,709.65
14499,2025-07-07,59,29,1,1.1,False,0.0,47.03
14500,2025-07-14,59,8,2,17.7,True,1681.5,756.68
14501,2025-07-14,59,5,2,1.5,True,142.5,64.12
14502,2025-07-14,59,29,2,1.7,False,0.0,72.68
14503,2025-07-21,59,22,2,4.8,True,456.0,205.2
14504,2025-07-21,59,12,2,8.0,True,760.0,342.0
14505,2025-07-21,59,29,2,6.9,False,0.0,294.98
14506,2025-07-28,59,11,2,16.5,True,1567.5,705.38
14507,2025-07-28,59,29,2,6.2,False,0.0,265.05
14508,2025-08-04,59,21,1,15.7,True,1491.5,671.18
14509,2025-08-04,59,8,1,5.2,True,494.0,222.3
14510,2025-08-04,59,29,1,8.9,False,0.0,380.48
14511,2025-08-11,59,11,2,30.2,True,2869.0,1291.05
14512,2025-08-11,59,29,2,6.4,False,0.0,273.6
14513,2025-08-18,59,21,3,31.2,True,2964.0,1333.8
14514,2025-08-18,59,29,3,2.7,False,0.0,115.43
14515,2025-08-25,59,8,2,24.1,True,2289.5,1030.28
14516,2025-08-25,59,29,2,6.7,False,0.0,286.42
14517,2025-09-01,59,12,2,31.7,True,3011.5,1355.18
14518,2025-09-01,59,29,2,7.0,False,0.0,299.25
14519,2025-09-08,59,25,2,28.2,True,2679.0,1205.55
14520,2025-09-08,59,29,2,3.8,False,0.0,162.45
14521,2025-09-15,59,11,1,25.8,True,2451.0,1102.95
14522,2025-09-15,59,29,1,10.3,False,0.0,440.33
14523,2025-09-22,59,11,3,3.8,True,361.0,162.45
14524,2025-09-22,59,8,3,33.4,True,3173.0,1427.85
14525,2025-09-22,59,29,3,3.5,False,0.0,149.62
14526,2025-09-29,59,21,2,29.3,True,2783.5,1252.58
14527,2025-09-29,59,29,2,7.8,False,0.0,333.45
14528,2025-10-06,59,24,2,6.6,True,627.0,282.15
14529,2025-10-06,59,21,2,22.0,True,2090.0,940.5
14530,2025-10-06,59,29,2,8.2,False,0.0,350.55
14531,2025-10-13,59,5,2,26.0,True,2470.0,1111.5
14532,2025-10-13,59,29,2,7.7,False,0.0,329.18
14533,2025-10-20,59,11,3,29.3,True,2783.5,1252.58
14534,2025-10-20,59,29,3,5.5,False,0.0,235.12
14535,2025-10-27,59,8,1,32.3,True,3068.5,1380.82
14536,2025-10-27,59,29,1,3.8,False,0.0,162.45
14537,2025-11-03,59,21,1,20.7,True,1966.5,884.92
14538,2025-11-03,59,29,1,11.6,False,0.0,495.9
14539,2025-11-10,59,8,2,6.9,True,655.5,294.98
14540,2025-11-10,59,12,2,24.1,True,2289.5,1030.28
14541,2025-11-10,59,29,2,6.1,False,0.0,260.77
14542,2025-11-17,59,8,2,20.9,True,1985.5,893.47
14543,2025-11-17,59,16,2,11.6,True,1102.0,495.9
14544,2025-11-17,59,29,2,4.9,False,0.0,209.48
14545,2025-11-24,59,25,2,27.4,True,2603.0,1171.35
14546,2025-11-24,59,29,2,8.3,False,0.0,354.83
14547,2025-12-01,59,24,2,9.5,True,902.5,406.12
14548,2025-12-01,59,16,2,13.3,True,1263.5,568.58
14549,2025-12-01,59,29,2,4.2,False,0.0,179.55
14550,2025-12-08,59,8,3,25.3,True,2403.5,1081.58
14551,2025-12-08,59,29,3,2.3,False,0.0,98.32
14552,2025-12-15,59,21,1,23.7,True,2251.5,1013.18
14553,2025-12-15,59,29,1,5.6,False,0.0,239.4
14554,2025-12-22,59,21,1,5.2,True,494.0,222.3
14555,2025-12-22,59,25,1,14.2,True,1349.0,607.05
14556,2025-12-22,59,29,1,7.4,False,0.0,316.35
14557,2025-12-29,59,25,1,20.0,True,1900.0,855.0
14558,2025-12-29,59,29,1,8.4,False,0.0,359.1
14559,2024-01-01,60,15,2,13.9,True,1129.38,508.18
14560,2024-01-01,60,23,2,12.9,True,1048.12,471.62
14561,2024-01-01,60,17,2,8.5,False,0.0,310.76
14562,2024-01-08,60,19,2,23.4,True,1901.25,855.5
14563,2024-01-08,60,17,2,13.0,False,0.0,475.28
14564,2024-01-15,60,19,3,17.4,True,1413.75,636.14
14565,2024-01-15,60,23,3,10.2,True,828.75,372.91
14566,2024-01-15,60,17,3,3.9,False,0.0,142.58
14567,2024-01-22,60,19,2,27.4,True,2226.25,1001.74
14568,2024-01-22,60,17,2,11.2,False,0.0,409.47
14569,2024-01-29,60,23,2,24.3,True,1974.38,888.41
14570,2024-01-29,60,17,2,9.1,False,0.0,332.7
14571,2024-02-05,60,19,2,8.0,True,650.0,292.48
14572,2024-02-05,60,15,2,13.6,True,1105.0,497.22
14573,2024-02-05,60,17,2,12.8,False,0.0,467.97
14574,2024-02-12,60,23,3,21.7,True,1763.12,793.35
14575,2024-02-12,60,15,3,8.0,True,650.0,292.48
14576,2024-02-12,60,17,3,7.6,False,0.0,277.86
14577,2024-02-19,60,15,3,29.0,True,2356.25,1060.24
14578,2024-02-19,60,17,3,7.0,False,0.0,255.92
14579,2024-02-26,60,15,2,1.1,True,89.38,40.22
14580,2024-02-26,60,19,2,26.3,True,2136.88,961.53
14581,2024-02-26,60,17,2,11.7,False,0.0,427.75
14582,2024-03-04,60,15,3,14.8,True,1202.5,541.09
14583,2024-03-04,60,23,3,16.7,True,1356.88,610.55
14584,2024-03-04,60,17,3,4.0,False,0.0,146.24
14585,2024-03-11,60,15,1,11.3,True,918.13,413.13
14586,2024-03-11,60,23,1,18.8,True,1527.5,687.33
14587,2024-03-11,60,17,1,7.1,False,0.0,259.58
14588,2024-03-18,60,19,2,24.0,True,1950.0,877.44
14589,2024-03-18,60,17,2,10.0,False,0.0,365.6
14590,2024-03-25,60,15,3,4.8,True,390.0,175.49
14591,2024-03-25,60,19,3,22.2,True,1803.75,811.63
14592,2024-03-25,60,17,3,7.8,False,0.0,285.17
14593,2024-04-01,60,19,1,13.4,True,1088.75,489.9
14594,2024-04-01,60,23,1,12.8,True,1040.0,467.97
14595,2024-04-01,60,17,1,6.8,False,0.0,248.61
14596,2024-04-08,60,15,1,30.3,True,2461.88,1107.77
14597,2024-04-08,60,17,1,6.6,False,0.0,241.3
14598,2024-04-15,60,19,3,12.3,True,999.38,449.69
14599,2024-04-15,60,15,3,24.2,True,1966.25,884.75
14600,2024-04-15,60,17,3,1.4,False,0.0,51.18
14601,2024-04-22,60,19,3,30.3,True,2461.88,1107.77
14602,2024-04-22,60,17,3,5.5,False,0.0,201.08
14603,2024-04-29,60,23,2,26.1,True,2120.62,954.22
14604,2024-04-29,60,17,2,6.1,False,0.0,223.02
14605,2024-05-06,60,19,2,4.6,True,373.75,168.18
14606,2024-05-06,60,15,2,18.7,True,1519.38,683.67
14607,2024-05-06,60,17,2,9.1,False,0.0,332.7
14608,2024-05-13,60,15,3,31.5,True,2559.38,1151.64
14609,2024-05-13,60,17,3,4.7,False,0.0,171.83
14610,2024-05-20,60,15,2,7.5,True,609.38,274.2
14611,2024-05-20,60,19,2,22.6,True,1836.25,826.26
14612,2024-05-20,60,17,2,8.2,False,0.0,299.79
14613,2024-05-27,60,19,3,25.0,True,2031.25,914.0
14614,2024-05-27,60,17,3,7.7,False,0.0,281.51
14615,2024-06-03,60,23,2,22.1,True,1795.63,807.98
14616,2024-06-03,60,17,2,9.6,False,0.0,350.98
14617,2024-06-10,60,15,3,28.1,True,2283.12,1027.34
14618,2024-06-10,60,17,3,2.9,False,0.0,106.02
14619,2024-06-17,60,23,2,20.3,True,1649.38,742.17
14620,2024-06-17,60,17,2,11.8,False,0.0,431.41
14621,2024-06-24,60,15,2,27.5,True,2234.38,1005.4
14622,2024-06-24,60,17,2,6.1,False,0.0,223.02
14623,2024-07-01,60,19,2,0.7,True,56.87,25.59
14624,2024-07-01,60,15,2,13.0,True,1056.25,475.28
14625,2024-07-01,60,17,2,7.2,False,0.0,263.23
14626,2024-07-08,60,19,1,14.3,True,1161.88,522.81
14627,2024-07-08,60,17,1,7.2,False,0.0,263.23
14628,2024-07-15,60,15,2,11.9,True,966.88,435.06
14629,2024-07-15,60,19,2,0.5,True,40.62,18.28
14630,2024-07-15,60,17,2,6.3,False,0.0,230.33
14631,2024-07-22,60,23,1,13.9,True,1129.38,508.18
14632,2024-07-22,60,17,1,6.1,False,0.0,223.02
14633,2024-07-29,60,23,1,14.9,True,1210.62,544.74
14634,2024-07-29,60,17,1,7.4,False,0.0,270.54
14635,2024-08-05,60,15,3,28.7,True,2331.88,1049.27
14636,2024-08-05,60,17,3,2.7,False,0.0,98.71
14637,2024-08-12,60,19,3,27.0,True,2193.75,987.12
14638,2024-08-12,60,17,3,2.9,False,0.0,106.02
14639,2024-08-19,60,15,3,31.9,True,2591.88,1166.26
14640,2024-08-19,60,17,3,2.7,False,0.0,98.71
14641,2024-08-26,60,23,2,24.1,True,1958.13,881.1
14642,2024-08-26,60,17,2,8.8,False,0.0,321.73
14643,2024-09-02,60,15,2,30.9,True,2510.62,1129.7
14644,2024-09-02,60,17,2,4.4,False,0.0,160.86
14645,2024-09-09,60,15,1,30.9,True,2510.62,1129.7
14646,2024-09-09,60,17,1,5.8,False,0.0,212.05
14647,2024-09-16,60,23,3,2.9,True,235.62,106.02
14648,2024-09-16,60,15,3,27.8,True,2258.75,1016.37
14649,2024-09-16,60,17,3,8.6,False,0.0,314.42
14650,2024-09-23,60,19,3,37.0,True,3006.25,1352.72
14651,2024-09-23,60,17,3,1.6,False,0.0,58.5
14652,2024-09-30,60,19,3,33.1,True,2689.38,1210.14
14653,2024-09-30,60,17,3,4.8,False,0.0,175.49
14654,2024-10-07,60,19,2,27.1,True,2201.88,990.78
14655,2024-10-07,60,17,2,7.7,False,0.0,281.51
14656,2024-10-14,60,19,1,31.6,True,2567.5,1155.3
14657,2024-10-14,60,17,1,8.5,False,0.0,310.76
14658,2024-10-21,60,15,2,25.0,True,2031.25,914.0
14659,2024-10-21,60,17,2,10.5,False,0.0,383.88
14660,2024-10-28,60,23,2,19.6,True,1592.5,716.58
14661,2024-10-28,60,19,2,5.3,True,430.62,193.77
14662,2024-10-28,60,17,2,12.5,False,0.0,457.0
14663,2024-11-04,60,23,2,17.1,True,1389.38,625.18
14664,2024-11-04,60,15,2,7.3,True,593.12,266.89
14665,2024-11-04,60,17,2,11.6,False,0.0,424.1
14666,2024-11-11,60,23,2,24.4,True,1982.5,892.06
14667,2024-11-11,60,19,2,0.9,True,73.12,32.9
14668,2024-11-11,60,17,2,15.1,False,0.0,552.06
14669,2024-11-18,60,19,2,25.5,True,2071.88,932.28
14670,2024-11-18,60,17,2,13.4,False,0.0,489.9
14671,2024-11-25,60,19,2,7.1,True,576.88,259.58
14672,2024-11-25,60,23,2,20.3,True,1649.38,742.17
14673,2024-11-25,60,17,2,7.6,False,0.0,277.86
14674,2024-12-02,60,23,2,25.0,True,2031.25,914.0
14675,2024-12-02,60,17,2,7.0,False,0.0,255.92
14676,2024-12-09,60,23,2,19.5,True,1584.38,712.92
14677,2024-12-09,60,17,2,9.6,False,0.0,350.98
14678,2024-12-16,60,19,3,23.2,True,1885.0,848.19
14679,2024-12-16,60,17,3,3.3,False,0.0,120.65
14680,2024-12-23,60,23,1,21.0,True,1706.25,767.76
14681,2024-12-23,60,17,1,6.6,False,0.0,241.3
14682,2024-12-30,60,19,2,19.1,True,1551.88,698.3
14683,2024-12-30,60,17,2,10.4,False,0.0,380.22
14684,2025-01-06,60,19,3,27.5,True,2234.38,1005.4
14685,2025-01-06,60,17,3,8.7,False,0.0,318.07
14686,2025-01-13,60,19,3,30.6,True,2486.25,1118.74
14687,2025-01-13,60,17,3,5.9,False,0.0,215.7
14688,2025-01-20,60,19,1,17.6,True,1430.0,643.46
14689,2025-01-20,60,15,1,6.8,True,552.5,248.61
14690,2025-01-20,60,17,1,9.1,False,0.0,332.7
14691,2025-01-27,60,15,2,21.6,True,1755.0,789.7
14692,2025-01-27,60,23,2,4.3,True,349.38,157.21
14693,2025-01-27,60,17,2,7.5,False,0.0,274.2
14694,2025-02-03,60,15,1,26.9,True,2185.62,983.46
14695,2025-02-03,60,17,1,10.3,False,0.0,376.57
14696,2025-02-10,60,23,1,30.9,True,2510.62,1129.7
14697,2025-02-10,60,17,1,7.6,False,0.0,277.86
14698,2025-02-17,60,23,1,29.3,True,2380.62,1071.21
14699,2025-02-17,60,17,1,10.0,False,0.0,365.6
14700,2025-02-24,60,23,1,25.9,True,2104.38,946.9
14701,2025-02-24,60,17,1,11.5,False,0.0,420.44
14702,2025-03-03,60,23,1,26.4,True,2145.0,965.18
14703,2025-03-03,60,17,1,10.3,False,0.0,376.57
14704,2025-03-10,60,15,3,35.0,True,2843.75,1279.6
14705,2025-03-10,60,17,3,1.0,False,0.0,36.56
14706,2025-03-17,60,19,1,24.0,True,1950.0,877.44
14707,2025-03-17,60,17,1,10.0,False,0.0,365.6
14708,2025-03-24,60,19,2,21.6,True,1755.0,789.7
14709,2025-03-24,60,17,2,13.8,False,0.0,504.53
14710,2025-03-31,60,23,3,31.9,True,2591.88,1166.26
14711,2025-03-31,60,17,3,4.6,False,0.0,168.18
14712,2025-04-07,60,15,1,26.2,True,2128.75,957.87
14713,2025-04-07,60,17,1,8.5,False,0.0,310.76
14714,2025-04-14,60,23,2,11.1,True,901.88,405.82
14715,2025-04-14,60,15,2,9.0,True,731.25,329.04
14716,2025-04-14,60,17,2,12.9,False,0.0,471.62
14717,2025-04-21,60,19,1,20.8,True,1690.0,760.45
14718,2025-04-21,60,15,1,2.5,True,203.12,91.4
14719,2025-04-21,60,17,1,11.1,False,0.0,405.82
14720,2025-04-28,60,19,2,4.9,True,398.13,179.14
14721,2025-04-28,60,15,2,14.0,True,1137.5,511.84
14722,2025-04-28,60,17,2,16.1,False,0.0,588.62
14723,2025-05-05,60,23,2,25.0,True,2031.25,914.0
14724,2025-05-05,60,17,2,10.2,False,0.0,372.91
14725,2025-05-12,60,19,2,14.4,True,1170.0,526.46
14726,2025-05-12,60,23,2,12.3,True,999.38,449.69
14727,2025-05-12,60,17,2,9.5,False,0.0,347.32
14728,2025-05-19,60,15,3,24.2,True,1966.25,884.75
14729,2025-05-19,60,19,3,12.6,True,1023.75,460.66
14730,2025-05-19,60,17,3,0.7,False,0.0,25.59
14731,2025-05-26,60,19,2,27.0,True,2193.75,987.12
14732,2025-05-26,60,23,2,1.5,True,121.88,54.84
14733,2025-05-26,60,17,2,12.8,False,0.0,467.97
14734,2025-06-02,60,23,3,30.7,True,2494.38,1122.39
14735,2025-06-02,60,17,3,1.5,False,0.0,54.84
14736,2025-06-09,60,23,1,22.9,True,1860.62,837.22
14737,2025-06-09,60,17,1,10.8,False,0.0,394.85
14738,2025-06-16,60,23,1,23.9,True,1941.87,873.78
14739,2025-06-16,60,17,1,11.6,False,0.0,424.1
14740,2025-06-23,60,23,3,26.5,True,2153.12,968.84
14741,2025-06-23,60,17,3,6.2,False,0.0,226.67
14742,2025-06-30,60,19,3,33.7,True,2738.13,1232.07
14743,2025-06-30,60,17,3,0.7,False,0.0,25.59
14744,2025-07-07,60,23,2,19.1,True,1551.88,698.3
14745,2025-07-07,60,17,2,1.2,False,0.0,43.87
14746,2025-07-14,60,19,1,15.3,True,1243.12,559.37
14747,2025-07-14,60,17,1,5.0,False,0.0,182.8
14748,2025-07-21,60,23,3,16.9,True,1373.12,617.86
14749,2025-07-21,60,17,3,2.8,False,0.0,102.37
14750,2025-07-28,60,19,2,13.5,True,1096.88,493.56
14751,2025-07-28,60,17,2,5.9,False,0.0,215.7
14752,2025-08-04,60,15,3,23.2,True,1885.0,848.19
14753,2025-08-04,60,23,3,5.7,True,463.12,208.39
14754,2025-08-04,60,17,3,5.0,False,0.0,182.8
14755,2025-08-11,60,23,1,31.7,True,2575.62,1158.95
14756,2025-08-11,60,17,1,5.7,False,0.0,208.39
14757,2025-08-18,60,23,1,24.1,True,1958.13,881.1
14758,2025-08-18,60,17,1,8.7,False,0.0,318.07
14759,2025-08-25,60,15,1,13.8,True,1121.25,504.53
14760,2025-08-25,60,23,1,15.0,True,1218.75,548.4
14761,2025-08-25,60,17,1,6.7,False,0.0,244.95
14762,2025-09-01,60,15,3,35.5,True,2884.38,1297.88
14763,2025-09-01,60,17,3,4.1,False,0.0,149.9
14764,2025-09-08,60,23,2,27.6,True,2242.5,1009.06
14765,2025-09-08,60,17,2,8.8,False,0.0,321.73
14766,2025-09-15,60,19,3,31.0,True,2518.75,1133.36
14767,2025-09-15,60,17,3,4.6,False,0.0,168.18
14768,2025-09-22,60,15,3,31.3,True,2543.12,1144.33
14769,2025-09-22,60,17,3,5.3,False,0.0,193.77
14770,2025-09-29,60,19,1,23.6,True,1917.5,862.82
14771,2025-09-29,60,17,1,10.1,False,0.0,369.26
14772,2025-10-06,60,23,2,26.8,True,2177.5,979.81
14773,2025-10-06,60,17,2,11.8,False,0.0,431.41
14774,2025-10-13,60,15,2,25.1,True,2039.38,917.66
14775,2025-10-13,60,17,2,12.7,False,0.0,464.31
14776,2025-10-20,60,15,2,31.2,True,2535.0,1140.67
14777,2025-10-20,60,17,2,6.5,False,0.0,237.64
14778,2025-10-27,60,23,3,28.5,True,2315.62,1041.96
14779,2025-10-27,60,17,3,6.1,False,0.0,223.02
14780,2025-11-03,60,23,3,37.0,True,3006.25,1352.72
14781,2025-11-03,60,17,3,1.6,False,0.0,58.5
14782,2025-11-10,60,19,3,28.6,True,2323.75,1045.62
14783,2025-11-10,60,17,3,6.8,False,0.0,248.61
14784,2025-11-17,60,23,1,24.6,True,1998.75,899.38
14785,2025-11-17,60,17,1,10.8,False,0.0,394.85
14786,2025-11-24,60,19,1,24.9,True,2023.12,910.34
14787,2025-11-24,60,17,1,8.7,False,0.0,318.07
14788,2025-12-01,60,15,3,26.4,True,2145.0,965.18
14789,2025-12-01,60,19,3,0.6,True,48.75,21.94
14790,2025-12-01,60,17,3,4.1,False,0.0,149.9
14791,2025-12-08,60,15,1,22.6,True,1836.25,826.26
14792,2025-12-08,60,17,1,10.4,False,0.0,380.22
14793,2025-12-15,60,23,1,17.4,True,1413.75,636.14
14794,2025-12-15,60,17,1,10.7,False,0.0,391.19
14795,2025-12-22,60,23,3,21.1,True,1714.38,771.42
14796,2025-12-22,60,17,3,8.2,False,0.0,299.79
14797,2025-12-29,60,15,3,8.6,True,698.75,314.42
14798,2025-12-29,60,19,3,18.2,True,1478.75,665.39
14799,2025-12-29,60,17,3,4.2,False,0.0,153.55
